{"ts":"2026-04-05T08:52:59.557Z","level":"INFO","device":"868120018681","event":"CONNECTED","detail":"id:868120018681"}
{"ts":"2026-04-05T08:52:59.562Z","level":"INFO","device":"200000000001","event":"OBD2_CONNECTED","detail":"Binary Mode"}
{"ts":"2026-04-05T08:52:59.678Z","level":"INFO","device":"868120100002","event":"CONNECTED","detail":"id:868120100002"}
{"ts":"2026-04-05T08:52:59.688Z","level":"INFO","device":"200000000002","event":"OBD2_CONNECTED","detail":"Binary Mode"}
{"ts":"2026-04-05T08:52:59.784Z","level":"INFO","device":"200000000001","event":"SERVER_ACK","detail":"0x8100 Registration Reply Received"}
{"ts":"2026-04-05T08:52:59.813Z","level":"INFO","device":"868120018681","event":"RX_MSG","detail":"0x8001 bodyLen=5"}
{"ts":"2026-04-05T08:52:59.816Z","level":"INFO","device":"868120018681","event":"SERVER_ACK","detail":"0x0102 result=OK"}
{"ts":"2026-04-05T08:52:59.887Z","level":"INFO","device":"868120100002","event":"RX_MSG","detail":"0x8001 bodyLen=5"}
{"ts":"2026-04-05T08:52:59.887Z","level":"INFO","device":"868120100002","event":"SERVER_ACK","detail":"0x0102 result=OK"}
{"ts":"2026-04-05T08:52:59.888Z","level":"INFO","device":"200000000002","event":"SERVER_ACK","detail":"0x8100 Registration Reply Received"}
{"ts":"2026-04-05T08:53:00.282Z","level":"INFO","device":"200000000001","event":"SERVER_ACK","detail":"0x8001 Universal Reply Received"}
{"ts":"2026-04-05T08:53:00.388Z","level":"INFO","device":"200000000002","event":"SERVER_ACK","detail":"0x8001 Universal Reply Received"}
{"ts":"2026-04-05T08:53:14.355Z","level":"INFO","device":"200000000001","event":"OBD2_SENT_0x0200","detail":"Lat: 51.736663, Lng: 0.470209 | Speed: 39km/h | RPM: 2354"}
{"ts":"2026-04-05T08:53:14.493Z","level":"INFO","device":"200000000002","event":"OBD2_SENT_0x0200","detail":"Lat: 51.736696, Lng: 0.470321 | Speed: 41km/h | RPM: 2451"}
{"ts":"2026-04-05T08:53:14.577Z","level":"INFO","device":"200000000001","event":"SERVER_ACK","detail":"0x8001 Universal Reply Received"}
{"ts":"2026-04-05T08:53:14.691Z","level":"INFO","device":"200000000002","event":"SERVER_ACK","detail":"0x8001 Universal Reply Received"}
{"ts":"2026-04-05T08:53:19.351Z","level":"INFO","device":"868120018681","event":"GPS_SENT","detail":""}
{"ts":"2026-04-05T08:53:19.492Z","level":"INFO","device":"868120100002","event":"GPS_SENT","detail":""}
{"ts":"2026-04-05T08:53:19.563Z","level":"INFO","device":"868120018681","event":"RX_MSG","detail":"0x8001 bodyLen=5"}
{"ts":"2026-04-05T08:53:19.563Z","level":"INFO","device":"868120018681","event":"SERVER_ACK","detail":"0x0200 result=OK"}
{"ts":"2026-04-05T08:53:19.678Z","level":"INFO","device":"868120100002","event":"RX_MSG","detail":"0x8001 bodyLen=5"}
{"ts":"2026-04-05T08:53:19.679Z","level":"INFO","device":"868120100002","event":"SERVER_ACK","detail":"0x0200 result=OK"}
{"ts":"2026-04-05T08:53:22.076Z","level":"INFO","device":"868120018681","event":"RX_MSG","detail":"0x9101 bodyLen=20"}
{"ts":"2026-04-05T08:53:22.077Z","level":"INFO","device":"868120018681","event":"SENT_ACK","detail":"0x0001 acknowledging Live Stream Request"}
{"ts":"2026-04-05T08:53:22.078Z","level":"INFO","device":"868120018681","event":"LIVE_STREAM_REQ","detail":"Target: 54.37.225.65:3388 | Channel: 1"}
{"ts":"2026-04-05T08:53:22.078Z","level":"INFO","device":"868120018681","event":"LIVE_STREAM_CONNECTING","detail":"54.37.225.65:3388"}
{"ts":"2026-04-05T08:53:22.286Z","level":"INFO","device":"868120018681","event":"RX_MSG","detail":"0x9101 bodyLen=20"}
{"ts":"2026-04-05T08:53:22.286Z","level":"INFO","device":"868120018681","event":"SENT_ACK","detail":"0x0001 acknowledging Live Stream Request"}
{"ts":"2026-04-05T08:53:22.286Z","level":"INFO","device":"868120018681","event":"LIVE_STREAM_REQ","detail":"Target: 54.37.225.65:3388 | Channel: 1"}
{"ts":"2026-04-05T08:53:22.286Z","level":"INFO","device":"868120018681","event":"LIVE_STREAM_CONNECTING","detail":"54.37.225.65:3388"}
{"ts":"2026-04-05T08:53:22.496Z","level":"INFO","device":"868120018681","event":"LIVE_STREAM_CONNECTED","detail":"Pumping video for CH1... (BCD: 868120018681)"}
{"ts":"2026-04-05T08:53:29.346Z","level":"INFO","device":"200000000001","event":"HEARTBEAT_SENT","detail":"0x0002"}
{"ts":"2026-04-05T08:53:29.352Z","level":"INFO","device":"200000000001","event":"OBD2_SENT_0x0200","detail":"Lat: 51.737286, Lng: 0.472529 | Speed: 40km/h | RPM: 2386"}
{"ts":"2026-04-05T08:53:29.493Z","level":"INFO","device":"200000000002","event":"HEARTBEAT_SENT","detail":"0x0002"}
{"ts":"2026-04-05T08:53:29.494Z","level":"INFO","device":"200000000002","event":"OBD2_SENT_0x0200","detail":"Lat: 51.737309, Lng: 0.472623 | Speed: 39km/h | RPM: 2367"}
{"ts":"2026-04-05T08:53:29.561Z","level":"INFO","device":"200000000001","event":"SERVER_ACK","detail":"0x8001 Universal Reply Received"}
{"ts":"2026-04-05T08:53:29.691Z","level":"INFO","device":"200000000002","event":"SERVER_ACK","detail":"0x8001 Universal Reply Received"}
{"ts":"2026-04-05T08:53:29.912Z","level":"INFO","device":"200000000001","event":"SERVER_ACK","detail":"0x8001 Universal Reply Received"}
{"ts":"2026-04-05T08:53:30.020Z","level":"INFO","device":"200000000002","event":"SERVER_ACK","detail":"0x8001 Universal Reply Received"}
{"ts":"2026-04-05T08:53:32.364Z","level":"INFO","device":"868120018681","event":"RX_MSG","detail":"0x9101 bodyLen=20"}
{"ts":"2026-04-05T08:53:32.365Z","level":"INFO","device":"868120018681","event":"SENT_ACK","detail":"0x0001 acknowledging Live Stream Request"}
{"ts":"2026-04-05T08:53:32.365Z","level":"INFO","device":"868120018681","event":"LIVE_STREAM_REQ","detail":"Target: 54.37.225.65:3388 | Channel: 2"}
{"ts":"2026-04-05T08:53:32.366Z","level":"INFO","device":"868120018681","event":"LIVE_STREAM_CONNECTING","detail":"54.37.225.65:3388"}
{"ts":"2026-04-05T08:53:32.577Z","level":"INFO","device":"868120018681","event":"LIVE_STREAM_CONNECTED","detail":"Pumping video for CH2... (BCD: 868120018681)"}
{"ts":"2026-04-05T08:53:39.350Z","level":"INFO","device":"868120018681","event":"GPS_SENT","detail":""}
{"ts":"2026-04-05T08:53:39.493Z","level":"INFO","device":"868120100002","event":"GPS_SENT","detail":""}
{"ts":"2026-04-05T08:53:39.561Z","level":"INFO","device":"868120018681","event":"RX_MSG","detail":"0x8001 bodyLen=5"}
{"ts":"2026-04-05T08:53:39.562Z","level":"INFO","device":"868120018681","event":"SERVER_ACK","detail":"0x0200 result=OK"}
{"ts":"2026-04-05T08:53:39.678Z","level":"INFO","device":"868120100002","event":"RX_MSG","detail":"0x8001 bodyLen=5"}
{"ts":"2026-04-05T08:53:39.679Z","level":"INFO","device":"868120100002","event":"SERVER_ACK","detail":"0x0200 result=OK"}
{"ts":"2026-04-05T08:53:44.352Z","level":"INFO","device":"200000000001","event":"OBD2_SENT_0x0200","detail":"Lat: 51.737655, Lng: 0.474636 | Speed: 37km/h | RPM: 2295"}
{"ts":"2026-04-05T08:53:44.495Z","level":"INFO","device":"200000000002","event":"OBD2_SENT_0x0200","detail":"Lat: 51.737654, Lng: 0.474634 | Speed: 36km/h | RPM: 2227"}
{"ts":"2026-04-05T08:53:44.566Z","level":"INFO","device":"200000000001","event":"SERVER_ACK","detail":"0x8001 Universal Reply Received"}
{"ts":"2026-04-05T08:53:44.693Z","level":"INFO","device":"200000000002","event":"SERVER_ACK","detail":"0x8001 Universal Reply Received"}
{"ts":"2026-04-05T08:53:59.346Z","level":"INFO","device":"200000000001","event":"HEARTBEAT_SENT","detail":"0x0002"}
{"ts":"2026-04-05T08:53:59.349Z","level":"INFO","device":"868120018681","event":"GPS_SENT","detail":""}
{"ts":"2026-04-05T08:53:59.352Z","level":"INFO","device":"200000000001","event":"OBD2_SENT_0x0200","detail":"Lat: 51.737772, Lng: 0.476931 | Speed: 39km/h | RPM: 2348"}
{"ts":"2026-04-05T08:53:59.493Z","level":"INFO","device":"200000000002","event":"HEARTBEAT_SENT","detail":"0x0002"}
{"ts":"2026-04-05T08:53:59.494Z","level":"INFO","device":"868120100002","event":"GPS_SENT","detail":""}
{"ts":"2026-04-05T08:53:59.496Z","level":"INFO","device":"200000000002","event":"OBD2_SENT_0x0200","detail":"Lat: 51.737798, Lng: 0.476544 | Speed: 32km/h | RPM: 2088"}
{"ts":"2026-04-05T08:53:59.559Z","level":"INFO","device":"868120018681","event":"RX_MSG","detail":"0x8001 bodyLen=5"}
{"ts":"2026-04-05T08:53:59.560Z","level":"INFO","device":"868120018681","event":"SERVER_ACK","detail":"0x0200 result=OK"}
{"ts":"2026-04-05T08:53:59.562Z","level":"INFO","device":"200000000001","event":"SERVER_ACK","detail":"0x8001 Universal Reply Received"}
{"ts":"2026-04-05T08:53:59.680Z","level":"INFO","device":"868120100002","event":"RX_MSG","detail":"0x8001 bodyLen=5"}
{"ts":"2026-04-05T08:53:59.680Z","level":"INFO","device":"868120100002","event":"SERVER_ACK","detail":"0x0200 result=OK"}
{"ts":"2026-04-05T08:53:59.690Z","level":"INFO","device":"200000000002","event":"SERVER_ACK","detail":"0x8001 Universal Reply Received"}
{"ts":"2026-04-05T08:53:59.894Z","level":"INFO","device":"200000000001","event":"SERVER_ACK","detail":"0x8001 Universal Reply Received"}
{"ts":"2026-04-05T08:54:00.004Z","level":"INFO","device":"200000000002","event":"SERVER_ACK","detail":"0x8001 Universal Reply Received"}
{"ts":"2026-04-05T08:54:14.353Z","level":"INFO","device":"200000000001","event":"OBD2_SENT_0x0200","detail":"Lat: 51.737235, Lng: 0.479412 | Speed: 43km/h | RPM: 2509"}
{"ts":"2026-04-05T08:54:14.496Z","level":"INFO","device":"200000000002","event":"OBD2_SENT_0x0200","detail":"Lat: 51.737503, Lng: 0.478589 | Speed: 34km/h | RPM: 2155"}
{"ts":"2026-04-05T08:54:14.569Z","level":"INFO","device":"200000000001","event":"SERVER_ACK","detail":"0x8001 Universal Reply Received"}
{"ts":"2026-04-05T08:54:14.693Z","level":"INFO","device":"200000000002","event":"SERVER_ACK","detail":"0x8001 Universal Reply Received"}
{"ts":"2026-04-05T08:54:19.095Z","level":"INFO","device":"868120018681","event":"RX_MSG","detail":"0x9101 bodyLen=20"}
{"ts":"2026-04-05T08:54:19.095Z","level":"INFO","device":"868120018681","event":"SENT_ACK","detail":"0x0001 acknowledging Live Stream Request"}
{"ts":"2026-04-05T08:54:19.095Z","level":"INFO","device":"868120018681","event":"LIVE_STREAM_REQ","detail":"Target: 54.37.225.65:3388 | Channel: 1"}
{"ts":"2026-04-05T08:54:19.096Z","level":"INFO","device":"868120018681","event":"LIVE_STREAM_CONNECTING","detail":"54.37.225.65:3388"}
{"ts":"2026-04-05T08:54:19.306Z","level":"INFO","device":"868120018681","event":"LIVE_STREAM_CONNECTED","detail":"Pumping video for CH1... (BCD: 868120018681)"}
{"ts":"2026-04-05T08:54:19.349Z","level":"INFO","device":"868120018681","event":"GPS_SENT","detail":""}
{"ts":"2026-04-05T08:54:19.494Z","level":"INFO","device":"868120100002","event":"GPS_SENT","detail":""}
{"ts":"2026-04-05T08:54:19.562Z","level":"INFO","device":"868120018681","event":"RX_MSG","detail":"0x8001 bodyLen=5"}
{"ts":"2026-04-05T08:54:19.562Z","level":"INFO","device":"868120018681","event":"SERVER_ACK","detail":"0x0200 result=OK"}
{"ts":"2026-04-05T08:54:19.680Z","level":"INFO","device":"868120100002","event":"RX_MSG","detail":"0x8001 bodyLen=5"}
{"ts":"2026-04-05T08:54:19.681Z","level":"INFO","device":"868120100002","event":"SERVER_ACK","detail":"0x0200 result=OK"}
{"ts":"2026-04-05T08:54:29.346Z","level":"INFO","device":"200000000001","event":"HEARTBEAT_SENT","detail":"0x0002"}
{"ts":"2026-04-05T08:54:29.353Z","level":"INFO","device":"200000000001","event":"OBD2_SENT_0x0200","detail":"Lat: 51.735947, Lng: 0.481329 | Speed: 46km/h | RPM: 2644"}
{"ts":"2026-04-05T08:54:29.493Z","level":"INFO","device":"200000000002","event":"HEARTBEAT_SENT","detail":"0x0002"}
{"ts":"2026-04-05T08:54:29.496Z","level":"INFO","device":"200000000002","event":"OBD2_SENT_0x0200","detail":"Lat: 51.736788, Lng: 0.480283 | Speed: 36km/h | RPM: 2251"}
{"ts":"2026-04-05T08:54:29.558Z","level":"INFO","device":"200000000001","event":"SERVER_ACK","detail":"0x8001 Universal Reply Received"}
{"ts":"2026-04-05T08:54:29.690Z","level":"INFO","device":"200000000002","event":"SERVER_ACK","detail":"0x8001 Universal Reply Received"}
{"ts":"2026-04-05T08:54:29.873Z","level":"INFO","device":"200000000001","event":"SERVER_ACK","detail":"0x8001 Universal Reply Received"}
{"ts":"2026-04-05T08:54:30.014Z","level":"INFO","device":"200000000002","event":"SERVER_ACK","detail":"0x8001 Universal Reply Received"}
{"ts":"2026-04-05T08:54:39.350Z","level":"INFO","device":"868120018681","event":"GPS_SENT","detail":""}
{"ts":"2026-04-05T08:54:39.495Z","level":"INFO","device":"868120100002","event":"GPS_SENT","detail":""}
{"ts":"2026-04-05T08:54:39.561Z","level":"INFO","device":"868120018681","event":"RX_MSG","detail":"0x8001 bodyLen=5"}
{"ts":"2026-04-05T08:54:39.561Z","level":"INFO","device":"868120018681","event":"SERVER_ACK","detail":"0x0200 result=OK"}
{"ts":"2026-04-05T08:54:39.685Z","level":"INFO","device":"868120100002","event":"RX_MSG","detail":"0x8001 bodyLen=5"}
{"ts":"2026-04-05T08:54:39.685Z","level":"INFO","device":"868120100002","event":"SERVER_ACK","detail":"0x0200 result=OK"}
{"ts":"2026-04-05T08:54:40.422Z","level":"ERROR","device":"300000000001","event":"SOCKET_ERROR","detail":"ECONNREFUSED"}
{"ts":"2026-04-05T08:54:44.353Z","level":"INFO","device":"200000000001","event":"OBD2_SENT_0x0200","detail":"Lat: 51.734469, Lng: 0.483109 | Speed: 49km/h | RPM: 2780"}
{"ts":"2026-04-05T08:54:44.496Z","level":"INFO","device":"200000000002","event":"OBD2_SENT_0x0200","detail":"Lat: 51.735871, Lng: 0.481418 | Speed: 32km/h | RPM: 2070"}
{"ts":"2026-04-05T08:54:44.569Z","level":"INFO","device":"200000000001","event":"SERVER_ACK","detail":"0x8001 Universal Reply Received"}
{"ts":"2026-04-05T08:54:44.691Z","level":"INFO","device":"200000000002","event":"SERVER_ACK","detail":"0x8001 Universal Reply Received"}
{"ts":"2026-04-05T08:54:52.517Z","level":"ERROR","device":"300000000002","event":"SOCKET_ERROR","detail":"ECONNREFUSED"}
{"ts":"2026-04-05T08:54:59.347Z","level":"INFO","device":"200000000001","event":"HEARTBEAT_SENT","detail":"0x0002"}
{"ts":"2026-04-05T08:54:59.350Z","level":"INFO","device":"868120018681","event":"GPS_SENT","detail":""}
{"ts":"2026-04-05T08:54:59.354Z","level":"INFO","device":"200000000001","event":"OBD2_SENT_0x0200","detail":"Lat: 51.733415, Lng: 0.485549 | Speed: 50km/h | RPM: 2820"}
{"ts":"2026-04-05T08:54:59.494Z","level":"INFO","device":"200000000002","event":"HEARTBEAT_SENT","detail":"0x0002"}
{"ts":"2026-04-05T08:54:59.496Z","level":"INFO","device":"868120100002","event":"GPS_SENT","detail":""}
{"ts":"2026-04-05T08:54:59.496Z","level":"INFO","device":"200000000002","event":"OBD2_SENT_0x0200","detail":"Lat: 51.734964, Lng: 0.482475 | Speed: 30km/h | RPM: 1994"}
{"ts":"2026-04-05T08:54:59.560Z","level":"INFO","device":"200000000001","event":"SERVER_ACK","detail":"0x8001 Universal Reply Received"}
{"ts":"2026-04-05T08:54:59.562Z","level":"INFO","device":"868120018681","event":"RX_MSG","detail":"0x8001 bodyLen=5"}
{"ts":"2026-04-05T08:54:59.564Z","level":"INFO","device":"868120018681","event":"SERVER_ACK","detail":"0x0200 result=OK"}
{"ts":"2026-04-05T08:54:59.681Z","level":"INFO","device":"868120100002","event":"RX_MSG","detail":"0x8001 bodyLen=5"}
{"ts":"2026-04-05T08:54:59.682Z","level":"INFO","device":"868120100002","event":"SERVER_ACK","detail":"0x0200 result=OK"}
{"ts":"2026-04-05T08:54:59.691Z","level":"INFO","device":"200000000002","event":"SERVER_ACK","detail":"0x8001 Universal Reply Received"}
{"ts":"2026-04-05T08:54:59.889Z","level":"INFO","device":"200000000001","event":"SERVER_ACK","detail":"0x8001 Universal Reply Received"}
{"ts":"2026-04-05T08:55:00.030Z","level":"INFO","device":"200000000002","event":"SERVER_ACK","detail":"0x8001 Universal Reply Received"}
{"ts":"2026-04-05T08:55:14.354Z","level":"INFO","device":"200000000001","event":"OBD2_SENT_0x0200","detail":"Lat: 51.732717, Lng: 0.488349 | Speed: 46km/h | RPM: 2643"}
{"ts":"2026-04-05T08:55:14.497Z","level":"INFO","device":"200000000002","event":"OBD2_SENT_0x0200","detail":"Lat: 51.734198, Lng: 0.483543 | Speed: 28km/h | RPM: 1915"}
{"ts":"2026-04-05T08:55:14.570Z","level":"INFO","device":"200000000001","event":"SERVER_ACK","detail":"0x8001 Universal Reply Received"}
{"ts":"2026-04-05T08:55:14.694Z","level":"INFO","device":"200000000002","event":"SERVER_ACK","detail":"0x8001 Universal Reply Received"}
{"ts":"2026-04-05T08:55:19.351Z","level":"INFO","device":"868120018681","event":"GPS_SENT","detail":""}
{"ts":"2026-04-05T08:55:19.495Z","level":"INFO","device":"868120100002","event":"GPS_SENT","detail":""}
{"ts":"2026-04-05T08:55:19.561Z","level":"INFO","device":"868120018681","event":"RX_MSG","detail":"0x8001 bodyLen=5"}
{"ts":"2026-04-05T08:55:19.562Z","level":"INFO","device":"868120018681","event":"SERVER_ACK","detail":"0x0200 result=OK"}
{"ts":"2026-04-05T08:55:19.682Z","level":"INFO","device":"868120100002","event":"RX_MSG","detail":"0x8001 bodyLen=5"}
{"ts":"2026-04-05T08:55:19.682Z","level":"INFO","device":"868120100002","event":"SERVER_ACK","detail":"0x0200 result=OK"}
{"ts":"2026-04-05T08:55:29.346Z","level":"INFO","device":"200000000001","event":"HEARTBEAT_SENT","detail":"0x0002"}
{"ts":"2026-04-05T08:55:29.354Z","level":"INFO","device":"200000000001","event":"OBD2_SENT_0x0200","detail":"Lat: 51.731849, Lng: 0.490502 | Speed: 46km/h | RPM: 2642"}
{"ts":"2026-04-05T08:55:29.495Z","level":"INFO","device":"200000000002","event":"HEARTBEAT_SENT","detail":"0x0002"}
{"ts":"2026-04-05T08:55:29.498Z","level":"INFO","device":"200000000002","event":"OBD2_SENT_0x0200","detail":"Lat: 51.733603, Lng: 0.484924 | Speed: 29km/h | RPM: 1942"}
{"ts":"2026-04-05T08:55:29.560Z","level":"INFO","device":"200000000001","event":"SERVER_ACK","detail":"0x8001 Universal Reply Received"}
{"ts":"2026-04-05T08:55:29.690Z","level":"INFO","device":"200000000002","event":"SERVER_ACK","detail":"0x8001 Universal Reply Received"}
{"ts":"2026-04-05T08:55:29.864Z","level":"INFO","device":"200000000001","event":"SERVER_ACK","detail":"0x8001 Universal Reply Received"}
{"ts":"2026-04-05T08:55:30.035Z","level":"INFO","device":"200000000002","event":"SERVER_ACK","detail":"0x8001 Universal Reply Received"}
{"ts":"2026-04-05T08:55:39.350Z","level":"INFO","device":"868120018681","event":"GPS_SENT","detail":""}
{"ts":"2026-04-05T08:55:39.496Z","level":"INFO","device":"868120100002","event":"GPS_SENT","detail":""}
{"ts":"2026-04-05T08:55:39.561Z","level":"INFO","device":"868120018681","event":"RX_MSG","detail":"0x8001 bodyLen=5"}
{"ts":"2026-04-05T08:55:39.562Z","level":"INFO","device":"868120018681","event":"SERVER_ACK","detail":"0x0200 result=OK"}
{"ts":"2026-04-05T08:55:39.682Z","level":"INFO","device":"868120100002","event":"RX_MSG","detail":"0x8001 bodyLen=5"}
{"ts":"2026-04-05T08:55:39.682Z","level":"INFO","device":"868120100002","event":"SERVER_ACK","detail":"0x0200 result=OK"}
{"ts":"2026-04-05T08:55:44.355Z","level":"INFO","device":"200000000001","event":"OBD2_SENT_0x0200","detail":"Lat: 51.730428, Lng: 0.492736 | Speed: 49km/h | RPM: 2768"}
{"ts":"2026-04-05T08:55:44.499Z","level":"INFO","device":"200000000002","event":"OBD2_SENT_0x0200","detail":"Lat: 51.733239, Lng: 0.486404 | Speed: 27km/h | RPM: 1887"}
{"ts":"2026-04-05T08:55:44.569Z","level":"INFO","device":"200000000001","event":"SERVER_ACK","detail":"0x8001 Universal Reply Received"}
{"ts":"2026-04-05T08:55:44.699Z","level":"INFO","device":"200000000002","event":"SERVER_ACK","detail":"0x8001 Universal Reply Received"}
{"ts":"2026-04-05T08:55:59.346Z","level":"INFO","device":"200000000001","event":"HEARTBEAT_SENT","detail":"0x0002"}
{"ts":"2026-04-05T08:55:59.351Z","level":"INFO","device":"868120018681","event":"GPS_SENT","detail":""}
{"ts":"2026-04-05T08:55:59.354Z","level":"INFO","device":"200000000001","event":"OBD2_SENT_0x0200","detail":"Lat: 51.728735, Lng: 0.494480 | Speed: 49km/h | RPM: 2742"}
{"ts":"2026-04-05T08:55:59.495Z","level":"INFO","device":"200000000002","event":"HEARTBEAT_SENT","detail":"0x0002"}
{"ts":"2026-04-05T08:55:59.498Z","level":"INFO","device":"868120100002","event":"GPS_SENT","detail":""}
{"ts":"2026-04-05T08:55:59.499Z","level":"INFO","device":"200000000002","event":"OBD2_SENT_0x0200","detail":"Lat: 51.732809, Lng: 0.488074 | Speed: 25km/h | RPM: 1789"}
{"ts":"2026-04-05T08:55:59.562Z","level":"INFO","device":"868120018681","event":"RX_MSG","detail":"0x8001 bodyLen=5"}
{"ts":"2026-04-05T08:55:59.563Z","level":"INFO","device":"868120018681","event":"SERVER_ACK","detail":"0x0200 result=OK"}
{"ts":"2026-04-05T08:55:59.567Z","level":"INFO","device":"200000000001","event":"SERVER_ACK","detail":"0x8001 Universal Reply Received"}
{"ts":"2026-04-05T08:55:59.685Z","level":"INFO","device":"868120100002","event":"RX_MSG","detail":"0x8001 bodyLen=5"}
{"ts":"2026-04-05T08:55:59.685Z","level":"INFO","device":"868120100002","event":"SERVER_ACK","detail":"0x0200 result=OK"}
{"ts":"2026-04-05T08:55:59.691Z","level":"INFO","device":"200000000002","event":"SERVER_ACK","detail":"0x8001 Universal Reply Received"}
{"ts":"2026-04-05T08:55:59.911Z","level":"INFO","device":"200000000001","event":"SERVER_ACK","detail":"0x8001 Universal Reply Received"}
{"ts":"2026-04-05T08:56:00.020Z","level":"INFO","device":"200000000002","event":"SERVER_ACK","detail":"0x8001 Universal Reply Received"}
{"ts":"2026-04-05T08:56:14.354Z","level":"INFO","device":"200000000001","event":"OBD2_SENT_0x0200","detail":"Lat: 51.726928, Lng: 0.495536 | Speed: 50km/h | RPM: 2798"}
{"ts":"2026-04-05T08:56:14.499Z","level":"INFO","device":"200000000002","event":"OBD2_SENT_0x0200","detail":"Lat: 51.732290, Lng: 0.489525 | Speed: 29km/h | RPM: 1968"}
{"ts":"2026-04-05T08:56:14.568Z","level":"INFO","device":"200000000001","event":"SERVER_ACK","detail":"0x8001 Universal Reply Received"}
{"ts":"2026-04-05T08:56:14.697Z","level":"INFO","device":"200000000002","event":"SERVER_ACK","detail":"0x8001 Universal Reply Received"}
{"ts":"2026-04-05T08:56:19.351Z","level":"INFO","device":"868120018681","event":"GPS_SENT","detail":""}
{"ts":"2026-04-05T08:56:19.498Z","level":"INFO","device":"868120100002","event":"GPS_SENT","detail":""}
{"ts":"2026-04-05T08:56:19.562Z","level":"INFO","device":"868120018681","event":"RX_MSG","detail":"0x8001 bodyLen=5"}
{"ts":"2026-04-05T08:56:19.562Z","level":"INFO","device":"868120018681","event":"SERVER_ACK","detail":"0x0200 result=OK"}
{"ts":"2026-04-05T08:56:19.684Z","level":"INFO","device":"868120100002","event":"RX_MSG","detail":"0x8001 bodyLen=5"}
{"ts":"2026-04-05T08:56:19.684Z","level":"INFO","device":"868120100002","event":"SERVER_ACK","detail":"0x0200 result=OK"}
{"ts":"2026-04-05T08:56:29.347Z","level":"INFO","device":"200000000001","event":"HEARTBEAT_SENT","detail":"0x0002"}
{"ts":"2026-04-05T08:56:29.354Z","level":"INFO","device":"200000000001","event":"OBD2_SENT_0x0200","detail":"Lat: 51.724965, Lng: 0.496127 | Speed: 55km/h | RPM: 2993"}
{"ts":"2026-04-05T08:56:29.495Z","level":"INFO","device":"200000000002","event":"HEARTBEAT_SENT","detail":"0x0002"}
{"ts":"2026-04-05T08:56:29.500Z","level":"INFO","device":"200000000002","event":"OBD2_SENT_0x0200","detail":"Lat: 51.731665, Lng: 0.490869 | Speed: 26km/h | RPM: 1858"}
{"ts":"2026-04-05T08:56:29.561Z","level":"INFO","device":"200000000001","event":"SERVER_ACK","detail":"0x8001 Universal Reply Received"}
{"ts":"2026-04-05T08:56:29.692Z","level":"INFO","device":"200000000002","event":"SERVER_ACK","detail":"0x8001 Universal Reply Received"}
{"ts":"2026-04-05T08:56:29.879Z","level":"INFO","device":"200000000001","event":"SERVER_ACK","detail":"0x8001 Universal Reply Received"}
{"ts":"2026-04-05T08:56:30.019Z","level":"INFO","device":"200000000002","event":"SERVER_ACK","detail":"0x8001 Universal Reply Received"}
{"ts":"2026-04-05T08:56:39.351Z","level":"INFO","device":"868120018681","event":"GPS_SENT","detail":""}
{"ts":"2026-04-05T08:56:39.498Z","level":"INFO","device":"868120100002","event":"GPS_SENT","detail":""}
{"ts":"2026-04-05T08:56:39.562Z","level":"INFO","device":"868120018681","event":"RX_MSG","detail":"0x8001 bodyLen=5"}
{"ts":"2026-04-05T08:56:39.563Z","level":"INFO","device":"868120018681","event":"SERVER_ACK","detail":"0x0200 result=OK"}
{"ts":"2026-04-05T08:56:39.684Z","level":"INFO","device":"868120100002","event":"RX_MSG","detail":"0x8001 bodyLen=5"}
{"ts":"2026-04-05T08:56:39.684Z","level":"INFO","device":"868120100002","event":"SERVER_ACK","detail":"0x0200 result=OK"}
{"ts":"2026-04-05T08:56:44.354Z","level":"INFO","device":"200000000001","event":"OBD2_SENT_0x0200","detail":"Lat: 51.722747, Lng: 0.496841 | Speed: 60km/h | RPM: 3186"}
{"ts":"2026-04-05T08:56:44.500Z","level":"INFO","device":"200000000002","event":"OBD2_SENT_0x0200","detail":"Lat: 51.730912, Lng: 0.492113 | Speed: 27km/h | RPM: 1867"}
{"ts":"2026-04-05T08:56:44.572Z","level":"INFO","device":"200000000001","event":"SERVER_ACK","detail":"0x8001 Universal Reply Received"}
{"ts":"2026-04-05T08:56:44.697Z","level":"INFO","device":"200000000002","event":"SERVER_ACK","detail":"0x8001 Universal Reply Received"}
{"ts":"2026-04-05T08:56:59.348Z","level":"INFO","device":"200000000001","event":"HEARTBEAT_SENT","detail":"0x0002"}
{"ts":"2026-04-05T08:56:59.351Z","level":"INFO","device":"868120018681","event":"GPS_SENT","detail":""}
{"ts":"2026-04-05T08:56:59.355Z","level":"INFO","device":"200000000001","event":"OBD2_SENT_0x0200","detail":"Lat: 51.720545, Lng: 0.498044 | Speed: 61km/h | RPM: 3221"}
{"ts":"2026-04-05T08:56:59.492Z","level":"INFO","device":"868120100002","event":"INCIDENT_SENT","detail":"mediaId=1 alarmId=86812010000200260405085659010200"}
{"ts":"2026-04-05T08:56:59.495Z","level":"INFO","device":"200000000002","event":"HEARTBEAT_SENT","detail":"0x0002"}
{"ts":"2026-04-05T08:56:59.498Z","level":"INFO","device":"868120100002","event":"GPS_SENT","detail":""}
{"ts":"2026-04-05T08:56:59.500Z","level":"INFO","device":"200000000002","event":"OBD2_SENT_0x0200","detail":"Lat: 51.730201, Lng: 0.493012 | Speed: 24km/h | RPM: 1754"}
{"ts":"2026-04-05T08:56:59.560Z","level":"INFO","device":"200000000001","event":"SERVER_ACK","detail":"0x8001 Universal Reply Received"}
{"ts":"2026-04-05T08:56:59.562Z","level":"INFO","device":"868120018681","event":"RX_MSG","detail":"0x8001 bodyLen=5"}
{"ts":"2026-04-05T08:56:59.563Z","level":"INFO","device":"868120018681","event":"SERVER_ACK","detail":"0x0200 result=OK"}
{"ts":"2026-04-05T08:56:59.678Z","level":"INFO","device":"868120100002","event":"RX_MSG","detail":"0x8001 bodyLen=5"}
{"ts":"2026-04-05T08:56:59.678Z","level":"INFO","device":"868120100002","event":"SERVER_ACK","detail":"0x0200 result=OK"}
{"ts":"2026-04-05T08:56:59.693Z","level":"INFO","device":"200000000002","event":"SERVER_ACK","detail":"0x8001 Universal Reply Received"}
{"ts":"2026-04-05T08:56:59.895Z","level":"INFO","device":"200000000001","event":"SERVER_ACK","detail":"0x8001 Universal Reply Received"}
{"ts":"2026-04-05T08:56:59.995Z","level":"INFO","device":"868120100002","event":"RX_MSG","detail":"0x9208 bodyLen=81"}
{"ts":"2026-04-05T08:56:59.995Z","level":"INFO","device":"868120100002","event":"9208_RAW","detail":"0C35342E33372E3232352E36350D3C000086812010000200260405085659010200383638313230313030303032303032363034303530383536353930313032303000000000000000000000000000000000"}
{"ts":"2026-04-05T08:56:59.995Z","level":"INFO","device":"868120100002","event":"UPLOAD_TRIGGERED","detail":"media: 54.37.225.65:3388 | alarmId: 86812010000200260405085659010200"}
{"ts":"2026-04-05T08:56:59.996Z","level":"INFO","device":"868120100002","event":"MEDIA_CONNECTING","detail":"54.37.225.65:3388 files=2"}
{"ts":"2026-04-05T08:56:59.996Z","level":"INFO","device":"868120100002","event":"RX_MSG","detail":"0x8001 bodyLen=5"}
{"ts":"2026-04-05T08:56:59.996Z","level":"INFO","device":"868120100002","event":"SERVER_ACK","detail":"0x0800 result=OK"}
{"ts":"2026-04-05T08:56:59.996Z","level":"INFO","device":"868120100002","event":"RX_MSG","detail":"0x8001 bodyLen=5"}
{"ts":"2026-04-05T08:56:59.996Z","level":"INFO","device":"868120100002","event":"SERVER_ACK","detail":"0x0200 result=OK"}
{"ts":"2026-04-05T08:57:00.036Z","level":"INFO","device":"200000000002","event":"SERVER_ACK","detail":"0x8001 Universal Reply Received"}
{"ts":"2026-04-05T08:57:00.198Z","level":"INFO","device":"868120100002","event":"MEDIA_CONNECTED","detail":"54.37.225.65:3388"}
{"ts":"2026-04-05T08:57:00.199Z","level":"INFO","device":"868120100002","event":"FILE_START","detail":"[1/2] 00_64_6401_00_86812010000200260405085659010200.jpg (215 bytes)"}
{"ts":"2026-04-05T08:57:00.199Z","level":"INFO","device":"868120100002","event":"SENT_1210","detail":"00_64_6401_00_86812010000200260405085659010200.jpg"}
{"ts":"2026-04-05T08:57:00.299Z","level":"INFO","device":"868120100002","event":"SENT_RAW_MARKER","detail":"00_64_6401_00_86812010000200260405085659010200.jpg packet=277 bytes data=215 bytes"}
{"ts":"2026-04-05T08:57:00.300Z","level":"INFO","device":"868120100002","event":"SENT_1212","detail":"00_64_6401_00_86812010000200260405085659010200.jpg type=0"}
{"ts":"2026-04-05T08:57:00.402Z","level":"INFO","device":"868120100002","event":"MEDIA_RX","detail":"7E 80 01 00 05 86 81 20 10 00 02 FE A9 00 00 12 10 00 E4 7E"}
{"ts":"2026-04-05T08:57:00.600Z","level":"INFO","device":"868120100002","event":"FILE_START","detail":"[2/2] 02_64_6401_03_86812010000200260405085659010200.mp4 (65536 bytes)"}
{"ts":"2026-04-05T08:57:00.600Z","level":"INFO","device":"868120100002","event":"SENT_1210","detail":"02_64_6401_03_86812010000200260405085659010200.mp4"}
{"ts":"2026-04-05T08:57:00.602Z","level":"INFO","device":"868120100002","event":"MEDIA_RX","detail":"7E 92 12 00 36 86 81 20 10 00 02 FB C2 32 30 30 5F 36 34 5F 36 34 30 31 5F 30 30 5F 38 36 38 31 32 30 31 30 30 30 30 32 30 30 32 36 30 34 30 35 30 38 35 36 35 39 30 31 30 32 30 30 2E 6A 70 67 00 00 00 DD 7E"}
{"ts":"2026-04-05T08:57:00.701Z","level":"INFO","device":"868120100002","event":"SENT_RAW_MARKER","detail":"02_64_6401_03_86812010000200260405085659010200.mp4 packet=65598 bytes data=65536 bytes"}
{"ts":"2026-04-05T08:57:00.701Z","level":"INFO","device":"868120100002","event":"SENT_1212","detail":"02_64_6401_03_86812010000200260405085659010200.mp4 type=2"}
{"ts":"2026-04-05T08:57:00.904Z","level":"INFO","device":"868120100002","event":"MEDIA_RX","detail":"7E 80 01 00 05 86 81 20 10 00 02 52 5A 00 02 12 10 00 B9 7E"}
{"ts":"2026-04-05T08:57:01.001Z","level":"INFO","device":"868120100002","event":"BATCH_COMPLETE","detail":"All 2 files sent"}
{"ts":"2026-04-05T08:57:01.408Z","level":"ERROR","device":"868120100002","event":"MEDIA_ERROR","detail":"54.37.225.65:3388 — read ECONNRESET"}
{"ts":"2026-04-05T08:57:01.409Z","level":"INFO","device":"868120100002","event":"MEDIA_CLOSED","detail":""}
{"ts":"2026-04-05T08:57:14.355Z","level":"INFO","device":"200000000001","event":"OBD2_SENT_0x0200","detail":"Lat: 51.718574, Lng: 0.499989 | Speed: 63km/h | RPM: 3304"}
{"ts":"2026-04-05T08:57:14.499Z","level":"INFO","device":"200000000002","event":"OBD2_SENT_0x0200","detail":"Lat: 51.729323, Lng: 0.493958 | Speed: 28km/h | RPM: 1917"}
{"ts":"2026-04-05T08:57:14.569Z","level":"INFO","device":"200000000001","event":"SERVER_ACK","detail":"0x8001 Universal Reply Received"}
{"ts":"2026-04-05T08:57:14.697Z","level":"INFO","device":"200000000002","event":"SERVER_ACK","detail":"0x8001 Universal Reply Received"}
{"ts":"2026-04-05T08:57:19.352Z","level":"INFO","device":"868120018681","event":"GPS_SENT","detail":""}
{"ts":"2026-04-05T08:57:19.499Z","level":"INFO","device":"868120100002","event":"GPS_SENT","detail":""}
{"ts":"2026-04-05T08:57:19.562Z","level":"INFO","device":"868120018681","event":"RX_MSG","detail":"0x8001 bodyLen=5"}
{"ts":"2026-04-05T08:57:19.562Z","level":"INFO","device":"868120018681","event":"SERVER_ACK","detail":"0x0200 result=OK"}
{"ts":"2026-04-05T08:57:19.685Z","level":"INFO","device":"868120100002","event":"RX_MSG","detail":"0x8001 bodyLen=5"}
{"ts":"2026-04-05T08:57:19.685Z","level":"INFO","device":"868120100002","event":"SERVER_ACK","detail":"0x0200 result=OK"}
{"ts":"2026-04-05T08:57:29.348Z","level":"INFO","device":"200000000001","event":"HEARTBEAT_SENT","detail":"0x0002"}
{"ts":"2026-04-05T08:57:29.356Z","level":"INFO","device":"200000000001","event":"OBD2_SENT_0x0200","detail":"Lat: 51.717091, Lng: 0.502654 | Speed: 59km/h | RPM: 3160"}
{"ts":"2026-04-05T08:57:29.496Z","level":"INFO","device":"200000000002","event":"HEARTBEAT_SENT","detail":"0x0002"}
{"ts":"2026-04-05T08:57:29.499Z","level":"INFO","device":"200000000002","event":"OBD2_SENT_0x0200","detail":"Lat: 51.728248, Lng: 0.494811 | Speed: 32km/h | RPM: 2067"}
{"ts":"2026-04-05T08:57:29.560Z","level":"INFO","device":"200000000001","event":"SERVER_ACK","detail":"0x8001 Universal Reply Received"}
{"ts":"2026-04-05T08:57:29.692Z","level":"INFO","device":"200000000002","event":"SERVER_ACK","detail":"0x8001 Universal Reply Received"}
{"ts":"2026-04-05T08:57:29.874Z","level":"INFO","device":"200000000001","event":"SERVER_ACK","detail":"0x8001 Universal Reply Received"}
{"ts":"2026-04-05T08:57:30.015Z","level":"INFO","device":"200000000002","event":"SERVER_ACK","detail":"0x8001 Universal Reply Received"}
{"ts":"2026-04-05T08:57:39.352Z","level":"INFO","device":"868120018681","event":"GPS_SENT","detail":""}
{"ts":"2026-04-05T08:57:39.500Z","level":"INFO","device":"868120100002","event":"GPS_SENT","detail":""}
{"ts":"2026-04-05T08:57:39.563Z","level":"INFO","device":"868120018681","event":"RX_MSG","detail":"0x8001 bodyLen=5"}
{"ts":"2026-04-05T08:57:39.564Z","level":"INFO","device":"868120018681","event":"SERVER_ACK","detail":"0x0200 result=OK"}
{"ts":"2026-04-05T08:57:39.686Z","level":"INFO","device":"868120100002","event":"RX_MSG","detail":"0x8001 bodyLen=5"}
{"ts":"2026-04-05T08:57:39.686Z","level":"INFO","device":"868120100002","event":"SERVER_ACK","detail":"0x0200 result=OK"}
{"ts":"2026-04-05T08:57:44.356Z","level":"INFO","device":"200000000001","event":"OBD2_SENT_0x0200","detail":"Lat: 51.716031, Lng: 0.505441 | Speed: 56km/h | RPM: 3041"}
{"ts":"2026-04-05T08:57:44.501Z","level":"INFO","device":"200000000002","event":"OBD2_SENT_0x0200","detail":"Lat: 51.727226, Lng: 0.495387 | Speed: 29km/h | RPM: 1964"}
{"ts":"2026-04-05T08:57:44.567Z","level":"INFO","device":"200000000001","event":"SERVER_ACK","detail":"0x8001 Universal Reply Received"}
{"ts":"2026-04-05T08:57:44.696Z","level":"INFO","device":"200000000002","event":"SERVER_ACK","detail":"0x8001 Universal Reply Received"}
{"ts":"2026-04-05T08:57:59.348Z","level":"INFO","device":"200000000001","event":"HEARTBEAT_SENT","detail":"0x0002"}
{"ts":"2026-04-05T08:57:59.351Z","level":"INFO","device":"868120018681","event":"GPS_SENT","detail":""}
{"ts":"2026-04-05T08:57:59.357Z","level":"INFO","device":"200000000001","event":"OBD2_SENT_0x0200","detail":"Lat: 51.715143, Lng: 0.508735 | Speed: 60km/h | RPM: 3199"}
{"ts":"2026-04-05T08:57:59.496Z","level":"INFO","device":"200000000002","event":"HEARTBEAT_SENT","detail":"0x0002"}
{"ts":"2026-04-05T08:57:59.500Z","level":"INFO","device":"868120100002","event":"GPS_SENT","detail":""}
{"ts":"2026-04-05T08:57:59.501Z","level":"INFO","device":"200000000002","event":"OBD2_SENT_0x0200","detail":"Lat: 51.726043, Lng: 0.495867 | Speed: 33km/h | RPM: 2121"}
{"ts":"2026-04-05T08:57:59.531Z","level":"ERROR","device":"300000000001","event":"SOCKET_ERROR","detail":"ECONNREFUSED"}
{"ts":"2026-04-05T08:57:59.561Z","level":"INFO","device":"868120018681","event":"RX_MSG","detail":"0x8001 bodyLen=5"}
{"ts":"2026-04-05T08:57:59.561Z","level":"INFO","device":"868120018681","event":"SERVER_ACK","detail":"0x0200 result=OK"}
{"ts":"2026-04-05T08:57:59.569Z","level":"INFO","device":"200000000001","event":"SERVER_ACK","detail":"0x8001 Universal Reply Received"}
{"ts":"2026-04-05T08:57:59.686Z","level":"INFO","device":"868120100002","event":"RX_MSG","detail":"0x8001 bodyLen=5"}
{"ts":"2026-04-05T08:57:59.686Z","level":"INFO","device":"868120100002","event":"SERVER_ACK","detail":"0x0200 result=OK"}
{"ts":"2026-04-05T08:57:59.691Z","level":"INFO","device":"200000000002","event":"SERVER_ACK","detail":"0x8001 Universal Reply Received"}
{"ts":"2026-04-05T08:57:59.705Z","level":"ERROR","device":"300000000002","event":"SOCKET_ERROR","detail":"ECONNREFUSED"}
{"ts":"2026-04-05T08:57:59.917Z","level":"INFO","device":"200000000001","event":"SERVER_ACK","detail":"0x8001 Universal Reply Received"}
{"ts":"2026-04-05T08:58:00.028Z","level":"INFO","device":"200000000002","event":"SERVER_ACK","detail":"0x8001 Universal Reply Received"}
{"ts":"2026-04-05T08:58:14.357Z","level":"INFO","device":"200000000001","event":"OBD2_SENT_0x0200","detail":"Lat: 51.714465, Lng: 0.511897 | Speed: 55km/h | RPM: 3013"}
{"ts":"2026-04-05T08:58:14.501Z","level":"INFO","device":"200000000002","event":"OBD2_SENT_0x0200","detail":"Lat: 51.724744, Lng: 0.496171 | Speed: 35km/h | RPM: 2210"}
{"ts":"2026-04-05T08:58:14.574Z","level":"INFO","device":"200000000001","event":"SERVER_ACK","detail":"0x8001 Universal Reply Received"}
{"ts":"2026-04-05T08:58:14.699Z","level":"INFO","device":"200000000002","event":"SERVER_ACK","detail":"0x8001 Universal Reply Received"}
{"ts":"2026-04-05T08:58:19.352Z","level":"INFO","device":"868120018681","event":"GPS_SENT","detail":""}
{"ts":"2026-04-05T08:58:19.501Z","level":"INFO","device":"868120100002","event":"GPS_SENT","detail":""}
{"ts":"2026-04-05T08:58:19.563Z","level":"INFO","device":"868120018681","event":"RX_MSG","detail":"0x8001 bodyLen=5"}
{"ts":"2026-04-05T08:58:19.565Z","level":"INFO","device":"868120018681","event":"SERVER_ACK","detail":"0x0200 result=OK"}
{"ts":"2026-04-05T08:58:19.686Z","level":"INFO","device":"868120100002","event":"RX_MSG","detail":"0x8001 bodyLen=5"}
{"ts":"2026-04-05T08:58:19.687Z","level":"INFO","device":"868120100002","event":"SERVER_ACK","detail":"0x0200 result=OK"}
{"ts":"2026-04-05T08:58:29.349Z","level":"INFO","device":"200000000001","event":"HEARTBEAT_SENT","detail":"0x0002"}
{"ts":"2026-04-05T08:58:29.357Z","level":"INFO","device":"200000000001","event":"OBD2_SENT_0x0200","detail":"Lat: 51.713956, Lng: 0.515308 | Speed: 60km/h | RPM: 3187"}
{"ts":"2026-04-05T08:58:29.496Z","level":"INFO","device":"200000000002","event":"HEARTBEAT_SENT","detail":"0x0002"}
{"ts":"2026-04-05T08:58:29.500Z","level":"INFO","device":"200000000002","event":"OBD2_SENT_0x0200","detail":"Lat: 51.723360, Lng: 0.496596 | Speed: 37km/h | RPM: 2289"}
{"ts":"2026-04-05T08:58:29.559Z","level":"INFO","device":"200000000001","event":"SERVER_ACK","detail":"0x8001 Universal Reply Received"}
{"ts":"2026-04-05T08:58:29.693Z","level":"INFO","device":"200000000002","event":"SERVER_ACK","detail":"0x8001 Universal Reply Received"}
{"ts":"2026-04-05T08:58:29.882Z","level":"INFO","device":"200000000001","event":"SERVER_ACK","detail":"0x8001 Universal Reply Received"}
{"ts":"2026-04-05T08:58:30.022Z","level":"INFO","device":"200000000002","event":"SERVER_ACK","detail":"0x8001 Universal Reply Received"}
{"ts":"2026-04-05T08:58:39.353Z","level":"INFO","device":"868120018681","event":"GPS_SENT","detail":""}
{"ts":"2026-04-05T08:58:39.502Z","level":"INFO","device":"868120100002","event":"GPS_SENT","detail":""}
{"ts":"2026-04-05T08:58:39.563Z","level":"INFO","device":"868120018681","event":"RX_MSG","detail":"0x8001 bodyLen=5"}
{"ts":"2026-04-05T08:58:39.564Z","level":"INFO","device":"868120018681","event":"SERVER_ACK","detail":"0x0200 result=OK"}
{"ts":"2026-04-05T08:58:39.689Z","level":"INFO","device":"868120100002","event":"RX_MSG","detail":"0x8001 bodyLen=5"}
{"ts":"2026-04-05T08:58:39.689Z","level":"INFO","device":"868120100002","event":"SERVER_ACK","detail":"0x0200 result=OK"}
{"ts":"2026-04-05T08:58:44.358Z","level":"INFO","device":"200000000001","event":"OBD2_SENT_0x0200","detail":"Lat: 51.736733, Lng: 0.470442 | Speed: 63km/h | RPM: 3305"}
{"ts":"2026-04-05T08:58:44.501Z","level":"INFO","device":"200000000002","event":"OBD2_SENT_0x0200","detail":"Lat: 51.722027, Lng: 0.497187 | Speed: 37km/h | RPM: 2266"}
{"ts":"2026-04-05T08:58:44.572Z","level":"INFO","device":"200000000001","event":"SERVER_ACK","detail":"0x8001 Universal Reply Received"}
{"ts":"2026-04-05T08:58:44.699Z","level":"INFO","device":"200000000002","event":"SERVER_ACK","detail":"0x8001 Universal Reply Received"}
{"ts":"2026-04-05T08:58:59.349Z","level":"INFO","device":"200000000001","event":"HEARTBEAT_SENT","detail":"0x0002"}
{"ts":"2026-04-05T08:58:59.353Z","level":"INFO","device":"868120018681","event":"GPS_SENT","detail":""}
{"ts":"2026-04-05T08:58:59.359Z","level":"INFO","device":"200000000001","event":"OBD2_SENT_0x0200","detail":"Lat: 51.737618, Lng: 0.474343 | Speed: 66km/h | RPM: 3437"}
{"ts":"2026-04-05T08:58:59.497Z","level":"INFO","device":"200000000002","event":"HEARTBEAT_SENT","detail":"0x0002"}
{"ts":"2026-04-05T08:58:59.501Z","level":"INFO","device":"868120100002","event":"GPS_SENT","detail":""}
{"ts":"2026-04-05T08:58:59.502Z","level":"INFO","device":"200000000002","event":"OBD2_SENT_0x0200","detail":"Lat: 51.720604, Lng: 0.497998 | Speed: 40km/h | RPM: 2390"}
{"ts":"2026-04-05T08:58:59.561Z","level":"INFO","device":"200000000001","event":"SERVER_ACK","detail":"0x8001 Universal Reply Received"}
{"ts":"2026-04-05T08:58:59.565Z","level":"INFO","device":"868120018681","event":"RX_MSG","detail":"0x8001 bodyLen=5"}
{"ts":"2026-04-05T08:58:59.565Z","level":"INFO","device":"868120018681","event":"SERVER_ACK","detail":"0x0200 result=OK"}
{"ts":"2026-04-05T08:58:59.687Z","level":"INFO","device":"868120100002","event":"RX_MSG","detail":"0x8001 bodyLen=5"}
{"ts":"2026-04-05T08:58:59.688Z","level":"INFO","device":"868120100002","event":"SERVER_ACK","detail":"0x0200 result=OK"}
{"ts":"2026-04-05T08:58:59.693Z","level":"INFO","device":"200000000002","event":"SERVER_ACK","detail":"0x8001 Universal Reply Received"}
{"ts":"2026-04-05T08:58:59.898Z","level":"INFO","device":"200000000001","event":"SERVER_ACK","detail":"0x8001 Universal Reply Received"}
{"ts":"2026-04-05T08:59:00.039Z","level":"INFO","device":"200000000002","event":"SERVER_ACK","detail":"0x8001 Universal Reply Received"}
{"ts":"2026-04-05T08:59:14.358Z","level":"INFO","device":"200000000001","event":"OBD2_SENT_0x0200","detail":"Lat: 51.737587, Lng: 0.478251 | Speed: 66km/h | RPM: 3435"}
{"ts":"2026-04-05T08:59:14.502Z","level":"INFO","device":"200000000002","event":"OBD2_SENT_0x0200","detail":"Lat: 51.719224, Lng: 0.499218 | Speed: 40km/h | RPM: 2420"}
{"ts":"2026-04-05T08:59:14.575Z","level":"INFO","device":"200000000001","event":"SERVER_ACK","detail":"0x8001 Universal Reply Received"}
{"ts":"2026-04-05T08:59:14.702Z","level":"INFO","device":"200000000002","event":"SERVER_ACK","detail":"0x8001 Universal Reply Received"}
{"ts":"2026-04-05T08:59:19.353Z","level":"INFO","device":"868120018681","event":"GPS_SENT","detail":""}
{"ts":"2026-04-05T08:59:19.502Z","level":"INFO","device":"868120100002","event":"GPS_SENT","detail":""}
{"ts":"2026-04-05T08:59:19.564Z","level":"INFO","device":"868120018681","event":"RX_MSG","detail":"0x8001 bodyLen=5"}
{"ts":"2026-04-05T08:59:19.566Z","level":"INFO","device":"868120018681","event":"SERVER_ACK","detail":"0x0200 result=OK"}
{"ts":"2026-04-05T08:59:19.688Z","level":"INFO","device":"868120100002","event":"RX_MSG","detail":"0x8001 bodyLen=5"}
{"ts":"2026-04-05T08:59:19.688Z","level":"INFO","device":"868120100002","event":"SERVER_ACK","detail":"0x0200 result=OK"}
{"ts":"2026-04-05T08:59:29.348Z","level":"INFO","device":"200000000001","event":"HEARTBEAT_SENT","detail":"0x0002"}
{"ts":"2026-04-05T08:59:29.358Z","level":"INFO","device":"200000000001","event":"OBD2_SENT_0x0200","detail":"Lat: 51.736092, Lng: 0.481159 | Speed: 67km/h | RPM: 3484"}
{"ts":"2026-04-05T08:59:29.497Z","level":"INFO","device":"200000000002","event":"HEARTBEAT_SENT","detail":"0x0002"}
{"ts":"2026-04-05T08:59:29.502Z","level":"INFO","device":"200000000002","event":"OBD2_SENT_0x0200","detail":"Lat: 51.718053, Lng: 0.500771 | Speed: 41km/h | RPM: 2422"}
{"ts":"2026-04-05T08:59:29.562Z","level":"INFO","device":"200000000001","event":"SERVER_ACK","detail":"0x8001 Universal Reply Received"}
{"ts":"2026-04-05T08:59:29.700Z","level":"INFO","device":"200000000002","event":"SERVER_ACK","detail":"0x8001 Universal Reply Received"}
{"ts":"2026-04-05T08:59:29.874Z","level":"INFO","device":"200000000001","event":"SERVER_ACK","detail":"0x8001 Universal Reply Received"}
{"ts":"2026-04-05T08:59:30.014Z","level":"INFO","device":"200000000002","event":"SERVER_ACK","detail":"0x8001 Universal Reply Received"}
{"ts":"2026-04-05T08:59:39.354Z","level":"INFO","device":"868120018681","event":"GPS_SENT","detail":""}
{"ts":"2026-04-05T08:59:39.502Z","level":"INFO","device":"868120100002","event":"GPS_SENT","detail":""}
{"ts":"2026-04-05T08:59:39.565Z","level":"INFO","device":"868120018681","event":"RX_MSG","detail":"0x8001 bodyLen=5"}
{"ts":"2026-04-05T08:59:39.565Z","level":"INFO","device":"868120018681","event":"SERVER_ACK","detail":"0x0200 result=OK"}
{"ts":"2026-04-05T08:59:39.688Z","level":"INFO","device":"868120100002","event":"RX_MSG","detail":"0x8001 bodyLen=5"}
{"ts":"2026-04-05T08:59:39.688Z","level":"INFO","device":"868120100002","event":"SERVER_ACK","detail":"0x0200 result=OK"}
{"ts":"2026-04-05T08:59:44.360Z","level":"INFO","device":"200000000001","event":"OBD2_SENT_0x0200","detail":"Lat: 51.734136, Lng: 0.483642 | Speed: 67km/h | RPM: 3498"}
{"ts":"2026-04-05T08:59:44.501Z","level":"INFO","device":"200000000002","event":"OBD2_SENT_0x0200","detail":"Lat: 51.716983, Lng: 0.502907 | Speed: 45km/h | RPM: 2610"}
{"ts":"2026-04-05T08:59:44.571Z","level":"INFO","device":"200000000001","event":"SERVER_ACK","detail":"0x8001 Universal Reply Received"}
{"ts":"2026-04-05T08:59:44.699Z","level":"INFO","device":"200000000002","event":"SERVER_ACK","detail":"0x8001 Universal Reply Received"}
{"ts":"2026-04-05T08:59:59.350Z","level":"INFO","device":"200000000001","event":"HEARTBEAT_SENT","detail":"0x0002"}
{"ts":"2026-04-05T08:59:59.355Z","level":"INFO","device":"868120018681","event":"GPS_SENT","detail":""}
{"ts":"2026-04-05T08:59:59.360Z","level":"INFO","device":"200000000001","event":"OBD2_SENT_0x0200","detail":"Lat: 51.733117, Lng: 0.486933 | Speed: 63km/h | RPM: 3317"}
{"ts":"2026-04-05T08:59:59.497Z","level":"INFO","device":"200000000002","event":"HEARTBEAT_SENT","detail":"0x0002"}
{"ts":"2026-04-05T08:59:59.503Z","level":"INFO","device":"200000000002","event":"OBD2_SENT_0x0200","detail":"Lat: 51.716182, Lng: 0.504970 | Speed: 41km/h | RPM: 2459"}
{"ts":"2026-04-05T08:59:59.505Z","level":"INFO","device":"868120100002","event":"GPS_SENT","detail":""}
{"ts":"2026-04-05T08:59:59.574Z","level":"INFO","device":"868120018681","event":"RX_MSG","detail":"0x8001 bodyLen=5"}
{"ts":"2026-04-05T08:59:59.574Z","level":"INFO","device":"868120018681","event":"SERVER_ACK","detail":"0x0200 result=OK"}
{"ts":"2026-04-05T08:59:59.579Z","level":"INFO","device":"200000000001","event":"SERVER_ACK","detail":"0x8001 Universal Reply Received"}
{"ts":"2026-04-05T08:59:59.691Z","level":"INFO","device":"868120100002","event":"RX_MSG","detail":"0x8001 bodyLen=5"}
{"ts":"2026-04-05T08:59:59.692Z","level":"INFO","device":"868120100002","event":"SERVER_ACK","detail":"0x0200 result=OK"}
{"ts":"2026-04-05T08:59:59.693Z","level":"INFO","device":"200000000002","event":"SERVER_ACK","detail":"0x8001 Universal Reply Received"}
{"ts":"2026-04-05T08:59:59.917Z","level":"INFO","device":"200000000001","event":"SERVER_ACK","detail":"0x8001 Universal Reply Received"}
{"ts":"2026-04-05T09:00:00.026Z","level":"INFO","device":"200000000002","event":"SERVER_ACK","detail":"0x8001 Universal Reply Received"}
{"ts":"2026-04-05T09:00:14.360Z","level":"INFO","device":"200000000001","event":"OBD2_SENT_0x0200","detail":"Lat: 51.732040, Lng: 0.490121 | Speed: 61km/h | RPM: 3232"}
{"ts":"2026-04-05T09:00:14.502Z","level":"INFO","device":"200000000002","event":"OBD2_SENT_0x0200","detail":"Lat: 51.715513, Lng: 0.507256 | Speed: 44km/h | RPM: 2545"}
{"ts":"2026-04-05T09:00:14.574Z","level":"INFO","device":"200000000001","event":"SERVER_ACK","detail":"0x8001 Universal Reply Received"}
{"ts":"2026-04-05T09:00:14.699Z","level":"INFO","device":"200000000002","event":"SERVER_ACK","detail":"0x8001 Universal Reply Received"}
{"ts":"2026-04-05T09:00:19.355Z","level":"INFO","device":"868120018681","event":"GPS_SENT","detail":""}
{"ts":"2026-04-05T09:00:19.505Z","level":"INFO","device":"868120100002","event":"GPS_SENT","detail":""}
{"ts":"2026-04-05T09:00:19.566Z","level":"INFO","device":"868120018681","event":"RX_MSG","detail":"0x8001 bodyLen=5"}
{"ts":"2026-04-05T09:00:19.569Z","level":"INFO","device":"868120018681","event":"SERVER_ACK","detail":"0x0200 result=OK"}
{"ts":"2026-04-05T09:00:19.691Z","level":"INFO","device":"868120100002","event":"RX_MSG","detail":"0x8001 bodyLen=5"}
{"ts":"2026-04-05T09:00:19.691Z","level":"INFO","device":"868120100002","event":"SERVER_ACK","detail":"0x0200 result=OK"}
{"ts":"2026-04-05T09:00:29.349Z","level":"INFO","device":"200000000001","event":"HEARTBEAT_SENT","detail":"0x0002"}
{"ts":"2026-04-05T09:00:29.361Z","level":"INFO","device":"200000000001","event":"OBD2_SENT_0x0200","detail":"Lat: 51.730190, Lng: 0.493023 | Speed: 64km/h | RPM: 3363"}
{"ts":"2026-04-05T09:00:29.497Z","level":"INFO","device":"200000000002","event":"HEARTBEAT_SENT","detail":"0x0002"}
{"ts":"2026-04-05T09:00:29.501Z","level":"INFO","device":"200000000002","event":"OBD2_SENT_0x0200","detail":"Lat: 51.714896, Lng: 0.509887 | Speed: 48km/h | RPM: 2716"}
{"ts":"2026-04-05T09:00:29.560Z","level":"INFO","device":"200000000001","event":"SERVER_ACK","detail":"0x8001 Universal Reply Received"}
{"ts":"2026-04-05T09:00:29.693Z","level":"INFO","device":"200000000002","event":"SERVER_ACK","detail":"0x8001 Universal Reply Received"}
{"ts":"2026-04-05T09:00:29.883Z","level":"INFO","device":"200000000001","event":"SERVER_ACK","detail":"0x8001 Universal Reply Received"}
{"ts":"2026-04-05T09:00:29.992Z","level":"INFO","device":"200000000002","event":"SERVER_ACK","detail":"0x8001 Universal Reply Received"}
{"ts":"2026-04-05T09:00:39.354Z","level":"INFO","device":"868120018681","event":"GPS_SENT","detail":""}
{"ts":"2026-04-05T09:00:39.506Z","level":"INFO","device":"868120100002","event":"GPS_SENT","detail":""}
{"ts":"2026-04-05T09:00:39.565Z","level":"INFO","device":"868120018681","event":"RX_MSG","detail":"0x8001 bodyLen=5"}
{"ts":"2026-04-05T09:00:39.566Z","level":"INFO","device":"868120018681","event":"SERVER_ACK","detail":"0x0200 result=OK"}
{"ts":"2026-04-05T09:00:39.692Z","level":"INFO","device":"868120100002","event":"RX_MSG","detail":"0x8001 bodyLen=5"}
{"ts":"2026-04-05T09:00:39.692Z","level":"INFO","device":"868120100002","event":"SERVER_ACK","detail":"0x0200 result=OK"}
{"ts":"2026-04-05T09:00:44.361Z","level":"INFO","device":"200000000001","event":"OBD2_SENT_0x0200","detail":"Lat: 51.728062, Lng: 0.494923 | Speed: 62km/h | RPM: 3299"}
{"ts":"2026-04-05T09:00:44.501Z","level":"INFO","device":"200000000002","event":"OBD2_SENT_0x0200","detail":"Lat: 51.714310, Lng: 0.512831 | Speed: 52km/h | RPM: 2860"}
{"ts":"2026-04-05T09:00:44.575Z","level":"INFO","device":"200000000001","event":"SERVER_ACK","detail":"0x8001 Universal Reply Received"}
{"ts":"2026-04-05T09:00:44.698Z","level":"INFO","device":"200000000002","event":"SERVER_ACK","detail":"0x8001 Universal Reply Received"}
{"ts":"2026-04-05T09:00:59.350Z","level":"INFO","device":"200000000001","event":"HEARTBEAT_SENT","detail":"0x0002"}
{"ts":"2026-04-05T09:00:59.355Z","level":"INFO","device":"868120018681","event":"GPS_SENT","detail":""}
{"ts":"2026-04-05T09:00:59.362Z","level":"INFO","device":"200000000001","event":"OBD2_SENT_0x0200","detail":"Lat: 51.725857, Lng: 0.495923 | Speed: 63km/h | RPM: 3311"}
{"ts":"2026-04-05T09:00:59.498Z","level":"INFO","device":"200000000002","event":"HEARTBEAT_SENT","detail":"0x0002"}
{"ts":"2026-04-05T09:00:59.502Z","level":"INFO","device":"200000000002","event":"OBD2_SENT_0x0200","detail":"Lat: 51.713871, Lng: 0.515900 | Speed: 52km/h | RPM: 2883"}
{"ts":"2026-04-05T09:00:59.507Z","level":"INFO","device":"868120100002","event":"GPS_SENT","detail":""}
{"ts":"2026-04-05T09:00:59.562Z","level":"INFO","device":"200000000001","event":"SERVER_ACK","detail":"0x8001 Universal Reply Received"}
{"ts":"2026-04-05T09:00:59.565Z","level":"INFO","device":"868120018681","event":"RX_MSG","detail":"0x8001 bodyLen=5"}
{"ts":"2026-04-05T09:00:59.565Z","level":"INFO","device":"868120018681","event":"SERVER_ACK","detail":"0x0200 result=OK"}
{"ts":"2026-04-05T09:00:59.693Z","level":"INFO","device":"200000000002","event":"SERVER_ACK","detail":"0x8001 Universal Reply Received"}
{"ts":"2026-04-05T09:00:59.694Z","level":"INFO","device":"868120100002","event":"RX_MSG","detail":"0x8001 bodyLen=5"}
{"ts":"2026-04-05T09:00:59.694Z","level":"INFO","device":"868120100002","event":"SERVER_ACK","detail":"0x0200 result=OK"}
{"ts":"2026-04-05T09:00:59.900Z","level":"INFO","device":"200000000001","event":"SERVER_ACK","detail":"0x8001 Universal Reply Received"}
{"ts":"2026-04-05T09:01:00.012Z","level":"INFO","device":"200000000002","event":"SERVER_ACK","detail":"0x8001 Universal Reply Received"}
{"ts":"2026-04-05T09:01:14.360Z","level":"INFO","device":"200000000001","event":"OBD2_SENT_0x0200","detail":"Lat: 51.723448, Lng: 0.496561 | Speed: 65km/h | RPM: 3416"}
{"ts":"2026-04-05T09:01:14.503Z","level":"INFO","device":"200000000002","event":"OBD2_SENT_0x0200","detail":"Lat: 51.736748, Lng: 0.470495 | Speed: 54km/h | RPM: 2949"}
{"ts":"2026-04-05T09:01:14.574Z","level":"INFO","device":"200000000001","event":"SERVER_ACK","detail":"0x8001 Universal Reply Received"}
{"ts":"2026-04-05T09:01:14.703Z","level":"INFO","device":"200000000002","event":"SERVER_ACK","detail":"0x8001 Universal Reply Received"}
{"ts":"2026-04-05T09:01:19.355Z","level":"INFO","device":"868120018681","event":"GPS_SENT","detail":""}
{"ts":"2026-04-05T09:01:19.508Z","level":"INFO","device":"868120100002","event":"GPS_SENT","detail":""}
{"ts":"2026-04-05T09:01:19.567Z","level":"INFO","device":"868120018681","event":"RX_MSG","detail":"0x8001 bodyLen=5"}
{"ts":"2026-04-05T09:01:19.567Z","level":"INFO","device":"868120018681","event":"SERVER_ACK","detail":"0x0200 result=OK"}
{"ts":"2026-04-05T09:01:19.695Z","level":"INFO","device":"868120100002","event":"RX_MSG","detail":"0x8001 bodyLen=5"}
{"ts":"2026-04-05T09:01:19.695Z","level":"INFO","device":"868120100002","event":"SERVER_ACK","detail":"0x0200 result=OK"}
{"ts":"2026-04-05T09:01:29.349Z","level":"INFO","device":"200000000001","event":"HEARTBEAT_SENT","detail":"0x0002"}
{"ts":"2026-04-05T09:01:29.360Z","level":"INFO","device":"200000000001","event":"OBD2_SENT_0x0200","detail":"Lat: 51.721076, Lng: 0.497714 | Speed: 65km/h | RPM: 3408"}
{"ts":"2026-04-05T09:01:29.498Z","level":"INFO","device":"200000000002","event":"HEARTBEAT_SENT","detail":"0x0002"}
{"ts":"2026-04-05T09:01:29.503Z","level":"INFO","device":"200000000002","event":"OBD2_SENT_0x0200","detail":"Lat: 51.737484, Lng: 0.473504 | Speed: 51km/h | RPM: 2833"}
{"ts":"2026-04-05T09:01:29.560Z","level":"INFO","device":"200000000001","event":"SERVER_ACK","detail":"0x8001 Universal Reply Received"}
{"ts":"2026-04-05T09:01:29.694Z","level":"INFO","device":"200000000002","event":"SERVER_ACK","detail":"0x8001 Universal Reply Received"}
{"ts":"2026-04-05T09:01:29.889Z","level":"INFO","device":"200000000001","event":"SERVER_ACK","detail":"0x8001 Universal Reply Received"}
{"ts":"2026-04-05T09:01:29.998Z","level":"INFO","device":"200000000002","event":"SERVER_ACK","detail":"0x8001 Universal Reply Received"}
{"ts":"2026-04-05T09:01:39.354Z","level":"INFO","device":"868120018681","event":"GPS_SENT","detail":""}
{"ts":"2026-04-05T09:01:39.509Z","level":"INFO","device":"868120100002","event":"GPS_SENT","detail":""}
{"ts":"2026-04-05T09:01:39.565Z","level":"INFO","device":"868120018681","event":"RX_MSG","detail":"0x8001 bodyLen=5"}
{"ts":"2026-04-05T09:01:39.565Z","level":"INFO","device":"868120018681","event":"SERVER_ACK","detail":"0x0200 result=OK"}
{"ts":"2026-04-05T09:01:39.696Z","level":"INFO","device":"868120100002","event":"RX_MSG","detail":"0x8001 bodyLen=5"}
{"ts":"2026-04-05T09:01:39.696Z","level":"INFO","device":"868120100002","event":"SERVER_ACK","detail":"0x0200 result=OK"}
{"ts":"2026-04-05T09:01:44.361Z","level":"INFO","device":"200000000001","event":"OBD2_SENT_0x0200","detail":"Lat: 51.718777, Lng: 0.499714 | Speed: 68km/h | RPM: 3523"}
{"ts":"2026-04-05T09:01:44.504Z","level":"INFO","device":"200000000002","event":"OBD2_SENT_0x0200","detail":"Lat: 51.737798, Lng: 0.476548 | Speed: 52km/h | RPM: 2884"}
{"ts":"2026-04-05T09:01:44.575Z","level":"INFO","device":"200000000001","event":"SERVER_ACK","detail":"0x8001 Universal Reply Received"}
{"ts":"2026-04-05T09:01:44.699Z","level":"INFO","device":"200000000002","event":"SERVER_ACK","detail":"0x8001 Universal Reply Received"}
{"ts":"2026-04-05T09:01:59.350Z","level":"INFO","device":"200000000001","event":"HEARTBEAT_SENT","detail":"0x0002"}
{"ts":"2026-04-05T09:01:59.354Z","level":"INFO","device":"868120018681","event":"GPS_SENT","detail":""}
{"ts":"2026-04-05T09:01:59.361Z","level":"INFO","device":"200000000001","event":"OBD2_SENT_0x0200","detail":"Lat: 51.716998, Lng: 0.502871 | Speed: 71km/h | RPM: 3625"}
{"ts":"2026-04-05T09:01:59.499Z","level":"INFO","device":"200000000002","event":"HEARTBEAT_SENT","detail":"0x0002"}
{"ts":"2026-04-05T09:01:59.504Z","level":"INFO","device":"200000000002","event":"OBD2_SENT_0x0200","detail":"Lat: 51.737115, Lng: 0.479712 | Speed: 55km/h | RPM: 2990"}
{"ts":"2026-04-05T09:01:59.508Z","level":"INFO","device":"868120100002","event":"GPS_SENT","detail":""}
{"ts":"2026-04-05T09:01:59.560Z","level":"INFO","device":"200000000001","event":"SERVER_ACK","detail":"0x8001 Universal Reply Received"}
{"ts":"2026-04-05T09:01:59.564Z","level":"INFO","device":"868120018681","event":"RX_MSG","detail":"0x8001 bodyLen=5"}
{"ts":"2026-04-05T09:01:59.565Z","level":"INFO","device":"868120018681","event":"SERVER_ACK","detail":"0x0200 result=OK"}
{"ts":"2026-04-05T09:01:59.693Z","level":"INFO","device":"868120100002","event":"RX_MSG","detail":"0x8001 bodyLen=5"}
{"ts":"2026-04-05T09:01:59.693Z","level":"INFO","device":"868120100002","event":"SERVER_ACK","detail":"0x0200 result=OK"}
{"ts":"2026-04-05T09:01:59.697Z","level":"INFO","device":"200000000002","event":"SERVER_ACK","detail":"0x8001 Universal Reply Received"}
{"ts":"2026-04-05T09:01:59.873Z","level":"INFO","device":"200000000001","event":"SERVER_ACK","detail":"0x8001 Universal Reply Received"}
{"ts":"2026-04-05T09:02:00.044Z","level":"INFO","device":"200000000002","event":"SERVER_ACK","detail":"0x8001 Universal Reply Received"}
{"ts":"2026-04-05T09:02:14.361Z","level":"INFO","device":"200000000001","event":"OBD2_SENT_0x0200","detail":"Lat: 51.715761, Lng: 0.506387 | Speed: 71km/h | RPM: 3628"}
{"ts":"2026-04-05T09:02:14.505Z","level":"INFO","device":"200000000002","event":"OBD2_SENT_0x0200","detail":"Lat: 51.735583, Lng: 0.481754 | Speed: 52km/h | RPM: 2886"}
{"ts":"2026-04-05T09:02:14.574Z","level":"INFO","device":"200000000001","event":"SERVER_ACK","detail":"0x8001 Universal Reply Received"}
{"ts":"2026-04-05T09:02:14.702Z","level":"INFO","device":"200000000002","event":"SERVER_ACK","detail":"0x8001 Universal Reply Received"}
{"ts":"2026-04-05T09:02:19.355Z","level":"INFO","device":"868120018681","event":"GPS_SENT","detail":""}
{"ts":"2026-04-05T09:02:19.509Z","level":"INFO","device":"868120100002","event":"GPS_SENT","detail":""}
{"ts":"2026-04-05T09:02:19.565Z","level":"INFO","device":"868120018681","event":"RX_MSG","detail":"0x8001 bodyLen=5"}
{"ts":"2026-04-05T09:02:19.565Z","level":"INFO","device":"868120018681","event":"SERVER_ACK","detail":"0x0200 result=OK"}
{"ts":"2026-04-05T09:02:19.694Z","level":"INFO","device":"868120100002","event":"RX_MSG","detail":"0x8001 bodyLen=5"}
{"ts":"2026-04-05T09:02:19.694Z","level":"INFO","device":"868120100002","event":"SERVER_ACK","detail":"0x0200 result=OK"}
{"ts":"2026-04-05T09:02:29.350Z","level":"INFO","device":"200000000001","event":"HEARTBEAT_SENT","detail":"0x0002"}
{"ts":"2026-04-05T09:02:29.361Z","level":"INFO","device":"200000000001","event":"OBD2_SENT_0x0200","detail":"Lat: 51.714859, Lng: 0.510060 | Speed: 67km/h | RPM: 3475"}
{"ts":"2026-04-05T09:02:29.500Z","level":"INFO","device":"200000000002","event":"HEARTBEAT_SENT","detail":"0x0002"}
{"ts":"2026-04-05T09:02:29.505Z","level":"INFO","device":"200000000002","event":"OBD2_SENT_0x0200","detail":"Lat: 51.734078, Lng: 0.483749 | Speed: 53km/h | RPM: 2927"}
{"ts":"2026-04-05T09:02:29.561Z","level":"INFO","device":"200000000001","event":"SERVER_ACK","detail":"0x8001 Universal Reply Received"}
{"ts":"2026-04-05T09:02:29.695Z","level":"INFO","device":"200000000002","event":"SERVER_ACK","detail":"0x8001 Universal Reply Received"}
{"ts":"2026-04-05T09:02:29.888Z","level":"INFO","device":"200000000001","event":"SERVER_ACK","detail":"0x8001 Universal Reply Received"}
{"ts":"2026-04-05T09:02:30.000Z","level":"INFO","device":"200000000002","event":"SERVER_ACK","detail":"0x8001 Universal Reply Received"}
{"ts":"2026-04-05T09:02:39.355Z","level":"INFO","device":"868120018681","event":"GPS_SENT","detail":""}
{"ts":"2026-04-05T09:02:39.509Z","level":"INFO","device":"868120100002","event":"GPS_SENT","detail":""}
{"ts":"2026-04-05T09:02:39.565Z","level":"INFO","device":"868120018681","event":"RX_MSG","detail":"0x8001 bodyLen=5"}
{"ts":"2026-04-05T09:02:39.565Z","level":"INFO","device":"868120018681","event":"SERVER_ACK","detail":"0x0200 result=OK"}
{"ts":"2026-04-05T09:02:39.694Z","level":"INFO","device":"868120100002","event":"RX_MSG","detail":"0x8001 bodyLen=5"}
{"ts":"2026-04-05T09:02:39.695Z","level":"INFO","device":"868120100002","event":"SERVER_ACK","detail":"0x0200 result=OK"}
{"ts":"2026-04-05T09:02:44.361Z","level":"INFO","device":"200000000001","event":"OBD2_SENT_0x0200","detail":"Lat: 51.714136, Lng: 0.514050 | Speed: 70km/h | RPM: 3592"}
{"ts":"2026-04-05T09:02:44.506Z","level":"INFO","device":"200000000002","event":"OBD2_SENT_0x0200","detail":"Lat: 51.733246, Lng: 0.486369 | Speed: 50km/h | RPM: 2788"}
{"ts":"2026-04-05T09:02:44.578Z","level":"INFO","device":"200000000001","event":"SERVER_ACK","detail":"0x8001 Universal Reply Received"}
{"ts":"2026-04-05T09:02:44.703Z","level":"INFO","device":"200000000002","event":"SERVER_ACK","detail":"0x8001 Universal Reply Received"}
{"ts":"2026-04-05T09:02:56.556Z","level":"INFO","device":"868120018681","event":"RX_MSG","detail":"0x9101 bodyLen=20"}
{"ts":"2026-04-05T09:02:56.557Z","level":"INFO","device":"868120018681","event":"SENT_ACK","detail":"0x0001 acknowledging Live Stream Request"}
{"ts":"2026-04-05T09:02:56.557Z","level":"INFO","device":"868120018681","event":"LIVE_STREAM_REQ","detail":"Target: 54.37.225.65:3388 | Channel: 1"}
{"ts":"2026-04-05T09:02:56.558Z","level":"INFO","device":"868120018681","event":"LIVE_STREAM_CONNECTING","detail":"54.37.225.65:3388"}
{"ts":"2026-04-05T09:02:56.744Z","level":"INFO","device":"868120018681","event":"LIVE_STREAM_CONNECTED","detail":"Pumping video for CH1... (BCD: 868120018681)"}
{"ts":"2026-04-05T09:02:56.766Z","level":"INFO","device":"868120018681","event":"RX_MSG","detail":"0x9101 bodyLen=20"}
{"ts":"2026-04-05T09:02:56.766Z","level":"INFO","device":"868120018681","event":"SENT_ACK","detail":"0x0001 acknowledging Live Stream Request"}
{"ts":"2026-04-05T09:02:56.766Z","level":"INFO","device":"868120018681","event":"LIVE_STREAM_REQ","detail":"Target: 54.37.225.65:3388 | Channel: 1"}
{"ts":"2026-04-05T09:02:56.766Z","level":"INFO","device":"868120018681","event":"LIVE_STREAM_CONNECTING","detail":"54.37.225.65:3388"}
{"ts":"2026-04-05T09:02:56.981Z","level":"INFO","device":"868120018681","event":"LIVE_STREAM_CONNECTED","detail":"Pumping video for CH1... (BCD: 868120018681)"}
{"ts":"2026-04-05T09:02:59.352Z","level":"INFO","device":"200000000001","event":"HEARTBEAT_SENT","detail":"0x0002"}
{"ts":"2026-04-05T09:02:59.354Z","level":"INFO","device":"868120018681","event":"GPS_SENT","detail":""}
{"ts":"2026-04-05T09:02:59.361Z","level":"INFO","device":"200000000001","event":"OBD2_SENT_0x0200","detail":"Lat: 51.736477, Lng: 0.469592 | Speed: 66km/h | RPM: 3424"}
{"ts":"2026-04-05T09:02:59.501Z","level":"INFO","device":"200000000002","event":"HEARTBEAT_SENT","detail":"0x0002"}
{"ts":"2026-04-05T09:02:59.507Z","level":"INFO","device":"200000000002","event":"OBD2_SENT_0x0200","detail":"Lat: 51.732157, Lng: 0.489857 | Speed: 54km/h | RPM: 2946"}
{"ts":"2026-04-05T09:02:59.508Z","level":"INFO","device":"868120100002","event":"GPS_SENT","detail":""}
{"ts":"2026-04-05T09:02:59.556Z","level":"ERROR","device":"300000000001","event":"SOCKET_ERROR","detail":"ECONNREFUSED"}
{"ts":"2026-04-05T09:02:59.564Z","level":"INFO","device":"200000000001","event":"SERVER_ACK","detail":"0x8001 Universal Reply Received"}
{"ts":"2026-04-05T09:02:59.564Z","level":"INFO","device":"868120018681","event":"RX_MSG","detail":"0x8001 bodyLen=5"}
{"ts":"2026-04-05T09:02:59.565Z","level":"INFO","device":"868120018681","event":"SERVER_ACK","detail":"0x0200 result=OK"}
{"ts":"2026-04-05T09:02:59.677Z","level":"ERROR","device":"300000000002","event":"SOCKET_ERROR","detail":"ECONNREFUSED"}
{"ts":"2026-04-05T09:02:59.694Z","level":"INFO","device":"868120100002","event":"RX_MSG","detail":"0x8001 bodyLen=5"}
{"ts":"2026-04-05T09:02:59.695Z","level":"INFO","device":"868120100002","event":"SERVER_ACK","detail":"0x0200 result=OK"}
{"ts":"2026-04-05T09:02:59.697Z","level":"INFO","device":"200000000002","event":"SERVER_ACK","detail":"0x8001 Universal Reply Received"}
{"ts":"2026-04-05T09:02:59.890Z","level":"INFO","device":"200000000001","event":"SERVER_ACK","detail":"0x8001 Universal Reply Received"}
{"ts":"2026-04-05T09:03:00.030Z","level":"INFO","device":"200000000002","event":"SERVER_ACK","detail":"0x8001 Universal Reply Received"}
{"ts":"2026-04-05T09:03:14.362Z","level":"INFO","device":"200000000001","event":"OBD2_SENT_0x0200","detail":"Lat: 51.737444, Lng: 0.473266 | Speed: 63km/h | RPM: 3336"}
{"ts":"2026-04-05T09:03:14.507Z","level":"INFO","device":"200000000002","event":"OBD2_SENT_0x0200","detail":"Lat: 51.730699, Lng: 0.492387 | Speed: 51km/h | RPM: 2825"}
{"ts":"2026-04-05T09:03:14.572Z","level":"INFO","device":"200000000001","event":"SERVER_ACK","detail":"0x8001 Universal Reply Received"}
{"ts":"2026-04-05T09:03:14.703Z","level":"INFO","device":"200000000002","event":"SERVER_ACK","detail":"0x8001 Universal Reply Received"}
{"ts":"2026-04-05T09:03:15.712Z","level":"INFO","device":"868120018681","event":"RX_MSG","detail":"0x9101 bodyLen=20"}
{"ts":"2026-04-05T09:03:15.714Z","level":"INFO","device":"868120018681","event":"SENT_ACK","detail":"0x0001 acknowledging Live Stream Request"}
{"ts":"2026-04-05T09:03:15.716Z","level":"INFO","device":"868120018681","event":"LIVE_STREAM_REQ","detail":"Target: 54.37.225.65:3388 | Channel: 2"}
{"ts":"2026-04-05T09:03:15.719Z","level":"INFO","device":"868120018681","event":"LIVE_STREAM_CONNECTING","detail":"54.37.225.65:3388"}
{"ts":"2026-04-05T09:03:15.908Z","level":"INFO","device":"868120018681","event":"LIVE_STREAM_CONNECTED","detail":"Pumping video for CH2... (BCD: 868120018681)"}
{"ts":"2026-04-05T09:03:19.355Z","level":"INFO","device":"868120018681","event":"GPS_SENT","detail":""}
{"ts":"2026-04-05T09:03:19.508Z","level":"INFO","device":"868120100002","event":"GPS_SENT","detail":""}
{"ts":"2026-04-05T09:03:19.564Z","level":"INFO","device":"868120018681","event":"RX_MSG","detail":"0x8001 bodyLen=5"}
{"ts":"2026-04-05T09:03:19.565Z","level":"INFO","device":"868120018681","event":"SERVER_ACK","detail":"0x0200 result=OK"}
{"ts":"2026-04-05T09:03:19.694Z","level":"INFO","device":"868120100002","event":"RX_MSG","detail":"0x8001 bodyLen=5"}
{"ts":"2026-04-05T09:03:19.695Z","level":"INFO","device":"868120100002","event":"SERVER_ACK","detail":"0x0200 result=OK"}
{"ts":"2026-04-05T09:03:29.352Z","level":"INFO","device":"200000000001","event":"HEARTBEAT_SENT","detail":"0x0002"}
{"ts":"2026-04-05T09:03:29.361Z","level":"INFO","device":"200000000001","event":"OBD2_SENT_0x0200","detail":"Lat: 51.737771, Lng: 0.476954 | Speed: 63km/h | RPM: 3325"}
{"ts":"2026-04-05T09:03:29.501Z","level":"INFO","device":"200000000002","event":"HEARTBEAT_SENT","detail":"0x0002"}
{"ts":"2026-04-05T09:03:29.508Z","level":"INFO","device":"200000000002","event":"OBD2_SENT_0x0200","detail":"Lat: 51.729113, Lng: 0.494144 | Speed: 48km/h | RPM: 2710"}
{"ts":"2026-04-05T09:03:29.580Z","level":"INFO","device":"200000000001","event":"SERVER_ACK","detail":"0x8001 Universal Reply Received"}
{"ts":"2026-04-05T09:03:29.713Z","level":"INFO","device":"200000000002","event":"SERVER_ACK","detail":"0x8001 Universal Reply Received"}
{"ts":"2026-04-05T09:03:29.899Z","level":"INFO","device":"200000000001","event":"SERVER_ACK","detail":"0x8001 Universal Reply Received"}
{"ts":"2026-04-05T09:03:30.018Z","level":"INFO","device":"200000000002","event":"SERVER_ACK","detail":"0x8001 Universal Reply Received"}
{"ts":"2026-04-05T09:03:39.355Z","level":"INFO","device":"868120018681","event":"GPS_SENT","detail":""}
{"ts":"2026-04-05T09:03:39.511Z","level":"INFO","device":"868120100002","event":"GPS_SENT","detail":""}
{"ts":"2026-04-05T09:03:39.566Z","level":"INFO","device":"868120018681","event":"RX_MSG","detail":"0x8001 bodyLen=5"}
{"ts":"2026-04-05T09:03:39.566Z","level":"INFO","device":"868120018681","event":"SERVER_ACK","detail":"0x0200 result=OK"}
{"ts":"2026-04-05T09:03:39.699Z","level":"INFO","device":"868120100002","event":"RX_MSG","detail":"0x8001 bodyLen=5"}
{"ts":"2026-04-05T09:03:39.699Z","level":"INFO","device":"868120100002","event":"SERVER_ACK","detail":"0x0200 result=OK"}
{"ts":"2026-04-05T09:03:40.955Z","level":"INFO","device":"868120018681","event":"RX_MSG","detail":"0x9101 bodyLen=20"}
{"ts":"2026-04-05T09:03:40.955Z","level":"INFO","device":"868120018681","event":"SENT_ACK","detail":"0x0001 acknowledging Live Stream Request"}
{"ts":"2026-04-05T09:03:40.955Z","level":"INFO","device":"868120018681","event":"LIVE_STREAM_REQ","detail":"Target: 54.37.225.65:3388 | Channel: 1"}
{"ts":"2026-04-05T09:03:40.956Z","level":"INFO","device":"868120018681","event":"LIVE_STREAM_CONNECTING","detail":"54.37.225.65:3388"}
{"ts":"2026-04-05T09:03:41.158Z","level":"INFO","device":"868120018681","event":"LIVE_STREAM_CONNECTED","detail":"Pumping video for CH1... (BCD: 868120018681)"}
{"ts":"2026-04-05T09:03:41.164Z","level":"INFO","device":"868120018681","event":"RX_MSG","detail":"0x9101 bodyLen=20"}
{"ts":"2026-04-05T09:03:41.164Z","level":"INFO","device":"868120018681","event":"SENT_ACK","detail":"0x0001 acknowledging Live Stream Request"}
{"ts":"2026-04-05T09:03:41.165Z","level":"INFO","device":"868120018681","event":"LIVE_STREAM_REQ","detail":"Target: 54.37.225.65:3388 | Channel: 1"}
{"ts":"2026-04-05T09:03:41.165Z","level":"INFO","device":"868120018681","event":"LIVE_STREAM_CONNECTING","detail":"54.37.225.65:3388"}
{"ts":"2026-04-05T09:03:41.366Z","level":"INFO","device":"868120018681","event":"LIVE_STREAM_CONNECTED","detail":"Pumping video for CH1... (BCD: 868120018681)"}
{"ts":"2026-04-05T09:03:44.362Z","level":"INFO","device":"200000000001","event":"OBD2_SENT_0x0200","detail":"Lat: 51.736633, Lng: 0.480489 | Speed: 66km/h | RPM: 3455"}
{"ts":"2026-04-05T09:03:44.508Z","level":"INFO","device":"200000000002","event":"OBD2_SENT_0x0200","detail":"Lat: 51.727264, Lng: 0.495368 | Speed: 52km/h | RPM: 2890"}
{"ts":"2026-04-05T09:03:44.574Z","level":"INFO","device":"200000000001","event":"SERVER_ACK","detail":"0x8001 Universal Reply Received"}
{"ts":"2026-04-05T09:03:44.705Z","level":"INFO","device":"200000000002","event":"SERVER_ACK","detail":"0x8001 Universal Reply Received"}
{"ts":"2026-04-05T09:03:52.866Z","level":"INFO","device":"868120018681","event":"RX_MSG","detail":"0x9101 bodyLen=20"}
{"ts":"2026-04-05T09:03:52.868Z","level":"INFO","device":"868120018681","event":"SENT_ACK","detail":"0x0001 acknowledging Live Stream Request"}
{"ts":"2026-04-05T09:03:52.868Z","level":"INFO","device":"868120018681","event":"LIVE_STREAM_REQ","detail":"Target: 54.37.225.65:3388 | Channel: 2"}
{"ts":"2026-04-05T09:03:52.871Z","level":"INFO","device":"868120018681","event":"LIVE_STREAM_CONNECTING","detail":"54.37.225.65:3388"}
{"ts":"2026-04-05T09:03:53.071Z","level":"INFO","device":"868120018681","event":"LIVE_STREAM_CONNECTED","detail":"Pumping video for CH2... (BCD: 868120018681)"}
{"ts":"2026-04-05T09:03:59.352Z","level":"INFO","device":"200000000001","event":"HEARTBEAT_SENT","detail":"0x0002"}
{"ts":"2026-04-05T09:03:59.357Z","level":"INFO","device":"868120018681","event":"GPS_SENT","detail":""}
{"ts":"2026-04-05T09:03:59.362Z","level":"INFO","device":"200000000001","event":"OBD2_SENT_0x0200","detail":"Lat: 51.734844, Lng: 0.482616 | Speed: 62km/h | RPM: 3277"}
{"ts":"2026-04-05T09:03:59.502Z","level":"INFO","device":"200000000002","event":"HEARTBEAT_SENT","detail":"0x0002"}
{"ts":"2026-04-05T09:03:59.509Z","level":"INFO","device":"200000000002","event":"OBD2_SENT_0x0200","detail":"Lat: 51.725368, Lng: 0.496046 | Speed: 53km/h | RPM: 2919"}
{"ts":"2026-04-05T09:03:59.511Z","level":"INFO","device":"868120100002","event":"GPS_SENT","detail":""}
{"ts":"2026-04-05T09:03:59.563Z","level":"INFO","device":"200000000001","event":"SERVER_ACK","detail":"0x8001 Universal Reply Received"}
{"ts":"2026-04-05T09:03:59.567Z","level":"INFO","device":"868120018681","event":"RX_MSG","detail":"0x8001 bodyLen=5"}
{"ts":"2026-04-05T09:03:59.567Z","level":"INFO","device":"868120018681","event":"SERVER_ACK","detail":"0x0200 result=OK"}
{"ts":"2026-04-05T09:03:59.696Z","level":"INFO","device":"200000000002","event":"SERVER_ACK","detail":"0x8001 Universal Reply Received"}
{"ts":"2026-04-05T09:03:59.697Z","level":"INFO","device":"868120100002","event":"RX_MSG","detail":"0x8001 bodyLen=5"}
{"ts":"2026-04-05T09:03:59.698Z","level":"INFO","device":"868120100002","event":"SERVER_ACK","detail":"0x0200 result=OK"}
{"ts":"2026-04-05T09:03:59.899Z","level":"INFO","device":"200000000001","event":"SERVER_ACK","detail":"0x8001 Universal Reply Received"}
{"ts":"2026-04-05T09:04:00.008Z","level":"INFO","device":"200000000002","event":"SERVER_ACK","detail":"0x8001 Universal Reply Received"}
{"ts":"2026-04-05T09:04:14.361Z","level":"INFO","device":"200000000001","event":"OBD2_SENT_0x0200","detail":"Lat: 51.733464, Lng: 0.485386 | Speed: 63km/h | RPM: 3322"}
{"ts":"2026-04-05T09:04:14.509Z","level":"INFO","device":"200000000002","event":"OBD2_SENT_0x0200","detail":"Lat: 51.723533, Lng: 0.496527 | Speed: 49km/h | RPM: 2774"}
{"ts":"2026-04-05T09:04:14.575Z","level":"INFO","device":"200000000001","event":"SERVER_ACK","detail":"0x8001 Universal Reply Received"}
{"ts":"2026-04-05T09:04:14.706Z","level":"INFO","device":"200000000002","event":"SERVER_ACK","detail":"0x8001 Universal Reply Received"}
{"ts":"2026-04-05T09:04:19.356Z","level":"INFO","device":"868120018681","event":"GPS_SENT","detail":""}
{"ts":"2026-04-05T09:04:19.512Z","level":"INFO","device":"868120100002","event":"GPS_SENT","detail":""}
{"ts":"2026-04-05T09:04:19.567Z","level":"INFO","device":"868120018681","event":"RX_MSG","detail":"0x8001 bodyLen=5"}
{"ts":"2026-04-05T09:04:19.567Z","level":"INFO","device":"868120018681","event":"SERVER_ACK","detail":"0x0200 result=OK"}
{"ts":"2026-04-05T09:04:19.697Z","level":"INFO","device":"868120100002","event":"RX_MSG","detail":"0x8001 bodyLen=5"}
{"ts":"2026-04-05T09:04:19.698Z","level":"INFO","device":"868120100002","event":"SERVER_ACK","detail":"0x0200 result=OK"}
{"ts":"2026-04-05T09:04:29.351Z","level":"INFO","device":"200000000001","event":"HEARTBEAT_SENT","detail":"0x0002"}
{"ts":"2026-04-05T09:04:29.361Z","level":"INFO","device":"200000000001","event":"OBD2_SENT_0x0200","detail":"Lat: 51.732480, Lng: 0.489049 | Speed: 60km/h | RPM: 3197"}
{"ts":"2026-04-05T09:04:29.502Z","level":"INFO","device":"200000000002","event":"HEARTBEAT_SENT","detail":"0x0002"}
{"ts":"2026-04-05T09:04:29.509Z","level":"INFO","device":"200000000002","event":"OBD2_SENT_0x0200","detail":"Lat: 51.721789, Lng: 0.497306 | Speed: 48km/h | RPM: 2718"}
{"ts":"2026-04-05T09:04:29.565Z","level":"INFO","device":"200000000001","event":"SERVER_ACK","detail":"0x8001 Universal Reply Received"}
{"ts":"2026-04-05T09:04:29.698Z","level":"INFO","device":"200000000002","event":"SERVER_ACK","detail":"0x8001 Universal Reply Received"}
{"ts":"2026-04-05T09:04:29.884Z","level":"INFO","device":"200000000001","event":"SERVER_ACK","detail":"0x8001 Universal Reply Received"}
{"ts":"2026-04-05T09:04:29.994Z","level":"INFO","device":"200000000002","event":"SERVER_ACK","detail":"0x8001 Universal Reply Received"}
{"ts":"2026-04-05T09:04:37.636Z","level":"INFO","device":"868120018681","event":"RX_MSG","detail":"0x9101 bodyLen=20"}
{"ts":"2026-04-05T09:04:37.636Z","level":"INFO","device":"868120018681","event":"SENT_ACK","detail":"0x0001 acknowledging Live Stream Request"}
{"ts":"2026-04-05T09:04:37.636Z","level":"INFO","device":"868120018681","event":"LIVE_STREAM_REQ","detail":"Target: 54.37.225.65:3388 | Channel: 1"}
{"ts":"2026-04-05T09:04:37.636Z","level":"INFO","device":"868120018681","event":"LIVE_STREAM_CONNECTING","detail":"54.37.225.65:3388"}
{"ts":"2026-04-05T09:04:37.849Z","level":"INFO","device":"868120018681","event":"LIVE_STREAM_CONNECTED","detail":"Pumping video for CH1... (BCD: 868120018681)"}
{"ts":"2026-04-05T09:04:39.356Z","level":"INFO","device":"868120018681","event":"GPS_SENT","detail":""}
{"ts":"2026-04-05T09:04:39.511Z","level":"INFO","device":"868120100002","event":"GPS_SENT","detail":""}
{"ts":"2026-04-05T09:04:39.566Z","level":"INFO","device":"868120018681","event":"RX_MSG","detail":"0x8001 bodyLen=5"}
{"ts":"2026-04-05T09:04:39.566Z","level":"INFO","device":"868120018681","event":"SERVER_ACK","detail":"0x0200 result=OK"}
{"ts":"2026-04-05T09:04:39.698Z","level":"INFO","device":"868120100002","event":"RX_MSG","detail":"0x8001 bodyLen=5"}
{"ts":"2026-04-05T09:04:39.698Z","level":"INFO","device":"868120100002","event":"SERVER_ACK","detail":"0x0200 result=OK"}
{"ts":"2026-04-05T09:04:44.361Z","level":"INFO","device":"200000000001","event":"OBD2_SENT_0x0200","detail":"Lat: 51.730832, Lng: 0.492216 | Speed: 63km/h | RPM: 3311"}
{"ts":"2026-04-05T09:04:44.510Z","level":"INFO","device":"200000000002","event":"OBD2_SENT_0x0200","detail":"Lat: 51.719962, Lng: 0.498510 | Speed: 51km/h | RPM: 2841"}
{"ts":"2026-04-05T09:04:44.575Z","level":"INFO","device":"200000000001","event":"SERVER_ACK","detail":"0x8001 Universal Reply Received"}
{"ts":"2026-04-05T09:04:44.704Z","level":"INFO","device":"200000000002","event":"SERVER_ACK","detail":"0x8001 Universal Reply Received"}
{"ts":"2026-04-05T09:04:59.352Z","level":"INFO","device":"200000000001","event":"HEARTBEAT_SENT","detail":"0x0002"}
{"ts":"2026-04-05T09:04:59.357Z","level":"INFO","device":"868120018681","event":"GPS_SENT","detail":""}
{"ts":"2026-04-05T09:04:59.362Z","level":"INFO","device":"200000000001","event":"OBD2_SENT_0x0200","detail":"Lat: 51.728886, Lng: 0.494346 | Speed: 58km/h | RPM: 3134"}
{"ts":"2026-04-05T09:04:59.502Z","level":"INFO","device":"200000000002","event":"HEARTBEAT_SENT","detail":"0x0002"}
{"ts":"2026-04-05T09:04:59.509Z","level":"INFO","device":"200000000002","event":"OBD2_SENT_0x0200","detail":"Lat: 51.718514, Lng: 0.500079 | Speed: 48km/h | RPM: 2700"}
{"ts":"2026-04-05T09:04:59.511Z","level":"INFO","device":"868120100002","event":"GPS_SENT","detail":""}
{"ts":"2026-04-05T09:04:59.563Z","level":"INFO","device":"200000000001","event":"SERVER_ACK","detail":"0x8001 Universal Reply Received"}
{"ts":"2026-04-05T09:04:59.567Z","level":"INFO","device":"868120018681","event":"RX_MSG","detail":"0x8001 bodyLen=5"}
{"ts":"2026-04-05T09:04:59.568Z","level":"INFO","device":"868120018681","event":"SERVER_ACK","detail":"0x0200 result=OK"}
{"ts":"2026-04-05T09:04:59.697Z","level":"INFO","device":"200000000002","event":"SERVER_ACK","detail":"0x8001 Universal Reply Received"}
{"ts":"2026-04-05T09:04:59.698Z","level":"INFO","device":"868120100002","event":"RX_MSG","detail":"0x8001 bodyLen=5"}
{"ts":"2026-04-05T09:04:59.698Z","level":"INFO","device":"868120100002","event":"SERVER_ACK","detail":"0x0200 result=OK"}
{"ts":"2026-04-05T09:04:59.896Z","level":"INFO","device":"200000000001","event":"SERVER_ACK","detail":"0x8001 Universal Reply Received"}
{"ts":"2026-04-05T09:05:00.005Z","level":"INFO","device":"200000000002","event":"SERVER_ACK","detail":"0x8001 Universal Reply Received"}
{"ts":"2026-04-05T09:05:14.362Z","level":"INFO","device":"200000000001","event":"OBD2_SENT_0x0200","detail":"Lat: 51.726877, Lng: 0.495562 | Speed: 56km/h | RPM: 3038"}
{"ts":"2026-04-05T09:05:14.510Z","level":"INFO","device":"200000000002","event":"OBD2_SENT_0x0200","detail":"Lat: 51.717385, Lng: 0.502029 | Speed: 44km/h | RPM: 2552"}
{"ts":"2026-04-05T09:05:14.577Z","level":"INFO","device":"200000000001","event":"SERVER_ACK","detail":"0x8001 Universal Reply Received"}
{"ts":"2026-04-05T09:05:14.706Z","level":"INFO","device":"200000000002","event":"SERVER_ACK","detail":"0x8001 Universal Reply Received"}
{"ts":"2026-04-05T09:05:19.357Z","level":"INFO","device":"868120018681","event":"GPS_SENT","detail":""}
{"ts":"2026-04-05T09:05:19.511Z","level":"INFO","device":"868120100002","event":"GPS_SENT","detail":""}
{"ts":"2026-04-05T09:05:19.568Z","level":"INFO","device":"868120018681","event":"RX_MSG","detail":"0x8001 bodyLen=5"}
{"ts":"2026-04-05T09:05:19.568Z","level":"INFO","device":"868120018681","event":"SERVER_ACK","detail":"0x0200 result=OK"}
{"ts":"2026-04-05T09:05:19.697Z","level":"INFO","device":"868120100002","event":"RX_MSG","detail":"0x8001 bodyLen=5"}
{"ts":"2026-04-05T09:05:19.697Z","level":"INFO","device":"868120100002","event":"SERVER_ACK","detail":"0x0200 result=OK"}
{"ts":"2026-04-05T09:05:29.352Z","level":"INFO","device":"200000000001","event":"HEARTBEAT_SENT","detail":"0x0002"}
{"ts":"2026-04-05T09:05:29.363Z","level":"INFO","device":"200000000001","event":"OBD2_SENT_0x0200","detail":"Lat: 51.724873, Lng: 0.496145 | Speed: 56km/h | RPM: 3040"}
{"ts":"2026-04-05T09:05:29.502Z","level":"INFO","device":"200000000002","event":"HEARTBEAT_SENT","detail":"0x0002"}
{"ts":"2026-04-05T09:05:29.510Z","level":"INFO","device":"200000000002","event":"OBD2_SENT_0x0200","detail":"Lat: 51.716474, Lng: 0.504152 | Speed: 45km/h | RPM: 2604"}
{"ts":"2026-04-05T09:05:29.570Z","level":"INFO","device":"200000000001","event":"SERVER_ACK","detail":"0x8001 Universal Reply Received"}
{"ts":"2026-04-05T09:05:29.697Z","level":"INFO","device":"200000000002","event":"SERVER_ACK","detail":"0x8001 Universal Reply Received"}
{"ts":"2026-04-05T09:05:29.897Z","level":"INFO","device":"200000000001","event":"SERVER_ACK","detail":"0x8001 Universal Reply Received"}
{"ts":"2026-04-05T09:05:30.007Z","level":"INFO","device":"200000000002","event":"SERVER_ACK","detail":"0x8001 Universal Reply Received"}
{"ts":"2026-04-05T09:05:39.358Z","level":"INFO","device":"868120018681","event":"GPS_SENT","detail":""}
{"ts":"2026-04-05T09:05:39.512Z","level":"INFO","device":"868120100002","event":"GPS_SENT","detail":""}
{"ts":"2026-04-05T09:05:39.568Z","level":"INFO","device":"868120018681","event":"RX_MSG","detail":"0x8001 bodyLen=5"}
{"ts":"2026-04-05T09:05:39.569Z","level":"INFO","device":"868120018681","event":"SERVER_ACK","detail":"0x0200 result=OK"}
{"ts":"2026-04-05T09:05:39.699Z","level":"INFO","device":"868120100002","event":"RX_MSG","detail":"0x8001 bodyLen=5"}
{"ts":"2026-04-05T09:05:39.699Z","level":"INFO","device":"868120100002","event":"SERVER_ACK","detail":"0x0200 result=OK"}
{"ts":"2026-04-05T09:05:44.364Z","level":"INFO","device":"200000000001","event":"OBD2_SENT_0x0200","detail":"Lat: 51.722837, Lng: 0.496805 | Speed: 55km/h | RPM: 2990"}
{"ts":"2026-04-05T09:05:44.511Z","level":"INFO","device":"200000000002","event":"OBD2_SENT_0x0200","detail":"Lat: 51.715664, Lng: 0.506726 | Speed: 49km/h | RPM: 2765"}
{"ts":"2026-04-05T09:05:44.577Z","level":"INFO","device":"200000000001","event":"SERVER_ACK","detail":"0x8001 Universal Reply Received"}
{"ts":"2026-04-05T09:05:44.708Z","level":"INFO","device":"200000000002","event":"SERVER_ACK","detail":"0x8001 Universal Reply Received"}
{"ts":"2026-04-05T09:05:59.352Z","level":"INFO","device":"200000000001","event":"HEARTBEAT_SENT","detail":"0x0002"}
{"ts":"2026-04-05T09:05:59.359Z","level":"INFO","device":"868120018681","event":"GPS_SENT","detail":""}
{"ts":"2026-04-05T09:05:59.364Z","level":"INFO","device":"200000000001","event":"OBD2_SENT_0x0200","detail":"Lat: 51.720960, Lng: 0.497784 | Speed: 52km/h | RPM: 2863"}
{"ts":"2026-04-05T09:05:59.501Z","level":"INFO","device":"200000000002","event":"HEARTBEAT_SENT","detail":"0x0002"}
{"ts":"2026-04-05T09:05:59.511Z","level":"INFO","device":"868120100002","event":"GPS_SENT","detail":""}
{"ts":"2026-04-05T09:05:59.512Z","level":"INFO","device":"200000000002","event":"OBD2_SENT_0x0200","detail":"Lat: 51.715020, Lng: 0.509307 | Speed: 47km/h | RPM: 2680"}
{"ts":"2026-04-05T09:05:59.566Z","level":"INFO","device":"200000000001","event":"SERVER_ACK","detail":"0x8001 Universal Reply Received"}
{"ts":"2026-04-05T09:05:59.569Z","level":"INFO","device":"868120018681","event":"RX_MSG","detail":"0x8001 bodyLen=5"}
{"ts":"2026-04-05T09:05:59.569Z","level":"INFO","device":"868120018681","event":"SERVER_ACK","detail":"0x0200 result=OK"}
{"ts":"2026-04-05T09:05:59.698Z","level":"INFO","device":"868120100002","event":"RX_MSG","detail":"0x8001 bodyLen=5"}
{"ts":"2026-04-05T09:05:59.698Z","level":"INFO","device":"868120100002","event":"SERVER_ACK","detail":"0x0200 result=OK"}
{"ts":"2026-04-05T09:05:59.705Z","level":"INFO","device":"200000000002","event":"SERVER_ACK","detail":"0x8001 Universal Reply Received"}
{"ts":"2026-04-05T09:05:59.880Z","level":"INFO","device":"200000000001","event":"SERVER_ACK","detail":"0x8001 Universal Reply Received"}
{"ts":"2026-04-05T09:05:59.989Z","level":"INFO","device":"200000000002","event":"SERVER_ACK","detail":"0x8001 Universal Reply Received"}
{"ts":"2026-04-05T09:06:00.789Z","level":"INFO","device":"868120018681","event":"RX_MSG","detail":"0x9101 bodyLen=20"}
{"ts":"2026-04-05T09:06:00.790Z","level":"INFO","device":"868120018681","event":"SENT_ACK","detail":"0x0001 acknowledging Live Stream Request"}
{"ts":"2026-04-05T09:06:00.790Z","level":"INFO","device":"868120018681","event":"LIVE_STREAM_REQ","detail":"Target: 54.37.225.65:3388 | Channel: 1"}
{"ts":"2026-04-05T09:06:00.790Z","level":"INFO","device":"868120018681","event":"LIVE_STREAM_CONNECTING","detail":"54.37.225.65:3388"}
{"ts":"2026-04-05T09:06:01.000Z","level":"INFO","device":"868120018681","event":"RX_MSG","detail":"0x9101 bodyLen=20"}
{"ts":"2026-04-05T09:06:01.000Z","level":"INFO","device":"868120018681","event":"SENT_ACK","detail":"0x0001 acknowledging Live Stream Request"}
{"ts":"2026-04-05T09:06:01.001Z","level":"INFO","device":"868120018681","event":"LIVE_STREAM_REQ","detail":"Target: 54.37.225.65:3388 | Channel: 1"}
{"ts":"2026-04-05T09:06:01.001Z","level":"INFO","device":"868120018681","event":"LIVE_STREAM_CONNECTING","detail":"54.37.225.65:3388"}
{"ts":"2026-04-05T09:06:01.195Z","level":"INFO","device":"868120018681","event":"LIVE_STREAM_CONNECTED","detail":"Pumping video for CH1... (BCD: 868120018681)"}
{"ts":"2026-04-05T09:06:14.364Z","level":"INFO","device":"200000000001","event":"OBD2_SENT_0x0200","detail":"Lat: 51.719308, Lng: 0.499124 | Speed: 48km/h | RPM: 2718"}
{"ts":"2026-04-05T09:06:14.512Z","level":"INFO","device":"200000000002","event":"OBD2_SENT_0x0200","detail":"Lat: 51.714478, Lng: 0.511836 | Speed: 44km/h | RPM: 2570"}
{"ts":"2026-04-05T09:06:14.575Z","level":"INFO","device":"200000000001","event":"SERVER_ACK","detail":"0x8001 Universal Reply Received"}
{"ts":"2026-04-05T09:06:14.709Z","level":"INFO","device":"200000000002","event":"SERVER_ACK","detail":"0x8001 Universal Reply Received"}
{"ts":"2026-04-05T09:06:19.359Z","level":"INFO","device":"868120018681","event":"GPS_SENT","detail":""}
{"ts":"2026-04-05T09:06:19.511Z","level":"INFO","device":"868120100002","event":"GPS_SENT","detail":""}
{"ts":"2026-04-05T09:06:19.570Z","level":"INFO","device":"868120018681","event":"RX_MSG","detail":"0x8001 bodyLen=5"}
{"ts":"2026-04-05T09:06:19.570Z","level":"INFO","device":"868120018681","event":"SERVER_ACK","detail":"0x0200 result=OK"}
{"ts":"2026-04-05T09:06:19.697Z","level":"INFO","device":"868120100002","event":"RX_MSG","detail":"0x8001 bodyLen=5"}
{"ts":"2026-04-05T09:06:19.697Z","level":"INFO","device":"868120100002","event":"SERVER_ACK","detail":"0x0200 result=OK"}
{"ts":"2026-04-05T09:06:29.353Z","level":"INFO","device":"200000000001","event":"HEARTBEAT_SENT","detail":"0x0002"}
{"ts":"2026-04-05T09:06:29.364Z","level":"INFO","device":"200000000001","event":"OBD2_SENT_0x0200","detail":"Lat: 51.717935, Lng: 0.500947 | Speed: 48km/h | RPM: 2704"}
{"ts":"2026-04-05T09:06:29.501Z","level":"INFO","device":"200000000002","event":"HEARTBEAT_SENT","detail":"0x0002"}
{"ts":"2026-04-05T09:06:29.513Z","level":"INFO","device":"200000000002","event":"OBD2_SENT_0x0200","detail":"Lat: 51.714112, Lng: 0.514217 | Speed: 42km/h | RPM: 2466"}
{"ts":"2026-04-05T09:06:29.564Z","level":"INFO","device":"200000000001","event":"SERVER_ACK","detail":"0x8001 Universal Reply Received"}
{"ts":"2026-04-05T09:06:29.696Z","level":"INFO","device":"200000000002","event":"SERVER_ACK","detail":"0x8001 Universal Reply Received"}
{"ts":"2026-04-05T09:06:29.895Z","level":"INFO","device":"200000000001","event":"SERVER_ACK","detail":"0x8001 Universal Reply Received"}
{"ts":"2026-04-05T09:06:30.004Z","level":"INFO","device":"200000000002","event":"SERVER_ACK","detail":"0x8001 Universal Reply Received"}
{"ts":"2026-04-05T09:06:39.359Z","level":"INFO","device":"868120018681","event":"GPS_SENT","detail":""}
{"ts":"2026-04-05T09:06:39.512Z","level":"INFO","device":"868120100002","event":"GPS_SENT","detail":""}
{"ts":"2026-04-05T09:06:39.569Z","level":"INFO","device":"868120018681","event":"RX_MSG","detail":"0x8001 bodyLen=5"}
{"ts":"2026-04-05T09:06:39.569Z","level":"INFO","device":"868120018681","event":"SERVER_ACK","detail":"0x0200 result=OK"}
{"ts":"2026-04-05T09:06:39.701Z","level":"INFO","device":"868120100002","event":"RX_MSG","detail":"0x8001 bodyLen=5"}
{"ts":"2026-04-05T09:06:39.701Z","level":"INFO","device":"868120100002","event":"SERVER_ACK","detail":"0x0200 result=OK"}
{"ts":"2026-04-05T09:06:44.363Z","level":"INFO","device":"200000000001","event":"OBD2_SENT_0x0200","detail":"Lat: 51.716842, Lng: 0.503236 | Speed: 48km/h | RPM: 2713"}
{"ts":"2026-04-05T09:06:44.513Z","level":"INFO","device":"200000000002","event":"OBD2_SENT_0x0200","detail":"Lat: 51.736094, Lng: 0.468463 | Speed: 41km/h | RPM: 2444"}
{"ts":"2026-04-05T09:06:44.575Z","level":"INFO","device":"200000000001","event":"SERVER_ACK","detail":"0x8001 Universal Reply Received"}
{"ts":"2026-04-05T09:06:44.710Z","level":"INFO","device":"200000000002","event":"SERVER_ACK","detail":"0x8001 Universal Reply Received"}
{"ts":"2026-04-05T09:06:55.812Z","level":"INFO","device":"868120018681","event":"RX_MSG","detail":"0x9101 bodyLen=20"}
{"ts":"2026-04-05T09:06:55.812Z","level":"INFO","device":"868120018681","event":"SENT_ACK","detail":"0x0001 acknowledging Live Stream Request"}
{"ts":"2026-04-05T09:06:55.812Z","level":"INFO","device":"868120018681","event":"LIVE_STREAM_REQ","detail":"Target: 54.37.225.65:3388 | Channel: 1"}
{"ts":"2026-04-05T09:06:55.812Z","level":"INFO","device":"868120018681","event":"LIVE_STREAM_CONNECTING","detail":"54.37.225.65:3388"}
{"ts":"2026-04-05T09:06:55.997Z","level":"INFO","device":"868120018681","event":"LIVE_STREAM_CONNECTED","detail":"Pumping video for CH1... (BCD: 868120018681)"}
{"ts":"2026-04-05T09:06:56.026Z","level":"INFO","device":"868120018681","event":"RX_MSG","detail":"0x9101 bodyLen=20"}
{"ts":"2026-04-05T09:06:56.026Z","level":"INFO","device":"868120018681","event":"SENT_ACK","detail":"0x0001 acknowledging Live Stream Request"}
{"ts":"2026-04-05T09:06:56.026Z","level":"INFO","device":"868120018681","event":"LIVE_STREAM_REQ","detail":"Target: 54.37.225.65:3388 | Channel: 1"}
{"ts":"2026-04-05T09:06:56.026Z","level":"INFO","device":"868120018681","event":"LIVE_STREAM_CONNECTING","detail":"54.37.225.65:3388"}
{"ts":"2026-04-05T09:06:56.229Z","level":"INFO","device":"868120018681","event":"LIVE_STREAM_CONNECTED","detail":"Pumping video for CH1... (BCD: 868120018681)"}
{"ts":"2026-04-05T09:06:59.352Z","level":"INFO","device":"200000000001","event":"HEARTBEAT_SENT","detail":"0x0002"}
{"ts":"2026-04-05T09:06:59.362Z","level":"INFO","device":"868120018681","event":"GPS_SENT","detail":""}
{"ts":"2026-04-05T09:06:59.363Z","level":"INFO","device":"200000000001","event":"OBD2_SENT_0x0200","detail":"Lat: 51.716005, Lng: 0.505531 | Speed: 46km/h | RPM: 2645"}
{"ts":"2026-04-05T09:06:59.501Z","level":"INFO","device":"200000000002","event":"HEARTBEAT_SENT","detail":"0x0002"}
{"ts":"2026-04-05T09:06:59.511Z","level":"INFO","device":"868120100002","event":"GPS_SENT","detail":""}
{"ts":"2026-04-05T09:06:59.514Z","level":"INFO","device":"200000000002","event":"OBD2_SENT_0x0200","detail":"Lat: 51.736781, Lng: 0.470603 | Speed: 43km/h | RPM: 2531"}
{"ts":"2026-04-05T09:06:59.564Z","level":"INFO","device":"200000000001","event":"SERVER_ACK","detail":"0x8001 Universal Reply Received"}
{"ts":"2026-04-05T09:06:59.571Z","level":"INFO","device":"868120018681","event":"RX_MSG","detail":"0x8001 bodyLen=5"}
{"ts":"2026-04-05T09:06:59.572Z","level":"INFO","device":"868120018681","event":"SERVER_ACK","detail":"0x0200 result=OK"}
{"ts":"2026-04-05T09:06:59.697Z","level":"INFO","device":"868120100002","event":"RX_MSG","detail":"0x8001 bodyLen=5"}
{"ts":"2026-04-05T09:06:59.697Z","level":"INFO","device":"868120100002","event":"SERVER_ACK","detail":"0x0200 result=OK"}
{"ts":"2026-04-05T09:06:59.697Z","level":"INFO","device":"200000000002","event":"SERVER_ACK","detail":"0x8001 Universal Reply Received"}
{"ts":"2026-04-05T09:06:59.882Z","level":"INFO","device":"200000000001","event":"SERVER_ACK","detail":"0x8001 Universal Reply Received"}
{"ts":"2026-04-05T09:06:59.994Z","level":"INFO","device":"200000000002","event":"SERVER_ACK","detail":"0x8001 Universal Reply Received"}
{"ts":"2026-04-05T09:07:14.364Z","level":"INFO","device":"200000000001","event":"OBD2_SENT_0x0200","detail":"Lat: 51.715301, Lng: 0.507997 | Speed: 45km/h | RPM: 2596"}
{"ts":"2026-04-05T09:07:14.514Z","level":"INFO","device":"200000000002","event":"OBD2_SENT_0x0200","detail":"Lat: 51.737391, Lng: 0.472962 | Speed: 43km/h | RPM: 2506"}
{"ts":"2026-04-05T09:07:14.577Z","level":"INFO","device":"200000000001","event":"SERVER_ACK","detail":"0x8001 Universal Reply Received"}
{"ts":"2026-04-05T09:07:14.712Z","level":"INFO","device":"200000000002","event":"SERVER_ACK","detail":"0x8001 Universal Reply Received"}
{"ts":"2026-04-05T09:07:19.361Z","level":"INFO","device":"868120018681","event":"GPS_SENT","detail":""}
{"ts":"2026-04-05T09:07:19.512Z","level":"INFO","device":"868120100002","event":"GPS_SENT","detail":""}
{"ts":"2026-04-05T09:07:19.572Z","level":"INFO","device":"868120018681","event":"RX_MSG","detail":"0x8001 bodyLen=5"}
{"ts":"2026-04-05T09:07:19.572Z","level":"INFO","device":"868120018681","event":"SERVER_ACK","detail":"0x0200 result=OK"}
{"ts":"2026-04-05T09:07:19.698Z","level":"INFO","device":"868120100002","event":"RX_MSG","detail":"0x8001 bodyLen=5"}
{"ts":"2026-04-05T09:07:19.698Z","level":"INFO","device":"868120100002","event":"SERVER_ACK","detail":"0x0200 result=OK"}
{"ts":"2026-04-05T09:07:29.352Z","level":"INFO","device":"200000000001","event":"HEARTBEAT_SENT","detail":"0x0002"}
{"ts":"2026-04-05T09:07:29.365Z","level":"INFO","device":"200000000001","event":"OBD2_SENT_0x0200","detail":"Lat: 51.714830, Lng: 0.510194 | Speed: 40km/h | RPM: 2400"}
{"ts":"2026-04-05T09:07:29.502Z","level":"INFO","device":"200000000002","event":"HEARTBEAT_SENT","detail":"0x0002"}
{"ts":"2026-04-05T09:07:29.515Z","level":"INFO","device":"200000000002","event":"OBD2_SENT_0x0200","detail":"Lat: 51.737758, Lng: 0.475604 | Speed: 47km/h | RPM: 2674"}
{"ts":"2026-04-05T09:07:29.564Z","level":"INFO","device":"200000000001","event":"SERVER_ACK","detail":"0x8001 Universal Reply Received"}
{"ts":"2026-04-05T09:07:29.698Z","level":"INFO","device":"200000000002","event":"SERVER_ACK","detail":"0x8001 Universal Reply Received"}
{"ts":"2026-04-05T09:07:29.891Z","level":"INFO","device":"200000000001","event":"SERVER_ACK","detail":"0x8001 Universal Reply Received"}
{"ts":"2026-04-05T09:07:30.000Z","level":"INFO","device":"200000000002","event":"SERVER_ACK","detail":"0x8001 Universal Reply Received"}
{"ts":"2026-04-05T09:07:38.301Z","level":"INFO","device":"868120018681","event":"RX_MSG","detail":"0x9101 bodyLen=20"}
{"ts":"2026-04-05T09:07:38.302Z","level":"INFO","device":"868120018681","event":"SENT_ACK","detail":"0x0001 acknowledging Live Stream Request"}
{"ts":"2026-04-05T09:07:38.304Z","level":"INFO","device":"868120018681","event":"LIVE_STREAM_REQ","detail":"Target: 54.37.225.65:3388 | Channel: 1"}
{"ts":"2026-04-05T09:07:38.305Z","level":"INFO","device":"868120018681","event":"LIVE_STREAM_CONNECTING","detail":"54.37.225.65:3388"}
{"ts":"2026-04-05T09:07:38.511Z","level":"INFO","device":"868120018681","event":"RX_MSG","detail":"0x9101 bodyLen=20"}
{"ts":"2026-04-05T09:07:38.511Z","level":"INFO","device":"868120018681","event":"SENT_ACK","detail":"0x0001 acknowledging Live Stream Request"}
{"ts":"2026-04-05T09:07:38.511Z","level":"INFO","device":"868120018681","event":"LIVE_STREAM_REQ","detail":"Target: 54.37.225.65:3388 | Channel: 1"}
{"ts":"2026-04-05T09:07:38.511Z","level":"INFO","device":"868120018681","event":"LIVE_STREAM_CONNECTING","detail":"54.37.225.65:3388"}
{"ts":"2026-04-05T09:07:38.722Z","level":"INFO","device":"868120018681","event":"LIVE_STREAM_CONNECTED","detail":"Pumping video for CH1... (BCD: 868120018681)"}
{"ts":"2026-04-05T09:07:39.362Z","level":"INFO","device":"868120018681","event":"GPS_SENT","detail":""}
{"ts":"2026-04-05T09:07:39.512Z","level":"INFO","device":"868120100002","event":"GPS_SENT","detail":""}
{"ts":"2026-04-05T09:07:39.572Z","level":"INFO","device":"868120018681","event":"RX_MSG","detail":"0x8001 bodyLen=5"}
{"ts":"2026-04-05T09:07:39.573Z","level":"INFO","device":"868120018681","event":"SERVER_ACK","detail":"0x0200 result=OK"}
{"ts":"2026-04-05T09:07:39.697Z","level":"INFO","device":"868120100002","event":"RX_MSG","detail":"0x8001 bodyLen=5"}
{"ts":"2026-04-05T09:07:39.698Z","level":"INFO","device":"868120100002","event":"SERVER_ACK","detail":"0x0200 result=OK"}
{"ts":"2026-04-05T09:07:44.365Z","level":"INFO","device":"200000000001","event":"OBD2_SENT_0x0200","detail":"Lat: 51.714395, Lng: 0.512233 | Speed: 36km/h | RPM: 2227"}
{"ts":"2026-04-05T09:07:44.516Z","level":"INFO","device":"200000000002","event":"OBD2_SENT_0x0200","detail":"Lat: 51.737496, Lng: 0.478616 | Speed: 50km/h | RPM: 2796"}
{"ts":"2026-04-05T09:07:44.579Z","level":"INFO","device":"200000000001","event":"SERVER_ACK","detail":"0x8001 Universal Reply Received"}
{"ts":"2026-04-05T09:07:44.713Z","level":"INFO","device":"200000000002","event":"SERVER_ACK","detail":"0x8001 Universal Reply Received"}
{"ts":"2026-04-05T09:07:45.797Z","level":"INFO","device":"868120018681","event":"RX_MSG","detail":"0x9101 bodyLen=20"}
{"ts":"2026-04-05T09:07:45.797Z","level":"INFO","device":"868120018681","event":"SENT_ACK","detail":"0x0001 acknowledging Live Stream Request"}
{"ts":"2026-04-05T09:07:45.798Z","level":"INFO","device":"868120018681","event":"LIVE_STREAM_REQ","detail":"Target: 54.37.225.65:3388 | Channel: 2"}
{"ts":"2026-04-05T09:07:45.798Z","level":"INFO","device":"868120018681","event":"LIVE_STREAM_CONNECTING","detail":"54.37.225.65:3388"}
{"ts":"2026-04-05T09:07:46.001Z","level":"INFO","device":"868120018681","event":"LIVE_STREAM_CONNECTED","detail":"Pumping video for CH2... (BCD: 868120018681)"}
{"ts":"2026-04-05T09:07:59.352Z","level":"INFO","device":"200000000001","event":"HEARTBEAT_SENT","detail":"0x0002"}
{"ts":"2026-04-05T09:07:59.362Z","level":"INFO","device":"868120018681","event":"GPS_SENT","detail":""}
{"ts":"2026-04-05T09:07:59.365Z","level":"INFO","device":"200000000001","event":"OBD2_SENT_0x0200","detail":"Lat: 51.714094, Lng: 0.514340 | Speed: 36km/h | RPM: 2231"}
{"ts":"2026-04-05T09:07:59.502Z","level":"INFO","device":"200000000002","event":"HEARTBEAT_SENT","detail":"0x0002"}
{"ts":"2026-04-05T09:07:59.512Z","level":"INFO","device":"868120100002","event":"GPS_SENT","detail":""}
{"ts":"2026-04-05T09:07:59.516Z","level":"INFO","device":"200000000002","event":"OBD2_SENT_0x0200","detail":"Lat: 51.736341, Lng: 0.480869 | Speed: 52km/h | RPM: 2869"}
{"ts":"2026-04-05T09:07:59.547Z","level":"ERROR","device":"300000000001","event":"SOCKET_ERROR","detail":"ECONNREFUSED"}
{"ts":"2026-04-05T09:07:59.564Z","level":"INFO","device":"200000000001","event":"SERVER_ACK","detail":"0x8001 Universal Reply Received"}
{"ts":"2026-04-05T09:07:59.571Z","level":"INFO","device":"868120018681","event":"RX_MSG","detail":"0x8001 bodyLen=5"}
{"ts":"2026-04-05T09:07:59.571Z","level":"INFO","device":"868120018681","event":"SERVER_ACK","detail":"0x0200 result=OK"}
{"ts":"2026-04-05T09:07:59.694Z","level":"ERROR","device":"300000000002","event":"SOCKET_ERROR","detail":"ECONNREFUSED"}
{"ts":"2026-04-05T09:07:59.697Z","level":"INFO","device":"868120100002","event":"RX_MSG","detail":"0x8001 bodyLen=5"}
{"ts":"2026-04-05T09:07:59.697Z","level":"INFO","device":"868120100002","event":"SERVER_ACK","detail":"0x0200 result=OK"}
{"ts":"2026-04-05T09:07:59.700Z","level":"INFO","device":"200000000002","event":"SERVER_ACK","detail":"0x8001 Universal Reply Received"}
{"ts":"2026-04-05T09:07:59.908Z","level":"INFO","device":"200000000001","event":"SERVER_ACK","detail":"0x8001 Universal Reply Received"}
{"ts":"2026-04-05T09:08:00.017Z","level":"INFO","device":"200000000002","event":"SERVER_ACK","detail":"0x8001 Universal Reply Received"}
{"ts":"2026-04-05T09:08:14.366Z","level":"INFO","device":"200000000001","event":"OBD2_SENT_0x0200","detail":"Lat: 51.736107, Lng: 0.468498 | Speed: 40km/h | RPM: 2387"}
{"ts":"2026-04-05T09:08:14.515Z","level":"INFO","device":"200000000002","event":"OBD2_SENT_0x0200","detail":"Lat: 51.734907, Lng: 0.482541 | Speed: 47km/h | RPM: 2687"}
{"ts":"2026-04-05T09:08:14.578Z","level":"INFO","device":"200000000001","event":"SERVER_ACK","detail":"0x8001 Universal Reply Received"}
{"ts":"2026-04-05T09:08:14.711Z","level":"INFO","device":"200000000002","event":"SERVER_ACK","detail":"0x8001 Universal Reply Received"}
{"ts":"2026-04-05T09:08:19.362Z","level":"INFO","device":"868120018681","event":"GPS_SENT","detail":""}
{"ts":"2026-04-05T09:08:19.511Z","level":"INFO","device":"868120100002","event":"GPS_SENT","detail":""}
{"ts":"2026-04-05T09:08:19.572Z","level":"INFO","device":"868120018681","event":"RX_MSG","detail":"0x8001 bodyLen=5"}
{"ts":"2026-04-05T09:08:19.572Z","level":"INFO","device":"868120018681","event":"SERVER_ACK","detail":"0x0200 result=OK"}
{"ts":"2026-04-05T09:08:19.697Z","level":"INFO","device":"868120100002","event":"RX_MSG","detail":"0x8001 bodyLen=5"}
{"ts":"2026-04-05T09:08:19.697Z","level":"INFO","device":"868120100002","event":"SERVER_ACK","detail":"0x0200 result=OK"}
{"ts":"2026-04-05T09:08:29.352Z","level":"INFO","device":"200000000001","event":"HEARTBEAT_SENT","detail":"0x0002"}
{"ts":"2026-04-05T09:08:29.366Z","level":"INFO","device":"200000000001","event":"OBD2_SENT_0x0200","detail":"Lat: 51.736723, Lng: 0.470409 | Speed: 38km/h | RPM: 2338"}
{"ts":"2026-04-05T09:08:29.503Z","level":"INFO","device":"200000000002","event":"HEARTBEAT_SENT","detail":"0x0002"}
{"ts":"2026-04-05T09:08:29.516Z","level":"INFO","device":"200000000002","event":"OBD2_SENT_0x0200","detail":"Lat: 51.733742, Lng: 0.484505 | Speed: 48km/h | RPM: 2702"}
{"ts":"2026-04-05T09:08:29.563Z","level":"INFO","device":"200000000001","event":"SERVER_ACK","detail":"0x8001 Universal Reply Received"}
{"ts":"2026-04-05T09:08:29.698Z","level":"INFO","device":"200000000002","event":"SERVER_ACK","detail":"0x8001 Universal Reply Received"}
{"ts":"2026-04-05T09:08:29.886Z","level":"INFO","device":"200000000001","event":"SERVER_ACK","detail":"0x8001 Universal Reply Received"}
{"ts":"2026-04-05T09:08:29.995Z","level":"INFO","device":"200000000002","event":"SERVER_ACK","detail":"0x8001 Universal Reply Received"}
{"ts":"2026-04-05T09:08:39.363Z","level":"INFO","device":"868120018681","event":"GPS_SENT","detail":""}
{"ts":"2026-04-05T09:08:39.512Z","level":"INFO","device":"868120100002","event":"GPS_SENT","detail":""}
{"ts":"2026-04-05T09:08:39.573Z","level":"INFO","device":"868120018681","event":"RX_MSG","detail":"0x8001 bodyLen=5"}
{"ts":"2026-04-05T09:08:39.573Z","level":"INFO","device":"868120018681","event":"SERVER_ACK","detail":"0x0200 result=OK"}
{"ts":"2026-04-05T09:08:39.699Z","level":"INFO","device":"868120100002","event":"RX_MSG","detail":"0x8001 bodyLen=5"}
{"ts":"2026-04-05T09:08:39.699Z","level":"INFO","device":"868120100002","event":"SERVER_ACK","detail":"0x0200 result=OK"}
{"ts":"2026-04-05T09:08:44.367Z","level":"INFO","device":"200000000001","event":"OBD2_SENT_0x0200","detail":"Lat: 51.737261, Lng: 0.472424 | Speed: 34km/h | RPM: 2168"}
{"ts":"2026-04-05T09:08:44.520Z","level":"INFO","device":"200000000002","event":"OBD2_SENT_0x0200","detail":"Lat: 51.733048, Lng: 0.487209 | Speed: 48km/h | RPM: 2714"}
{"ts":"2026-04-05T09:08:44.579Z","level":"INFO","device":"200000000001","event":"SERVER_ACK","detail":"0x8001 Universal Reply Received"}
{"ts":"2026-04-05T09:08:44.718Z","level":"INFO","device":"200000000002","event":"SERVER_ACK","detail":"0x8001 Universal Reply Received"}
{"ts":"2026-04-05T09:08:59.353Z","level":"INFO","device":"200000000001","event":"HEARTBEAT_SENT","detail":"0x0002"}
{"ts":"2026-04-05T09:08:59.363Z","level":"INFO","device":"868120018681","event":"GPS_SENT","detail":""}
{"ts":"2026-04-05T09:08:59.366Z","level":"INFO","device":"200000000001","event":"OBD2_SENT_0x0200","detail":"Lat: 51.737626, Lng: 0.474405 | Speed: 35km/h | RPM: 2206"}
{"ts":"2026-04-05T09:08:59.503Z","level":"INFO","device":"200000000002","event":"HEARTBEAT_SENT","detail":"0x0002"}
{"ts":"2026-04-05T09:08:59.512Z","level":"INFO","device":"868120100002","event":"GPS_SENT","detail":""}
{"ts":"2026-04-05T09:08:59.520Z","level":"INFO","device":"200000000002","event":"OBD2_SENT_0x0200","detail":"Lat: 51.732163, Lng: 0.489843 | Speed: 50km/h | RPM: 2798"}
{"ts":"2026-04-05T09:08:59.565Z","level":"INFO","device":"200000000001","event":"SERVER_ACK","detail":"0x8001 Universal Reply Received"}
{"ts":"2026-04-05T09:08:59.574Z","level":"INFO","device":"868120018681","event":"RX_MSG","detail":"0x8001 bodyLen=5"}
{"ts":"2026-04-05T09:08:59.574Z","level":"INFO","device":"868120018681","event":"SERVER_ACK","detail":"0x0200 result=OK"}
{"ts":"2026-04-05T09:08:59.697Z","level":"INFO","device":"868120100002","event":"RX_MSG","detail":"0x8001 bodyLen=5"}
{"ts":"2026-04-05T09:08:59.697Z","level":"INFO","device":"868120100002","event":"SERVER_ACK","detail":"0x0200 result=OK"}
{"ts":"2026-04-05T09:08:59.700Z","level":"INFO","device":"200000000002","event":"SERVER_ACK","detail":"0x8001 Universal Reply Received"}
{"ts":"2026-04-05T09:08:59.906Z","level":"INFO","device":"200000000001","event":"SERVER_ACK","detail":"0x8001 Universal Reply Received"}
{"ts":"2026-04-05T09:09:00.016Z","level":"INFO","device":"200000000002","event":"SERVER_ACK","detail":"0x8001 Universal Reply Received"}
{"ts":"2026-04-05T09:09:14.367Z","level":"INFO","device":"200000000001","event":"OBD2_SENT_0x0200","detail":"Lat: 51.737799, Lng: 0.476618 | Speed: 37km/h | RPM: 2292"}
{"ts":"2026-04-05T09:09:14.520Z","level":"INFO","device":"200000000002","event":"OBD2_SENT_0x0200","detail":"Lat: 51.730897, Lng: 0.492133 | Speed: 45km/h | RPM: 2614"}
{"ts":"2026-04-05T09:09:14.579Z","level":"INFO","device":"200000000001","event":"SERVER_ACK","detail":"0x8001 Universal Reply Received"}
{"ts":"2026-04-05T09:09:14.716Z","level":"INFO","device":"200000000002","event":"SERVER_ACK","detail":"0x8001 Universal Reply Received"}
{"ts":"2026-04-05T09:09:19.362Z","level":"INFO","device":"868120018681","event":"GPS_SENT","detail":""}
{"ts":"2026-04-05T09:09:19.511Z","level":"INFO","device":"868120100002","event":"GPS_SENT","detail":""}
{"ts":"2026-04-05T09:09:19.572Z","level":"INFO","device":"868120018681","event":"RX_MSG","detail":"0x8001 bodyLen=5"}
{"ts":"2026-04-05T09:09:19.572Z","level":"INFO","device":"868120018681","event":"SERVER_ACK","detail":"0x0200 result=OK"}
{"ts":"2026-04-05T09:09:19.697Z","level":"INFO","device":"868120100002","event":"RX_MSG","detail":"0x8001 bodyLen=5"}
{"ts":"2026-04-05T09:09:19.697Z","level":"INFO","device":"868120100002","event":"SERVER_ACK","detail":"0x0200 result=OK"}
{"ts":"2026-04-05T09:09:29.352Z","level":"INFO","device":"200000000001","event":"HEARTBEAT_SENT","detail":"0x0002"}
{"ts":"2026-04-05T09:09:29.367Z","level":"INFO","device":"200000000001","event":"OBD2_SENT_0x0200","detail":"Lat: 51.737429, Lng: 0.478884 | Speed: 38km/h | RPM: 2312"}
{"ts":"2026-04-05T09:09:29.503Z","level":"INFO","device":"200000000002","event":"HEARTBEAT_SENT","detail":"0x0002"}
{"ts":"2026-04-05T09:09:29.519Z","level":"INFO","device":"200000000002","event":"OBD2_SENT_0x0200","detail":"Lat: 51.729583, Lng: 0.493707 | Speed: 42km/h | RPM: 2470"}
{"ts":"2026-04-05T09:09:29.563Z","level":"INFO","device":"200000000001","event":"SERVER_ACK","detail":"0x8001 Universal Reply Received"}
{"ts":"2026-04-05T09:09:29.699Z","level":"INFO","device":"200000000002","event":"SERVER_ACK","detail":"0x8001 Universal Reply Received"}
{"ts":"2026-04-05T09:09:29.886Z","level":"INFO","device":"200000000001","event":"SERVER_ACK","detail":"0x8001 Universal Reply Received"}
{"ts":"2026-04-05T09:09:29.996Z","level":"INFO","device":"200000000002","event":"SERVER_ACK","detail":"0x8001 Universal Reply Received"}
{"ts":"2026-04-05T09:09:39.365Z","level":"INFO","device":"868120018681","event":"GPS_SENT","detail":""}
{"ts":"2026-04-05T09:09:39.511Z","level":"INFO","device":"868120100002","event":"GPS_SENT","detail":""}
{"ts":"2026-04-05T09:09:39.577Z","level":"INFO","device":"868120018681","event":"RX_MSG","detail":"0x8001 bodyLen=5"}
{"ts":"2026-04-05T09:09:39.577Z","level":"INFO","device":"868120018681","event":"SERVER_ACK","detail":"0x0200 result=OK"}
{"ts":"2026-04-05T09:09:39.699Z","level":"INFO","device":"868120100002","event":"RX_MSG","detail":"0x8001 bodyLen=5"}
{"ts":"2026-04-05T09:09:39.699Z","level":"INFO","device":"868120100002","event":"SERVER_ACK","detail":"0x0200 result=OK"}
{"ts":"2026-04-05T09:09:44.367Z","level":"INFO","device":"200000000001","event":"OBD2_SENT_0x0200","detail":"Lat: 51.736598, Lng: 0.480536 | Speed: 38km/h | RPM: 2311"}
{"ts":"2026-04-05T09:09:44.519Z","level":"INFO","device":"200000000002","event":"OBD2_SENT_0x0200","detail":"Lat: 51.728196, Lng: 0.494843 | Speed: 39km/h | RPM: 2369"}
{"ts":"2026-04-05T09:09:44.579Z","level":"INFO","device":"200000000001","event":"SERVER_ACK","detail":"0x8001 Universal Reply Received"}
{"ts":"2026-04-05T09:09:44.715Z","level":"INFO","device":"200000000002","event":"SERVER_ACK","detail":"0x8001 Universal Reply Received"}
{"ts":"2026-04-05T09:09:59.353Z","level":"INFO","device":"200000000001","event":"HEARTBEAT_SENT","detail":"0x0002"}
{"ts":"2026-04-05T09:09:59.366Z","level":"INFO","device":"868120018681","event":"GPS_SENT","detail":""}
{"ts":"2026-04-05T09:09:59.368Z","level":"INFO","device":"200000000001","event":"OBD2_SENT_0x0200","detail":"Lat: 51.735385, Lng: 0.481984 | Speed: 42km/h | RPM: 2480"}
{"ts":"2026-04-05T09:09:59.504Z","level":"INFO","device":"200000000002","event":"HEARTBEAT_SENT","detail":"0x0002"}
{"ts":"2026-04-05T09:09:59.512Z","level":"INFO","device":"868120100002","event":"GPS_SENT","detail":""}
{"ts":"2026-04-05T09:09:59.520Z","level":"INFO","device":"200000000002","event":"OBD2_SENT_0x0200","detail":"Lat: 51.726898, Lng: 0.495551 | Speed: 37km/h | RPM: 2277"}
{"ts":"2026-04-05T09:09:59.564Z","level":"INFO","device":"200000000001","event":"SERVER_ACK","detail":"0x8001 Universal Reply Received"}
{"ts":"2026-04-05T09:09:59.576Z","level":"INFO","device":"868120018681","event":"RX_MSG","detail":"0x8001 bodyLen=5"}
{"ts":"2026-04-05T09:09:59.576Z","level":"INFO","device":"868120018681","event":"SERVER_ACK","detail":"0x0200 result=OK"}
{"ts":"2026-04-05T09:09:59.697Z","level":"INFO","device":"868120100002","event":"RX_MSG","detail":"0x8001 bodyLen=5"}
{"ts":"2026-04-05T09:09:59.697Z","level":"INFO","device":"868120100002","event":"SERVER_ACK","detail":"0x0200 result=OK"}
{"ts":"2026-04-05T09:09:59.700Z","level":"INFO","device":"200000000002","event":"SERVER_ACK","detail":"0x8001 Universal Reply Received"}
{"ts":"2026-04-05T09:09:59.898Z","level":"INFO","device":"200000000001","event":"SERVER_ACK","detail":"0x8001 Universal Reply Received"}
{"ts":"2026-04-05T09:10:00.008Z","level":"INFO","device":"200000000002","event":"SERVER_ACK","detail":"0x8001 Universal Reply Received"}
{"ts":"2026-04-05T09:10:14.368Z","level":"INFO","device":"200000000001","event":"OBD2_SENT_0x0200","detail":"Lat: 51.734187, Lng: 0.483561 | Speed: 42km/h | RPM: 2486"}
{"ts":"2026-04-05T09:10:14.520Z","level":"INFO","device":"200000000002","event":"OBD2_SENT_0x0200","detail":"Lat: 51.725439, Lng: 0.496032 | Speed: 41km/h | RPM: 2431"}
{"ts":"2026-04-05T09:10:14.580Z","level":"INFO","device":"200000000001","event":"SERVER_ACK","detail":"0x8001 Universal Reply Received"}
{"ts":"2026-04-05T09:10:14.716Z","level":"INFO","device":"200000000002","event":"SERVER_ACK","detail":"0x8001 Universal Reply Received"}
{"ts":"2026-04-05T09:10:19.366Z","level":"INFO","device":"868120018681","event":"GPS_SENT","detail":""}
{"ts":"2026-04-05T09:10:19.512Z","level":"INFO","device":"868120100002","event":"GPS_SENT","detail":""}
{"ts":"2026-04-05T09:10:19.577Z","level":"INFO","device":"868120018681","event":"RX_MSG","detail":"0x8001 bodyLen=5"}
{"ts":"2026-04-05T09:10:19.577Z","level":"INFO","device":"868120018681","event":"SERVER_ACK","detail":"0x0200 result=OK"}
{"ts":"2026-04-05T09:10:19.698Z","level":"INFO","device":"868120100002","event":"RX_MSG","detail":"0x8001 bodyLen=5"}
{"ts":"2026-04-05T09:10:19.698Z","level":"INFO","device":"868120100002","event":"SERVER_ACK","detail":"0x0200 result=OK"}
{"ts":"2026-04-05T09:10:23.912Z","level":"INFO","device":"868120018681","event":"RX_MSG","detail":"0x9101 bodyLen=20"}
{"ts":"2026-04-05T09:10:23.913Z","level":"INFO","device":"868120018681","event":"SENT_ACK","detail":"0x0001 acknowledging Live Stream Request"}
{"ts":"2026-04-05T09:10:23.913Z","level":"INFO","device":"868120018681","event":"LIVE_STREAM_REQ","detail":"Target: 54.37.225.65:3388 | Channel: 1"}
{"ts":"2026-04-05T09:10:23.913Z","level":"INFO","device":"868120018681","event":"LIVE_STREAM_CONNECTING","detail":"54.37.225.65:3388"}
{"ts":"2026-04-05T09:10:24.098Z","level":"INFO","device":"868120018681","event":"LIVE_STREAM_CONNECTED","detail":"Pumping video for CH1... (BCD: 868120018681)"}
{"ts":"2026-04-05T09:10:24.122Z","level":"INFO","device":"868120018681","event":"RX_MSG","detail":"0x9101 bodyLen=20"}
{"ts":"2026-04-05T09:10:24.123Z","level":"INFO","device":"868120018681","event":"SENT_ACK","detail":"0x0001 acknowledging Live Stream Request"}
{"ts":"2026-04-05T09:10:24.123Z","level":"INFO","device":"868120018681","event":"LIVE_STREAM_REQ","detail":"Target: 54.37.225.65:3388 | Channel: 1"}
{"ts":"2026-04-05T09:10:24.125Z","level":"INFO","device":"868120018681","event":"LIVE_STREAM_CONNECTING","detail":"54.37.225.65:3388"}
{"ts":"2026-04-05T09:10:24.337Z","level":"INFO","device":"868120018681","event":"LIVE_STREAM_CONNECTED","detail":"Pumping video for CH1... (BCD: 868120018681)"}
{"ts":"2026-04-05T09:10:29.352Z","level":"INFO","device":"200000000001","event":"HEARTBEAT_SENT","detail":"0x0002"}
{"ts":"2026-04-05T09:10:29.367Z","level":"INFO","device":"200000000001","event":"OBD2_SENT_0x0200","detail":"Lat: 51.733381, Lng: 0.485693 | Speed: 43km/h | RPM: 2503"}
{"ts":"2026-04-05T09:10:29.503Z","level":"INFO","device":"200000000002","event":"HEARTBEAT_SENT","detail":"0x0002"}
{"ts":"2026-04-05T09:10:29.522Z","level":"INFO","device":"200000000002","event":"OBD2_SENT_0x0200","detail":"Lat: 51.723996, Lng: 0.496381 | Speed: 39km/h | RPM: 2352"}
{"ts":"2026-04-05T09:10:29.544Z","level":"INFO","device":"868120018681","event":"RX_MSG","detail":"0x9101 bodyLen=20"}
{"ts":"2026-04-05T09:10:29.545Z","level":"INFO","device":"868120018681","event":"SENT_ACK","detail":"0x0001 acknowledging Live Stream Request"}
{"ts":"2026-04-05T09:10:29.545Z","level":"INFO","device":"868120018681","event":"LIVE_STREAM_REQ","detail":"Target: 54.37.225.65:3388 | Channel: 2"}
{"ts":"2026-04-05T09:10:29.545Z","level":"INFO","device":"868120018681","event":"LIVE_STREAM_CONNECTING","detail":"54.37.225.65:3388"}
{"ts":"2026-04-05T09:10:29.563Z","level":"INFO","device":"200000000001","event":"SERVER_ACK","detail":"0x8001 Universal Reply Received"}
{"ts":"2026-04-05T09:10:29.699Z","level":"INFO","device":"200000000002","event":"SERVER_ACK","detail":"0x8001 Universal Reply Received"}
{"ts":"2026-04-05T09:10:29.759Z","level":"INFO","device":"868120018681","event":"LIVE_STREAM_CONNECTED","detail":"Pumping video for CH2... (BCD: 868120018681)"}
{"ts":"2026-04-05T09:10:29.904Z","level":"INFO","device":"200000000001","event":"SERVER_ACK","detail":"0x8001 Universal Reply Received"}
{"ts":"2026-04-05T09:10:30.013Z","level":"INFO","device":"200000000002","event":"SERVER_ACK","detail":"0x8001 Universal Reply Received"}
{"ts":"2026-04-05T09:10:35.005Z","level":"INFO","device":"868120018681","event":"RX_MSG","detail":"0x9101 bodyLen=20"}
{"ts":"2026-04-05T09:10:35.006Z","level":"INFO","device":"868120018681","event":"SENT_ACK","detail":"0x0001 acknowledging Live Stream Request"}
{"ts":"2026-04-05T09:10:35.006Z","level":"INFO","device":"868120018681","event":"LIVE_STREAM_REQ","detail":"Target: 54.37.225.65:3388 | Channel: 1"}
{"ts":"2026-04-05T09:10:35.006Z","level":"INFO","device":"868120018681","event":"LIVE_STREAM_CONNECTING","detail":"54.37.225.65:3388"}
{"ts":"2026-04-05T09:10:35.210Z","level":"INFO","device":"868120018681","event":"LIVE_STREAM_CONNECTED","detail":"Pumping video for CH1... (BCD: 868120018681)"}
{"ts":"2026-04-05T09:10:39.367Z","level":"INFO","device":"868120018681","event":"GPS_SENT","detail":""}
{"ts":"2026-04-05T09:10:39.511Z","level":"INFO","device":"868120100002","event":"GPS_SENT","detail":""}
{"ts":"2026-04-05T09:10:39.576Z","level":"INFO","device":"868120018681","event":"RX_MSG","detail":"0x8001 bodyLen=5"}
{"ts":"2026-04-05T09:10:39.576Z","level":"INFO","device":"868120018681","event":"SERVER_ACK","detail":"0x0200 result=OK"}
{"ts":"2026-04-05T09:10:39.697Z","level":"INFO","device":"868120100002","event":"RX_MSG","detail":"0x8001 bodyLen=5"}
{"ts":"2026-04-05T09:10:39.697Z","level":"INFO","device":"868120100002","event":"SERVER_ACK","detail":"0x0200 result=OK"}
{"ts":"2026-04-05T09:10:41.013Z","level":"INFO","device":"868120018681","event":"RX_MSG","detail":"0x9101 bodyLen=20"}
{"ts":"2026-04-05T09:10:41.014Z","level":"INFO","device":"868120018681","event":"SENT_ACK","detail":"0x0001 acknowledging Live Stream Request"}
{"ts":"2026-04-05T09:10:41.014Z","level":"INFO","device":"868120018681","event":"LIVE_STREAM_REQ","detail":"Target: 54.37.225.65:3388 | Channel: 2"}
{"ts":"2026-04-05T09:10:41.015Z","level":"INFO","device":"868120018681","event":"LIVE_STREAM_CONNECTING","detail":"54.37.225.65:3388"}
{"ts":"2026-04-05T09:10:41.219Z","level":"INFO","device":"868120018681","event":"LIVE_STREAM_CONNECTED","detail":"Pumping video for CH2... (BCD: 868120018681)"}
{"ts":"2026-04-05T09:10:44.368Z","level":"INFO","device":"200000000001","event":"OBD2_SENT_0x0200","detail":"Lat: 51.732629, Lng: 0.488613 | Speed: 45km/h | RPM: 2596"}
{"ts":"2026-04-05T09:10:44.522Z","level":"INFO","device":"200000000002","event":"OBD2_SENT_0x0200","detail":"Lat: 51.722578, Lng: 0.496911 | Speed: 38km/h | RPM: 2340"}
{"ts":"2026-04-05T09:10:44.580Z","level":"INFO","device":"200000000001","event":"SERVER_ACK","detail":"0x8001 Universal Reply Received"}
{"ts":"2026-04-05T09:10:44.719Z","level":"INFO","device":"200000000002","event":"SERVER_ACK","detail":"0x8001 Universal Reply Received"}
{"ts":"2026-04-05T09:10:59.352Z","level":"INFO","device":"200000000001","event":"HEARTBEAT_SENT","detail":"0x0002"}
{"ts":"2026-04-05T09:10:59.368Z","level":"INFO","device":"868120018681","event":"GPS_SENT","detail":""}
{"ts":"2026-04-05T09:10:59.369Z","level":"INFO","device":"200000000001","event":"OBD2_SENT_0x0200","detail":"Lat: 51.731802, Lng: 0.490596 | Speed: 43km/h | RPM: 2529"}
{"ts":"2026-04-05T09:10:59.503Z","level":"INFO","device":"200000000002","event":"HEARTBEAT_SENT","detail":"0x0002"}
{"ts":"2026-04-05T09:10:59.511Z","level":"INFO","device":"868120100002","event":"GPS_SENT","detail":""}
{"ts":"2026-04-05T09:10:59.523Z","level":"INFO","device":"200000000002","event":"OBD2_SENT_0x0200","detail":"Lat: 51.721109, Lng: 0.497695 | Speed: 41km/h | RPM: 2442"}
{"ts":"2026-04-05T09:10:59.565Z","level":"INFO","device":"200000000001","event":"SERVER_ACK","detail":"0x8001 Universal Reply Received"}
{"ts":"2026-04-05T09:10:59.579Z","level":"INFO","device":"868120018681","event":"RX_MSG","detail":"0x8001 bodyLen=5"}
{"ts":"2026-04-05T09:10:59.580Z","level":"INFO","device":"868120018681","event":"SERVER_ACK","detail":"0x0200 result=OK"}
{"ts":"2026-04-05T09:10:59.697Z","level":"INFO","device":"868120100002","event":"RX_MSG","detail":"0x8001 bodyLen=5"}
{"ts":"2026-04-05T09:10:59.697Z","level":"INFO","device":"868120100002","event":"SERVER_ACK","detail":"0x0200 result=OK"}
{"ts":"2026-04-05T09:10:59.699Z","level":"INFO","device":"200000000002","event":"SERVER_ACK","detail":"0x8001 Universal Reply Received"}
{"ts":"2026-04-05T09:10:59.886Z","level":"INFO","device":"200000000001","event":"SERVER_ACK","detail":"0x8001 Universal Reply Received"}
{"ts":"2026-04-05T09:10:59.995Z","level":"INFO","device":"200000000002","event":"SERVER_ACK","detail":"0x8001 Universal Reply Received"}
{"ts":"2026-04-05T09:11:14.370Z","level":"INFO","device":"200000000001","event":"OBD2_SENT_0x0200","detail":"Lat: 51.730584, Lng: 0.492535 | Speed: 42km/h | RPM: 2498"}
{"ts":"2026-04-05T09:11:14.523Z","level":"INFO","device":"200000000002","event":"OBD2_SENT_0x0200","detail":"Lat: 51.719507, Lng: 0.498904 | Speed: 46km/h | RPM: 2637"}
{"ts":"2026-04-05T09:11:14.582Z","level":"INFO","device":"200000000001","event":"SERVER_ACK","detail":"0x8001 Universal Reply Received"}
{"ts":"2026-04-05T09:11:14.719Z","level":"INFO","device":"200000000002","event":"SERVER_ACK","detail":"0x8001 Universal Reply Received"}
{"ts":"2026-04-05T09:11:19.368Z","level":"INFO","device":"868120018681","event":"GPS_SENT","detail":""}
{"ts":"2026-04-05T09:11:19.512Z","level":"INFO","device":"868120100002","event":"GPS_SENT","detail":""}
{"ts":"2026-04-05T09:11:19.579Z","level":"INFO","device":"868120018681","event":"RX_MSG","detail":"0x8001 bodyLen=5"}
{"ts":"2026-04-05T09:11:19.580Z","level":"INFO","device":"868120018681","event":"SERVER_ACK","detail":"0x0200 result=OK"}
{"ts":"2026-04-05T09:11:19.697Z","level":"INFO","device":"868120100002","event":"RX_MSG","detail":"0x8001 bodyLen=5"}
{"ts":"2026-04-05T09:11:19.697Z","level":"INFO","device":"868120100002","event":"SERVER_ACK","detail":"0x0200 result=OK"}
{"ts":"2026-04-05T09:11:29.352Z","level":"INFO","device":"200000000001","event":"HEARTBEAT_SENT","detail":"0x0002"}
{"ts":"2026-04-05T09:11:29.371Z","level":"INFO","device":"200000000001","event":"OBD2_SENT_0x0200","detail":"Lat: 51.729346, Lng: 0.493936 | Speed: 38km/h | RPM: 2306"}
{"ts":"2026-04-05T09:11:29.504Z","level":"INFO","device":"200000000002","event":"HEARTBEAT_SENT","detail":"0x0002"}
{"ts":"2026-04-05T09:11:29.523Z","level":"INFO","device":"200000000002","event":"OBD2_SENT_0x0200","detail":"Lat: 51.718140, Lng: 0.500640 | Speed: 47km/h | RPM: 2662"}
{"ts":"2026-04-05T09:11:29.564Z","level":"INFO","device":"200000000001","event":"SERVER_ACK","detail":"0x8001 Universal Reply Received"}
{"ts":"2026-04-05T09:11:29.699Z","level":"INFO","device":"200000000002","event":"SERVER_ACK","detail":"0x8001 Universal Reply Received"}
{"ts":"2026-04-05T09:11:29.907Z","level":"INFO","device":"200000000001","event":"SERVER_ACK","detail":"0x8001 Universal Reply Received"}
{"ts":"2026-04-05T09:11:30.016Z","level":"INFO","device":"200000000002","event":"SERVER_ACK","detail":"0x8001 Universal Reply Received"}
{"ts":"2026-04-05T09:11:38.031Z","level":"INFO","device":"868120018681","event":"RX_MSG","detail":"0x9101 bodyLen=20"}
{"ts":"2026-04-05T09:11:38.032Z","level":"INFO","device":"868120018681","event":"SENT_ACK","detail":"0x0001 acknowledging Live Stream Request"}
{"ts":"2026-04-05T09:11:38.032Z","level":"INFO","device":"868120018681","event":"LIVE_STREAM_REQ","detail":"Target: 54.37.225.65:3388 | Channel: 1"}
{"ts":"2026-04-05T09:11:38.032Z","level":"INFO","device":"868120018681","event":"LIVE_STREAM_CONNECTING","detail":"54.37.225.65:3388"}
{"ts":"2026-04-05T09:11:38.218Z","level":"INFO","device":"868120018681","event":"LIVE_STREAM_CONNECTED","detail":"Pumping video for CH1... (BCD: 868120018681)"}
{"ts":"2026-04-05T09:11:38.241Z","level":"INFO","device":"868120018681","event":"RX_MSG","detail":"0x9101 bodyLen=20"}
{"ts":"2026-04-05T09:11:38.241Z","level":"INFO","device":"868120018681","event":"SENT_ACK","detail":"0x0001 acknowledging Live Stream Request"}
{"ts":"2026-04-05T09:11:38.242Z","level":"INFO","device":"868120018681","event":"LIVE_STREAM_REQ","detail":"Target: 54.37.225.65:3388 | Channel: 1"}
{"ts":"2026-04-05T09:11:38.242Z","level":"INFO","device":"868120018681","event":"LIVE_STREAM_CONNECTING","detail":"54.37.225.65:3388"}
{"ts":"2026-04-05T09:11:38.444Z","level":"INFO","device":"868120018681","event":"LIVE_STREAM_CONNECTED","detail":"Pumping video for CH1... (BCD: 868120018681)"}
{"ts":"2026-04-05T09:11:39.368Z","level":"INFO","device":"868120018681","event":"GPS_SENT","detail":""}
{"ts":"2026-04-05T09:11:39.512Z","level":"INFO","device":"868120100002","event":"GPS_SENT","detail":""}
{"ts":"2026-04-05T09:11:39.578Z","level":"INFO","device":"868120018681","event":"RX_MSG","detail":"0x8001 bodyLen=5"}
{"ts":"2026-04-05T09:11:39.578Z","level":"INFO","device":"868120018681","event":"SERVER_ACK","detail":"0x0200 result=OK"}
{"ts":"2026-04-05T09:11:39.698Z","level":"INFO","device":"868120100002","event":"RX_MSG","detail":"0x8001 bodyLen=5"}
{"ts":"2026-04-05T09:11:39.698Z","level":"INFO","device":"868120100002","event":"SERVER_ACK","detail":"0x0200 result=OK"}
{"ts":"2026-04-05T09:11:44.371Z","level":"INFO","device":"200000000001","event":"OBD2_SENT_0x0200","detail":"Lat: 51.728171, Lng: 0.494858 | Speed: 35km/h | RPM: 2180"}
{"ts":"2026-04-05T09:11:44.523Z","level":"INFO","device":"200000000002","event":"OBD2_SENT_0x0200","detail":"Lat: 51.717101, Lng: 0.502630 | Speed: 43km/h | RPM: 2507"}
{"ts":"2026-04-05T09:11:44.582Z","level":"INFO","device":"200000000001","event":"SERVER_ACK","detail":"0x8001 Universal Reply Received"}
{"ts":"2026-04-05T09:11:44.719Z","level":"INFO","device":"200000000002","event":"SERVER_ACK","detail":"0x8001 Universal Reply Received"}
{"ts":"2026-04-05T09:11:53.875Z","level":"INFO","device":"868120018681","event":"RX_MSG","detail":"0x9101 bodyLen=20"}
{"ts":"2026-04-05T09:11:53.876Z","level":"INFO","device":"868120018681","event":"SENT_ACK","detail":"0x0001 acknowledging Live Stream Request"}
{"ts":"2026-04-05T09:11:53.877Z","level":"INFO","device":"868120018681","event":"LIVE_STREAM_REQ","detail":"Target: 54.37.225.65:3388 | Channel: 1"}
{"ts":"2026-04-05T09:11:53.877Z","level":"INFO","device":"868120018681","event":"LIVE_STREAM_CONNECTING","detail":"54.37.225.65:3388"}
{"ts":"2026-04-05T09:11:54.085Z","level":"INFO","device":"868120018681","event":"RX_MSG","detail":"0x9101 bodyLen=20"}
{"ts":"2026-04-05T09:11:54.085Z","level":"INFO","device":"868120018681","event":"SENT_ACK","detail":"0x0001 acknowledging Live Stream Request"}
{"ts":"2026-04-05T09:11:54.085Z","level":"INFO","device":"868120018681","event":"LIVE_STREAM_REQ","detail":"Target: 54.37.225.65:3388 | Channel: 1"}
{"ts":"2026-04-05T09:11:54.085Z","level":"INFO","device":"868120018681","event":"LIVE_STREAM_CONNECTING","detail":"54.37.225.65:3388"}
{"ts":"2026-04-05T09:11:54.295Z","level":"INFO","device":"868120018681","event":"LIVE_STREAM_CONNECTED","detail":"Pumping video for CH1... (BCD: 868120018681)"}
{"ts":"2026-04-05T09:11:59.353Z","level":"INFO","device":"200000000001","event":"HEARTBEAT_SENT","detail":"0x0002"}
{"ts":"2026-04-05T09:11:59.368Z","level":"INFO","device":"868120018681","event":"GPS_SENT","detail":""}
{"ts":"2026-04-05T09:11:59.371Z","level":"INFO","device":"200000000001","event":"OBD2_SENT_0x0200","detail":"Lat: 51.726858, Lng: 0.495571 | Speed: 37km/h | RPM: 2295"}
{"ts":"2026-04-05T09:11:59.505Z","level":"INFO","device":"200000000002","event":"HEARTBEAT_SENT","detail":"0x0002"}
{"ts":"2026-04-05T09:11:59.513Z","level":"INFO","device":"868120100002","event":"GPS_SENT","detail":""}
{"ts":"2026-04-05T09:11:59.523Z","level":"INFO","device":"200000000002","event":"OBD2_SENT_0x0200","detail":"Lat: 51.716249, Lng: 0.504783 | Speed: 43km/h | RPM: 2532"}
{"ts":"2026-04-05T09:11:59.565Z","level":"INFO","device":"200000000001","event":"SERVER_ACK","detail":"0x8001 Universal Reply Received"}
{"ts":"2026-04-05T09:11:59.578Z","level":"INFO","device":"868120018681","event":"RX_MSG","detail":"0x8001 bodyLen=5"}
{"ts":"2026-04-05T09:11:59.578Z","level":"INFO","device":"868120018681","event":"SERVER_ACK","detail":"0x0200 result=OK"}
{"ts":"2026-04-05T09:11:59.699Z","level":"INFO","device":"868120100002","event":"RX_MSG","detail":"0x8001 bodyLen=5"}
{"ts":"2026-04-05T09:11:59.699Z","level":"INFO","device":"868120100002","event":"SERVER_ACK","detail":"0x0200 result=OK"}
{"ts":"2026-04-05T09:11:59.700Z","level":"INFO","device":"200000000002","event":"SERVER_ACK","detail":"0x8001 Universal Reply Received"}
{"ts":"2026-04-05T09:11:59.893Z","level":"INFO","device":"200000000001","event":"SERVER_ACK","detail":"0x8001 Universal Reply Received"}
{"ts":"2026-04-05T09:12:00.001Z","level":"INFO","device":"200000000002","event":"SERVER_ACK","detail":"0x8001 Universal Reply Received"}
{"ts":"2026-04-05T09:12:00.468Z","level":"INFO","device":"868120018681","event":"RX_MSG","detail":"0x9101 bodyLen=20"}
{"ts":"2026-04-05T09:12:00.468Z","level":"INFO","device":"868120018681","event":"SENT_ACK","detail":"0x0001 acknowledging Live Stream Request"}
{"ts":"2026-04-05T09:12:00.469Z","level":"INFO","device":"868120018681","event":"LIVE_STREAM_REQ","detail":"Target: 54.37.225.65:3388 | Channel: 2"}
{"ts":"2026-04-05T09:12:00.469Z","level":"INFO","device":"868120018681","event":"LIVE_STREAM_CONNECTING","detail":"54.37.225.65:3388"}
{"ts":"2026-04-05T09:12:00.680Z","level":"INFO","device":"868120018681","event":"LIVE_STREAM_CONNECTED","detail":"Pumping video for CH2... (BCD: 868120018681)"}
{"ts":"2026-04-05T09:12:08.590Z","level":"INFO","device":"868120018681","event":"RX_MSG","detail":"0x9101 bodyLen=20"}
{"ts":"2026-04-05T09:12:08.590Z","level":"INFO","device":"868120018681","event":"SENT_ACK","detail":"0x0001 acknowledging Live Stream Request"}
{"ts":"2026-04-05T09:12:08.591Z","level":"INFO","device":"868120018681","event":"LIVE_STREAM_REQ","detail":"Target: 54.37.225.65:3388 | Channel: 1"}
{"ts":"2026-04-05T09:12:08.593Z","level":"INFO","device":"868120018681","event":"LIVE_STREAM_CONNECTING","detail":"54.37.225.65:3388"}
{"ts":"2026-04-05T09:12:08.795Z","level":"INFO","device":"868120018681","event":"LIVE_STREAM_CONNECTED","detail":"Pumping video for CH1... (BCD: 868120018681)"}
{"ts":"2026-04-05T09:12:14.370Z","level":"INFO","device":"200000000001","event":"OBD2_SENT_0x0200","detail":"Lat: 51.725605, Lng: 0.495999 | Speed: 35km/h | RPM: 2200"}
{"ts":"2026-04-05T09:12:14.523Z","level":"INFO","device":"200000000002","event":"OBD2_SENT_0x0200","detail":"Lat: 51.715502, Lng: 0.507291 | Speed: 48km/h | RPM: 2715"}
{"ts":"2026-04-05T09:12:14.585Z","level":"INFO","device":"200000000001","event":"SERVER_ACK","detail":"0x8001 Universal Reply Received"}
{"ts":"2026-04-05T09:12:14.720Z","level":"INFO","device":"200000000002","event":"SERVER_ACK","detail":"0x8001 Universal Reply Received"}
{"ts":"2026-04-05T09:12:19.369Z","level":"INFO","device":"868120018681","event":"GPS_SENT","detail":""}
{"ts":"2026-04-05T09:12:19.514Z","level":"INFO","device":"868120100002","event":"GPS_SENT","detail":""}
{"ts":"2026-04-05T09:12:19.579Z","level":"INFO","device":"868120018681","event":"RX_MSG","detail":"0x8001 bodyLen=5"}
{"ts":"2026-04-05T09:12:19.579Z","level":"INFO","device":"868120018681","event":"SERVER_ACK","detail":"0x0200 result=OK"}
{"ts":"2026-04-05T09:12:19.699Z","level":"INFO","device":"868120100002","event":"RX_MSG","detail":"0x8001 bodyLen=5"}
{"ts":"2026-04-05T09:12:19.701Z","level":"INFO","device":"868120100002","event":"SERVER_ACK","detail":"0x0200 result=OK"}
{"ts":"2026-04-05T09:12:29.354Z","level":"INFO","device":"200000000001","event":"HEARTBEAT_SENT","detail":"0x0002"}
{"ts":"2026-04-05T09:12:29.371Z","level":"INFO","device":"200000000001","event":"OBD2_SENT_0x0200","detail":"Lat: 51.724157, Lng: 0.496333 | Speed: 39km/h | RPM: 2372"}
{"ts":"2026-04-05T09:12:29.506Z","level":"INFO","device":"200000000002","event":"HEARTBEAT_SENT","detail":"0x0002"}
{"ts":"2026-04-05T09:12:29.524Z","level":"INFO","device":"200000000002","event":"OBD2_SENT_0x0200","detail":"Lat: 51.714940, Lng: 0.509678 | Speed: 43km/h | RPM: 2538"}
{"ts":"2026-04-05T09:12:29.567Z","level":"INFO","device":"200000000001","event":"SERVER_ACK","detail":"0x8001 Universal Reply Received"}
{"ts":"2026-04-05T09:12:29.702Z","level":"INFO","device":"200000000002","event":"SERVER_ACK","detail":"0x8001 Universal Reply Received"}
{"ts":"2026-04-05T09:12:29.899Z","level":"INFO","device":"200000000001","event":"SERVER_ACK","detail":"0x8001 Universal Reply Received"}
{"ts":"2026-04-05T09:12:30.008Z","level":"INFO","device":"200000000002","event":"SERVER_ACK","detail":"0x8001 Universal Reply Received"}
{"ts":"2026-04-05T09:12:39.369Z","level":"INFO","device":"868120018681","event":"GPS_SENT","detail":""}
{"ts":"2026-04-05T09:12:39.513Z","level":"INFO","device":"868120100002","event":"GPS_SENT","detail":""}
{"ts":"2026-04-05T09:12:39.580Z","level":"INFO","device":"868120018681","event":"RX_MSG","detail":"0x8001 bodyLen=5"}
{"ts":"2026-04-05T09:12:39.580Z","level":"INFO","device":"868120018681","event":"SERVER_ACK","detail":"0x0200 result=OK"}
{"ts":"2026-04-05T09:12:39.699Z","level":"INFO","device":"868120100002","event":"RX_MSG","detail":"0x8001 bodyLen=5"}
{"ts":"2026-04-05T09:12:39.699Z","level":"INFO","device":"868120100002","event":"SERVER_ACK","detail":"0x0200 result=OK"}
{"ts":"2026-04-05T09:12:44.372Z","level":"INFO","device":"200000000001","event":"OBD2_SENT_0x0200","detail":"Lat: 51.722804, Lng: 0.496819 | Speed: 37km/h | RPM: 2270"}
{"ts":"2026-04-05T09:12:44.523Z","level":"INFO","device":"200000000002","event":"OBD2_SENT_0x0200","detail":"Lat: 51.714393, Lng: 0.512249 | Speed: 45km/h | RPM: 2599"}
{"ts":"2026-04-05T09:12:44.584Z","level":"INFO","device":"200000000001","event":"SERVER_ACK","detail":"0x8001 Universal Reply Received"}
{"ts":"2026-04-05T09:12:44.718Z","level":"INFO","device":"200000000002","event":"SERVER_ACK","detail":"0x8001 Universal Reply Received"}
{"ts":"2026-04-05T09:12:59.354Z","level":"INFO","device":"200000000001","event":"HEARTBEAT_SENT","detail":"0x0002"}
{"ts":"2026-04-05T09:12:59.370Z","level":"INFO","device":"868120018681","event":"GPS_SENT","detail":""}
{"ts":"2026-04-05T09:12:59.373Z","level":"INFO","device":"200000000001","event":"OBD2_SENT_0x0200","detail":"Lat: 51.721467, Lng: 0.497480 | Speed: 37km/h | RPM: 2270"}
{"ts":"2026-04-05T09:12:59.506Z","level":"INFO","device":"200000000002","event":"HEARTBEAT_SENT","detail":"0x0002"}
{"ts":"2026-04-05T09:12:59.514Z","level":"INFO","device":"868120100002","event":"GPS_SENT","detail":""}
{"ts":"2026-04-05T09:12:59.523Z","level":"INFO","device":"200000000002","event":"OBD2_SENT_0x0200","detail":"Lat: 51.713975, Lng: 0.515177 | Speed: 50km/h | RPM: 2787"}
{"ts":"2026-04-05T09:12:59.556Z","level":"ERROR","device":"300000000001","event":"SOCKET_ERROR","detail":"ECONNREFUSED"}
{"ts":"2026-04-05T09:12:59.565Z","level":"INFO","device":"200000000001","event":"SERVER_ACK","detail":"0x8001 Universal Reply Received"}
{"ts":"2026-04-05T09:12:59.580Z","level":"INFO","device":"868120018681","event":"RX_MSG","detail":"0x8001 bodyLen=5"}
{"ts":"2026-04-05T09:12:59.580Z","level":"INFO","device":"868120018681","event":"SERVER_ACK","detail":"0x0200 result=OK"}
{"ts":"2026-04-05T09:12:59.693Z","level":"ERROR","device":"300000000002","event":"SOCKET_ERROR","detail":"ECONNREFUSED"}
{"ts":"2026-04-05T09:12:59.700Z","level":"INFO","device":"868120100002","event":"RX_MSG","detail":"0x8001 bodyLen=5"}
{"ts":"2026-04-05T09:12:59.700Z","level":"INFO","device":"868120100002","event":"SERVER_ACK","detail":"0x0200 result=OK"}
{"ts":"2026-04-05T09:12:59.701Z","level":"INFO","device":"200000000002","event":"SERVER_ACK","detail":"0x8001 Universal Reply Received"}
{"ts":"2026-04-05T09:12:59.885Z","level":"INFO","device":"200000000001","event":"SERVER_ACK","detail":"0x8001 Universal Reply Received"}
{"ts":"2026-04-05T09:12:59.994Z","level":"INFO","device":"200000000002","event":"SERVER_ACK","detail":"0x8001 Universal Reply Received"}
{"ts":"2026-04-05T09:13:14.374Z","level":"INFO","device":"200000000001","event":"OBD2_SENT_0x0200","detail":"Lat: 51.720131, Lng: 0.498375 | Speed: 38km/h | RPM: 2321"}
{"ts":"2026-04-05T09:13:14.524Z","level":"INFO","device":"200000000002","event":"OBD2_SENT_0x0200","detail":"Lat: 51.736467, Lng: 0.469555 | Speed: 46km/h | RPM: 2628"}
{"ts":"2026-04-05T09:13:14.588Z","level":"INFO","device":"200000000001","event":"SERVER_ACK","detail":"0x8001 Universal Reply Received"}
{"ts":"2026-04-05T09:13:14.720Z","level":"INFO","device":"200000000002","event":"SERVER_ACK","detail":"0x8001 Universal Reply Received"}
{"ts":"2026-04-05T09:13:19.369Z","level":"INFO","device":"868120018681","event":"GPS_SENT","detail":""}
{"ts":"2026-04-05T09:13:19.515Z","level":"INFO","device":"868120100002","event":"GPS_SENT","detail":""}
{"ts":"2026-04-05T09:13:19.580Z","level":"INFO","device":"868120018681","event":"RX_MSG","detail":"0x8001 bodyLen=5"}
{"ts":"2026-04-05T09:13:19.581Z","level":"INFO","device":"868120018681","event":"SERVER_ACK","detail":"0x0200 result=OK"}
{"ts":"2026-04-05T09:13:19.700Z","level":"INFO","device":"868120100002","event":"RX_MSG","detail":"0x8001 bodyLen=5"}
{"ts":"2026-04-05T09:13:19.701Z","level":"INFO","device":"868120100002","event":"SERVER_ACK","detail":"0x0200 result=OK"}
{"ts":"2026-04-05T09:13:29.354Z","level":"INFO","device":"200000000001","event":"HEARTBEAT_SENT","detail":"0x0002"}
{"ts":"2026-04-05T09:13:29.374Z","level":"INFO","device":"200000000001","event":"OBD2_SENT_0x0200","detail":"Lat: 51.718849, Lng: 0.499634 | Speed: 41km/h | RPM: 2427"}
{"ts":"2026-04-05T09:13:29.505Z","level":"INFO","device":"200000000002","event":"HEARTBEAT_SENT","detail":"0x0002"}
{"ts":"2026-04-05T09:13:29.523Z","level":"INFO","device":"200000000002","event":"OBD2_SENT_0x0200","detail":"Lat: 51.737266, Lng: 0.472446 | Speed: 50km/h | RPM: 2810"}
{"ts":"2026-04-05T09:13:29.566Z","level":"INFO","device":"200000000001","event":"SERVER_ACK","detail":"0x8001 Universal Reply Received"}
{"ts":"2026-04-05T09:13:29.700Z","level":"INFO","device":"200000000002","event":"SERVER_ACK","detail":"0x8001 Universal Reply Received"}
{"ts":"2026-04-05T09:13:29.883Z","level":"INFO","device":"200000000001","event":"SERVER_ACK","detail":"0x8001 Universal Reply Received"}
{"ts":"2026-04-05T09:13:29.992Z","level":"INFO","device":"200000000002","event":"SERVER_ACK","detail":"0x8001 Universal Reply Received"}
{"ts":"2026-04-05T09:13:39.369Z","level":"INFO","device":"868120018681","event":"GPS_SENT","detail":""}
{"ts":"2026-04-05T09:13:39.515Z","level":"INFO","device":"868120100002","event":"GPS_SENT","detail":""}
{"ts":"2026-04-05T09:13:39.582Z","level":"INFO","device":"868120018681","event":"RX_MSG","detail":"0x8001 bodyLen=5"}
{"ts":"2026-04-05T09:13:39.582Z","level":"INFO","device":"868120018681","event":"SERVER_ACK","detail":"0x0200 result=OK"}
{"ts":"2026-04-05T09:13:39.700Z","level":"INFO","device":"868120100002","event":"RX_MSG","detail":"0x8001 bodyLen=5"}
{"ts":"2026-04-05T09:13:39.700Z","level":"INFO","device":"868120100002","event":"SERVER_ACK","detail":"0x0200 result=OK"}
{"ts":"2026-04-05T09:13:44.374Z","level":"INFO","device":"200000000001","event":"OBD2_SENT_0x0200","detail":"Lat: 51.717758, Lng: 0.501284 | Speed: 40km/h | RPM: 2397"}
{"ts":"2026-04-05T09:13:44.525Z","level":"INFO","device":"200000000002","event":"OBD2_SENT_0x0200","detail":"Lat: 51.737756, Lng: 0.475548 | Speed: 55km/h | RPM: 3001"}
{"ts":"2026-04-05T09:13:44.585Z","level":"INFO","device":"200000000001","event":"SERVER_ACK","detail":"0x8001 Universal Reply Received"}
{"ts":"2026-04-05T09:13:44.721Z","level":"INFO","device":"200000000002","event":"SERVER_ACK","detail":"0x8001 Universal Reply Received"}
