{"ts":"2026-04-05T23:25:51.465Z","level":"INFO","device":"291078985963","event":"OBD2_CONNECTED","detail":"Binary Mode"}
{"ts":"2026-04-05T23:25:51.470Z","level":"INFO","device":"291078985963","event":"CONNECTED","detail":"id:291078985963"}
{"ts":"2026-04-05T23:25:51.610Z","level":"INFO","device":"200000000002","event":"OBD2_CONNECTED","detail":"Binary Mode"}
{"ts":"2026-04-05T23:25:51.617Z","level":"INFO","device":"868120100002","event":"CONNECTED","detail":"id:868120100002"}
{"ts":"2026-04-05T23:25:51.674Z","level":"INFO","device":"291078985963","event":"SERVER_ACK","detail":"0x8100 Registration Reply Received"}
{"ts":"2026-04-05T23:25:51.688Z","level":"INFO","device":"291078985963","event":"RX_MSG","detail":"0x8001 bodyLen=5"}
{"ts":"2026-04-05T23:25:51.689Z","level":"INFO","device":"291078985963","event":"SERVER_ACK","detail":"0x0102 result=OK"}
{"ts":"2026-04-05T23:25:51.759Z","level":"INFO","device":"868120100003","event":"CONNECTED","detail":"id:868120100003"}
{"ts":"2026-04-05T23:25:51.775Z","level":"INFO","device":"200000000003","event":"OBD2_CONNECTED","detail":"Binary Mode"}
{"ts":"2026-04-05T23:25:51.815Z","level":"INFO","device":"200000000002","event":"SERVER_ACK","detail":"0x8100 Registration Reply Received"}
{"ts":"2026-04-05T23:25:51.832Z","level":"INFO","device":"868120100002","event":"RX_MSG","detail":"0x8001 bodyLen=5"}
{"ts":"2026-04-05T23:25:51.832Z","level":"INFO","device":"868120100002","event":"SERVER_ACK","detail":"0x0102 result=OK"}
{"ts":"2026-04-05T23:25:51.890Z","level":"INFO","device":"200000000004","event":"OBD2_CONNECTED","detail":"Binary Mode"}
{"ts":"2026-04-05T23:25:51.900Z","level":"INFO","device":"868120100004","event":"CONNECTED","detail":"id:868120100004"}
{"ts":"2026-04-05T23:25:51.964Z","level":"INFO","device":"868120100003","event":"RX_MSG","detail":"0x8001 bodyLen=5"}
{"ts":"2026-04-05T23:25:51.964Z","level":"INFO","device":"868120100003","event":"SERVER_ACK","detail":"0x0102 result=OK"}
{"ts":"2026-04-05T23:25:51.993Z","level":"INFO","device":"200000000003","event":"SERVER_ACK","detail":"0x8100 Registration Reply Received"}
{"ts":"2026-04-05T23:25:52.041Z","level":"INFO","device":"200000000005","event":"OBD2_CONNECTED","detail":"Binary Mode"}
{"ts":"2026-04-05T23:25:52.058Z","level":"INFO","device":"868120100005","event":"CONNECTED","detail":"id:868120100005"}
{"ts":"2026-04-05T23:25:52.077Z","level":"INFO","device":"200000000004","event":"SERVER_ACK","detail":"0x8100 Registration Reply Received"}
{"ts":"2026-04-05T23:25:52.095Z","level":"INFO","device":"868120100004","event":"RX_MSG","detail":"0x8001 bodyLen=5"}
{"ts":"2026-04-05T23:25:52.096Z","level":"INFO","device":"868120100004","event":"SERVER_ACK","detail":"0x0102 result=OK"}
{"ts":"2026-04-05T23:25:52.173Z","level":"INFO","device":"291078985963","event":"SERVER_ACK","detail":"0x8001 Universal Reply Received"}
{"ts":"2026-04-05T23:25:52.217Z","level":"INFO","device":"868120100006","event":"CONNECTED","detail":"id:868120100006"}
{"ts":"2026-04-05T23:25:52.219Z","level":"INFO","device":"200000000006","event":"OBD2_CONNECTED","detail":"Binary Mode"}
{"ts":"2026-04-05T23:25:52.227Z","level":"INFO","device":"200000000005","event":"SERVER_ACK","detail":"0x8100 Registration Reply Received"}
{"ts":"2026-04-05T23:25:52.263Z","level":"INFO","device":"868120100005","event":"RX_MSG","detail":"0x8001 bodyLen=5"}
{"ts":"2026-04-05T23:25:52.263Z","level":"INFO","device":"868120100005","event":"SERVER_ACK","detail":"0x0102 result=OK"}
{"ts":"2026-04-05T23:25:52.315Z","level":"INFO","device":"200000000002","event":"SERVER_ACK","detail":"0x8001 Universal Reply Received"}
{"ts":"2026-04-05T23:25:52.342Z","level":"INFO","device":"200000000007","event":"OBD2_CONNECTED","detail":"Binary Mode"}
{"ts":"2026-04-05T23:25:52.350Z","level":"INFO","device":"868120100007","event":"CONNECTED","detail":"id:868120100007"}
{"ts":"2026-04-05T23:25:52.431Z","level":"INFO","device":"868120100006","event":"RX_MSG","detail":"0x8001 bodyLen=5"}
{"ts":"2026-04-05T23:25:52.431Z","level":"INFO","device":"868120100006","event":"SERVER_ACK","detail":"0x0102 result=OK"}
{"ts":"2026-04-05T23:25:52.435Z","level":"INFO","device":"200000000006","event":"SERVER_ACK","detail":"0x8100 Registration Reply Received"}
{"ts":"2026-04-05T23:25:52.494Z","level":"INFO","device":"200000000003","event":"SERVER_ACK","detail":"0x8001 Universal Reply Received"}
{"ts":"2026-04-05T23:25:52.517Z","level":"INFO","device":"868120100008","event":"CONNECTED","detail":"id:868120100008"}
{"ts":"2026-04-05T23:25:52.517Z","level":"INFO","device":"200000000008","event":"OBD2_CONNECTED","detail":"Binary Mode"}
{"ts":"2026-04-05T23:25:52.528Z","level":"INFO","device":"200000000007","event":"SERVER_ACK","detail":"0x8100 Registration Reply Received"}
{"ts":"2026-04-05T23:25:52.546Z","level":"INFO","device":"868120100007","event":"RX_MSG","detail":"0x8001 bodyLen=5"}
{"ts":"2026-04-05T23:25:52.547Z","level":"INFO","device":"868120100007","event":"SERVER_ACK","detail":"0x0102 result=OK"}
{"ts":"2026-04-05T23:25:52.577Z","level":"INFO","device":"200000000004","event":"SERVER_ACK","detail":"0x8001 Universal Reply Received"}
{"ts":"2026-04-05T23:25:52.640Z","level":"INFO","device":"200000000009","event":"OBD2_CONNECTED","detail":"Binary Mode"}
{"ts":"2026-04-05T23:25:52.651Z","level":"INFO","device":"868120100009","event":"CONNECTED","detail":"id:868120100009"}
{"ts":"2026-04-05T23:25:52.731Z","level":"INFO","device":"200000000005","event":"SERVER_ACK","detail":"0x8001 Universal Reply Received"}
{"ts":"2026-04-05T23:25:52.733Z","level":"INFO","device":"200000000008","event":"SERVER_ACK","detail":"0x8100 Registration Reply Received"}
{"ts":"2026-04-05T23:25:52.734Z","level":"INFO","device":"868120100008","event":"RX_MSG","detail":"0x8001 bodyLen=5"}
{"ts":"2026-04-05T23:25:52.735Z","level":"INFO","device":"868120100008","event":"SERVER_ACK","detail":"0x0102 result=OK"}
{"ts":"2026-04-05T23:25:52.791Z","level":"INFO","device":"100000000010","event":"CONNECTED","detail":"id:100000000010"}
{"ts":"2026-04-05T23:25:52.802Z","level":"INFO","device":"200000000010","event":"OBD2_CONNECTED","detail":"Binary Mode"}
{"ts":"2026-04-05T23:25:52.827Z","level":"INFO","device":"200000000009","event":"SERVER_ACK","detail":"0x8100 Registration Reply Received"}
{"ts":"2026-04-05T23:25:52.850Z","level":"INFO","device":"868120100009","event":"RX_MSG","detail":"0x8001 bodyLen=5"}
{"ts":"2026-04-05T23:25:52.850Z","level":"INFO","device":"868120100009","event":"SERVER_ACK","detail":"0x0102 result=OK"}
{"ts":"2026-04-05T23:25:52.931Z","level":"INFO","device":"200000000006","event":"SERVER_ACK","detail":"0x8001 Universal Reply Received"}
{"ts":"2026-04-05T23:25:52.979Z","level":"INFO","device":"100000000010","event":"RX_MSG","detail":"0x8001 bodyLen=5"}
{"ts":"2026-04-05T23:25:52.979Z","level":"INFO","device":"100000000010","event":"SERVER_ACK","detail":"0x0102 result=OK"}
{"ts":"2026-04-05T23:25:52.999Z","level":"INFO","device":"200000000010","event":"SERVER_ACK","detail":"0x8100 Registration Reply Received"}
{"ts":"2026-04-05T23:25:53.030Z","level":"INFO","device":"200000000007","event":"SERVER_ACK","detail":"0x8001 Universal Reply Received"}
{"ts":"2026-04-05T23:25:53.229Z","level":"INFO","device":"200000000008","event":"SERVER_ACK","detail":"0x8001 Universal Reply Received"}
{"ts":"2026-04-05T23:25:53.327Z","level":"INFO","device":"200000000009","event":"SERVER_ACK","detail":"0x8001 Universal Reply Received"}
{"ts":"2026-04-05T23:25:53.498Z","level":"INFO","device":"200000000010","event":"SERVER_ACK","detail":"0x8001 Universal Reply Received"}
{"ts":"2026-04-05T23:26:06.268Z","level":"INFO","device":"291078985963","event":"OBD2_SENT_0x0200","detail":"Lat: 51.736693, Lng: 0.470311 | Speed: 41km/h | RPM: 2442"}
{"ts":"2026-04-05T23:26:06.408Z","level":"INFO","device":"200000000002","event":"OBD2_SENT_0x0200","detail":"Lat: 51.736714, Lng: 0.470378 | Speed: 43km/h | RPM: 2500"}
{"ts":"2026-04-05T23:26:06.475Z","level":"INFO","device":"291078985963","event":"SERVER_ACK","detail":"0x8001 Universal Reply Received"}
{"ts":"2026-04-05T23:26:06.559Z","level":"INFO","device":"200000000003","event":"OBD2_SENT_0x0200","detail":"Lat: 51.736691, Lng: 0.470304 | Speed: 41km/h | RPM: 2436"}
{"ts":"2026-04-05T23:26:06.612Z","level":"INFO","device":"200000000002","event":"SERVER_ACK","detail":"0x8001 Universal Reply Received"}
{"ts":"2026-04-05T23:26:06.707Z","level":"INFO","device":"200000000004","event":"OBD2_SENT_0x0200","detail":"Lat: 51.736684, Lng: 0.470281 | Speed: 40km/h | RPM: 2416"}
{"ts":"2026-04-05T23:26:06.778Z","level":"INFO","device":"200000000003","event":"SERVER_ACK","detail":"0x8001 Universal Reply Received"}
{"ts":"2026-04-05T23:26:06.857Z","level":"INFO","device":"200000000005","event":"OBD2_SENT_0x0200","detail":"Lat: 51.736612, Lng: 0.470040 | Speed: 35km/h | RPM: 2209"}
{"ts":"2026-04-05T23:26:06.893Z","level":"INFO","device":"200000000004","event":"SERVER_ACK","detail":"0x8001 Universal Reply Received"}
{"ts":"2026-04-05T23:26:07.008Z","level":"INFO","device":"200000000006","event":"OBD2_SENT_0x0200","detail":"Lat: 51.736707, Lng: 0.470358 | Speed: 42km/h | RPM: 2483"}
{"ts":"2026-04-05T23:26:07.042Z","level":"INFO","device":"200000000005","event":"SERVER_ACK","detail":"0x8001 Universal Reply Received"}
{"ts":"2026-04-05T23:26:07.158Z","level":"INFO","device":"200000000007","event":"OBD2_SENT_0x0200","detail":"Lat: 51.736718, Lng: 0.470394 | Speed: 43km/h | RPM: 2514"}
{"ts":"2026-04-05T23:26:07.221Z","level":"INFO","device":"200000000006","event":"SERVER_ACK","detail":"0x8001 Universal Reply Received"}
{"ts":"2026-04-05T23:26:07.307Z","level":"INFO","device":"200000000008","event":"OBD2_SENT_0x0200","detail":"Lat: 51.736684, Lng: 0.470279 | Speed: 40km/h | RPM: 2415"}
{"ts":"2026-04-05T23:26:07.348Z","level":"INFO","device":"200000000007","event":"SERVER_ACK","detail":"0x8001 Universal Reply Received"}
{"ts":"2026-04-05T23:26:07.458Z","level":"INFO","device":"200000000009","event":"OBD2_SENT_0x0200","detail":"Lat: 51.736694, Lng: 0.470315 | Speed: 41km/h | RPM: 2445"}
{"ts":"2026-04-05T23:26:07.518Z","level":"INFO","device":"200000000008","event":"SERVER_ACK","detail":"0x8001 Universal Reply Received"}
{"ts":"2026-04-05T23:26:07.607Z","level":"INFO","device":"200000000010","event":"OBD2_SENT_0x0200","detail":"Lat: 51.736740, Lng: 0.470467 | Speed: 44km/h | RPM: 2576"}
{"ts":"2026-04-05T23:26:07.643Z","level":"INFO","device":"200000000009","event":"SERVER_ACK","detail":"0x8001 Universal Reply Received"}
{"ts":"2026-04-05T23:26:07.803Z","level":"INFO","device":"200000000010","event":"SERVER_ACK","detail":"0x8001 Universal Reply Received"}
{"ts":"2026-04-05T23:26:11.473Z","level":"INFO","device":"291078985963","event":"GPS_SENT","detail":""}
{"ts":"2026-04-05T23:26:11.618Z","level":"INFO","device":"868120100002","event":"GPS_SENT","detail":""}
{"ts":"2026-04-05T23:26:11.685Z","level":"INFO","device":"291078985963","event":"RX_MSG","detail":"0x8001 bodyLen=5"}
{"ts":"2026-04-05T23:26:11.685Z","level":"INFO","device":"291078985963","event":"SERVER_ACK","detail":"0x0200 result=OK"}
{"ts":"2026-04-05T23:26:11.761Z","level":"INFO","device":"868120100003","event":"GPS_SENT","detail":""}
{"ts":"2026-04-05T23:26:11.830Z","level":"INFO","device":"868120100002","event":"RX_MSG","detail":"0x8001 bodyLen=5"}
{"ts":"2026-04-05T23:26:11.830Z","level":"INFO","device":"868120100002","event":"SERVER_ACK","detail":"0x0200 result=OK"}
{"ts":"2026-04-05T23:26:11.901Z","level":"INFO","device":"868120100004","event":"GPS_SENT","detail":""}
{"ts":"2026-04-05T23:26:11.964Z","level":"INFO","device":"868120100003","event":"RX_MSG","detail":"0x8001 bodyLen=5"}
{"ts":"2026-04-05T23:26:11.964Z","level":"INFO","device":"868120100003","event":"SERVER_ACK","detail":"0x0200 result=OK"}
{"ts":"2026-04-05T23:26:12.058Z","level":"INFO","device":"868120100005","event":"GPS_SENT","detail":""}
{"ts":"2026-04-05T23:26:12.095Z","level":"INFO","device":"868120100004","event":"RX_MSG","detail":"0x8001 bodyLen=5"}
{"ts":"2026-04-05T23:26:12.095Z","level":"INFO","device":"868120100004","event":"SERVER_ACK","detail":"0x0200 result=OK"}
{"ts":"2026-04-05T23:26:12.218Z","level":"INFO","device":"868120100006","event":"GPS_SENT","detail":""}
{"ts":"2026-04-05T23:26:12.263Z","level":"INFO","device":"868120100005","event":"RX_MSG","detail":"0x8001 bodyLen=5"}
{"ts":"2026-04-05T23:26:12.264Z","level":"INFO","device":"868120100005","event":"SERVER_ACK","detail":"0x0200 result=OK"}
{"ts":"2026-04-05T23:26:12.352Z","level":"INFO","device":"868120100007","event":"GPS_SENT","detail":""}
{"ts":"2026-04-05T23:26:12.430Z","level":"INFO","device":"868120100006","event":"RX_MSG","detail":"0x8001 bodyLen=5"}
{"ts":"2026-04-05T23:26:12.430Z","level":"INFO","device":"868120100006","event":"SERVER_ACK","detail":"0x0200 result=OK"}
{"ts":"2026-04-05T23:26:12.518Z","level":"INFO","device":"868120100008","event":"GPS_SENT","detail":""}
{"ts":"2026-04-05T23:26:12.548Z","level":"INFO","device":"868120100007","event":"RX_MSG","detail":"0x8001 bodyLen=5"}
{"ts":"2026-04-05T23:26:12.553Z","level":"INFO","device":"868120100007","event":"SERVER_ACK","detail":"0x0200 result=OK"}
{"ts":"2026-04-05T23:26:12.651Z","level":"INFO","device":"868120100009","event":"GPS_SENT","detail":""}
{"ts":"2026-04-05T23:26:12.730Z","level":"INFO","device":"868120100008","event":"RX_MSG","detail":"0x8001 bodyLen=5"}
{"ts":"2026-04-05T23:26:12.730Z","level":"INFO","device":"868120100008","event":"SERVER_ACK","detail":"0x0200 result=OK"}
{"ts":"2026-04-05T23:26:12.792Z","level":"INFO","device":"100000000010","event":"GPS_SENT","detail":""}
{"ts":"2026-04-05T23:26:12.847Z","level":"INFO","device":"868120100009","event":"RX_MSG","detail":"0x8001 bodyLen=5"}
{"ts":"2026-04-05T23:26:12.847Z","level":"INFO","device":"868120100009","event":"SERVER_ACK","detail":"0x0200 result=OK"}
{"ts":"2026-04-05T23:26:12.977Z","level":"INFO","device":"100000000010","event":"RX_MSG","detail":"0x8001 bodyLen=5"}
{"ts":"2026-04-05T23:26:12.977Z","level":"INFO","device":"100000000010","event":"SERVER_ACK","detail":"0x0200 result=OK"}
{"ts":"2026-04-05T23:26:13.504Z","level":"INFO","device":"868120100006","event":"RX_MSG","detail":"0x9101 bodyLen=20"}
{"ts":"2026-04-05T23:26:13.505Z","level":"INFO","device":"868120100006","event":"SENT_ACK","detail":"0x0001 acknowledging Live Stream Request"}
{"ts":"2026-04-05T23:26:13.505Z","level":"INFO","device":"868120100006","event":"LIVE_STREAM_REQ","detail":"Target: 54.37.225.65:3378 | Channel: 2"}
{"ts":"2026-04-05T23:26:13.506Z","level":"INFO","device":"868120100006","event":"LIVE_STREAM_CONNECTING","detail":"54.37.225.65:3378"}
{"ts":"2026-04-05T23:26:13.717Z","level":"INFO","device":"868120100006","event":"LIVE_STREAM_CONNECTED","detail":"Pumping video for CH2... (BCD: 868120100006)"}
{"ts":"2026-04-05T23:26:16.983Z","level":"INFO","device":"868120100006","event":"RX_MSG","detail":"0x9101 bodyLen=20"}
{"ts":"2026-04-05T23:26:16.984Z","level":"INFO","device":"868120100006","event":"SENT_ACK","detail":"0x0001 acknowledging Live Stream Request"}
{"ts":"2026-04-05T23:26:16.984Z","level":"INFO","device":"868120100006","event":"LIVE_STREAM_REQ","detail":"Target: 54.37.225.65:3378 | Channel: 2"}
{"ts":"2026-04-05T23:26:16.986Z","level":"INFO","device":"868120100006","event":"LIVE_STREAM_CONNECTING","detail":"54.37.225.65:3378"}
{"ts":"2026-04-05T23:26:17.172Z","level":"INFO","device":"868120100006","event":"LIVE_STREAM_CONNECTED","detail":"Pumping video for CH2... (BCD: 868120100006)"}
{"ts":"2026-04-05T23:26:18.693Z","level":"INFO","device":"868120100006","event":"RX_MSG","detail":"0x9101 bodyLen=20"}
{"ts":"2026-04-05T23:26:18.694Z","level":"INFO","device":"868120100006","event":"SENT_ACK","detail":"0x0001 acknowledging Live Stream Request"}
{"ts":"2026-04-05T23:26:18.694Z","level":"INFO","device":"868120100006","event":"LIVE_STREAM_REQ","detail":"Target: 54.37.225.65:3378 | Channel: 2"}
{"ts":"2026-04-05T23:26:18.695Z","level":"INFO","device":"868120100006","event":"LIVE_STREAM_CONNECTING","detail":"54.37.225.65:3378"}
{"ts":"2026-04-05T23:26:19.917Z","level":"INFO","device":"868120100006","event":"LIVE_STREAM_CONNECTED","detail":"Pumping video for CH2... (BCD: 868120100006)"}
{"ts":"2026-04-05T23:26:21.261Z","level":"INFO","device":"291078985963","event":"HEARTBEAT_SENT","detail":"0x0002"}
{"ts":"2026-04-05T23:26:21.266Z","level":"INFO","device":"291078985963","event":"OBD2_SENT_0x0200","detail":"Lat: 51.737285, Lng: 0.472526 | Speed: 38km/h | RPM: 2309"}
{"ts":"2026-04-05T23:26:21.407Z","level":"INFO","device":"200000000002","event":"HEARTBEAT_SENT","detail":"0x0002"}
{"ts":"2026-04-05T23:26:21.409Z","level":"INFO","device":"200000000002","event":"OBD2_SENT_0x0200","detail":"Lat: 51.737355, Lng: 0.472814 | Speed: 41km/h | RPM: 2453"}
{"ts":"2026-04-05T23:26:21.467Z","level":"INFO","device":"291078985963","event":"SERVER_ACK","detail":"0x8001 Universal Reply Received"}
{"ts":"2026-04-05T23:26:21.558Z","level":"INFO","device":"200000000003","event":"HEARTBEAT_SENT","detail":"0x0002"}
{"ts":"2026-04-05T23:26:21.559Z","level":"INFO","device":"200000000003","event":"OBD2_SENT_0x0200","detail":"Lat: 51.737330, Lng: 0.472710 | Speed: 41km/h | RPM: 2438"}
{"ts":"2026-04-05T23:26:21.611Z","level":"INFO","device":"200000000002","event":"SERVER_ACK","detail":"0x8001 Universal Reply Received"}
{"ts":"2026-04-05T23:26:21.707Z","level":"INFO","device":"200000000004","event":"HEARTBEAT_SENT","detail":"0x0002"}
{"ts":"2026-04-05T23:26:21.708Z","level":"INFO","device":"200000000004","event":"OBD2_SENT_0x0200","detail":"Lat: 51.737293, Lng: 0.472558 | Speed: 39km/h | RPM: 2353"}
{"ts":"2026-04-05T23:26:21.776Z","level":"INFO","device":"200000000003","event":"SERVER_ACK","detail":"0x8001 Universal Reply Received"}
{"ts":"2026-04-05T23:26:21.809Z","level":"INFO","device":"291078985963","event":"SERVER_ACK","detail":"0x8001 Universal Reply Received"}
{"ts":"2026-04-05T23:26:21.856Z","level":"INFO","device":"200000000005","event":"HEARTBEAT_SENT","detail":"0x0002"}
{"ts":"2026-04-05T23:26:21.857Z","level":"INFO","device":"200000000005","event":"OBD2_SENT_0x0200","detail":"Lat: 51.737207, Lng: 0.472203 | Speed: 37km/h | RPM: 2291"}
{"ts":"2026-04-05T23:26:21.894Z","level":"INFO","device":"200000000004","event":"SERVER_ACK","detail":"0x8001 Universal Reply Received"}
{"ts":"2026-04-05T23:26:21.930Z","level":"INFO","device":"200000000002","event":"SERVER_ACK","detail":"0x8001 Universal Reply Received"}
{"ts":"2026-04-05T23:26:22.008Z","level":"INFO","device":"200000000006","event":"HEARTBEAT_SENT","detail":"0x0002"}
{"ts":"2026-04-05T23:26:22.008Z","level":"INFO","device":"200000000006","event":"OBD2_SENT_0x0200","detail":"Lat: 51.737391, Lng: 0.472963 | Speed: 44km/h | RPM: 2569"}
{"ts":"2026-04-05T23:26:22.041Z","level":"INFO","device":"200000000005","event":"SERVER_ACK","detail":"0x8001 Universal Reply Received"}
{"ts":"2026-04-05T23:26:22.099Z","level":"INFO","device":"200000000003","event":"SERVER_ACK","detail":"0x8001 Universal Reply Received"}
{"ts":"2026-04-05T23:26:22.157Z","level":"INFO","device":"200000000007","event":"HEARTBEAT_SENT","detail":"0x0002"}
{"ts":"2026-04-05T23:26:22.158Z","level":"INFO","device":"200000000007","event":"OBD2_SENT_0x0200","detail":"Lat: 51.737337, Lng: 0.472738 | Speed: 40km/h | RPM: 2390"}
{"ts":"2026-04-05T23:26:22.191Z","level":"INFO","device":"200000000004","event":"SERVER_ACK","detail":"0x8001 Universal Reply Received"}
{"ts":"2026-04-05T23:26:22.220Z","level":"INFO","device":"200000000006","event":"SERVER_ACK","detail":"0x8001 Universal Reply Received"}
{"ts":"2026-04-05T23:26:22.308Z","level":"INFO","device":"200000000008","event":"HEARTBEAT_SENT","detail":"0x0002"}
{"ts":"2026-04-05T23:26:22.308Z","level":"INFO","device":"200000000008","event":"OBD2_SENT_0x0200","detail":"Lat: 51.737278, Lng: 0.472493 | Speed: 38km/h | RPM: 2311"}
{"ts":"2026-04-05T23:26:22.342Z","level":"INFO","device":"200000000007","event":"SERVER_ACK","detail":"0x8001 Universal Reply Received"}
{"ts":"2026-04-05T23:26:22.346Z","level":"INFO","device":"200000000005","event":"SERVER_ACK","detail":"0x8001 Universal Reply Received"}
{"ts":"2026-04-05T23:26:22.457Z","level":"INFO","device":"200000000009","event":"HEARTBEAT_SENT","detail":"0x0002"}
{"ts":"2026-04-05T23:26:22.458Z","level":"INFO","device":"200000000009","event":"OBD2_SENT_0x0200","detail":"Lat: 51.737283, Lng: 0.472515 | Speed: 37km/h | RPM: 2299"}
{"ts":"2026-04-05T23:26:22.518Z","level":"INFO","device":"200000000008","event":"SERVER_ACK","detail":"0x8001 Universal Reply Received"}
{"ts":"2026-04-05T23:26:22.560Z","level":"INFO","device":"200000000006","event":"SERVER_ACK","detail":"0x8001 Universal Reply Received"}
{"ts":"2026-04-05T23:26:22.608Z","level":"INFO","device":"200000000010","event":"HEARTBEAT_SENT","detail":"0x0002"}
{"ts":"2026-04-05T23:26:22.608Z","level":"INFO","device":"200000000010","event":"OBD2_SENT_0x0200","detail":"Lat: 51.737400, Lng: 0.473000 | Speed: 43km/h | RPM: 2514"}
{"ts":"2026-04-05T23:26:22.642Z","level":"INFO","device":"200000000009","event":"SERVER_ACK","detail":"0x8001 Universal Reply Received"}
{"ts":"2026-04-05T23:26:22.658Z","level":"INFO","device":"200000000007","event":"SERVER_ACK","detail":"0x8001 Universal Reply Received"}
{"ts":"2026-04-05T23:26:22.806Z","level":"INFO","device":"200000000010","event":"SERVER_ACK","detail":"0x8001 Universal Reply Received"}
{"ts":"2026-04-05T23:26:22.838Z","level":"INFO","device":"200000000008","event":"SERVER_ACK","detail":"0x8001 Universal Reply Received"}
{"ts":"2026-04-05T23:26:22.937Z","level":"INFO","device":"200000000009","event":"SERVER_ACK","detail":"0x8001 Universal Reply Received"}
{"ts":"2026-04-05T23:26:23.103Z","level":"INFO","device":"200000000010","event":"SERVER_ACK","detail":"0x8001 Universal Reply Received"}
{"ts":"2026-04-05T23:26:29.052Z","level":"INFO","device":"868120100006","event":"RX_MSG","detail":"0x9101 bodyLen=20"}
{"ts":"2026-04-05T23:26:29.053Z","level":"INFO","device":"868120100006","event":"SENT_ACK","detail":"0x0001 acknowledging Live Stream Request"}
{"ts":"2026-04-05T23:26:29.054Z","level":"INFO","device":"868120100006","event":"LIVE_STREAM_REQ","detail":"Target: 54.37.225.65:3378 | Channel: 2"}
{"ts":"2026-04-05T23:26:29.054Z","level":"INFO","device":"868120100006","event":"LIVE_STREAM_CONNECTING","detail":"54.37.225.65:3378"}
{"ts":"2026-04-05T23:26:29.267Z","level":"INFO","device":"868120100006","event":"LIVE_STREAM_CONNECTED","detail":"Pumping video for CH2... (BCD: 868120100006)"}
{"ts":"2026-04-05T23:26:30.571Z","level":"INFO","device":"868120100006","event":"RX_MSG","detail":"0x9101 bodyLen=20"}
{"ts":"2026-04-05T23:26:30.571Z","level":"INFO","device":"868120100006","event":"SENT_ACK","detail":"0x0001 acknowledging Live Stream Request"}
{"ts":"2026-04-05T23:26:30.572Z","level":"INFO","device":"868120100006","event":"LIVE_STREAM_REQ","detail":"Target: 54.37.225.65:3378 | Channel: 2"}
{"ts":"2026-04-05T23:26:30.572Z","level":"INFO","device":"868120100006","event":"LIVE_STREAM_CONNECTING","detail":"54.37.225.65:3378"}
{"ts":"2026-04-05T23:26:30.783Z","level":"INFO","device":"868120100006","event":"LIVE_STREAM_CONNECTED","detail":"Pumping video for CH2... (BCD: 868120100006)"}
{"ts":"2026-04-05T23:26:31.472Z","level":"INFO","device":"291078985963","event":"GPS_SENT","detail":""}
{"ts":"2026-04-05T23:26:31.474Z","level":"INFO","device":"291078985963","event":"INCIDENT_SENT","detail":"mediaId=1 alarmId=29107898596300260405232631010200"}
{"ts":"2026-04-05T23:26:31.618Z","level":"INFO","device":"868120100002","event":"GPS_SENT","detail":""}
{"ts":"2026-04-05T23:26:31.619Z","level":"INFO","device":"868120100002","event":"INCIDENT_SENT","detail":"mediaId=1 alarmId=86812010000200260405232631010200"}
{"ts":"2026-04-05T23:26:31.682Z","level":"INFO","device":"291078985963","event":"RX_MSG","detail":"0x8001 bodyLen=5"}
{"ts":"2026-04-05T23:26:31.684Z","level":"INFO","device":"291078985963","event":"SERVER_ACK","detail":"0x0200 result=OK"}
{"ts":"2026-04-05T23:26:31.764Z","level":"INFO","device":"868120100003","event":"INCIDENT_SENT","detail":"mediaId=1 alarmId=86812010000300260405232631010200"}
{"ts":"2026-04-05T23:26:31.767Z","level":"INFO","device":"868120100003","event":"GPS_SENT","detail":""}
{"ts":"2026-04-05T23:26:31.830Z","level":"INFO","device":"868120100002","event":"RX_MSG","detail":"0x8001 bodyLen=5"}
{"ts":"2026-04-05T23:26:31.833Z","level":"INFO","device":"868120100002","event":"SERVER_ACK","detail":"0x0200 result=OK"}
{"ts":"2026-04-05T23:26:31.901Z","level":"INFO","device":"868120100004","event":"INCIDENT_SENT","detail":"mediaId=1 alarmId=86812010000400260405232631010200"}
{"ts":"2026-04-05T23:26:31.901Z","level":"INFO","device":"868120100004","event":"GPS_SENT","detail":""}
{"ts":"2026-04-05T23:26:31.966Z","level":"INFO","device":"868120100003","event":"RX_MSG","detail":"0x8001 bodyLen=5"}
{"ts":"2026-04-05T23:26:31.966Z","level":"INFO","device":"868120100003","event":"SERVER_ACK","detail":"0x0200 result=OK"}
{"ts":"2026-04-05T23:26:32.016Z","level":"INFO","device":"291078985963","event":"RX_MSG","detail":"0x8001 bodyLen=5"}
{"ts":"2026-04-05T23:26:32.016Z","level":"INFO","device":"291078985963","event":"SERVER_ACK","detail":"0x0200 result=OK"}
{"ts":"2026-04-05T23:26:32.016Z","level":"INFO","device":"291078985963","event":"RX_MSG","detail":"0x8001 bodyLen=5"}
{"ts":"2026-04-05T23:26:32.016Z","level":"INFO","device":"291078985963","event":"SERVER_ACK","detail":"0x0800 result=OK"}
{"ts":"2026-04-05T23:26:32.016Z","level":"INFO","device":"291078985963","event":"RX_MSG","detail":"0x9208 bodyLen=81"}
{"ts":"2026-04-05T23:26:32.017Z","level":"INFO","device":"291078985963","event":"9208_RAW","detail":"0C35342E33372E3232352E36350D32000029107898596300260405232631010200323931303738393835393633303032363034303532333236333130313032303000000000000000000000000000000000"}
{"ts":"2026-04-05T23:26:32.017Z","level":"INFO","device":"291078985963","event":"UPLOAD_TRIGGERED","detail":"media: 54.37.225.65:3378 | alarmId: 29107898596300260405232631010200"}
{"ts":"2026-04-05T23:26:32.017Z","level":"INFO","device":"291078985963","event":"MEDIA_CONNECTING","detail":"54.37.225.65:3378 files=2"}
{"ts":"2026-04-05T23:26:32.059Z","level":"INFO","device":"868120100005","event":"INCIDENT_SENT","detail":"mediaId=1 alarmId=86812010000500260405232632010200"}
{"ts":"2026-04-05T23:26:32.062Z","level":"INFO","device":"868120100005","event":"GPS_SENT","detail":""}
{"ts":"2026-04-05T23:26:32.094Z","level":"INFO","device":"868120100004","event":"RX_MSG","detail":"0x8001 bodyLen=5"}
{"ts":"2026-04-05T23:26:32.094Z","level":"INFO","device":"868120100004","event":"SERVER_ACK","detail":"0x0200 result=OK"}
{"ts":"2026-04-05T23:26:32.171Z","level":"INFO","device":"868120100002","event":"RX_MSG","detail":"0x8001 bodyLen=5"}
{"ts":"2026-04-05T23:26:32.172Z","level":"INFO","device":"868120100002","event":"SERVER_ACK","detail":"0x0200 result=OK"}
{"ts":"2026-04-05T23:26:32.172Z","level":"INFO","device":"868120100002","event":"RX_MSG","detail":"0x8001 bodyLen=5"}
{"ts":"2026-04-05T23:26:32.172Z","level":"INFO","device":"868120100002","event":"SERVER_ACK","detail":"0x0800 result=OK"}
{"ts":"2026-04-05T23:26:32.172Z","level":"INFO","device":"868120100002","event":"RX_MSG","detail":"0x9208 bodyLen=81"}
{"ts":"2026-04-05T23:26:32.172Z","level":"INFO","device":"868120100002","event":"9208_RAW","detail":"0C35342E33372E3232352E36350D32000086812010000200260405232631010200383638313230313030303032303032363034303532333236333130313032303000000000000000000000000000000000"}
{"ts":"2026-04-05T23:26:32.172Z","level":"INFO","device":"868120100002","event":"UPLOAD_TRIGGERED","detail":"media: 54.37.225.65:3378 | alarmId: 86812010000200260405232631010200"}
{"ts":"2026-04-05T23:26:32.172Z","level":"INFO","device":"868120100002","event":"MEDIA_CONNECTING","detail":"54.37.225.65:3378 files=2"}
{"ts":"2026-04-05T23:26:32.219Z","level":"INFO","device":"868120100006","event":"INCIDENT_SENT","detail":"mediaId=1 alarmId=86812010000600260405232632010200"}
{"ts":"2026-04-05T23:26:32.219Z","level":"INFO","device":"868120100006","event":"GPS_SENT","detail":""}
{"ts":"2026-04-05T23:26:32.220Z","level":"INFO","device":"291078985963","event":"MEDIA_CONNECTED","detail":"54.37.225.65:3378"}
{"ts":"2026-04-05T23:26:32.221Z","level":"INFO","device":"291078985963","event":"FILE_START","detail":"[1/2] 00_64_6401_00_29107898596300260405232631010200.jpg (215 bytes)"}
{"ts":"2026-04-05T23:26:32.221Z","level":"INFO","device":"291078985963","event":"SENT_1210","detail":"00_64_6401_00_29107898596300260405232631010200.jpg"}
{"ts":"2026-04-05T23:26:32.260Z","level":"INFO","device":"868120100005","event":"RX_MSG","detail":"0x8001 bodyLen=5"}
{"ts":"2026-04-05T23:26:32.260Z","level":"INFO","device":"868120100005","event":"SERVER_ACK","detail":"0x0200 result=OK"}
{"ts":"2026-04-05T23:26:32.287Z","level":"INFO","device":"868120100003","event":"RX_MSG","detail":"0x9208 bodyLen=81"}
{"ts":"2026-04-05T23:26:32.288Z","level":"INFO","device":"868120100003","event":"9208_RAW","detail":"0C35342E33372E3232352E36350D32000086812010000300260405232631010200383638313230313030303033303032363034303532333236333130313032303000000000000000000000000000000000"}
{"ts":"2026-04-05T23:26:32.289Z","level":"INFO","device":"868120100003","event":"UPLOAD_TRIGGERED","detail":"media: 54.37.225.65:3378 | alarmId: 86812010000300260405232631010200"}
{"ts":"2026-04-05T23:26:32.289Z","level":"INFO","device":"868120100003","event":"MEDIA_CONNECTING","detail":"54.37.225.65:3378 files=2"}
{"ts":"2026-04-05T23:26:32.290Z","level":"INFO","device":"868120100003","event":"RX_MSG","detail":"0x8001 bodyLen=5"}
{"ts":"2026-04-05T23:26:32.290Z","level":"INFO","device":"868120100003","event":"SERVER_ACK","detail":"0x0800 result=OK"}
{"ts":"2026-04-05T23:26:32.290Z","level":"INFO","device":"868120100003","event":"RX_MSG","detail":"0x8001 bodyLen=5"}
{"ts":"2026-04-05T23:26:32.290Z","level":"INFO","device":"868120100003","event":"SERVER_ACK","detail":"0x0200 result=OK"}
{"ts":"2026-04-05T23:26:32.324Z","level":"INFO","device":"291078985963","event":"SENT_1212","detail":"00_64_6401_00_29107898596300260405232631010200.jpg"}
{"ts":"2026-04-05T23:26:32.352Z","level":"INFO","device":"868120100007","event":"INCIDENT_SENT","detail":"mediaId=1 alarmId=86812010000700260405232632010200"}
{"ts":"2026-04-05T23:26:32.353Z","level":"INFO","device":"868120100007","event":"GPS_SENT","detail":""}
{"ts":"2026-04-05T23:26:32.383Z","level":"INFO","device":"868120100002","event":"MEDIA_CONNECTED","detail":"54.37.225.65:3378"}
{"ts":"2026-04-05T23:26:32.384Z","level":"INFO","device":"868120100002","event":"FILE_START","detail":"[1/2] 00_64_6401_00_86812010000200260405232631010200.jpg (215 bytes)"}
{"ts":"2026-04-05T23:26:32.385Z","level":"INFO","device":"868120100002","event":"SENT_1210","detail":"00_64_6401_00_86812010000200260405232631010200.jpg"}
{"ts":"2026-04-05T23:26:32.427Z","level":"INFO","device":"291078985963","event":"MEDIA_RX","detail":"7E 80 01 00 05 29 10 78 98 59 63 62 7F 00 00 12 10 00 78 7E"}
{"ts":"2026-04-05T23:26:32.428Z","level":"INFO","device":"868120100006","event":"RX_MSG","detail":"0x8001 bodyLen=5"}
{"ts":"2026-04-05T23:26:32.428Z","level":"INFO","device":"868120100006","event":"SERVER_ACK","detail":"0x0200 result=OK"}
{"ts":"2026-04-05T23:26:32.434Z","level":"INFO","device":"868120100004","event":"RX_MSG","detail":"0x9208 bodyLen=81"}
{"ts":"2026-04-05T23:26:32.435Z","level":"INFO","device":"868120100004","event":"9208_RAW","detail":"0C35342E33372E3232352E36350D32000086812010000400260405232631010200383638313230313030303034303032363034303532333236333130313032303000000000000000000000000000000000"}
{"ts":"2026-04-05T23:26:32.435Z","level":"INFO","device":"868120100004","event":"UPLOAD_TRIGGERED","detail":"media: 54.37.225.65:3378 | alarmId: 86812010000400260405232631010200"}
{"ts":"2026-04-05T23:26:32.435Z","level":"INFO","device":"868120100004","event":"MEDIA_CONNECTING","detail":"54.37.225.65:3378 files=2"}
{"ts":"2026-04-05T23:26:32.435Z","level":"INFO","device":"868120100004","event":"RX_MSG","detail":"0x8001 bodyLen=5"}
{"ts":"2026-04-05T23:26:32.435Z","level":"INFO","device":"868120100004","event":"SERVER_ACK","detail":"0x0800 result=OK"}
{"ts":"2026-04-05T23:26:32.435Z","level":"INFO","device":"868120100004","event":"RX_MSG","detail":"0x8001 bodyLen=5"}
{"ts":"2026-04-05T23:26:32.435Z","level":"INFO","device":"868120100004","event":"SERVER_ACK","detail":"0x0200 result=OK"}
{"ts":"2026-04-05T23:26:32.485Z","level":"INFO","device":"868120100002","event":"SENT_1212","detail":"00_64_6401_00_86812010000200260405232631010200.jpg"}
{"ts":"2026-04-05T23:26:32.495Z","level":"INFO","device":"868120100003","event":"MEDIA_CONNECTED","detail":"54.37.225.65:3378"}
{"ts":"2026-04-05T23:26:32.496Z","level":"INFO","device":"868120100003","event":"FILE_START","detail":"[1/2] 00_64_6401_00_86812010000300260405232631010200.jpg (215 bytes)"}
{"ts":"2026-04-05T23:26:32.497Z","level":"INFO","device":"868120100003","event":"SENT_1210","detail":"00_64_6401_00_86812010000300260405232631010200.jpg"}
{"ts":"2026-04-05T23:26:32.517Z","level":"INFO","device":"868120100008","event":"INCIDENT_SENT","detail":"mediaId=1 alarmId=86812010000800260405232632010200"}
{"ts":"2026-04-05T23:26:32.518Z","level":"INFO","device":"868120100008","event":"GPS_SENT","detail":""}
{"ts":"2026-04-05T23:26:32.551Z","level":"INFO","device":"868120100007","event":"RX_MSG","detail":"0x8001 bodyLen=5"}
{"ts":"2026-04-05T23:26:32.551Z","level":"INFO","device":"868120100007","event":"SERVER_ACK","detail":"0x0200 result=OK"}
{"ts":"2026-04-05T23:26:32.597Z","level":"INFO","device":"868120100003","event":"SENT_1212","detail":"00_64_6401_00_86812010000300260405232631010200.jpg"}
{"ts":"2026-04-05T23:26:32.598Z","level":"INFO","device":"868120100005","event":"RX_MSG","detail":"0x9208 bodyLen=81"}
{"ts":"2026-04-05T23:26:32.598Z","level":"INFO","device":"868120100005","event":"9208_RAW","detail":"0C35342E33372E3232352E36350D32000086812010000500260405232632010200383638313230313030303035303032363034303532333236333230313032303000000000000000000000000000000000"}
{"ts":"2026-04-05T23:26:32.598Z","level":"INFO","device":"868120100005","event":"UPLOAD_TRIGGERED","detail":"media: 54.37.225.65:3378 | alarmId: 86812010000500260405232632010200"}
{"ts":"2026-04-05T23:26:32.598Z","level":"INFO","device":"868120100005","event":"MEDIA_CONNECTING","detail":"54.37.225.65:3378 files=2"}
{"ts":"2026-04-05T23:26:32.599Z","level":"INFO","device":"868120100005","event":"RX_MSG","detail":"0x8001 bodyLen=5"}
{"ts":"2026-04-05T23:26:32.599Z","level":"INFO","device":"868120100005","event":"SERVER_ACK","detail":"0x0800 result=OK"}
{"ts":"2026-04-05T23:26:32.599Z","level":"INFO","device":"868120100005","event":"RX_MSG","detail":"0x8001 bodyLen=5"}
{"ts":"2026-04-05T23:26:32.599Z","level":"INFO","device":"868120100005","event":"SERVER_ACK","detail":"0x0200 result=OK"}
{"ts":"2026-04-05T23:26:32.599Z","level":"INFO","device":"868120100002","event":"MEDIA_RX","detail":"7E 80 01 00 05 86 81 20 10 00 02 4F B8 00 00 12 10 00 44 7E"}
{"ts":"2026-04-05T23:26:32.628Z","level":"INFO","device":"291078985963","event":"MEDIA_RX","detail":"7E 80 01 00 05 29 10 78 98 59 63 E6 1E 00 01 12 11 00 9D 7E 7E 92 12 00 36 29 10 78 98 59 63 3A 49 32 30 30 5F 36 34 5F 36 34 30 31 5F 30 30 5F 32 39 31 30 37 38 39 38 35 39 36 33 30 30 32 36 30 34 30 35 32 33 32 36 33 31 30 31 30 32 30 30 2E 6A 70 67 00 00 00 4A 7E"}
{"ts":"2026-04-05T23:26:32.628Z","level":"INFO","device":"291078985963","event":"FILE_START","detail":"[2/2] 02_64_6401_03_29107898596300260405232631010200.mp4 (65536 bytes)"}
{"ts":"2026-04-05T23:26:32.629Z","level":"INFO","device":"291078985963","event":"SENT_1210","detail":"02_64_6401_03_29107898596300260405232631010200.mp4"}
{"ts":"2026-04-05T23:26:32.630Z","level":"INFO","device":"868120100004","event":"MEDIA_CONNECTED","detail":"54.37.225.65:3378"}
{"ts":"2026-04-05T23:26:32.631Z","level":"INFO","device":"868120100004","event":"FILE_START","detail":"[1/2] 00_64_6401_00_86812010000400260405232631010200.jpg (215 bytes)"}
{"ts":"2026-04-05T23:26:32.632Z","level":"INFO","device":"868120100004","event":"SENT_1210","detail":"00_64_6401_00_86812010000400260405232631010200.jpg"}
{"ts":"2026-04-05T23:26:32.654Z","level":"INFO","device":"868120100009","event":"INCIDENT_SENT","detail":"mediaId=1 alarmId=86812010000900260405232632010200"}
{"ts":"2026-04-05T23:26:32.654Z","level":"INFO","device":"868120100009","event":"GPS_SENT","detail":""}
{"ts":"2026-04-05T23:26:32.703Z","level":"INFO","device":"868120100003","event":"MEDIA_RX","detail":"7E 80 01 00 05 86 81 20 10 00 03 5F E9 00 00 12 10 00 04 7E"}
{"ts":"2026-04-05T23:26:32.729Z","level":"INFO","device":"868120100008","event":"RX_MSG","detail":"0x8001 bodyLen=5"}
{"ts":"2026-04-05T23:26:32.729Z","level":"INFO","device":"868120100008","event":"SERVER_ACK","detail":"0x0200 result=OK"}
{"ts":"2026-04-05T23:26:32.752Z","level":"INFO","device":"291078985963","event":"SENT_1212","detail":"02_64_6401_03_29107898596300260405232631010200.mp4"}
{"ts":"2026-04-05T23:26:32.752Z","level":"INFO","device":"868120100004","event":"SENT_1212","detail":"00_64_6401_00_86812010000400260405232631010200.jpg"}
{"ts":"2026-04-05T23:26:32.763Z","level":"INFO","device":"868120100006","event":"RX_MSG","detail":"0x8001 bodyLen=5"}
{"ts":"2026-04-05T23:26:32.763Z","level":"INFO","device":"868120100006","event":"SERVER_ACK","detail":"0x0800 result=OK"}
{"ts":"2026-04-05T23:26:32.763Z","level":"INFO","device":"868120100006","event":"RX_MSG","detail":"0x8001 bodyLen=5"}
{"ts":"2026-04-05T23:26:32.763Z","level":"INFO","device":"868120100006","event":"SERVER_ACK","detail":"0x0200 result=OK"}
{"ts":"2026-04-05T23:26:32.785Z","level":"INFO","device":"868120100002","event":"FILE_START","detail":"[2/2] 02_64_6401_03_86812010000200260405232631010200.mp4 (65536 bytes)"}
{"ts":"2026-04-05T23:26:32.785Z","level":"INFO","device":"868120100002","event":"SENT_1210","detail":"02_64_6401_03_86812010000200260405232631010200.mp4"}
{"ts":"2026-04-05T23:26:32.792Z","level":"INFO","device":"100000000010","event":"INCIDENT_SENT","detail":"mediaId=1 alarmId=10000000001000260405232632010200"}
{"ts":"2026-04-05T23:26:32.793Z","level":"INFO","device":"100000000010","event":"GPS_SENT","detail":""}
{"ts":"2026-04-05T23:26:32.800Z","level":"INFO","device":"868120100005","event":"MEDIA_CONNECTED","detail":"54.37.225.65:3378"}
{"ts":"2026-04-05T23:26:32.801Z","level":"INFO","device":"868120100005","event":"FILE_START","detail":"[1/2] 00_64_6401_00_86812010000500260405232632010200.jpg (215 bytes)"}
{"ts":"2026-04-05T23:26:32.801Z","level":"INFO","device":"868120100005","event":"SENT_1210","detail":"00_64_6401_00_86812010000500260405232632010200.jpg"}
{"ts":"2026-04-05T23:26:32.808Z","level":"INFO","device":"868120100002","event":"MEDIA_RX","detail":"7E 80 01 00 05 86 81 20 10 00 02 80 C1 00 01 12 11 00 F2 7E 7E 92 12 00 36 86 81 20 10 00 02 27 2D 32 30 30 5F 36 34 5F 36 34 30 31 5F 30 30 5F 38 36 38 31 32 30 31 30 30 30 30 32 30 30 32 36 30 34 30 35 32 33 32 36 33 31 30 31 30 32 30 30 2E 6A 70 67 00 00 00 EE 7E"}
{"ts":"2026-04-05T23:26:32.827Z","level":"INFO","device":"868120100004","event":"MEDIA_RX","detail":"7E 80 01 00 05 86 81 20 10 00 04 B8 27 00 00 12 10 00 2A 7E"}
{"ts":"2026-04-05T23:26:32.832Z","level":"INFO","device":"291078985963","event":"MEDIA_RX","detail":"7E 80 01 00 05 29 10 78 98 59 63 5A 91 00 03 12 10 00 AD 7E"}
{"ts":"2026-04-05T23:26:32.848Z","level":"INFO","device":"868120100009","event":"RX_MSG","detail":"0x8001 bodyLen=5"}
{"ts":"2026-04-05T23:26:32.848Z","level":"INFO","device":"868120100009","event":"SERVER_ACK","detail":"0x0200 result=OK"}
{"ts":"2026-04-05T23:26:32.870Z","level":"INFO","device":"868120100007","event":"RX_MSG","detail":"0x9208 bodyLen=81"}
{"ts":"2026-04-05T23:26:32.870Z","level":"INFO","device":"868120100007","event":"9208_RAW","detail":"0C35342E33372E3232352E36350D32000086812010000700260405232632010200383638313230313030303037303032363034303532333236333230313032303000000000000000000000000000000000"}
{"ts":"2026-04-05T23:26:32.870Z","level":"INFO","device":"868120100007","event":"UPLOAD_TRIGGERED","detail":"media: 54.37.225.65:3378 | alarmId: 86812010000700260405232632010200"}
{"ts":"2026-04-05T23:26:32.870Z","level":"INFO","device":"868120100007","event":"MEDIA_CONNECTING","detail":"54.37.225.65:3378 files=2"}
{"ts":"2026-04-05T23:26:32.871Z","level":"INFO","device":"868120100007","event":"RX_MSG","detail":"0x8001 bodyLen=5"}
{"ts":"2026-04-05T23:26:32.871Z","level":"INFO","device":"868120100007","event":"SERVER_ACK","detail":"0x0800 result=OK"}
{"ts":"2026-04-05T23:26:32.871Z","level":"INFO","device":"868120100007","event":"RX_MSG","detail":"0x8001 bodyLen=5"}
{"ts":"2026-04-05T23:26:32.871Z","level":"INFO","device":"868120100007","event":"SERVER_ACK","detail":"0x0200 result=OK"}
{"ts":"2026-04-05T23:26:32.890Z","level":"INFO","device":"868120100002","event":"SENT_1212","detail":"02_64_6401_03_86812010000200260405232631010200.mp4"}
{"ts":"2026-04-05T23:26:32.898Z","level":"INFO","device":"868120100003","event":"FILE_START","detail":"[2/2] 02_64_6401_03_86812010000300260405232631010200.mp4 (65536 bytes)"}
{"ts":"2026-04-05T23:26:32.898Z","level":"INFO","device":"868120100003","event":"SENT_1210","detail":"02_64_6401_03_86812010000300260405232631010200.mp4"}
{"ts":"2026-04-05T23:26:32.901Z","level":"INFO","device":"868120100005","event":"SENT_1212","detail":"00_64_6401_00_86812010000500260405232632010200.jpg"}
{"ts":"2026-04-05T23:26:32.903Z","level":"INFO","device":"868120100003","event":"MEDIA_RX","detail":"7E 80 01 00 05 86 81 20 10 00 03 8E C4 00 01 12 11 00 F8 7E 7E 92 12 00 36 86 81 20 10 00 03 31 BE 32 30 30 5F 36 34 5F 36 34 30 31 5F 30 30 5F 38 36 38 31 32 30 31 30 30 30 30 33 30 30 32 36 30 34 30 35 32 33 32 36 33 31 30 31 30 32 30 30 2E 6A 70 67 00 00 00 6B 7E"}
{"ts":"2026-04-05T23:26:32.977Z","level":"INFO","device":"100000000010","event":"RX_MSG","detail":"0x8001 bodyLen=5"}
{"ts":"2026-04-05T23:26:32.977Z","level":"INFO","device":"100000000010","event":"SERVER_ACK","detail":"0x0200 result=OK"}
{"ts":"2026-04-05T23:26:33.002Z","level":"INFO","device":"868120100003","event":"SENT_1212","detail":"02_64_6401_03_86812010000300260405232631010200.mp4"}
{"ts":"2026-04-05T23:26:33.003Z","level":"INFO","device":"868120100005","event":"MEDIA_RX","detail":"7E 80 01 00 05 86 81 20 10 00 05 4D B9 00 00 12 10 00 40 7E"}
{"ts":"2026-04-05T23:26:33.018Z","level":"INFO","device":"868120100004","event":"MEDIA_RX","detail":"7E 80 01 00 05 86 81 20 10 00 04 35 0B 00 01 12 11 00 8B 7E 7E 92 12 00 36 86 81 20 10 00 04 BA 7F 32 30 30 5F 36 34 5F 36 34 30 31 5F 30 30 5F 38 36 38 31 32 30 31 30 30 30 30 34 30 30 32 36 30 34 30 35 32 33 32 36 33 31 30 31 30 32 30 30 2E 6A 70 67 00 00 00 21 7E"}
{"ts":"2026-04-05T23:26:33.033Z","level":"INFO","device":"291078985963","event":"MEDIA_RX","detail":"7E 80 01 00 05 29 10 78 98 59 63 3A C8 00 04 12 11 00 92 7E 7E 80 01 00 05 29 10 78 98 59 63 ED D8 00 05 12 11 00 54 7E 7E 80 01 00 05 29 10 78 98 59 63 A5 3F 00 06 12 11 00 F8 7E 7E 80 01 00 05 29 10 78 98 59 63 27 6F 00 07 12 11 00 2B 7E 7E 80 01 00 05 29 10 78 98 59 63 19 CB 00 08 12 11 00 BE 7E 7E 80 01 00 05 29 10 78 98 59 63 19 FD 00 09 12 11 00 89 7E 7E 80 01 00 05 29 10 78 98 59 63 D5 DB 00 0A 12 11 00 60 7E 7E 80 01 00 05 29 10 78 98 59 63 B2 69 00 0B 12 11 00 B4 7E 7E 80 01 00 05 29 10 78 98 59 63 50 CC 00 0C 12 11 00 F4 7E 7E 80 01 00 05 29 10 78 98 59 63 F5 F6 00 0D 12 11 00 6A 7E 7E 80 01 00 05 29 10 78 98 59 63 78 A9 00 0E 12 11 00 BB 7E 7E 80 01 00 05 29 10 78 98 59 63 85 08 00 0F 12 11 00 E6 7E 7E 80 01 00 05 29 10 78 98 59 63 AC 25 00 10 12 11 00 FD 7E 7E 80 01 00 05 29 10 78 98 59 63 FE 9C 00 11 12 11 00 17 7E 7E 80 01 00 05 29 10 78 98 59 63 BD A8 00 12 12 11 00 63 7E 7E 80 01 00 05 29 10 78 98 59 63 76 EC 00 13 12 11 00 ED 7E 7E 80 01 00 05 29 10 78 98 59 63 9A AF 00 14 12 11 00 45 7E 7E 80 01 00 05 29 10 78 98 59 63 AA 63 00 15 12 11 00 B8 7E 7E 80 01 00 05 29 10 78 98 59 63 2F 97 00 16 12 11 00 CA 7E 7E 80 01 00 05 29 10 78 98 59 63 92 E1 00 17 12 11 00 00 7E 7E 80 01 00 05 29 10 78 98 59 63 8E 56 00 18 12 11 00 A4 7E 7E 80 01 00 05 29 10 78 98 59 63 5C 51 00 19 12 11 00 70 7E 7E 80 01 00 05 29 10 78 98 59 63 89 B0 00 1A 12 11 00 47 7E 7E 80 01 00 05 29 10 78 98 59 63 FC 71 00 1B 12 11 00 F2 7E 7E 80 01 00 05 29 10 78 98 59 63 BE F1 00 1C 12 11 00 37 7E 7E 80 01 00 05 29 10 78 98 59 63 12 A7 00 1D 12 11 00 CC 7E 7E 80 01 00 05 29 10 78 98 59 63 35 A9 00 1E 12 11 00 E6 7E 7E 80 01 00 05 29 10 78 98 59 63 1F 15 00 1F 12 11 00 71 7E 7E 80 01 00 05 29 10 78 98 59 63 16 E6 00 20 12 11 00 B4 7E 7E 80 01 00 05 29 10 78 98 59 63 7D 02 74 00 21 12 11 00 4F 7E 7E 80 01 00 05 29 10 78 98 59 63 64 1F 00 22 12 11 00 3D 7E 7E 80 01 00 05 29 10 78 98 59 63 39 56 00 23 12 11 00 28 7E 7E 80 01 00 05 29 10 78 98 59 63 0B 00 00 24 12 11 00 4B 7E"}
{"ts":"2026-04-05T23:26:33.053Z","level":"INFO","device":"291078985963","event":"BATCH_COMPLETE","detail":"All 2 files sent"}
{"ts":"2026-04-05T23:26:33.054Z","level":"INFO","device":"868120100004","event":"FILE_START","detail":"[2/2] 02_64_6401_03_86812010000400260405232631010200.mp4 (65536 bytes)"}
{"ts":"2026-04-05T23:26:33.054Z","level":"INFO","device":"868120100004","event":"SENT_1210","detail":"02_64_6401_03_86812010000400260405232631010200.mp4"}
{"ts":"2026-04-05T23:26:33.072Z","level":"INFO","device":"868120100007","event":"MEDIA_CONNECTED","detail":"54.37.225.65:3378"}
{"ts":"2026-04-05T23:26:33.072Z","level":"INFO","device":"868120100007","event":"FILE_START","detail":"[1/2] 00_64_6401_00_86812010000700260405232632010200.jpg (215 bytes)"}
{"ts":"2026-04-05T23:26:33.072Z","level":"INFO","device":"868120100007","event":"SENT_1210","detail":"00_64_6401_00_86812010000700260405232632010200.jpg"}
{"ts":"2026-04-05T23:26:33.073Z","level":"INFO","device":"868120100008","event":"RX_MSG","detail":"0x9208 bodyLen=81"}
{"ts":"2026-04-05T23:26:33.073Z","level":"INFO","device":"868120100008","event":"9208_RAW","detail":"0C35342E33372E3232352E36350D32000086812010000800260405232632010200383638313230313030303038303032363034303532333236333230313032303000000000000000000000000000000000"}
{"ts":"2026-04-05T23:26:33.073Z","level":"INFO","device":"868120100008","event":"UPLOAD_TRIGGERED","detail":"media: 54.37.225.65:3378 | alarmId: 86812010000800260405232632010200"}
{"ts":"2026-04-05T23:26:33.073Z","level":"INFO","device":"868120100008","event":"MEDIA_CONNECTING","detail":"54.37.225.65:3378 files=2"}
{"ts":"2026-04-05T23:26:33.074Z","level":"INFO","device":"868120100008","event":"RX_MSG","detail":"0x8001 bodyLen=5"}
{"ts":"2026-04-05T23:26:33.074Z","level":"INFO","device":"868120100008","event":"SERVER_ACK","detail":"0x0800 result=OK"}
{"ts":"2026-04-05T23:26:33.074Z","level":"INFO","device":"868120100008","event":"RX_MSG","detail":"0x8001 bodyLen=5"}
{"ts":"2026-04-05T23:26:33.074Z","level":"INFO","device":"868120100008","event":"SERVER_ACK","detail":"0x0200 result=OK"}
{"ts":"2026-04-05T23:26:33.096Z","level":"INFO","device":"868120100002","event":"MEDIA_RX","detail":"7E 80 01 00 05 86 81 20 10 00 02 E4 F0 00 03 12 10 00 A4 7E"}
{"ts":"2026-04-05T23:26:33.164Z","level":"INFO","device":"868120100004","event":"SENT_1212","detail":"02_64_6401_03_86812010000400260405232631010200.mp4"}
{"ts":"2026-04-05T23:26:33.172Z","level":"INFO","device":"868120100007","event":"SENT_1212","detail":"00_64_6401_00_86812010000700260405232632010200.jpg"}
{"ts":"2026-04-05T23:26:33.182Z","level":"INFO","device":"868120100009","event":"RX_MSG","detail":"0x9208 bodyLen=81"}
{"ts":"2026-04-05T23:26:33.182Z","level":"INFO","device":"868120100009","event":"9208_RAW","detail":"0C35342E33372E3232352E36350D32000086812010000900260405232632010200383638313230313030303039303032363034303532333236333230313032303000000000000000000000000000000000"}
{"ts":"2026-04-05T23:26:33.182Z","level":"INFO","device":"868120100009","event":"UPLOAD_TRIGGERED","detail":"media: 54.37.225.65:3378 | alarmId: 86812010000900260405232632010200"}
{"ts":"2026-04-05T23:26:33.182Z","level":"INFO","device":"868120100009","event":"MEDIA_CONNECTING","detail":"54.37.225.65:3378 files=2"}
{"ts":"2026-04-05T23:26:33.183Z","level":"INFO","device":"868120100009","event":"RX_MSG","detail":"0x8001 bodyLen=5"}
{"ts":"2026-04-05T23:26:33.183Z","level":"INFO","device":"868120100009","event":"SERVER_ACK","detail":"0x0800 result=OK"}
{"ts":"2026-04-05T23:26:33.183Z","level":"INFO","device":"868120100009","event":"RX_MSG","detail":"0x8001 bodyLen=5"}
{"ts":"2026-04-05T23:26:33.183Z","level":"INFO","device":"868120100009","event":"SERVER_ACK","detail":"0x0200 result=OK"}
{"ts":"2026-04-05T23:26:33.192Z","level":"INFO","device":"868120100002","event":"BATCH_COMPLETE","detail":"All 2 files sent"}
{"ts":"2026-04-05T23:26:33.200Z","level":"INFO","device":"868120100003","event":"MEDIA_RX","detail":"7E 80 01 00 05 86 81 20 10 00 03 0F 28 00 03 12 10 00 96 7E"}
{"ts":"2026-04-05T23:26:33.201Z","level":"INFO","device":"868120100005","event":"FILE_START","detail":"[2/2] 02_64_6401_03_86812010000500260405232632010200.mp4 (65536 bytes)"}
{"ts":"2026-04-05T23:26:33.201Z","level":"INFO","device":"868120100005","event":"SENT_1210","detail":"02_64_6401_03_86812010000500260405232632010200.mp4"}
{"ts":"2026-04-05T23:26:33.201Z","level":"INFO","device":"868120100005","event":"MEDIA_RX","detail":"7E 80 01 00 05 86 81 20 10 00 05 2B CB 00 01 12 11 00 54 7E 7E 92 12 00 36 86 81 20 10 00 05 6D 72 32 30 30 5F 36 34 5F 36 34 30 31 5F 30 30 5F 38 36 38 31 32 30 31 30 30 30 30 35 30 30 32 36 30 34 30 35 32 33 32 36 33 32 30 31 30 32 30 30 2E 6A 70 67 00 00 00 F8 7E"}
{"ts":"2026-04-05T23:26:33.248Z","level":"INFO","device":"868120100004","event":"MEDIA_RX","detail":"7E 80 01 00 05 86 81 20 10 00 04 11 D0 00 03 12 10 00 77 7E"}
{"ts":"2026-04-05T23:26:33.267Z","level":"INFO","device":"868120100008","event":"MEDIA_CONNECTED","detail":"54.37.225.65:3378"}
{"ts":"2026-04-05T23:26:33.267Z","level":"INFO","device":"868120100008","event":"FILE_START","detail":"[1/2] 00_64_6401_00_86812010000800260405232632010200.jpg (215 bytes)"}
{"ts":"2026-04-05T23:26:33.268Z","level":"INFO","device":"868120100008","event":"SENT_1210","detail":"00_64_6401_00_86812010000800260405232632010200.jpg"}
{"ts":"2026-04-05T23:26:33.278Z","level":"INFO","device":"868120100007","event":"MEDIA_RX","detail":"7E 80 01 00 05 86 81 20 10 00 07 AA 20 00 00 12 10 00 3C 7E"}
{"ts":"2026-04-05T23:26:33.297Z","level":"INFO","device":"100000000010","event":"RX_MSG","detail":"0x9208 bodyLen=81"}
{"ts":"2026-04-05T23:26:33.297Z","level":"INFO","device":"100000000010","event":"9208_RAW","detail":"0C35342E33372E3232352E36350D32000010000000001000260405232632010200313030303030303030303130303032363034303532333236333230313032303000000000000000000000000000000000"}
{"ts":"2026-04-05T23:26:33.298Z","level":"INFO","device":"100000000010","event":"UPLOAD_TRIGGERED","detail":"media: 54.37.225.65:3378 | alarmId: 10000000001000260405232632010200"}
{"ts":"2026-04-05T23:26:33.298Z","level":"INFO","device":"100000000010","event":"MEDIA_CONNECTING","detail":"54.37.225.65:3378 files=2"}
{"ts":"2026-04-05T23:26:33.298Z","level":"INFO","device":"100000000010","event":"RX_MSG","detail":"0x8001 bodyLen=5"}
{"ts":"2026-04-05T23:26:33.298Z","level":"INFO","device":"100000000010","event":"SERVER_ACK","detail":"0x0800 result=OK"}
{"ts":"2026-04-05T23:26:33.298Z","level":"INFO","device":"100000000010","event":"RX_MSG","detail":"0x8001 bodyLen=5"}
{"ts":"2026-04-05T23:26:33.298Z","level":"INFO","device":"100000000010","event":"SERVER_ACK","detail":"0x0200 result=OK"}
{"ts":"2026-04-05T23:26:33.314Z","level":"INFO","device":"868120100005","event":"SENT_1212","detail":"02_64_6401_03_86812010000500260405232632010200.mp4"}
{"ts":"2026-04-05T23:26:33.314Z","level":"INFO","device":"868120100003","event":"BATCH_COMPLETE","detail":"All 2 files sent"}
{"ts":"2026-04-05T23:26:33.368Z","level":"INFO","device":"868120100008","event":"SENT_1212","detail":"00_64_6401_00_86812010000800260405232632010200.jpg"}
{"ts":"2026-04-05T23:26:33.396Z","level":"INFO","device":"868120100009","event":"MEDIA_CONNECTED","detail":"54.37.225.65:3378"}
{"ts":"2026-04-05T23:26:33.396Z","level":"INFO","device":"868120100009","event":"FILE_START","detail":"[1/2] 00_64_6401_00_86812010000900260405232632010200.jpg (215 bytes)"}
{"ts":"2026-04-05T23:26:33.396Z","level":"INFO","device":"868120100009","event":"SENT_1210","detail":"00_64_6401_00_86812010000900260405232632010200.jpg"}
{"ts":"2026-04-05T23:26:33.434Z","level":"INFO","device":"868120100005","event":"MEDIA_RX","detail":"7E 80 01 00 05 86 81 20 10 00 05 CB 41 00 03 12 10 00 3D 7E"}
{"ts":"2026-04-05T23:26:33.440Z","level":"INFO","device":"868120100004","event":"MEDIA_RX","detail":"7E 80 01 00 05 86 81 20 10 00 04 03 D5 00 04 12 11 00 66 7E 7E 80 01 00 05 86 81 20 10 00 04 63 3A 00 05 12 11 00 E8 7E 7E 80 01 00 05 86 81 20 10 00 04 8E BA 00 06 12 11 00 86 7E 7E 80 01 00 05 86 81 20 10 00 04 62 86 00 07 12 11 00 57 7E 7E 80 01 00 05 86 81 20 10 00 04 DF 58 00 08 12 11 00 3B 7E 7E 80 01 00 05 86 81 20 10 00 04 31 B9 00 09 12 11 00 35 7E 7E 80 01 00 05 86 81 20 10 00 04 57 C3 00 0A 12 11 00 2A 7E 7E 80 01 00 05 86 81 20 10 00 04 13 B9 00 0B 12 11 00 15 7E 7E 80 01 00 05 86 81 20 10 00 04 19 41 00 0C 12 11 00 E0 7E 7E 80 01 00 05 86 81 20 10 00 04 B9 DF 00 0D 12 11 00 DF 7E 7E 80 01 00 05 86 81 20 10 00 04 B1 96 00 0E 12 11 00 9D 7E 7E 80 01 00 05 86 81 20 10 00 04 9A C3 00 0F 12 11 00 E2 7E 7E 80 01 00 05 86 81 20 10 00 04 29 33 00 10 12 11 00 BE 7E 7E 80 01 00 05 86 81 20 10 00 04 6D 00 00 11 12 11 00 C8 7E 7E 80 01 00 05 86 81 20 10 00 04 B8 58 00 12 12 11 00 46 7E 7E 80 01 00 05 86 81 20 10 00 04 A6 DF 00 13 12 11 00 DE 7E 7E 80 01 00 05 86 81 20 10 00 04 D5 85 00 14 12 11 00 F0 7E 7E 80 01 00 05 86 81 20 10 00 04 FD 3F 00 15 12 11 00 63 7E 7E 80 01 00 05 86 81 20 10 00 04 5E 69 00 16 12 11 00 95 7E 7E 80 01 00 05 86 81 20 10 00 04 21 D5 00 17 12 11 00 57 7E 7E 80 01 00 05 86 81 20 10 00 04 D7 90 00 18 12 11 00 EB 7E 7E 80 01 00 05 86 81 20 10 00 04 C6 A4 00 19 12 11 00 CF 7E 7E 80 01 00 05 86 81 20 10 00 04 52 24 00 1A 12 11 00 D8 7E 7E 80 01 00 05 86 81 20 10 00 04 A6 E4 00 1B 12 11 00 ED 7E 7E 80 01 00 05 86 81 20 10 00 04 9A C2 00 1C 12 11 00 F0 7E 7E 80 01 00 05 86 81 20 10 00 04 31 58 00 1D 12 11 00 C0 7E 7E 80 01 00 05 86 81 20 10 00 04 6A 68 00 1E 12 11 00 A8 7E 7E 80 01 00 05 86 81 20 10 00 04 B3 E5 00 1F 12 11 00 FD 7E 7E 80 01 00 05 86 81 20 10 00 04 84 9C 00 20 12 11 00 8C 7E 7E 80 01 00 05 86 81 20 10 00 04 41 12 00 21 12 11 00 C6 7E 7E 80 01 00 05 86 81 20 10 00 04 C8 A8 00 22 12 11 00 F6 7E 7E 80 01 00 05 86 81 20 10 00 04 94 12 00 23 12 11 00 11 7E 7E 80 01 00 05 86 81 20 10 00 04 AE 36 00 24 12 11 00 08 7E"}
{"ts":"2026-04-05T23:26:33.462Z","level":"ERROR","device":"291078985963","event":"MEDIA_ERROR","detail":"54.37.225.65:3378 — read ECONNRESET"}
{"ts":"2026-04-05T23:26:33.462Z","level":"INFO","device":"291078985963","event":"MEDIA_CLOSED","detail":""}
{"ts":"2026-04-05T23:26:33.463Z","level":"INFO","device":"868120100004","event":"BATCH_COMPLETE","detail":"All 2 files sent"}
{"ts":"2026-04-05T23:26:33.467Z","level":"INFO","device":"868120100008","event":"MEDIA_RX","detail":"7E 80 01 00 05 86 81 20 10 00 08 56 23 00 00 12 10 00 CC 7E"}
{"ts":"2026-04-05T23:26:33.473Z","level":"INFO","device":"868120100007","event":"FILE_START","detail":"[2/2] 02_64_6401_03_86812010000700260405232632010200.mp4 (65536 bytes)"}
{"ts":"2026-04-05T23:26:33.473Z","level":"INFO","device":"868120100007","event":"SENT_1210","detail":"02_64_6401_03_86812010000700260405232632010200.mp4"}
{"ts":"2026-04-05T23:26:33.476Z","level":"INFO","device":"868120100007","event":"MEDIA_RX","detail":"7E 80 01 00 05 86 81 20 10 00 07 1B 56 00 01 12 11 00 FB 7E 7E 92 12 00 36 86 81 20 10 00 07 10 35 32 30 30 5F 36 34 5F 36 34 30 31 5F 30 30 5F 38 36 38 31 32 30 31 30 30 30 30 37 30 30 32 36 30 34 30 35 32 33 32 36 33 32 30 31 30 32 30 30 2E 6A 70 67 00 00 00 C2 7E"}
{"ts":"2026-04-05T23:26:33.498Z","level":"INFO","device":"868120100009","event":"SENT_1212","detail":"00_64_6401_00_86812010000900260405232632010200.jpg"}
{"ts":"2026-04-05T23:26:33.499Z","level":"INFO","device":"100000000010","event":"MEDIA_CONNECTED","detail":"54.37.225.65:3378"}
{"ts":"2026-04-05T23:26:33.500Z","level":"INFO","device":"100000000010","event":"FILE_START","detail":"[1/2] 00_64_6401_00_10000000001000260405232632010200.jpg (215 bytes)"}
{"ts":"2026-04-05T23:26:33.500Z","level":"INFO","device":"100000000010","event":"SENT_1210","detail":"00_64_6401_00_10000000001000260405232632010200.jpg"}
{"ts":"2026-04-05T23:26:33.579Z","level":"INFO","device":"868120100007","event":"SENT_1212","detail":"02_64_6401_03_86812010000700260405232632010200.mp4"}
{"ts":"2026-04-05T23:26:33.600Z","level":"INFO","device":"100000000010","event":"SENT_1212","detail":"00_64_6401_00_10000000001000260405232632010200.jpg"}
{"ts":"2026-04-05T23:26:33.611Z","level":"INFO","device":"868120100009","event":"MEDIA_RX","detail":"7E 80 01 00 05 86 81 20 10 00 09 32 D6 00 00 12 10 00 5C 7E"}
{"ts":"2026-04-05T23:26:33.614Z","level":"INFO","device":"868120100005","event":"BATCH_COMPLETE","detail":"All 2 files sent"}
{"ts":"2026-04-05T23:26:33.617Z","level":"INFO","device":"868120100002","event":"MEDIA_RX","detail":"7E 80 01 00 05 86 81 20 10 00 02 E9 D2 00 04 12 11 00 8D 7E 7E 80 01 00 05 86 81 20 10 00 02 4E CF 00 05 12 11 00 36 7E 7E 80 01 00 05 86 81 20 10 00 02 DF D5 00 06 12 11 00 BE 7E 7E 80 01 00 05 86 81 20 10 00 02 E8 FE 00 07 12 11 00 A3 7E 7E 80 01 00 05 86 81 20 10 00 02 86 87 00 08 12 11 00 BB 7E 7E 80 01 00 05 86 81 20 10 00 02 11 2D 00 09 12 11 00 87 7E 7E 80 01 00 05 86 81 20 10 00 02 1A 8C 00 0A 12 11 00 2E 7E 7E 80 01 00 05 86 81 20 10 00 02 C6 4A 00 0B 12 11 00 35 7E 7E 80 01 00 05 86 81 20 10 00 02 C8 82 00 0C 12 11 00 F4 7E 7E 80 01 00 05 86 81 20 10 00 02 55 44 00 0D 12 11 00 AE 7E 7E 80 01 00 05 86 81 20 10 00 02 BE 36 00 0E 12 11 00 34 7E 7E 80 01 00 05 86 81 20 10 00 02 E9 C7 00 0F 12 11 00 93 7E 7E 80 01 00 05 86 81 20 10 00 02 65 5A 00 10 12 11 00 9D 7E 7E 80 01 00 05 86 81 20 10 00 02 74 02 00 11 12 11 00 D5 7E 7E 80 01 00 05 86 81 20 10 00 02 86 89 00 12 12 11 00 AF 7E 7E 80 01 00 05 86 81 20 10 00 02 75 17 00 13 12 11 00 C3 7E 7E 80 01 00 05 86 81 20 10 00 02 84 B4 00 14 12 11 00 96 7E 7E 80 01 00 05 86 81 20 10 00 02 3C 84 00 15 12 11 00 1F 7E 7E 80 01 00 05 86 81 20 10 00 02 E4 C2 00 16 12 11 00 82 7E 7E 80 01 00 05 86 81 20 10 00 02 D0 6D 00 17 12 11 00 18 7E 7E 80 01 00 05 86 81 20 10 00 02 A9 4E 00 18 12 11 00 4D 7E 7E 80 01 00 05 86 81 20 10 00 02 2B 7C 00 19 12 11 00 FC 7E 7E 80 01 00 05 86 81 20 10 00 02 4F 90 00 1A 12 11 00 77 7E 7E 80 01 00 05 86 81 20 10 00 02 53 0C 00 1B 12 11 00 F6 7E 7E 80 01 00 05 86 81 20 10 00 02 92 AE 00 1C 12 11 00 92 7E 7E 80 01 00 05 86 81 20 10 00 02 DD 3C 00 1D 12 11 00 4E 7E 7E 80 01 00 05 86 81 20 10 00 02 9D 32 00 1E 12 11 00 03 7E 7E 80 01 00 05 86 81 20 10 00 02 25 78 00 1F 12 11 00 F0 7E 7E 80 01 00 05 86 81 20 10 00 02 3A D9 00 20 12 11 00 71 7E 7E 80 01 00 05 86 81 20 10 00 02 CF 47 00 21 12 11 00 1B 7E 7E 80 01 00 05 86 81 20 10 00 02 BE C9 00 22 12 11 00 E7 7E 7E 80 01 00 05 86 81 20 10 00 02 B3 21 00 23 12 11 00 03 7E 7E 80 01 00 05 86 81 20 10 00 02 67 A1 00 24 12 11 00 50 7E 7E 80 01 00 05 86 81 20 10 00 02 C7 77 00 25 12 11 00 27 7E 7E 80 01 00 05 86 81 20 10 00 02 B3 70 00 26 12 11 00 57 7E 7E 80 01 00 05 86 81 20 10 00 02 2B 41 00 27 12 11 00 FF 7E 7E 80 01 00 05 86 81 20 10 00 02 84 1C 00 28 12 11 00 02 7E 7E 80 01 00 05 86 81 20 10 00 02 F0 71 00 29 12 11 00 1A 7E 7E 80 01 00 05 86 81 20 10 00 02 15 8C 00 2A 12 11 00 01 7E 7E 80 01 00 05 86 81 20 10 00 02 9E BC 00 2B 12 11 00 BB 7E 7E 80 01 00 05 86 81 20 10 00 02 1D 12 00 2C 12 11 00 91 7E 7E 80 01 00 05 86 81 20 10 00 02 04 E1 00 2D 12 11 00 7A 7E 7E 80 01 00 05 86 81 20 10 00 02 74 CF 00 2E 12 11 00 27 7E 7E 80 01 00 05 86 81 20 10 00 02 34 AC 00 2F 12 11 00 05 7E 7E 80 01 00 05 86 81 20 10 00 02 FF 30 00 30 12 11 00 4D 7E 7E 80 01 00 05 86 81 20 10 00 02 81 1E 00 31 12 11 00 1C 7E 7E 80 01 00 05 86 81 20 10 00 02 38 94 00 32 12 11 00 2C 7E 7E 80 01 00 05 86 81 20 10 00 02 55 08 00 33 12 11 00 DC 7E 7E 80 01 00 05 86 81 20 10 00 02 14 3C 00 34 12 11 00 AE 7E 7E 80 01 00 05 86 81 20 10 00 02 A0 86 00 35 12 11 00 A1 7E 7E 80 01 00 05 86 81 20 10 00 02 BB 1A 00 36 12 11 00 25 7E 7E 80 01 00 05 86 81 20 10 00 02 A8 97 00 37 12 11 00 BA 7E 7E 80 01 00 05 86 81 20 10 00 02 89 78 00 38 12 11 00 7B 7E 7E 80 01 00 05 86 81 20 10 00 02 F6 D3 00 39 12 11 00 AE 7E 7E 80 01 00 05 86 81 20 10 00 02 33 78 00 3A 12 11 00 C3 7E 7E 80 01 00 05 86 81 20 10 00 02 44 78 00 3B 12 11 00 B5 7E 7E 80 01 00 05 86 81 20 10 00 02 AA AF 00 3C 12 11 00 8B 7E 7E 80 01 00 05 86 81 20 10 00 02 B9 23 00 3D 12 11 00 15 7E 7E 80 01 00 05 86 81 20 10 00 02 FD 7D 02 00 3E 12 11 00 0F 7E 7E 80 01 00 05 86 81 20 10 00 02 A8 D7 00 3F 12 11 00 F2 7E 7E 80 01 00 05 86 81 20 10 00 02 7D 02 D9 00 40 12 11 00 55 7E 7E 80 01 00 05 86 81 20 10 00 02 D9 4F 00 41 12 11 00 65 7E 7E 80 01 00 05 86 81 20 10 00 02 08 CF 00 42 12 11 00 37 7E 7E 80 01 00 05 86 81 20 10 00 02 AA 92 00 43 12 11 00 C9 7E 7E 92 12 00 36 86 81 20 10 00 02 51 26 32 30 32 5F 36 34 5F 36 34 30 31 5F 30 33 5F 38 36 38 31 32 30 31 30 30 30 30 32 30 30 32 36 30 34 30 35 32 33 32 36 33 31 30 31 30 32 30 30 2E 6D 70 34 02 00 00 C4 7E"}
{"ts":"2026-04-05T23:26:33.618Z","level":"INFO","device":"868120100002","event":"MEDIA_CLOSED","detail":""}
{"ts":"2026-04-05T23:26:33.658Z","level":"INFO","device":"868120100008","event":"MEDIA_RX","detail":"7E 80 01 00 05 86 81 20 10 00 08 F8 E2 00 01 12 11 00 A3 7E 7E 92 12 00 36 86 81 20 10 00 08 F1 39 32 30 30 5F 36 34 5F 36 34 30 31 5F 30 30 5F 38 36 38 31 32 30 31 30 30 30 30 38 30 30 32 36 30 34 30 35 32 33 32 36 33 32 30 31 30 32 30 30 2E 6A 70 67 00 00 00 2F 7E"}
{"ts":"2026-04-05T23:26:33.668Z","level":"INFO","device":"868120100008","event":"FILE_START","detail":"[2/2] 02_64_6401_03_86812010000800260405232632010200.mp4 (65536 bytes)"}
{"ts":"2026-04-05T23:26:33.668Z","level":"INFO","device":"868120100008","event":"SENT_1210","detail":"02_64_6401_03_86812010000800260405232632010200.mp4"}
{"ts":"2026-04-05T23:26:33.706Z","level":"INFO","device":"100000000010","event":"MEDIA_RX","detail":"7E 80 01 00 05 10 00 00 00 00 10 4D BA 00 00 12 10 00 71 7E"}
{"ts":"2026-04-05T23:26:33.720Z","level":"INFO","device":"868120100003","event":"MEDIA_RX","detail":"7E 80 01 00 05 86 81 20 10 00 03 3B 3E 00 04 12 11 00 B2 7E 7E 80 01 00 05 86 81 20 10 00 03 69 E7 00 05 12 11 00 38 7E 7E 80 01 00 05 86 81 20 10 00 03 4E C0 00 06 12 11 00 3B 7E 7E 80 01 00 05 86 81 20 10 00 03 F5 80 00 07 12 11 00 C1 7E 7E 80 01 00 05 86 81 20 10 00 03 78 CA 00 08 12 11 00 09 7E 7E 80 01 00 05 86 81 20 10 00 03 07 2C 00 09 12 11 00 91 7E 7E 80 01 00 05 86 81 20 10 00 03 0E 40 00 0A 12 11 00 F7 7E 7E 80 01 00 05 86 81 20 10 00 03 8E 72 00 0B 12 11 00 44 7E 7E 80 01 00 05 86 81 20 10 00 03 40 C4 00 0C 12 11 00 3B 7E 7E 80 01 00 05 86 81 20 10 00 03 E7 EE 00 0D 12 11 00 B7 7E 7E 80 01 00 05 86 81 20 10 00 03 70 93 00 0E 12 11 00 5E 7E 7E 80 01 00 05 86 81 20 10 00 03 74 EF 00 0F 12 11 00 27 7E 7E 80 01 00 05 86 81 20 10 00 03 E8 EA 00 10 12 11 00 A1 7E 7E 80 01 00 05 86 81 20 10 00 03 E1 46 00 11 12 11 00 05 7E 7E 80 01 00 05 86 81 20 10 00 03 9A D7 00 12 12 11 00 EC 7E 7E 80 01 00 05 86 81 20 10 00 03 4A A7 00 13 12 11 00 4D 7E 7E 80 01 00 05 86 81 20 10 00 03 8D 33 00 14 12 11 00 19 7E 7E 80 01 00 05 86 81 20 10 00 03 C3 A3 00 15 12 11 00 C6 7E 7E 80 01 00 05 86 81 20 10 00 03 20 43 00 16 12 11 00 C6 7E 7E 80 01 00 05 86 81 20 10 00 03 E9 58 00 17 12 11 00 15 7E 7E 80 01 00 05 86 81 20 10 00 03 41 5F 00 18 12 11 00 B5 7E 7E 80 01 00 05 86 81 20 10 00 03 FA 26 00 19 12 11 00 76 7E 7E 80 01 00 05 86 81 20 10 00 03 1A CA 00 1A 12 11 00 79 7E 7E 80 01 00 05 86 81 20 10 00 03 37 8E 00 1B 12 11 00 11 7E 7E 80 01 00 05 86 81 20 10 00 03 0A EB 00 1C 12 11 00 4E 7E 7E 80 01 00 05 86 81 20 10 00 03 81 49 00 1D 12 11 00 66 7E 7E 80 01 00 05 86 81 20 10 00 03 5F D0 00 1E 12 11 00 22 7E 7E 80 01 00 05 86 81 20 10 00 03 FC FC 00 1F 12 11 00 AC 7E 7E 80 01 00 05 86 81 20 10 00 03 DD AB 00 20 12 11 00 E5 7E 7E 80 01 00 05 86 81 20 10 00 03 47 DB 00 21 12 11 00 0E 7E 7E 80 01 00 05 86 81 20 10 00 03 F7 1E 00 22 12 11 00 78 7E 7E 80 01 00 05 86 81 20 10 00 03 0D C2 00 23 12 11 00 5F 7E 7E 80 01 00 05 86 81 20 10 00 03 3B 93 00 24 12 11 00 3F 7E 7E 80 01 00 05 86 81 20 10 00 03 3E 89 00 25 12 11 00 21 7E 7E 80 01 00 05 86 81 20 10 00 03 58 1C 00 26 12 11 00 D1 7E 7E 80 01 00 05 86 81 20 10 00 03 71 AE 00 27 12 11 00 4B 7E 7E 80 01 00 05 86 81 20 10 00 03 0C 4D 00 28 12 11 00 DA 7E 7E 80 01 00 05 86 81 20 10 00 03 09 C0 00 29 12 11 00 53 7E 7E 80 01 00 05 86 81 20 10 00 03 39 48 00 2A 12 11 00 E8 7E 7E 80 01 00 05 86 81 20 10 00 03 1B 21 00 2B 12 11 00 A2 7E 7E 80 01 00 05 86 81 20 10 00 03 7F 6D 00 2C 12 11 00 8D 7E 7E 80 01 00 05 86 81 20 10 00 03 CD 48 00 2D 12 11 00 1B 7E 7E 80 01 00 05 86 81 20 10 00 03 9D 90 00 2E 12 11 00 90 7E 7E 80 01 00 05 86 81 20 10 00 03 97 21 00 2F 12 11 00 2A 7E 7E 80 01 00 05 86 81 20 10 00 03 98 1C 00 30 12 11 00 07 7E 7E 80 01 00 05 86 81 20 10 00 03 5B 38 00 31 12 11 00 E1 7E 7E 80 01 00 05 86 81 20 10 00 03 41 4D 00 32 12 11 00 8D 7E 7E 80 01 00 05 86 81 20 10 00 03 92 F0 00 33 12 11 00 E2 7E 7E 80 01 00 05 86 81 20 10 00 03 A3 15 00 34 12 11 00 31 7E 7E 80 01 00 05 86 81 20 10 00 03 46 83 00 35 12 11 00 43 7E 7E 80 01 00 05 86 81 20 10 00 03 B3 7B 00 36 12 11 00 4D 7E 7E 80 01 00 05 86 81 20 10 00 03 43 AB 00 37 12 11 00 6C 7E 7E 80 01 00 05 86 81 20 10 00 03 70 AC 00 38 12 11 00 57 7E 7E 80 01 00 05 86 81 20 10 00 03 D8 C6 00 39 12 11 00 94 7E 7E 80 01 00 05 86 81 20 10 00 03 78 3A 00 3A 12 11 00 CB 7E 7E 80 01 00 05 86 81 20 10 00 03 B8 85 00 3B 12 11 00 B5 7E 7E 80 01 00 05 86 81 20 10 00 03 22 42 00 3C 12 11 00 EF 7E 7E 80 01 00 05 86 81 20 10 00 03 F6 D2 00 3D 12 11 00 AA 7E 7E 80 01 00 05 86 81 20 10 00 03 8A 0B 00 3E 12 11 00 0C 7E 7E 80 01 00 05 86 81 20 10 00 03 B0 A4 00 3F 12 11 00 98 7E 7E 80 01 00 05 86 81 20 10 00 03 EF 41 00 40 12 11 00 5D 7E 7E 80 01 00 05 86 81 20 10 00 03 54 CA 00 41 12 11 00 6C 7E 7E 80 01 00 05 86 81 20 10 00 03 66 B6 00 42 12 11 00 21 7E 7E 80 01 00 05 86 81 20 10 00 03 BB D6 00 43 12 11 00 9D 7E 7E 92 12 00 36 86 81 20 10 00 03 91 D1 32 30 32 5F 36 34 5F 36 34 30 31 5F 30 33 5F 38 36 38 31 32 30 31 30 30 30 30 33 30 30 32 36 30 34 30 35 32 33 32 36 33 31 30 31 30 32 30 30 2E 6D 70 34 02 00 00 F3 7E"}
{"ts":"2026-04-05T23:26:33.721Z","level":"INFO","device":"868120100003","event":"MEDIA_CLOSED","detail":""}
{"ts":"2026-04-05T23:26:33.771Z","level":"INFO","device":"868120100008","event":"SENT_1212","detail":"02_64_6401_03_86812010000800260405232632010200.mp4"}
{"ts":"2026-04-05T23:26:33.774Z","level":"INFO","device":"868120100007","event":"MEDIA_RX","detail":"7E 80 01 00 05 86 81 20 10 00 07 4F D0 00 03 12 10 00 2A 7E"}
{"ts":"2026-04-05T23:26:33.798Z","level":"INFO","device":"868120100009","event":"FILE_START","detail":"[2/2] 02_64_6401_03_86812010000900260405232632010200.mp4 (65536 bytes)"}
{"ts":"2026-04-05T23:26:33.798Z","level":"INFO","device":"868120100009","event":"SENT_1210","detail":"02_64_6401_03_86812010000900260405232632010200.mp4"}
{"ts":"2026-04-05T23:26:33.819Z","level":"INFO","device":"868120100009","event":"MEDIA_RX","detail":"7E 80 01 00 05 86 81 20 10 00 09 E4 B9 00 01 12 11 00 E5 7E 7E 92 12 00 36 86 81 20 10 00 09 6E 2B 32 30 30 5F 36 34 5F 36 34 30 31 5F 30 30 5F 38 36 38 31 32 30 31 30 30 30 30 39 30 30 32 36 30 34 30 35 32 33 32 36 33 32 30 31 30 32 30 30 2E 6A 70 67 00 00 00 A2 7E"}
{"ts":"2026-04-05T23:26:33.854Z","level":"ERROR","device":"868120100004","event":"MEDIA_ERROR","detail":"54.37.225.65:3378 — read ECONNRESET"}
{"ts":"2026-04-05T23:26:33.854Z","level":"INFO","device":"868120100004","event":"MEDIA_CLOSED","detail":""}
{"ts":"2026-04-05T23:26:33.863Z","level":"INFO","device":"868120100008","event":"MEDIA_RX","detail":"7E 80 01 00 05 86 81 20 10 00 08 60 87 00 03 12 10 00 5D 7E"}
{"ts":"2026-04-05T23:26:33.879Z","level":"INFO","device":"868120100007","event":"BATCH_COMPLETE","detail":"All 2 files sent"}
{"ts":"2026-04-05T23:26:33.904Z","level":"INFO","device":"868120100009","event":"SENT_1212","detail":"02_64_6401_03_86812010000900260405232632010200.mp4"}
{"ts":"2026-04-05T23:26:33.905Z","level":"INFO","device":"100000000010","event":"FILE_START","detail":"[2/2] 02_64_6401_03_10000000001000260405232632010200.mp4 (65536 bytes)"}
{"ts":"2026-04-05T23:26:33.905Z","level":"INFO","device":"100000000010","event":"SENT_1210","detail":"02_64_6401_03_10000000001000260405232632010200.mp4"}
{"ts":"2026-04-05T23:26:33.905Z","level":"INFO","device":"100000000010","event":"MEDIA_RX","detail":"7E 80 01 00 05 10 00 00 00 00 10 1D 70 00 01 12 11 00 EB 7E 7E 92 12 00 36 10 00 00 00 00 10 5F B5 32 30 30 5F 36 34 5F 36 34 30 31 5F 30 30 5F 31 30 30 30 30 30 30 30 30 30 31 30 30 30 32 36 30 34 30 35 32 33 32 36 33 32 30 31 30 32 30 30 2E 6A 70 67 00 00 00 3E 7E"}
{"ts":"2026-04-05T23:26:34.008Z","level":"INFO","device":"100000000010","event":"SENT_1212","detail":"02_64_6401_03_10000000001000260405232632010200.mp4"}
{"ts":"2026-04-05T23:26:34.016Z","level":"INFO","device":"868120100005","event":"MEDIA_RX","detail":"7E 80 01 00 05 86 81 20 10 00 05 99 3A 00 04 12 11 00 12 7E 7E 80 01 00 05 86 81 20 10 00 05 A0 9C 00 05 12 11 00 8C 7E 7E 80 01 00 05 86 81 20 10 00 05 D7 A1 00 06 12 11 00 C5 7E 7E 80 01 00 05 86 81 20 10 00 05 8C 9C 00 07 12 11 00 A2 7E 7E 80 01 00 05 86 81 20 10 00 05 EC B6 00 08 12 11 00 E7 7E 7E 80 01 00 05 86 81 20 10 00 05 1E F2 00 09 12 11 00 50 7E 7E 80 01 00 05 86 81 20 10 00 05 E1 0C 00 0A 12 11 00 52 7E 7E 80 01 00 05 86 81 20 10 00 05 A6 BA 00 0B 12 11 00 A2 7E 7E 80 01 00 05 86 81 20 10 00 05 7C D2 00 0C 12 11 00 17 7E 7E 80 01 00 05 86 81 20 10 00 05 BD A9 00 0D 12 11 00 AC 7E 7E 80 01 00 05 86 81 20 10 00 05 3B 5E 00 0E 12 11 00 DE 7E 7E 80 01 00 05 86 81 20 10 00 05 43 98 00 0F 12 11 00 61 7E 7E 80 01 00 05 86 81 20 10 00 05 84 62 00 10 12 11 00 43 7E 7E 80 01 00 05 86 81 20 10 00 05 7D 02 2D 00 11 12 11 00 F7 7E 7E 80 01 00 05 86 81 20 10 00 05 DB F7 00 12 12 11 00 8B 7E 7E 80 01 00 05 86 81 20 10 00 05 46 A5 00 13 12 11 00 45 7E 7E 80 01 00 05 86 81 20 10 00 05 CB C2 00 14 12 11 00 A8 7E 7E 80 01 00 05 86 81 20 10 00 05 24 15 00 15 12 11 00 91 7E 7E 80 01 00 05 86 81 20 10 00 05 1D 2A 00 16 12 11 00 94 7E 7E 80 01 00 05 86 81 20 10 00 05 EE EA 00 17 12 11 00 A6 7E 7E 80 01 00 05 86 81 20 10 00 05 BC 77 00 18 12 11 00 66 7E 7E 80 01 00 05 86 81 20 10 00 05 FF FD 00 19 12 11 00 AE 7E 7E 80 01 00 05 86 81 20 10 00 05 C6 9F 00 1A 12 11 00 F6 7E 7E 80 01 00 05 86 81 20 10 00 05 C7 ED 00 1B 12 11 00 84 7E 7E 80 01 00 05 86 81 20 10 00 05 15 DA 00 1C 12 11 00 66 7E 7E 80 01 00 05 86 81 20 10 00 05 12 12 00 1D 12 11 00 A8 7E 7E 80 01 00 05 86 81 20 10 00 05 2B 28 00 1E 12 11 00 A8 7E 7E 80 01 00 05 86 81 20 10 00 05 87 C9 00 1F 12 11 00 E4 7E 7E 80 01 00 05 86 81 20 10 00 05 81 C4 00 20 12 11 00 D0 7E 7E 80 01 00 05 86 81 20 10 00 05 07 5D 00 21 12 11 00 CE 7E 7E 80 01 00 05 86 81 20 10 00 05 C5 D3 00 22 12 11 00 81 7E 7E 80 01 00 05 86 81 20 10 00 05 42 EE 00 23 12 11 00 3A 7E 7E 80 01 00 05 86 81 20 10 00 05 DA 10 00 24 12 11 00 5B 7E 7E 80 01 00 05 86 81 20 10 00 05 42 0A 00 25 12 11 00 D8 7E 7E 80 01 00 05 86 81 20 10 00 05 6F 69 00 26 12 11 00 95 7E 7E 80 01 00 05 86 81 20 10 00 05 91 2E 00 27 12 11 00 2D 7E 7E 80 01 00 05 86 81 20 10 00 05 68 6C 00 28 12 11 00 99 7E 7E 80 01 00 05 86 81 20 10 00 05 3C 9F 00 29 12 11 00 3F 7E 7E 80 01 00 05 86 81 20 10 00 05 DB 97 00 2A 12 11 00 D3 7E 7E 80 01 00 05 86 81 20 10 00 05 5C 2C 00 2B 12 11 00 EE 7E 7E 80 01 00 05 86 81 20 10 00 05 86 74 00 2C 12 11 00 6B 7E 7E 80 01 00 05 86 81 20 10 00 05 90 F8 00 2D 12 11 00 F0 7E 7E 80 01 00 05 86 81 20 10 00 05 5A 52 00 2E 12 11 00 93 7E 7E 80 01 00 05 86 81 20 10 00 05 19 3E 00 2F 12 11 00 BD 7E 7E 80 01 00 05 86 81 20 10 00 05 C3 02 00 30 12 11 00 44 7E 7E 80 01 00 05 86 81 20 10 00 05 B1 3C 00 31 12 11 00 09 7E 7E 80 01 00 05 86 81 20 10 00 05 80 82 00 32 12 11 00 85 7E 7E 80 01 00 05 86 81 20 10 00 05 E0 69 00 33 12 11 00 0F 7E 7E 80 01 00 05 86 81 20 10 00 05 4A 20 00 34 12 11 00 EB 7E 7E 80 01 00 05 86 81 20 10 00 05 DD 2C 00 35 12 11 00 71 7E 7E 80 01 00 05 86 81 20 10 00 05 AC 56 00 36 12 11 00 79 7E 7E 80 01 00 05 86 81 20 10 00 05 38 1C 00 37 12 11 00 A6 7E 7E 80 01 00 05 86 81 20 10 00 05 32 65 00 38 12 11 00 DA 7E 7E 80 01 00 05 86 81 20 10 00 05 7C 98 00 39 12 11 00 68 7E 7E 80 01 00 05 86 81 20 10 00 05 A7 29 00 3A 12 11 00 01 7E 7E 80 01 00 05 86 81 20 10 00 05 DD D5 00 3B 12 11 00 86 7E 7E 80 01 00 05 86 81 20 10 00 05 57 10 00 3C 12 11 00 CE 7E 7E 80 01 00 05 86 81 20 10 00 05 84 62 00 3D 12 11 00 6E 7E 7E 80 01 00 05 86 81 20 10 00 05 7B 17 00 3E 12 11 00 E7 7E 7E 80 01 00 05 86 81 20 10 00 05 E2 87 00 3F 12 11 00 EF 7E 7E 80 01 00 05 86 81 20 10 00 05 6B 9B 00 40 12 11 00 05 7E 7E 80 01 00 05 86 81 20 10 00 05 A3 A7 00 41 12 11 00 F0 7E 7E 80 01 00 05 86 81 20 10 00 05 76 43 00 42 12 11 00 C2 7E 7E 80 01 00 05 86 81 20 10 00 05 74 3C 00 43 12 11 00 BE 7E 7E 92 12 00 36 86 81 20 10 00 05 24 B0 32 30 32 5F 36 34 5F 36 34 30 31 5F 30 33 5F 38 36 38 31 32 30 31 30 30 30 30 35 30 30 32 36 30 34 30 35 32 33 32 36 33 32 30 31 30 32 30 30 2E 6D 70 34 02 00 00 24 7E"}
{"ts":"2026-04-05T23:26:34.017Z","level":"INFO","device":"868120100005","event":"MEDIA_CLOSED","detail":""}
{"ts":"2026-04-05T23:26:34.054Z","level":"INFO","device":"868120100008","event":"MEDIA_RX","detail":"7E 80 01 00 05 86 81 20 10 00 08 99 CB 00 04 12 11 00 EE 7E 7E 80 01 00 05 86 81 20 10 00 08 4A 94 00 05 12 11 00 63 7E 7E 80 01 00 05 86 81 20 10 00 08 A9 0F 00 06 12 11 00 18 7E 7E 80 01 00 05 86 81 20 10 00 08 2D 01 00 07 12 11 00 93 7E 7E 80 01 00 05 86 81 20 10 00 08 4E 3F 00 08 12 11 00 C1 7E 7E 80 01 00 05 86 81 20 10 00 08 2A 90 00 09 12 11 00 0B 7E 7E 80 01 00 05 86 81 20 10 00 08 2A 58 00 0A 12 11 00 C0 7E 7E 80 01 00 05 86 81 20 10 00 08 35 0B 00 0B 12 11 00 8D 7E 7E 80 01 00 05 86 81 20 10 00 08 61 7B 00 0C 12 11 00 AE 7E 7E 80 01 00 05 86 81 20 10 00 08 94 A5 00 0D 12 11 00 84 7E 7E 80 01 00 05 86 81 20 10 00 08 94 72 00 0E 12 11 00 50 7E 7E 80 01 00 05 86 81 20 10 00 08 06 6A 00 0F 12 11 00 DB 7E 7E 80 01 00 05 86 81 20 10 00 08 A3 C0 00 10 12 11 00 CB 7E 7E 80 01 00 05 86 81 20 10 00 08 87 31 00 11 12 11 00 1F 7E 7E 80 01 00 05 86 81 20 10 00 08 42 6B 00 12 12 11 00 83 7E 7E 80 01 00 05 86 81 20 10 00 08 FC BD 00 13 12 11 00 EA 7E 7E 80 01 00 05 86 81 20 10 00 08 B0 C8 00 14 12 11 00 D4 7E 7E 80 01 00 05 86 81 20 10 00 08 AC CE 00 15 12 11 00 CF 7E 7E 80 01 00 05 86 81 20 10 00 08 8B E9 00 16 12 11 00 CC 7E 7E 80 01 00 05 86 81 20 10 00 08 B4 83 00 17 12 11 00 98 7E 7E 80 01 00 05 86 81 20 10 00 08 F7 03 00 18 12 11 00 54 7E 7E 80 01 00 05 86 81 20 10 00 08 EB E2 00 19 12 11 00 A8 7E 7E 80 01 00 05 86 81 20 10 00 08 00 90 00 1A 12 11 00 32 7E 7E 80 01 00 05 86 81 20 10 00 08 03 E0 00 1B 12 11 00 40 7E 7E 80 01 00 05 86 81 20 10 00 08 A1 EB 00 1C 12 11 00 EE 7E 7E 80 01 00 05 86 81 20 10 00 08 A4 71 00 1D 12 11 00 70 7E 7E 80 01 00 05 86 81 20 10 00 08 BE 9D 00 1E 12 11 00 85 7E 7E 80 01 00 05 86 81 20 10 00 08 BB AB 00 1F 12 11 00 B7 7E 7E 80 01 00 05 86 81 20 10 00 08 D7 A2 00 20 12 11 00 ED 7E 7E 80 01 00 05 86 81 20 10 00 08 93 43 00 21 12 11 00 49 7E 7E 80 01 00 05 86 81 20 10 00 08 1F BC 00 22 12 11 00 39 7E 7E 80 01 00 05 86 81 20 10 00 08 26 37 00 23 12 11 00 8A 7E 7E 80 01 00 05 86 81 20 10 00 08 35 A8 00 24 12 11 00 01 7E"}
{"ts":"2026-04-05T23:26:34.071Z","level":"INFO","device":"868120100008","event":"BATCH_COMPLETE","detail":"All 2 files sent"}
{"ts":"2026-04-05T23:26:34.109Z","level":"INFO","device":"868120100009","event":"MEDIA_RX","detail":"7E 80 01 00 05 86 81 20 10 00 09 3F CA 00 03 12 10 00 4E 7E"}
{"ts":"2026-04-05T23:26:34.118Z","level":"INFO","device":"100000000010","event":"MEDIA_RX","detail":"7E 80 01 00 05 10 00 00 00 00 10 86 8B 00 03 12 10 00 88 7E"}
{"ts":"2026-04-05T23:26:34.205Z","level":"INFO","device":"868120100009","event":"BATCH_COMPLETE","detail":"All 2 files sent"}
{"ts":"2026-04-05T23:26:34.287Z","level":"INFO","device":"868120100007","event":"MEDIA_RX","detail":"7E 80 01 00 05 86 81 20 10 00 07 2D D9 00 04 12 11 00 47 7E 7E 80 01 00 05 86 81 20 10 00 07 F8 EC 00 05 12 11 00 A6 7E 7E 80 01 00 05 86 81 20 10 00 07 38 50 00 06 12 11 00 D9 7E 7E 80 01 00 05 86 81 20 10 00 07 05 E9 00 07 12 11 00 5C 7E 7E 80 01 00 05 86 81 20 10 00 07 17 2F 00 08 12 11 00 87 7E 7E 80 01 00 05 86 81 20 10 00 07 7D 02 64 00 09 12 11 00 A4 7E 7E 80 01 00 05 86 81 20 10 00 07 98 3F 00 0A 12 11 00 1A 7E 7E 80 01 00 05 86 81 20 10 00 07 E1 CB 00 0B 12 11 00 96 7E 7E 80 01 00 05 86 81 20 10 00 07 7A 88 00 0C 12 11 00 49 7E 7E 80 01 00 05 86 81 20 10 00 07 38 50 00 0D 12 11 00 D2 7E 7E 80 01 00 05 86 81 20 10 00 07 8D 7A 00 0E 12 11 00 4E 7E 7E 80 01 00 05 86 81 20 10 00 07 7F 0F 00 0F 12 11 00 C8 7E 7E 80 01 00 05 86 81 20 10 00 07 76 1D 00 10 12 11 00 CC 7E 7E 80 01 00 05 86 81 20 10 00 07 D0 4D 00 11 12 11 00 3B 7E 7E 80 01 00 05 86 81 20 10 00 07 D6 65 00 12 12 11 00 16 7E 7E 80 01 00 05 86 81 20 10 00 07 3F FA 00 13 12 11 00 61 7E 7E 80 01 00 05 86 81 20 10 00 07 1D 6A 00 14 12 11 00 D4 7E 7E 80 01 00 05 86 81 20 10 00 07 C5 A0 00 15 12 11 00 C7 7E 7E 80 01 00 05 86 81 20 10 00 07 2C DB 00 16 12 11 00 56 7E 7E 80 01 00 05 86 81 20 10 00 07 25 67 00 17 12 11 00 E2 7E 7E 80 01 00 05 86 81 20 10 00 07 00 9D 00 18 12 11 00 32 7E 7E 80 01 00 05 86 81 20 10 00 07 50 6E 00 19 12 11 00 90 7E 7E 80 01 00 05 86 81 20 10 00 07 06 37 00 1A 12 11 00 9C 7E 7E 80 01 00 05 86 81 20 10 00 07 7F F2 00 1B 12 11 00 21 7E 7E 80 01 00 05 86 81 20 10 00 07 03 D3 00 1C 12 11 00 7B 7E 7E 80 01 00 05 86 81 20 10 00 07 81 4E 00 1D 12 11 00 65 7E 7E 80 01 00 05 86 81 20 10 00 07 5B AE 00 1E 12 11 00 5C 7E 7E 80 01 00 05 86 81 20 10 00 07 74 1A 00 1F 12 11 00 C6 7E 7E 80 01 00 05 86 81 20 10 00 07 EB 12 00 20 12 11 00 6E 7E 7E 80 01 00 05 86 81 20 10 00 07 6B 01 00 21 12 11 00 FC 7E 7E 80 01 00 05 86 81 20 10 00 07 F2 CE 00 22 12 11 00 A9 7E 7E 80 01 00 05 86 81 20 10 00 07 2A 27 00 23 12 11 00 99 7E 7E 80 01 00 05 86 81 20 10 00 07 54 AA 00 24 12 11 00 6D 7E 7E 80 01 00 05 86 81 20 10 00 07 A6 19 00 25 12 11 00 2D 7E 7E 80 01 00 05 86 81 20 10 00 07 24 F8 00 26 12 11 00 4D 7E 7E 80 01 00 05 86 81 20 10 00 07 DB E1 00 27 12 11 00 AA 7E 7E 80 01 00 05 86 81 20 10 00 07 16 FA 00 28 12 11 00 73 7E 7E 80 01 00 05 86 81 20 10 00 07 D0 CB 00 29 12 11 00 85 7E 7E 80 01 00 05 86 81 20 10 00 07 6A DC 00 2A 12 11 00 2B 7E 7E 80 01 00 05 86 81 20 10 00 07 12 EE 00 2B 12 11 00 60 7E 7E 80 01 00 05 86 81 20 10 00 07 12 44 00 2C 12 11 00 CD 7E 7E 80 01 00 05 86 81 20 10 00 07 06 B9 00 2D 12 11 00 25 7E 7E 80 01 00 05 86 81 20 10 00 07 77 C2 00 2E 12 11 00 2C 7E 7E 80 01 00 05 86 81 20 10 00 07 89 01 00 2F 12 11 00 10 7E 7E 80 01 00 05 86 81 20 10 00 07 D1 7F 00 30 12 11 00 29 7E 7E 80 01 00 05 86 81 20 10 00 07 2B 99 00 31 12 11 00 34 7E 7E 80 01 00 05 86 81 20 10 00 07 05 0C 00 32 12 11 00 8C 7E 7E 80 01 00 05 86 81 20 10 00 07 3F 6A 00 33 12 11 00 D1 7E 7E 80 01 00 05 86 81 20 10 00 07 5F 6C 00 34 12 11 00 B0 7E 7E 80 01 00 05 86 81 20 10 00 07 59 97 00 35 12 11 00 4C 7E 7E 80 01 00 05 86 81 20 10 00 07 BB 88 00 36 12 11 00 B2 7E 7E 80 01 00 05 86 81 20 10 00 07 A1 26 00 37 12 11 00 07 7E 7E 80 01 00 05 86 81 20 10 00 07 10 A6 00 38 12 11 00 39 7E 7E 80 01 00 05 86 81 20 10 00 07 82 6B 00 39 12 11 00 67 7E 7E 80 01 00 05 86 81 20 10 00 07 09 44 00 3A 12 11 00 C0 7E 7E 80 01 00 05 86 81 20 10 00 07 25 0A 00 3B 12 11 00 A3 7E 7E 80 01 00 05 86 81 20 10 00 07 F1 18 00 3C 12 11 00 62 7E 7E 80 01 00 05 86 81 20 10 00 07 90 B6 00 3D 12 11 00 AC 7E 7E 80 01 00 05 86 81 20 10 00 07 83 C9 00 3E 12 11 00 C3 7E 7E 80 01 00 05 86 81 20 10 00 07 33 2B 00 3F 12 11 00 90 7E 7E 80 01 00 05 86 81 20 10 00 07 F5 21 00 40 12 11 00 23 7E 7E 80 01 00 05 86 81 20 10 00 07 5F 18 00 41 12 11 00 B1 7E 7E 80 01 00 05 86 81 20 10 00 07 35 F9 00 42 12 11 00 39 7E 7E 80 01 00 05 86 81 20 10 00 07 67 35 00 43 12 11 00 A6 7E 7E 92 12 00 36 86 81 20 10 00 07 84 36 32 30 32 5F 36 34 5F 36 34 30 31 5F 30 33 5F 38 36 38 31 32 30 31 30 30 30 30 37 30 30 32 36 30 34 30 35 32 33 32 36 33 32 30 31 30 32 30 30 2E 6D 70 34 02 00 00 02 7E"}
{"ts":"2026-04-05T23:26:34.288Z","level":"INFO","device":"868120100007","event":"MEDIA_CLOSED","detail":""}
{"ts":"2026-04-05T23:26:34.307Z","level":"INFO","device":"100000000010","event":"BATCH_COMPLETE","detail":"All 2 files sent"}
{"ts":"2026-04-05T23:26:34.461Z","level":"ERROR","device":"868120100008","event":"MEDIA_ERROR","detail":"54.37.225.65:3378 — read ECONNRESET"}
{"ts":"2026-04-05T23:26:34.464Z","level":"INFO","device":"868120100008","event":"MEDIA_CLOSED","detail":""}
{"ts":"2026-04-05T23:26:34.663Z","level":"INFO","device":"868120100009","event":"MEDIA_RX","detail":"7E 80 01 00 05 86 81 20 10 00 09 96 D4 00 04 12 11 00 FF 7E 7E 80 01 00 05 86 81 20 10 00 09 B8 91 00 05 12 11 00 95 7E 7E 80 01 00 05 86 81 20 10 00 09 56 5B 00 06 12 11 00 B2 7E 7E 80 01 00 05 86 81 20 10 00 09 B6 A9 00 07 12 11 00 A1 7E 7E 80 01 00 05 86 81 20 10 00 09 93 A6 00 08 12 11 00 84 7E 7E 80 01 00 05 86 81 20 10 00 09 B1 43 00 09 12 11 00 42 7E 7E 80 01 00 05 86 81 20 10 00 09 32 A7 00 0A 12 11 00 26 7E 7E 80 01 00 05 86 81 20 10 00 09 69 CE 00 0B 12 11 00 15 7E 7E 80 01 00 05 86 81 20 10 00 09 F4 4C 00 0C 12 11 00 0D 7E 7E 80 01 00 05 86 81 20 10 00 09 A1 B8 00 0D 12 11 00 AD 7E 7E 80 01 00 05 86 81 20 10 00 09 18 84 00 0E 12 11 00 2B 7E 7E 80 01 00 05 86 81 20 10 00 09 26 3B 00 0F 12 11 00 AB 7E 7E 80 01 00 05 86 81 20 10 00 09 91 1B 00 10 12 11 00 23 7E 7E 80 01 00 05 86 81 20 10 00 09 C1 F1 00 11 12 11 00 98 7E 7E 80 01 00 05 86 81 20 10 00 09 5F 1A 00 12 12 11 00 EE 7E 7E 80 01 00 05 86 81 20 10 00 09 84 83 00 13 12 11 00 AD 7E 7E 80 01 00 05 86 81 20 10 00 09 B9 A9 00 14 12 11 00 BD 7E 7E 80 01 00 05 86 81 20 10 00 09 70 26 00 15 12 11 00 FA 7E 7E 80 01 00 05 86 81 20 10 00 09 AB 6B 00 16 12 11 00 6F 7E 7E 80 01 00 05 86 81 20 10 00 09 47 B2 00 17 12 11 00 5B 7E 7E 80 01 00 05 86 81 20 10 00 09 41 B9 00 18 12 11 00 59 7E 7E 80 01 00 05 86 81 20 10 00 09 48 24 00 19 12 11 00 CC 7E 7E 80 01 00 05 86 81 20 10 00 09 9F 89 00 1A 12 11 00 B5 7E 7E 80 01 00 05 86 81 20 10 00 09 E7 8C 00 1B 12 11 00 C9 7E 7E 80 01 00 05 86 81 20 10 00 09 EC CD 00 1C 12 11 00 84 7E 7E 80 01 00 05 86 81 20 10 00 09 F4 73 00 1D 12 11 00 23 7E 7E 80 01 00 05 86 81 20 10 00 09 5B 87 00 1E 12 11 00 7B 7E 7E 80 01 00 05 86 81 20 10 00 09 91 75 00 1F 12 11 00 42 7E 7E 80 01 00 05 86 81 20 10 00 09 31 55 00 20 12 11 00 FD 7E 7E 80 01 00 05 86 81 20 10 00 09 D7 7D 02 00 21 12 11 00 31 7E 7E 80 01 00 05 86 81 20 10 00 09 4B 75 00 22 12 11 00 A5 7E 7E 80 01 00 05 86 81 20 10 00 09 0E BE 00 23 12 11 00 2A 7E 7E 80 01 00 05 86 81 20 10 00 09 18 0B 00 24 12 11 00 8E 7E 7E 80 01 00 05 86 81 20 10 00 09 4A 0B 00 25 12 11 00 DD 7E 7E 80 01 00 05 86 81 20 10 00 09 C4 75 00 26 12 11 00 2E 7E 7E 80 01 00 05 86 81 20 10 00 09 27 3B 00 27 12 11 00 82 7E 7E 80 01 00 05 86 81 20 10 00 09 0A 12 00 28 12 11 00 89 7E 7E 80 01 00 05 86 81 20 10 00 09 F6 40 00 29 12 11 00 26 7E 7E 80 01 00 05 86 81 20 10 00 09 68 5F 00 2A 12 11 00 A4 7E 7E 80 01 00 05 86 81 20 10 00 09 8F 69 00 2B 12 11 00 74 7E 7E 80 01 00 05 86 81 20 10 00 09 63 3B 00 2C 12 11 00 CD 7E 7E 80 01 00 05 86 81 20 10 00 09 05 46 00 2D 12 11 00 D7 7E 7E 80 01 00 05 86 81 20 10 00 09 3B DC 00 2E 12 11 00 70 7E 7E 80 01 00 05 86 81 20 10 00 09 79 F8 00 2F 12 11 00 17 7E 7E 80 01 00 05 86 81 20 10 00 09 A6 37 00 30 12 11 00 18 7E 7E 80 01 00 05 86 81 20 10 00 09 58 26 00 31 12 11 00 F6 7E 7E 80 01 00 05 86 81 20 10 00 09 79 7D 02 00 32 12 11 00 8C 7E 7E 80 01 00 05 86 81 20 10 00 09 4D C8 00 33 12 11 00 0F 7E 7E 80 01 00 05 86 81 20 10 00 09 A2 31 00 34 12 11 00 1E 7E 7E 80 01 00 05 86 81 20 10 00 09 B6 86 00 35 12 11 00 BC 7E 7E 80 01 00 05 86 81 20 10 00 09 15 3A 00 36 12 11 00 A0 7E 7E 80 01 00 05 86 81 20 10 00 09 1E 87 00 37 12 11 00 17 7E 7E 80 01 00 05 86 81 20 10 00 09 9C 02 00 38 12 11 00 1F 7E 7E 80 01 00 05 86 81 20 10 00 09 14 86 00 39 12 11 00 12 7E 7E 80 01 00 05 86 81 20 10 00 09 81 7D 02 00 3A 12 11 00 7C 7E 7E 80 01 00 05 86 81 20 10 00 09 2A 14 00 3B 12 11 00 BC 7E 7E 80 01 00 05 86 81 20 10 00 09 CF EC 00 3C 12 11 00 A6 7E 7E 80 01 00 05 86 81 20 10 00 09 4B 7B 00 3D 12 11 00 B4 7E 7E 80 01 00 05 86 81 20 10 00 09 F0 34 00 3E 12 11 00 43 7E 7E 80 01 00 05 86 81 20 10 00 09 4F 79 00 3F 12 11 00 B0 7E 7E 80 01 00 05 86 81 20 10 00 09 F4 39 00 40 12 11 00 34 7E 7E 80 01 00 05 86 81 20 10 00 09 B2 D9 00 41 12 11 00 93 7E 7E 80 01 00 05 86 81 20 10 00 09 80 73 00 42 12 11 00 08 7E 7E 80 01 00 05 86 81 20 10 00 09 91 B1 00 43 12 11 00 DA 7E 7E 92 12 00 36 86 81 20 10 00 09 2A D6 32 30 32 5F 36 34 5F 36 34 30 31 5F 30 33 5F 38 36 38 31 32 30 31 30 30 30 30 39 30 30 32 36 30 34 30 35 32 33 32 36 33 32 30 31 30 32 30 30 2E 6D 70 34 02 00 00 4C 7E"}
{"ts":"2026-04-05T23:26:34.664Z","level":"INFO","device":"868120100009","event":"MEDIA_CLOSED","detail":""}
{"ts":"2026-04-05T23:26:34.711Z","level":"INFO","device":"100000000010","event":"MEDIA_RX","detail":"7E 80 01 00 05 10 00 00 00 00 10 BA 66 00 04 12 11 00 5F 7E 7E 80 01 00 05 10 00 00 00 00 10 3F E6 00 05 12 11 00 5B 7E 7E 80 01 00 05 10 00 00 00 00 10 33 72 00 06 12 11 00 C0 7E 7E 80 01 00 05 10 00 00 00 00 10 CA 69 00 07 12 11 00 23 7E 7E 80 01 00 05 10 00 00 00 00 10 7B F5 00 08 12 11 00 01 7E 7E 80 01 00 05 10 00 00 00 00 10 3C DB 00 09 12 11 00 69 7E 7E 80 01 00 05 10 00 00 00 00 10 B6 C5 00 0A 12 11 00 FE 7E 7E 80 01 00 05 10 00 00 00 00 10 91 18 00 0B 12 11 00 05 7E 7E 80 01 00 05 10 00 00 00 00 10 13 5E 00 0C 12 11 00 C6 7E 7E 80 01 00 05 10 00 00 00 00 10 E9 D4 00 0D 12 11 00 B7 7E 7E 80 01 00 05 10 00 00 00 00 10 95 38 00 0E 12 11 00 24 7E 7E 80 01 00 05 10 00 00 00 00 10 A6 89 00 0F 12 11 00 A7 7E 7E 80 01 00 05 10 00 00 00 00 10 08 61 00 10 12 11 00 FE 7E 7E 80 01 00 05 10 00 00 00 00 10 B0 EF 00 11 12 11 00 C9 7E 7E 80 01 00 05 10 00 00 00 00 10 43 B5 00 12 12 11 00 63 7E 7E 80 01 00 05 10 00 00 00 00 10 B3 D4 00 13 12 11 00 F3 7E 7E 80 01 00 05 10 00 00 00 00 10 0A 72 00 14 12 11 00 EB 7E 7E 80 01 00 05 10 00 00 00 00 10 EB EF 00 15 12 11 00 96 7E 7E 80 01 00 05 10 00 00 00 00 10 53 D6 00 16 12 11 00 14 7E 7E 80 01 00 05 10 00 00 00 00 10 DF D8 00 17 12 11 00 97 7E 7E 80 01 00 05 10 00 00 00 00 10 4C EB 00 18 12 11 00 38 7E 7E 80 01 00 05 10 00 00 00 00 10 27 1E 00 19 12 11 00 A7 7E 7E 80 01 00 05 10 00 00 00 00 10 E5 9F 00 1A 12 11 00 E7 7E 7E 80 01 00 05 10 00 00 00 00 10 4F 65 00 1B 12 11 00 B6 7E 7E 80 01 00 05 10 00 00 00 00 10 DF A3 00 1C 12 11 00 E7 7E 7E 80 01 00 05 10 00 00 00 00 10 F3 3E 00 1D 12 11 00 57 7E 7E 80 01 00 05 10 00 00 00 00 10 75 30 00 1E 12 11 00 DC 7E 7E 80 01 00 05 10 00 00 00 00 10 CC E3 00 1F 12 11 00 B7 7E 7E 80 01 00 05 10 00 00 00 00 10 60 C6 00 20 12 11 00 01 7E 7E 80 01 00 05 10 00 00 00 00 10 49 46 00 21 12 11 00 A9 7E 7E 80 01 00 05 10 00 00 00 00 10 85 C0 00 22 12 11 00 E0 7E 7E 80 01 00 05 10 00 00 00 00 10 92 B4 00 23 12 11 00 82 7E 7E 80 01 00 05 10 00 00 00 00 10 4E 65 00 24 12 11 00 88 7E 7E 80 01 00 05 10 00 00 00 00 10 08 AC 00 25 12 11 00 06 7E 7E 80 01 00 05 10 00 00 00 00 10 D9 7B 00 26 12 11 00 03 7E 7E 80 01 00 05 10 00 00 00 00 10 2C B8 00 27 12 11 00 34 7E 7E 80 01 00 05 10 00 00 00 00 10 AD 2D 00 28 12 11 00 2F 7E 7E 80 01 00 05 10 00 00 00 00 10 2F 30 00 29 12 11 00 B1 7E 7E 80 01 00 05 10 00 00 00 00 10 AD 89 00 2A 12 11 00 89 7E 7E 80 01 00 05 10 00 00 00 00 10 35 31 00 2B 12 11 00 A8 7E 7E 80 01 00 05 10 00 00 00 00 10 F9 AC 00 2C 12 11 00 FE 7E 7E 80 01 00 05 10 00 00 00 00 10 54 3D 00 2D 12 11 00 C3 7E 7E 80 01 00 05 10 00 00 00 00 10 F4 84 00 2E 12 11 00 D9 7E 7E 80 01 00 05 10 00 00 00 00 10 50 F6 00 2F 12 11 00 0E 7E 7E 80 01 00 05 10 00 00 00 00 10 F3 E7 00 30 12 11 00 A3 7E 7E 80 01 00 05 10 00 00 00 00 10 25 E8 00 31 12 11 00 7B 7E 7E 80 01 00 05 10 00 00 00 00 10 87 95 00 32 12 11 00 A7 7E 7E 80 01 00 05 10 00 00 00 00 10 67 54 00 33 12 11 00 87 7E 7E 80 01 00 05 10 00 00 00 00 10 69 82 00 34 12 11 00 58 7E 7E 80 01 00 05 10 00 00 00 00 10 64 C0 00 35 12 11 00 16 7E 7E 80 01 00 05 10 00 00 00 00 10 4B 68 00 36 12 11 00 92 7E 7E 80 01 00 05 10 00 00 00 00 10 65 0E 00 37 12 11 00 DB 7E 7E 80 01 00 05 10 00 00 00 00 10 F0 5F 00 38 12 11 00 10 7E 7E 80 01 00 05 10 00 00 00 00 10 24 D4 00 39 12 11 00 4E 7E 7E 80 01 00 05 10 00 00 00 00 10 60 2E 00 3A 12 11 00 F3 7E 7E 80 01 00 05 10 00 00 00 00 10 BF 5B 00 3B 12 11 00 58 7E 7E 80 01 00 05 10 00 00 00 00 10 A5 86 00 3C 12 11 00 98 7E 7E 80 01 00 05 10 00 00 00 00 10 0F 3A 00 3D 12 11 00 8F 7E 7E 80 01 00 05 10 00 00 00 00 10 FD A5 00 3E 12 11 00 E1 7E 7E 80 01 00 05 10 00 00 00 00 10 2E 4E 00 3F 12 11 00 D8 7E 7E 80 01 00 05 10 00 00 00 00 10 28 C6 00 40 12 11 00 29 7E 7E 80 01 00 05 10 00 00 00 00 10 6C FB 00 41 12 11 00 51 7E 7E 80 01 00 05 10 00 00 00 00 10 E4 76 00 42 12 11 00 57 7E 7E 80 01 00 05 10 00 00 00 00 10 0C BA 00 43 12 11 00 72 7E 7E 92 12 00 36 10 00 00 00 00 10 61 DF 32 30 32 5F 36 34 5F 36 34 30 31 5F 30 33 5F 31 30 30 30 30 30 30 30 30 30 31 30 30 30 32 36 30 34 30 35 32 33 32 36 33 32 30 31 30 32 30 30 2E 6D 70 34 02 00 00 3D 7E"}
{"ts":"2026-04-05T23:26:34.712Z","level":"INFO","device":"100000000010","event":"MEDIA_CLOSED","detail":""}
{"ts":"2026-04-05T23:26:36.265Z","level":"INFO","device":"291078985963","event":"OBD2_SENT_0x0200","detail":"Lat: 51.737652, Lng: 0.474618 | Speed: 37km/h | RPM: 2285"}
{"ts":"2026-04-05T23:26:36.409Z","level":"INFO","device":"200000000002","event":"OBD2_SENT_0x0200","detail":"Lat: 51.737739, Lng: 0.475313 | Speed: 44km/h | RPM: 2574"}
{"ts":"2026-04-05T23:26:36.474Z","level":"INFO","device":"291078985963","event":"SERVER_ACK","detail":"0x8001 Universal Reply Received"}
{"ts":"2026-04-05T23:26:36.559Z","level":"INFO","device":"200000000003","event":"OBD2_SENT_0x0200","detail":"Lat: 51.737715, Lng: 0.475117 | Speed: 43km/h | RPM: 2508"}
{"ts":"2026-04-05T23:26:36.614Z","level":"INFO","device":"200000000002","event":"SERVER_ACK","detail":"0x8001 Universal Reply Received"}
{"ts":"2026-04-05T23:26:36.708Z","level":"INFO","device":"200000000004","event":"OBD2_SENT_0x0200","detail":"Lat: 51.737652, Lng: 0.474612 | Speed: 36km/h | RPM: 2258"}
{"ts":"2026-04-05T23:26:36.779Z","level":"INFO","device":"200000000003","event":"SERVER_ACK","detail":"0x8001 Universal Reply Received"}
{"ts":"2026-04-05T23:26:36.857Z","level":"INFO","device":"200000000005","event":"OBD2_SENT_0x0200","detail":"Lat: 51.737631, Lng: 0.474451 | Speed: 40km/h | RPM: 2395"}
{"ts":"2026-04-05T23:26:36.896Z","level":"INFO","device":"200000000004","event":"SERVER_ACK","detail":"0x8001 Universal Reply Received"}
{"ts":"2026-04-05T23:26:37.008Z","level":"INFO","device":"200000000006","event":"OBD2_SENT_0x0200","detail":"Lat: 51.737736, Lng: 0.475292 | Speed: 41km/h | RPM: 2453"}
{"ts":"2026-04-05T23:26:37.046Z","level":"INFO","device":"200000000005","event":"SERVER_ACK","detail":"0x8001 Universal Reply Received"}
{"ts":"2026-04-05T23:26:37.158Z","level":"INFO","device":"200000000007","event":"OBD2_SENT_0x0200","detail":"Lat: 51.737720, Lng: 0.475160 | Speed: 43km/h | RPM: 2519"}
{"ts":"2026-04-05T23:26:37.221Z","level":"INFO","device":"200000000006","event":"SERVER_ACK","detail":"0x8001 Universal Reply Received"}
{"ts":"2026-04-05T23:26:37.309Z","level":"INFO","device":"200000000008","event":"OBD2_SENT_0x0200","detail":"Lat: 51.737653, Lng: 0.474625 | Speed: 38km/h | RPM: 2312"}
{"ts":"2026-04-05T23:26:37.346Z","level":"INFO","device":"200000000007","event":"SERVER_ACK","detail":"0x8001 Universal Reply Received"}
{"ts":"2026-04-05T23:26:37.459Z","level":"INFO","device":"200000000009","event":"OBD2_SENT_0x0200","detail":"Lat: 51.737662, Lng: 0.474695 | Speed: 39km/h | RPM: 2347"}
{"ts":"2026-04-05T23:26:37.519Z","level":"INFO","device":"200000000008","event":"SERVER_ACK","detail":"0x8001 Universal Reply Received"}
{"ts":"2026-04-05T23:26:37.609Z","level":"INFO","device":"200000000010","event":"OBD2_SENT_0x0200","detail":"Lat: 51.737723, Lng: 0.475182 | Speed: 39km/h | RPM: 2349"}
{"ts":"2026-04-05T23:26:37.644Z","level":"INFO","device":"200000000009","event":"SERVER_ACK","detail":"0x8001 Universal Reply Received"}
{"ts":"2026-04-05T23:26:37.806Z","level":"INFO","device":"200000000010","event":"SERVER_ACK","detail":"0x8001 Universal Reply Received"}
{"ts":"2026-04-05T23:26:51.261Z","level":"INFO","device":"291078985963","event":"HEARTBEAT_SENT","detail":"0x0002"}
{"ts":"2026-04-05T23:26:51.266Z","level":"INFO","device":"291078985963","event":"OBD2_SENT_0x0200","detail":"Lat: 51.737763, Lng: 0.477040 | Speed: 41km/h | RPM: 2433"}
{"ts":"2026-04-05T23:26:51.408Z","level":"INFO","device":"200000000002","event":"HEARTBEAT_SENT","detail":"0x0002"}
{"ts":"2026-04-05T23:26:51.408Z","level":"INFO","device":"200000000002","event":"OBD2_SENT_0x0200","detail":"Lat: 51.737707, Lng: 0.477721 | Speed: 41km/h | RPM: 2424"}
{"ts":"2026-04-05T23:26:51.464Z","level":"INFO","device":"291078985963","event":"SERVER_ACK","detail":"0x8001 Universal Reply Received"}
{"ts":"2026-04-05T23:26:51.471Z","level":"INFO","device":"291078985963","event":"GPS_SENT","detail":""}
{"ts":"2026-04-05T23:26:51.559Z","level":"INFO","device":"200000000003","event":"HEARTBEAT_SENT","detail":"0x0002"}
{"ts":"2026-04-05T23:26:51.560Z","level":"INFO","device":"200000000003","event":"OBD2_SENT_0x0200","detail":"Lat: 51.737726, Lng: 0.477493 | Speed: 40km/h | RPM: 2402"}
{"ts":"2026-04-05T23:26:51.611Z","level":"INFO","device":"200000000002","event":"SERVER_ACK","detail":"0x8001 Universal Reply Received"}
{"ts":"2026-04-05T23:26:51.618Z","level":"INFO","device":"868120100002","event":"GPS_SENT","detail":""}
{"ts":"2026-04-05T23:26:51.682Z","level":"INFO","device":"291078985963","event":"RX_MSG","detail":"0x8001 bodyLen=5"}
{"ts":"2026-04-05T23:26:51.682Z","level":"INFO","device":"291078985963","event":"SERVER_ACK","detail":"0x0200 result=OK"}
{"ts":"2026-04-05T23:26:51.708Z","level":"INFO","device":"200000000004","event":"DTC_SENT_0x0900","detail":"Injected Fault Code: P0420"}
{"ts":"2026-04-05T23:26:51.708Z","level":"INFO","device":"200000000004","event":"HEARTBEAT_SENT","detail":"0x0002"}
{"ts":"2026-04-05T23:26:51.709Z","level":"INFO","device":"200000000004","event":"OBD2_SENT_0x0200","detail":"Lat: 51.737794, Lng: 0.476668 | Speed: 35km/h | RPM: 2186"}
{"ts":"2026-04-05T23:26:51.767Z","level":"INFO","device":"868120100003","event":"GPS_SENT","detail":""}
{"ts":"2026-04-05T23:26:51.776Z","level":"INFO","device":"200000000003","event":"SERVER_ACK","detail":"0x8001 Universal Reply Received"}
{"ts":"2026-04-05T23:26:51.779Z","level":"INFO","device":"291078985963","event":"SERVER_ACK","detail":"0x8001 Universal Reply Received"}
{"ts":"2026-04-05T23:26:51.828Z","level":"INFO","device":"868120100002","event":"RX_MSG","detail":"0x8001 bodyLen=5"}
{"ts":"2026-04-05T23:26:51.828Z","level":"INFO","device":"868120100002","event":"SERVER_ACK","detail":"0x0200 result=OK"}
{"ts":"2026-04-05T23:26:51.856Z","level":"INFO","device":"200000000005","event":"HEARTBEAT_SENT","detail":"0x0002"}
{"ts":"2026-04-05T23:26:51.857Z","level":"INFO","device":"200000000005","event":"OBD2_SENT_0x0200","detail":"Lat: 51.737787, Lng: 0.476751 | Speed: 39km/h | RPM: 2351"}
{"ts":"2026-04-05T23:26:51.897Z","level":"INFO","device":"200000000004","event":"SERVER_ACK","detail":"0x8001 Universal Reply Received"}
{"ts":"2026-04-05T23:26:51.902Z","level":"INFO","device":"868120100004","event":"GPS_SENT","detail":""}
{"ts":"2026-04-05T23:26:51.945Z","level":"INFO","device":"200000000002","event":"SERVER_ACK","detail":"0x8001 Universal Reply Received"}
{"ts":"2026-04-05T23:26:51.968Z","level":"INFO","device":"868120100003","event":"RX_MSG","detail":"0x8001 bodyLen=5"}
{"ts":"2026-04-05T23:26:51.968Z","level":"INFO","device":"868120100003","event":"SERVER_ACK","detail":"0x0200 result=OK"}
{"ts":"2026-04-05T23:26:52.009Z","level":"INFO","device":"200000000006","event":"HEARTBEAT_SENT","detail":"0x0002"}
{"ts":"2026-04-05T23:26:52.009Z","level":"INFO","device":"200000000006","event":"OBD2_SENT_0x0200","detail":"Lat: 51.737667, Lng: 0.477933 | Speed: 45km/h | RPM: 2581"}
{"ts":"2026-04-05T23:26:52.041Z","level":"INFO","device":"200000000005","event":"SERVER_ACK","detail":"0x8001 Universal Reply Received"}
{"ts":"2026-04-05T23:26:52.061Z","level":"INFO","device":"868120100005","event":"GPS_SENT","detail":""}
{"ts":"2026-04-05T23:26:52.094Z","level":"INFO","device":"868120100004","event":"RX_MSG","detail":"0x8001 bodyLen=5"}
{"ts":"2026-04-05T23:26:52.095Z","level":"INFO","device":"868120100004","event":"SERVER_ACK","detail":"0x0200 result=OK"}
{"ts":"2026-04-05T23:26:52.115Z","level":"INFO","device":"200000000003","event":"SERVER_ACK","detail":"0x8001 Universal Reply Received"}
{"ts":"2026-04-05T23:26:52.157Z","level":"INFO","device":"200000000007","event":"HEARTBEAT_SENT","detail":"0x0002"}
{"ts":"2026-04-05T23:26:52.158Z","level":"INFO","device":"200000000007","event":"OBD2_SENT_0x0200","detail":"Lat: 51.737669, Lng: 0.477923 | Speed: 47km/h | RPM: 2664"}
{"ts":"2026-04-05T23:26:52.206Z","level":"INFO","device":"200000000004","event":"SERVER_ACK","detail":"0x8001 Universal Reply Received"}
{"ts":"2026-04-05T23:26:52.220Z","level":"INFO","device":"868120100006","event":"GPS_SENT","detail":""}
{"ts":"2026-04-05T23:26:52.220Z","level":"INFO","device":"200000000006","event":"SERVER_ACK","detail":"0x8001 Universal Reply Received"}
{"ts":"2026-04-05T23:26:52.262Z","level":"INFO","device":"868120100005","event":"RX_MSG","detail":"0x8001 bodyLen=5"}
{"ts":"2026-04-05T23:26:52.262Z","level":"INFO","device":"868120100005","event":"SERVER_ACK","detail":"0x0200 result=OK"}
{"ts":"2026-04-05T23:26:52.308Z","level":"INFO","device":"200000000008","event":"HEARTBEAT_SENT","detail":"0x0002"}
{"ts":"2026-04-05T23:26:52.309Z","level":"INFO","device":"200000000008","event":"OBD2_SENT_0x0200","detail":"Lat: 51.737770, Lng: 0.476964 | Speed: 39km/h | RPM: 2377"}
{"ts":"2026-04-05T23:26:52.342Z","level":"INFO","device":"200000000007","event":"SERVER_ACK","detail":"0x8001 Universal Reply Received"}
{"ts":"2026-04-05T23:26:52.353Z","level":"INFO","device":"868120100007","event":"GPS_SENT","detail":""}
{"ts":"2026-04-05T23:26:52.361Z","level":"INFO","device":"200000000005","event":"SERVER_ACK","detail":"0x8001 Universal Reply Received"}
{"ts":"2026-04-05T23:26:52.431Z","level":"INFO","device":"868120100006","event":"RX_MSG","detail":"0x8001 bodyLen=5"}
{"ts":"2026-04-05T23:26:52.431Z","level":"INFO","device":"868120100006","event":"SERVER_ACK","detail":"0x0200 result=OK"}
{"ts":"2026-04-05T23:26:52.458Z","level":"INFO","device":"200000000009","event":"HEARTBEAT_SENT","detail":"0x0002"}
{"ts":"2026-04-05T23:26:52.460Z","level":"INFO","device":"200000000009","event":"OBD2_SENT_0x0200","detail":"Lat: 51.737745, Lng: 0.477254 | Speed: 43km/h | RPM: 2526"}
{"ts":"2026-04-05T23:26:52.519Z","level":"INFO","device":"868120100008","event":"GPS_SENT","detail":""}
{"ts":"2026-04-05T23:26:52.519Z","level":"INFO","device":"200000000008","event":"SERVER_ACK","detail":"0x8001 Universal Reply Received"}
{"ts":"2026-04-05T23:26:52.547Z","level":"INFO","device":"868120100007","event":"RX_MSG","detail":"0x8001 bodyLen=5"}
{"ts":"2026-04-05T23:26:52.547Z","level":"INFO","device":"868120100007","event":"SERVER_ACK","detail":"0x0200 result=OK"}
{"ts":"2026-04-05T23:26:52.575Z","level":"INFO","device":"200000000006","event":"SERVER_ACK","detail":"0x8001 Universal Reply Received"}
{"ts":"2026-04-05T23:26:52.608Z","level":"INFO","device":"200000000010","event":"HEARTBEAT_SENT","detail":"0x0002"}
{"ts":"2026-04-05T23:26:52.609Z","level":"INFO","device":"200000000010","event":"OBD2_SENT_0x0200","detail":"Lat: 51.737747, Lng: 0.477235 | Speed: 35km/h | RPM: 2184"}
{"ts":"2026-04-05T23:26:52.641Z","level":"INFO","device":"200000000009","event":"SERVER_ACK","detail":"0x8001 Universal Reply Received"}
{"ts":"2026-04-05T23:26:52.642Z","level":"INFO","device":"200000000007","event":"SERVER_ACK","detail":"0x8001 Universal Reply Received"}
{"ts":"2026-04-05T23:26:52.654Z","level":"INFO","device":"868120100009","event":"GPS_SENT","detail":""}
{"ts":"2026-04-05T23:26:52.728Z","level":"INFO","device":"868120100008","event":"RX_MSG","detail":"0x8001 bodyLen=5"}
{"ts":"2026-04-05T23:26:52.728Z","level":"INFO","device":"868120100008","event":"SERVER_ACK","detail":"0x0200 result=OK"}
{"ts":"2026-04-05T23:26:52.793Z","level":"INFO","device":"100000000010","event":"GPS_SENT","detail":""}
{"ts":"2026-04-05T23:26:52.803Z","level":"INFO","device":"200000000010","event":"SERVER_ACK","detail":"0x8001 Universal Reply Received"}
{"ts":"2026-04-05T23:26:52.849Z","level":"INFO","device":"868120100009","event":"RX_MSG","detail":"0x8001 bodyLen=5"}
{"ts":"2026-04-05T23:26:52.849Z","level":"INFO","device":"868120100009","event":"SERVER_ACK","detail":"0x0200 result=OK"}
{"ts":"2026-04-05T23:26:52.853Z","level":"INFO","device":"200000000008","event":"SERVER_ACK","detail":"0x8001 Universal Reply Received"}
{"ts":"2026-04-05T23:26:52.952Z","level":"INFO","device":"200000000009","event":"SERVER_ACK","detail":"0x8001 Universal Reply Received"}
{"ts":"2026-04-05T23:26:52.977Z","level":"INFO","device":"100000000010","event":"RX_MSG","detail":"0x8001 bodyLen=5"}
{"ts":"2026-04-05T23:26:52.977Z","level":"INFO","device":"100000000010","event":"SERVER_ACK","detail":"0x0200 result=OK"}
{"ts":"2026-04-05T23:26:53.119Z","level":"INFO","device":"200000000010","event":"SERVER_ACK","detail":"0x8001 Universal Reply Received"}
{"ts":"2026-04-05T23:27:06.266Z","level":"INFO","device":"291078985963","event":"OBD2_SENT_0x0200","detail":"Lat: 51.737235, Lng: 0.479413 | Speed: 41km/h | RPM: 2438"}
{"ts":"2026-04-05T23:27:06.410Z","level":"INFO","device":"200000000002","event":"OBD2_SENT_0x0200","detail":"Lat: 51.737083, Lng: 0.479792 | Speed: 37km/h | RPM: 2287"}
{"ts":"2026-04-05T23:27:06.471Z","level":"INFO","device":"291078985963","event":"SERVER_ACK","detail":"0x8001 Universal Reply Received"}
{"ts":"2026-04-05T23:27:06.560Z","level":"INFO","device":"200000000003","event":"OBD2_SENT_0x0200","detail":"Lat: 51.737034, Lng: 0.479915 | Speed: 43km/h | RPM: 2538"}
{"ts":"2026-04-05T23:27:06.615Z","level":"INFO","device":"200000000002","event":"SERVER_ACK","detail":"0x8001 Universal Reply Received"}
{"ts":"2026-04-05T23:27:06.709Z","level":"INFO","device":"200000000004","event":"OBD2_SENT_0x0200","detail":"Lat: 51.737414, Lng: 0.478945 | Speed: 38km/h | RPM: 2319"}
{"ts":"2026-04-05T23:27:06.780Z","level":"INFO","device":"200000000003","event":"SERVER_ACK","detail":"0x8001 Universal Reply Received"}
{"ts":"2026-04-05T23:27:06.857Z","level":"INFO","device":"200000000005","event":"OBD2_SENT_0x0200","detail":"Lat: 51.737323, Lng: 0.479193 | Speed: 41km/h | RPM: 2454"}
{"ts":"2026-04-05T23:27:06.895Z","level":"INFO","device":"200000000004","event":"SERVER_ACK","detail":"0x8001 Universal Reply Received"}
{"ts":"2026-04-05T23:27:07.009Z","level":"INFO","device":"200000000006","event":"OBD2_SENT_0x0200","detail":"Lat: 51.737001, Lng: 0.479997 | Speed: 40km/h | RPM: 2413"}
{"ts":"2026-04-05T23:27:07.042Z","level":"INFO","device":"200000000005","event":"SERVER_ACK","detail":"0x8001 Universal Reply Received"}
{"ts":"2026-04-05T23:27:07.159Z","level":"INFO","device":"200000000007","event":"OBD2_SENT_0x0200","detail":"Lat: 51.736906, Lng: 0.480125 | Speed: 44km/h | RPM: 2557"}
{"ts":"2026-04-05T23:27:07.222Z","level":"INFO","device":"200000000006","event":"SERVER_ACK","detail":"0x8001 Universal Reply Received"}
{"ts":"2026-04-05T23:27:07.309Z","level":"INFO","device":"200000000008","event":"OBD2_SENT_0x0200","detail":"Lat: 51.737235, Lng: 0.479412 | Speed: 42km/h | RPM: 2488"}
{"ts":"2026-04-05T23:27:07.346Z","level":"INFO","device":"200000000007","event":"SERVER_ACK","detail":"0x8001 Universal Reply Received"}
{"ts":"2026-04-05T23:27:07.460Z","level":"INFO","device":"200000000009","event":"OBD2_SENT_0x0200","detail":"Lat: 51.737078, Lng: 0.479804 | Speed: 45km/h | RPM: 2608"}
{"ts":"2026-04-05T23:27:07.524Z","level":"INFO","device":"200000000008","event":"SERVER_ACK","detail":"0x8001 Universal Reply Received"}
{"ts":"2026-04-05T23:27:07.610Z","level":"INFO","device":"200000000010","event":"OBD2_SENT_0x0200","detail":"Lat: 51.737227, Lng: 0.479434 | Speed: 38km/h | RPM: 2324"}
{"ts":"2026-04-05T23:27:07.645Z","level":"INFO","device":"200000000009","event":"SERVER_ACK","detail":"0x8001 Universal Reply Received"}
{"ts":"2026-04-05T23:27:07.806Z","level":"INFO","device":"200000000010","event":"SERVER_ACK","detail":"0x8001 Universal Reply Received"}
{"ts":"2026-04-05T23:27:11.472Z","level":"INFO","device":"291078985963","event":"GPS_SENT","detail":""}
{"ts":"2026-04-05T23:27:11.473Z","level":"INFO","device":"291078985963","event":"INCIDENT_SENT","detail":"mediaId=2 alarmId=29107898596300260405232711020200"}
{"ts":"2026-04-05T23:27:11.618Z","level":"INFO","device":"868120100002","event":"GPS_SENT","detail":""}
{"ts":"2026-04-05T23:27:11.619Z","level":"INFO","device":"868120100002","event":"INCIDENT_SENT","detail":"mediaId=2 alarmId=86812010000200260405232711020200"}
{"ts":"2026-04-05T23:27:11.687Z","level":"INFO","device":"291078985963","event":"RX_MSG","detail":"0x8001 bodyLen=5"}
{"ts":"2026-04-05T23:27:11.687Z","level":"INFO","device":"291078985963","event":"SERVER_ACK","detail":"0x0200 result=OK"}
{"ts":"2026-04-05T23:27:11.764Z","level":"INFO","device":"868120100003","event":"INCIDENT_SENT","detail":"mediaId=2 alarmId=86812010000300260405232711020200"}
{"ts":"2026-04-05T23:27:11.766Z","level":"INFO","device":"868120100003","event":"GPS_SENT","detail":""}
{"ts":"2026-04-05T23:27:11.829Z","level":"INFO","device":"868120100002","event":"RX_MSG","detail":"0x8001 bodyLen=5"}
{"ts":"2026-04-05T23:27:11.829Z","level":"INFO","device":"868120100002","event":"SERVER_ACK","detail":"0x0200 result=OK"}
{"ts":"2026-04-05T23:27:11.901Z","level":"INFO","device":"868120100004","event":"INCIDENT_SENT","detail":"mediaId=2 alarmId=86812010000400260405232711020200"}
{"ts":"2026-04-05T23:27:11.902Z","level":"INFO","device":"868120100004","event":"GPS_SENT","detail":""}
{"ts":"2026-04-05T23:27:11.965Z","level":"INFO","device":"868120100003","event":"RX_MSG","detail":"0x8001 bodyLen=5"}
{"ts":"2026-04-05T23:27:11.966Z","level":"INFO","device":"868120100003","event":"SERVER_ACK","detail":"0x0200 result=OK"}
{"ts":"2026-04-05T23:27:12.014Z","level":"INFO","device":"291078985963","event":"RX_MSG","detail":"0x8001 bodyLen=5"}
{"ts":"2026-04-05T23:27:12.014Z","level":"INFO","device":"291078985963","event":"SERVER_ACK","detail":"0x0200 result=OK"}
{"ts":"2026-04-05T23:27:12.015Z","level":"INFO","device":"291078985963","event":"RX_MSG","detail":"0x8001 bodyLen=5"}
{"ts":"2026-04-05T23:27:12.015Z","level":"INFO","device":"291078985963","event":"SERVER_ACK","detail":"0x0800 result=OK"}
{"ts":"2026-04-05T23:27:12.061Z","level":"INFO","device":"868120100005","event":"INCIDENT_SENT","detail":"mediaId=2 alarmId=86812010000500260405232712020200"}
{"ts":"2026-04-05T23:27:12.061Z","level":"INFO","device":"868120100005","event":"GPS_SENT","detail":""}
{"ts":"2026-04-05T23:27:12.094Z","level":"INFO","device":"868120100004","event":"RX_MSG","detail":"0x8001 bodyLen=5"}
{"ts":"2026-04-05T23:27:12.095Z","level":"INFO","device":"868120100004","event":"SERVER_ACK","detail":"0x0200 result=OK"}
{"ts":"2026-04-05T23:27:12.170Z","level":"INFO","device":"868120100002","event":"RX_MSG","detail":"0x8001 bodyLen=5"}
{"ts":"2026-04-05T23:27:12.170Z","level":"INFO","device":"868120100002","event":"SERVER_ACK","detail":"0x0200 result=OK"}
{"ts":"2026-04-05T23:27:12.170Z","level":"INFO","device":"868120100002","event":"RX_MSG","detail":"0x8001 bodyLen=5"}
{"ts":"2026-04-05T23:27:12.170Z","level":"INFO","device":"868120100002","event":"SERVER_ACK","detail":"0x0800 result=OK"}
{"ts":"2026-04-05T23:27:12.220Z","level":"INFO","device":"868120100006","event":"INCIDENT_SENT","detail":"mediaId=2 alarmId=86812010000600260405232712020200"}
{"ts":"2026-04-05T23:27:12.223Z","level":"INFO","device":"868120100006","event":"GPS_SENT","detail":""}
{"ts":"2026-04-05T23:27:12.262Z","level":"INFO","device":"868120100005","event":"RX_MSG","detail":"0x8001 bodyLen=5"}
{"ts":"2026-04-05T23:27:12.262Z","level":"INFO","device":"868120100005","event":"SERVER_ACK","detail":"0x0200 result=OK"}
{"ts":"2026-04-05T23:27:12.290Z","level":"INFO","device":"868120100003","event":"RX_MSG","detail":"0x8001 bodyLen=5"}
{"ts":"2026-04-05T23:27:12.290Z","level":"INFO","device":"868120100003","event":"SERVER_ACK","detail":"0x0800 result=OK"}
{"ts":"2026-04-05T23:27:12.291Z","level":"INFO","device":"868120100003","event":"RX_MSG","detail":"0x8001 bodyLen=5"}
{"ts":"2026-04-05T23:27:12.291Z","level":"INFO","device":"868120100003","event":"SERVER_ACK","detail":"0x0200 result=OK"}
{"ts":"2026-04-05T23:27:12.352Z","level":"INFO","device":"868120100007","event":"INCIDENT_SENT","detail":"mediaId=2 alarmId=86812010000700260405232712020200"}
{"ts":"2026-04-05T23:27:12.354Z","level":"INFO","device":"868120100007","event":"GPS_SENT","detail":""}
{"ts":"2026-04-05T23:27:12.429Z","level":"INFO","device":"868120100006","event":"RX_MSG","detail":"0x8001 bodyLen=5"}
{"ts":"2026-04-05T23:27:12.430Z","level":"INFO","device":"868120100006","event":"SERVER_ACK","detail":"0x0200 result=OK"}
{"ts":"2026-04-05T23:27:12.433Z","level":"INFO","device":"868120100004","event":"RX_MSG","detail":"0x8001 bodyLen=5"}
{"ts":"2026-04-05T23:27:12.434Z","level":"INFO","device":"868120100004","event":"SERVER_ACK","detail":"0x0800 result=OK"}
{"ts":"2026-04-05T23:27:12.434Z","level":"INFO","device":"868120100004","event":"RX_MSG","detail":"0x8001 bodyLen=5"}
{"ts":"2026-04-05T23:27:12.434Z","level":"INFO","device":"868120100004","event":"SERVER_ACK","detail":"0x0200 result=OK"}
{"ts":"2026-04-05T23:27:12.517Z","level":"INFO","device":"868120100008","event":"INCIDENT_SENT","detail":"mediaId=2 alarmId=86812010000800260405232712020200"}
{"ts":"2026-04-05T23:27:12.519Z","level":"INFO","device":"868120100008","event":"GPS_SENT","detail":""}
{"ts":"2026-04-05T23:27:12.546Z","level":"INFO","device":"868120100007","event":"RX_MSG","detail":"0x8001 bodyLen=5"}
{"ts":"2026-04-05T23:27:12.547Z","level":"INFO","device":"868120100007","event":"SERVER_ACK","detail":"0x0200 result=OK"}
{"ts":"2026-04-05T23:27:12.596Z","level":"INFO","device":"868120100005","event":"RX_MSG","detail":"0x8001 bodyLen=5"}
{"ts":"2026-04-05T23:27:12.597Z","level":"INFO","device":"868120100005","event":"SERVER_ACK","detail":"0x0800 result=OK"}
{"ts":"2026-04-05T23:27:12.597Z","level":"INFO","device":"868120100005","event":"RX_MSG","detail":"0x8001 bodyLen=5"}
{"ts":"2026-04-05T23:27:12.597Z","level":"INFO","device":"868120100005","event":"SERVER_ACK","detail":"0x0200 result=OK"}
{"ts":"2026-04-05T23:27:12.651Z","level":"INFO","device":"868120100009","event":"INCIDENT_SENT","detail":"mediaId=2 alarmId=86812010000900260405232712020200"}
{"ts":"2026-04-05T23:27:12.654Z","level":"INFO","device":"868120100009","event":"GPS_SENT","detail":""}
{"ts":"2026-04-05T23:27:12.726Z","level":"INFO","device":"868120100008","event":"RX_MSG","detail":"0x8001 bodyLen=5"}
{"ts":"2026-04-05T23:27:12.727Z","level":"INFO","device":"868120100008","event":"SERVER_ACK","detail":"0x0200 result=OK"}
{"ts":"2026-04-05T23:27:12.760Z","level":"INFO","device":"868120100006","event":"RX_MSG","detail":"0x8001 bodyLen=5"}
{"ts":"2026-04-05T23:27:12.761Z","level":"INFO","device":"868120100006","event":"SERVER_ACK","detail":"0x0800 result=OK"}
{"ts":"2026-04-05T23:27:12.761Z","level":"INFO","device":"868120100006","event":"RX_MSG","detail":"0x8001 bodyLen=5"}
{"ts":"2026-04-05T23:27:12.761Z","level":"INFO","device":"868120100006","event":"SERVER_ACK","detail":"0x0200 result=OK"}
{"ts":"2026-04-05T23:27:12.792Z","level":"INFO","device":"100000000010","event":"INCIDENT_SENT","detail":"mediaId=2 alarmId=10000000001000260405232712020200"}
{"ts":"2026-04-05T23:27:12.793Z","level":"INFO","device":"100000000010","event":"GPS_SENT","detail":""}
{"ts":"2026-04-05T23:27:12.844Z","level":"INFO","device":"868120100009","event":"RX_MSG","detail":"0x8001 bodyLen=5"}
{"ts":"2026-04-05T23:27:12.844Z","level":"INFO","device":"868120100009","event":"SERVER_ACK","detail":"0x0200 result=OK"}
{"ts":"2026-04-05T23:27:12.869Z","level":"INFO","device":"868120100007","event":"RX_MSG","detail":"0x8001 bodyLen=5"}
{"ts":"2026-04-05T23:27:12.875Z","level":"INFO","device":"868120100007","event":"SERVER_ACK","detail":"0x0800 result=OK"}
{"ts":"2026-04-05T23:27:12.875Z","level":"INFO","device":"868120100007","event":"RX_MSG","detail":"0x8001 bodyLen=5"}
{"ts":"2026-04-05T23:27:12.875Z","level":"INFO","device":"868120100007","event":"SERVER_ACK","detail":"0x0200 result=OK"}
{"ts":"2026-04-05T23:27:12.976Z","level":"INFO","device":"100000000010","event":"RX_MSG","detail":"0x8001 bodyLen=5"}
{"ts":"2026-04-05T23:27:12.976Z","level":"INFO","device":"100000000010","event":"SERVER_ACK","detail":"0x0200 result=OK"}
{"ts":"2026-04-05T23:27:13.072Z","level":"INFO","device":"868120100008","event":"RX_MSG","detail":"0x8001 bodyLen=5"}
{"ts":"2026-04-05T23:27:13.072Z","level":"INFO","device":"868120100008","event":"SERVER_ACK","detail":"0x0800 result=OK"}
{"ts":"2026-04-05T23:27:13.072Z","level":"INFO","device":"868120100008","event":"RX_MSG","detail":"0x8001 bodyLen=5"}
{"ts":"2026-04-05T23:27:13.072Z","level":"INFO","device":"868120100008","event":"SERVER_ACK","detail":"0x0200 result=OK"}
{"ts":"2026-04-05T23:27:13.180Z","level":"INFO","device":"868120100009","event":"RX_MSG","detail":"0x8001 bodyLen=5"}
{"ts":"2026-04-05T23:27:13.180Z","level":"INFO","device":"868120100009","event":"SERVER_ACK","detail":"0x0800 result=OK"}
{"ts":"2026-04-05T23:27:13.180Z","level":"INFO","device":"868120100009","event":"RX_MSG","detail":"0x8001 bodyLen=5"}
{"ts":"2026-04-05T23:27:13.180Z","level":"INFO","device":"868120100009","event":"SERVER_ACK","detail":"0x0200 result=OK"}
{"ts":"2026-04-05T23:27:13.294Z","level":"INFO","device":"100000000010","event":"RX_MSG","detail":"0x8001 bodyLen=5"}
{"ts":"2026-04-05T23:27:13.295Z","level":"INFO","device":"100000000010","event":"SERVER_ACK","detail":"0x0800 result=OK"}
{"ts":"2026-04-05T23:27:13.295Z","level":"INFO","device":"100000000010","event":"RX_MSG","detail":"0x8001 bodyLen=5"}
{"ts":"2026-04-05T23:27:13.295Z","level":"INFO","device":"100000000010","event":"SERVER_ACK","detail":"0x0200 result=OK"}
{"ts":"2026-04-05T23:27:21.261Z","level":"INFO","device":"291078985963","event":"HEARTBEAT_SENT","detail":"0x0002"}
{"ts":"2026-04-05T23:27:21.267Z","level":"INFO","device":"291078985963","event":"OBD2_SENT_0x0200","detail":"Lat: 51.736063, Lng: 0.481193 | Speed: 42km/h | RPM: 2491"}
{"ts":"2026-04-05T23:27:21.408Z","level":"INFO","device":"200000000002","event":"HEARTBEAT_SENT","detail":"0x0002"}
{"ts":"2026-04-05T23:27:21.411Z","level":"INFO","device":"200000000002","event":"OBD2_SENT_0x0200","detail":"Lat: 51.736078, Lng: 0.481176 | Speed: 34km/h | RPM: 2173"}
{"ts":"2026-04-05T23:27:21.465Z","level":"INFO","device":"291078985963","event":"SERVER_ACK","detail":"0x8001 Universal Reply Received"}
{"ts":"2026-04-05T23:27:21.559Z","level":"INFO","device":"200000000003","event":"HEARTBEAT_SENT","detail":"0x0002"}
{"ts":"2026-04-05T23:27:21.560Z","level":"INFO","device":"200000000003","event":"OBD2_SENT_0x0200","detail":"Lat: 51.735865, Lng: 0.481424 | Speed: 39km/h | RPM: 2356"}
{"ts":"2026-04-05T23:27:21.611Z","level":"INFO","device":"200000000002","event":"SERVER_ACK","detail":"0x8001 Universal Reply Received"}
{"ts":"2026-04-05T23:27:21.708Z","level":"INFO","device":"200000000004","event":"HEARTBEAT_SENT","detail":"0x0002"}
{"ts":"2026-04-05T23:27:21.709Z","level":"INFO","device":"200000000004","event":"OBD2_SENT_0x0200","detail":"Lat: 51.736546, Lng: 0.480605 | Speed: 39km/h | RPM: 2342"}
{"ts":"2026-04-05T23:27:21.777Z","level":"INFO","device":"291078985963","event":"SERVER_ACK","detail":"0x8001 Universal Reply Received"}
{"ts":"2026-04-05T23:27:21.778Z","level":"INFO","device":"200000000003","event":"SERVER_ACK","detail":"0x8001 Universal Reply Received"}
{"ts":"2026-04-05T23:27:21.856Z","level":"INFO","device":"200000000005","event":"HEARTBEAT_SENT","detail":"0x0002"}
{"ts":"2026-04-05T23:27:21.857Z","level":"INFO","device":"200000000005","event":"OBD2_SENT_0x0200","detail":"Lat: 51.736135, Lng: 0.481110 | Speed: 44km/h | RPM: 2570"}
{"ts":"2026-04-05T23:27:21.894Z","level":"INFO","device":"200000000004","event":"SERVER_ACK","detail":"0x8001 Universal Reply Received"}
{"ts":"2026-04-05T23:27:21.944Z","level":"INFO","device":"200000000002","event":"SERVER_ACK","detail":"0x8001 Universal Reply Received"}
{"ts":"2026-04-05T23:27:22.009Z","level":"INFO","device":"200000000006","event":"HEARTBEAT_SENT","detail":"0x0002"}
{"ts":"2026-04-05T23:27:22.010Z","level":"INFO","device":"200000000006","event":"OBD2_SENT_0x0200","detail":"Lat: 51.735718, Lng: 0.481595 | Speed: 42km/h | RPM: 2484"}
{"ts":"2026-04-05T23:27:22.041Z","level":"INFO","device":"200000000005","event":"SERVER_ACK","detail":"0x8001 Universal Reply Received"}
{"ts":"2026-04-05T23:27:22.113Z","level":"INFO","device":"200000000003","event":"SERVER_ACK","detail":"0x8001 Universal Reply Received"}
{"ts":"2026-04-05T23:27:22.157Z","level":"INFO","device":"200000000007","event":"HEARTBEAT_SENT","detail":"0x0002"}
{"ts":"2026-04-05T23:27:22.159Z","level":"INFO","device":"200000000007","event":"OBD2_SENT_0x0200","detail":"Lat: 51.735566, Lng: 0.481773 | Speed: 46km/h | RPM: 2655"}
{"ts":"2026-04-05T23:27:22.205Z","level":"INFO","device":"200000000004","event":"SERVER_ACK","detail":"0x8001 Universal Reply Received"}
{"ts":"2026-04-05T23:27:22.220Z","level":"INFO","device":"200000000006","event":"SERVER_ACK","detail":"0x8001 Universal Reply Received"}
{"ts":"2026-04-05T23:27:22.309Z","level":"INFO","device":"200000000008","event":"HEARTBEAT_SENT","detail":"0x0002"}
{"ts":"2026-04-05T23:27:22.309Z","level":"INFO","device":"200000000008","event":"OBD2_SENT_0x0200","detail":"Lat: 51.736078, Lng: 0.481176 | Speed: 42km/h | RPM: 2472"}
{"ts":"2026-04-05T23:27:22.344Z","level":"INFO","device":"200000000007","event":"SERVER_ACK","detail":"0x8001 Universal Reply Received"}
{"ts":"2026-04-05T23:27:22.360Z","level":"INFO","device":"200000000005","event":"SERVER_ACK","detail":"0x8001 Universal Reply Received"}
{"ts":"2026-04-05T23:27:22.458Z","level":"INFO","device":"200000000009","event":"HEARTBEAT_SENT","detail":"0x0002"}
{"ts":"2026-04-05T23:27:22.460Z","level":"INFO","device":"200000000009","event":"OBD2_SENT_0x0200","detail":"Lat: 51.735837, Lng: 0.481457 | Speed: 42km/h | RPM: 2480"}
{"ts":"2026-04-05T23:27:22.526Z","level":"INFO","device":"200000000008","event":"SERVER_ACK","detail":"0x8001 Universal Reply Received"}
{"ts":"2026-04-05T23:27:22.573Z","level":"INFO","device":"200000000006","event":"SERVER_ACK","detail":"0x8001 Universal Reply Received"}
{"ts":"2026-04-05T23:27:22.608Z","level":"INFO","device":"200000000010","event":"HEARTBEAT_SENT","detail":"0x0002"}
{"ts":"2026-04-05T23:27:22.609Z","level":"INFO","device":"200000000010","event":"OBD2_SENT_0x0200","detail":"Lat: 51.736192, Lng: 0.481043 | Speed: 38km/h | RPM: 2306"}
{"ts":"2026-04-05T23:27:22.640Z","level":"INFO","device":"200000000007","event":"SERVER_ACK","detail":"0x8001 Universal Reply Received"}
{"ts":"2026-04-05T23:27:22.641Z","level":"INFO","device":"200000000009","event":"SERVER_ACK","detail":"0x8001 Universal Reply Received"}
{"ts":"2026-04-05T23:27:22.805Z","level":"INFO","device":"200000000010","event":"SERVER_ACK","detail":"0x8001 Universal Reply Received"}
{"ts":"2026-04-05T23:27:22.841Z","level":"INFO","device":"200000000008","event":"SERVER_ACK","detail":"0x8001 Universal Reply Received"}
{"ts":"2026-04-05T23:27:22.939Z","level":"INFO","device":"200000000009","event":"SERVER_ACK","detail":"0x8001 Universal Reply Received"}
{"ts":"2026-04-05T23:27:23.106Z","level":"INFO","device":"200000000010","event":"SERVER_ACK","detail":"0x8001 Universal Reply Received"}
{"ts":"2026-04-05T23:27:31.472Z","level":"INFO","device":"291078985963","event":"GPS_SENT","detail":""}
{"ts":"2026-04-05T23:27:31.619Z","level":"INFO","device":"868120100002","event":"GPS_SENT","detail":""}
{"ts":"2026-04-05T23:27:31.683Z","level":"INFO","device":"291078985963","event":"RX_MSG","detail":"0x8001 bodyLen=5"}
{"ts":"2026-04-05T23:27:31.683Z","level":"INFO","device":"291078985963","event":"SERVER_ACK","detail":"0x0200 result=OK"}
{"ts":"2026-04-05T23:27:31.767Z","level":"INFO","device":"868120100003","event":"GPS_SENT","detail":""}
{"ts":"2026-04-05T23:27:31.829Z","level":"INFO","device":"868120100002","event":"RX_MSG","detail":"0x8001 bodyLen=5"}
{"ts":"2026-04-05T23:27:31.830Z","level":"INFO","device":"868120100002","event":"SERVER_ACK","detail":"0x0200 result=OK"}
{"ts":"2026-04-05T23:27:31.902Z","level":"INFO","device":"868120100004","event":"GPS_SENT","detail":""}
{"ts":"2026-04-05T23:27:31.968Z","level":"INFO","device":"868120100003","event":"RX_MSG","detail":"0x8001 bodyLen=5"}
{"ts":"2026-04-05T23:27:31.969Z","level":"INFO","device":"868120100003","event":"SERVER_ACK","detail":"0x0200 result=OK"}
{"ts":"2026-04-05T23:27:32.061Z","level":"INFO","device":"868120100005","event":"GPS_SENT","detail":""}
{"ts":"2026-04-05T23:27:32.095Z","level":"INFO","device":"868120100004","event":"RX_MSG","detail":"0x8001 bodyLen=5"}
{"ts":"2026-04-05T23:27:32.095Z","level":"INFO","device":"868120100004","event":"SERVER_ACK","detail":"0x0200 result=OK"}
{"ts":"2026-04-05T23:27:32.223Z","level":"INFO","device":"868120100006","event":"GPS_SENT","detail":""}
{"ts":"2026-04-05T23:27:32.263Z","level":"INFO","device":"868120100005","event":"RX_MSG","detail":"0x8001 bodyLen=5"}
{"ts":"2026-04-05T23:27:32.263Z","level":"INFO","device":"868120100005","event":"SERVER_ACK","detail":"0x0200 result=OK"}
{"ts":"2026-04-05T23:27:32.355Z","level":"INFO","device":"868120100007","event":"GPS_SENT","detail":""}
{"ts":"2026-04-05T23:27:32.433Z","level":"INFO","device":"868120100006","event":"RX_MSG","detail":"0x8001 bodyLen=5"}
{"ts":"2026-04-05T23:27:32.434Z","level":"INFO","device":"868120100006","event":"SERVER_ACK","detail":"0x0200 result=OK"}
{"ts":"2026-04-05T23:27:32.519Z","level":"INFO","device":"868120100008","event":"GPS_SENT","detail":""}
{"ts":"2026-04-05T23:27:32.549Z","level":"INFO","device":"868120100007","event":"RX_MSG","detail":"0x8001 bodyLen=5"}
{"ts":"2026-04-05T23:27:32.549Z","level":"INFO","device":"868120100007","event":"SERVER_ACK","detail":"0x0200 result=OK"}
{"ts":"2026-04-05T23:27:32.655Z","level":"INFO","device":"868120100009","event":"GPS_SENT","detail":""}
{"ts":"2026-04-05T23:27:32.730Z","level":"INFO","device":"868120100008","event":"RX_MSG","detail":"0x8001 bodyLen=5"}
{"ts":"2026-04-05T23:27:32.730Z","level":"INFO","device":"868120100008","event":"SERVER_ACK","detail":"0x0200 result=OK"}
{"ts":"2026-04-05T23:27:32.794Z","level":"INFO","device":"100000000010","event":"GPS_SENT","detail":""}
{"ts":"2026-04-05T23:27:32.849Z","level":"INFO","device":"868120100009","event":"RX_MSG","detail":"0x8001 bodyLen=5"}
{"ts":"2026-04-05T23:27:32.849Z","level":"INFO","device":"868120100009","event":"SERVER_ACK","detail":"0x0200 result=OK"}
{"ts":"2026-04-05T23:27:32.978Z","level":"INFO","device":"100000000010","event":"RX_MSG","detail":"0x8001 bodyLen=5"}
{"ts":"2026-04-05T23:27:32.978Z","level":"INFO","device":"100000000010","event":"SERVER_ACK","detail":"0x0200 result=OK"}
{"ts":"2026-04-05T23:27:33.689Z","level":"ERROR","device":"300000000010","event":"SOCKET_ERROR","detail":"ECONNREFUSED"}
{"ts":"2026-04-05T23:27:36.267Z","level":"INFO","device":"291078985963","event":"OBD2_SENT_0x0200","detail":"Lat: 51.734683, Lng: 0.482804 | Speed: 45km/h | RPM: 2618"}
{"ts":"2026-04-05T23:27:36.411Z","level":"INFO","device":"200000000002","event":"OBD2_SENT_0x0200","detail":"Lat: 51.735044, Lng: 0.482382 | Speed: 34km/h | RPM: 2161"}
{"ts":"2026-04-05T23:27:36.474Z","level":"INFO","device":"291078985963","event":"SERVER_ACK","detail":"0x8001 Universal Reply Received"}
{"ts":"2026-04-05T23:27:36.560Z","level":"INFO","device":"200000000003","event":"OBD2_SENT_0x0200","detail":"Lat: 51.734736, Lng: 0.482741 | Speed: 37km/h | RPM: 2286"}
{"ts":"2026-04-05T23:27:36.616Z","level":"INFO","device":"200000000002","event":"SERVER_ACK","detail":"0x8001 Universal Reply Received"}
{"ts":"2026-04-05T23:27:36.709Z","level":"INFO","device":"200000000004","event":"OBD2_SENT_0x0200","detail":"Lat: 51.735475, Lng: 0.481879 | Speed: 37km/h | RPM: 2282"}
{"ts":"2026-04-05T23:27:36.789Z","level":"INFO","device":"200000000003","event":"SERVER_ACK","detail":"0x8001 Universal Reply Received"}
{"ts":"2026-04-05T23:27:36.858Z","level":"INFO","device":"200000000005","event":"OBD2_SENT_0x0200","detail":"Lat: 51.734747, Lng: 0.482728 | Speed: 46km/h | RPM: 2627"}
{"ts":"2026-04-05T23:27:36.895Z","level":"INFO","device":"200000000004","event":"SERVER_ACK","detail":"0x8001 Universal Reply Received"}
{"ts":"2026-04-05T23:27:37.010Z","level":"INFO","device":"200000000006","event":"OBD2_SENT_0x0200","detail":"Lat: 51.734439, Lng: 0.483157 | Speed: 43km/h | RPM: 2527"}
{"ts":"2026-04-05T23:27:37.043Z","level":"INFO","device":"200000000005","event":"SERVER_ACK","detail":"0x8001 Universal Reply Received"}
{"ts":"2026-04-05T23:27:37.160Z","level":"INFO","device":"200000000007","event":"OBD2_SENT_0x0200","detail":"Lat: 51.734189, Lng: 0.483558 | Speed: 48km/h | RPM: 2723"}
{"ts":"2026-04-05T23:27:37.222Z","level":"INFO","device":"200000000006","event":"SERVER_ACK","detail":"0x8001 Universal Reply Received"}
{"ts":"2026-04-05T23:27:37.309Z","level":"INFO","device":"200000000008","event":"OBD2_SENT_0x0200","detail":"Lat: 51.734664, Lng: 0.482825 | Speed: 47km/h | RPM: 2662"}
{"ts":"2026-04-05T23:27:37.346Z","level":"INFO","device":"200000000007","event":"SERVER_ACK","detail":"0x8001 Universal Reply Received"}
{"ts":"2026-04-05T23:27:37.460Z","level":"INFO","device":"200000000009","event":"OBD2_SENT_0x0200","detail":"Lat: 51.734611, Lng: 0.482887 | Speed: 40km/h | RPM: 2415"}
{"ts":"2026-04-05T23:27:37.520Z","level":"INFO","device":"200000000008","event":"SERVER_ACK","detail":"0x8001 Universal Reply Received"}
{"ts":"2026-04-05T23:27:37.609Z","level":"INFO","device":"200000000010","event":"OBD2_SENT_0x0200","detail":"Lat: 51.734962, Lng: 0.482477 | Speed: 40km/h | RPM: 2419"}
{"ts":"2026-04-05T23:27:37.644Z","level":"INFO","device":"200000000009","event":"SERVER_ACK","detail":"0x8001 Universal Reply Received"}
{"ts":"2026-04-05T23:27:37.805Z","level":"INFO","device":"200000000010","event":"SERVER_ACK","detail":"0x8001 Universal Reply Received"}
{"ts":"2026-04-05T23:27:44.450Z","level":"ERROR","device":"300000000002","event":"SOCKET_ERROR","detail":"ECONNREFUSED"}
{"ts":"2026-04-05T23:27:51.261Z","level":"INFO","device":"291078985963","event":"HEARTBEAT_SENT","detail":"0x0002"}
{"ts":"2026-04-05T23:27:51.267Z","level":"INFO","device":"291078985963","event":"OBD2_SENT_0x0200","detail":"Lat: 51.733580, Lng: 0.484999 | Speed: 50km/h | RPM: 2804"}
{"ts":"2026-04-05T23:27:51.407Z","level":"INFO","device":"200000000002","event":"HEARTBEAT_SENT","detail":"0x0002"}
{"ts":"2026-04-05T23:27:51.410Z","level":"INFO","device":"200000000002","event":"OBD2_SENT_0x0200","detail":"Lat: 51.734115, Lng: 0.483676 | Speed: 34km/h | RPM: 2152"}
{"ts":"2026-04-05T23:27:51.465Z","level":"INFO","device":"291078985963","event":"SERVER_ACK","detail":"0x8001 Universal Reply Received"}
{"ts":"2026-04-05T23:27:51.473Z","level":"INFO","device":"291078985963","event":"GPS_SENT","detail":""}
{"ts":"2026-04-05T23:27:51.473Z","level":"INFO","device":"291078985963","event":"INCIDENT_SENT","detail":"mediaId=3 alarmId=29107898596300260405232751030200"}
{"ts":"2026-04-05T23:27:51.560Z","level":"INFO","device":"200000000003","event":"HEARTBEAT_SENT","detail":"0x0002"}
{"ts":"2026-04-05T23:27:51.560Z","level":"INFO","device":"200000000003","event":"OBD2_SENT_0x0200","detail":"Lat: 51.733897, Lng: 0.484157 | Speed: 34km/h | RPM: 2171"}
{"ts":"2026-04-05T23:27:51.611Z","level":"INFO","device":"200000000002","event":"SERVER_ACK","detail":"0x8001 Universal Reply Received"}
{"ts":"2026-04-05T23:27:51.619Z","level":"INFO","device":"868120100002","event":"GPS_SENT","detail":""}
{"ts":"2026-04-05T23:27:51.620Z","level":"INFO","device":"868120100002","event":"INCIDENT_SENT","detail":"mediaId=3 alarmId=86812010000200260405232751030200"}
{"ts":"2026-04-05T23:27:51.682Z","level":"INFO","device":"291078985963","event":"RX_MSG","detail":"0x8001 bodyLen=5"}
{"ts":"2026-04-05T23:27:51.682Z","level":"INFO","device":"291078985963","event":"SERVER_ACK","detail":"0x0200 result=OK"}
{"ts":"2026-04-05T23:27:51.708Z","level":"INFO","device":"200000000004","event":"HEARTBEAT_SENT","detail":"0x0002"}
{"ts":"2026-04-05T23:27:51.708Z","level":"INFO","device":"200000000004","event":"OBD2_SENT_0x0200","detail":"Lat: 51.734512, Lng: 0.483041 | Speed: 32km/h | RPM: 2092"}
{"ts":"2026-04-05T23:27:51.764Z","level":"INFO","device":"868120100003","event":"INCIDENT_SENT","detail":"mediaId=3 alarmId=86812010000300260405232751030200"}
{"ts":"2026-04-05T23:27:51.767Z","level":"INFO","device":"868120100003","event":"GPS_SENT","detail":""}
{"ts":"2026-04-05T23:27:51.777Z","level":"INFO","device":"200000000003","event":"SERVER_ACK","detail":"0x8001 Universal Reply Received"}
{"ts":"2026-04-05T23:27:51.777Z","level":"INFO","device":"291078985963","event":"SERVER_ACK","detail":"0x8001 Universal Reply Received"}
{"ts":"2026-04-05T23:27:51.829Z","level":"INFO","device":"868120100002","event":"RX_MSG","detail":"0x8001 bodyLen=5"}
{"ts":"2026-04-05T23:27:51.830Z","level":"INFO","device":"868120100002","event":"SERVER_ACK","detail":"0x0200 result=OK"}
{"ts":"2026-04-05T23:27:51.856Z","level":"INFO","device":"200000000005","event":"HEARTBEAT_SENT","detail":"0x0002"}
{"ts":"2026-04-05T23:27:51.858Z","level":"INFO","device":"200000000005","event":"OBD2_SENT_0x0200","detail":"Lat: 51.733771, Lng: 0.484440 | Speed: 41km/h | RPM: 2434"}
{"ts":"2026-04-05T23:27:51.894Z","level":"INFO","device":"200000000004","event":"SERVER_ACK","detail":"0x8001 Universal Reply Received"}
{"ts":"2026-04-05T23:27:51.901Z","level":"INFO","device":"868120100004","event":"INCIDENT_SENT","detail":"mediaId=3 alarmId=86812010000400260405232751030200"}
{"ts":"2026-04-05T23:27:51.902Z","level":"INFO","device":"868120100004","event":"GPS_SENT","detail":""}
{"ts":"2026-04-05T23:27:51.945Z","level":"INFO","device":"200000000002","event":"SERVER_ACK","detail":"0x8001 Universal Reply Received"}
{"ts":"2026-04-05T23:27:51.965Z","level":"INFO","device":"868120100003","event":"RX_MSG","detail":"0x8001 bodyLen=5"}
{"ts":"2026-04-05T23:27:51.965Z","level":"INFO","device":"868120100003","event":"SERVER_ACK","detail":"0x0200 result=OK"}
{"ts":"2026-04-05T23:27:52.009Z","level":"INFO","device":"200000000006","event":"HEARTBEAT_SENT","detail":"0x0002"}
{"ts":"2026-04-05T23:27:52.010Z","level":"INFO","device":"200000000006","event":"OBD2_SENT_0x0200","detail":"Lat: 51.733535, Lng: 0.485149 | Speed: 42km/h | RPM: 2474"}
{"ts":"2026-04-05T23:27:52.014Z","level":"INFO","device":"291078985963","event":"RX_MSG","detail":"0x8001 bodyLen=5"}
{"ts":"2026-04-05T23:27:52.014Z","level":"INFO","device":"291078985963","event":"SERVER_ACK","detail":"0x0200 result=OK"}
{"ts":"2026-04-05T23:27:52.014Z","level":"INFO","device":"291078985963","event":"RX_MSG","detail":"0x8001 bodyLen=5"}
{"ts":"2026-04-05T23:27:52.014Z","level":"INFO","device":"291078985963","event":"SERVER_ACK","detail":"0x0800 result=OK"}
{"ts":"2026-04-05T23:27:52.040Z","level":"INFO","device":"200000000005","event":"SERVER_ACK","detail":"0x8001 Universal Reply Received"}
{"ts":"2026-04-05T23:27:52.061Z","level":"INFO","device":"868120100005","event":"INCIDENT_SENT","detail":"mediaId=3 alarmId=86812010000500260405232752030200"}
{"ts":"2026-04-05T23:27:52.061Z","level":"INFO","device":"868120100005","event":"GPS_SENT","detail":""}
{"ts":"2026-04-05T23:27:52.095Z","level":"INFO","device":"868120100004","event":"RX_MSG","detail":"0x8001 bodyLen=5"}
{"ts":"2026-04-05T23:27:52.095Z","level":"INFO","device":"868120100004","event":"SERVER_ACK","detail":"0x0200 result=OK"}
{"ts":"2026-04-05T23:27:52.115Z","level":"INFO","device":"200000000003","event":"SERVER_ACK","detail":"0x8001 Universal Reply Received"}
{"ts":"2026-04-05T23:27:52.157Z","level":"INFO","device":"200000000007","event":"DTC_SENT_0x0900","detail":"Injected Fault Code: P0300"}
{"ts":"2026-04-05T23:27:52.157Z","level":"INFO","device":"200000000007","event":"HEARTBEAT_SENT","detail":"0x0002"}
{"ts":"2026-04-05T23:27:52.158Z","level":"INFO","device":"200000000007","event":"OBD2_SENT_0x0200","detail":"Lat: 51.733321, Lng: 0.485996 | Speed: 48km/h | RPM: 2734"}
{"ts":"2026-04-05T23:27:52.170Z","level":"INFO","device":"868120100002","event":"RX_MSG","detail":"0x8001 bodyLen=5"}
{"ts":"2026-04-05T23:27:52.170Z","level":"INFO","device":"868120100002","event":"SERVER_ACK","detail":"0x0200 result=OK"}
{"ts":"2026-04-05T23:27:52.170Z","level":"INFO","device":"868120100002","event":"RX_MSG","detail":"0x8001 bodyLen=5"}
{"ts":"2026-04-05T23:27:52.170Z","level":"INFO","device":"868120100002","event":"SERVER_ACK","detail":"0x0800 result=OK"}
{"ts":"2026-04-05T23:27:52.206Z","level":"INFO","device":"200000000004","event":"SERVER_ACK","detail":"0x8001 Universal Reply Received"}
{"ts":"2026-04-05T23:27:52.220Z","level":"INFO","device":"868120100006","event":"INCIDENT_SENT","detail":"mediaId=3 alarmId=86812010000600260405232752030200"}
{"ts":"2026-04-05T23:27:52.221Z","level":"INFO","device":"200000000006","event":"SERVER_ACK","detail":"0x8001 Universal Reply Received"}
{"ts":"2026-04-05T23:27:52.223Z","level":"INFO","device":"868120100006","event":"GPS_SENT","detail":""}
{"ts":"2026-04-05T23:27:52.262Z","level":"INFO","device":"868120100005","event":"RX_MSG","detail":"0x8001 bodyLen=5"}
{"ts":"2026-04-05T23:27:52.262Z","level":"INFO","device":"868120100005","event":"SERVER_ACK","detail":"0x0200 result=OK"}
{"ts":"2026-04-05T23:27:52.285Z","level":"INFO","device":"868120100003","event":"RX_MSG","detail":"0x8001 bodyLen=5"}
{"ts":"2026-04-05T23:27:52.286Z","level":"INFO","device":"868120100003","event":"SERVER_ACK","detail":"0x0800 result=OK"}
{"ts":"2026-04-05T23:27:52.286Z","level":"INFO","device":"868120100003","event":"RX_MSG","detail":"0x8001 bodyLen=5"}
{"ts":"2026-04-05T23:27:52.286Z","level":"INFO","device":"868120100003","event":"SERVER_ACK","detail":"0x0200 result=OK"}
{"ts":"2026-04-05T23:27:52.308Z","level":"INFO","device":"200000000008","event":"HEARTBEAT_SENT","detail":"0x0002"}
{"ts":"2026-04-05T23:27:52.309Z","level":"INFO","device":"200000000008","event":"OBD2_SENT_0x0200","detail":"Lat: 51.733680, Lng: 0.484665 | Speed: 43km/h | RPM: 2516"}
{"ts":"2026-04-05T23:27:52.345Z","level":"INFO","device":"200000000007","event":"SERVER_ACK","detail":"0x8001 Universal Reply Received"}
{"ts":"2026-04-05T23:27:52.353Z","level":"INFO","device":"868120100007","event":"INCIDENT_SENT","detail":"mediaId=3 alarmId=86812010000700260405232752030200"}
{"ts":"2026-04-05T23:27:52.355Z","level":"INFO","device":"868120100007","event":"GPS_SENT","detail":""}
{"ts":"2026-04-05T23:27:52.362Z","level":"INFO","device":"200000000005","event":"SERVER_ACK","detail":"0x8001 Universal Reply Received"}
{"ts":"2026-04-05T23:27:52.401Z","level":"INFO","device":"868120100004","event":"RX_MSG","detail":"0x8001 bodyLen=5"}
{"ts":"2026-04-05T23:27:52.401Z","level":"INFO","device":"868120100004","event":"SERVER_ACK","detail":"0x0800 result=OK"}
{"ts":"2026-04-05T23:27:52.402Z","level":"INFO","device":"868120100004","event":"RX_MSG","detail":"0x8001 bodyLen=5"}
{"ts":"2026-04-05T23:27:52.402Z","level":"INFO","device":"868120100004","event":"SERVER_ACK","detail":"0x0200 result=OK"}
{"ts":"2026-04-05T23:27:52.430Z","level":"INFO","device":"868120100006","event":"RX_MSG","detail":"0x8001 bodyLen=5"}
{"ts":"2026-04-05T23:27:52.431Z","level":"INFO","device":"868120100006","event":"SERVER_ACK","detail":"0x0200 result=OK"}
{"ts":"2026-04-05T23:27:52.458Z","level":"INFO","device":"200000000009","event":"HEARTBEAT_SENT","detail":"0x0002"}
{"ts":"2026-04-05T23:27:52.460Z","level":"INFO","device":"200000000009","event":"OBD2_SENT_0x0200","detail":"Lat: 51.733752, Lng: 0.484483 | Speed: 37km/h | RPM: 2292"}
{"ts":"2026-04-05T23:27:52.517Z","level":"INFO","device":"868120100008","event":"INCIDENT_SENT","detail":"mediaId=3 alarmId=86812010000800260405232752030200"}
{"ts":"2026-04-05T23:27:52.519Z","level":"INFO","device":"868120100008","event":"GPS_SENT","detail":""}
{"ts":"2026-04-05T23:27:52.519Z","level":"INFO","device":"200000000008","event":"SERVER_ACK","detail":"0x8001 Universal Reply Received"}
{"ts":"2026-04-05T23:27:52.546Z","level":"INFO","device":"868120100007","event":"RX_MSG","detail":"0x8001 bodyLen=5"}
{"ts":"2026-04-05T23:27:52.546Z","level":"INFO","device":"868120100007","event":"SERVER_ACK","detail":"0x0200 result=OK"}
{"ts":"2026-04-05T23:27:52.577Z","level":"INFO","device":"200000000006","event":"SERVER_ACK","detail":"0x8001 Universal Reply Received"}
{"ts":"2026-04-05T23:27:52.598Z","level":"INFO","device":"868120100005","event":"RX_MSG","detail":"0x8001 bodyLen=5"}
{"ts":"2026-04-05T23:27:52.601Z","level":"INFO","device":"868120100005","event":"SERVER_ACK","detail":"0x0800 result=OK"}
{"ts":"2026-04-05T23:27:52.601Z","level":"INFO","device":"868120100005","event":"RX_MSG","detail":"0x8001 bodyLen=5"}
{"ts":"2026-04-05T23:27:52.601Z","level":"INFO","device":"868120100005","event":"SERVER_ACK","detail":"0x0200 result=OK"}
{"ts":"2026-04-05T23:27:52.610Z","level":"INFO","device":"200000000010","event":"HEARTBEAT_SENT","detail":"0x0002"}
{"ts":"2026-04-05T23:27:52.610Z","level":"INFO","device":"200000000010","event":"OBD2_SENT_0x0200","detail":"Lat: 51.733872, Lng: 0.484213 | Speed: 43km/h | RPM: 2518"}
{"ts":"2026-04-05T23:27:52.641Z","level":"INFO","device":"200000000009","event":"SERVER_ACK","detail":"0x8001 Universal Reply Received"}
{"ts":"2026-04-05T23:27:52.651Z","level":"INFO","device":"868120100009","event":"INCIDENT_SENT","detail":"mediaId=3 alarmId=86812010000900260405232752030200"}
{"ts":"2026-04-05T23:27:52.655Z","level":"INFO","device":"868120100009","event":"GPS_SENT","detail":""}
{"ts":"2026-04-05T23:27:52.673Z","level":"INFO","device":"200000000007","event":"SERVER_ACK","detail":"0x8001 Universal Reply Received"}
{"ts":"2026-04-05T23:27:52.729Z","level":"INFO","device":"868120100008","event":"RX_MSG","detail":"0x8001 bodyLen=5"}
{"ts":"2026-04-05T23:27:52.729Z","level":"INFO","device":"868120100008","event":"SERVER_ACK","detail":"0x0200 result=OK"}
{"ts":"2026-04-05T23:27:52.760Z","level":"INFO","device":"868120100006","event":"RX_MSG","detail":"0x8001 bodyLen=5"}
{"ts":"2026-04-05T23:27:52.760Z","level":"INFO","device":"868120100006","event":"SERVER_ACK","detail":"0x0800 result=OK"}
{"ts":"2026-04-05T23:27:52.760Z","level":"INFO","device":"868120100006","event":"RX_MSG","detail":"0x8001 bodyLen=5"}
{"ts":"2026-04-05T23:27:52.760Z","level":"INFO","device":"868120100006","event":"SERVER_ACK","detail":"0x0200 result=OK"}
{"ts":"2026-04-05T23:27:52.792Z","level":"INFO","device":"100000000010","event":"INCIDENT_SENT","detail":"mediaId=3 alarmId=10000000001000260405232752030200"}
{"ts":"2026-04-05T23:27:52.794Z","level":"INFO","device":"100000000010","event":"GPS_SENT","detail":""}
{"ts":"2026-04-05T23:27:52.805Z","level":"INFO","device":"200000000010","event":"SERVER_ACK","detail":"0x8001 Universal Reply Received"}
{"ts":"2026-04-05T23:27:52.846Z","level":"INFO","device":"868120100009","event":"RX_MSG","detail":"0x8001 bodyLen=5"}
{"ts":"2026-04-05T23:27:52.846Z","level":"INFO","device":"868120100009","event":"SERVER_ACK","detail":"0x0200 result=OK"}
{"ts":"2026-04-05T23:27:52.854Z","level":"INFO","device":"200000000008","event":"SERVER_ACK","detail":"0x8001 Universal Reply Received"}
{"ts":"2026-04-05T23:27:52.869Z","level":"INFO","device":"868120100007","event":"RX_MSG","detail":"0x8001 bodyLen=5"}
{"ts":"2026-04-05T23:27:52.869Z","level":"INFO","device":"868120100007","event":"SERVER_ACK","detail":"0x0800 result=OK"}
{"ts":"2026-04-05T23:27:52.869Z","level":"INFO","device":"868120100007","event":"RX_MSG","detail":"0x8001 bodyLen=5"}
{"ts":"2026-04-05T23:27:52.869Z","level":"INFO","device":"868120100007","event":"SERVER_ACK","detail":"0x0200 result=OK"}
{"ts":"2026-04-05T23:27:52.952Z","level":"INFO","device":"200000000009","event":"SERVER_ACK","detail":"0x8001 Universal Reply Received"}
{"ts":"2026-04-05T23:27:52.977Z","level":"INFO","device":"100000000010","event":"RX_MSG","detail":"0x8001 bodyLen=5"}
{"ts":"2026-04-05T23:27:52.977Z","level":"INFO","device":"100000000010","event":"SERVER_ACK","detail":"0x0200 result=OK"}
{"ts":"2026-04-05T23:27:53.072Z","level":"INFO","device":"868120100008","event":"RX_MSG","detail":"0x8001 bodyLen=5"}
{"ts":"2026-04-05T23:27:53.072Z","level":"INFO","device":"868120100008","event":"SERVER_ACK","detail":"0x0800 result=OK"}
{"ts":"2026-04-05T23:27:53.072Z","level":"INFO","device":"868120100008","event":"RX_MSG","detail":"0x8001 bodyLen=5"}
{"ts":"2026-04-05T23:27:53.072Z","level":"INFO","device":"868120100008","event":"SERVER_ACK","detail":"0x0200 result=OK"}
{"ts":"2026-04-05T23:27:53.119Z","level":"INFO","device":"200000000010","event":"SERVER_ACK","detail":"0x8001 Universal Reply Received"}
{"ts":"2026-04-05T23:27:53.180Z","level":"INFO","device":"868120100009","event":"RX_MSG","detail":"0x8001 bodyLen=5"}
{"ts":"2026-04-05T23:27:53.181Z","level":"INFO","device":"868120100009","event":"SERVER_ACK","detail":"0x0800 result=OK"}
{"ts":"2026-04-05T23:27:53.181Z","level":"INFO","device":"868120100009","event":"RX_MSG","detail":"0x8001 bodyLen=5"}
{"ts":"2026-04-05T23:27:53.181Z","level":"INFO","device":"868120100009","event":"SERVER_ACK","detail":"0x0200 result=OK"}
{"ts":"2026-04-05T23:27:53.295Z","level":"INFO","device":"100000000010","event":"RX_MSG","detail":"0x8001 bodyLen=5"}
{"ts":"2026-04-05T23:27:53.295Z","level":"INFO","device":"100000000010","event":"SERVER_ACK","detail":"0x0800 result=OK"}
{"ts":"2026-04-05T23:27:53.295Z","level":"INFO","device":"100000000010","event":"RX_MSG","detail":"0x8001 bodyLen=5"}
{"ts":"2026-04-05T23:27:53.295Z","level":"INFO","device":"100000000010","event":"SERVER_ACK","detail":"0x0200 result=OK"}
{"ts":"2026-04-05T23:27:56.545Z","level":"ERROR","device":"300000000003","event":"SOCKET_ERROR","detail":"ECONNREFUSED"}
{"ts":"2026-04-05T23:28:06.266Z","level":"INFO","device":"291078985963","event":"OBD2_SENT_0x0200","detail":"Lat: 51.732797, Lng: 0.488109 | Speed: 53km/h | RPM: 2900"}
{"ts":"2026-04-05T23:28:06.410Z","level":"INFO","device":"200000000002","event":"OBD2_SENT_0x0200","detail":"Lat: 51.733415, Lng: 0.485550 | Speed: 37km/h | RPM: 2288"}
{"ts":"2026-04-05T23:28:06.471Z","level":"INFO","device":"291078985963","event":"SERVER_ACK","detail":"0x8001 Universal Reply Received"}
{"ts":"2026-04-05T23:28:06.560Z","level":"INFO","device":"200000000003","event":"OBD2_SENT_0x0200","detail":"Lat: 51.733334, Lng: 0.485928 | Speed: 33km/h | RPM: 2134"}
{"ts":"2026-04-05T23:28:06.617Z","level":"INFO","device":"200000000002","event":"SERVER_ACK","detail":"0x8001 Universal Reply Received"}
{"ts":"2026-04-05T23:28:06.709Z","level":"INFO","device":"200000000004","event":"OBD2_SENT_0x0200","detail":"Lat: 51.733803, Lng: 0.484368 | Speed: 29km/h | RPM: 1976"}
{"ts":"2026-04-05T23:28:06.778Z","level":"INFO","device":"200000000003","event":"SERVER_ACK","detail":"0x8001 Universal Reply Received"}
{"ts":"2026-04-05T23:28:06.825Z","level":"INFO","device":"291078985963","event":"RX_MSG","detail":"0x9208 bodyLen=81"}
{"ts":"2026-04-05T23:28:06.826Z","level":"INFO","device":"291078985963","event":"9208_RAW","detail":"0C35342E33372E3232352E36350D32000029107898596300260405232711020200323931303738393835393633303032363034303532333237313130323032303000000000000000000000000000000000"}
{"ts":"2026-04-05T23:28:06.826Z","level":"INFO","device":"291078985963","event":"UPLOAD_TRIGGERED","detail":"media: 54.37.225.65:3378 | alarmId: 29107898596300260405232711020200"}
{"ts":"2026-04-05T23:28:06.826Z","level":"INFO","device":"291078985963","event":"MEDIA_CONNECTING","detail":"54.37.225.65:3378 files=2"}
{"ts":"2026-04-05T23:28:06.858Z","level":"INFO","device":"200000000005","event":"OBD2_SENT_0x0200","detail":"Lat: 51.733123, Lng: 0.486910 | Speed: 45km/h | RPM: 2584"}
{"ts":"2026-04-05T23:28:06.893Z","level":"INFO","device":"200000000004","event":"SERVER_ACK","detail":"0x8001 Universal Reply Received"}
{"ts":"2026-04-05T23:28:06.962Z","level":"INFO","device":"868120100002","event":"RX_MSG","detail":"0x9208 bodyLen=81"}
{"ts":"2026-04-05T23:28:06.965Z","level":"INFO","device":"868120100002","event":"9208_RAW","detail":"0C35342E33372E3232352E36350D32000086812010000200260405232711020200383638313230313030303032303032363034303532333237313130323032303000000000000000000000000000000000"}
{"ts":"2026-04-05T23:28:06.965Z","level":"INFO","device":"868120100002","event":"UPLOAD_TRIGGERED","detail":"media: 54.37.225.65:3378 | alarmId: 86812010000200260405232711020200"}
{"ts":"2026-04-05T23:28:06.965Z","level":"INFO","device":"868120100002","event":"MEDIA_CONNECTING","detail":"54.37.225.65:3378 files=2"}
{"ts":"2026-04-05T23:28:06.969Z","level":"INFO","device":"868120100003","event":"RX_MSG","detail":"0x9208 bodyLen=81"}
{"ts":"2026-04-05T23:28:06.970Z","level":"INFO","device":"868120100003","event":"9208_RAW","detail":"0C35342E33372E3232352E36350D32000086812010000300260405232711020200383638313230313030303033303032363034303532333237313130323032303000000000000000000000000000000000"}
{"ts":"2026-04-05T23:28:06.970Z","level":"INFO","device":"868120100003","event":"UPLOAD_TRIGGERED","detail":"media: 54.37.225.65:3378 | alarmId: 86812010000300260405232711020200"}
{"ts":"2026-04-05T23:28:06.970Z","level":"INFO","device":"868120100003","event":"MEDIA_CONNECTING","detail":"54.37.225.65:3378 files=2"}
{"ts":"2026-04-05T23:28:07.010Z","level":"INFO","device":"200000000006","event":"OBD2_SENT_0x0200","detail":"Lat: 51.733005, Lng: 0.487380 | Speed: 39km/h | RPM: 2343"}
{"ts":"2026-04-05T23:28:07.029Z","level":"INFO","device":"291078985963","event":"MEDIA_CONNECTED","detail":"54.37.225.65:3378"}
{"ts":"2026-04-05T23:28:07.029Z","level":"INFO","device":"291078985963","event":"FILE_START","detail":"[1/2] 00_64_6401_00_29107898596300260405232711020200.jpg (215 bytes)"}
{"ts":"2026-04-05T23:28:07.030Z","level":"INFO","device":"291078985963","event":"SENT_1210","detail":"00_64_6401_00_29107898596300260405232711020200.jpg"}
{"ts":"2026-04-05T23:28:07.043Z","level":"INFO","device":"200000000005","event":"SERVER_ACK","detail":"0x8001 Universal Reply Received"}
{"ts":"2026-04-05T23:28:07.099Z","level":"INFO","device":"868120100004","event":"RX_MSG","detail":"0x9208 bodyLen=81"}
{"ts":"2026-04-05T23:28:07.099Z","level":"INFO","device":"868120100004","event":"9208_RAW","detail":"0C35342E33372E3232352E36350D32000086812010000400260405232711020200383638313230313030303034303032363034303532333237313130323032303000000000000000000000000000000000"}
{"ts":"2026-04-05T23:28:07.099Z","level":"INFO","device":"868120100004","event":"UPLOAD_TRIGGERED","detail":"media: 54.37.225.65:3378 | alarmId: 86812010000400260405232711020200"}
{"ts":"2026-04-05T23:28:07.099Z","level":"INFO","device":"868120100004","event":"MEDIA_CONNECTING","detail":"54.37.225.65:3378 files=2"}
{"ts":"2026-04-05T23:28:07.130Z","level":"INFO","device":"291078985963","event":"SENT_1212","detail":"00_64_6401_00_29107898596300260405232711020200.jpg"}
{"ts":"2026-04-05T23:28:07.159Z","level":"INFO","device":"200000000007","event":"OBD2_SENT_0x0200","detail":"Lat: 51.732402, Lng: 0.489246 | Speed: 49km/h | RPM: 2779"}
{"ts":"2026-04-05T23:28:07.160Z","level":"INFO","device":"868120100002","event":"MEDIA_CONNECTED","detail":"54.37.225.65:3378"}
{"ts":"2026-04-05T23:28:07.161Z","level":"INFO","device":"868120100002","event":"FILE_START","detail":"[1/2] 00_64_6401_00_86812010000200260405232711020200.jpg (215 bytes)"}
{"ts":"2026-04-05T23:28:07.161Z","level":"INFO","device":"868120100002","event":"SENT_1210","detail":"00_64_6401_00_86812010000200260405232711020200.jpg"}
{"ts":"2026-04-05T23:28:07.173Z","level":"INFO","device":"868120100003","event":"MEDIA_CONNECTED","detail":"54.37.225.65:3378"}
{"ts":"2026-04-05T23:28:07.174Z","level":"INFO","device":"868120100003","event":"FILE_START","detail":"[1/2] 00_64_6401_00_86812010000300260405232711020200.jpg (215 bytes)"}
{"ts":"2026-04-05T23:28:07.174Z","level":"INFO","device":"868120100003","event":"SENT_1210","detail":"00_64_6401_00_86812010000300260405232711020200.jpg"}
{"ts":"2026-04-05T23:28:07.223Z","level":"INFO","device":"200000000006","event":"SERVER_ACK","detail":"0x8001 Universal Reply Received"}
{"ts":"2026-04-05T23:28:07.235Z","level":"INFO","device":"291078985963","event":"MEDIA_RX","detail":"7E 80 01 00 05 29 10 78 98 59 63 F3 B3 00 00 12 10 00 25 7E"}
{"ts":"2026-04-05T23:28:07.261Z","level":"INFO","device":"868120100002","event":"SENT_1212","detail":"00_64_6401_00_86812010000200260405232711020200.jpg"}
{"ts":"2026-04-05T23:28:07.266Z","level":"INFO","device":"868120100005","event":"RX_MSG","detail":"0x9208 bodyLen=81"}
{"ts":"2026-04-05T23:28:07.266Z","level":"INFO","device":"868120100005","event":"9208_RAW","detail":"0C35342E33372E3232352E36350D32000086812010000500260405232712020200383638313230313030303035303032363034303532333237313230323032303000000000000000000000000000000000"}
{"ts":"2026-04-05T23:28:07.267Z","level":"INFO","device":"868120100005","event":"UPLOAD_TRIGGERED","detail":"media: 54.37.225.65:3378 | alarmId: 86812010000500260405232712020200"}
{"ts":"2026-04-05T23:28:07.267Z","level":"INFO","device":"868120100005","event":"MEDIA_CONNECTING","detail":"54.37.225.65:3378 files=2"}
{"ts":"2026-04-05T23:28:07.274Z","level":"INFO","device":"868120100003","event":"SENT_1212","detail":"00_64_6401_00_86812010000300260405232711020200.jpg"}
{"ts":"2026-04-05T23:28:07.284Z","level":"INFO","device":"868120100004","event":"MEDIA_CONNECTED","detail":"54.37.225.65:3378"}
{"ts":"2026-04-05T23:28:07.284Z","level":"INFO","device":"868120100004","event":"FILE_START","detail":"[1/2] 00_64_6401_00_86812010000400260405232711020200.jpg (215 bytes)"}
{"ts":"2026-04-05T23:28:07.284Z","level":"INFO","device":"868120100004","event":"SENT_1210","detail":"00_64_6401_00_86812010000400260405232711020200.jpg"}
{"ts":"2026-04-05T23:28:07.309Z","level":"INFO","device":"200000000008","event":"OBD2_SENT_0x0200","detail":"Lat: 51.733156, Lng: 0.486777 | Speed: 38km/h | RPM: 2330"}
{"ts":"2026-04-05T23:28:07.346Z","level":"INFO","device":"200000000007","event":"SERVER_ACK","detail":"0x8001 Universal Reply Received"}
{"ts":"2026-04-05T23:28:07.358Z","level":"INFO","device":"868120100002","event":"MEDIA_RX","detail":"7E 80 01 00 05 86 81 20 10 00 02 CA E8 00 00 12 10 00 91 7E"}
{"ts":"2026-04-05T23:28:07.377Z","level":"INFO","device":"868120100003","event":"MEDIA_RX","detail":"7E 80 01 00 05 86 81 20 10 00 03 0D BB 00 00 12 10 00 04 7E"}
{"ts":"2026-04-05T23:28:07.384Z","level":"INFO","device":"868120100004","event":"SENT_1212","detail":"00_64_6401_00_86812010000400260405232711020200.jpg"}
{"ts":"2026-04-05T23:28:07.430Z","level":"INFO","device":"291078985963","event":"FILE_START","detail":"[2/2] 02_64_6401_03_29107898596300260405232711020200.mp4 (65536 bytes)"}
{"ts":"2026-04-05T23:28:07.430Z","level":"INFO","device":"291078985963","event":"SENT_1210","detail":"02_64_6401_03_29107898596300260405232711020200.mp4"}
{"ts":"2026-04-05T23:28:07.435Z","level":"INFO","device":"291078985963","event":"MEDIA_RX","detail":"7E 80 01 00 05 29 10 78 98 59 63 71 65 00 01 12 11 00 71 7E 7E 92 12 00 36 29 10 78 98 59 63 9C C3 32 30 30 5F 36 34 5F 36 34 30 31 5F 30 30 5F 32 39 31 30 37 38 39 38 35 39 36 33 30 30 32 36 30 34 30 35 32 33 32 37 31 31 30 32 30 32 30 30 2E 6A 70 67 00 00 00 66 7E"}
{"ts":"2026-04-05T23:28:07.459Z","level":"INFO","device":"200000000009","event":"OBD2_SENT_0x0200","detail":"Lat: 51.733200, Lng: 0.486600 | Speed: 39km/h | RPM: 2360"}
{"ts":"2026-04-05T23:28:07.478Z","level":"INFO","device":"868120100005","event":"MEDIA_CONNECTED","detail":"54.37.225.65:3378"}
{"ts":"2026-04-05T23:28:07.478Z","level":"INFO","device":"868120100005","event":"FILE_START","detail":"[1/2] 00_64_6401_00_86812010000500260405232712020200.jpg (215 bytes)"}
{"ts":"2026-04-05T23:28:07.478Z","level":"INFO","device":"868120100005","event":"SENT_1210","detail":"00_64_6401_00_86812010000500260405232712020200.jpg"}
{"ts":"2026-04-05T23:28:07.483Z","level":"INFO","device":"868120100004","event":"MEDIA_RX","detail":"7E 80 01 00 05 86 81 20 10 00 04 0A E1 00 00 12 10 00 5E 7E"}
{"ts":"2026-04-05T23:28:07.521Z","level":"INFO","device":"200000000008","event":"SERVER_ACK","detail":"0x8001 Universal Reply Received"}
{"ts":"2026-04-05T23:28:07.533Z","level":"INFO","device":"291078985963","event":"SENT_1212","detail":"02_64_6401_03_29107898596300260405232711020200.mp4"}
{"ts":"2026-04-05T23:28:07.549Z","level":"INFO","device":"868120100002","event":"MEDIA_RX","detail":"7E 80 01 00 05 86 81 20 10 00 02 E2 81 00 01 12 11 00 D0 7E 7E 92 12 00 36 86 81 20 10 00 02 22 62 32 30 30 5F 36 34 5F 36 34 30 31 5F 30 30 5F 38 36 38 31 32 30 31 30 30 30 30 32 30 30 32 36 30 34 30 35 32 33 32 37 31 31 30 32 30 32 30 30 2E 6A 70 67 00 00 00 A4 7E"}
{"ts":"2026-04-05T23:28:07.560Z","level":"INFO","device":"868120100007","event":"RX_MSG","detail":"0x9208 bodyLen=81"}
{"ts":"2026-04-05T23:28:07.560Z","level":"INFO","device":"868120100007","event":"9208_RAW","detail":"0C35342E33372E3232352E36350D32000086812010000700260405232712020200383638313230313030303037303032363034303532333237313230323032303000000000000000000000000000000000"}
{"ts":"2026-04-05T23:28:07.560Z","level":"INFO","device":"868120100007","event":"UPLOAD_TRIGGERED","detail":"media: 54.37.225.65:3378 | alarmId: 86812010000700260405232712020200"}
{"ts":"2026-04-05T23:28:07.560Z","level":"INFO","device":"868120100007","event":"MEDIA_CONNECTING","detail":"54.37.225.65:3378 files=2"}
{"ts":"2026-04-05T23:28:07.562Z","level":"INFO","device":"868120100002","event":"FILE_START","detail":"[2/2] 02_64_6401_03_86812010000200260405232711020200.mp4 (65536 bytes)"}
{"ts":"2026-04-05T23:28:07.562Z","level":"INFO","device":"868120100002","event":"SENT_1210","detail":"02_64_6401_03_86812010000200260405232711020200.mp4"}
{"ts":"2026-04-05T23:28:07.575Z","level":"INFO","device":"868120100003","event":"FILE_START","detail":"[2/2] 02_64_6401_03_86812010000300260405232711020200.mp4 (65536 bytes)"}
{"ts":"2026-04-05T23:28:07.575Z","level":"INFO","device":"868120100003","event":"SENT_1210","detail":"02_64_6401_03_86812010000300260405232711020200.mp4"}
{"ts":"2026-04-05T23:28:07.576Z","level":"INFO","device":"868120100003","event":"MEDIA_RX","detail":"7E 80 01 00 05 86 81 20 10 00 03 6C BB 00 01 12 11 00 65 7E 7E 92 12 00 36 86 81 20 10 00 03 21 8B 32 30 30 5F 36 34 5F 36 34 30 31 5F 30 30 5F 38 36 38 31 32 30 31 30 30 30 30 33 30 30 32 36 30 34 30 35 32 33 32 37 31 31 30 32 30 32 30 30 2E 6A 70 67 00 00 00 4E 7E"}
{"ts":"2026-04-05T23:28:07.578Z","level":"INFO","device":"868120100005","event":"SENT_1212","detail":"00_64_6401_00_86812010000500260405232712020200.jpg"}
{"ts":"2026-04-05T23:28:07.610Z","level":"INFO","device":"200000000010","event":"OBD2_SENT_0x0200","detail":"Lat: 51.733145, Lng: 0.486819 | Speed: 48km/h | RPM: 2714"}
{"ts":"2026-04-05T23:28:07.647Z","level":"INFO","device":"200000000009","event":"SERVER_ACK","detail":"0x8001 Universal Reply Received"}
{"ts":"2026-04-05T23:28:07.667Z","level":"INFO","device":"868120100002","event":"SENT_1212","detail":"02_64_6401_03_86812010000200260405232711020200.mp4"}
{"ts":"2026-04-05T23:28:07.667Z","level":"INFO","device":"868120100004","event":"MEDIA_RX","detail":"7E 80 01 00 05 86 81 20 10 00 04 FB BD 00 01 12 11 00 F3 7E 7E 92 12 00 36 86 81 20 10 00 04 E0 DB 32 30 30 5F 36 34 5F 36 34 30 31 5F 30 30 5F 38 36 38 31 32 30 31 30 30 30 30 34 30 30 32 36 30 34 30 35 32 33 32 37 31 31 30 32 30 32 30 30 2E 6A 70 67 00 00 00 DF 7E"}
{"ts":"2026-04-05T23:28:07.682Z","level":"INFO","device":"868120100003","event":"SENT_1212","detail":"02_64_6401_03_86812010000300260405232711020200.mp4"}
{"ts":"2026-04-05T23:28:07.684Z","level":"INFO","device":"868120100004","event":"FILE_START","detail":"[2/2] 02_64_6401_03_86812010000400260405232711020200.mp4 (65536 bytes)"}
{"ts":"2026-04-05T23:28:07.684Z","level":"INFO","device":"868120100004","event":"SENT_1210","detail":"02_64_6401_03_86812010000400260405232711020200.mp4"}
{"ts":"2026-04-05T23:28:07.690Z","level":"INFO","device":"868120100005","event":"MEDIA_RX","detail":"7E 80 01 00 05 86 81 20 10 00 05 CF 61 00 00 12 10 00 1A 7E"}
{"ts":"2026-04-05T23:28:07.733Z","level":"INFO","device":"291078985963","event":"MEDIA_RX","detail":"7E 80 01 00 05 29 10 78 98 59 63 32 C3 00 03 12 10 00 97 7E"}
{"ts":"2026-04-05T23:28:07.735Z","level":"INFO","device":"868120100008","event":"RX_MSG","detail":"0x9208 bodyLen=81"}
{"ts":"2026-04-05T23:28:07.735Z","level":"INFO","device":"868120100008","event":"9208_RAW","detail":"0C35342E33372E3232352E36350D32000086812010000800260405232712020200383638313230313030303038303032363034303532333237313230323032303000000000000000000000000000000000"}
{"ts":"2026-04-05T23:28:07.736Z","level":"INFO","device":"868120100008","event":"UPLOAD_TRIGGERED","detail":"media: 54.37.225.65:3378 | alarmId: 86812010000800260405232712020200"}
{"ts":"2026-04-05T23:28:07.736Z","level":"INFO","device":"868120100008","event":"MEDIA_CONNECTING","detail":"54.37.225.65:3378 files=2"}
{"ts":"2026-04-05T23:28:07.744Z","level":"INFO","device":"868120100007","event":"MEDIA_CONNECTED","detail":"54.37.225.65:3378"}
{"ts":"2026-04-05T23:28:07.744Z","level":"INFO","device":"868120100007","event":"FILE_START","detail":"[1/2] 00_64_6401_00_86812010000700260405232712020200.jpg (215 bytes)"}
{"ts":"2026-04-05T23:28:07.744Z","level":"INFO","device":"868120100007","event":"SENT_1210","detail":"00_64_6401_00_86812010000700260405232712020200.jpg"}
{"ts":"2026-04-05T23:28:07.757Z","level":"INFO","device":"868120100002","event":"MEDIA_RX","detail":"7E 80 01 00 05 86 81 20 10 00 02 4A A2 00 03 12 10 00 58 7E"}
{"ts":"2026-04-05T23:28:07.776Z","level":"INFO","device":"868120100003","event":"MEDIA_RX","detail":"7E 80 01 00 05 86 81 20 10 00 03 C0 8E 00 03 12 10 00 FF 7E"}
{"ts":"2026-04-05T23:28:07.789Z","level":"INFO","device":"868120100004","event":"SENT_1212","detail":"02_64_6401_03_86812010000400260405232711020200.mp4"}
{"ts":"2026-04-05T23:28:07.810Z","level":"INFO","device":"200000000010","event":"SERVER_ACK","detail":"0x8001 Universal Reply Received"}
{"ts":"2026-04-05T23:28:07.833Z","level":"INFO","device":"291078985963","event":"BATCH_COMPLETE","detail":"All 2 files sent"}
{"ts":"2026-04-05T23:28:07.845Z","level":"INFO","device":"868120100007","event":"SENT_1212","detail":"00_64_6401_00_86812010000700260405232712020200.jpg"}
{"ts":"2026-04-05T23:28:07.853Z","level":"INFO","device":"868120100009","event":"RX_MSG","detail":"0x9208 bodyLen=81"}
{"ts":"2026-04-05T23:28:07.853Z","level":"INFO","device":"868120100009","event":"9208_RAW","detail":"0C35342E33372E3232352E36350D32000086812010000900260405232712020200383638313230313030303039303032363034303532333237313230323032303000000000000000000000000000000000"}
{"ts":"2026-04-05T23:28:07.853Z","level":"INFO","device":"868120100009","event":"UPLOAD_TRIGGERED","detail":"media: 54.37.225.65:3378 | alarmId: 86812010000900260405232712020200"}
{"ts":"2026-04-05T23:28:07.853Z","level":"INFO","device":"868120100009","event":"MEDIA_CONNECTING","detail":"54.37.225.65:3378 files=2"}
{"ts":"2026-04-05T23:28:07.869Z","level":"INFO","device":"868120100004","event":"MEDIA_RX","detail":"7E 80 01 00 05 86 81 20 10 00 04 F6 61 00 03 12 10 00 21 7E"}
{"ts":"2026-04-05T23:28:07.878Z","level":"INFO","device":"868120100005","event":"FILE_START","detail":"[2/2] 02_64_6401_03_86812010000500260405232712020200.mp4 (65536 bytes)"}
{"ts":"2026-04-05T23:28:07.879Z","level":"INFO","device":"868120100005","event":"SENT_1210","detail":"02_64_6401_03_86812010000500260405232712020200.mp4"}
{"ts":"2026-04-05T23:28:07.899Z","level":"INFO","device":"868120100005","event":"MEDIA_RX","detail":"7E 80 01 00 05 86 81 20 10 00 05 7D 01 14 00 01 12 11 00 DD 7E 7E 92 12 00 36 86 81 20 10 00 05 C4 D7 32 30 30 5F 36 34 5F 36 34 30 31 5F 30 30 5F 38 36 38 31 32 30 31 30 30 30 30 35 30 30 32 36 30 34 30 35 32 33 32 37 31 32 30 32 30 32 30 30 2E 6A 70 67 00 00 00 F4 7E"}
{"ts":"2026-04-05T23:28:07.932Z","level":"INFO","device":"868120100007","event":"MEDIA_RX","detail":"7E 80 01 00 05 86 81 20 10 00 07 86 DE 00 00 12 10 00 EE 7E"}
{"ts":"2026-04-05T23:28:07.946Z","level":"INFO","device":"868120100008","event":"MEDIA_CONNECTED","detail":"54.37.225.65:3378"}
{"ts":"2026-04-05T23:28:07.946Z","level":"INFO","device":"868120100008","event":"FILE_START","detail":"[1/2] 00_64_6401_00_86812010000800260405232712020200.jpg (215 bytes)"}
{"ts":"2026-04-05T23:28:07.946Z","level":"INFO","device":"868120100008","event":"SENT_1210","detail":"00_64_6401_00_86812010000800260405232712020200.jpg"}
{"ts":"2026-04-05T23:28:07.949Z","level":"INFO","device":"868120100002","event":"MEDIA_RX","detail":"7E 80 01 00 05 86 81 20 10 00 02 E6 93 00 04 12 11 00 C3 7E 7E 80 01 00 05 86 81 20 10 00 02 B6 5E 00 05 12 11 00 5F 7E 7E 80 01 00 05 86 81 20 10 00 02 78 30 00 06 12 11 00 FC 7E 7E 80 01 00 05 86 81 20 10 00 02 DC F3 00 07 12 11 00 9A 7E 7E 80 01 00 05 86 81 20 10 00 02 AE 23 00 08 12 11 00 37 7E 7E 80 01 00 05 86 81 20 10 00 02 0A D1 00 09 12 11 00 60 7E 7E 80 01 00 05 86 81 20 10 00 02 20 1E 00 0A 12 11 00 86 7E 7E 80 01 00 05 86 81 20 10 00 02 D1 2A 00 0B 12 11 00 42 7E 7E 80 01 00 05 86 81 20 10 00 02 02 3E 00 0C 12 11 00 82 7E 7E 80 01 00 05 86 81 20 10 00 02 F8 C6 00 0D 12 11 00 81 7E 7E 80 01 00 05 86 81 20 10 00 02 DD 14 00 0E 12 11 00 75 7E 7E 80 01 00 05 86 81 20 10 00 02 BE E1 00 0F 12 11 00 E2 7E 7E 80 01 00 05 86 81 20 10 00 02 87 1A 00 10 12 11 00 3F 7E 7E 80 01 00 05 86 81 20 10 00 02 E5 69 00 11 12 11 00 2F 7E 7E 80 01 00 05 86 81 20 10 00 02 06 5B 00 12 12 11 00 FD 7E 7E 80 01 00 05 86 81 20 10 00 02 68 3E 00 13 12 11 00 F7 7E 7E 80 01 00 05 86 81 20 10 00 02 22 1A 00 14 12 11 00 9E 7E 7E 80 01 00 05 86 81 20 10 00 02 98 28 00 15 12 11 00 17 7E 7E 80 01 00 05 86 81 20 10 00 02 DD 96 00 16 12 11 00 EF 7E 7E 80 01 00 05 86 81 20 10 00 02 21 B2 00 17 12 11 00 36 7E 7E 80 01 00 05 86 81 20 10 00 02 CD F5 00 18 12 11 00 92 7E 7E 80 01 00 05 86 81 20 10 00 02 77 C6 00 19 12 11 00 1A 7E 7E 80 01 00 05 86 81 20 10 00 02 D0 22 00 1A 12 11 00 5A 7E 7E 80 01 00 05 86 81 20 10 00 02 6E 22 00 1B 12 11 00 E5 7E 7E 80 01 00 05 86 81 20 10 00 02 C7 85 00 1C 12 11 00 EC 7E 7E 80 01 00 05 86 81 20 10 00 02 48 1C 00 1D 12 11 00 FB 7E 7E 80 01 00 05 86 81 20 10 00 02 33 14 00 1E 12 11 00 8B 7E 7E 80 01 00 05 86 81 20 10 00 02 69 6E 00 1F 12 11 00 AA 7E 7E 80 01 00 05 86 81 20 10 00 02 12 88 00 20 12 11 00 08 7E 7E 80 01 00 05 86 81 20 10 00 02 DE 63 00 21 12 11 00 2E 7E 7E 80 01 00 05 86 81 20 10 00 02 01 71 00 22 12 11 00 E0 7E 7E 80 01 00 05 86 81 20 10 00 02 DA 70 00 23 12 11 00 3B 7E 7E 80 01 00 05 86 81 20 10 00 02 43 1C 00 24 12 11 00 C9 7E"}
{"ts":"2026-04-05T23:28:07.966Z","level":"INFO","device":"868120100002","event":"BATCH_COMPLETE","detail":"All 2 files sent"}
{"ts":"2026-04-05T23:28:07.976Z","level":"INFO","device":"868120100003","event":"MEDIA_RX","detail":"7E 80 01 00 05 86 81 20 10 00 03 1C E9 00 04 12 11 00 42 7E 7E 80 01 00 05 86 81 20 10 00 03 95 1D 00 05 12 11 00 3E 7E 7E 80 01 00 05 86 81 20 10 00 03 33 F6 00 06 12 11 00 70 7E 7E 80 01 00 05 86 81 20 10 00 03 54 5A 00 07 12 11 00 BA 7E 7E 80 01 00 05 86 81 20 10 00 03 D9 D5 00 08 12 11 00 B7 7E 7E 80 01 00 05 86 81 20 10 00 03 DC 50 00 09 12 11 00 36 7E 7E 80 01 00 05 86 81 20 10 00 03 6A 67 00 0A 12 11 00 B4 7E 7E 80 01 00 05 86 81 20 10 00 03 4C 64 00 0B 12 11 00 90 7E 7E 80 01 00 05 86 81 20 10 00 03 DE 96 00 0C 12 11 00 F7 7E 7E 80 01 00 05 86 81 20 10 00 03 25 E7 00 0D 12 11 00 7C 7E 7E 80 01 00 05 86 81 20 10 00 03 46 34 00 0E 12 11 00 CF 7E 7E 80 01 00 05 86 81 20 10 00 03 88 81 00 0F 12 11 00 B5 7E 7E 80 01 00 05 86 81 20 10 00 03 67 71 00 10 12 11 00 B5 7E 7E 80 01 00 05 86 81 20 10 00 03 B4 92 00 11 12 11 00 84 7E 7E 80 01 00 05 86 81 20 10 00 03 E0 C4 00 12 12 11 00 85 7E 7E 80 01 00 05 86 81 20 10 00 03 0B C9 00 13 12 11 00 62 7E 7E 80 01 00 05 86 81 20 10 00 03 E1 67 00 14 12 11 00 21 7E 7E 80 01 00 05 86 81 20 10 00 03 79 DD 00 15 12 11 00 02 7E 7E 80 01 00 05 86 81 20 10 00 03 6B 20 00 16 12 11 00 EE 7E 7E 80 01 00 05 86 81 20 10 00 03 03 85 00 17 12 11 00 22 7E 7E 80 01 00 05 86 81 20 10 00 03 DB 4A 00 18 12 11 00 3A 7E 7E 80 01 00 05 86 81 20 10 00 03 9B B6 00 19 12 11 00 87 7E 7E 80 01 00 05 86 81 20 10 00 03 D9 01 00 1A 12 11 00 71 7E 7E 80 01 00 05 86 81 20 10 00 03 5B A7 00 1B 12 11 00 54 7E 7E 80 01 00 05 86 81 20 10 00 03 46 3F 00 1C 12 11 00 D6 7E 7E 80 01 00 05 86 81 20 10 00 03 34 59 00 1D 12 11 00 C3 7E 7E 80 01 00 05 86 81 20 10 00 03 76 8B 00 1E 12 11 00 50 7E 7E 80 01 00 05 86 81 20 10 00 03 FD 19 00 1F 12 11 00 48 7E 7E 80 01 00 05 86 81 20 10 00 03 7D 02 41 00 20 12 11 00 AC 7E 7E 80 01 00 05 86 81 20 10 00 03 E1 A0 00 21 12 11 00 D3 7E 7E 80 01 00 05 86 81 20 10 00 03 E4 01 00 22 12 11 00 74 7E 7E 80 01 00 05 86 81 20 10 00 03 EF DC 00 23 12 11 00 A3 7E 7E 80 01 00 05 86 81 20 10 00 03 C1 EA 00 24 12 11 00 BC 7E"}
{"ts":"2026-04-05T23:28:07.983Z","level":"INFO","device":"868120100005","event":"SENT_1212","detail":"02_64_6401_03_86812010000500260405232712020200.mp4"}
{"ts":"2026-04-05T23:28:07.983Z","level":"INFO","device":"868120100003","event":"BATCH_COMPLETE","detail":"All 2 files sent"}
{"ts":"2026-04-05T23:28:07.984Z","level":"INFO","device":"100000000010","event":"RX_MSG","detail":"0x9208 bodyLen=81"}
{"ts":"2026-04-05T23:28:07.986Z","level":"INFO","device":"100000000010","event":"9208_RAW","detail":"0C35342E33372E3232352E36350D32000010000000001000260405232712020200313030303030303030303130303032363034303532333237313230323032303000000000000000000000000000000000"}
{"ts":"2026-04-05T23:28:07.986Z","level":"INFO","device":"100000000010","event":"UPLOAD_TRIGGERED","detail":"media: 54.37.225.65:3378 | alarmId: 10000000001000260405232712020200"}
{"ts":"2026-04-05T23:28:07.987Z","level":"INFO","device":"100000000010","event":"MEDIA_CONNECTING","detail":"54.37.225.65:3378 files=2"}
{"ts":"2026-04-05T23:28:08.046Z","level":"INFO","device":"868120100008","event":"SENT_1212","detail":"00_64_6401_00_86812010000800260405232712020200.jpg"}
{"ts":"2026-04-05T23:28:08.047Z","level":"INFO","device":"868120100009","event":"MEDIA_CONNECTED","detail":"54.37.225.65:3378"}
{"ts":"2026-04-05T23:28:08.047Z","level":"INFO","device":"868120100009","event":"FILE_START","detail":"[1/2] 00_64_6401_00_86812010000900260405232712020200.jpg (215 bytes)"}
{"ts":"2026-04-05T23:28:08.047Z","level":"INFO","device":"868120100009","event":"SENT_1210","detail":"00_64_6401_00_86812010000900260405232712020200.jpg"}
{"ts":"2026-04-05T23:28:08.053Z","level":"INFO","device":"868120100004","event":"MEDIA_RX","detail":"7E 80 01 00 05 86 81 20 10 00 04 4A 8F 00 04 12 11 00 75 7E 7E 80 01 00 05 86 81 20 10 00 04 9D FB 00 05 12 11 00 D7 7E 7E 80 01 00 05 86 81 20 10 00 04 04 7F 00 06 12 11 00 C9 7E 7E 80 01 00 05 86 81 20 10 00 04 7B E1 00 07 12 11 00 29 7E 7E 80 01 00 05 86 81 20 10 00 04 4A 36 00 08 12 11 00 C0 7E 7E 80 01 00 05 86 81 20 10 00 04 33 FB 00 09 12 11 00 75 7E 7E 80 01 00 05 86 81 20 10 00 04 65 6C 00 0A 12 11 00 B7 7E 7E 80 01 00 05 86 81 20 10 00 04 2C 69 00 0B 12 11 00 FA 7E 7E 80 01 00 05 86 81 20 10 00 04 92 55 00 0C 12 11 00 7F 7E 7E 80 01 00 05 86 81 20 10 00 04 D7 0B 00 0D 12 11 00 65 7E 7E 80 01 00 05 86 81 20 10 00 04 B7 9E 00 0E 12 11 00 93 7E 7E 80 01 00 05 86 81 20 10 00 04 7D 02 1C 00 0F 12 11 00 D9 7E 7E 80 01 00 05 86 81 20 10 00 04 23 39 00 10 12 11 00 BE 7E 7E 80 01 00 05 86 81 20 10 00 04 21 E9 00 11 12 11 00 6D 7E 7E 80 01 00 05 86 81 20 10 00 04 BC 00 00 12 12 11 00 1A 7E 7E 80 01 00 05 86 81 20 10 00 04 03 6B 00 13 12 11 00 CF 7E 7E 80 01 00 05 86 81 20 10 00 04 4C 32 00 14 12 11 00 DE 7E 7E 80 01 00 05 86 81 20 10 00 04 BC 1A 00 15 12 11 00 07 7E 7E 80 01 00 05 86 81 20 10 00 04 34 E8 00 16 12 11 00 7D 02 7E 7E 80 01 00 05 86 81 20 10 00 04 9F 2A 00 17 12 11 00 16 7E 7E 80 01 00 05 86 81 20 10 00 04 21 D0 00 18 12 11 00 5D 7E 7E 80 01 00 05 86 81 20 10 00 04 88 15 00 19 12 11 00 30 7E 7E 80 01 00 05 86 81 20 10 00 04 B4 C0 00 1A 12 11 00 DA 7E 7E 80 01 00 05 86 81 20 10 00 04 6D FD 00 1B 12 11 00 3F 7E 7E 80 01 00 05 86 81 20 10 00 04 A8 78 00 1C 12 11 00 78 7E 7E 80 01 00 05 86 81 20 10 00 04 07 62 00 1D 12 11 00 CC 7E 7E 80 01 00 05 86 81 20 10 00 04 60 76 00 1E 12 11 00 BC 7E 7E 80 01 00 05 86 81 20 10 00 04 3B 5F 00 1F 12 11 00 CF 7E 7E 80 01 00 05 86 81 20 10 00 04 62 3D 00 20 12 11 00 CB 7E 7E 80 01 00 05 86 81 20 10 00 04 F2 2C 00 21 12 11 00 4B 7E 7E 80 01 00 05 86 81 20 10 00 04 96 E6 00 22 12 11 00 E6 7E 7E 80 01 00 05 86 81 20 10 00 04 CB E7 00 23 12 11 00 BB 7E 7E 80 01 00 05 86 81 20 10 00 04 A5 7D 02 00 24 12 11 00 4B 7E"}
{"ts":"2026-04-05T23:28:08.089Z","level":"INFO","device":"868120100004","event":"BATCH_COMPLETE","detail":"All 2 files sent"}
{"ts":"2026-04-05T23:28:08.114Z","level":"INFO","device":"868120100007","event":"MEDIA_RX","detail":"7E 80 01 00 05 86 81 20 10 00 07 90 77 00 01 12 11 00 51 7E 7E 92 12 00 36 86 81 20 10 00 07 0C 40 32 30 30 5F 36 34 5F 36 34 30 31 5F 30 30 5F 38 36 38 31 32 30 31 30 30 30 30 37 30 30 32 36 30 34 30 35 32 33 32 37 31 32 30 32 30 32 30 30 2E 6A 70 67 00 00 00 AB 7E"}
{"ts":"2026-04-05T23:28:08.146Z","level":"INFO","device":"868120100007","event":"FILE_START","detail":"[2/2] 02_64_6401_03_86812010000700260405232712020200.mp4 (65536 bytes)"}
{"ts":"2026-04-05T23:28:08.146Z","level":"INFO","device":"868120100007","event":"SENT_1210","detail":"02_64_6401_03_86812010000700260405232712020200.mp4"}
{"ts":"2026-04-05T23:28:08.147Z","level":"INFO","device":"868120100009","event":"SENT_1212","detail":"00_64_6401_00_86812010000900260405232712020200.jpg"}
{"ts":"2026-04-05T23:28:08.161Z","level":"INFO","device":"868120100008","event":"MEDIA_RX","detail":"7E 80 01 00 05 86 81 20 10 00 08 C4 0A 00 00 12 10 00 77 7E"}
{"ts":"2026-04-05T23:28:08.180Z","level":"INFO","device":"100000000010","event":"MEDIA_CONNECTED","detail":"54.37.225.65:3378"}
{"ts":"2026-04-05T23:28:08.180Z","level":"INFO","device":"100000000010","event":"FILE_START","detail":"[1/2] 00_64_6401_00_10000000001000260405232712020200.jpg (215 bytes)"}
{"ts":"2026-04-05T23:28:08.180Z","level":"INFO","device":"100000000010","event":"SENT_1210","detail":"00_64_6401_00_10000000001000260405232712020200.jpg"}
{"ts":"2026-04-05T23:28:08.189Z","level":"INFO","device":"868120100005","event":"MEDIA_RX","detail":"7E 80 01 00 05 86 81 20 10 00 05 3B 13 00 03 12 10 00 9F 7E"}
{"ts":"2026-04-05T23:28:08.241Z","level":"INFO","device":"291078985963","event":"MEDIA_RX","detail":"7E 80 01 00 05 29 10 78 98 59 63 FC 83 00 04 12 11 00 1F 7E 7E 80 01 00 05 29 10 78 98 59 63 C9 F2 00 05 12 11 00 5A 7E 7E 80 01 00 05 29 10 78 98 59 63 E5 B0 00 06 12 11 00 37 7E 7E 80 01 00 05 29 10 78 98 59 63 25 CA 00 07 12 11 00 8C 7E 7E 80 01 00 05 29 10 78 98 59 63 D6 1C 00 08 12 11 00 A6 7E 7E 80 01 00 05 29 10 78 98 59 63 28 07 00 09 12 11 00 42 7E 7E 80 01 00 05 29 10 78 98 59 63 13 57 00 0A 12 11 00 2A 7E 7E 80 01 00 05 29 10 78 98 59 63 D7 09 00 0B 12 11 00 B1 7E 7E 80 01 00 05 29 10 78 98 59 63 B4 5C 00 0C 12 11 00 80 7E 7E 80 01 00 05 29 10 78 98 59 63 5F 1C 00 0D 12 11 00 2A 7E 7E 80 01 00 05 29 10 78 98 59 63 17 EB 00 0E 12 11 00 96 7E 7E 80 01 00 05 29 10 78 98 59 63 8D AB 00 0F 12 11 00 4D 7E 7E 80 01 00 05 29 10 78 98 59 63 E6 68 00 10 12 11 00 FA 7E 7E 80 01 00 05 29 10 78 98 59 63 B2 7A 00 11 12 11 00 BD 7E 7E 80 01 00 05 29 10 78 98 59 63 3B FD 00 12 12 11 00 B0 7E 7E 80 01 00 05 29 10 78 98 59 63 B6 03 00 13 12 11 00 C2 7E 7E 80 01 00 05 29 10 78 98 59 63 C1 D6 00 14 12 11 00 67 7E 7E 80 01 00 05 29 10 78 98 59 63 B9 8E 00 15 12 11 00 46 7E 7E 80 01 00 05 29 10 78 98 59 63 75 3C 00 16 12 11 00 3B 7E 7E 80 01 00 05 29 10 78 98 59 63 38 00 00 17 12 11 00 4B 7E 7E 80 01 00 05 29 10 78 98 59 63 58 CC 00 18 12 11 00 E8 7E 7E 80 01 00 05 29 10 78 98 59 63 09 5B 00 19 12 11 00 2F 7E 7E 80 01 00 05 29 10 78 98 59 63 AB D6 00 1A 12 11 00 03 7E 7E 80 01 00 05 29 10 78 98 59 63 2F 40 00 1B 12 11 00 10 7E 7E 80 01 00 05 29 10 78 98 59 63 46 BD 00 1C 12 11 00 83 7E 7E 80 01 00 05 29 10 78 98 59 63 CC 86 00 1D 12 11 00 33 7E 7E 80 01 00 05 29 10 78 98 59 63 B7 45 00 1E 12 11 00 88 7E 7E 80 01 00 05 29 10 78 98 59 63 59 E5 00 1F 12 11 00 C7 7E 7E 80 01 00 05 29 10 78 98 59 63 5E 8E 00 20 12 11 00 94 7E 7E 80 01 00 05 29 10 78 98 59 63 5A 48 00 21 12 11 00 57 7E 7E 80 01 00 05 29 10 78 98 59 63 9B EA 00 22 12 11 00 37 7E 7E 80 01 00 05 29 10 78 98 59 63 FD F2 00 23 12 11 00 48 7E 7E 80 01 00 05 29 10 78 98 59 63 E7 C8 00 24 12 11 00 6F 7E 7E 80 01 00 05 29 10 78 98 59 63 AA 0E 00 25 12 11 00 E5 7E 7E 80 01 00 05 29 10 78 98 59 63 8C 6F 00 26 12 11 00 A1 7E 7E 80 01 00 05 29 10 78 98 59 63 4C 89 00 27 12 11 00 86 7E 7E 80 01 00 05 29 10 78 98 59 63 02 C2 00 28 12 11 00 8C 7E 7E 80 01 00 05 29 10 78 98 59 63 94 C5 00 29 12 11 00 1C 7E 7E 80 01 00 05 29 10 78 98 59 63 DF 33 00 2A 12 11 00 A2 7E 7E 80 01 00 05 29 10 78 98 59 63 22 FA 00 2B 12 11 00 97 7E 7E 80 01 00 05 29 10 78 98 59 63 8B BF 00 2C 12 11 00 7C 7E 7E 80 01 00 05 29 10 78 98 59 63 C7 C0 00 2D 12 11 00 4E 7E 7E 80 01 00 05 29 10 78 98 59 63 D6 F9 00 2E 12 11 00 65 7E 7E 80 01 00 05 29 10 78 98 59 63 F0 E9 00 2F 12 11 00 52 7E 7E 80 01 00 05 29 10 78 98 59 63 60 4F 00 30 12 11 00 7B 7E 7E 80 01 00 05 29 10 78 98 59 63 C5 D0 00 31 12 11 00 40 7E 7E 80 01 00 05 29 10 78 98 59 63 3D 87 00 32 12 11 00 EC 7E 7E 80 01 00 05 29 10 78 98 59 63 51 98 00 33 12 11 00 9E 7E 7E 80 01 00 05 29 10 78 98 59 63 37 96 00 34 12 11 00 F1 7E 7E 80 01 00 05 29 10 78 98 59 63 26 CC 00 35 12 11 00 BB 7E 7E 80 01 00 05 29 10 78 98 59 63 FD 67 00 36 12 11 00 C8 7E 7E 80 01 00 05 29 10 78 98 59 63 A3 B0 00 37 12 11 00 40 7E 7E 80 01 00 05 29 10 78 98 59 63 C3 8C 00 38 12 11 00 13 7E 7E 80 01 00 05 29 10 78 98 59 63 48 F2 00 39 12 11 00 E7 7E 7E 80 01 00 05 29 10 78 98 59 63 09 56 00 3A 12 11 00 01 7E 7E 80 01 00 05 29 10 78 98 59 63 B6 39 00 3B 12 11 00 D0 7E 7E 80 01 00 05 29 10 78 98 59 63 79 22 00 3C 12 11 00 03 7E 7E 80 01 00 05 29 10 78 98 59 63 EF 34 00 3D 12 11 00 82 7E 7E 80 01 00 05 29 10 78 98 59 63 CC C5 00 3E 12 11 00 53 7E 7E 80 01 00 05 29 10 78 98 59 63 A2 64 00 3F 12 11 00 9D 7E 7E 80 01 00 05 29 10 78 98 59 63 BD 10 00 40 12 11 00 89 7E 7E 80 01 00 05 29 10 78 98 59 63 5E 96 00 41 12 11 00 ED 7E 7E 80 01 00 05 29 10 78 98 59 63 C7 20 00 42 12 11 00 C1 7E 7E 80 01 00 05 29 10 78 98 59 63 DB F9 00 43 12 11 00 05 7E 7E 92 12 00 36 29 10 78 98 59 63 4E F0 32 30 32 5F 36 34 5F 36 34 30 31 5F 30 33 5F 32 39 31 30 37 38 39 38 35 39 36 33 30 30 32 36 30 34 30 35 32 33 32 37 31 31 30 32 30 32 30 30 2E 6D 70 34 02 00 00 D0 7E"}
{"ts":"2026-04-05T23:28:08.242Z","level":"INFO","device":"291078985963","event":"MEDIA_CLOSED","detail":""}
{"ts":"2026-04-05T23:28:08.243Z","level":"INFO","device":"868120100009","event":"MEDIA_RX","detail":"7E 80 01 00 05 86 81 20 10 00 09 BB 35 00 00 12 10 00 36 7E"}
{"ts":"2026-04-05T23:28:08.253Z","level":"INFO","device":"868120100007","event":"SENT_1212","detail":"02_64_6401_03_86812010000700260405232712020200.mp4"}
{"ts":"2026-04-05T23:28:08.282Z","level":"INFO","device":"100000000010","event":"SENT_1212","detail":"00_64_6401_00_10000000001000260405232712020200.jpg"}
{"ts":"2026-04-05T23:28:08.283Z","level":"INFO","device":"868120100005","event":"BATCH_COMPLETE","detail":"All 2 files sent"}
{"ts":"2026-04-05T23:28:08.330Z","level":"INFO","device":"868120100007","event":"MEDIA_RX","detail":"7E 80 01 00 05 86 81 20 10 00 07 76 EF 00 03 12 10 00 2C 7E"}
{"ts":"2026-04-05T23:28:08.346Z","level":"INFO","device":"868120100008","event":"FILE_START","detail":"[2/2] 02_64_6401_03_86812010000800260405232712020200.mp4 (65536 bytes)"}
{"ts":"2026-04-05T23:28:08.346Z","level":"INFO","device":"868120100008","event":"SENT_1210","detail":"02_64_6401_03_86812010000800260405232712020200.mp4"}
{"ts":"2026-04-05T23:28:08.367Z","level":"ERROR","device":"868120100002","event":"MEDIA_ERROR","detail":"54.37.225.65:3378 — read ECONNRESET"}
{"ts":"2026-04-05T23:28:08.367Z","level":"INFO","device":"868120100002","event":"MEDIA_CLOSED","detail":""}
{"ts":"2026-04-05T23:28:08.369Z","level":"INFO","device":"868120100008","event":"MEDIA_RX","detail":"7E 80 01 00 05 86 81 20 10 00 08 80 81 00 01 12 11 00 B8 7E 7E 92 12 00 36 86 81 20 10 00 08 1F 80 32 30 30 5F 36 34 5F 36 34 30 31 5F 30 30 5F 38 36 38 31 32 30 31 30 30 30 30 38 30 30 32 36 30 34 30 35 32 33 32 37 31 32 30 32 30 32 30 30 2E 6A 70 67 00 00 00 78 7E"}
{"ts":"2026-04-05T23:28:08.375Z","level":"INFO","device":"100000000010","event":"MEDIA_RX","detail":"7E 80 01 00 05 10 00 00 00 00 10 4D CF 00 00 12 10 00 04 7E"}
{"ts":"2026-04-05T23:28:08.396Z","level":"ERROR","device":"868120100003","event":"MEDIA_ERROR","detail":"54.37.225.65:3378 — read ECONNRESET"}
{"ts":"2026-04-05T23:28:08.396Z","level":"INFO","device":"868120100003","event":"MEDIA_CLOSED","detail":""}
{"ts":"2026-04-05T23:28:08.434Z","level":"INFO","device":"868120100009","event":"MEDIA_RX","detail":"7E 80 01 00 05 86 81 20 10 00 09 AB 82 00 01 12 11 00 91 7E 7E 92 12 00 36 86 81 20 10 00 09 E5 D3 32 30 30 5F 36 34 5F 36 34 30 31 5F 30 30 5F 38 36 38 31 32 30 31 30 30 30 30 39 30 30 32 36 30 34 30 35 32 33 32 37 31 32 30 32 30 32 30 30 2E 6A 70 67 00 00 00 D1 7E"}
{"ts":"2026-04-05T23:28:08.448Z","level":"INFO","device":"868120100008","event":"SENT_1212","detail":"02_64_6401_03_86812010000800260405232712020200.mp4"}
{"ts":"2026-04-05T23:28:08.448Z","level":"INFO","device":"868120100009","event":"FILE_START","detail":"[2/2] 02_64_6401_03_86812010000900260405232712020200.mp4 (65536 bytes)"}
{"ts":"2026-04-05T23:28:08.448Z","level":"INFO","device":"868120100009","event":"SENT_1210","detail":"02_64_6401_03_86812010000900260405232712020200.mp4"}
{"ts":"2026-04-05T23:28:08.459Z","level":"ERROR","device":"868120100004","event":"MEDIA_ERROR","detail":"54.37.225.65:3378 — read ECONNRESET"}
{"ts":"2026-04-05T23:28:08.459Z","level":"INFO","device":"868120100004","event":"MEDIA_CLOSED","detail":""}
{"ts":"2026-04-05T23:28:08.512Z","level":"INFO","device":"868120100007","event":"MEDIA_RX","detail":"7E 80 01 00 05 86 81 20 10 00 07 EB 0C 00 04 12 11 00 54 7E 7E 80 01 00 05 86 81 20 10 00 07 FA F6 00 05 12 11 00 BE 7E 7E 80 01 00 05 86 81 20 10 00 07 25 BF 00 06 12 11 00 2B 7E 7E 80 01 00 05 86 81 20 10 00 07 D1 84 00 07 12 11 00 E5 7E 7E 80 01 00 05 86 81 20 10 00 07 3D 85 00 08 12 11 00 07 7E 7E 80 01 00 05 86 81 20 10 00 07 A7 F1 00 09 12 11 00 E8 7E 7E 80 01 00 05 86 81 20 10 00 07 E5 EC 00 0A 12 11 00 B4 7E 7E 80 01 00 05 86 81 20 10 00 07 60 3F 00 0B 12 11 00 E3 7E 7E 80 01 00 05 86 81 20 10 00 07 66 50 00 0C 12 11 00 8D 7E 7E 80 01 00 05 86 81 20 10 00 07 FC FA 00 0D 12 11 00 BC 7E 7E 80 01 00 05 86 81 20 10 00 07 B1 48 00 0E 12 11 00 40 7E 7E 80 01 00 05 86 81 20 10 00 07 41 A6 00 0F 12 11 00 5F 7E 7E 80 01 00 05 86 81 20 10 00 07 47 31 00 10 12 11 00 D1 7E 7E 80 01 00 05 86 81 20 10 00 07 5C 3B 00 11 12 11 00 C1 7E 7E 80 01 00 05 86 81 20 10 00 07 41 4B 00 12 12 11 00 AF 7E 7E 80 01 00 05 86 81 20 10 00 07 1A E7 00 13 12 11 00 59 7E 7E 80 01 00 05 86 81 20 10 00 07 FC CF 00 14 12 11 00 90 7E 7E 80 01 00 05 86 81 20 10 00 07 22 93 00 15 12 11 00 13 7E 7E 80 01 00 05 86 81 20 10 00 07 A9 A4 00 16 12 11 00 AC 7E 7E 80 01 00 05 86 81 20 10 00 07 69 D4 00 17 12 11 00 1D 7E 7E 80 01 00 05 86 81 20 10 00 07 84 7F 00 18 12 11 00 54 7E 7E 80 01 00 05 86 81 20 10 00 07 25 31 00 19 12 11 00 BA 7E 7E 80 01 00 05 86 81 20 10 00 07 45 41 00 1A 12 11 00 A9 7E 7E 80 01 00 05 86 81 20 10 00 07 68 15 00 1B 12 11 00 D1 7E 7E 80 01 00 05 86 81 20 10 00 07 99 B4 00 1C 12 11 00 86 7E 7E 80 01 00 05 86 81 20 10 00 07 89 EE 00 1D 12 11 00 CD 7E 7E 80 01 00 05 86 81 20 10 00 07 EA A7 00 1E 12 11 00 E4 7E 7E 80 01 00 05 86 81 20 10 00 07 B7 EA 00 1F 12 11 00 F5 7E 7E 80 01 00 05 86 81 20 10 00 07 26 C2 00 20 12 11 00 73 7E 7E 80 01 00 05 86 81 20 10 00 07 CA B3 00 21 12 11 00 EF 7E 7E 80 01 00 05 86 81 20 10 00 07 AA 24 00 22 12 11 00 1B 7E 7E 80 01 00 05 86 81 20 10 00 07 8E 4E 00 23 12 11 00 54 7E 7E 80 01 00 05 86 81 20 10 00 07 BC D1 00 24 12 11 00 FE 7E"}
{"ts":"2026-04-05T23:28:08.551Z","level":"INFO","device":"868120100009","event":"SENT_1212","detail":"02_64_6401_03_86812010000900260405232712020200.mp4"}
{"ts":"2026-04-05T23:28:08.553Z","level":"INFO","device":"868120100007","event":"BATCH_COMPLETE","detail":"All 2 files sent"}
{"ts":"2026-04-05T23:28:08.564Z","level":"INFO","device":"100000000010","event":"MEDIA_RX","detail":"7E 80 01 00 05 10 00 00 00 00 10 FD F1 00 01 12 11 00 8A 7E 7E 92 12 00 36 10 00 00 00 00 10 BF CF 32 30 30 5F 36 34 5F 36 34 30 31 5F 30 30 5F 31 30 30 30 30 30 30 30 30 30 31 30 30 30 32 36 30 34 30 35 32 33 32 37 31 32 30 32 30 32 30 30 2E 6A 70 67 00 00 00 A4 7E"}
{"ts":"2026-04-05T23:28:08.582Z","level":"INFO","device":"100000000010","event":"FILE_START","detail":"[2/2] 02_64_6401_03_10000000001000260405232712020200.mp4 (65536 bytes)"}
{"ts":"2026-04-05T23:28:08.583Z","level":"INFO","device":"100000000010","event":"SENT_1210","detail":"02_64_6401_03_10000000001000260405232712020200.mp4"}
{"ts":"2026-04-05T23:28:08.642Z","level":"INFO","device":"868120100009","event":"MEDIA_RX","detail":"7E 80 01 00 05 86 81 20 10 00 09 19 4C 00 03 12 10 00 EE 7E"}
{"ts":"2026-04-05T23:28:08.655Z","level":"INFO","device":"868120100008","event":"MEDIA_RX","detail":"7E 80 01 00 05 86 81 20 10 00 08 3C A0 00 03 12 10 00 26 7E"}
{"ts":"2026-04-05T23:28:08.664Z","level":"ERROR","device":"300000000004","event":"SOCKET_ERROR","detail":"ECONNREFUSED"}
{"ts":"2026-04-05T23:28:08.685Z","level":"INFO","device":"100000000010","event":"SENT_1212","detail":"02_64_6401_03_10000000001000260405232712020200.mp4"}
{"ts":"2026-04-05T23:28:08.707Z","level":"INFO","device":"868120100005","event":"MEDIA_RX","detail":"7E 80 01 00 05 86 81 20 10 00 05 2F D0 00 04 12 11 00 4E 7E 7E 80 01 00 05 86 81 20 10 00 05 BC A0 00 05 12 11 00 AC 7E 7E 80 01 00 05 86 81 20 10 00 05 29 B7 00 06 12 11 00 2D 7E 7E 80 01 00 05 86 81 20 10 00 05 52 79 00 07 12 11 00 99 7E 7E 80 01 00 05 86 81 20 10 00 05 9D B2 00 08 12 11 00 92 7E 7E 80 01 00 05 86 81 20 10 00 05 EB E5 00 09 12 11 00 B2 7E 7E 80 01 00 05 86 81 20 10 00 05 55 3D 00 0A 12 11 00 D7 7E 7E 80 01 00 05 86 81 20 10 00 05 E6 55 00 0B 12 11 00 0D 7E 7E 80 01 00 05 86 81 20 10 00 05 FF EE 00 0C 12 11 00 A8 7E 7E 80 01 00 05 86 81 20 10 00 05 A0 0B 00 0D 12 11 00 13 7E 7E 80 01 00 05 86 81 20 10 00 05 D5 BE 00 0E 12 11 00 D0 7E 7E 80 01 00 05 86 81 20 10 00 05 BF B0 00 0F 12 11 00 B5 7E 7E 80 01 00 05 86 81 20 10 00 05 BF CB 00 10 12 11 00 D1 7E 7E 80 01 00 05 86 81 20 10 00 05 3C CA 00 11 12 11 00 52 7E 7E 80 01 00 05 86 81 20 10 00 05 32 DE 00 12 12 11 00 4B 7E 7E 80 01 00 05 86 81 20 10 00 05 A1 D4 00 13 12 11 00 D3 7E 7E 80 01 00 05 86 81 20 10 00 05 C3 35 00 14 12 11 00 57 7E 7E 80 01 00 05 86 81 20 10 00 05 33 1E 00 15 12 11 00 8D 7E 7E 80 01 00 05 86 81 20 10 00 05 7B BD 00 16 12 11 00 65 7E 7E 80 01 00 05 86 81 20 10 00 05 67 B4 00 17 12 11 00 71 7E 7E 80 01 00 05 86 81 20 10 00 05 CE A5 00 18 12 11 00 C6 7E 7E 80 01 00 05 86 81 20 10 00 05 D5 19 00 19 12 11 00 60 7E 7E 80 01 00 05 86 81 20 10 00 05 36 CB 00 1A 12 11 00 52 7E 7E 80 01 00 05 86 81 20 10 00 05 C8 A2 00 1B 12 11 00 C4 7E 7E 80 01 00 05 86 81 20 10 00 05 79 22 00 1C 12 11 00 F2 7E 7E 80 01 00 05 86 81 20 10 00 05 45 CB 00 1D 12 11 00 26 7E 7E 80 01 00 05 86 81 20 10 00 05 B7 85 00 1E 12 11 00 99 7E 7E 80 01 00 05 86 81 20 10 00 05 73 5E 00 1F 12 11 00 87 7E 7E 80 01 00 05 86 81 20 10 00 05 65 B3 00 20 12 11 00 43 7E 7E 80 01 00 05 86 81 20 10 00 05 F7 7C 00 21 12 11 00 1F 7E 7E 80 01 00 05 86 81 20 10 00 05 AF 8A 00 22 12 11 00 B2 7E 7E 80 01 00 05 86 81 20 10 00 05 C3 5D 00 23 12 11 00 08 7E 7E 80 01 00 05 86 81 20 10 00 05 70 55 00 24 12 11 00 B4 7E 7E 80 01 00 05 86 81 20 10 00 05 E3 BD 00 25 12 11 00 CE 7E 7E 80 01 00 05 86 81 20 10 00 05 7A 01 00 26 12 11 00 E8 7E 7E 80 01 00 05 86 81 20 10 00 05 B7 96 00 27 12 11 00 B3 7E 7E 80 01 00 05 86 81 20 10 00 05 FB AE 00 28 12 11 00 C8 7E 7E 80 01 00 05 86 81 20 10 00 05 36 71 00 29 12 11 00 DB 7E 7E 80 01 00 05 86 81 20 10 00 05 7B 59 00 2A 12 11 00 BD 7E 7E 80 01 00 05 86 81 20 10 00 05 0A 4D 00 2B 12 11 00 D9 7E 7E 80 01 00 05 86 81 20 10 00 05 84 DC 00 2C 12 11 00 C1 7E 7E 80 01 00 05 86 81 20 10 00 05 C7 0B 00 2D 12 11 00 54 7E 7E 80 01 00 05 86 81 20 10 00 05 2B E5 00 2E 12 11 00 55 7E 7E 80 01 00 05 86 81 20 10 00 05 3D 42 00 2F 12 11 00 E5 7E 7E 80 01 00 05 86 81 20 10 00 05 BE 2E 00 30 12 11 00 15 7E 7E 80 01 00 05 86 81 20 10 00 05 D8 63 00 31 12 11 00 3F 7E 7E 80 01 00 05 86 81 20 10 00 05 1D D5 00 32 12 11 00 4F 7E 7E 80 01 00 05 86 81 20 10 00 05 4F 95 00 33 12 11 00 5C 7E 7E 80 01 00 05 86 81 20 10 00 05 FD A2 00 34 12 11 00 DE 7E 7E 80 01 00 05 86 81 20 10 00 05 7A 20 00 35 12 11 00 DA 7E 7E 80 01 00 05 86 81 20 10 00 05 81 56 00 36 12 11 00 54 7E 7E 80 01 00 05 86 81 20 10 00 05 56 82 00 37 12 11 00 56 7E 7E 80 01 00 05 86 81 20 10 00 05 14 44 00 38 12 11 00 DD 7E 7E 80 01 00 05 86 81 20 10 00 05 E2 8F 00 39 12 11 00 E1 7E 7E 80 01 00 05 86 81 20 10 00 05 21 F2 00 3A 12 11 00 5C 7E 7E 80 01 00 05 86 81 20 10 00 05 60 9B 00 3B 12 11 00 75 7E 7E 80 01 00 05 86 81 20 10 00 05 45 0E 00 3C 12 11 00 C2 7E 7E 80 01 00 05 86 81 20 10 00 05 07 BF 00 3D 12 11 00 30 7E 7E 80 01 00 05 86 81 20 10 00 05 65 94 00 3E 12 11 00 7A 7E 7E 80 01 00 05 86 81 20 10 00 05 C4 2B 00 3F 12 11 00 65 7E 7E 80 01 00 05 86 81 20 10 00 05 53 52 00 40 12 11 00 F4 7E 7E 80 01 00 05 86 81 20 10 00 05 80 E5 00 41 12 11 00 91 7E 7E 80 01 00 05 86 81 20 10 00 05 71 2E 00 42 12 11 00 A8 7E 7E 80 01 00 05 86 81 20 10 00 05 04 CA 00 43 12 11 00 38 7E 7E 92 12 00 36 86 81 20 10 00 05 52 0E 32 30 32 5F 36 34 5F 36 34 30 31 5F 30 33 5F 38 36 38 31 32 30 31 30 30 30 30 35 30 30 32 36 30 34 30 35 32 33 32 37 31 32 30 32 30 32 30 30 2E 6D 70 34 02 00 00 EC 7E"}
{"ts":"2026-04-05T23:28:08.708Z","level":"INFO","device":"868120100005","event":"MEDIA_CLOSED","detail":""}
{"ts":"2026-04-05T23:28:08.748Z","level":"INFO","device":"868120100008","event":"BATCH_COMPLETE","detail":"All 2 files sent"}
{"ts":"2026-04-05T23:28:08.777Z","level":"INFO","device":"100000000010","event":"MEDIA_RX","detail":"7E 80 01 00 05 10 00 00 00 00 10 62 B3 00 03 12 10 00 54 7E"}
{"ts":"2026-04-05T23:28:08.833Z","level":"INFO","device":"868120100009","event":"MEDIA_RX","detail":"7E 80 01 00 05 86 81 20 10 00 09 28 3E 00 04 12 11 00 AB 7E 7E 80 01 00 05 86 81 20 10 00 09 29 79 00 05 12 11 00 EC 7E 7E 80 01 00 05 86 81 20 10 00 09 BC 26 00 06 12 11 00 25 7E 7E 80 01 00 05 86 81 20 10 00 09 20 5B 00 07 12 11 00 C5 7E 7E 80 01 00 05 86 81 20 10 00 09 F2 11 00 08 12 11 00 52 7E 7E 80 01 00 05 86 81 20 10 00 09 88 60 00 09 12 11 00 58 7E 7E 80 01 00 05 86 81 20 10 00 09 16 6D 00 0A 12 11 00 C8 7E 7E 80 01 00 05 86 81 20 10 00 09 6E 07 00 0B 12 11 00 DB 7E 7E 80 01 00 05 86 81 20 10 00 09 B2 09 00 0C 12 11 00 0E 7E 7E 80 01 00 05 86 81 20 10 00 09 41 E1 00 0D 12 11 00 14 7E 7E 80 01 00 05 86 81 20 10 00 09 05 7D 01 00 0E 12 11 00 CF 7E 7E 80 01 00 05 86 81 20 10 00 09 C9 52 00 0F 12 11 00 2D 7E 7E 80 01 00 05 86 81 20 10 00 09 34 5D 00 10 12 11 00 C0 7E 7E 80 01 00 05 86 81 20 10 00 09 D0 08 00 11 12 11 00 70 7E 7E 80 01 00 05 86 81 20 10 00 09 F4 7A 00 12 12 11 00 25 7E 7E 80 01 00 05 86 81 20 10 00 09 42 E5 00 13 12 11 00 0D 7E 7E 80 01 00 05 86 81 20 10 00 09 CD 5F 00 14 12 11 00 3F 7E 7E 80 01 00 05 86 81 20 10 00 09 52 B8 00 15 12 11 00 46 7E 7E 80 01 00 05 86 81 20 10 00 09 48 37 00 16 12 11 00 D0 7E 7E 80 01 00 05 86 81 20 10 00 09 5C A9 00 17 12 11 00 5B 7E 7E 80 01 00 05 86 81 20 10 00 09 FC 70 00 18 12 11 00 2D 7E 7E 80 01 00 05 86 81 20 10 00 09 3C 6C 00 19 12 11 00 F0 7E 7E 80 01 00 05 86 81 20 10 00 09 AA 67 00 1A 12 11 00 6E 7E 7E 80 01 00 05 86 81 20 10 00 09 B9 E9 00 1B 12 11 00 F2 7E 7E 80 01 00 05 86 81 20 10 00 09 7B 3C 00 1C 12 11 00 E2 7E 7E 80 01 00 05 86 81 20 10 00 09 C6 6F 00 1D 12 11 00 0D 7E 7E 80 01 00 05 86 81 20 10 00 09 3F 94 00 1E 12 11 00 0C 7E 7E 80 01 00 05 86 81 20 10 00 09 FE 27 00 1F 12 11 00 7F 7E 7E 80 01 00 05 86 81 20 10 00 09 5C A7 00 20 12 11 00 62 7E 7E 80 01 00 05 86 81 20 10 00 09 52 69 00 21 12 11 00 A3 7E 7E 80 01 00 05 86 81 20 10 00 09 B8 39 00 22 12 11 00 1A 7E 7E 80 01 00 05 86 81 20 10 00 09 BC 6F 00 23 12 11 00 49 7E 7E 80 01 00 05 86 81 20 10 00 09 0B 1A 00 24 12 11 00 8C 7E"}
{"ts":"2026-04-05T23:28:08.852Z","level":"INFO","device":"868120100009","event":"BATCH_COMPLETE","detail":"All 2 files sent"}
{"ts":"2026-04-05T23:28:08.925Z","level":"ERROR","device":"868120100007","event":"MEDIA_ERROR","detail":"54.37.225.65:3378 — read ECONNRESET"}
{"ts":"2026-04-05T23:28:08.925Z","level":"INFO","device":"868120100007","event":"MEDIA_CLOSED","detail":""}
{"ts":"2026-04-05T23:28:08.985Z","level":"INFO","device":"100000000010","event":"BATCH_COMPLETE","detail":"All 2 files sent"}
{"ts":"2026-04-05T23:28:09.169Z","level":"INFO","device":"868120100008","event":"MEDIA_RX","detail":"7E 80 01 00 05 86 81 20 10 00 08 F7 6B 00 04 12 11 00 20 7E 7E 80 01 00 05 86 81 20 10 00 08 49 60 00 05 12 11 00 94 7E 7E 80 01 00 05 86 81 20 10 00 08 32 F1 00 06 12 11 00 7D 01 7E 7E 80 01 00 05 86 81 20 10 00 08 31 0D 00 07 12 11 00 83 7E 7E 80 01 00 05 86 81 20 10 00 08 13 41 00 08 12 11 00 E2 7E 7E 80 01 00 05 86 81 20 10 00 08 37 9E 00 09 12 11 00 18 7E 7E 80 01 00 05 86 81 20 10 00 08 E8 70 00 0A 12 11 00 2A 7E 7E 80 01 00 05 86 81 20 10 00 08 99 AA 00 0B 12 11 00 80 7E 7E 80 01 00 05 86 81 20 10 00 08 EB 05 00 0C 12 11 00 5A 7E 7E 80 01 00 05 86 81 20 10 00 08 48 4D 00 0D 12 11 00 B0 7E 7E 80 01 00 05 86 81 20 10 00 08 20 8E 00 0E 12 11 00 18 7E 7E 80 01 00 05 86 81 20 10 00 08 05 4C 00 0F 12 11 00 FE 7E 7E 80 01 00 05 86 81 20 10 00 08 7C ED 00 10 12 11 00 39 7E 7E 80 01 00 05 86 81 20 10 00 08 29 FB 00 11 12 11 00 7B 7E 7E 80 01 00 05 86 81 20 10 00 08 37 E6 00 12 12 11 00 7B 7E 7E 80 01 00 05 86 81 20 10 00 08 E2 07 00 13 12 11 00 4E 7E 7E 80 01 00 05 86 81 20 10 00 08 77 15 00 14 12 11 00 CE 7E 7E 80 01 00 05 86 81 20 10 00 08 7A 0E 00 15 12 11 00 D9 7E 7E 80 01 00 05 86 81 20 10 00 08 B1 2A 00 16 12 11 00 35 7E 7E 80 01 00 05 86 81 20 10 00 08 D7 F2 00 17 12 11 00 8A 7E 7E 80 01 00 05 86 81 20 10 00 08 CF E1 00 18 12 11 00 8E 7E 7E 80 01 00 05 86 81 20 10 00 08 65 76 00 19 12 11 00 B2 7E 7E 80 01 00 05 86 81 20 10 00 08 E9 BC 00 1A 12 11 00 F7 7E 7E 80 01 00 05 86 81 20 10 00 08 2B E6 00 1B 12 11 00 6E 7E 7E 80 01 00 05 86 81 20 10 00 08 AB 2C 00 1C 12 11 00 23 7E 7E 80 01 00 05 86 81 20 10 00 08 0F 2A 00 1D 12 11 00 80 7E 7E 80 01 00 05 86 81 20 10 00 08 10 07 00 1E 12 11 00 B1 7E 7E 80 01 00 05 86 81 20 10 00 08 45 83 00 1F 12 11 00 61 7E 7E 80 01 00 05 86 81 20 10 00 08 A6 36 00 20 12 11 00 08 7E 7E 80 01 00 05 86 81 20 10 00 08 6B 36 00 21 12 11 00 C4 7E 7E 80 01 00 05 86 81 20 10 00 08 46 DE 00 22 12 11 00 02 7E 7E 80 01 00 05 86 81 20 10 00 08 DE 55 00 23 12 11 00 10 7E 7E 80 01 00 05 86 81 20 10 00 08 E2 6C 00 24 12 11 00 12 7E 7E 80 01 00 05 86 81 20 10 00 08 C5 32 00 25 12 11 00 6A 7E 7E 80 01 00 05 86 81 20 10 00 08 1C 6D 00 26 12 11 00 EF 7E 7E 80 01 00 05 86 81 20 10 00 08 2D C9 00 27 12 11 00 7B 7E 7E 80 01 00 05 86 81 20 10 00 08 53 FA 00 28 12 11 00 39 7E 7E 80 01 00 05 86 81 20 10 00 08 7C 3E 00 29 12 11 00 D3 7E 7E 80 01 00 05 86 81 20 10 00 08 D9 52 00 2A 12 11 00 19 7E 7E 80 01 00 05 86 81 20 10 00 08 BF 42 00 2B 12 11 00 6E 7E 7E 80 01 00 05 86 81 20 10 00 08 FE 0B 00 2C 12 11 00 61 7E 7E 80 01 00 05 86 81 20 10 00 08 40 FF 00 2D 12 11 00 2A 7E 7E 80 01 00 05 86 81 20 10 00 08 68 F4 00 2E 12 11 00 0A 7E 7E 80 01 00 05 86 81 20 10 00 08 FD C0 00 2F 12 11 00 AA 7E 7E 80 01 00 05 86 81 20 10 00 08 FA 37 00 30 12 11 00 45 7E 7E 80 01 00 05 86 81 20 10 00 08 DE A8 00 31 12 11 00 FF 7E 7E 80 01 00 05 86 81 20 10 00 08 16 BF 00 32 12 11 00 23 7E 7E 80 01 00 05 86 81 20 10 00 08 E9 D4 00 33 12 11 00 B6 7E 7E 80 01 00 05 86 81 20 10 00 08 B9 06 00 34 12 11 00 33 7E 7E 80 01 00 05 86 81 20 10 00 08 A7 66 00 35 12 11 00 4C 7E 7E 80 01 00 05 86 81 20 10 00 08 F7 BE 00 36 12 11 00 C7 7E 7E 80 01 00 05 86 81 20 10 00 08 30 81 00 37 12 11 00 3E 7E 7E 80 01 00 05 86 81 20 10 00 08 C6 88 00 38 12 11 00 CE 7E 7E 80 01 00 05 86 81 20 10 00 08 50 4E 00 39 12 11 00 9F 7E 7E 80 01 00 05 86 81 20 10 00 08 C4 AA 00 3A 12 11 00 EC 7E 7E 80 01 00 05 86 81 20 10 00 08 8E E9 00 3B 12 11 00 E4 7E 7E 80 01 00 05 86 81 20 10 00 08 07 67 00 3C 12 11 00 E4 7E 7E 80 01 00 05 86 81 20 10 00 08 61 68 00 3D 12 11 00 8C 7E 7E 80 01 00 05 86 81 20 10 00 08 4C 6A 00 3E 12 11 00 A0 7E 7E 80 01 00 05 86 81 20 10 00 08 BF 27 00 3F 12 11 00 1F 7E 7E 80 01 00 05 86 81 20 10 00 08 A6 10 00 40 12 11 00 4E 7E 7E 80 01 00 05 86 81 20 10 00 08 E3 6E 00 41 12 11 00 74 7E 7E 80 01 00 05 86 81 20 10 00 08 84 64 00 42 12 11 00 1A 7E 7E 80 01 00 05 86 81 20 10 00 08 D1 5F 00 43 12 11 00 75 7E 7E 92 12 00 36 86 81 20 10 00 08 A0 00 32 30 32 5F 36 34 5F 36 34 30 31 5F 30 33 5F 38 36 38 31 32 30 31 30 30 30 30 38 30 30 32 36 30 34 30 35 32 33 32 37 31 32 30 32 30 32 30 30 2E 6D 70 34 02 00 00 10 7E"}
{"ts":"2026-04-05T23:28:09.170Z","level":"INFO","device":"868120100008","event":"MEDIA_CLOSED","detail":""}
{"ts":"2026-04-05T23:28:09.238Z","level":"ERROR","device":"868120100009","event":"MEDIA_ERROR","detail":"54.37.225.65:3378 — read ECONNRESET"}
{"ts":"2026-04-05T23:28:09.238Z","level":"INFO","device":"868120100009","event":"MEDIA_CLOSED","detail":""}
{"ts":"2026-04-05T23:28:09.370Z","level":"INFO","device":"100000000010","event":"MEDIA_RX","detail":"7E 80 01 00 05 10 00 00 00 00 10 11 57 00 04 12 11 00 C5 7E 7E 80 01 00 05 10 00 00 00 00 10 90 BF 00 05 12 11 00 AD 7E 7E 80 01 00 05 10 00 00 00 00 10 B8 5D 00 06 12 11 00 64 7E 7E 80 01 00 05 10 00 00 00 00 10 C1 BE 00 07 12 11 00 FF 7E 7E 80 01 00 05 10 00 00 00 00 10 A2 2D 00 08 12 11 00 00 7E 7E 80 01 00 05 10 00 00 00 00 10 12 60 00 09 12 11 00 FC 7E 7E 80 01 00 05 10 00 00 00 00 10 0F 31 00 0A 12 11 00 B3 7E 7E 80 01 00 05 10 00 00 00 00 10 83 C6 00 0B 12 11 00 C9 7E 7E 80 01 00 05 10 00 00 00 00 10 D4 2C 00 0C 12 11 00 73 7E 7E 80 01 00 05 10 00 00 00 00 10 98 28 00 0D 12 11 00 3A 7E 7E 80 01 00 05 10 00 00 00 00 10 AB 33 00 0E 12 11 00 11 7E 7E 80 01 00 05 10 00 00 00 00 10 D1 89 00 0F 12 11 00 D0 7E 7E 80 01 00 05 10 00 00 00 00 10 48 20 00 10 12 11 00 FF 7E 7E 80 01 00 05 10 00 00 00 00 10 1E F4 00 11 12 11 00 7C 7E 7E 80 01 00 05 10 00 00 00 00 10 48 75 00 12 12 11 00 A8 7E 7E 80 01 00 05 10 00 00 00 00 10 67 2D 00 13 12 11 00 DE 7E 7E 80 01 00 05 10 00 00 00 00 10 21 CA 00 14 12 11 00 78 7E 7E 80 01 00 05 10 00 00 00 00 10 7A 1C 00 15 12 11 00 F4 7E 7E 80 01 00 05 10 00 00 00 00 10 6E 9D 00 16 12 11 00 62 7E 7E 80 01 00 05 10 00 00 00 00 10 22 5E 00 17 12 11 00 EC 7E 7E 80 01 00 05 10 00 00 00 00 10 BD 23 00 18 12 11 00 01 7E 7E 80 01 00 05 10 00 00 00 00 10 1A AD 00 19 12 11 00 29 7E 7E 80 01 00 05 10 00 00 00 00 10 A1 28 00 1A 12 11 00 14 7E 7E 80 01 00 05 10 00 00 00 00 10 2A F7 00 1B 12 11 00 41 7E 7E 80 01 00 05 10 00 00 00 00 10 D6 8A 00 1C 12 11 00 C7 7E 7E 80 01 00 05 10 00 00 00 00 10 48 A7 00 1D 12 11 00 75 7E 7E 80 01 00 05 10 00 00 00 00 10 6E 14 00 1E 12 11 00 E3 7E 7E 80 01 00 05 10 00 00 00 00 10 26 C5 00 1F 12 11 00 7B 7E 7E 80 01 00 05 10 00 00 00 00 10 A1 CB 00 20 12 11 00 CD 7E 7E 80 01 00 05 10 00 00 00 00 10 C0 FD 00 21 12 11 00 9B 7E 7E 80 01 00 05 10 00 00 00 00 10 28 C1 00 22 12 11 00 4C 7E 7E 80 01 00 05 10 00 00 00 00 10 68 3A 00 23 12 11 00 F6 7E 7E 80 01 00 05 10 00 00 00 00 10 3A BE 00 24 12 11 00 27 7E 7E 80 01 00 05 10 00 00 00 00 10 6F 18 00 25 12 11 00 D5 7E 7E 80 01 00 05 10 00 00 00 00 10 62 44 00 26 12 11 00 87 7E 7E 80 01 00 05 10 00 00 00 00 10 BD 45 00 27 12 11 00 58 7E 7E 80 01 00 05 10 00 00 00 00 10 49 79 00 28 12 11 00 9F 7E 7E 80 01 00 05 10 00 00 00 00 10 DF 99 00 29 12 11 00 E8 7E 7E 80 01 00 05 10 00 00 00 00 10 9A 04 00 2A 12 11 00 33 7E 7E 80 01 00 05 10 00 00 00 00 10 B7 2A 00 2B 12 11 00 31 7E 7E 80 01 00 05 10 00 00 00 00 10 0C 39 00 2C 12 11 00 9E 7E 7E 80 01 00 05 10 00 00 00 00 10 2F F9 00 2D 12 11 00 7C 7E 7E 80 01 00 05 10 00 00 00 00 10 FD 76 00 2E 12 11 00 22 7E 7E 80 01 00 05 10 00 00 00 00 10 F7 27 00 2F 12 11 00 78 7E 7E 80 01 00 05 10 00 00 00 00 10 5D 55 00 30 12 11 00 BF 7E 7E 80 01 00 05 10 00 00 00 00 10 64 73 00 31 12 11 00 A1 7E 7E 80 01 00 05 10 00 00 00 00 10 0C 22 00 32 12 11 00 9B 7E 7E 80 01 00 05 10 00 00 00 00 10 2A 9E 00 33 12 11 00 00 7E 7E 80 01 00 05 10 00 00 00 00 10 F5 FE 00 34 12 11 00 B8 7E 7E 80 01 00 05 10 00 00 00 00 10 20 49 00 35 12 11 00 DB 7E 7E 80 01 00 05 10 00 00 00 00 10 F5 6C 00 36 12 11 00 28 7E 7E 80 01 00 05 10 00 00 00 00 10 C9 DF 00 37 12 11 00 A6 7E 7E 80 01 00 05 10 00 00 00 00 10 9B 70 00 38 12 11 00 54 7E 7E 80 01 00 05 10 00 00 00 00 10 82 50 00 39 12 11 00 6C 7E 7E 80 01 00 05 10 00 00 00 00 10 A9 84 00 3A 12 11 00 90 7E 7E 80 01 00 05 10 00 00 00 00 10 D7 AF 00 3B 12 11 00 C4 7E 7E 80 01 00 05 10 00 00 00 00 10 7D 02 D9 00 3C 12 11 00 1C 7E 7E 80 01 00 05 10 00 00 00 00 10 93 C0 00 3D 12 11 00 E9 7E 7E 80 01 00 05 10 00 00 00 00 10 8E 75 00 3E 12 11 00 42 7E 7E 80 01 00 05 10 00 00 00 00 10 FD CE 00 3F 12 11 00 8B 7E 7E 80 01 00 05 10 00 00 00 00 10 CD 5E 00 40 12 11 00 54 7E 7E 80 01 00 05 10 00 00 00 00 10 3B 23 00 41 12 11 00 DE 7E 7E 80 01 00 05 10 00 00 00 00 10 F5 7D 02 00 42 12 11 00 4E 7E 7E 80 01 00 05 10 00 00 00 00 10 78 C2 00 43 12 11 00 7D 02 7E 7E 92 12 00 36 10 00 00 00 00 10 DA 66 32 30 32 5F 36 34 5F 36 34 30 31 5F 30 33 5F 31 30 30 30 30 30 30 30 30 30 31 30 30 30 32 36 30 34 30 35 32 33 32 37 31 32 30 32 30 32 30 30 2E 6D 70 34 02 00 00 3F 7E"}
{"ts":"2026-04-05T23:28:09.370Z","level":"INFO","device":"100000000010","event":"MEDIA_CLOSED","detail":""}
{"ts":"2026-04-05T23:28:11.473Z","level":"INFO","device":"291078985963","event":"GPS_SENT","detail":""}
{"ts":"2026-04-05T23:28:11.619Z","level":"INFO","device":"868120100002","event":"GPS_SENT","detail":""}
{"ts":"2026-04-05T23:28:11.683Z","level":"INFO","device":"291078985963","event":"RX_MSG","detail":"0x8001 bodyLen=5"}
{"ts":"2026-04-05T23:28:11.683Z","level":"INFO","device":"291078985963","event":"SERVER_ACK","detail":"0x0200 result=OK"}
{"ts":"2026-04-05T23:28:11.767Z","level":"INFO","device":"868120100003","event":"GPS_SENT","detail":""}
{"ts":"2026-04-05T23:28:11.830Z","level":"INFO","device":"868120100002","event":"RX_MSG","detail":"0x8001 bodyLen=5"}
{"ts":"2026-04-05T23:28:11.830Z","level":"INFO","device":"868120100002","event":"SERVER_ACK","detail":"0x0200 result=OK"}
{"ts":"2026-04-05T23:28:11.902Z","level":"INFO","device":"868120100004","event":"GPS_SENT","detail":""}
{"ts":"2026-04-05T23:28:11.969Z","level":"INFO","device":"868120100003","event":"RX_MSG","detail":"0x8001 bodyLen=5"}
{"ts":"2026-04-05T23:28:11.969Z","level":"INFO","device":"868120100003","event":"SERVER_ACK","detail":"0x0200 result=OK"}
{"ts":"2026-04-05T23:28:12.061Z","level":"INFO","device":"868120100005","event":"GPS_SENT","detail":""}
{"ts":"2026-04-05T23:28:12.096Z","level":"INFO","device":"868120100004","event":"RX_MSG","detail":"0x8001 bodyLen=5"}
{"ts":"2026-04-05T23:28:12.096Z","level":"INFO","device":"868120100004","event":"SERVER_ACK","detail":"0x0200 result=OK"}
{"ts":"2026-04-05T23:28:12.223Z","level":"INFO","device":"868120100006","event":"GPS_SENT","detail":""}
{"ts":"2026-04-05T23:28:12.262Z","level":"INFO","device":"868120100005","event":"RX_MSG","detail":"0x8001 bodyLen=5"}
{"ts":"2026-04-05T23:28:12.262Z","level":"INFO","device":"868120100005","event":"SERVER_ACK","detail":"0x0200 result=OK"}
{"ts":"2026-04-05T23:28:12.355Z","level":"INFO","device":"868120100007","event":"GPS_SENT","detail":""}
{"ts":"2026-04-05T23:28:12.433Z","level":"INFO","device":"868120100006","event":"RX_MSG","detail":"0x8001 bodyLen=5"}
{"ts":"2026-04-05T23:28:12.434Z","level":"INFO","device":"868120100006","event":"SERVER_ACK","detail":"0x0200 result=OK"}
{"ts":"2026-04-05T23:28:12.519Z","level":"INFO","device":"868120100008","event":"GPS_SENT","detail":""}
{"ts":"2026-04-05T23:28:12.548Z","level":"INFO","device":"868120100007","event":"RX_MSG","detail":"0x8001 bodyLen=5"}
{"ts":"2026-04-05T23:28:12.548Z","level":"INFO","device":"868120100007","event":"SERVER_ACK","detail":"0x0200 result=OK"}
{"ts":"2026-04-05T23:28:12.655Z","level":"INFO","device":"868120100009","event":"GPS_SENT","detail":""}
{"ts":"2026-04-05T23:28:12.729Z","level":"INFO","device":"868120100008","event":"RX_MSG","detail":"0x8001 bodyLen=5"}
{"ts":"2026-04-05T23:28:12.730Z","level":"INFO","device":"868120100008","event":"SERVER_ACK","detail":"0x0200 result=OK"}
{"ts":"2026-04-05T23:28:12.794Z","level":"INFO","device":"100000000010","event":"GPS_SENT","detail":""}
{"ts":"2026-04-05T23:28:12.850Z","level":"INFO","device":"868120100009","event":"RX_MSG","detail":"0x8001 bodyLen=5"}
{"ts":"2026-04-05T23:28:12.850Z","level":"INFO","device":"868120100009","event":"SERVER_ACK","detail":"0x0200 result=OK"}
{"ts":"2026-04-05T23:28:12.979Z","level":"INFO","device":"100000000010","event":"RX_MSG","detail":"0x8001 bodyLen=5"}
{"ts":"2026-04-05T23:28:12.980Z","level":"INFO","device":"100000000010","event":"SERVER_ACK","detail":"0x0200 result=OK"}
{"ts":"2026-04-05T23:28:20.765Z","level":"ERROR","device":"300000000005","event":"SOCKET_ERROR","detail":"ECONNREFUSED"}
{"ts":"2026-04-05T23:28:21.261Z","level":"INFO","device":"291078985963","event":"HEARTBEAT_SENT","detail":"0x0002"}
{"ts":"2026-04-05T23:28:21.267Z","level":"INFO","device":"291078985963","event":"OBD2_SENT_0x0200","detail":"Lat: 51.731705, Lng: 0.490790 | Speed: 57km/h | RPM: 3082"}
{"ts":"2026-04-05T23:28:21.408Z","level":"INFO","device":"200000000002","event":"HEARTBEAT_SENT","detail":"0x0002"}
{"ts":"2026-04-05T23:28:21.409Z","level":"INFO","device":"200000000002","event":"OBD2_SENT_0x0200","detail":"Lat: 51.732867, Lng: 0.487898 | Speed: 39km/h | RPM: 2366"}
{"ts":"2026-04-05T23:28:21.465Z","level":"INFO","device":"291078985963","event":"SERVER_ACK","detail":"0x8001 Universal Reply Received"}
{"ts":"2026-04-05T23:28:21.560Z","level":"INFO","device":"200000000003","event":"HEARTBEAT_SENT","detail":"0x0002"}
{"ts":"2026-04-05T23:28:21.561Z","level":"INFO","device":"200000000003","event":"OBD2_SENT_0x0200","detail":"Lat: 51.732828, Lng: 0.488016 | Speed: 32km/h | RPM: 2086"}
{"ts":"2026-04-05T23:28:21.611Z","level":"INFO","device":"200000000002","event":"SERVER_ACK","detail":"0x8001 Universal Reply Received"}
{"ts":"2026-04-05T23:28:21.708Z","level":"INFO","device":"200000000004","event":"HEARTBEAT_SENT","detail":"0x0002"}
{"ts":"2026-04-05T23:28:21.709Z","level":"INFO","device":"200000000004","event":"OBD2_SENT_0x0200","detail":"Lat: 51.733315, Lng: 0.486025 | Speed: 31km/h | RPM: 2033"}
{"ts":"2026-04-05T23:28:21.777Z","level":"INFO","device":"200000000003","event":"SERVER_ACK","detail":"0x8001 Universal Reply Received"}
{"ts":"2026-04-05T23:28:21.779Z","level":"INFO","device":"291078985963","event":"SERVER_ACK","detail":"0x8001 Universal Reply Received"}
{"ts":"2026-04-05T23:28:21.856Z","level":"INFO","device":"200000000005","event":"HEARTBEAT_SENT","detail":"0x0002"}
{"ts":"2026-04-05T23:28:21.858Z","level":"INFO","device":"200000000005","event":"OBD2_SENT_0x0200","detail":"Lat: 51.732348, Lng: 0.489380 | Speed: 45km/h | RPM: 2615"}
{"ts":"2026-04-05T23:28:21.893Z","level":"INFO","device":"200000000004","event":"SERVER_ACK","detail":"0x8001 Universal Reply Received"}
{"ts":"2026-04-05T23:28:21.941Z","level":"INFO","device":"200000000002","event":"SERVER_ACK","detail":"0x8001 Universal Reply Received"}
{"ts":"2026-04-05T23:28:22.009Z","level":"INFO","device":"200000000006","event":"HEARTBEAT_SENT","detail":"0x0002"}
{"ts":"2026-04-05T23:28:22.011Z","level":"INFO","device":"200000000006","event":"OBD2_SENT_0x0200","detail":"Lat: 51.732234, Lng: 0.489664 | Speed: 43km/h | RPM: 2523"}
{"ts":"2026-04-05T23:28:22.040Z","level":"INFO","device":"200000000005","event":"SERVER_ACK","detail":"0x8001 Universal Reply Received"}
{"ts":"2026-04-05T23:28:22.110Z","level":"INFO","device":"200000000003","event":"SERVER_ACK","detail":"0x8001 Universal Reply Received"}
{"ts":"2026-04-05T23:28:22.157Z","level":"INFO","device":"200000000007","event":"HEARTBEAT_SENT","detail":"0x0002"}
{"ts":"2026-04-05T23:28:22.159Z","level":"INFO","device":"200000000007","event":"OBD2_SENT_0x0200","detail":"Lat: 51.731229, Lng: 0.491618 | Speed: 47km/h | RPM: 2668"}
{"ts":"2026-04-05T23:28:22.202Z","level":"INFO","device":"200000000004","event":"SERVER_ACK","detail":"0x8001 Universal Reply Received"}
{"ts":"2026-04-05T23:28:22.220Z","level":"INFO","device":"200000000006","event":"SERVER_ACK","detail":"0x8001 Universal Reply Received"}
{"ts":"2026-04-05T23:28:22.309Z","level":"INFO","device":"200000000008","event":"HEARTBEAT_SENT","detail":"0x0002"}
{"ts":"2026-04-05T23:28:22.309Z","level":"INFO","device":"200000000008","event":"OBD2_SENT_0x0200","detail":"Lat: 51.732560, Lng: 0.488820 | Speed: 36km/h | RPM: 2256"}
{"ts":"2026-04-05T23:28:22.342Z","level":"INFO","device":"200000000007","event":"SERVER_ACK","detail":"0x8001 Universal Reply Received"}
{"ts":"2026-04-05T23:28:22.358Z","level":"INFO","device":"200000000005","event":"SERVER_ACK","detail":"0x8001 Universal Reply Received"}
{"ts":"2026-04-05T23:28:22.458Z","level":"INFO","device":"200000000009","event":"HEARTBEAT_SENT","detail":"0x0002"}
{"ts":"2026-04-05T23:28:22.460Z","level":"INFO","device":"200000000009","event":"OBD2_SENT_0x0200","detail":"Lat: 51.732463, Lng: 0.489092 | Speed: 36km/h | RPM: 2254"}
{"ts":"2026-04-05T23:28:22.519Z","level":"INFO","device":"200000000008","event":"SERVER_ACK","detail":"0x8001 Universal Reply Received"}
{"ts":"2026-04-05T23:28:22.540Z","level":"INFO","device":"200000000006","event":"SERVER_ACK","detail":"0x8001 Universal Reply Received"}
{"ts":"2026-04-05T23:28:22.610Z","level":"INFO","device":"200000000010","event":"HEARTBEAT_SENT","detail":"0x0002"}
{"ts":"2026-04-05T23:28:22.610Z","level":"INFO","device":"200000000010","event":"OBD2_SENT_0x0200","detail":"Lat: 51.732320, Lng: 0.489449 | Speed: 48km/h | RPM: 2739"}
{"ts":"2026-04-05T23:28:22.638Z","level":"INFO","device":"200000000007","event":"SERVER_ACK","detail":"0x8001 Universal Reply Received"}
{"ts":"2026-04-05T23:28:22.642Z","level":"INFO","device":"200000000009","event":"SERVER_ACK","detail":"0x8001 Universal Reply Received"}
{"ts":"2026-04-05T23:28:22.806Z","level":"INFO","device":"200000000010","event":"SERVER_ACK","detail":"0x8001 Universal Reply Received"}
{"ts":"2026-04-05T23:28:22.850Z","level":"INFO","device":"200000000008","event":"SERVER_ACK","detail":"0x8001 Universal Reply Received"}
{"ts":"2026-04-05T23:28:22.948Z","level":"INFO","device":"200000000009","event":"SERVER_ACK","detail":"0x8001 Universal Reply Received"}
{"ts":"2026-04-05T23:28:23.115Z","level":"INFO","device":"200000000010","event":"SERVER_ACK","detail":"0x8001 Universal Reply Received"}
{"ts":"2026-04-05T23:28:31.473Z","level":"INFO","device":"291078985963","event":"INCIDENT_SENT","detail":"mediaId=4 alarmId=29107898596300260405232831040200"}
{"ts":"2026-04-05T23:28:31.474Z","level":"INFO","device":"291078985963","event":"GPS_SENT","detail":""}
{"ts":"2026-04-05T23:28:31.619Z","level":"INFO","device":"868120100002","event":"GPS_SENT","detail":""}
{"ts":"2026-04-05T23:28:31.620Z","level":"INFO","device":"868120100002","event":"INCIDENT_SENT","detail":"mediaId=4 alarmId=86812010000200260405232831040200"}
{"ts":"2026-04-05T23:28:31.684Z","level":"INFO","device":"291078985963","event":"RX_MSG","detail":"0x8001 bodyLen=5"}
{"ts":"2026-04-05T23:28:31.684Z","level":"INFO","device":"291078985963","event":"SERVER_ACK","detail":"0x0200 result=OK"}
{"ts":"2026-04-05T23:28:31.764Z","level":"INFO","device":"868120100003","event":"INCIDENT_SENT","detail":"mediaId=4 alarmId=86812010000300260405232831040200"}
{"ts":"2026-04-05T23:28:31.767Z","level":"INFO","device":"868120100003","event":"GPS_SENT","detail":""}
{"ts":"2026-04-05T23:28:31.830Z","level":"INFO","device":"868120100002","event":"RX_MSG","detail":"0x8001 bodyLen=5"}
{"ts":"2026-04-05T23:28:31.830Z","level":"INFO","device":"868120100002","event":"SERVER_ACK","detail":"0x0200 result=OK"}
{"ts":"2026-04-05T23:28:31.900Z","level":"INFO","device":"868120100004","event":"INCIDENT_SENT","detail":"mediaId=4 alarmId=86812010000400260405232831040200"}
{"ts":"2026-04-05T23:28:31.902Z","level":"INFO","device":"868120100004","event":"GPS_SENT","detail":""}
{"ts":"2026-04-05T23:28:31.965Z","level":"INFO","device":"868120100003","event":"RX_MSG","detail":"0x8001 bodyLen=5"}
{"ts":"2026-04-05T23:28:31.965Z","level":"INFO","device":"868120100003","event":"SERVER_ACK","detail":"0x0200 result=OK"}
{"ts":"2026-04-05T23:28:31.999Z","level":"INFO","device":"291078985963","event":"RX_MSG","detail":"0x8001 bodyLen=5"}
{"ts":"2026-04-05T23:28:31.999Z","level":"INFO","device":"291078985963","event":"SERVER_ACK","detail":"0x0800 result=OK"}
{"ts":"2026-04-05T23:28:31.999Z","level":"INFO","device":"291078985963","event":"RX_MSG","detail":"0x8001 bodyLen=5"}
{"ts":"2026-04-05T23:28:31.999Z","level":"INFO","device":"291078985963","event":"SERVER_ACK","detail":"0x0200 result=OK"}
{"ts":"2026-04-05T23:28:32.062Z","level":"INFO","device":"868120100005","event":"INCIDENT_SENT","detail":"mediaId=4 alarmId=86812010000500260405232832040200"}
{"ts":"2026-04-05T23:28:32.062Z","level":"INFO","device":"868120100005","event":"GPS_SENT","detail":""}
{"ts":"2026-04-05T23:28:32.094Z","level":"INFO","device":"868120100004","event":"RX_MSG","detail":"0x8001 bodyLen=5"}
{"ts":"2026-04-05T23:28:32.094Z","level":"INFO","device":"868120100004","event":"SERVER_ACK","detail":"0x0200 result=OK"}
{"ts":"2026-04-05T23:28:32.154Z","level":"INFO","device":"868120100002","event":"RX_MSG","detail":"0x8001 bodyLen=5"}
{"ts":"2026-04-05T23:28:32.155Z","level":"INFO","device":"868120100002","event":"SERVER_ACK","detail":"0x0200 result=OK"}
{"ts":"2026-04-05T23:28:32.155Z","level":"INFO","device":"868120100002","event":"RX_MSG","detail":"0x8001 bodyLen=5"}
{"ts":"2026-04-05T23:28:32.155Z","level":"INFO","device":"868120100002","event":"SERVER_ACK","detail":"0x0800 result=OK"}
{"ts":"2026-04-05T23:28:32.221Z","level":"INFO","device":"868120100006","event":"INCIDENT_SENT","detail":"mediaId=4 alarmId=86812010000600260405232832040200"}
{"ts":"2026-04-05T23:28:32.223Z","level":"INFO","device":"868120100006","event":"GPS_SENT","detail":""}
{"ts":"2026-04-05T23:28:32.263Z","level":"INFO","device":"868120100005","event":"RX_MSG","detail":"0x8001 bodyLen=5"}
{"ts":"2026-04-05T23:28:32.263Z","level":"INFO","device":"868120100005","event":"SERVER_ACK","detail":"0x0200 result=OK"}
{"ts":"2026-04-05T23:28:32.270Z","level":"INFO","device":"868120100003","event":"RX_MSG","detail":"0x8001 bodyLen=5"}
{"ts":"2026-04-05T23:28:32.270Z","level":"INFO","device":"868120100003","event":"SERVER_ACK","detail":"0x0800 result=OK"}
{"ts":"2026-04-05T23:28:32.270Z","level":"INFO","device":"868120100003","event":"RX_MSG","detail":"0x8001 bodyLen=5"}
{"ts":"2026-04-05T23:28:32.270Z","level":"INFO","device":"868120100003","event":"SERVER_ACK","detail":"0x0200 result=OK"}
{"ts":"2026-04-05T23:28:32.352Z","level":"INFO","device":"868120100007","event":"INCIDENT_SENT","detail":"mediaId=4 alarmId=86812010000700260405232832040200"}
{"ts":"2026-04-05T23:28:32.356Z","level":"INFO","device":"868120100007","event":"GPS_SENT","detail":""}
{"ts":"2026-04-05T23:28:32.386Z","level":"INFO","device":"868120100004","event":"RX_MSG","detail":"0x8001 bodyLen=5"}
{"ts":"2026-04-05T23:28:32.386Z","level":"INFO","device":"868120100004","event":"SERVER_ACK","detail":"0x0800 result=OK"}
{"ts":"2026-04-05T23:28:32.386Z","level":"INFO","device":"868120100004","event":"RX_MSG","detail":"0x8001 bodyLen=5"}
{"ts":"2026-04-05T23:28:32.386Z","level":"INFO","device":"868120100004","event":"SERVER_ACK","detail":"0x0200 result=OK"}
{"ts":"2026-04-05T23:28:32.433Z","level":"INFO","device":"868120100006","event":"RX_MSG","detail":"0x8001 bodyLen=5"}
{"ts":"2026-04-05T23:28:32.433Z","level":"INFO","device":"868120100006","event":"SERVER_ACK","detail":"0x0200 result=OK"}
{"ts":"2026-04-05T23:28:32.518Z","level":"INFO","device":"868120100008","event":"INCIDENT_SENT","detail":"mediaId=4 alarmId=86812010000800260405232832040200"}
{"ts":"2026-04-05T23:28:32.520Z","level":"INFO","device":"868120100008","event":"GPS_SENT","detail":""}
{"ts":"2026-04-05T23:28:32.546Z","level":"INFO","device":"868120100007","event":"RX_MSG","detail":"0x8001 bodyLen=5"}
{"ts":"2026-04-05T23:28:32.547Z","level":"INFO","device":"868120100007","event":"SERVER_ACK","detail":"0x0200 result=OK"}
{"ts":"2026-04-05T23:28:32.581Z","level":"INFO","device":"868120100005","event":"RX_MSG","detail":"0x8001 bodyLen=5"}
{"ts":"2026-04-05T23:28:32.581Z","level":"INFO","device":"868120100005","event":"SERVER_ACK","detail":"0x0800 result=OK"}
{"ts":"2026-04-05T23:28:32.581Z","level":"INFO","device":"868120100005","event":"RX_MSG","detail":"0x8001 bodyLen=5"}
{"ts":"2026-04-05T23:28:32.581Z","level":"INFO","device":"868120100005","event":"SERVER_ACK","detail":"0x0200 result=OK"}
{"ts":"2026-04-05T23:28:32.652Z","level":"INFO","device":"868120100009","event":"INCIDENT_SENT","detail":"mediaId=4 alarmId=86812010000900260405232832040200"}
{"ts":"2026-04-05T23:28:32.657Z","level":"INFO","device":"868120100009","event":"GPS_SENT","detail":""}
{"ts":"2026-04-05T23:28:32.732Z","level":"INFO","device":"868120100008","event":"RX_MSG","detail":"0x8001 bodyLen=5"}
{"ts":"2026-04-05T23:28:32.732Z","level":"INFO","device":"868120100008","event":"SERVER_ACK","detail":"0x0200 result=OK"}
{"ts":"2026-04-05T23:28:32.746Z","level":"INFO","device":"868120100006","event":"RX_MSG","detail":"0x8001 bodyLen=5"}
{"ts":"2026-04-05T23:28:32.747Z","level":"INFO","device":"868120100006","event":"SERVER_ACK","detail":"0x0800 result=OK"}
{"ts":"2026-04-05T23:28:32.747Z","level":"INFO","device":"868120100006","event":"RX_MSG","detail":"0x8001 bodyLen=5"}
{"ts":"2026-04-05T23:28:32.747Z","level":"INFO","device":"868120100006","event":"SERVER_ACK","detail":"0x0200 result=OK"}
{"ts":"2026-04-05T23:28:32.792Z","level":"INFO","device":"100000000010","event":"INCIDENT_SENT","detail":"mediaId=4 alarmId=10000000001000260405232832040200"}
{"ts":"2026-04-05T23:28:32.794Z","level":"INFO","device":"100000000010","event":"GPS_SENT","detail":""}
{"ts":"2026-04-05T23:28:32.851Z","level":"INFO","device":"868120100009","event":"RX_MSG","detail":"0x8001 bodyLen=5"}
{"ts":"2026-04-05T23:28:32.851Z","level":"INFO","device":"868120100009","event":"SERVER_ACK","detail":"0x0200 result=OK"}
{"ts":"2026-04-05T23:28:32.853Z","level":"INFO","device":"868120100007","event":"RX_MSG","detail":"0x8001 bodyLen=5"}
{"ts":"2026-04-05T23:28:32.853Z","level":"INFO","device":"868120100007","event":"SERVER_ACK","detail":"0x0800 result=OK"}
{"ts":"2026-04-05T23:28:32.854Z","level":"INFO","device":"868120100007","event":"RX_MSG","detail":"0x8001 bodyLen=5"}
{"ts":"2026-04-05T23:28:32.854Z","level":"INFO","device":"868120100007","event":"SERVER_ACK","detail":"0x0200 result=OK"}
{"ts":"2026-04-05T23:28:32.870Z","level":"ERROR","device":"300000000006","event":"SOCKET_ERROR","detail":"ECONNREFUSED"}
{"ts":"2026-04-05T23:28:33.056Z","level":"INFO","device":"868120100008","event":"RX_MSG","detail":"0x8001 bodyLen=5"}
{"ts":"2026-04-05T23:28:33.057Z","level":"INFO","device":"868120100008","event":"SERVER_ACK","detail":"0x0800 result=OK"}
{"ts":"2026-04-05T23:28:33.057Z","level":"INFO","device":"868120100008","event":"RX_MSG","detail":"0x8001 bodyLen=5"}
{"ts":"2026-04-05T23:28:33.057Z","level":"INFO","device":"868120100008","event":"SERVER_ACK","detail":"0x0200 result=OK"}
{"ts":"2026-04-05T23:28:33.077Z","level":"INFO","device":"100000000010","event":"RX_MSG","detail":"0x8001 bodyLen=5"}
{"ts":"2026-04-05T23:28:33.078Z","level":"INFO","device":"100000000010","event":"SERVER_ACK","detail":"0x0200 result=OK"}
{"ts":"2026-04-05T23:28:33.165Z","level":"INFO","device":"868120100009","event":"RX_MSG","detail":"0x8001 bodyLen=5"}
{"ts":"2026-04-05T23:28:33.165Z","level":"INFO","device":"868120100009","event":"SERVER_ACK","detail":"0x0800 result=OK"}
{"ts":"2026-04-05T23:28:33.165Z","level":"INFO","device":"868120100009","event":"RX_MSG","detail":"0x8001 bodyLen=5"}
{"ts":"2026-04-05T23:28:33.165Z","level":"INFO","device":"868120100009","event":"SERVER_ACK","detail":"0x0200 result=OK"}
{"ts":"2026-04-05T23:28:33.373Z","level":"INFO","device":"100000000010","event":"RX_MSG","detail":"0x8001 bodyLen=5"}
{"ts":"2026-04-05T23:28:33.373Z","level":"INFO","device":"100000000010","event":"SERVER_ACK","detail":"0x0800 result=OK"}
{"ts":"2026-04-05T23:28:33.373Z","level":"INFO","device":"100000000010","event":"RX_MSG","detail":"0x8001 bodyLen=5"}
{"ts":"2026-04-05T23:28:33.373Z","level":"INFO","device":"100000000010","event":"SERVER_ACK","detail":"0x0200 result=OK"}
{"ts":"2026-04-05T23:28:36.267Z","level":"INFO","device":"291078985963","event":"OBD2_SENT_0x0200","detail":"Lat: 51.729820, Lng: 0.493440 | Speed: 60km/h | RPM: 3187"}
{"ts":"2026-04-05T23:28:36.411Z","level":"INFO","device":"200000000002","event":"OBD2_SENT_0x0200","detail":"Lat: 51.732183, Lng: 0.489794 | Speed: 39km/h | RPM: 2342"}
{"ts":"2026-04-05T23:28:36.472Z","level":"INFO","device":"291078985963","event":"SERVER_ACK","detail":"0x8001 Universal Reply Received"}
{"ts":"2026-04-05T23:28:36.561Z","level":"INFO","device":"200000000003","event":"OBD2_SENT_0x0200","detail":"Lat: 51.732229, Lng: 0.489678 | Speed: 34km/h | RPM: 2150"}
{"ts":"2026-04-05T23:28:36.618Z","level":"INFO","device":"200000000002","event":"SERVER_ACK","detail":"0x8001 Universal Reply Received"}
{"ts":"2026-04-05T23:28:36.709Z","level":"INFO","device":"200000000004","event":"OBD2_SENT_0x0200","detail":"Lat: 51.732865, Lng: 0.487905 | Speed: 29km/h | RPM: 1955"}
{"ts":"2026-04-05T23:28:36.780Z","level":"INFO","device":"200000000003","event":"SERVER_ACK","detail":"0x8001 Universal Reply Received"}
{"ts":"2026-04-05T23:28:36.858Z","level":"INFO","device":"200000000005","event":"OBD2_SENT_0x0200","detail":"Lat: 51.731144, Lng: 0.491761 | Speed: 47km/h | RPM: 2674"}
{"ts":"2026-04-05T23:28:36.896Z","level":"INFO","device":"200000000004","event":"SERVER_ACK","detail":"0x8001 Universal Reply Received"}
{"ts":"2026-04-05T23:28:37.012Z","level":"INFO","device":"200000000006","event":"OBD2_SENT_0x0200","detail":"Lat: 51.731202, Lng: 0.491663 | Speed: 39km/h | RPM: 2373"}
{"ts":"2026-04-05T23:28:37.044Z","level":"INFO","device":"200000000005","event":"SERVER_ACK","detail":"0x8001 Universal Reply Received"}
{"ts":"2026-04-05T23:28:37.160Z","level":"INFO","device":"200000000007","event":"OBD2_SENT_0x0200","detail":"Lat: 51.729859, Lng: 0.493396 | Speed: 44km/h | RPM: 2579"}
{"ts":"2026-04-05T23:28:37.226Z","level":"INFO","device":"200000000006","event":"SERVER_ACK","detail":"0x8001 Universal Reply Received"}
{"ts":"2026-04-05T23:28:37.310Z","level":"INFO","device":"200000000008","event":"OBD2_SENT_0x0200","detail":"Lat: 51.731879, Lng: 0.490442 | Speed: 36km/h | RPM: 2235"}
{"ts":"2026-04-05T23:28:37.345Z","level":"INFO","device":"200000000007","event":"SERVER_ACK","detail":"0x8001 Universal Reply Received"}
{"ts":"2026-04-05T23:28:37.460Z","level":"INFO","device":"200000000009","event":"OBD2_SENT_0x0200","detail":"Lat: 51.731728, Lng: 0.490744 | Speed: 33km/h | RPM: 2100"}
{"ts":"2026-04-05T23:28:37.524Z","level":"INFO","device":"200000000008","event":"SERVER_ACK","detail":"0x8001 Universal Reply Received"}
{"ts":"2026-04-05T23:28:37.610Z","level":"INFO","device":"200000000010","event":"OBD2_SENT_0x0200","detail":"Lat: 51.731172, Lng: 0.491714 | Speed: 45km/h | RPM: 2582"}
{"ts":"2026-04-05T23:28:37.645Z","level":"INFO","device":"200000000009","event":"SERVER_ACK","detail":"0x8001 Universal Reply Received"}
{"ts":"2026-04-05T23:28:37.806Z","level":"INFO","device":"200000000010","event":"SERVER_ACK","detail":"0x8001 Universal Reply Received"}
{"ts":"2026-04-05T23:28:45.004Z","level":"ERROR","device":"300000000007","event":"SOCKET_ERROR","detail":"ECONNREFUSED"}
{"ts":"2026-04-05T23:28:51.260Z","level":"INFO","device":"291078985963","event":"HEARTBEAT_SENT","detail":"0x0002"}
{"ts":"2026-04-05T23:28:51.267Z","level":"INFO","device":"291078985963","event":"OBD2_SENT_0x0200","detail":"Lat: 51.727565, Lng: 0.495217 | Speed: 63km/h | RPM: 3335"}
{"ts":"2026-04-05T23:28:51.409Z","level":"INFO","device":"200000000002","event":"HEARTBEAT_SENT","detail":"0x0002"}
{"ts":"2026-04-05T23:28:51.411Z","level":"INFO","device":"200000000002","event":"OBD2_SENT_0x0200","detail":"Lat: 51.731117, Lng: 0.491805 | Speed: 40km/h | RPM: 2383"}
{"ts":"2026-04-05T23:28:51.465Z","level":"INFO","device":"291078985963","event":"SERVER_ACK","detail":"0x8001 Universal Reply Received"}
{"ts":"2026-04-05T23:28:51.474Z","level":"INFO","device":"291078985963","event":"GPS_SENT","detail":""}
{"ts":"2026-04-05T23:28:51.560Z","level":"INFO","device":"200000000003","event":"HEARTBEAT_SENT","detail":"0x0002"}
{"ts":"2026-04-05T23:28:51.561Z","level":"INFO","device":"200000000003","event":"OBD2_SENT_0x0200","detail":"Lat: 51.731489, Lng: 0.491185 | Speed: 30km/h | RPM: 1986"}
{"ts":"2026-04-05T23:28:51.612Z","level":"INFO","device":"200000000002","event":"SERVER_ACK","detail":"0x8001 Universal Reply Received"}
{"ts":"2026-04-05T23:28:51.619Z","level":"INFO","device":"868120100002","event":"GPS_SENT","detail":""}
{"ts":"2026-04-05T23:28:51.684Z","level":"INFO","device":"291078985963","event":"RX_MSG","detail":"0x8001 bodyLen=5"}
{"ts":"2026-04-05T23:28:51.684Z","level":"INFO","device":"291078985963","event":"SERVER_ACK","detail":"0x0200 result=OK"}
{"ts":"2026-04-05T23:28:51.708Z","level":"INFO","device":"200000000004","event":"HEARTBEAT_SENT","detail":"0x0002"}
{"ts":"2026-04-05T23:28:51.709Z","level":"INFO","device":"200000000004","event":"OBD2_SENT_0x0200","detail":"Lat: 51.732384, Lng: 0.489289 | Speed: 27km/h | RPM: 1883"}
{"ts":"2026-04-05T23:28:51.767Z","level":"INFO","device":"868120100003","event":"GPS_SENT","detail":""}
{"ts":"2026-04-05T23:28:51.777Z","level":"INFO","device":"200000000003","event":"SERVER_ACK","detail":"0x8001 Universal Reply Received"}
{"ts":"2026-04-05T23:28:51.778Z","level":"INFO","device":"291078985963","event":"SERVER_ACK","detail":"0x8001 Universal Reply Received"}
{"ts":"2026-04-05T23:28:51.831Z","level":"INFO","device":"868120100002","event":"RX_MSG","detail":"0x8001 bodyLen=5"}
{"ts":"2026-04-05T23:28:51.831Z","level":"INFO","device":"868120100002","event":"SERVER_ACK","detail":"0x0200 result=OK"}
{"ts":"2026-04-05T23:28:51.856Z","level":"INFO","device":"200000000005","event":"HEARTBEAT_SENT","detail":"0x0002"}
{"ts":"2026-04-05T23:28:51.859Z","level":"INFO","device":"200000000005","event":"OBD2_SENT_0x0200","detail":"Lat: 51.729750, Lng: 0.493519 | Speed: 44km/h | RPM: 2574"}
{"ts":"2026-04-05T23:28:51.894Z","level":"INFO","device":"200000000004","event":"SERVER_ACK","detail":"0x8001 Universal Reply Received"}
{"ts":"2026-04-05T23:28:51.902Z","level":"INFO","device":"868120100004","event":"GPS_SENT","detail":""}
{"ts":"2026-04-05T23:28:51.930Z","level":"INFO","device":"200000000002","event":"SERVER_ACK","detail":"0x8001 Universal Reply Received"}
{"ts":"2026-04-05T23:28:51.969Z","level":"INFO","device":"868120100003","event":"RX_MSG","detail":"0x8001 bodyLen=5"}
{"ts":"2026-04-05T23:28:51.969Z","level":"INFO","device":"868120100003","event":"SERVER_ACK","detail":"0x0200 result=OK"}
{"ts":"2026-04-05T23:28:52.010Z","level":"INFO","device":"200000000006","event":"HEARTBEAT_SENT","detail":"0x0002"}
{"ts":"2026-04-05T23:28:52.012Z","level":"INFO","device":"200000000006","event":"OBD2_SENT_0x0200","detail":"Lat: 51.730095, Lng: 0.493131 | Speed: 37km/h | RPM: 2267"}
{"ts":"2026-04-05T23:28:52.040Z","level":"INFO","device":"200000000005","event":"SERVER_ACK","detail":"0x8001 Universal Reply Received"}
{"ts":"2026-04-05T23:28:52.062Z","level":"INFO","device":"868120100005","event":"GPS_SENT","detail":""}
{"ts":"2026-04-05T23:28:52.095Z","level":"INFO","device":"868120100004","event":"RX_MSG","detail":"0x8001 bodyLen=5"}
{"ts":"2026-04-05T23:28:52.095Z","level":"INFO","device":"868120100004","event":"SERVER_ACK","detail":"0x0200 result=OK"}
{"ts":"2026-04-05T23:28:52.099Z","level":"INFO","device":"200000000003","event":"SERVER_ACK","detail":"0x8001 Universal Reply Received"}
{"ts":"2026-04-05T23:28:52.158Z","level":"INFO","device":"200000000007","event":"HEARTBEAT_SENT","detail":"0x0002"}
{"ts":"2026-04-05T23:28:52.160Z","level":"INFO","device":"200000000007","event":"OBD2_SENT_0x0200","detail":"Lat: 51.728454, Lng: 0.494688 | Speed: 42km/h | RPM: 2460"}
{"ts":"2026-04-05T23:28:52.191Z","level":"INFO","device":"200000000004","event":"SERVER_ACK","detail":"0x8001 Universal Reply Received"}
{"ts":"2026-04-05T23:28:52.222Z","level":"INFO","device":"200000000006","event":"SERVER_ACK","detail":"0x8001 Universal Reply Received"}
{"ts":"2026-04-05T23:28:52.223Z","level":"INFO","device":"868120100006","event":"GPS_SENT","detail":""}
{"ts":"2026-04-05T23:28:52.263Z","level":"INFO","device":"868120100005","event":"RX_MSG","detail":"0x8001 bodyLen=5"}
{"ts":"2026-04-05T23:28:52.264Z","level":"INFO","device":"868120100005","event":"SERVER_ACK","detail":"0x0200 result=OK"}
{"ts":"2026-04-05T23:28:52.308Z","level":"INFO","device":"200000000008","event":"DTC_SENT_0x0900","detail":"Injected Fault Code: C1234"}
{"ts":"2026-04-05T23:28:52.310Z","level":"INFO","device":"200000000008","event":"HEARTBEAT_SENT","detail":"0x0002"}
{"ts":"2026-04-05T23:28:52.311Z","level":"INFO","device":"200000000008","event":"OBD2_SENT_0x0200","detail":"Lat: 51.730771, Lng: 0.492294 | Speed: 40km/h | RPM: 2401"}
{"ts":"2026-04-05T23:28:52.344Z","level":"INFO","device":"200000000007","event":"SERVER_ACK","detail":"0x8001 Universal Reply Received"}
{"ts":"2026-04-05T23:28:52.346Z","level":"INFO","device":"200000000005","event":"SERVER_ACK","detail":"0x8001 Universal Reply Received"}
{"ts":"2026-04-05T23:28:52.356Z","level":"INFO","device":"868120100007","event":"GPS_SENT","detail":""}
{"ts":"2026-04-05T23:28:52.433Z","level":"INFO","device":"868120100006","event":"RX_MSG","detail":"0x8001 bodyLen=5"}
{"ts":"2026-04-05T23:28:52.433Z","level":"INFO","device":"868120100006","event":"SERVER_ACK","detail":"0x0200 result=OK"}
{"ts":"2026-04-05T23:28:52.458Z","level":"INFO","device":"200000000009","event":"HEARTBEAT_SENT","detail":"0x0002"}
{"ts":"2026-04-05T23:28:52.460Z","level":"INFO","device":"200000000009","event":"OBD2_SENT_0x0200","detail":"Lat: 51.730731, Lng: 0.492346 | Speed: 35km/h | RPM: 2194"}
{"ts":"2026-04-05T23:28:52.519Z","level":"INFO","device":"200000000008","event":"SERVER_ACK","detail":"0x8001 Universal Reply Received"}
{"ts":"2026-04-05T23:28:52.520Z","level":"INFO","device":"868120100008","event":"GPS_SENT","detail":""}
{"ts":"2026-04-05T23:28:52.528Z","level":"INFO","device":"200000000006","event":"SERVER_ACK","detail":"0x8001 Universal Reply Received"}
{"ts":"2026-04-05T23:28:52.550Z","level":"INFO","device":"868120100007","event":"RX_MSG","detail":"0x8001 bodyLen=5"}
{"ts":"2026-04-05T23:28:52.550Z","level":"INFO","device":"868120100007","event":"SERVER_ACK","detail":"0x0200 result=OK"}
{"ts":"2026-04-05T23:28:52.610Z","level":"INFO","device":"200000000010","event":"HEARTBEAT_SENT","detail":"0x0002"}
{"ts":"2026-04-05T23:28:52.610Z","level":"INFO","device":"200000000010","event":"OBD2_SENT_0x0200","detail":"Lat: 51.729607, Lng: 0.493680 | Speed: 50km/h | RPM: 2782"}
{"ts":"2026-04-05T23:28:52.627Z","level":"INFO","device":"200000000007","event":"SERVER_ACK","detail":"0x8001 Universal Reply Received"}
{"ts":"2026-04-05T23:28:52.642Z","level":"INFO","device":"200000000009","event":"SERVER_ACK","detail":"0x8001 Universal Reply Received"}
{"ts":"2026-04-05T23:28:52.658Z","level":"INFO","device":"868120100009","event":"GPS_SENT","detail":""}
{"ts":"2026-04-05T23:28:52.730Z","level":"INFO","device":"868120100008","event":"RX_MSG","detail":"0x8001 bodyLen=5"}
{"ts":"2026-04-05T23:28:52.730Z","level":"INFO","device":"868120100008","event":"SERVER_ACK","detail":"0x0200 result=OK"}
{"ts":"2026-04-05T23:28:52.794Z","level":"INFO","device":"100000000010","event":"GPS_SENT","detail":""}
{"ts":"2026-04-05T23:28:52.805Z","level":"INFO","device":"200000000010","event":"SERVER_ACK","detail":"0x8001 Universal Reply Received"}
{"ts":"2026-04-05T23:28:52.839Z","level":"INFO","device":"200000000008","event":"SERVER_ACK","detail":"0x8001 Universal Reply Received"}
{"ts":"2026-04-05T23:28:52.852Z","level":"INFO","device":"868120100009","event":"RX_MSG","detail":"0x8001 bodyLen=5"}
{"ts":"2026-04-05T23:28:52.853Z","level":"INFO","device":"868120100009","event":"SERVER_ACK","detail":"0x0200 result=OK"}
{"ts":"2026-04-05T23:28:52.937Z","level":"INFO","device":"200000000009","event":"SERVER_ACK","detail":"0x8001 Universal Reply Received"}
{"ts":"2026-04-05T23:28:52.978Z","level":"INFO","device":"100000000010","event":"RX_MSG","detail":"0x8001 bodyLen=5"}
{"ts":"2026-04-05T23:28:52.978Z","level":"INFO","device":"100000000010","event":"SERVER_ACK","detail":"0x0200 result=OK"}
{"ts":"2026-04-05T23:28:53.104Z","level":"INFO","device":"200000000010","event":"SERVER_ACK","detail":"0x8001 Universal Reply Received"}
{"ts":"2026-04-05T23:28:57.093Z","level":"ERROR","device":"300000000008","event":"SOCKET_ERROR","detail":"ECONNREFUSED"}
{"ts":"2026-04-05T23:29:06.269Z","level":"INFO","device":"291078985963","event":"OBD2_SENT_0x0200","detail":"Lat: 51.725433, Lng: 0.496033 | Speed: 60km/h | RPM: 3183"}
{"ts":"2026-04-05T23:29:06.412Z","level":"INFO","device":"200000000002","event":"OBD2_SENT_0x0200","detail":"Lat: 51.730051, Lng: 0.493181 | Speed: 35km/h | RPM: 2187"}
{"ts":"2026-04-05T23:29:06.482Z","level":"INFO","device":"291078985963","event":"SERVER_ACK","detail":"0x8001 Universal Reply Received"}
{"ts":"2026-04-05T23:29:06.561Z","level":"INFO","device":"200000000003","event":"OBD2_SENT_0x0200","detail":"Lat: 51.730545, Lng: 0.492585 | Speed: 34km/h | RPM: 2148"}
{"ts":"2026-04-05T23:29:06.619Z","level":"INFO","device":"200000000002","event":"SERVER_ACK","detail":"0x8001 Universal Reply Received"}
{"ts":"2026-04-05T23:29:06.709Z","level":"INFO","device":"200000000004","event":"OBD2_SENT_0x0200","detail":"Lat: 51.731816, Lng: 0.490568 | Speed: 25km/h | RPM: 1806"}
{"ts":"2026-04-05T23:29:06.780Z","level":"INFO","device":"200000000003","event":"SERVER_ACK","detail":"0x8001 Universal Reply Received"}
{"ts":"2026-04-05T23:29:06.859Z","level":"INFO","device":"200000000005","event":"OBD2_SENT_0x0200","detail":"Lat: 51.728080, Lng: 0.494912 | Speed: 48km/h | RPM: 2707"}
{"ts":"2026-04-05T23:29:06.894Z","level":"INFO","device":"200000000004","event":"SERVER_ACK","detail":"0x8001 Universal Reply Received"}
{"ts":"2026-04-05T23:29:07.012Z","level":"INFO","device":"200000000006","event":"OBD2_SENT_0x0200","detail":"Lat: 51.728940, Lng: 0.494298 | Speed: 36km/h | RPM: 2221"}
{"ts":"2026-04-05T23:29:07.048Z","level":"INFO","device":"200000000005","event":"SERVER_ACK","detail":"0x8001 Universal Reply Received"}
{"ts":"2026-04-05T23:29:07.160Z","level":"INFO","device":"200000000007","event":"OBD2_SENT_0x0200","detail":"Lat: 51.726873, Lng: 0.495564 | Speed: 45km/h | RPM: 2600"}
{"ts":"2026-04-05T23:29:07.224Z","level":"INFO","device":"200000000006","event":"SERVER_ACK","detail":"0x8001 Universal Reply Received"}
{"ts":"2026-04-05T23:29:07.310Z","level":"INFO","device":"200000000008","event":"OBD2_SENT_0x0200","detail":"Lat: 51.729612, Lng: 0.493674 | Speed: 37km/h | RPM: 2265"}
{"ts":"2026-04-05T23:29:07.347Z","level":"INFO","device":"200000000007","event":"SERVER_ACK","detail":"0x8001 Universal Reply Received"}
{"ts":"2026-04-05T23:29:07.460Z","level":"INFO","device":"200000000009","event":"OBD2_SENT_0x0200","detail":"Lat: 51.729557, Lng: 0.493736 | Speed: 37km/h | RPM: 2275"}
{"ts":"2026-04-05T23:29:07.522Z","level":"INFO","device":"200000000008","event":"SERVER_ACK","detail":"0x8001 Universal Reply Received"}
{"ts":"2026-04-05T23:29:07.610Z","level":"INFO","device":"200000000010","event":"OBD2_SENT_0x0200","detail":"Lat: 51.727707, Lng: 0.495136 | Speed: 53km/h | RPM: 2910"}
{"ts":"2026-04-05T23:29:07.645Z","level":"INFO","device":"200000000009","event":"SERVER_ACK","detail":"0x8001 Universal Reply Received"}
{"ts":"2026-04-05T23:29:07.807Z","level":"INFO","device":"200000000010","event":"SERVER_ACK","detail":"0x8001 Universal Reply Received"}
{"ts":"2026-04-05T23:29:09.235Z","level":"ERROR","device":"300000000009","event":"SOCKET_ERROR","detail":"ECONNREFUSED"}
{"ts":"2026-04-05T23:29:11.473Z","level":"INFO","device":"291078985963","event":"INCIDENT_SENT","detail":"mediaId=5 alarmId=29107898596300260405232911050200"}
{"ts":"2026-04-05T23:29:11.473Z","level":"INFO","device":"291078985963","event":"GPS_SENT","detail":""}
{"ts":"2026-04-05T23:29:11.621Z","level":"INFO","device":"868120100002","event":"GPS_SENT","detail":""}
{"ts":"2026-04-05T23:29:11.622Z","level":"INFO","device":"868120100002","event":"INCIDENT_SENT","detail":"mediaId=5 alarmId=86812010000200260405232911050200"}
{"ts":"2026-04-05T23:29:11.683Z","level":"INFO","device":"291078985963","event":"RX_MSG","detail":"0x8001 bodyLen=5"}
{"ts":"2026-04-05T23:29:11.684Z","level":"INFO","device":"291078985963","event":"SERVER_ACK","detail":"0x0200 result=OK"}
{"ts":"2026-04-05T23:29:11.764Z","level":"INFO","device":"868120100003","event":"INCIDENT_SENT","detail":"mediaId=5 alarmId=86812010000300260405232911050200"}
{"ts":"2026-04-05T23:29:11.769Z","level":"INFO","device":"868120100003","event":"GPS_SENT","detail":""}
{"ts":"2026-04-05T23:29:11.831Z","level":"INFO","device":"868120100002","event":"RX_MSG","detail":"0x8001 bodyLen=5"}
{"ts":"2026-04-05T23:29:11.831Z","level":"INFO","device":"868120100002","event":"SERVER_ACK","detail":"0x0200 result=OK"}
{"ts":"2026-04-05T23:29:11.901Z","level":"INFO","device":"868120100004","event":"INCIDENT_SENT","detail":"mediaId=5 alarmId=86812010000400260405232911050200"}
{"ts":"2026-04-05T23:29:11.903Z","level":"INFO","device":"868120100004","event":"GPS_SENT","detail":""}
{"ts":"2026-04-05T23:29:11.966Z","level":"INFO","device":"868120100003","event":"RX_MSG","detail":"0x8001 bodyLen=5"}
{"ts":"2026-04-05T23:29:11.966Z","level":"INFO","device":"868120100003","event":"SERVER_ACK","detail":"0x0200 result=OK"}
{"ts":"2026-04-05T23:29:12.009Z","level":"INFO","device":"291078985963","event":"RX_MSG","detail":"0x8001 bodyLen=5"}
{"ts":"2026-04-05T23:29:12.009Z","level":"INFO","device":"291078985963","event":"SERVER_ACK","detail":"0x0800 result=OK"}
{"ts":"2026-04-05T23:29:12.010Z","level":"INFO","device":"291078985963","event":"RX_MSG","detail":"0x8001 bodyLen=5"}
{"ts":"2026-04-05T23:29:12.010Z","level":"INFO","device":"291078985963","event":"SERVER_ACK","detail":"0x0200 result=OK"}
{"ts":"2026-04-05T23:29:12.061Z","level":"INFO","device":"868120100005","event":"INCIDENT_SENT","detail":"mediaId=5 alarmId=86812010000500260405232912050200"}
{"ts":"2026-04-05T23:29:12.062Z","level":"INFO","device":"868120100005","event":"GPS_SENT","detail":""}
{"ts":"2026-04-05T23:29:12.095Z","level":"INFO","device":"868120100004","event":"RX_MSG","detail":"0x8001 bodyLen=5"}
{"ts":"2026-04-05T23:29:12.095Z","level":"INFO","device":"868120100004","event":"SERVER_ACK","detail":"0x0200 result=OK"}
{"ts":"2026-04-05T23:29:12.167Z","level":"INFO","device":"868120100002","event":"RX_MSG","detail":"0x8001 bodyLen=5"}
{"ts":"2026-04-05T23:29:12.167Z","level":"INFO","device":"868120100002","event":"SERVER_ACK","detail":"0x0200 result=OK"}
{"ts":"2026-04-05T23:29:12.167Z","level":"INFO","device":"868120100002","event":"RX_MSG","detail":"0x8001 bodyLen=5"}
{"ts":"2026-04-05T23:29:12.167Z","level":"INFO","device":"868120100002","event":"SERVER_ACK","detail":"0x0800 result=OK"}
{"ts":"2026-04-05T23:29:12.221Z","level":"INFO","device":"868120100006","event":"INCIDENT_SENT","detail":"mediaId=5 alarmId=86812010000600260405232912050200"}
{"ts":"2026-04-05T23:29:12.223Z","level":"INFO","device":"868120100006","event":"GPS_SENT","detail":""}
{"ts":"2026-04-05T23:29:12.262Z","level":"INFO","device":"868120100005","event":"RX_MSG","detail":"0x8001 bodyLen=5"}
{"ts":"2026-04-05T23:29:12.266Z","level":"INFO","device":"868120100005","event":"SERVER_ACK","detail":"0x0200 result=OK"}
{"ts":"2026-04-05T23:29:12.280Z","level":"INFO","device":"868120100003","event":"RX_MSG","detail":"0x8001 bodyLen=5"}
{"ts":"2026-04-05T23:29:12.281Z","level":"INFO","device":"868120100003","event":"SERVER_ACK","detail":"0x0800 result=OK"}
{"ts":"2026-04-05T23:29:12.281Z","level":"INFO","device":"868120100003","event":"RX_MSG","detail":"0x8001 bodyLen=5"}
{"ts":"2026-04-05T23:29:12.281Z","level":"INFO","device":"868120100003","event":"SERVER_ACK","detail":"0x0200 result=OK"}
{"ts":"2026-04-05T23:29:12.352Z","level":"INFO","device":"868120100007","event":"INCIDENT_SENT","detail":"mediaId=5 alarmId=86812010000700260405232912050200"}
{"ts":"2026-04-05T23:29:12.356Z","level":"INFO","device":"868120100007","event":"GPS_SENT","detail":""}
{"ts":"2026-04-05T23:29:12.396Z","level":"INFO","device":"868120100004","event":"RX_MSG","detail":"0x8001 bodyLen=5"}
{"ts":"2026-04-05T23:29:12.396Z","level":"INFO","device":"868120100004","event":"SERVER_ACK","detail":"0x0800 result=OK"}
{"ts":"2026-04-05T23:29:12.396Z","level":"INFO","device":"868120100004","event":"RX_MSG","detail":"0x8001 bodyLen=5"}
{"ts":"2026-04-05T23:29:12.396Z","level":"INFO","device":"868120100004","event":"SERVER_ACK","detail":"0x0200 result=OK"}
{"ts":"2026-04-05T23:29:12.431Z","level":"INFO","device":"868120100006","event":"RX_MSG","detail":"0x8001 bodyLen=5"}
{"ts":"2026-04-05T23:29:12.431Z","level":"INFO","device":"868120100006","event":"SERVER_ACK","detail":"0x0200 result=OK"}
{"ts":"2026-04-05T23:29:12.518Z","level":"INFO","device":"868120100008","event":"INCIDENT_SENT","detail":"mediaId=5 alarmId=86812010000800260405232912050200"}
{"ts":"2026-04-05T23:29:12.520Z","level":"INFO","device":"868120100008","event":"GPS_SENT","detail":""}
{"ts":"2026-04-05T23:29:12.545Z","level":"INFO","device":"868120100007","event":"RX_MSG","detail":"0x8001 bodyLen=5"}
{"ts":"2026-04-05T23:29:12.545Z","level":"INFO","device":"868120100007","event":"SERVER_ACK","detail":"0x0200 result=OK"}
{"ts":"2026-04-05T23:29:12.592Z","level":"INFO","device":"868120100005","event":"RX_MSG","detail":"0x8001 bodyLen=5"}
{"ts":"2026-04-05T23:29:12.592Z","level":"INFO","device":"868120100005","event":"SERVER_ACK","detail":"0x0800 result=OK"}
{"ts":"2026-04-05T23:29:12.592Z","level":"INFO","device":"868120100005","event":"RX_MSG","detail":"0x8001 bodyLen=5"}
{"ts":"2026-04-05T23:29:12.592Z","level":"INFO","device":"868120100005","event":"SERVER_ACK","detail":"0x0200 result=OK"}
{"ts":"2026-04-05T23:29:12.652Z","level":"INFO","device":"868120100009","event":"INCIDENT_SENT","detail":"mediaId=5 alarmId=86812010000900260405232912050200"}
{"ts":"2026-04-05T23:29:12.657Z","level":"INFO","device":"868120100009","event":"GPS_SENT","detail":""}
{"ts":"2026-04-05T23:29:12.733Z","level":"INFO","device":"868120100008","event":"RX_MSG","detail":"0x8001 bodyLen=5"}
{"ts":"2026-04-05T23:29:12.734Z","level":"INFO","device":"868120100008","event":"SERVER_ACK","detail":"0x0200 result=OK"}
{"ts":"2026-04-05T23:29:12.756Z","level":"INFO","device":"868120100006","event":"RX_MSG","detail":"0x8001 bodyLen=5"}
{"ts":"2026-04-05T23:29:12.756Z","level":"INFO","device":"868120100006","event":"SERVER_ACK","detail":"0x0800 result=OK"}
{"ts":"2026-04-05T23:29:12.756Z","level":"INFO","device":"868120100006","event":"RX_MSG","detail":"0x8001 bodyLen=5"}
{"ts":"2026-04-05T23:29:12.756Z","level":"INFO","device":"868120100006","event":"SERVER_ACK","detail":"0x0200 result=OK"}
{"ts":"2026-04-05T23:29:12.792Z","level":"INFO","device":"100000000010","event":"INCIDENT_SENT","detail":"mediaId=5 alarmId=10000000001000260405232912050200"}
{"ts":"2026-04-05T23:29:12.795Z","level":"INFO","device":"100000000010","event":"GPS_SENT","detail":""}
{"ts":"2026-04-05T23:29:12.847Z","level":"INFO","device":"868120100009","event":"RX_MSG","detail":"0x8001 bodyLen=5"}
{"ts":"2026-04-05T23:29:12.847Z","level":"INFO","device":"868120100009","event":"SERVER_ACK","detail":"0x0200 result=OK"}
{"ts":"2026-04-05T23:29:12.864Z","level":"INFO","device":"868120100007","event":"RX_MSG","detail":"0x8001 bodyLen=5"}
{"ts":"2026-04-05T23:29:12.864Z","level":"INFO","device":"868120100007","event":"SERVER_ACK","detail":"0x0800 result=OK"}
{"ts":"2026-04-05T23:29:12.864Z","level":"INFO","device":"868120100007","event":"RX_MSG","detail":"0x8001 bodyLen=5"}
{"ts":"2026-04-05T23:29:12.864Z","level":"INFO","device":"868120100007","event":"SERVER_ACK","detail":"0x0200 result=OK"}
{"ts":"2026-04-05T23:29:12.976Z","level":"INFO","device":"100000000010","event":"RX_MSG","detail":"0x8001 bodyLen=5"}
{"ts":"2026-04-05T23:29:12.977Z","level":"INFO","device":"100000000010","event":"SERVER_ACK","detail":"0x0200 result=OK"}
{"ts":"2026-04-05T23:29:13.067Z","level":"INFO","device":"868120100008","event":"RX_MSG","detail":"0x8001 bodyLen=5"}
{"ts":"2026-04-05T23:29:13.068Z","level":"INFO","device":"868120100008","event":"SERVER_ACK","detail":"0x0800 result=OK"}
{"ts":"2026-04-05T23:29:13.068Z","level":"INFO","device":"868120100008","event":"RX_MSG","detail":"0x8001 bodyLen=5"}
{"ts":"2026-04-05T23:29:13.068Z","level":"INFO","device":"868120100008","event":"SERVER_ACK","detail":"0x0200 result=OK"}
{"ts":"2026-04-05T23:29:13.144Z","level":"INFO","device":"868120100009","event":"RX_MSG","detail":"0x8001 bodyLen=5"}
{"ts":"2026-04-05T23:29:13.144Z","level":"INFO","device":"868120100009","event":"SERVER_ACK","detail":"0x0800 result=OK"}
{"ts":"2026-04-05T23:29:13.144Z","level":"INFO","device":"868120100009","event":"RX_MSG","detail":"0x8001 bodyLen=5"}
{"ts":"2026-04-05T23:29:13.145Z","level":"INFO","device":"868120100009","event":"SERVER_ACK","detail":"0x0200 result=OK"}
{"ts":"2026-04-05T23:29:13.289Z","level":"INFO","device":"100000000010","event":"RX_MSG","detail":"0x8001 bodyLen=5"}
{"ts":"2026-04-05T23:29:13.290Z","level":"INFO","device":"100000000010","event":"SERVER_ACK","detail":"0x0800 result=OK"}
{"ts":"2026-04-05T23:29:13.290Z","level":"INFO","device":"100000000010","event":"RX_MSG","detail":"0x8001 bodyLen=5"}
{"ts":"2026-04-05T23:29:13.290Z","level":"INFO","device":"100000000010","event":"SERVER_ACK","detail":"0x0200 result=OK"}
{"ts":"2026-04-05T23:29:21.261Z","level":"INFO","device":"291078985963","event":"HEARTBEAT_SENT","detail":"0x0002"}
{"ts":"2026-04-05T23:29:21.270Z","level":"INFO","device":"291078985963","event":"OBD2_SENT_0x0200","detail":"Lat: 51.723194, Lng: 0.496662 | Speed: 60km/h | RPM: 3208"}
{"ts":"2026-04-05T23:29:21.409Z","level":"INFO","device":"200000000002","event":"HEARTBEAT_SENT","detail":"0x0002"}
{"ts":"2026-04-05T23:29:21.412Z","level":"INFO","device":"200000000002","event":"OBD2_SENT_0x0200","detail":"Lat: 51.728761, Lng: 0.494457 | Speed: 39km/h | RPM: 2371"}
{"ts":"2026-04-05T23:29:21.464Z","level":"INFO","device":"291078985963","event":"SERVER_ACK","detail":"0x8001 Universal Reply Received"}
{"ts":"2026-04-05T23:29:21.560Z","level":"INFO","device":"200000000003","event":"HEARTBEAT_SENT","detail":"0x0002"}
{"ts":"2026-04-05T23:29:21.560Z","level":"INFO","device":"200000000003","event":"OBD2_SENT_0x0200","detail":"Lat: 51.729498, Lng: 0.493802 | Speed: 32km/h | RPM: 2092"}
{"ts":"2026-04-05T23:29:21.620Z","level":"INFO","device":"200000000002","event":"SERVER_ACK","detail":"0x8001 Universal Reply Received"}
{"ts":"2026-04-05T23:29:21.709Z","level":"INFO","device":"200000000004","event":"HEARTBEAT_SENT","detail":"0x0002"}
{"ts":"2026-04-05T23:29:21.709Z","level":"INFO","device":"200000000004","event":"OBD2_SENT_0x0200","detail":"Lat: 51.731163, Lng: 0.491728 | Speed: 25km/h | RPM: 1786"}
{"ts":"2026-04-05T23:29:21.779Z","level":"INFO","device":"200000000003","event":"SERVER_ACK","detail":"0x8001 Universal Reply Received"}
{"ts":"2026-04-05T23:29:21.779Z","level":"INFO","device":"291078985963","event":"SERVER_ACK","detail":"0x8001 Universal Reply Received"}
{"ts":"2026-04-05T23:29:21.856Z","level":"INFO","device":"200000000005","event":"HEARTBEAT_SENT","detail":"0x0002"}
{"ts":"2026-04-05T23:29:21.859Z","level":"INFO","device":"200000000005","event":"OBD2_SENT_0x0200","detail":"Lat: 51.726392, Lng: 0.495762 | Speed: 48km/h | RPM: 2722"}
{"ts":"2026-04-05T23:29:21.893Z","level":"INFO","device":"200000000004","event":"SERVER_ACK","detail":"0x8001 Universal Reply Received"}
{"ts":"2026-04-05T23:29:21.955Z","level":"INFO","device":"200000000002","event":"SERVER_ACK","detail":"0x8001 Universal Reply Received"}
{"ts":"2026-04-05T23:29:22.010Z","level":"INFO","device":"200000000006","event":"HEARTBEAT_SENT","detail":"0x0002"}
{"ts":"2026-04-05T23:29:22.012Z","level":"INFO","device":"200000000006","event":"OBD2_SENT_0x0200","detail":"Lat: 51.727525, Lng: 0.495237 | Speed: 40km/h | RPM: 2393"}
{"ts":"2026-04-05T23:29:22.040Z","level":"INFO","device":"200000000005","event":"SERVER_ACK","detail":"0x8001 Universal Reply Received"}
{"ts":"2026-04-05T23:29:22.124Z","level":"INFO","device":"200000000003","event":"SERVER_ACK","detail":"0x8001 Universal Reply Received"}
{"ts":"2026-04-05T23:29:22.158Z","level":"INFO","device":"200000000007","event":"HEARTBEAT_SENT","detail":"0x0002"}
{"ts":"2026-04-05T23:29:22.160Z","level":"INFO","device":"200000000007","event":"OBD2_SENT_0x0200","detail":"Lat: 51.725396, Lng: 0.496041 | Speed: 41km/h | RPM: 2450"}
{"ts":"2026-04-05T23:29:22.216Z","level":"INFO","device":"200000000004","event":"SERVER_ACK","detail":"0x8001 Universal Reply Received"}
{"ts":"2026-04-05T23:29:22.222Z","level":"INFO","device":"200000000006","event":"SERVER_ACK","detail":"0x8001 Universal Reply Received"}
{"ts":"2026-04-05T23:29:22.310Z","level":"INFO","device":"200000000008","event":"HEARTBEAT_SENT","detail":"0x0002"}
{"ts":"2026-04-05T23:29:22.310Z","level":"INFO","device":"200000000008","event":"OBD2_SENT_0x0200","detail":"Lat: 51.728337, Lng: 0.494758 | Speed: 37km/h | RPM: 2261"}
{"ts":"2026-04-05T23:29:22.344Z","level":"INFO","device":"200000000007","event":"SERVER_ACK","detail":"0x8001 Universal Reply Received"}
{"ts":"2026-04-05T23:29:22.371Z","level":"INFO","device":"200000000005","event":"SERVER_ACK","detail":"0x8001 Universal Reply Received"}
{"ts":"2026-04-05T23:29:22.458Z","level":"INFO","device":"200000000009","event":"HEARTBEAT_SENT","detail":"0x0002"}
{"ts":"2026-04-05T23:29:22.460Z","level":"INFO","device":"200000000009","event":"OBD2_SENT_0x0200","detail":"Lat: 51.728068, Lng: 0.494919 | Speed: 42km/h | RPM: 2469"}
{"ts":"2026-04-05T23:29:22.521Z","level":"INFO","device":"200000000008","event":"SERVER_ACK","detail":"0x8001 Universal Reply Received"}
{"ts":"2026-04-05T23:29:22.554Z","level":"INFO","device":"200000000006","event":"SERVER_ACK","detail":"0x8001 Universal Reply Received"}
{"ts":"2026-04-05T23:29:22.610Z","level":"INFO","device":"200000000010","event":"HEARTBEAT_SENT","detail":"0x0002"}
{"ts":"2026-04-05T23:29:22.611Z","level":"INFO","device":"200000000010","event":"OBD2_SENT_0x0200","detail":"Lat: 51.726011, Lng: 0.495877 | Speed: 48km/h | RPM: 2730"}
{"ts":"2026-04-05T23:29:22.642Z","level":"INFO","device":"200000000009","event":"SERVER_ACK","detail":"0x8001 Universal Reply Received"}
{"ts":"2026-04-05T23:29:22.652Z","level":"INFO","device":"200000000007","event":"SERVER_ACK","detail":"0x8001 Universal Reply Received"}
{"ts":"2026-04-05T23:29:22.806Z","level":"INFO","device":"200000000010","event":"SERVER_ACK","detail":"0x8001 Universal Reply Received"}
{"ts":"2026-04-05T23:29:22.863Z","level":"INFO","device":"200000000008","event":"SERVER_ACK","detail":"0x8001 Universal Reply Received"}
{"ts":"2026-04-05T23:29:22.962Z","level":"INFO","device":"200000000009","event":"SERVER_ACK","detail":"0x8001 Universal Reply Received"}
{"ts":"2026-04-05T23:29:23.129Z","level":"INFO","device":"200000000010","event":"SERVER_ACK","detail":"0x8001 Universal Reply Received"}
{"ts":"2026-04-05T23:29:31.474Z","level":"INFO","device":"291078985963","event":"GPS_SENT","detail":""}
{"ts":"2026-04-05T23:29:31.621Z","level":"INFO","device":"868120100002","event":"GPS_SENT","detail":""}
{"ts":"2026-04-05T23:29:31.684Z","level":"INFO","device":"291078985963","event":"RX_MSG","detail":"0x8001 bodyLen=5"}
{"ts":"2026-04-05T23:29:31.685Z","level":"INFO","device":"291078985963","event":"SERVER_ACK","detail":"0x0200 result=OK"}
{"ts":"2026-04-05T23:29:31.769Z","level":"INFO","device":"868120100003","event":"GPS_SENT","detail":""}
{"ts":"2026-04-05T23:29:31.831Z","level":"INFO","device":"868120100002","event":"RX_MSG","detail":"0x8001 bodyLen=5"}
{"ts":"2026-04-05T23:29:31.831Z","level":"INFO","device":"868120100002","event":"SERVER_ACK","detail":"0x0200 result=OK"}
{"ts":"2026-04-05T23:29:31.903Z","level":"INFO","device":"868120100004","event":"GPS_SENT","detail":""}
{"ts":"2026-04-05T23:29:31.970Z","level":"INFO","device":"868120100003","event":"RX_MSG","detail":"0x8001 bodyLen=5"}
{"ts":"2026-04-05T23:29:31.971Z","level":"INFO","device":"868120100003","event":"SERVER_ACK","detail":"0x0200 result=OK"}
{"ts":"2026-04-05T23:29:32.062Z","level":"INFO","device":"868120100005","event":"GPS_SENT","detail":""}
{"ts":"2026-04-05T23:29:32.096Z","level":"INFO","device":"868120100004","event":"RX_MSG","detail":"0x8001 bodyLen=5"}
{"ts":"2026-04-05T23:29:32.097Z","level":"INFO","device":"868120100004","event":"SERVER_ACK","detail":"0x0200 result=OK"}
{"ts":"2026-04-05T23:29:32.223Z","level":"INFO","device":"868120100006","event":"GPS_SENT","detail":""}
{"ts":"2026-04-05T23:29:32.263Z","level":"INFO","device":"868120100005","event":"RX_MSG","detail":"0x8001 bodyLen=5"}
{"ts":"2026-04-05T23:29:32.263Z","level":"INFO","device":"868120100005","event":"SERVER_ACK","detail":"0x0200 result=OK"}
{"ts":"2026-04-05T23:29:32.356Z","level":"INFO","device":"868120100007","event":"GPS_SENT","detail":""}
{"ts":"2026-04-05T23:29:32.433Z","level":"INFO","device":"868120100006","event":"RX_MSG","detail":"0x8001 bodyLen=5"}
{"ts":"2026-04-05T23:29:32.433Z","level":"INFO","device":"868120100006","event":"SERVER_ACK","detail":"0x0200 result=OK"}
{"ts":"2026-04-05T23:29:32.520Z","level":"INFO","device":"868120100008","event":"GPS_SENT","detail":""}
{"ts":"2026-04-05T23:29:32.549Z","level":"INFO","device":"868120100007","event":"RX_MSG","detail":"0x8001 bodyLen=5"}
{"ts":"2026-04-05T23:29:32.549Z","level":"INFO","device":"868120100007","event":"SERVER_ACK","detail":"0x0200 result=OK"}
{"ts":"2026-04-05T23:29:32.659Z","level":"INFO","device":"868120100009","event":"GPS_SENT","detail":""}
{"ts":"2026-04-05T23:29:32.730Z","level":"INFO","device":"868120100008","event":"RX_MSG","detail":"0x8001 bodyLen=5"}
{"ts":"2026-04-05T23:29:32.730Z","level":"INFO","device":"868120100008","event":"SERVER_ACK","detail":"0x0200 result=OK"}
{"ts":"2026-04-05T23:29:32.795Z","level":"INFO","device":"100000000010","event":"GPS_SENT","detail":""}
{"ts":"2026-04-05T23:29:32.853Z","level":"INFO","device":"868120100009","event":"RX_MSG","detail":"0x8001 bodyLen=5"}
{"ts":"2026-04-05T23:29:32.853Z","level":"INFO","device":"868120100009","event":"SERVER_ACK","detail":"0x0200 result=OK"}
{"ts":"2026-04-05T23:29:32.980Z","level":"INFO","device":"100000000010","event":"RX_MSG","detail":"0x8001 bodyLen=5"}
{"ts":"2026-04-05T23:29:32.980Z","level":"INFO","device":"100000000010","event":"SERVER_ACK","detail":"0x0200 result=OK"}
{"ts":"2026-04-05T23:29:36.271Z","level":"INFO","device":"291078985963","event":"OBD2_SENT_0x0200","detail":"Lat: 51.721066, Lng: 0.497720 | Speed: 58km/h | RPM: 3140"}
{"ts":"2026-04-05T23:29:36.413Z","level":"INFO","device":"200000000002","event":"OBD2_SENT_0x0200","detail":"Lat: 51.727439, Lng: 0.495280 | Speed: 37km/h | RPM: 2270"}
{"ts":"2026-04-05T23:29:36.490Z","level":"INFO","device":"291078985963","event":"SERVER_ACK","detail":"0x8001 Universal Reply Received"}
{"ts":"2026-04-05T23:29:36.561Z","level":"INFO","device":"200000000003","event":"OBD2_SENT_0x0200","detail":"Lat: 51.728471, Lng: 0.494677 | Speed: 31km/h | RPM: 2036"}
{"ts":"2026-04-05T23:29:36.619Z","level":"INFO","device":"200000000002","event":"SERVER_ACK","detail":"0x8001 Universal Reply Received"}
{"ts":"2026-04-05T23:29:36.709Z","level":"INFO","device":"200000000004","event":"OBD2_SENT_0x0200","detail":"Lat: 51.730539, Lng: 0.492593 | Speed: 21km/h | RPM: 1657"}
{"ts":"2026-04-05T23:29:36.780Z","level":"INFO","device":"200000000003","event":"SERVER_ACK","detail":"0x8001 Universal Reply Received"}
{"ts":"2026-04-05T23:29:36.859Z","level":"INFO","device":"200000000005","event":"OBD2_SENT_0x0200","detail":"Lat: 51.724744, Lng: 0.496171 | Speed: 45km/h | RPM: 2590"}
{"ts":"2026-04-05T23:29:36.896Z","level":"INFO","device":"200000000004","event":"SERVER_ACK","detail":"0x8001 Universal Reply Received"}
{"ts":"2026-04-05T23:29:37.012Z","level":"INFO","device":"200000000006","event":"OBD2_SENT_0x0200","detail":"Lat: 51.726001, Lng: 0.495880 | Speed: 43km/h | RPM: 2503"}
{"ts":"2026-04-05T23:29:37.047Z","level":"INFO","device":"200000000005","event":"SERVER_ACK","detail":"0x8001 Universal Reply Received"}
{"ts":"2026-04-05T23:29:37.160Z","level":"INFO","device":"200000000007","event":"OBD2_SENT_0x0200","detail":"Lat: 51.723780, Lng: 0.496446 | Speed: 43km/h | RPM: 2538"}
{"ts":"2026-04-05T23:29:37.233Z","level":"INFO","device":"200000000006","event":"SERVER_ACK","detail":"0x8001 Universal Reply Received"}
{"ts":"2026-04-05T23:29:37.311Z","level":"INFO","device":"200000000008","event":"OBD2_SENT_0x0200","detail":"Lat: 51.727205, Lng: 0.495397 | Speed: 32km/h | RPM: 2088"}
{"ts":"2026-04-05T23:29:37.349Z","level":"INFO","device":"200000000007","event":"SERVER_ACK","detail":"0x8001 Universal Reply Received"}
{"ts":"2026-04-05T23:29:37.460Z","level":"INFO","device":"200000000009","event":"OBD2_SENT_0x0200","detail":"Lat: 51.726737, Lng: 0.495631 | Speed: 38km/h | RPM: 2315"}
{"ts":"2026-04-05T23:29:37.526Z","level":"INFO","device":"200000000008","event":"SERVER_ACK","detail":"0x8001 Universal Reply Received"}
{"ts":"2026-04-05T23:29:37.611Z","level":"INFO","device":"200000000010","event":"OBD2_SENT_0x0200","detail":"Lat: 51.724162, Lng: 0.496331 | Speed: 50km/h | RPM: 2808"}
{"ts":"2026-04-05T23:29:37.646Z","level":"INFO","device":"200000000009","event":"SERVER_ACK","detail":"0x8001 Universal Reply Received"}
{"ts":"2026-04-05T23:29:37.807Z","level":"INFO","device":"200000000010","event":"SERVER_ACK","detail":"0x8001 Universal Reply Received"}
{"ts":"2026-04-05T23:29:41.829Z","level":"INFO","device":"291078985963","event":"RX_MSG","detail":"0x9208 bodyLen=81"}
{"ts":"2026-04-05T23:29:41.829Z","level":"INFO","device":"291078985963","event":"9208_RAW","detail":"0C35342E33372E3232352E36350D32000029107898596300260405232751030200323931303738393835393633303032363034303532333237353130333032303000000000000000000000000000000000"}
{"ts":"2026-04-05T23:29:41.830Z","level":"INFO","device":"291078985963","event":"UPLOAD_TRIGGERED","detail":"media: 54.37.225.65:3378 | alarmId: 29107898596300260405232751030200"}
{"ts":"2026-04-05T23:29:41.830Z","level":"INFO","device":"291078985963","event":"MEDIA_CONNECTING","detail":"54.37.225.65:3378 files=2"}
{"ts":"2026-04-05T23:29:41.966Z","level":"INFO","device":"868120100002","event":"RX_MSG","detail":"0x9208 bodyLen=81"}
{"ts":"2026-04-05T23:29:41.966Z","level":"INFO","device":"868120100002","event":"9208_RAW","detail":"0C35342E33372E3232352E36350D32000086812010000200260405232751030200383638313230313030303032303032363034303532333237353130333032303000000000000000000000000000000000"}
{"ts":"2026-04-05T23:29:41.966Z","level":"INFO","device":"868120100002","event":"UPLOAD_TRIGGERED","detail":"media: 54.37.225.65:3378 | alarmId: 86812010000200260405232751030200"}
{"ts":"2026-04-05T23:29:41.967Z","level":"INFO","device":"868120100002","event":"MEDIA_CONNECTING","detail":"54.37.225.65:3378 files=2"}
{"ts":"2026-04-05T23:29:41.974Z","level":"INFO","device":"868120100003","event":"RX_MSG","detail":"0x9208 bodyLen=81"}
{"ts":"2026-04-05T23:29:41.974Z","level":"INFO","device":"868120100003","event":"9208_RAW","detail":"0C35342E33372E3232352E36350D32000086812010000300260405232751030200383638313230313030303033303032363034303532333237353130333032303000000000000000000000000000000000"}
{"ts":"2026-04-05T23:29:41.974Z","level":"INFO","device":"868120100003","event":"UPLOAD_TRIGGERED","detail":"media: 54.37.225.65:3378 | alarmId: 86812010000300260405232751030200"}
{"ts":"2026-04-05T23:29:41.974Z","level":"INFO","device":"868120100003","event":"MEDIA_CONNECTING","detail":"54.37.225.65:3378 files=2"}
{"ts":"2026-04-05T23:29:42.024Z","level":"INFO","device":"291078985963","event":"MEDIA_CONNECTED","detail":"54.37.225.65:3378"}
{"ts":"2026-04-05T23:29:42.024Z","level":"INFO","device":"291078985963","event":"FILE_START","detail":"[1/2] 00_64_6401_00_29107898596300260405232751030200.jpg (215 bytes)"}
{"ts":"2026-04-05T23:29:42.024Z","level":"INFO","device":"291078985963","event":"SENT_1210","detail":"00_64_6401_00_29107898596300260405232751030200.jpg"}
{"ts":"2026-04-05T23:29:42.104Z","level":"INFO","device":"868120100004","event":"RX_MSG","detail":"0x9208 bodyLen=81"}
{"ts":"2026-04-05T23:29:42.105Z","level":"INFO","device":"868120100004","event":"9208_RAW","detail":"0C35342E33372E3232352E36350D32000086812010000400260405232751030200383638313230313030303034303032363034303532333237353130333032303000000000000000000000000000000000"}
{"ts":"2026-04-05T23:29:42.105Z","level":"INFO","device":"868120100004","event":"UPLOAD_TRIGGERED","detail":"media: 54.37.225.65:3378 | alarmId: 86812010000400260405232751030200"}
{"ts":"2026-04-05T23:29:42.105Z","level":"INFO","device":"868120100004","event":"MEDIA_CONNECTING","detail":"54.37.225.65:3378 files=2"}
{"ts":"2026-04-05T23:29:42.125Z","level":"INFO","device":"291078985963","event":"SENT_1212","detail":"00_64_6401_00_29107898596300260405232751030200.jpg"}
{"ts":"2026-04-05T23:29:42.168Z","level":"INFO","device":"868120100003","event":"MEDIA_CONNECTED","detail":"54.37.225.65:3378"}
{"ts":"2026-04-05T23:29:42.170Z","level":"INFO","device":"868120100003","event":"FILE_START","detail":"[1/2] 00_64_6401_00_86812010000300260405232751030200.jpg (215 bytes)"}
{"ts":"2026-04-05T23:29:42.171Z","level":"INFO","device":"868120100003","event":"SENT_1210","detail":"00_64_6401_00_86812010000300260405232751030200.jpg"}
{"ts":"2026-04-05T23:29:42.177Z","level":"INFO","device":"868120100002","event":"MEDIA_CONNECTED","detail":"54.37.225.65:3378"}
{"ts":"2026-04-05T23:29:42.177Z","level":"INFO","device":"868120100002","event":"FILE_START","detail":"[1/2] 00_64_6401_00_86812010000200260405232751030200.jpg (215 bytes)"}
{"ts":"2026-04-05T23:29:42.177Z","level":"INFO","device":"868120100002","event":"SENT_1210","detail":"00_64_6401_00_86812010000200260405232751030200.jpg"}
{"ts":"2026-04-05T23:29:42.220Z","level":"INFO","device":"291078985963","event":"MEDIA_RX","detail":"7E 80 01 00 05 29 10 78 98 59 63 95 9E 00 00 12 10 00 6E 7E"}
{"ts":"2026-04-05T23:29:42.268Z","level":"INFO","device":"868120100005","event":"RX_MSG","detail":"0x9208 bodyLen=81"}
{"ts":"2026-04-05T23:29:42.268Z","level":"INFO","device":"868120100005","event":"9208_RAW","detail":"0C35342E33372E3232352E36350D32000086812010000500260405232752030200383638313230313030303035303032363034303532333237353230333032303000000000000000000000000000000000"}
{"ts":"2026-04-05T23:29:42.268Z","level":"INFO","device":"868120100005","event":"UPLOAD_TRIGGERED","detail":"media: 54.37.225.65:3378 | alarmId: 86812010000500260405232752030200"}
{"ts":"2026-04-05T23:29:42.268Z","level":"INFO","device":"868120100005","event":"MEDIA_CONNECTING","detail":"54.37.225.65:3378 files=2"}
{"ts":"2026-04-05T23:29:42.272Z","level":"INFO","device":"868120100003","event":"SENT_1212","detail":"00_64_6401_00_86812010000300260405232751030200.jpg"}
{"ts":"2026-04-05T23:29:42.278Z","level":"INFO","device":"868120100002","event":"SENT_1212","detail":"00_64_6401_00_86812010000200260405232751030200.jpg"}
{"ts":"2026-04-05T23:29:42.306Z","level":"INFO","device":"868120100004","event":"MEDIA_CONNECTED","detail":"54.37.225.65:3378"}
{"ts":"2026-04-05T23:29:42.306Z","level":"INFO","device":"868120100004","event":"FILE_START","detail":"[1/2] 00_64_6401_00_86812010000400260405232751030200.jpg (215 bytes)"}
{"ts":"2026-04-05T23:29:42.306Z","level":"INFO","device":"868120100004","event":"SENT_1210","detail":"00_64_6401_00_86812010000400260405232751030200.jpg"}
{"ts":"2026-04-05T23:29:42.367Z","level":"INFO","device":"868120100003","event":"MEDIA_RX","detail":"7E 80 01 00 05 86 81 20 10 00 03 12 D2 00 00 12 10 00 72 7E"}
{"ts":"2026-04-05T23:29:42.389Z","level":"INFO","device":"868120100002","event":"MEDIA_RX","detail":"7E 80 01 00 05 86 81 20 10 00 02 5A CD 00 00 12 10 00 24 7E"}
{"ts":"2026-04-05T23:29:42.407Z","level":"INFO","device":"868120100004","event":"SENT_1212","detail":"00_64_6401_00_86812010000400260405232751030200.jpg"}
{"ts":"2026-04-05T23:29:42.411Z","level":"INFO","device":"291078985963","event":"MEDIA_RX","detail":"7E 80 01 00 05 29 10 78 98 59 63 8F 7F 00 01 12 11 00 95 7E 7E 92 12 00 36 29 10 78 98 59 63 CF 03 32 30 30 5F 36 34 5F 36 34 30 31 5F 30 30 5F 32 39 31 30 37 38 39 38 35 39 36 33 30 30 32 36 30 34 30 35 32 33 32 37 35 31 30 33 30 32 30 30 2E 6A 70 67 00 00 00 F0 7E"}
{"ts":"2026-04-05T23:29:42.425Z","level":"INFO","device":"291078985963","event":"FILE_START","detail":"[2/2] 02_64_6401_03_29107898596300260405232751030200.mp4 (65536 bytes)"}
{"ts":"2026-04-05T23:29:42.425Z","level":"INFO","device":"291078985963","event":"SENT_1210","detail":"02_64_6401_03_29107898596300260405232751030200.mp4"}
{"ts":"2026-04-05T23:29:42.477Z","level":"INFO","device":"868120100005","event":"MEDIA_CONNECTED","detail":"54.37.225.65:3378"}
{"ts":"2026-04-05T23:29:42.477Z","level":"INFO","device":"868120100005","event":"FILE_START","detail":"[1/2] 00_64_6401_00_86812010000500260405232752030200.jpg (215 bytes)"}
{"ts":"2026-04-05T23:29:42.477Z","level":"INFO","device":"868120100005","event":"SENT_1210","detail":"00_64_6401_00_86812010000500260405232752030200.jpg"}
{"ts":"2026-04-05T23:29:42.509Z","level":"INFO","device":"868120100004","event":"MEDIA_RX","detail":"7E 80 01 00 05 86 81 20 10 00 04 C0 0B 00 00 12 10 00 7D 02 7E"}
{"ts":"2026-04-05T23:29:42.533Z","level":"INFO","device":"291078985963","event":"SENT_1212","detail":"02_64_6401_03_29107898596300260405232751030200.mp4"}
{"ts":"2026-04-05T23:29:42.557Z","level":"INFO","device":"868120100003","event":"MEDIA_RX","detail":"7E 80 01 00 05 86 81 20 10 00 03 89 9F 00 01 12 11 00 A4 7E 7E 92 12 00 36 86 81 20 10 00 03 A1 4B 32 30 30 5F 36 34 5F 36 34 30 31 5F 30 30 5F 38 36 38 31 32 30 31 30 30 30 30 33 30 30 32 36 30 34 30 35 32 33 32 37 35 31 30 33 30 32 30 30 2E 6A 70 67 00 00 00 0B 7E"}
{"ts":"2026-04-05T23:29:42.564Z","level":"INFO","device":"868120100007","event":"RX_MSG","detail":"0x9208 bodyLen=81"}
{"ts":"2026-04-05T23:29:42.564Z","level":"INFO","device":"868120100007","event":"9208_RAW","detail":"0C35342E33372E3232352E36350D32000086812010000700260405232752030200383638313230313030303037303032363034303532333237353230333032303000000000000000000000000000000000"}
{"ts":"2026-04-05T23:29:42.564Z","level":"INFO","device":"868120100007","event":"UPLOAD_TRIGGERED","detail":"media: 54.37.225.65:3378 | alarmId: 86812010000700260405232752030200"}
{"ts":"2026-04-05T23:29:42.564Z","level":"INFO","device":"868120100007","event":"MEDIA_CONNECTING","detail":"54.37.225.65:3378 files=2"}
{"ts":"2026-04-05T23:29:42.573Z","level":"INFO","device":"868120100003","event":"FILE_START","detail":"[2/2] 02_64_6401_03_86812010000300260405232751030200.mp4 (65536 bytes)"}
{"ts":"2026-04-05T23:29:42.573Z","level":"INFO","device":"868120100003","event":"SENT_1210","detail":"02_64_6401_03_86812010000300260405232751030200.mp4"}
{"ts":"2026-04-05T23:29:42.577Z","level":"INFO","device":"868120100005","event":"SENT_1212","detail":"00_64_6401_00_86812010000500260405232752030200.jpg"}
{"ts":"2026-04-05T23:29:42.579Z","level":"INFO","device":"868120100002","event":"FILE_START","detail":"[2/2] 02_64_6401_03_86812010000200260405232751030200.mp4 (65536 bytes)"}
{"ts":"2026-04-05T23:29:42.579Z","level":"INFO","device":"868120100002","event":"SENT_1210","detail":"02_64_6401_03_86812010000200260405232751030200.mp4"}
{"ts":"2026-04-05T23:29:42.597Z","level":"INFO","device":"868120100002","event":"MEDIA_RX","detail":"7E 80 01 00 05 86 81 20 10 00 02 8B 68 00 01 12 11 00 50 7E 7E 92 12 00 36 86 81 20 10 00 02 43 CB 32 30 30 5F 36 34 5F 36 34 30 31 5F 30 30 5F 38 36 38 31 32 30 31 30 30 30 30 32 30 30 32 36 30 34 30 35 32 33 32 37 35 31 30 33 30 32 30 30 2E 6A 70 67 00 00 00 69 7E"}
{"ts":"2026-04-05T23:29:42.620Z","level":"INFO","device":"291078985963","event":"MEDIA_RX","detail":"7E 80 01 00 05 29 10 78 98 59 63 FF 8E 00 03 12 10 00 17 7E"}
{"ts":"2026-04-05T23:29:42.678Z","level":"INFO","device":"868120100003","event":"SENT_1212","detail":"02_64_6401_03_86812010000300260405232751030200.mp4"}
{"ts":"2026-04-05T23:29:42.682Z","level":"INFO","device":"868120100002","event":"SENT_1212","detail":"02_64_6401_03_86812010000200260405232751030200.mp4"}
{"ts":"2026-04-05T23:29:42.689Z","level":"INFO","device":"868120100005","event":"MEDIA_RX","detail":"7E 80 01 00 05 86 81 20 10 00 05 FB C4 00 00 12 10 00 8B 7E"}
{"ts":"2026-04-05T23:29:42.708Z","level":"INFO","device":"868120100004","event":"MEDIA_RX","detail":"7E 80 01 00 05 86 81 20 10 00 04 1C D4 00 01 12 11 00 7D 01 7E 7E 92 12 00 36 86 81 20 10 00 04 98 53 32 30 30 5F 36 34 5F 36 34 30 31 5F 30 30 5F 38 36 38 31 32 30 31 30 30 30 30 34 30 30 32 36 30 34 30 35 32 33 32 37 35 31 30 33 30 32 30 30 2E 6A 70 67 00 00 00 2A 7E"}
{"ts":"2026-04-05T23:29:42.709Z","level":"INFO","device":"868120100004","event":"FILE_START","detail":"[2/2] 02_64_6401_03_86812010000400260405232751030200.mp4 (65536 bytes)"}
{"ts":"2026-04-05T23:29:42.709Z","level":"INFO","device":"868120100004","event":"SENT_1210","detail":"02_64_6401_03_86812010000400260405232751030200.mp4"}
{"ts":"2026-04-05T23:29:42.737Z","level":"INFO","device":"868120100008","event":"RX_MSG","detail":"0x9208 bodyLen=81"}
{"ts":"2026-04-05T23:29:42.737Z","level":"INFO","device":"868120100008","event":"9208_RAW","detail":"0C35342E33372E3232352E36350D32000086812010000800260405232752030200383638313230313030303038303032363034303532333237353230333032303000000000000000000000000000000000"}
{"ts":"2026-04-05T23:29:42.737Z","level":"INFO","device":"868120100008","event":"UPLOAD_TRIGGERED","detail":"media: 54.37.225.65:3378 | alarmId: 86812010000800260405232752030200"}
{"ts":"2026-04-05T23:29:42.737Z","level":"INFO","device":"868120100008","event":"MEDIA_CONNECTING","detail":"54.37.225.65:3378 files=2"}
{"ts":"2026-04-05T23:29:42.764Z","level":"INFO","device":"868120100007","event":"MEDIA_CONNECTED","detail":"54.37.225.65:3378"}
{"ts":"2026-04-05T23:29:42.764Z","level":"INFO","device":"868120100007","event":"FILE_START","detail":"[1/2] 00_64_6401_00_86812010000700260405232752030200.jpg (215 bytes)"}
{"ts":"2026-04-05T23:29:42.764Z","level":"INFO","device":"868120100007","event":"SENT_1210","detail":"00_64_6401_00_86812010000700260405232752030200.jpg"}
{"ts":"2026-04-05T23:29:42.767Z","level":"INFO","device":"868120100003","event":"MEDIA_RX","detail":"7E 80 01 00 05 86 81 20 10 00 03 04 94 00 03 12 10 00 21 7E"}
{"ts":"2026-04-05T23:29:42.814Z","level":"INFO","device":"868120100004","event":"SENT_1212","detail":"02_64_6401_03_86812010000400260405232751030200.mp4"}
{"ts":"2026-04-05T23:29:42.814Z","level":"INFO","device":"291078985963","event":"MEDIA_RX","detail":"7E 80 01 00 05 29 10 78 98 59 63 53 BF 00 04 12 11 00 8C 7E 7E 80 01 00 05 29 10 78 98 59 63 19 49 00 05 12 11 00 31 7E 7E 80 01 00 05 29 10 78 98 59 63 29 AA 00 06 12 11 00 E1 7E 7E 80 01 00 05 29 10 78 98 59 63 40 50 00 07 12 11 00 73 7E 7E 80 01 00 05 29 10 78 98 59 63 61 CB 00 08 12 11 00 C6 7E 7E 80 01 00 05 29 10 78 98 59 63 C1 C2 00 09 12 11 00 6E 7E 7E 80 01 00 05 29 10 78 98 59 63 AD 15 00 0A 12 11 00 D6 7E 7E 80 01 00 05 29 10 78 98 59 63 27 FA 00 0B 12 11 00 B2 7E 7E 80 01 00 05 29 10 78 98 59 63 9A 5A 00 0C 12 11 00 A8 7E 7E 80 01 00 05 29 10 78 98 59 63 9A 5E 00 0D 12 11 00 AD 7E 7E 80 01 00 05 29 10 78 98 59 63 FE 6B 00 0E 12 11 00 FF 7E 7E 80 01 00 05 29 10 78 98 59 63 96 BE 00 0F 12 11 00 43 7E 7E 80 01 00 05 29 10 78 98 59 63 8A C7 00 10 12 11 00 39 7E 7E 80 01 00 05 29 10 78 98 59 63 41 85 00 11 12 11 00 B1 7E 7E 80 01 00 05 29 10 78 98 59 63 B7 27 00 12 12 11 00 E6 7E 7E 80 01 00 05 29 10 78 98 59 63 6F 02 00 13 12 11 00 1A 7E 7E 80 01 00 05 29 10 78 98 59 63 D4 68 00 14 12 11 00 CC 7E 7E 80 01 00 05 29 10 78 98 59 63 1A 62 00 15 12 11 00 09 7E 7E 80 01 00 05 29 10 78 98 59 63 3B CD 00 16 12 11 00 84 7E 7E 80 01 00 05 29 10 78 98 59 63 5B E9 00 17 12 11 00 C1 7E 7E 80 01 00 05 29 10 78 98 59 63 C1 5E 00 18 12 11 00 E3 7E 7E 80 01 00 05 29 10 78 98 59 63 46 7F 00 19 12 11 00 44 7E 7E 80 01 00 05 29 10 78 98 59 63 20 E1 00 1A 12 11 00 BF 7E 7E 80 01 00 05 29 10 78 98 59 63 EF 27 00 1B 12 11 00 B7 7E 7E 80 01 00 05 29 10 78 98 59 63 8C 30 00 1C 12 11 00 C4 7E 7E 80 01 00 05 29 10 78 98 59 63 E7 62 00 1D 12 11 00 FC 7E 7E 80 01 00 05 29 10 78 98 59 63 DA 5A 00 1E 12 11 00 FA 7E 7E 80 01 00 05 29 10 78 98 59 63 E2 02 00 1F 12 11 00 9B 7E 7E 80 01 00 05 29 10 78 98 59 63 18 BF 00 20 12 11 00 E3 7E 7E 80 01 00 05 29 10 78 98 59 63 27 17 00 21 12 11 00 75 7E 7E 80 01 00 05 29 10 78 98 59 63 94 1C 00 22 12 11 00 CE 7E 7E 80 01 00 05 29 10 78 98 59 63 5F 93 00 23 12 11 00 8B 7E 7E 80 01 00 05 29 10 78 98 59 63 F2 4E 00 24 12 11 00 FC 7E"}
{"ts":"2026-04-05T23:29:42.833Z","level":"INFO","device":"291078985963","event":"BATCH_COMPLETE","detail":"All 2 files sent"}
{"ts":"2026-04-05T23:29:42.859Z","level":"INFO","device":"868120100009","event":"RX_MSG","detail":"0x9208 bodyLen=81"}
{"ts":"2026-04-05T23:29:42.859Z","level":"INFO","device":"868120100009","event":"9208_RAW","detail":"0C35342E33372E3232352E36350D32000086812010000900260405232752030200383638313230313030303039303032363034303532333237353230333032303000000000000000000000000000000000"}
{"ts":"2026-04-05T23:29:42.859Z","level":"INFO","device":"868120100009","event":"UPLOAD_TRIGGERED","detail":"media: 54.37.225.65:3378 | alarmId: 86812010000900260405232752030200"}
{"ts":"2026-04-05T23:29:42.859Z","level":"INFO","device":"868120100009","event":"MEDIA_CONNECTING","detail":"54.37.225.65:3378 files=2"}
{"ts":"2026-04-05T23:29:42.865Z","level":"INFO","device":"868120100007","event":"SENT_1212","detail":"00_64_6401_00_86812010000700260405232752030200.jpg"}
{"ts":"2026-04-05T23:29:42.878Z","level":"INFO","device":"868120100005","event":"FILE_START","detail":"[2/2] 02_64_6401_03_86812010000500260405232752030200.mp4 (65536 bytes)"}
{"ts":"2026-04-05T23:29:42.878Z","level":"INFO","device":"868120100005","event":"SENT_1210","detail":"02_64_6401_03_86812010000500260405232752030200.mp4"}
{"ts":"2026-04-05T23:29:42.889Z","level":"INFO","device":"868120100002","event":"MEDIA_RX","detail":"7E 80 01 00 05 86 81 20 10 00 02 95 14 00 03 12 10 00 31 7E"}
{"ts":"2026-04-05T23:29:42.894Z","level":"INFO","device":"868120100005","event":"MEDIA_RX","detail":"7E 80 01 00 05 86 81 20 10 00 05 B4 D2 00 01 12 11 00 D2 7E 7E 92 12 00 36 86 81 20 10 00 05 25 12 32 30 30 5F 36 34 5F 36 34 30 31 5F 30 30 5F 38 36 38 31 32 30 31 30 30 30 30 35 30 30 32 36 30 34 30 35 32 33 32 37 35 32 30 33 30 32 30 30 2E 6A 70 67 00 00 00 D5 7E"}
{"ts":"2026-04-05T23:29:42.920Z","level":"INFO","device":"868120100004","event":"MEDIA_RX","detail":"7E 80 01 00 05 86 81 20 10 00 04 FE 2C 00 03 12 10 00 64 7E"}
{"ts":"2026-04-05T23:29:42.947Z","level":"INFO","device":"868120100008","event":"MEDIA_CONNECTED","detail":"54.37.225.65:3378"}
{"ts":"2026-04-05T23:29:42.947Z","level":"INFO","device":"868120100008","event":"FILE_START","detail":"[1/2] 00_64_6401_00_86812010000800260405232752030200.jpg (215 bytes)"}
{"ts":"2026-04-05T23:29:42.947Z","level":"INFO","device":"868120100008","event":"SENT_1210","detail":"00_64_6401_00_86812010000800260405232752030200.jpg"}
{"ts":"2026-04-05T23:29:42.983Z","level":"INFO","device":"868120100005","event":"SENT_1212","detail":"02_64_6401_03_86812010000500260405232752030200.mp4"}
{"ts":"2026-04-05T23:29:42.983Z","level":"INFO","device":"868120100003","event":"BATCH_COMPLETE","detail":"All 2 files sent"}
{"ts":"2026-04-05T23:29:42.984Z","level":"INFO","device":"868120100007","event":"MEDIA_RX","detail":"7E 80 01 00 05 86 81 20 10 00 07 DA 3A 00 00 12 10 00 56 7E"}
{"ts":"2026-04-05T23:29:42.984Z","level":"INFO","device":"868120100002","event":"BATCH_COMPLETE","detail":"All 2 files sent"}
{"ts":"2026-04-05T23:29:42.984Z","level":"INFO","device":"100000000010","event":"RX_MSG","detail":"0x9208 bodyLen=81"}
{"ts":"2026-04-05T23:29:42.984Z","level":"INFO","device":"100000000010","event":"9208_RAW","detail":"0C35342E33372E3232352E36350D32000010000000001000260405232752030200313030303030303030303130303032363034303532333237353230333032303000000000000000000000000000000000"}
{"ts":"2026-04-05T23:29:42.984Z","level":"INFO","device":"100000000010","event":"UPLOAD_TRIGGERED","detail":"media: 54.37.225.65:3378 | alarmId: 10000000001000260405232752030200"}
{"ts":"2026-04-05T23:29:42.984Z","level":"INFO","device":"100000000010","event":"MEDIA_CONNECTING","detail":"54.37.225.65:3378 files=2"}
{"ts":"2026-04-05T23:29:43.047Z","level":"INFO","device":"868120100008","event":"SENT_1212","detail":"00_64_6401_00_86812010000800260405232752030200.jpg"}
{"ts":"2026-04-05T23:29:43.061Z","level":"INFO","device":"868120100009","event":"MEDIA_CONNECTED","detail":"54.37.225.65:3378"}
{"ts":"2026-04-05T23:29:43.061Z","level":"INFO","device":"868120100009","event":"FILE_START","detail":"[1/2] 00_64_6401_00_86812010000900260405232752030200.jpg (215 bytes)"}
{"ts":"2026-04-05T23:29:43.061Z","level":"INFO","device":"868120100009","event":"SENT_1210","detail":"00_64_6401_00_86812010000900260405232752030200.jpg"}
{"ts":"2026-04-05T23:29:43.114Z","level":"INFO","device":"868120100004","event":"BATCH_COMPLETE","detail":"All 2 files sent"}
{"ts":"2026-04-05T23:29:43.161Z","level":"INFO","device":"868120100008","event":"MEDIA_RX","detail":"7E 80 01 00 05 86 81 20 10 00 08 E9 2D 00 00 12 10 00 7D 01 7E"}
{"ts":"2026-04-05T23:29:43.162Z","level":"INFO","device":"868120100009","event":"SENT_1212","detail":"00_64_6401_00_86812010000900260405232752030200.jpg"}
{"ts":"2026-04-05T23:29:43.165Z","level":"INFO","device":"868120100007","event":"FILE_START","detail":"[2/2] 02_64_6401_03_86812010000700260405232752030200.mp4 (65536 bytes)"}
{"ts":"2026-04-05T23:29:43.165Z","level":"INFO","device":"868120100007","event":"SENT_1210","detail":"02_64_6401_03_86812010000700260405232752030200.mp4"}
{"ts":"2026-04-05T23:29:43.179Z","level":"INFO","device":"868120100007","event":"MEDIA_RX","detail":"7E 80 01 00 05 86 81 20 10 00 07 01 90 00 01 12 11 00 27 7E 7E 92 12 00 36 86 81 20 10 00 07 20 B2 32 30 30 5F 36 34 5F 36 34 30 31 5F 30 30 5F 38 36 38 31 32 30 31 30 30 30 30 37 30 30 32 36 30 34 30 35 32 33 32 37 35 32 30 33 30 32 30 30 2E 6A 70 67 00 00 00 70 7E"}
{"ts":"2026-04-05T23:29:43.189Z","level":"INFO","device":"868120100005","event":"MEDIA_RX","detail":"7E 80 01 00 05 86 81 20 10 00 05 3F 52 00 03 12 10 00 DA 7E"}
{"ts":"2026-04-05T23:29:43.199Z","level":"INFO","device":"100000000010","event":"MEDIA_CONNECTED","detail":"54.37.225.65:3378"}
{"ts":"2026-04-05T23:29:43.199Z","level":"INFO","device":"100000000010","event":"FILE_START","detail":"[1/2] 00_64_6401_00_10000000001000260405232752030200.jpg (215 bytes)"}
{"ts":"2026-04-05T23:29:43.199Z","level":"INFO","device":"100000000010","event":"SENT_1210","detail":"00_64_6401_00_10000000001000260405232752030200.jpg"}
{"ts":"2026-04-05T23:29:43.225Z","level":"ERROR","device":"291078985963","event":"MEDIA_ERROR","detail":"54.37.225.65:3378 — read ECONNRESET"}
{"ts":"2026-04-05T23:29:43.225Z","level":"INFO","device":"291078985963","event":"MEDIA_CLOSED","detail":""}
{"ts":"2026-04-05T23:29:43.270Z","level":"INFO","device":"868120100007","event":"SENT_1212","detail":"02_64_6401_03_86812010000700260405232752030200.mp4"}
{"ts":"2026-04-05T23:29:43.273Z","level":"INFO","device":"868120100009","event":"MEDIA_RX","detail":"7E 80 01 00 05 86 81 20 10 00 09 8E 27 00 00 12 10 00 11 7E"}
{"ts":"2026-04-05T23:29:43.283Z","level":"INFO","device":"868120100005","event":"BATCH_COMPLETE","detail":"All 2 files sent"}
{"ts":"2026-04-05T23:29:43.299Z","level":"INFO","device":"100000000010","event":"SENT_1212","detail":"00_64_6401_00_10000000001000260405232752030200.jpg"}
{"ts":"2026-04-05T23:29:43.347Z","level":"INFO","device":"868120100008","event":"FILE_START","detail":"[2/2] 02_64_6401_03_86812010000800260405232752030200.mp4 (65536 bytes)"}
{"ts":"2026-04-05T23:29:43.347Z","level":"INFO","device":"868120100008","event":"SENT_1210","detail":"02_64_6401_03_86812010000800260405232752030200.mp4"}
{"ts":"2026-04-05T23:29:43.372Z","level":"INFO","device":"868120100008","event":"MEDIA_RX","detail":"7E 80 01 00 05 86 81 20 10 00 08 1A D6 00 01 12 11 00 75 7E 7E 92 12 00 36 86 81 20 10 00 08 DE C4 32 30 30 5F 36 34 5F 36 34 30 31 5F 30 30 5F 38 36 38 31 32 30 31 30 30 30 30 38 30 30 32 36 30 34 30 35 32 33 32 37 35 32 30 33 30 32 30 30 2E 6A 70 67 00 00 00 F8 7E"}
{"ts":"2026-04-05T23:29:43.377Z","level":"INFO","device":"868120100003","event":"MEDIA_RX","detail":"7E 80 01 00 05 86 81 20 10 00 03 BC F3 00 04 12 11 00 F8 7E 7E 80 01 00 05 86 81 20 10 00 03 41 BD 00 05 12 11 00 4A 7E 7E 80 01 00 05 86 81 20 10 00 03 69 5C 00 06 12 11 00 80 7E 7E 80 01 00 05 86 81 20 10 00 03 A3 77 00 07 12 11 00 60 7E 7E 80 01 00 05 86 81 20 10 00 03 96 1C 00 08 12 11 00 31 7E 7E 80 01 00 05 86 81 20 10 00 03 E7 31 00 09 12 11 00 6C 7E 7E 80 01 00 05 86 81 20 10 00 03 84 AA 00 0A 12 11 00 97 7E 7E 80 01 00 05 86 81 20 10 00 03 80 F9 00 0B 12 11 00 C1 7E 7E 80 01 00 05 86 81 20 10 00 03 3E 91 00 0C 12 11 00 10 7E 7E 80 01 00 05 86 81 20 10 00 03 E3 80 00 0D 12 11 00 DD 7E 7E 80 01 00 05 86 81 20 10 00 03 64 E0 00 0E 12 11 00 39 7E 7E 80 01 00 05 86 81 20 10 00 03 84 38 00 0F 12 11 00 00 7E 7E 80 01 00 05 86 81 20 10 00 03 26 40 00 10 12 11 00 C5 7E 7E 80 01 00 05 86 81 20 10 00 03 03 77 00 11 12 11 00 D6 7E 7E 80 01 00 05 86 81 20 10 00 03 BF 01 00 12 12 11 00 1F 7E 7E 80 01 00 05 86 81 20 10 00 03 30 C7 00 13 12 11 00 57 7E 7E 80 01 00 05 86 81 20 10 00 03 61 D8 00 14 12 11 00 1E 7E 7E 80 01 00 05 86 81 20 10 00 03 A6 AB 00 15 12 11 00 AB 7E 7E 80 01 00 05 86 81 20 10 00 03 90 26 00 16 12 11 00 13 7E 7E 80 01 00 05 86 81 20 10 00 03 66 55 00 17 12 11 00 97 7E 7E 80 01 00 05 86 81 20 10 00 03 74 7B 00 18 12 11 00 A4 7E 7E 80 01 00 05 86 81 20 10 00 03 17 D7 00 19 12 11 00 6A 7E 7E 80 01 00 05 86 81 20 10 00 03 E5 8A 00 1A 12 11 00 C6 7E 7E 80 01 00 05 86 81 20 10 00 03 4C 98 00 1B 12 11 00 7C 7E 7E 80 01 00 05 86 81 20 10 00 03 7F 24 00 1C 12 11 00 F4 7E 7E 80 01 00 05 86 81 20 10 00 03 9D 92 00 1D 12 11 00 A1 7E 7E 80 01 00 05 86 81 20 10 00 03 9C B3 00 1E 12 11 00 82 7E 7E 80 01 00 05 86 81 20 10 00 03 FB BB 00 1F 12 11 00 EC 7E 7E 80 01 00 05 86 81 20 10 00 03 39 3F 00 20 12 11 00 95 7E 7E 80 01 00 05 86 81 20 10 00 03 8E 91 00 21 12 11 00 8D 7E 7E 80 01 00 05 86 81 20 10 00 03 82 DB 00 22 12 11 00 C8 7E 7E 80 01 00 05 86 81 20 10 00 03 12 A8 00 23 12 11 00 2A 7E 7E 80 01 00 05 86 81 20 10 00 03 EA 45 00 24 12 11 00 38 7E 7E 80 01 00 05 86 81 20 10 00 03 3C 06 00 25 12 11 00 AC 7E 7E 80 01 00 05 86 81 20 10 00 03 62 58 00 26 12 11 00 AF 7E 7E 80 01 00 05 86 81 20 10 00 03 BE 0F 00 27 12 11 00 25 7E 7E 80 01 00 05 86 81 20 10 00 03 FC 14 00 28 12 11 00 73 7E 7E 80 01 00 05 86 81 20 10 00 03 E5 DB 00 29 12 11 00 A4 7E 7E 80 01 00 05 86 81 20 10 00 03 CF 65 00 2A 12 11 00 33 7E 7E 80 01 00 05 86 81 20 10 00 03 E3 C1 00 2B 12 11 00 BA 7E 7E 80 01 00 05 86 81 20 10 00 03 33 DD 00 2C 12 11 00 71 7E 7E 80 01 00 05 86 81 20 10 00 03 26 91 00 2D 12 11 00 29 7E 7E 80 01 00 05 86 81 20 10 00 03 68 24 00 2E 12 11 00 D1 7E 7E 80 01 00 05 86 81 20 10 00 03 86 AC 00 2F 12 11 00 B6 7E 7E 80 01 00 05 86 81 20 10 00 03 85 CE 00 30 12 11 00 C8 7E 7E 80 01 00 05 86 81 20 10 00 03 88 8E 00 31 12 11 00 84 7E 7E 80 01 00 05 86 81 20 10 00 03 9C 0D 00 32 12 11 00 10 7E 7E 80 01 00 05 86 81 20 10 00 03 FC 22 00 33 12 11 00 5E 7E 7E 80 01 00 05 86 81 20 10 00 03 26 FB 00 34 12 11 00 5A 7E 7E 80 01 00 05 86 81 20 10 00 03 EA F0 00 35 12 11 00 9C 7E 7E 80 01 00 05 86 81 20 10 00 03 C6 AE 00 36 12 11 00 ED 7E 7E 80 01 00 05 86 81 20 10 00 03 09 CA 00 37 12 11 00 47 7E 7E 80 01 00 05 86 81 20 10 00 03 18 85 00 38 12 11 00 16 7E 7E 80 01 00 05 86 81 20 10 00 03 13 E9 00 39 12 11 00 70 7E 7E 80 01 00 05 86 81 20 10 00 03 E0 5F 00 3A 12 11 00 36 7E 7E 80 01 00 05 86 81 20 10 00 03 E3 E6 00 3B 12 11 00 8D 7E 7E 80 01 00 05 86 81 20 10 00 03 59 F7 00 3C 12 11 00 21 7E 7E 80 01 00 05 86 81 20 10 00 03 25 E7 00 3D 12 11 00 4C 7E 7E 80 01 00 05 86 81 20 10 00 03 DE 53 00 3E 12 11 00 00 7E 7E 80 01 00 05 86 81 20 10 00 03 8A 48 00 3F 12 11 00 4E 7E 7E 80 01 00 05 86 81 20 10 00 03 04 3D 00 40 12 11 00 CA 7E 7E 80 01 00 05 86 81 20 10 00 03 6D B1 00 41 12 11 00 2E 7E 7E 80 01 00 05 86 81 20 10 00 03 25 A5 00 42 12 11 00 71 7E 7E 80 01 00 05 86 81 20 10 00 03 2E 3E 00 43 12 11 00 E0 7E 7E 92 12 00 36 86 81 20 10 00 03 FE 4A 32 30 32 5F 36 34 5F 36 34 30 31 5F 30 33 5F 38 36 38 31 32 30 31 30 30 30 30 33 30 30 32 36 30 34 30 35 32 33 32 37 35 31 30 33 30 32 30 30 2E 6D 70 34 02 00 00 02 7E"}
{"ts":"2026-04-05T23:29:43.378Z","level":"INFO","device":"868120100003","event":"MEDIA_CLOSED","detail":""}
{"ts":"2026-04-05T23:29:43.405Z","level":"INFO","device":"868120100002","event":"MEDIA_RX","detail":"7E 80 01 00 05 86 81 20 10 00 02 9A BE 00 04 12 11 00 92 7E 7E 80 01 00 05 86 81 20 10 00 02 58 67 00 05 12 11 00 88 7E 7E 80 01 00 05 86 81 20 10 00 02 EA E3 00 06 12 11 00 BD 7E 7E 80 01 00 05 86 81 20 10 00 02 4A FF 00 07 12 11 00 00 7E 7E 80 01 00 05 86 81 20 10 00 02 8A A8 00 08 12 11 00 98 7E 7E 80 01 00 05 86 81 20 10 00 02 4C 26 00 09 12 11 00 D1 7E 7E 80 01 00 05 86 81 20 10 00 02 06 68 00 0A 12 11 00 D6 7E 7E 80 01 00 05 86 81 20 10 00 02 FD 99 00 0B 12 11 00 DD 7E 7E 80 01 00 05 86 81 20 10 00 02 57 D0 00 0C 12 11 00 39 7E 7E 80 01 00 05 86 81 20 10 00 02 DC 9C 00 0D 12 11 00 FF 7E 7E 80 01 00 05 86 81 20 10 00 02 45 F2 00 0E 12 11 00 0B 7E 7E 80 01 00 05 86 81 20 10 00 02 4F 75 00 0F 12 11 00 87 7E 7E 80 01 00 05 86 81 20 10 00 02 E9 A5 00 10 12 11 00 EE 7E 7E 80 01 00 05 86 81 20 10 00 02 75 8E 00 11 12 11 00 58 7E 7E 80 01 00 05 86 81 20 10 00 02 7A D5 00 12 12 11 00 0F 7E 7E 80 01 00 05 86 81 20 10 00 02 4E 0E 00 13 12 11 00 E1 7E 7E 80 01 00 05 86 81 20 10 00 02 D5 C5 00 14 12 11 00 B6 7E 7E 80 01 00 05 86 81 20 10 00 02 C3 ED 00 15 12 11 00 89 7E 7E 80 01 00 05 86 81 20 10 00 02 22 5D 00 16 12 11 00 DB 7E 7E 80 01 00 05 86 81 20 10 00 02 35 71 00 17 12 11 00 E1 7E 7E 80 01 00 05 86 81 20 10 00 02 F4 EF 00 18 12 11 00 B1 7E 7E 80 01 00 05 86 81 20 10 00 02 AA F7 00 19 12 11 00 F6 7E 7E 80 01 00 05 86 81 20 10 00 02 44 79 00 1A 12 11 00 95 7E 7E 80 01 00 05 86 81 20 10 00 02 4B 8F 00 1B 12 11 00 6D 7E 7E 80 01 00 05 86 81 20 10 00 02 3D 63 00 1C 12 11 00 F0 7E 7E 80 01 00 05 86 81 20 10 00 02 24 15 00 1D 12 11 00 9E 7E 7E 80 01 00 05 86 81 20 10 00 02 92 8A 00 1E 12 11 00 B4 7E 7E 80 01 00 05 86 81 20 10 00 02 F9 CC 00 1F 12 11 00 98 7E 7E 80 01 00 05 86 81 20 10 00 02 99 03 00 20 12 11 00 08 7E 7E 80 01 00 05 86 81 20 10 00 02 9C 18 00 21 12 11 00 17 7E 7E 80 01 00 05 86 81 20 10 00 02 B3 08 00 22 12 11 00 2B 7E 7E 80 01 00 05 86 81 20 10 00 02 A0 E0 00 23 12 11 00 D1 7E 7E 80 01 00 05 86 81 20 10 00 02 A9 EB 00 24 12 11 00 D4 7E 7E 80 01 00 05 86 81 20 10 00 02 7D 02 C2 00 25 12 11 00 2B 7E 7E 80 01 00 05 86 81 20 10 00 02 2E 4B 00 26 12 11 00 F1 7E 7E 80 01 00 05 86 81 20 10 00 02 FB 7D 01 00 27 12 11 00 13 7E 7E 80 01 00 05 86 81 20 10 00 02 B4 68 00 28 12 11 00 46 7E 7E 80 01 00 05 86 81 20 10 00 02 C4 88 00 29 12 11 00 D7 7E 7E 80 01 00 05 86 81 20 10 00 02 DF A6 00 2A 12 11 00 E1 7E 7E 80 01 00 05 86 81 20 10 00 02 B2 35 00 2B 12 11 00 1E 7E 7E 80 01 00 05 86 81 20 10 00 02 6A D8 00 2C 12 11 00 2C 7E 7E 80 01 00 05 86 81 20 10 00 02 DB A7 00 2D 12 11 00 E3 7E 7E 80 01 00 05 86 81 20 10 00 02 B6 42 00 2E 12 11 00 68 7E 7E 80 01 00 05 86 81 20 10 00 02 07 6F 00 2F 12 11 00 F5 7E 7E 80 01 00 05 86 81 20 10 00 02 80 B8 00 30 12 11 00 BA 7E 7E 80 01 00 05 86 81 20 10 00 02 E3 58 00 31 12 11 00 38 7E 7E 80 01 00 05 86 81 20 10 00 02 20 90 00 32 12 11 00 30 7E 7E 80 01 00 05 86 81 20 10 00 02 BF C4 00 33 12 11 00 FA 7E 7E 80 01 00 05 86 81 20 10 00 02 2A F7 00 34 12 11 00 5B 7E 7E 80 01 00 05 86 81 20 10 00 02 BC 89 00 35 12 11 00 B2 7E 7E 80 01 00 05 86 81 20 10 00 02 A9 D2 00 36 12 11 00 FF 7E 7E 80 01 00 05 86 81 20 10 00 02 FF 51 00 37 12 11 00 2B 7E 7E 80 01 00 05 86 81 20 10 00 02 00 DD 00 38 12 11 00 57 7E 7E 80 01 00 05 86 81 20 10 00 02 25 E1 00 39 12 11 00 4F 7E 7E 80 01 00 05 86 81 20 10 00 02 4A FD 00 3A 12 11 00 3F 7E 7E 80 01 00 05 86 81 20 10 00 02 2E F7 00 3B 12 11 00 50 7E 7E 80 01 00 05 86 81 20 10 00 02 89 E0 00 3C 12 11 00 E7 7E 7E 80 01 00 05 86 81 20 10 00 02 99 21 00 3D 12 11 00 37 7E 7E 80 01 00 05 86 81 20 10 00 02 54 F7 00 3E 12 11 00 2F 7E 7E 80 01 00 05 86 81 20 10 00 02 4F 7C 00 3F 12 11 00 BE 7E 7E 80 01 00 05 86 81 20 10 00 02 47 76 00 40 12 11 00 C3 7E 7E 80 01 00 05 86 81 20 10 00 02 C5 51 00 41 12 11 00 67 7E 7E 80 01 00 05 86 81 20 10 00 02 EF B2 00 42 12 11 00 AD 7E 7E 80 01 00 05 86 81 20 10 00 02 48 8F 00 43 12 11 00 36 7E 7E 92 12 00 36 86 81 20 10 00 02 2D 4C 32 30 32 5F 36 34 5F 36 34 30 31 5F 30 33 5F 38 36 38 31 32 30 31 30 30 30 30 32 30 30 32 36 30 34 30 35 32 33 32 37 35 31 30 33 30 32 30 30 2E 6D 70 34 02 00 00 D7 7E"}
{"ts":"2026-04-05T23:29:43.406Z","level":"INFO","device":"868120100002","event":"MEDIA_CLOSED","detail":""}
{"ts":"2026-04-05T23:29:43.422Z","level":"INFO","device":"100000000010","event":"MEDIA_RX","detail":"7E 80 01 00 05 10 00 00 00 00 10 B5 F1 00 00 12 10 00 C2 7E"}
{"ts":"2026-04-05T23:29:43.450Z","level":"INFO","device":"868120100008","event":"SENT_1212","detail":"02_64_6401_03_86812010000800260405232752030200.mp4"}
{"ts":"2026-04-05T23:29:43.462Z","level":"INFO","device":"868120100009","event":"FILE_START","detail":"[2/2] 02_64_6401_03_86812010000900260405232752030200.mp4 (65536 bytes)"}
{"ts":"2026-04-05T23:29:43.462Z","level":"INFO","device":"868120100009","event":"SENT_1210","detail":"02_64_6401_03_86812010000900260405232752030200.mp4"}
{"ts":"2026-04-05T23:29:43.465Z","level":"INFO","device":"868120100007","event":"MEDIA_RX","detail":"7E 80 01 00 05 86 81 20 10 00 07 18 15 00 03 12 10 00 B8 7E"}
{"ts":"2026-04-05T23:29:43.467Z","level":"INFO","device":"868120100009","event":"MEDIA_RX","detail":"7E 80 01 00 05 86 81 20 10 00 09 D1 DC 00 01 12 11 00 B5 7E 7E 92 12 00 36 86 81 20 10 00 09 E7 D6 32 30 30 5F 36 34 5F 36 34 30 31 5F 30 30 5F 38 36 38 31 32 30 31 30 30 30 30 39 30 30 32 36 30 34 30 35 32 33 32 37 35 32 30 33 30 32 30 30 2E 6A 70 67 00 00 00 D3 7E"}
{"ts":"2026-04-05T23:29:43.515Z","level":"INFO","device":"868120100004","event":"MEDIA_RX","detail":"7E 80 01 00 05 86 81 20 10 00 04 41 84 00 04 12 11 00 75 7E 7E 80 01 00 05 86 81 20 10 00 04 55 22 00 05 12 11 00 C6 7E 7E 80 01 00 05 86 81 20 10 00 04 A6 C1 00 06 12 11 00 D5 7E 7E 80 01 00 05 86 81 20 10 00 04 8A 19 00 07 12 11 00 20 7E 7E 80 01 00 05 86 81 20 10 00 04 A8 20 00 08 12 11 00 34 7E 7E 80 01 00 05 86 81 20 10 00 04 DA 8F 00 09 12 11 00 E8 7E 7E 80 01 00 05 86 81 20 10 00 04 1A 1A 00 0A 12 11 00 BE 7E 7E 80 01 00 05 86 81 20 10 00 04 92 27 00 0B 12 11 00 0A 7E 7E 80 01 00 05 86 81 20 10 00 04 2D A7 00 0C 12 11 00 32 7E 7E 80 01 00 05 86 81 20 10 00 04 F9 CC 00 0D 12 11 00 8C 7E 7E 80 01 00 05 86 81 20 10 00 04 3F 54 00 0E 12 11 00 D1 7E 7E 80 01 00 05 86 81 20 10 00 04 91 86 00 0F 12 11 00 AC 7E 7E 80 01 00 05 86 81 20 10 00 04 D1 99 00 10 12 11 00 EC 7E 7E 80 01 00 05 86 81 20 10 00 04 4B 50 00 11 12 11 00 BE 7E 7E 80 01 00 05 86 81 20 10 00 04 81 DF 00 12 12 11 00 F8 7E 7E 80 01 00 05 86 81 20 10 00 04 B2 CE 00 13 12 11 00 DB 7E 7E 80 01 00 05 86 81 20 10 00 04 50 EB 00 14 12 11 00 1B 7E 7E 80 01 00 05 86 81 20 10 00 04 A0 18 00 15 12 11 00 19 7E 7E 80 01 00 05 86 81 20 10 00 04 86 87 00 16 12 11 00 A3 7E 7E 80 01 00 05 86 81 20 10 00 04 BC 37 00 17 12 11 00 28 7E 7E 80 01 00 05 86 81 20 10 00 04 84 F9 00 18 12 11 00 D1 7E 7E 80 01 00 05 86 81 20 10 00 04 57 9E 00 19 12 11 00 64 7E 7E 80 01 00 05 86 81 20 10 00 04 A9 D6 00 1A 12 11 00 D1 7E 7E 80 01 00 05 86 81 20 10 00 04 40 0B 00 1B 12 11 00 E4 7E 7E 80 01 00 05 86 81 20 10 00 04 AF F4 00 1C 12 11 00 F3 7E 7E 80 01 00 05 86 81 20 10 00 04 A2 74 00 1D 12 11 00 7F 7E 7E 80 01 00 05 86 81 20 10 00 04 23 DF 00 1E 12 11 00 56 7E 7E 80 01 00 05 86 81 20 10 00 04 A2 EE 00 1F 12 11 00 E7 7E 7E 80 01 00 05 86 81 20 10 00 04 D7 65 00 20 12 11 00 26 7E 7E 80 01 00 05 86 81 20 10 00 04 35 F9 00 21 12 11 00 59 7E 7E 80 01 00 05 86 81 20 10 00 04 45 D6 00 22 12 11 00 05 7E 7E 80 01 00 05 86 81 20 10 00 04 26 5E 00 23 12 11 00 EF 7E 7E 80 01 00 05 86 81 20 10 00 04 03 AF 00 24 12 11 00 3C 7E 7E 80 01 00 05 86 81 20 10 00 04 84 82 00 25 12 11 00 97 7E 7E 80 01 00 05 86 81 20 10 00 04 54 90 00 26 12 11 00 56 7E 7E 80 01 00 05 86 81 20 10 00 04 B8 44 00 27 12 11 00 6F 7E 7E 80 01 00 05 86 81 20 10 00 04 AA 22 00 28 12 11 00 14 7E 7E 80 01 00 05 86 81 20 10 00 04 D3 8F 00 29 12 11 00 C1 7E 7E 80 01 00 05 86 81 20 10 00 04 13 48 00 2A 12 11 00 C5 7E 7E 80 01 00 05 86 81 20 10 00 04 96 B3 00 2B 12 11 00 BA 7E 7E 80 01 00 05 86 81 20 10 00 04 0B 73 00 2C 12 11 00 E0 7E 7E 80 01 00 05 86 81 20 10 00 04 DE 00 00 2D 12 11 00 47 7E 7E 80 01 00 05 86 81 20 10 00 04 DC 0D 00 2E 12 11 00 4B 7E 7E 80 01 00 05 86 81 20 10 00 04 E7 33 00 2F 12 11 00 4F 7E 7E 80 01 00 05 86 81 20 10 00 04 C4 F6 00 30 12 11 00 B6 7E 7E 80 01 00 05 86 81 20 10 00 04 CA 1A 00 31 12 11 00 55 7E 7E 80 01 00 05 86 81 20 10 00 04 6B D6 00 32 12 11 00 3B 7E 7E 80 01 00 05 86 81 20 10 00 04 69 D3 00 33 12 11 00 3D 7E 7E 80 01 00 05 86 81 20 10 00 04 80 2C 00 34 12 11 00 2C 7E 7E 80 01 00 05 86 81 20 10 00 04 BD 7F 00 35 12 11 00 43 7E 7E 80 01 00 05 86 81 20 10 00 04 73 48 00 36 12 11 00 B9 7E 7E 80 01 00 05 86 81 20 10 00 04 02 47 00 37 12 11 00 C6 7E 7E 80 01 00 05 86 81 20 10 00 04 D1 A8 00 38 12 11 00 F5 7E 7E 80 01 00 05 86 81 20 10 00 04 AB DC 00 39 12 11 00 FA 7E 7E 80 01 00 05 86 81 20 10 00 04 A8 BA 00 3A 12 11 00 9C 7E 7E 80 01 00 05 86 81 20 10 00 04 1A AA 00 3B 12 11 00 3F 7E 7E 80 01 00 05 86 81 20 10 00 04 C3 F1 00 3C 12 11 00 BA 7E 7E 80 01 00 05 86 81 20 10 00 04 6A 68 00 3D 12 11 00 8B 7E 7E 80 01 00 05 86 81 20 10 00 04 71 70 00 3E 12 11 00 8B 7E 7E 80 01 00 05 86 81 20 10 00 04 9D 15 00 3F 12 11 00 03 7E 7E 80 01 00 05 86 81 20 10 00 04 85 C9 00 40 12 11 00 B8 7E 7E 80 01 00 05 86 81 20 10 00 04 40 AB 00 41 12 11 00 1E 7E 7E 80 01 00 05 86 81 20 10 00 04 44 E9 00 42 12 11 00 5B 7E 7E 80 01 00 05 86 81 20 10 00 04 50 EF 00 43 12 11 00 48 7E 7E 92 12 00 36 86 81 20 10 00 04 B4 BF 32 30 32 5F 36 34 5F 36 34 30 31 5F 30 33 5F 38 36 38 31 32 30 31 30 30 30 30 34 30 30 32 36 30 34 30 35 32 33 32 37 35 31 30 33 30 32 30 30 2E 6D 70 34 02 00 00 BD 7E"}
{"ts":"2026-04-05T23:29:43.515Z","level":"INFO","device":"868120100004","event":"MEDIA_CLOSED","detail":""}
{"ts":"2026-04-05T23:29:43.565Z","level":"INFO","device":"868120100009","event":"SENT_1212","detail":"02_64_6401_03_86812010000900260405232752030200.mp4"}
{"ts":"2026-04-05T23:29:43.574Z","level":"INFO","device":"868120100007","event":"BATCH_COMPLETE","detail":"All 2 files sent"}
{"ts":"2026-04-05T23:29:43.599Z","level":"INFO","device":"100000000010","event":"FILE_START","detail":"[2/2] 02_64_6401_03_10000000001000260405232752030200.mp4 (65536 bytes)"}
{"ts":"2026-04-05T23:29:43.600Z","level":"INFO","device":"100000000010","event":"SENT_1210","detail":"02_64_6401_03_10000000001000260405232752030200.mp4"}
{"ts":"2026-04-05T23:29:43.630Z","level":"INFO","device":"100000000010","event":"MEDIA_RX","detail":"7E 80 01 00 05 10 00 00 00 00 10 6B BC 00 01 12 11 00 51 7E 7E 92 12 00 36 10 00 00 00 00 10 CE 2E 32 30 30 5F 36 34 5F 36 34 30 31 5F 30 30 5F 31 30 30 30 30 30 30 30 30 30 31 30 30 30 32 36 30 34 30 35 32 33 32 37 35 32 30 33 30 32 30 30 2E 6A 70 67 00 00 00 31 7E"}
{"ts":"2026-04-05T23:29:43.658Z","level":"INFO","device":"868120100008","event":"MEDIA_RX","detail":"7E 80 01 00 05 86 81 20 10 00 08 1D E8 00 03 12 10 00 4F 7E"}
{"ts":"2026-04-05T23:29:43.702Z","level":"INFO","device":"100000000010","event":"SENT_1212","detail":"02_64_6401_03_10000000001000260405232752030200.mp4"}
{"ts":"2026-04-05T23:29:43.750Z","level":"INFO","device":"868120100008","event":"BATCH_COMPLETE","detail":"All 2 files sent"}
{"ts":"2026-04-05T23:29:43.791Z","level":"INFO","device":"868120100009","event":"MEDIA_RX","detail":"7E 80 01 00 05 86 81 20 10 00 09 BA B2 00 03 12 10 00 B3 7E"}
{"ts":"2026-04-05T23:29:43.810Z","level":"INFO","device":"868120100005","event":"MEDIA_RX","detail":"7E 80 01 00 05 86 81 20 10 00 05 87 F9 00 04 12 11 00 CF 7E 7E 80 01 00 05 86 81 20 10 00 05 FB B5 00 05 12 11 00 FE 7E 7E 80 01 00 05 86 81 20 10 00 05 0C BD 00 06 12 11 00 02 7E 7E 80 01 00 05 86 81 20 10 00 05 96 95 00 07 12 11 00 B1 7E 7E 80 01 00 05 86 81 20 10 00 05 3E 23 00 08 12 11 00 A0 7E 7E 80 01 00 05 86 81 20 10 00 05 94 E4 00 09 12 11 00 CC 7E 7E 80 01 00 05 86 81 20 10 00 05 92 29 00 0A 12 11 00 04 7E 7E 80 01 00 05 86 81 20 10 00 05 9F BD 00 0B 12 11 00 9C 7E 7E 80 01 00 05 86 81 20 10 00 05 95 F9 00 0C 12 11 00 D5 7E 7E 80 01 00 05 86 81 20 10 00 05 7C 7D 02 00 0D 12 11 00 BA 7E 7E 80 01 00 05 86 81 20 10 00 05 9E FA 00 0E 12 11 00 DF 7E 7E 80 01 00 05 86 81 20 10 00 05 B9 51 00 0F 12 11 00 52 7E 7E 80 01 00 05 86 81 20 10 00 05 97 29 00 10 12 11 00 1B 7E 7E 80 01 00 05 86 81 20 10 00 05 3F 8F 00 11 12 11 00 14 7E 7E 80 01 00 05 86 81 20 10 00 05 6E E2 00 12 12 11 00 2B 7E 7E 80 01 00 05 86 81 20 10 00 05 78 8E 00 13 12 11 00 50 7E 7E 80 01 00 05 86 81 20 10 00 05 19 2C 00 14 12 11 00 94 7E 7E 80 01 00 05 86 81 20 10 00 05 38 33 00 15 12 11 00 AB 7E 7E 80 01 00 05 86 81 20 10 00 05 FF 37 00 16 12 11 00 6B 7E 7E 80 01 00 05 86 81 20 10 00 05 D2 92 00 17 12 11 00 E2 7E 7E 80 01 00 05 86 81 20 10 00 05 B0 63 00 18 12 11 00 7D 02 7E 7E 80 01 00 05 86 81 20 10 00 05 11 72 00 19 12 11 00 CF 7E 7E 80 01 00 05 86 81 20 10 00 05 0B A8 00 1A 12 11 00 0C 7E 7E 80 01 00 05 86 81 20 10 00 05 AF 68 00 1B 12 11 00 69 7E 7E 80 01 00 05 86 81 20 10 00 05 5E ED 00 1C 12 11 00 1A 7E 7E 80 01 00 05 86 81 20 10 00 05 AF 41 00 1D 12 11 00 46 7E 7E 80 01 00 05 86 81 20 10 00 05 38 3B 00 1E 12 11 00 A8 7E 7E 80 01 00 05 86 81 20 10 00 05 86 FD 00 1F 12 11 00 D1 7E 7E 80 01 00 05 86 81 20 10 00 05 EE E2 00 20 12 11 00 99 7E 7E 80 01 00 05 86 81 20 10 00 05 46 D6 00 21 12 11 00 04 7E 7E 80 01 00 05 86 81 20 10 00 05 26 E5 00 22 12 11 00 54 7E 7E 80 01 00 05 86 81 20 10 00 05 A0 CA 00 23 12 11 00 FC 7E 7E 80 01 00 05 86 81 20 10 00 05 EE 03 00 24 12 11 00 7C 7E 7E 80 01 00 05 86 81 20 10 00 05 22 AD 00 25 12 11 00 1F 7E 7E 80 01 00 05 86 81 20 10 00 05 4E AF 00 26 12 11 00 72 7E 7E 80 01 00 05 86 81 20 10 00 05 A7 23 00 27 12 11 00 16 7E 7E 80 01 00 05 86 81 20 10 00 05 AC 9F 00 28 12 11 00 AE 7E 7E 80 01 00 05 86 81 20 10 00 05 4E 6F 00 29 12 11 00 BD 7E 7E 80 01 00 05 86 81 20 10 00 05 F8 B8 00 2A 12 11 00 DF 7E 7E 80 01 00 05 86 81 20 10 00 05 C8 3D 00 2B 12 11 00 6B 7E 7E 80 01 00 05 86 81 20 10 00 05 9E 1F 00 2C 12 11 00 18 7E 7E 80 01 00 05 86 81 20 10 00 05 E5 E3 00 2D 12 11 00 9E 7E 7E 80 01 00 05 86 81 20 10 00 05 7D 02 86 00 2E 12 11 00 63 7E 7E 80 01 00 05 86 81 20 10 00 05 69 7A 00 2F 12 11 00 89 7E 7E 80 01 00 05 86 81 20 10 00 05 6B C0 00 30 12 11 00 2E 7E 7E 80 01 00 05 86 81 20 10 00 05 2E A0 00 31 12 11 00 0A 7E 7E 80 01 00 05 86 81 20 10 00 05 DE 01 00 32 12 11 00 58 7E 7E 80 01 00 05 86 81 20 10 00 05 14 61 00 33 12 11 00 F3 7E 7E 80 01 00 05 86 81 20 10 00 05 17 0A 00 34 12 11 00 9C 7E 7E 80 01 00 05 86 81 20 10 00 05 63 D5 00 35 12 11 00 36 7E 7E 80 01 00 05 86 81 20 10 00 05 BF EC 00 36 12 11 00 D0 7E 7E 80 01 00 05 86 81 20 10 00 05 65 FF 00 37 12 11 00 18 7E 7E 80 01 00 05 86 81 20 10 00 05 F8 71 00 38 12 11 00 04 7E 7E 80 01 00 05 86 81 20 10 00 05 12 22 00 39 12 11 00 BC 7E 7E 80 01 00 05 86 81 20 10 00 05 BD 5A 00 3A 12 11 00 68 7E 7E 80 01 00 05 86 81 20 10 00 05 93 26 00 3B 12 11 00 3B 7E 7E 80 01 00 05 86 81 20 10 00 05 78 77 00 3C 12 11 00 86 7E 7E 80 01 00 05 86 81 20 10 00 05 70 44 00 3D 12 11 00 BC 7E 7E 80 01 00 05 86 81 20 10 00 05 A6 AD 00 3E 12 11 00 80 7E 7E 80 01 00 05 86 81 20 10 00 05 56 08 00 3F 12 11 00 D4 7E 7E 80 01 00 05 86 81 20 10 00 05 4A C9 00 40 12 11 00 76 7E 7E 80 01 00 05 86 81 20 10 00 05 27 55 00 41 12 11 00 86 7E 7E 80 01 00 05 86 81 20 10 00 05 22 7D 01 00 42 12 11 00 A8 7E 7E 80 01 00 05 86 81 20 10 00 05 A9 B4 00 43 12 11 00 EB 7E 7E 92 12 00 36 86 81 20 10 00 05 3D BE 32 30 32 5F 36 34 5F 36 34 30 31 5F 30 33 5F 38 36 38 31 32 30 31 30 30 30 30 35 30 30 32 36 30 34 30 35 32 33 32 37 35 32 30 33 30 32 30 30 2E 6D 70 34 02 00 00 36 7E"}
{"ts":"2026-04-05T23:29:43.813Z","level":"INFO","device":"868120100005","event":"MEDIA_CLOSED","detail":""}
{"ts":"2026-04-05T23:29:43.867Z","level":"INFO","device":"868120100009","event":"BATCH_COMPLETE","detail":"All 2 files sent"}
{"ts":"2026-04-05T23:29:44.002Z","level":"INFO","device":"100000000010","event":"BATCH_COMPLETE","detail":"All 2 files sent"}
{"ts":"2026-04-05T23:29:44.307Z","level":"ERROR","device":"868120100009","event":"MEDIA_ERROR","detail":"54.37.225.65:3378 — read ECONNRESET"}
{"ts":"2026-04-05T23:29:44.308Z","level":"INFO","device":"868120100009","event":"MEDIA_CLOSED","detail":""}
{"ts":"2026-04-05T23:29:44.327Z","level":"INFO","device":"868120100008","event":"MEDIA_RX","detail":"7E 80 01 00 05 86 81 20 10 00 08 83 2B 00 04 12 11 00 14 7E 7E 80 01 00 05 86 81 20 10 00 08 D0 67 00 05 12 11 00 0A 7E 7E 80 01 00 05 86 81 20 10 00 08 1F F5 00 06 12 11 00 54 7E 7E 80 01 00 05 86 81 20 10 00 08 56 62 00 07 12 11 00 8B 7E 7E 80 01 00 05 86 81 20 10 00 08 97 6B 00 08 12 11 00 4C 7E 7E 80 01 00 05 86 81 20 10 00 08 CA EC 00 09 12 11 00 97 7E 7E 80 01 00 05 86 81 20 10 00 08 0C 39 00 0A 12 11 00 87 7E 7E 80 01 00 05 86 81 20 10 00 08 B8 60 00 0B 12 11 00 6B 7E 7E 80 01 00 05 86 81 20 10 00 08 4D 4B 00 0C 12 11 00 B2 7E 7E 80 01 00 05 86 81 20 10 00 08 85 3E 00 0D 12 11 00 0E 7E 7E 80 01 00 05 86 81 20 10 00 08 65 EE 00 0E 12 11 00 3D 7E 7E 80 01 00 05 86 81 20 10 00 08 6E 0E 00 0F 12 11 00 D7 7E 7E 80 01 00 05 86 81 20 10 00 08 EC 58 00 10 12 11 00 1C 7E 7E 80 01 00 05 86 81 20 10 00 08 2A D0 00 11 12 11 00 53 7E 7E 80 01 00 05 86 81 20 10 00 08 A9 05 00 12 12 11 00 06 7E 7E 80 01 00 05 86 81 20 10 00 08 33 42 00 13 12 11 00 DA 7E 7E 80 01 00 05 86 81 20 10 00 08 44 7F 00 14 12 11 00 97 7E 7E 80 01 00 05 86 81 20 10 00 08 97 EF 00 15 12 11 00 D5 7E 7E 80 01 00 05 86 81 20 10 00 08 72 79 00 16 12 11 00 A5 7E 7E 80 01 00 05 86 81 20 10 00 08 25 E5 00 17 12 11 00 6F 7E 7E 80 01 00 05 86 81 20 10 00 08 A4 D8 00 18 12 11 00 DC 7E 7E 80 01 00 05 86 81 20 10 00 08 17 67 00 19 12 11 00 D1 7E 7E 80 01 00 05 86 81 20 10 00 08 04 4E 00 1A 12 11 00 E8 7E 7E 80 01 00 05 86 81 20 10 00 08 75 CD 00 1B 12 11 00 1B 7E 7E 80 01 00 05 86 81 20 10 00 08 A5 43 00 1C 12 11 00 42 7E 7E 80 01 00 05 86 81 20 10 00 08 68 24 00 1D 12 11 00 E9 7E 7E 80 01 00 05 86 81 20 10 00 08 3D 2C 00 1E 12 11 00 B7 7E 7E 80 01 00 05 86 81 20 10 00 08 67 A9 00 1F 12 11 00 69 7E 7E 80 01 00 05 86 81 20 10 00 08 6C 59 00 20 12 11 00 AD 7E 7E 80 01 00 05 86 81 20 10 00 08 E2 35 00 21 12 11 00 4E 7E 7E 80 01 00 05 86 81 20 10 00 08 BE 10 00 22 12 11 00 34 7E 7E 80 01 00 05 86 81 20 10 00 08 84 97 00 23 12 11 00 88 7E 7E 80 01 00 05 86 81 20 10 00 08 0D 26 00 24 12 11 00 B7 7E 7E 80 01 00 05 86 81 20 10 00 08 0B 5F 00 25 12 11 00 C9 7E 7E 80 01 00 05 86 81 20 10 00 08 DA 86 00 26 12 11 00 C2 7E 7E 80 01 00 05 86 81 20 10 00 08 82 C6 00 27 12 11 00 DB 7E 7E 80 01 00 05 86 81 20 10 00 08 F6 70 00 28 12 11 00 16 7E 7E 80 01 00 05 86 81 20 10 00 08 61 C3 00 29 12 11 00 33 7E 7E 80 01 00 05 86 81 20 10 00 08 16 8B 00 2A 12 11 00 0F 7E 7E 80 01 00 05 86 81 20 10 00 08 76 7C 00 2B 12 11 00 99 7E 7E 80 01 00 05 86 81 20 10 00 08 38 A8 00 2C 12 11 00 04 7E 7E 80 01 00 05 86 81 20 10 00 08 E5 25 00 2D 12 11 00 55 7E 7E 80 01 00 05 86 81 20 10 00 08 ED 30 00 2E 12 11 00 4B 7E 7E 80 01 00 05 86 81 20 10 00 08 19 8B 00 2F 12 11 00 05 7E 7E 80 01 00 05 86 81 20 10 00 08 93 7A 00 30 12 11 00 61 7E 7E 80 01 00 05 86 81 20 10 00 08 F8 20 00 31 12 11 00 51 7E 7E 80 01 00 05 86 81 20 10 00 08 2E 5F 00 32 12 11 00 FB 7E 7E 80 01 00 05 86 81 20 10 00 08 C5 E1 00 33 12 11 00 AF 7E 7E 80 01 00 05 86 81 20 10 00 08 3B C2 00 34 12 11 00 75 7E 7E 80 01 00 05 86 81 20 10 00 08 CD 0C 00 35 12 11 00 4C 7E 7E 80 01 00 05 86 81 20 10 00 08 18 0E 00 36 12 11 00 98 7E 7E 80 01 00 05 86 81 20 10 00 08 47 CC 00 37 12 11 00 04 7E 7E 80 01 00 05 86 81 20 10 00 08 7D 02 A1 00 38 12 11 00 5F 7E 7E 80 01 00 05 86 81 20 10 00 08 3A D9 00 39 12 11 00 62 7E 7E 80 01 00 05 86 81 20 10 00 08 D3 BD 00 3A 12 11 00 EC 7E 7E 80 01 00 05 86 81 20 10 00 08 53 68 00 3B 12 11 00 B8 7E 7E 80 01 00 05 86 81 20 10 00 08 26 05 00 3C 12 11 00 A7 7E 7E 80 01 00 05 86 81 20 10 00 08 8E 1C 00 3D 12 11 00 17 7E 7E 80 01 00 05 86 81 20 10 00 08 5A 37 00 3E 12 11 00 EB 7E 7E 80 01 00 05 86 81 20 10 00 08 DA 54 00 3F 12 11 00 09 7E 7E 80 01 00 05 86 81 20 10 00 08 08 3E 00 40 12 11 00 CE 7E 7E 80 01 00 05 86 81 20 10 00 08 F0 0B 00 41 12 11 00 02 7E 7E 80 01 00 05 86 81 20 10 00 08 37 90 00 42 12 11 00 5D 7E 7E 80 01 00 05 86 81 20 10 00 08 87 37 00 43 12 11 00 4B 7E 7E 92 12 00 36 86 81 20 10 00 08 26 13 32 30 32 5F 36 34 5F 36 34 30 31 5F 30 33 5F 38 36 38 31 32 30 31 30 30 30 30 38 30 30 32 36 30 34 30 35 32 33 32 37 35 32 30 33 30 32 30 30 2E 6D 70 34 02 00 00 80 7E"}
{"ts":"2026-04-05T23:29:44.328Z","level":"INFO","device":"868120100008","event":"MEDIA_CLOSED","detail":""}
{"ts":"2026-04-05T23:29:44.839Z","level":"INFO","device":"868120100007","event":"MEDIA_RX","detail":"7E 80 01 00 05 86 81 20 10 00 07 D2 12 00 04 12 11 00 73 7E 7E 80 01 00 05 86 81 20 10 00 07 D2 48 00 05 12 11 00 28 7E 7E 80 01 00 05 86 81 20 10 00 07 4B 61 00 06 12 11 00 9B 7E 7E 80 01 00 05 86 81 20 10 00 07 55 1B 00 07 12 11 00 FE 7E 7E 80 01 00 05 86 81 20 10 00 07 29 41 00 08 12 11 00 D7 7E 7E 80 01 00 05 86 81 20 10 00 07 9C 58 00 09 12 11 00 7A 7E 7E 80 01 00 05 86 81 20 10 00 07 4D 92 00 0A 12 11 00 62 7E 7E 80 01 00 05 86 81 20 10 00 07 4F 79 00 0B 12 11 00 8A 7E 7E 80 01 00 05 86 81 20 10 00 07 A4 49 00 0C 12 11 00 56 7E 7E 80 01 00 05 86 81 20 10 00 07 C4 6F 00 0D 12 11 00 11 7E 7E 80 01 00 05 86 81 20 10 00 07 1E 6A 00 0E 12 11 00 CD 7E 7E 80 01 00 05 86 81 20 10 00 07 94 7A 00 0F 12 11 00 56 7E 7E 80 01 00 05 86 81 20 10 00 07 A2 9E 00 10 12 11 00 9B 7E 7E 80 01 00 05 86 81 20 10 00 07 C6 00 00 11 12 11 00 60 7E 7E 80 01 00 05 86 81 20 10 00 07 6B 3D 00 12 12 11 00 F3 7E 7E 80 01 00 05 86 81 20 10 00 07 4C 76 00 13 12 11 00 9E 7E 7E 80 01 00 05 86 81 20 10 00 07 34 D3 00 14 12 11 00 44 7E 7E 80 01 00 05 86 81 20 10 00 07 BD 81 00 15 12 11 00 9E 7E 7E 80 01 00 05 86 81 20 10 00 07 9C C5 00 16 12 11 00 F8 7E 7E 80 01 00 05 86 81 20 10 00 07 A7 D0 00 17 12 11 00 D7 7E 7E 80 01 00 05 86 81 20 10 00 07 2D 3D 00 18 12 11 00 BF 7E 7E 80 01 00 05 86 81 20 10 00 07 51 9A 00 19 12 11 00 65 7E 7E 80 01 00 05 86 81 20 10 00 07 F7 77 00 1A 12 11 00 2D 7E 7E 80 01 00 05 86 81 20 10 00 07 89 4C 00 1B 12 11 00 69 7E 7E 80 01 00 05 86 81 20 10 00 07 93 C1 00 1C 12 11 00 F9 7E 7E 80 01 00 05 86 81 20 10 00 07 C7 A9 00 1D 12 11 00 C4 7E 7E 80 01 00 05 86 81 20 10 00 07 88 FF 00 1E 12 11 00 DE 7E 7E 80 01 00 05 86 81 20 10 00 07 02 F3 00 1F 12 11 00 59 7E 7E 80 01 00 05 86 81 20 10 00 07 65 03 00 20 12 11 00 F1 7E 7E 80 01 00 05 86 81 20 10 00 07 AA 72 00 21 12 11 00 4E 7E 7E 80 01 00 05 86 81 20 10 00 07 64 BA 00 22 12 11 00 4B 7E 7E 80 01 00 05 86 81 20 10 00 07 91 8F 00 23 12 11 00 8A 7E 7E 80 01 00 05 86 81 20 10 00 07 CA E4 00 24 12 11 00 BD 7E 7E 80 01 00 05 86 81 20 10 00 07 70 46 00 25 12 11 00 A4 7E 7E 80 01 00 05 86 81 20 10 00 07 62 27 00 26 12 11 00 D4 7E 7E 80 01 00 05 86 81 20 10 00 07 99 46 00 27 12 11 00 4F 7E 7E 80 01 00 05 86 81 20 10 00 07 8E CD 00 28 12 11 00 DC 7E 7E 80 01 00 05 86 81 20 10 00 07 E2 D7 00 29 12 11 00 AB 7E 7E 80 01 00 05 86 81 20 10 00 07 A0 85 00 2A 12 11 00 B8 7E 7E 80 01 00 05 86 81 20 10 00 07 24 06 00 2B 12 11 00 BE 7E 7E 80 01 00 05 86 81 20 10 00 07 59 2F 00 2C 12 11 00 ED 7E 7E 80 01 00 05 86 81 20 10 00 07 98 B7 00 2D 12 11 00 B5 7E 7E 80 01 00 05 86 81 20 10 00 07 36 C8 00 2E 12 11 00 67 7E 7E 80 01 00 05 86 81 20 10 00 07 04 21 00 2F 12 11 00 BD 7E 7E 80 01 00 05 86 81 20 10 00 07 A5 89 00 30 12 11 00 AB 7E 7E 80 01 00 05 86 81 20 10 00 07 C2 B3 00 31 12 11 00 F7 7E 7E 80 01 00 05 86 81 20 10 00 07 C9 26 00 32 12 11 00 6A 7E 7E 80 01 00 05 86 81 20 10 00 07 DB FF 00 33 12 11 00 A0 7E 7E 80 01 00 05 86 81 20 10 00 07 1E 39 00 34 12 11 00 A4 7E 7E 80 01 00 05 86 81 20 10 00 07 B3 6C 00 35 12 11 00 5D 7E 7E 80 01 00 05 86 81 20 10 00 07 74 49 00 36 12 11 00 BC 7E 7E 80 01 00 05 86 81 20 10 00 07 96 06 00 37 12 11 00 10 7E 7E 80 01 00 05 86 81 20 10 00 07 F5 EA 00 38 12 11 00 90 7E 7E 80 01 00 05 86 81 20 10 00 07 6A 39 00 39 12 11 00 DD 7E 7E 80 01 00 05 86 81 20 10 00 07 6B 4B 00 3A 12 11 00 AD 7E 7E 80 01 00 05 86 81 20 10 00 07 00 AD 00 3B 12 11 00 21 7E 7E 80 01 00 05 86 81 20 10 00 07 6A 57 00 3C 12 11 00 B6 7E 7E 80 01 00 05 86 81 20 10 00 07 AC 26 00 3D 12 11 00 00 7E 7E 80 01 00 05 86 81 20 10 00 07 7D 02 5F 00 3E 12 11 00 A8 7E 7E 80 01 00 05 86 81 20 10 00 07 15 AF 00 3F 12 11 00 32 7E 7E 80 01 00 05 86 81 20 10 00 07 F4 AA 00 40 12 11 00 A9 7E 7E 80 01 00 05 86 81 20 10 00 07 0F C2 00 41 12 11 00 3B 7E 7E 80 01 00 05 86 81 20 10 00 07 77 8F 00 42 12 11 00 0D 7E 7E 80 01 00 05 86 81 20 10 00 07 3D A2 00 43 12 11 00 6B 7E 7E 92 12 00 36 86 81 20 10 00 07 80 24 32 30 32 5F 36 34 5F 36 34 30 31 5F 30 33 5F 38 36 38 31 32 30 31 30 30 30 30 37 30 30 32 36 30 34 30 35 32 33 32 37 35 32 30 33 30 32 30 30 2E 6D 70 34 02 00 00 11 7E"}
{"ts":"2026-04-05T23:29:44.840Z","level":"INFO","device":"868120100007","event":"MEDIA_CLOSED","detail":""}
{"ts":"2026-04-05T23:29:45.359Z","level":"INFO","device":"100000000010","event":"MEDIA_RX","detail":"7E 80 01 00 05 10 00 00 00 00 10 A8 F8 00 03 12 10 00 D5 7E 7E 80 01 00 05 10 00 00 00 00 10 2C 58 00 04 12 11 00 F7 7E 7E 80 01 00 05 10 00 00 00 00 10 F9 73 00 05 12 11 00 08 7E 7E 80 01 00 05 10 00 00 00 00 10 3B 67 00 06 12 11 00 DD 7E 7E 80 01 00 05 10 00 00 00 00 10 A4 20 00 07 12 11 00 04 7E 7E 80 01 00 05 10 00 00 00 00 10 42 03 00 08 12 11 00 CE 7E 7E 80 01 00 05 10 00 00 00 00 10 85 59 00 09 12 11 00 52 7E 7E 80 01 00 05 10 00 00 00 00 10 64 ED 00 0A 12 11 00 04 7E 7E 80 01 00 05 10 00 00 00 00 10 02 7D 02 00 0B 12 11 00 F0 7E 7E 80 01 00 05 10 00 00 00 00 10 DE C7 00 0C 12 11 00 92 7E 7E 80 01 00 05 10 00 00 00 00 10 5D 47 00 0D 12 11 00 90 7E 7E 80 01 00 05 10 00 00 00 00 10 92 D3 00 0E 12 11 00 C8 7E 7E 80 01 00 05 10 00 00 00 00 10 98 4A 00 0F 12 11 00 5A 7E 7E 80 01 00 05 10 00 00 00 00 10 B3 37 00 10 12 11 00 13 7E 7E 80 01 00 05 10 00 00 00 00 10 35 62 00 11 12 11 00 C1 7E 7E 80 01 00 05 10 00 00 00 00 10 9A 4D 00 12 12 11 00 42 7E 7E 80 01 00 05 10 00 00 00 00 10 ED 8C 00 13 12 11 00 F5 7E 7E 80 01 00 05 10 00 00 00 00 10 3D 03 00 14 12 11 00 AD 7E 7E 80 01 00 05 10 00 00 00 00 10 0F B7 00 15 12 11 00 2A 7E 7E 80 01 00 05 10 00 00 00 00 10 54 D2 00 16 12 11 00 17 7E 7E 80 01 00 05 10 00 00 00 00 10 89 FF 00 17 12 11 00 E6 7E 7E 80 01 00 05 10 00 00 00 00 10 F2 4B 00 18 12 11 00 26 7E 7E 80 01 00 05 10 00 00 00 00 10 8B 64 00 19 12 11 00 71 7E 7E 80 01 00 05 10 00 00 00 00 10 CD A7 00 1A 12 11 00 F7 7E 7E 80 01 00 05 10 00 00 00 00 10 E5 F5 00 1B 12 11 00 8C 7E 7E 80 01 00 05 10 00 00 00 00 10 60 AA 00 1C 12 11 00 51 7E 7E 80 01 00 05 10 00 00 00 00 10 18 30 00 1D 12 11 00 B2 7E 7E 80 01 00 05 10 00 00 00 00 10 5D 38 00 1E 12 11 00 FC 7E 7E 80 01 00 05 10 00 00 00 00 10 3E 2A 00 1F 12 11 00 8C 7E 7E 80 01 00 05 10 00 00 00 00 10 DF 29 00 20 12 11 00 51 7E 7E 80 01 00 05 10 00 00 00 00 10 5B B0 00 21 12 11 00 4D 7E 7E 80 01 00 05 10 00 00 00 00 10 E8 90 00 22 12 11 00 DD 7E 7E 80 01 00 05 10 00 00 00 00 10 A9 AC 00 23 12 11 00 A1 7E 7E 80 01 00 05 10 00 00 00 00 10 19 E9 00 24 12 11 00 53 7E 7E 80 01 00 05 10 00 00 00 00 10 BE 8C 00 25 12 11 00 90 7E 7E 80 01 00 05 10 00 00 00 00 10 67 96 00 26 12 11 00 50 7E 7E 80 01 00 05 10 00 00 00 00 10 6B 3F 00 27 12 11 00 F4 7E 7E 80 01 00 05 10 00 00 00 00 10 C3 D9 00 28 12 11 00 B5 7E 7E 80 01 00 05 10 00 00 00 00 10 A5 E2 00 29 12 11 00 E9 7E 7E 80 01 00 05 10 00 00 00 00 10 8A DB 00 2A 12 11 00 FC 7E 7E 80 01 00 05 10 00 00 00 00 10 42 0F 00 2B 12 11 00 E1 7E 7E 80 01 00 05 10 00 00 00 00 10 96 4C 00 2C 12 11 00 71 7E 7E 80 01 00 05 10 00 00 00 00 10 95 33 00 2D 12 11 00 0C 7E 7E 80 01 00 05 10 00 00 00 00 10 10 62 00 2E 12 11 00 DB 7E 7E 80 01 00 05 10 00 00 00 00 10 E6 B4 00 2F 12 11 00 FA 7E 7E 80 01 00 05 10 00 00 00 00 10 FA BE 00 30 12 11 00 F3 7E 7E 80 01 00 05 10 00 00 00 00 10 0D C8 00 31 12 11 00 73 7E 7E 80 01 00 05 10 00 00 00 00 10 3D 66 00 32 12 11 00 EE 7E 7E 80 01 00 05 10 00 00 00 00 10 4C E0 00 33 12 11 00 18 7E 7E 80 01 00 05 10 00 00 00 00 10 DB 08 00 34 12 11 00 60 7E 7E 80 01 00 05 10 00 00 00 00 10 73 37 00 35 12 11 00 F6 7E 7E 80 01 00 05 10 00 00 00 00 10 86 33 00 36 12 11 00 04 7E 7E 80 01 00 05 10 00 00 00 00 10 07 87 00 37 12 11 00 30 7E 7E 80 01 00 05 10 00 00 00 00 10 FE 5F 00 38 12 11 00 1E 7E 7E 80 01 00 05 10 00 00 00 00 10 E7 78 00 39 12 11 00 21 7E 7E 80 01 00 05 10 00 00 00 00 10 CD 64 00 3A 12 11 00 14 7E 7E 80 01 00 05 10 00 00 00 00 10 46 6A 00 3B 12 11 00 90 7E 7E 80 01 00 05 10 00 00 00 00 10 65 0A 00 3C 12 11 00 D4 7E 7E 80 01 00 05 10 00 00 00 00 10 12 31 00 3D 12 11 00 99 7E 7E 80 01 00 05 10 00 00 00 00 10 AA C2 00 3E 12 11 00 D1 7E 7E 80 01 00 05 10 00 00 00 00 10 DC 81 00 3F 12 11 00 E5 7E 7E 80 01 00 05 10 00 00 00 00 10 93 63 00 40 12 11 00 37 7E 7E 80 01 00 05 10 00 00 00 00 10 84 C0 00 41 12 11 00 82 7E 7E 80 01 00 05 10 00 00 00 00 10 06 E5 00 42 12 11 00 26 7E 7E 80 01 00 05 10 00 00 00 00 10 AA E6 00 43 12 11 00 88 7E 7E 92 12 00 36 10 00 00 00 00 10 81 6C 32 30 32 5F 36 34 5F 36 34 30 31 5F 30 33 5F 31 30 30 30 30 30 30 30 30 30 31 30 30 30 32 36 30 34 30 35 32 33 32 37 35 32 30 33 30 32 30 30 2E 6D 70 34 02 00 00 6B 7E"}
{"ts":"2026-04-05T23:29:45.360Z","level":"INFO","device":"100000000010","event":"MEDIA_CLOSED","detail":""}
{"ts":"2026-04-05T23:29:51.261Z","level":"INFO","device":"291078985963","event":"HEARTBEAT_SENT","detail":"0x0002"}
{"ts":"2026-04-05T23:29:51.271Z","level":"INFO","device":"291078985963","event":"OBD2_SENT_0x0200","detail":"Lat: 51.719000, Lng: 0.499467 | Speed: 61km/h | RPM: 3230"}
{"ts":"2026-04-05T23:29:51.409Z","level":"INFO","device":"200000000002","event":"HEARTBEAT_SENT","detail":"0x0002"}
{"ts":"2026-04-05T23:29:51.414Z","level":"INFO","device":"200000000002","event":"OBD2_SENT_0x0200","detail":"Lat: 51.725976, Lng: 0.495887 | Speed: 41km/h | RPM: 2435"}
{"ts":"2026-04-05T23:29:51.472Z","level":"INFO","device":"291078985963","event":"SERVER_ACK","detail":"0x8001 Universal Reply Received"}
{"ts":"2026-04-05T23:29:51.473Z","level":"INFO","device":"291078985963","event":"INCIDENT_SENT","detail":"mediaId=6 alarmId=29107898596300260405232951060200"}
{"ts":"2026-04-05T23:29:51.473Z","level":"INFO","device":"291078985963","event":"GPS_SENT","detail":""}
{"ts":"2026-04-05T23:29:51.560Z","level":"INFO","device":"200000000003","event":"HEARTBEAT_SENT","detail":"0x0002"}
{"ts":"2026-04-05T23:29:51.561Z","level":"INFO","device":"200000000003","event":"OBD2_SENT_0x0200","detail":"Lat: 51.727429, Lng: 0.495286 | Speed: 30km/h | RPM: 1988"}
{"ts":"2026-04-05T23:29:51.614Z","level":"INFO","device":"200000000002","event":"SERVER_ACK","detail":"0x8001 Universal Reply Received"}
{"ts":"2026-04-05T23:29:51.621Z","level":"INFO","device":"868120100002","event":"GPS_SENT","detail":""}
{"ts":"2026-04-05T23:29:51.622Z","level":"INFO","device":"868120100002","event":"INCIDENT_SENT","detail":"mediaId=6 alarmId=86812010000200260405232951060200"}
{"ts":"2026-04-05T23:29:51.684Z","level":"INFO","device":"291078985963","event":"RX_MSG","detail":"0x8001 bodyLen=5"}
{"ts":"2026-04-05T23:29:51.684Z","level":"INFO","device":"291078985963","event":"SERVER_ACK","detail":"0x0200 result=OK"}
{"ts":"2026-04-05T23:29:51.709Z","level":"INFO","device":"200000000004","event":"HEARTBEAT_SENT","detail":"0x0002"}
{"ts":"2026-04-05T23:29:51.711Z","level":"INFO","device":"200000000004","event":"OBD2_SENT_0x0200","detail":"Lat: 51.729824, Lng: 0.493435 | Speed: 22km/h | RPM: 1694"}
{"ts":"2026-04-05T23:29:51.764Z","level":"INFO","device":"868120100003","event":"INCIDENT_SENT","detail":"mediaId=6 alarmId=86812010000300260405232951060200"}
{"ts":"2026-04-05T23:29:51.769Z","level":"INFO","device":"868120100003","event":"GPS_SENT","detail":""}
{"ts":"2026-04-05T23:29:51.778Z","level":"INFO","device":"200000000003","event":"SERVER_ACK","detail":"0x8001 Universal Reply Received"}
{"ts":"2026-04-05T23:29:51.780Z","level":"INFO","device":"291078985963","event":"SERVER_ACK","detail":"0x8001 Universal Reply Received"}
{"ts":"2026-04-05T23:29:51.831Z","level":"INFO","device":"868120100002","event":"RX_MSG","detail":"0x8001 bodyLen=5"}
{"ts":"2026-04-05T23:29:51.831Z","level":"INFO","device":"868120100002","event":"SERVER_ACK","detail":"0x0200 result=OK"}
{"ts":"2026-04-05T23:29:51.856Z","level":"INFO","device":"200000000005","event":"HEARTBEAT_SENT","detail":"0x0002"}
{"ts":"2026-04-05T23:29:51.860Z","level":"INFO","device":"200000000005","event":"OBD2_SENT_0x0200","detail":"Lat: 51.723137, Lng: 0.496685 | Speed: 43km/h | RPM: 2528"}
{"ts":"2026-04-05T23:29:51.894Z","level":"INFO","device":"200000000004","event":"SERVER_ACK","detail":"0x8001 Universal Reply Received"}
{"ts":"2026-04-05T23:29:51.902Z","level":"INFO","device":"868120100004","event":"INCIDENT_SENT","detail":"mediaId=6 alarmId=86812010000400260405232951060200"}
{"ts":"2026-04-05T23:29:51.902Z","level":"INFO","device":"868120100004","event":"GPS_SENT","detail":""}
{"ts":"2026-04-05T23:29:51.937Z","level":"INFO","device":"200000000002","event":"SERVER_ACK","detail":"0x8001 Universal Reply Received"}
{"ts":"2026-04-05T23:29:51.965Z","level":"INFO","device":"868120100003","event":"RX_MSG","detail":"0x8001 bodyLen=5"}
{"ts":"2026-04-05T23:29:51.965Z","level":"INFO","device":"868120100003","event":"SERVER_ACK","detail":"0x0200 result=OK"}
{"ts":"2026-04-05T23:29:52.006Z","level":"INFO","device":"291078985963","event":"RX_MSG","detail":"0x8001 bodyLen=5"}
{"ts":"2026-04-05T23:29:52.006Z","level":"INFO","device":"291078985963","event":"SERVER_ACK","detail":"0x0800 result=OK"}
{"ts":"2026-04-05T23:29:52.006Z","level":"INFO","device":"291078985963","event":"RX_MSG","detail":"0x8001 bodyLen=5"}
{"ts":"2026-04-05T23:29:52.006Z","level":"INFO","device":"291078985963","event":"SERVER_ACK","detail":"0x0200 result=OK"}
{"ts":"2026-04-05T23:29:52.013Z","level":"INFO","device":"200000000006","event":"HEARTBEAT_SENT","detail":"0x0002"}
{"ts":"2026-04-05T23:29:52.013Z","level":"INFO","device":"200000000006","event":"OBD2_SENT_0x0200","detail":"Lat: 51.724407, Lng: 0.496258 | Speed: 43km/h | RPM: 2531"}
{"ts":"2026-04-05T23:29:52.040Z","level":"INFO","device":"200000000005","event":"SERVER_ACK","detail":"0x8001 Universal Reply Received"}
{"ts":"2026-04-05T23:29:52.061Z","level":"INFO","device":"868120100005","event":"INCIDENT_SENT","detail":"mediaId=6 alarmId=86812010000500260405232952060200"}
{"ts":"2026-04-05T23:29:52.061Z","level":"INFO","device":"868120100005","event":"GPS_SENT","detail":""}
{"ts":"2026-04-05T23:29:52.096Z","level":"INFO","device":"868120100004","event":"RX_MSG","detail":"0x8001 bodyLen=5"}
{"ts":"2026-04-05T23:29:52.097Z","level":"INFO","device":"868120100004","event":"SERVER_ACK","detail":"0x0200 result=OK"}
{"ts":"2026-04-05T23:29:52.106Z","level":"INFO","device":"200000000003","event":"SERVER_ACK","detail":"0x8001 Universal Reply Received"}
{"ts":"2026-04-05T23:29:52.160Z","level":"INFO","device":"200000000007","event":"HEARTBEAT_SENT","detail":"0x0002"}
{"ts":"2026-04-05T23:29:52.162Z","level":"INFO","device":"200000000007","event":"OBD2_SENT_0x0200","detail":"Lat: 51.722178, Lng: 0.497111 | Speed: 43km/h | RPM: 2540"}
{"ts":"2026-04-05T23:29:52.163Z","level":"INFO","device":"868120100002","event":"RX_MSG","detail":"0x8001 bodyLen=5"}
{"ts":"2026-04-05T23:29:52.163Z","level":"INFO","device":"868120100002","event":"SERVER_ACK","detail":"0x0200 result=OK"}
{"ts":"2026-04-05T23:29:52.164Z","level":"INFO","device":"868120100002","event":"RX_MSG","detail":"0x8001 bodyLen=5"}
{"ts":"2026-04-05T23:29:52.164Z","level":"INFO","device":"868120100002","event":"SERVER_ACK","detail":"0x0800 result=OK"}
{"ts":"2026-04-05T23:29:52.198Z","level":"INFO","device":"200000000004","event":"SERVER_ACK","detail":"0x8001 Universal Reply Received"}
{"ts":"2026-04-05T23:29:52.221Z","level":"INFO","device":"868120100006","event":"INCIDENT_SENT","detail":"mediaId=6 alarmId=86812010000600260405232952060200"}
{"ts":"2026-04-05T23:29:52.224Z","level":"INFO","device":"868120100006","event":"GPS_SENT","detail":""}
{"ts":"2026-04-05T23:29:52.226Z","level":"INFO","device":"200000000006","event":"SERVER_ACK","detail":"0x8001 Universal Reply Received"}
{"ts":"2026-04-05T23:29:52.265Z","level":"INFO","device":"868120100005","event":"RX_MSG","detail":"0x8001 bodyLen=5"}
{"ts":"2026-04-05T23:29:52.266Z","level":"INFO","device":"868120100005","event":"SERVER_ACK","detail":"0x0200 result=OK"}
{"ts":"2026-04-05T23:29:52.281Z","level":"INFO","device":"868120100003","event":"RX_MSG","detail":"0x8001 bodyLen=5"}
{"ts":"2026-04-05T23:29:52.281Z","level":"INFO","device":"868120100003","event":"SERVER_ACK","detail":"0x0800 result=OK"}
{"ts":"2026-04-05T23:29:52.281Z","level":"INFO","device":"868120100003","event":"RX_MSG","detail":"0x8001 bodyLen=5"}
{"ts":"2026-04-05T23:29:52.281Z","level":"INFO","device":"868120100003","event":"SERVER_ACK","detail":"0x0200 result=OK"}
{"ts":"2026-04-05T23:29:52.310Z","level":"INFO","device":"200000000008","event":"HEARTBEAT_SENT","detail":"0x0002"}
{"ts":"2026-04-05T23:29:52.311Z","level":"INFO","device":"200000000008","event":"OBD2_SENT_0x0200","detail":"Lat: 51.726135, Lng: 0.495840 | Speed: 30km/h | RPM: 1996"}
{"ts":"2026-04-05T23:29:52.348Z","level":"INFO","device":"200000000007","event":"SERVER_ACK","detail":"0x8001 Universal Reply Received"}
{"ts":"2026-04-05T23:29:52.353Z","level":"INFO","device":"868120100007","event":"INCIDENT_SENT","detail":"mediaId=6 alarmId=86812010000700260405232952060200"}
{"ts":"2026-04-05T23:29:52.353Z","level":"INFO","device":"200000000005","event":"SERVER_ACK","detail":"0x8001 Universal Reply Received"}
{"ts":"2026-04-05T23:29:52.356Z","level":"INFO","device":"868120100007","event":"GPS_SENT","detail":""}
{"ts":"2026-04-05T23:29:52.393Z","level":"INFO","device":"868120100004","event":"RX_MSG","detail":"0x8001 bodyLen=5"}
{"ts":"2026-04-05T23:29:52.394Z","level":"INFO","device":"868120100004","event":"SERVER_ACK","detail":"0x0800 result=OK"}
{"ts":"2026-04-05T23:29:52.394Z","level":"INFO","device":"868120100004","event":"RX_MSG","detail":"0x8001 bodyLen=5"}
{"ts":"2026-04-05T23:29:52.394Z","level":"INFO","device":"868120100004","event":"SERVER_ACK","detail":"0x0200 result=OK"}
{"ts":"2026-04-05T23:29:52.431Z","level":"INFO","device":"868120100006","event":"RX_MSG","detail":"0x8001 bodyLen=5"}
{"ts":"2026-04-05T23:29:52.431Z","level":"INFO","device":"868120100006","event":"SERVER_ACK","detail":"0x0200 result=OK"}
{"ts":"2026-04-05T23:29:52.459Z","level":"INFO","device":"200000000009","event":"HEARTBEAT_SENT","detail":"0x0002"}
{"ts":"2026-04-05T23:29:52.459Z","level":"INFO","device":"200000000009","event":"OBD2_SENT_0x0200","detail":"Lat: 51.725299, Lng: 0.496060 | Speed: 40km/h | RPM: 2407"}
{"ts":"2026-04-05T23:29:52.518Z","level":"INFO","device":"868120100008","event":"INCIDENT_SENT","detail":"mediaId=6 alarmId=86812010000800260405232952060200"}
{"ts":"2026-04-05T23:29:52.520Z","level":"INFO","device":"868120100008","event":"GPS_SENT","detail":""}
{"ts":"2026-04-05T23:29:52.521Z","level":"INFO","device":"200000000008","event":"SERVER_ACK","detail":"0x8001 Universal Reply Received"}
{"ts":"2026-04-05T23:29:52.536Z","level":"INFO","device":"200000000006","event":"SERVER_ACK","detail":"0x8001 Universal Reply Received"}
{"ts":"2026-04-05T23:29:52.546Z","level":"INFO","device":"868120100007","event":"RX_MSG","detail":"0x8001 bodyLen=5"}
{"ts":"2026-04-05T23:29:52.547Z","level":"INFO","device":"868120100007","event":"SERVER_ACK","detail":"0x0200 result=OK"}
{"ts":"2026-04-05T23:29:52.588Z","level":"INFO","device":"868120100005","event":"RX_MSG","detail":"0x8001 bodyLen=5"}
{"ts":"2026-04-05T23:29:52.588Z","level":"INFO","device":"868120100005","event":"SERVER_ACK","detail":"0x0800 result=OK"}
{"ts":"2026-04-05T23:29:52.588Z","level":"INFO","device":"868120100005","event":"RX_MSG","detail":"0x8001 bodyLen=5"}
{"ts":"2026-04-05T23:29:52.588Z","level":"INFO","device":"868120100005","event":"SERVER_ACK","detail":"0x0200 result=OK"}
{"ts":"2026-04-05T23:29:52.612Z","level":"INFO","device":"200000000010","event":"HEARTBEAT_SENT","detail":"0x0002"}
{"ts":"2026-04-05T23:29:52.612Z","level":"INFO","device":"200000000010","event":"OBD2_SENT_0x0200","detail":"Lat: 51.722242, Lng: 0.497079 | Speed: 52km/h | RPM: 2884"}
{"ts":"2026-04-05T23:29:52.634Z","level":"INFO","device":"200000000007","event":"SERVER_ACK","detail":"0x8001 Universal Reply Received"}
{"ts":"2026-04-05T23:29:52.643Z","level":"INFO","device":"200000000009","event":"SERVER_ACK","detail":"0x8001 Universal Reply Received"}
{"ts":"2026-04-05T23:29:52.654Z","level":"INFO","device":"868120100009","event":"INCIDENT_SENT","detail":"mediaId=6 alarmId=86812010000900260405232952060200"}
{"ts":"2026-04-05T23:29:52.659Z","level":"INFO","device":"868120100009","event":"GPS_SENT","detail":""}
{"ts":"2026-04-05T23:29:52.727Z","level":"INFO","device":"868120100008","event":"RX_MSG","detail":"0x8001 bodyLen=5"}
{"ts":"2026-04-05T23:29:52.728Z","level":"INFO","device":"868120100008","event":"SERVER_ACK","detail":"0x0200 result=OK"}
{"ts":"2026-04-05T23:29:52.752Z","level":"INFO","device":"868120100006","event":"RX_MSG","detail":"0x8001 bodyLen=5"}
{"ts":"2026-04-05T23:29:52.752Z","level":"INFO","device":"868120100006","event":"SERVER_ACK","detail":"0x0800 result=OK"}
{"ts":"2026-04-05T23:29:52.752Z","level":"INFO","device":"868120100006","event":"RX_MSG","detail":"0x8001 bodyLen=5"}
{"ts":"2026-04-05T23:29:52.752Z","level":"INFO","device":"868120100006","event":"SERVER_ACK","detail":"0x0200 result=OK"}
{"ts":"2026-04-05T23:29:52.792Z","level":"INFO","device":"100000000010","event":"INCIDENT_SENT","detail":"mediaId=6 alarmId=10000000001000260405232952060200"}
{"ts":"2026-04-05T23:29:52.795Z","level":"INFO","device":"100000000010","event":"GPS_SENT","detail":""}
{"ts":"2026-04-05T23:29:52.808Z","level":"INFO","device":"200000000010","event":"SERVER_ACK","detail":"0x8001 Universal Reply Received"}
{"ts":"2026-04-05T23:29:52.845Z","level":"INFO","device":"200000000008","event":"SERVER_ACK","detail":"0x8001 Universal Reply Received"}
{"ts":"2026-04-05T23:29:52.848Z","level":"INFO","device":"868120100009","event":"RX_MSG","detail":"0x8001 bodyLen=5"}
{"ts":"2026-04-05T23:29:52.849Z","level":"INFO","device":"868120100009","event":"SERVER_ACK","detail":"0x0200 result=OK"}
{"ts":"2026-04-05T23:29:52.860Z","level":"INFO","device":"868120100007","event":"RX_MSG","detail":"0x8001 bodyLen=5"}
{"ts":"2026-04-05T23:29:52.861Z","level":"INFO","device":"868120100007","event":"SERVER_ACK","detail":"0x0800 result=OK"}
{"ts":"2026-04-05T23:29:52.861Z","level":"INFO","device":"868120100007","event":"RX_MSG","detail":"0x8001 bodyLen=5"}
{"ts":"2026-04-05T23:29:52.861Z","level":"INFO","device":"868120100007","event":"SERVER_ACK","detail":"0x0200 result=OK"}
{"ts":"2026-04-05T23:29:52.944Z","level":"INFO","device":"200000000009","event":"SERVER_ACK","detail":"0x8001 Universal Reply Received"}
{"ts":"2026-04-05T23:29:52.977Z","level":"INFO","device":"100000000010","event":"RX_MSG","detail":"0x8001 bodyLen=5"}
{"ts":"2026-04-05T23:29:52.978Z","level":"INFO","device":"100000000010","event":"SERVER_ACK","detail":"0x0200 result=OK"}
{"ts":"2026-04-05T23:29:53.065Z","level":"INFO","device":"868120100008","event":"RX_MSG","detail":"0x8001 bodyLen=5"}
{"ts":"2026-04-05T23:29:53.065Z","level":"INFO","device":"868120100008","event":"SERVER_ACK","detail":"0x0800 result=OK"}
{"ts":"2026-04-05T23:29:53.066Z","level":"INFO","device":"868120100008","event":"RX_MSG","detail":"0x8001 bodyLen=5"}
{"ts":"2026-04-05T23:29:53.066Z","level":"INFO","device":"868120100008","event":"SERVER_ACK","detail":"0x0200 result=OK"}
{"ts":"2026-04-05T23:29:53.110Z","level":"INFO","device":"200000000010","event":"SERVER_ACK","detail":"0x8001 Universal Reply Received"}
{"ts":"2026-04-05T23:29:53.141Z","level":"INFO","device":"868120100009","event":"RX_MSG","detail":"0x8001 bodyLen=5"}
{"ts":"2026-04-05T23:29:53.141Z","level":"INFO","device":"868120100009","event":"SERVER_ACK","detail":"0x0800 result=OK"}
{"ts":"2026-04-05T23:29:53.141Z","level":"INFO","device":"868120100009","event":"RX_MSG","detail":"0x8001 bodyLen=5"}
{"ts":"2026-04-05T23:29:53.141Z","level":"INFO","device":"868120100009","event":"SERVER_ACK","detail":"0x0200 result=OK"}
{"ts":"2026-04-05T23:29:53.286Z","level":"INFO","device":"100000000010","event":"RX_MSG","detail":"0x8001 bodyLen=5"}
{"ts":"2026-04-05T23:29:53.286Z","level":"INFO","device":"100000000010","event":"SERVER_ACK","detail":"0x0800 result=OK"}
{"ts":"2026-04-05T23:29:53.286Z","level":"INFO","device":"100000000010","event":"RX_MSG","detail":"0x8001 bodyLen=5"}
{"ts":"2026-04-05T23:29:53.286Z","level":"INFO","device":"100000000010","event":"SERVER_ACK","detail":"0x0200 result=OK"}
{"ts":"2026-04-05T23:30:05.870Z","level":"ERROR","device":"291078985963","event":"SOCKET_ERROR","detail":"ECONNREFUSED"}
{"ts":"2026-04-05T23:30:06.272Z","level":"INFO","device":"291078985963","event":"OBD2_SENT_0x0200","detail":"Lat: 51.717439, Lng: 0.501923 | Speed: 58km/h | RPM: 3123"}
{"ts":"2026-04-05T23:30:06.414Z","level":"INFO","device":"200000000002","event":"OBD2_SENT_0x0200","detail":"Lat: 51.724446, Lng: 0.496246 | Speed: 42km/h | RPM: 2461"}
{"ts":"2026-04-05T23:30:06.479Z","level":"INFO","device":"291078985963","event":"SERVER_ACK","detail":"0x8001 Universal Reply Received"}
{"ts":"2026-04-05T23:30:06.561Z","level":"INFO","device":"200000000003","event":"OBD2_SENT_0x0200","detail":"Lat: 51.726441, Lng: 0.495748 | Speed: 28km/h | RPM: 1903"}
{"ts":"2026-04-05T23:30:06.617Z","level":"INFO","device":"200000000002","event":"SERVER_ACK","detail":"0x8001 Universal Reply Received"}
{"ts":"2026-04-05T23:30:06.711Z","level":"INFO","device":"200000000004","event":"OBD2_SENT_0x0200","detail":"Lat: 51.729187, Lng: 0.494078 | Speed: 20km/h | RPM: 1584"}
{"ts":"2026-04-05T23:30:06.779Z","level":"INFO","device":"200000000003","event":"SERVER_ACK","detail":"0x8001 Universal Reply Received"}
{"ts":"2026-04-05T23:30:06.860Z","level":"INFO","device":"200000000005","event":"OBD2_SENT_0x0200","detail":"Lat: 51.721503, Lng: 0.497458 | Speed: 45km/h | RPM: 2597"}
{"ts":"2026-04-05T23:30:06.899Z","level":"INFO","device":"200000000004","event":"SERVER_ACK","detail":"0x8001 Universal Reply Received"}
{"ts":"2026-04-05T23:30:07.013Z","level":"INFO","device":"200000000006","event":"OBD2_SENT_0x0200","detail":"Lat: 51.722764, Lng: 0.496834 | Speed: 45km/h | RPM: 2583"}
{"ts":"2026-04-05T23:30:07.048Z","level":"INFO","device":"200000000005","event":"SERVER_ACK","detail":"0x8001 Universal Reply Received"}
{"ts":"2026-04-05T23:30:07.162Z","level":"INFO","device":"200000000007","event":"OBD2_SENT_0x0200","detail":"Lat: 51.720639, Lng: 0.497977 | Speed: 43km/h | RPM: 2519"}
{"ts":"2026-04-05T23:30:07.226Z","level":"INFO","device":"200000000006","event":"SERVER_ACK","detail":"0x8001 Universal Reply Received"}
{"ts":"2026-04-05T23:30:07.311Z","level":"INFO","device":"200000000008","event":"OBD2_SENT_0x0200","detail":"Lat: 51.724889, Lng: 0.496142 | Speed: 34km/h | RPM: 2153"}
{"ts":"2026-04-05T23:30:07.350Z","level":"INFO","device":"200000000007","event":"SERVER_ACK","detail":"0x8001 Universal Reply Received"}
{"ts":"2026-04-05T23:30:07.460Z","level":"INFO","device":"200000000009","event":"OBD2_SENT_0x0200","detail":"Lat: 51.723745, Lng: 0.496457 | Speed: 42km/h | RPM: 2472"}
{"ts":"2026-04-05T23:30:07.525Z","level":"INFO","device":"200000000008","event":"SERVER_ACK","detail":"0x8001 Universal Reply Received"}
{"ts":"2026-04-05T23:30:07.612Z","level":"INFO","device":"200000000010","event":"OBD2_SENT_0x0200","detail":"Lat: 51.720414, Lng: 0.498149 | Speed: 51km/h | RPM: 2843"}
{"ts":"2026-04-05T23:30:07.648Z","level":"INFO","device":"200000000009","event":"SERVER_ACK","detail":"0x8001 Universal Reply Received"}
{"ts":"2026-04-05T23:30:07.809Z","level":"INFO","device":"200000000010","event":"SERVER_ACK","detail":"0x8001 Universal Reply Received"}
{"ts":"2026-04-05T23:30:11.475Z","level":"INFO","device":"291078985963","event":"GPS_SENT","detail":""}
{"ts":"2026-04-05T23:30:11.621Z","level":"INFO","device":"868120100002","event":"GPS_SENT","detail":""}
{"ts":"2026-04-05T23:30:11.685Z","level":"INFO","device":"291078985963","event":"RX_MSG","detail":"0x8001 bodyLen=5"}
{"ts":"2026-04-05T23:30:11.685Z","level":"INFO","device":"291078985963","event":"SERVER_ACK","detail":"0x0200 result=OK"}
{"ts":"2026-04-05T23:30:11.769Z","level":"INFO","device":"868120100003","event":"GPS_SENT","detail":""}
{"ts":"2026-04-05T23:30:11.831Z","level":"INFO","device":"868120100002","event":"RX_MSG","detail":"0x8001 bodyLen=5"}
{"ts":"2026-04-05T23:30:11.831Z","level":"INFO","device":"868120100002","event":"SERVER_ACK","detail":"0x0200 result=OK"}
{"ts":"2026-04-05T23:30:11.903Z","level":"INFO","device":"868120100004","event":"GPS_SENT","detail":""}
{"ts":"2026-04-05T23:30:11.969Z","level":"INFO","device":"868120100003","event":"RX_MSG","detail":"0x8001 bodyLen=5"}
{"ts":"2026-04-05T23:30:11.970Z","level":"INFO","device":"868120100003","event":"SERVER_ACK","detail":"0x0200 result=OK"}
{"ts":"2026-04-05T23:30:12.062Z","level":"INFO","device":"868120100005","event":"GPS_SENT","detail":""}
{"ts":"2026-04-05T23:30:12.096Z","level":"INFO","device":"868120100004","event":"RX_MSG","detail":"0x8001 bodyLen=5"}
{"ts":"2026-04-05T23:30:12.096Z","level":"INFO","device":"868120100004","event":"SERVER_ACK","detail":"0x0200 result=OK"}
{"ts":"2026-04-05T23:30:12.224Z","level":"INFO","device":"868120100006","event":"GPS_SENT","detail":""}
{"ts":"2026-04-05T23:30:12.264Z","level":"INFO","device":"868120100005","event":"RX_MSG","detail":"0x8001 bodyLen=5"}
{"ts":"2026-04-05T23:30:12.265Z","level":"INFO","device":"868120100005","event":"SERVER_ACK","detail":"0x0200 result=OK"}
{"ts":"2026-04-05T23:30:12.357Z","level":"INFO","device":"868120100007","event":"GPS_SENT","detail":""}
{"ts":"2026-04-05T23:30:12.435Z","level":"INFO","device":"868120100006","event":"RX_MSG","detail":"0x8001 bodyLen=5"}
{"ts":"2026-04-05T23:30:12.435Z","level":"INFO","device":"868120100006","event":"SERVER_ACK","detail":"0x0200 result=OK"}
{"ts":"2026-04-05T23:30:12.520Z","level":"INFO","device":"868120100008","event":"GPS_SENT","detail":""}
{"ts":"2026-04-05T23:30:12.550Z","level":"INFO","device":"868120100007","event":"RX_MSG","detail":"0x8001 bodyLen=5"}
{"ts":"2026-04-05T23:30:12.550Z","level":"INFO","device":"868120100007","event":"SERVER_ACK","detail":"0x0200 result=OK"}
{"ts":"2026-04-05T23:30:12.659Z","level":"INFO","device":"868120100009","event":"GPS_SENT","detail":""}
{"ts":"2026-04-05T23:30:12.731Z","level":"INFO","device":"868120100008","event":"RX_MSG","detail":"0x8001 bodyLen=5"}
{"ts":"2026-04-05T23:30:12.731Z","level":"INFO","device":"868120100008","event":"SERVER_ACK","detail":"0x0200 result=OK"}
{"ts":"2026-04-05T23:30:12.796Z","level":"INFO","device":"100000000010","event":"GPS_SENT","detail":""}
{"ts":"2026-04-05T23:30:12.853Z","level":"INFO","device":"868120100009","event":"RX_MSG","detail":"0x8001 bodyLen=5"}
{"ts":"2026-04-05T23:30:12.853Z","level":"INFO","device":"868120100009","event":"SERVER_ACK","detail":"0x0200 result=OK"}
{"ts":"2026-04-05T23:30:12.980Z","level":"INFO","device":"100000000010","event":"RX_MSG","detail":"0x8001 bodyLen=5"}
{"ts":"2026-04-05T23:30:12.981Z","level":"INFO","device":"100000000010","event":"SERVER_ACK","detail":"0x0200 result=OK"}
{"ts":"2026-04-05T23:30:21.261Z","level":"INFO","device":"291078985963","event":"HEARTBEAT_SENT","detail":"0x0002"}
{"ts":"2026-04-05T23:30:21.272Z","level":"INFO","device":"291078985963","event":"OBD2_SENT_0x0200","detail":"Lat: 51.716364, Lng: 0.504460 | Speed: 54km/h | RPM: 2957"}
{"ts":"2026-04-05T23:30:21.409Z","level":"INFO","device":"200000000002","event":"HEARTBEAT_SENT","detail":"0x0002"}
{"ts":"2026-04-05T23:30:21.414Z","level":"INFO","device":"200000000002","event":"OBD2_SENT_0x0200","detail":"Lat: 51.722740, Lng: 0.496844 | Speed: 46km/h | RPM: 2652"}
{"ts":"2026-04-05T23:30:21.466Z","level":"INFO","device":"291078985963","event":"SERVER_ACK","detail":"0x8001 Universal Reply Received"}
{"ts":"2026-04-05T23:30:21.561Z","level":"INFO","device":"200000000003","event":"HEARTBEAT_SENT","detail":"0x0002"}
{"ts":"2026-04-05T23:30:21.561Z","level":"INFO","device":"200000000003","event":"OBD2_SENT_0x0200","detail":"Lat: 51.725600, Lng: 0.496000 | Speed: 23km/h | RPM: 1713"}
{"ts":"2026-04-05T23:30:21.615Z","level":"INFO","device":"200000000002","event":"SERVER_ACK","detail":"0x8001 Universal Reply Received"}
{"ts":"2026-04-05T23:30:21.709Z","level":"INFO","device":"200000000004","event":"HEARTBEAT_SENT","detail":"0x0002"}
{"ts":"2026-04-05T23:30:21.711Z","level":"INFO","device":"200000000004","event":"OBD2_SENT_0x0200","detail":"Lat: 51.728648, Lng: 0.494557 | Speed: 16km/h | RPM: 1456"}
{"ts":"2026-04-05T23:30:21.778Z","level":"INFO","device":"200000000003","event":"SERVER_ACK","detail":"0x8001 Universal Reply Received"}
{"ts":"2026-04-05T23:30:21.779Z","level":"INFO","device":"291078985963","event":"SERVER_ACK","detail":"0x8001 Universal Reply Received"}
{"ts":"2026-04-05T23:30:21.857Z","level":"INFO","device":"200000000005","event":"HEARTBEAT_SENT","detail":"0x0002"}
{"ts":"2026-04-05T23:30:21.861Z","level":"INFO","device":"200000000005","event":"OBD2_SENT_0x0200","detail":"Lat: 51.720009, Lng: 0.498473 | Speed: 43km/h | RPM: 2502"}
{"ts":"2026-04-05T23:30:21.895Z","level":"INFO","device":"200000000004","event":"SERVER_ACK","detail":"0x8001 Universal Reply Received"}
{"ts":"2026-04-05T23:30:21.947Z","level":"INFO","device":"200000000002","event":"SERVER_ACK","detail":"0x8001 Universal Reply Received"}
{"ts":"2026-04-05T23:30:22.013Z","level":"INFO","device":"200000000006","event":"HEARTBEAT_SENT","detail":"0x0002"}
{"ts":"2026-04-05T23:30:22.014Z","level":"INFO","device":"200000000006","event":"OBD2_SENT_0x0200","detail":"Lat: 51.721240, Lng: 0.497616 | Speed: 42km/h | RPM: 2476"}
{"ts":"2026-04-05T23:30:22.041Z","level":"INFO","device":"200000000005","event":"SERVER_ACK","detail":"0x8001 Universal Reply Received"}
{"ts":"2026-04-05T23:30:22.117Z","level":"INFO","device":"200000000003","event":"SERVER_ACK","detail":"0x8001 Universal Reply Received"}
{"ts":"2026-04-05T23:30:22.160Z","level":"INFO","device":"200000000007","event":"HEARTBEAT_SENT","detail":"0x0002"}
{"ts":"2026-04-05T23:30:22.162Z","level":"INFO","device":"200000000007","event":"OBD2_SENT_0x0200","detail":"Lat: 51.719195, Lng: 0.499250 | Speed: 42km/h | RPM: 2496"}
{"ts":"2026-04-05T23:30:22.208Z","level":"INFO","device":"200000000004","event":"SERVER_ACK","detail":"0x8001 Universal Reply Received"}
{"ts":"2026-04-05T23:30:22.225Z","level":"INFO","device":"200000000006","event":"SERVER_ACK","detail":"0x8001 Universal Reply Received"}
{"ts":"2026-04-05T23:30:22.310Z","level":"INFO","device":"200000000008","event":"HEARTBEAT_SENT","detail":"0x0002"}
{"ts":"2026-04-05T23:30:22.311Z","level":"INFO","device":"200000000008","event":"OBD2_SENT_0x0200","detail":"Lat: 51.723593, Lng: 0.496503 | Speed: 35km/h | RPM: 2195"}
{"ts":"2026-04-05T23:30:22.353Z","level":"INFO","device":"200000000007","event":"SERVER_ACK","detail":"0x8001 Universal Reply Received"}
{"ts":"2026-04-05T23:30:22.363Z","level":"INFO","device":"200000000005","event":"SERVER_ACK","detail":"0x8001 Universal Reply Received"}
{"ts":"2026-04-05T23:30:22.459Z","level":"INFO","device":"200000000009","event":"HEARTBEAT_SENT","detail":"0x0002"}
{"ts":"2026-04-05T23:30:22.460Z","level":"INFO","device":"200000000009","event":"OBD2_SENT_0x0200","detail":"Lat: 51.722362, Lng: 0.497019 | Speed: 38km/h | RPM: 2302"}
{"ts":"2026-04-05T23:30:22.521Z","level":"INFO","device":"200000000008","event":"SERVER_ACK","detail":"0x8001 Universal Reply Received"}
{"ts":"2026-04-05T23:30:22.546Z","level":"INFO","device":"200000000006","event":"SERVER_ACK","detail":"0x8001 Universal Reply Received"}
{"ts":"2026-04-05T23:30:22.612Z","level":"INFO","device":"200000000010","event":"HEARTBEAT_SENT","detail":"0x0002"}
{"ts":"2026-04-05T23:30:22.613Z","level":"INFO","device":"200000000010","event":"OBD2_SENT_0x0200","detail":"Lat: 51.718814, Lng: 0.499673 | Speed: 50km/h | RPM: 2810"}
{"ts":"2026-04-05T23:30:22.643Z","level":"INFO","device":"200000000009","event":"SERVER_ACK","detail":"0x8001 Universal Reply Received"}
{"ts":"2026-04-05T23:30:22.675Z","level":"INFO","device":"200000000007","event":"SERVER_ACK","detail":"0x8001 Universal Reply Received"}
{"ts":"2026-04-05T23:30:22.809Z","level":"INFO","device":"200000000010","event":"SERVER_ACK","detail":"0x8001 Universal Reply Received"}
{"ts":"2026-04-05T23:30:22.856Z","level":"INFO","device":"200000000008","event":"SERVER_ACK","detail":"0x8001 Universal Reply Received"}
{"ts":"2026-04-05T23:30:22.954Z","level":"INFO","device":"200000000009","event":"SERVER_ACK","detail":"0x8001 Universal Reply Received"}
{"ts":"2026-04-05T23:30:23.121Z","level":"INFO","device":"200000000010","event":"SERVER_ACK","detail":"0x8001 Universal Reply Received"}
{"ts":"2026-04-05T23:30:31.473Z","level":"INFO","device":"291078985963","event":"INCIDENT_SENT","detail":"mediaId=7 alarmId=29107898596300260405233031070200"}
{"ts":"2026-04-05T23:30:31.475Z","level":"INFO","device":"291078985963","event":"GPS_SENT","detail":""}
{"ts":"2026-04-05T23:30:31.621Z","level":"INFO","device":"868120100002","event":"GPS_SENT","detail":""}
{"ts":"2026-04-05T23:30:31.622Z","level":"INFO","device":"868120100002","event":"INCIDENT_SENT","detail":"mediaId=7 alarmId=86812010000200260405233031070200"}
{"ts":"2026-04-05T23:30:31.684Z","level":"INFO","device":"291078985963","event":"RX_MSG","detail":"0x8001 bodyLen=5"}
{"ts":"2026-04-05T23:30:31.684Z","level":"INFO","device":"291078985963","event":"SERVER_ACK","detail":"0x0200 result=OK"}
{"ts":"2026-04-05T23:30:31.764Z","level":"INFO","device":"868120100003","event":"INCIDENT_SENT","detail":"mediaId=7 alarmId=86812010000300260405233031070200"}
{"ts":"2026-04-05T23:30:31.769Z","level":"INFO","device":"868120100003","event":"GPS_SENT","detail":""}
{"ts":"2026-04-05T23:30:31.832Z","level":"INFO","device":"868120100002","event":"RX_MSG","detail":"0x8001 bodyLen=5"}
{"ts":"2026-04-05T23:30:31.832Z","level":"INFO","device":"868120100002","event":"SERVER_ACK","detail":"0x0200 result=OK"}
{"ts":"2026-04-05T23:30:31.903Z","level":"INFO","device":"868120100004","event":"INCIDENT_SENT","detail":"mediaId=7 alarmId=86812010000400260405233031070200"}
{"ts":"2026-04-05T23:30:31.903Z","level":"INFO","device":"868120100004","event":"GPS_SENT","detail":""}
{"ts":"2026-04-05T23:30:31.966Z","level":"INFO","device":"868120100003","event":"RX_MSG","detail":"0x8001 bodyLen=5"}
{"ts":"2026-04-05T23:30:31.966Z","level":"INFO","device":"868120100003","event":"SERVER_ACK","detail":"0x0200 result=OK"}
{"ts":"2026-04-05T23:30:32.004Z","level":"INFO","device":"291078985963","event":"RX_MSG","detail":"0x8001 bodyLen=5"}
{"ts":"2026-04-05T23:30:32.005Z","level":"INFO","device":"291078985963","event":"SERVER_ACK","detail":"0x0800 result=OK"}
{"ts":"2026-04-05T23:30:32.007Z","level":"INFO","device":"291078985963","event":"RX_MSG","detail":"0x8001 bodyLen=5"}
{"ts":"2026-04-05T23:30:32.007Z","level":"INFO","device":"291078985963","event":"SERVER_ACK","detail":"0x0200 result=OK"}
{"ts":"2026-04-05T23:30:32.061Z","level":"INFO","device":"868120100005","event":"INCIDENT_SENT","detail":"mediaId=7 alarmId=86812010000500260405233032070200"}
{"ts":"2026-04-05T23:30:32.061Z","level":"INFO","device":"868120100005","event":"GPS_SENT","detail":""}
{"ts":"2026-04-05T23:30:32.096Z","level":"INFO","device":"868120100004","event":"RX_MSG","detail":"0x8001 bodyLen=5"}
{"ts":"2026-04-05T23:30:32.096Z","level":"INFO","device":"868120100004","event":"SERVER_ACK","detail":"0x0200 result=OK"}
{"ts":"2026-04-05T23:30:32.160Z","level":"INFO","device":"868120100002","event":"RX_MSG","detail":"0x8001 bodyLen=5"}
{"ts":"2026-04-05T23:30:32.160Z","level":"INFO","device":"868120100002","event":"SERVER_ACK","detail":"0x0200 result=OK"}
{"ts":"2026-04-05T23:30:32.160Z","level":"INFO","device":"868120100002","event":"RX_MSG","detail":"0x8001 bodyLen=5"}
{"ts":"2026-04-05T23:30:32.160Z","level":"INFO","device":"868120100002","event":"SERVER_ACK","detail":"0x0800 result=OK"}
{"ts":"2026-04-05T23:30:32.221Z","level":"INFO","device":"868120100006","event":"INCIDENT_SENT","detail":"mediaId=7 alarmId=86812010000600260405233032070200"}
{"ts":"2026-04-05T23:30:32.224Z","level":"INFO","device":"868120100006","event":"GPS_SENT","detail":""}
{"ts":"2026-04-05T23:30:32.264Z","level":"INFO","device":"868120100005","event":"RX_MSG","detail":"0x8001 bodyLen=5"}
{"ts":"2026-04-05T23:30:32.265Z","level":"INFO","device":"868120100005","event":"SERVER_ACK","detail":"0x0200 result=OK"}
{"ts":"2026-04-05T23:30:32.275Z","level":"INFO","device":"868120100003","event":"RX_MSG","detail":"0x8001 bodyLen=5"}
{"ts":"2026-04-05T23:30:32.275Z","level":"INFO","device":"868120100003","event":"SERVER_ACK","detail":"0x0800 result=OK"}
{"ts":"2026-04-05T23:30:32.276Z","level":"INFO","device":"868120100003","event":"RX_MSG","detail":"0x8001 bodyLen=5"}
{"ts":"2026-04-05T23:30:32.276Z","level":"INFO","device":"868120100003","event":"SERVER_ACK","detail":"0x0200 result=OK"}
{"ts":"2026-04-05T23:30:32.353Z","level":"INFO","device":"868120100007","event":"INCIDENT_SENT","detail":"mediaId=7 alarmId=86812010000700260405233032070200"}
{"ts":"2026-04-05T23:30:32.357Z","level":"INFO","device":"868120100007","event":"GPS_SENT","detail":""}
{"ts":"2026-04-05T23:30:32.392Z","level":"INFO","device":"868120100004","event":"RX_MSG","detail":"0x8001 bodyLen=5"}
{"ts":"2026-04-05T23:30:32.393Z","level":"INFO","device":"868120100004","event":"SERVER_ACK","detail":"0x0800 result=OK"}
{"ts":"2026-04-05T23:30:32.393Z","level":"INFO","device":"868120100004","event":"RX_MSG","detail":"0x8001 bodyLen=5"}
{"ts":"2026-04-05T23:30:32.393Z","level":"INFO","device":"868120100004","event":"SERVER_ACK","detail":"0x0200 result=OK"}
{"ts":"2026-04-05T23:30:32.432Z","level":"INFO","device":"868120100006","event":"RX_MSG","detail":"0x8001 bodyLen=5"}
{"ts":"2026-04-05T23:30:32.432Z","level":"INFO","device":"868120100006","event":"SERVER_ACK","detail":"0x0200 result=OK"}
{"ts":"2026-04-05T23:30:32.519Z","level":"INFO","device":"868120100008","event":"INCIDENT_SENT","detail":"mediaId=7 alarmId=86812010000800260405233032070200"}
{"ts":"2026-04-05T23:30:32.523Z","level":"INFO","device":"868120100008","event":"GPS_SENT","detail":""}
{"ts":"2026-04-05T23:30:32.547Z","level":"INFO","device":"868120100007","event":"RX_MSG","detail":"0x8001 bodyLen=5"}
{"ts":"2026-04-05T23:30:32.547Z","level":"INFO","device":"868120100007","event":"SERVER_ACK","detail":"0x0200 result=OK"}
{"ts":"2026-04-05T23:30:32.587Z","level":"INFO","device":"868120100005","event":"RX_MSG","detail":"0x8001 bodyLen=5"}
{"ts":"2026-04-05T23:30:32.588Z","level":"INFO","device":"868120100005","event":"SERVER_ACK","detail":"0x0800 result=OK"}
{"ts":"2026-04-05T23:30:32.588Z","level":"INFO","device":"868120100005","event":"RX_MSG","detail":"0x8001 bodyLen=5"}
{"ts":"2026-04-05T23:30:32.588Z","level":"INFO","device":"868120100005","event":"SERVER_ACK","detail":"0x0200 result=OK"}
{"ts":"2026-04-05T23:30:32.652Z","level":"INFO","device":"868120100009","event":"INCIDENT_SENT","detail":"mediaId=7 alarmId=86812010000900260405233032070200"}
{"ts":"2026-04-05T23:30:32.659Z","level":"INFO","device":"868120100009","event":"GPS_SENT","detail":""}
{"ts":"2026-04-05T23:30:32.730Z","level":"INFO","device":"868120100008","event":"RX_MSG","detail":"0x8001 bodyLen=5"}
{"ts":"2026-04-05T23:30:32.730Z","level":"INFO","device":"868120100008","event":"SERVER_ACK","detail":"0x0200 result=OK"}
{"ts":"2026-04-05T23:30:32.750Z","level":"INFO","device":"868120100006","event":"RX_MSG","detail":"0x8001 bodyLen=5"}
{"ts":"2026-04-05T23:30:32.750Z","level":"INFO","device":"868120100006","event":"SERVER_ACK","detail":"0x0800 result=OK"}
{"ts":"2026-04-05T23:30:32.750Z","level":"INFO","device":"868120100006","event":"RX_MSG","detail":"0x8001 bodyLen=5"}
{"ts":"2026-04-05T23:30:32.750Z","level":"INFO","device":"868120100006","event":"SERVER_ACK","detail":"0x0200 result=OK"}
{"ts":"2026-04-05T23:30:32.792Z","level":"INFO","device":"100000000010","event":"INCIDENT_SENT","detail":"mediaId=7 alarmId=10000000001000260405233032070200"}
{"ts":"2026-04-05T23:30:32.796Z","level":"INFO","device":"100000000010","event":"GPS_SENT","detail":""}
{"ts":"2026-04-05T23:30:32.846Z","level":"INFO","device":"868120100009","event":"RX_MSG","detail":"0x8001 bodyLen=5"}
{"ts":"2026-04-05T23:30:32.847Z","level":"INFO","device":"868120100009","event":"SERVER_ACK","detail":"0x0200 result=OK"}
{"ts":"2026-04-05T23:30:32.859Z","level":"INFO","device":"868120100007","event":"RX_MSG","detail":"0x8001 bodyLen=5"}
{"ts":"2026-04-05T23:30:32.859Z","level":"INFO","device":"868120100007","event":"SERVER_ACK","detail":"0x0800 result=OK"}
{"ts":"2026-04-05T23:30:32.859Z","level":"INFO","device":"868120100007","event":"RX_MSG","detail":"0x8001 bodyLen=5"}
{"ts":"2026-04-05T23:30:32.859Z","level":"INFO","device":"868120100007","event":"SERVER_ACK","detail":"0x0200 result=OK"}
{"ts":"2026-04-05T23:30:32.976Z","level":"INFO","device":"100000000010","event":"RX_MSG","detail":"0x8001 bodyLen=5"}
{"ts":"2026-04-05T23:30:32.976Z","level":"INFO","device":"100000000010","event":"SERVER_ACK","detail":"0x0200 result=OK"}
{"ts":"2026-04-05T23:30:33.062Z","level":"INFO","device":"868120100008","event":"RX_MSG","detail":"0x8001 bodyLen=5"}
{"ts":"2026-04-05T23:30:33.062Z","level":"INFO","device":"868120100008","event":"SERVER_ACK","detail":"0x0800 result=OK"}
{"ts":"2026-04-05T23:30:33.062Z","level":"INFO","device":"868120100008","event":"RX_MSG","detail":"0x8001 bodyLen=5"}
{"ts":"2026-04-05T23:30:33.062Z","level":"INFO","device":"868120100008","event":"SERVER_ACK","detail":"0x0200 result=OK"}
{"ts":"2026-04-05T23:30:33.141Z","level":"INFO","device":"868120100009","event":"RX_MSG","detail":"0x8001 bodyLen=5"}
{"ts":"2026-04-05T23:30:33.141Z","level":"INFO","device":"868120100009","event":"SERVER_ACK","detail":"0x0800 result=OK"}
{"ts":"2026-04-05T23:30:33.141Z","level":"INFO","device":"868120100009","event":"RX_MSG","detail":"0x8001 bodyLen=5"}
{"ts":"2026-04-05T23:30:33.141Z","level":"INFO","device":"868120100009","event":"SERVER_ACK","detail":"0x0200 result=OK"}
{"ts":"2026-04-05T23:30:33.254Z","level":"INFO","device":"100000000010","event":"RX_MSG","detail":"0x8001 bodyLen=5"}
{"ts":"2026-04-05T23:30:33.254Z","level":"INFO","device":"100000000010","event":"SERVER_ACK","detail":"0x0800 result=OK"}
{"ts":"2026-04-05T23:30:33.255Z","level":"INFO","device":"100000000010","event":"RX_MSG","detail":"0x8001 bodyLen=5"}
{"ts":"2026-04-05T23:30:33.255Z","level":"INFO","device":"100000000010","event":"SERVER_ACK","detail":"0x0200 result=OK"}
{"ts":"2026-04-05T23:30:36.272Z","level":"INFO","device":"291078985963","event":"OBD2_SENT_0x0200","detail":"Lat: 51.715523, Lng: 0.507219 | Speed: 53km/h | RPM: 2906"}
{"ts":"2026-04-05T23:30:36.414Z","level":"INFO","device":"200000000002","event":"OBD2_SENT_0x0200","detail":"Lat: 51.720985, Lng: 0.497769 | Speed: 48km/h | RPM: 2730"}
{"ts":"2026-04-05T23:30:36.475Z","level":"INFO","device":"291078985963","event":"SERVER_ACK","detail":"0x8001 Universal Reply Received"}
{"ts":"2026-04-05T23:30:36.562Z","level":"INFO","device":"200000000003","event":"OBD2_SENT_0x0200","detail":"Lat: 51.724830, Lng: 0.496154 | Speed: 21km/h | RPM: 1637"}
{"ts":"2026-04-05T23:30:36.617Z","level":"INFO","device":"200000000002","event":"SERVER_ACK","detail":"0x8001 Universal Reply Received"}
{"ts":"2026-04-05T23:30:36.711Z","level":"INFO","device":"200000000004","event":"OBD2_SENT_0x0200","detail":"Lat: 51.727891, Lng: 0.495025 | Speed: 21km/h | RPM: 1636"}
{"ts":"2026-04-05T23:30:36.779Z","level":"INFO","device":"200000000003","event":"SERVER_ACK","detail":"0x8001 Universal Reply Received"}
{"ts":"2026-04-05T23:30:36.861Z","level":"INFO","device":"200000000005","event":"OBD2_SENT_0x0200","detail":"Lat: 51.718589, Lng: 0.499966 | Speed: 46km/h | RPM: 2643"}
{"ts":"2026-04-05T23:30:36.895Z","level":"INFO","device":"200000000004","event":"SERVER_ACK","detail":"0x8001 Universal Reply Received"}
{"ts":"2026-04-05T23:30:37.014Z","level":"INFO","device":"200000000006","event":"OBD2_SENT_0x0200","detail":"Lat: 51.719761, Lng: 0.498672 | Speed: 42km/h | RPM: 2485"}
{"ts":"2026-04-05T23:30:37.045Z","level":"INFO","device":"200000000005","event":"SERVER_ACK","detail":"0x8001 Universal Reply Received"}
{"ts":"2026-04-05T23:30:37.162Z","level":"INFO","device":"200000000007","event":"OBD2_SENT_0x0200","detail":"Lat: 51.718051, Lng: 0.500774 | Speed: 40km/h | RPM: 2388"}
{"ts":"2026-04-05T23:30:37.226Z","level":"INFO","device":"200000000006","event":"SERVER_ACK","detail":"0x8001 Universal Reply Received"}
{"ts":"2026-04-05T23:30:37.312Z","level":"INFO","device":"200000000008","event":"OBD2_SENT_0x0200","detail":"Lat: 51.722175, Lng: 0.497113 | Speed: 39km/h | RPM: 2359"}
{"ts":"2026-04-05T23:30:37.347Z","level":"INFO","device":"200000000007","event":"SERVER_ACK","detail":"0x8001 Universal Reply Received"}
{"ts":"2026-04-05T23:30:37.461Z","level":"INFO","device":"200000000009","event":"OBD2_SENT_0x0200","detail":"Lat: 51.720898, Lng: 0.497821 | Speed: 41km/h | RPM: 2436"}
{"ts":"2026-04-05T23:30:37.521Z","level":"INFO","device":"200000000008","event":"SERVER_ACK","detail":"0x8001 Universal Reply Received"}
{"ts":"2026-04-05T23:30:37.613Z","level":"INFO","device":"200000000010","event":"OBD2_SENT_0x0200","detail":"Lat: 51.717560, Lng: 0.501681 | Speed: 47km/h | RPM: 2682"}
{"ts":"2026-04-05T23:30:37.645Z","level":"INFO","device":"200000000009","event":"SERVER_ACK","detail":"0x8001 Universal Reply Received"}
{"ts":"2026-04-05T23:30:37.809Z","level":"INFO","device":"200000000010","event":"SERVER_ACK","detail":"0x8001 Universal Reply Received"}
{"ts":"2026-04-05T23:30:51.261Z","level":"INFO","device":"291078985963","event":"HEARTBEAT_SENT","detail":"0x0002"}
{"ts":"2026-04-05T23:30:51.272Z","level":"INFO","device":"291078985963","event":"OBD2_SENT_0x0200","detail":"Lat: 51.714804, Lng: 0.510315 | Speed: 56km/h | RPM: 3054"}
{"ts":"2026-04-05T23:30:51.409Z","level":"INFO","device":"200000000002","event":"HEARTBEAT_SENT","detail":"0x0002"}
{"ts":"2026-04-05T23:30:51.414Z","level":"INFO","device":"200000000002","event":"OBD2_SENT_0x0200","detail":"Lat: 51.719238, Lng: 0.499202 | Speed: 51km/h | RPM: 2836"}
{"ts":"2026-04-05T23:30:51.463Z","level":"ERROR","device":"291078985963","event":"SOCKET_ERROR","detail":"ECONNREFUSED"}
{"ts":"2026-04-05T23:30:51.465Z","level":"INFO","device":"291078985963","event":"SERVER_ACK","detail":"0x8001 Universal Reply Received"}
{"ts":"2026-04-05T23:30:51.475Z","level":"INFO","device":"291078985963","event":"GPS_SENT","detail":""}
{"ts":"2026-04-05T23:30:51.561Z","level":"INFO","device":"200000000003","event":"HEARTBEAT_SENT","detail":"0x0002"}
{"ts":"2026-04-05T23:30:51.562Z","level":"INFO","device":"200000000003","event":"OBD2_SENT_0x0200","detail":"Lat: 51.724127, Lng: 0.496342 | Speed: 19km/h | RPM: 1555"}
{"ts":"2026-04-05T23:30:51.610Z","level":"ERROR","device":"300000000002","event":"SOCKET_ERROR","detail":"ECONNREFUSED"}
{"ts":"2026-04-05T23:30:51.612Z","level":"INFO","device":"200000000002","event":"SERVER_ACK","detail":"0x8001 Universal Reply Received"}
{"ts":"2026-04-05T23:30:51.621Z","level":"INFO","device":"868120100002","event":"GPS_SENT","detail":""}
{"ts":"2026-04-05T23:30:51.685Z","level":"INFO","device":"291078985963","event":"RX_MSG","detail":"0x8001 bodyLen=5"}
{"ts":"2026-04-05T23:30:51.685Z","level":"INFO","device":"291078985963","event":"SERVER_ACK","detail":"0x0200 result=OK"}
{"ts":"2026-04-05T23:30:51.710Z","level":"INFO","device":"200000000004","event":"HEARTBEAT_SENT","detail":"0x0002"}
{"ts":"2026-04-05T23:30:51.711Z","level":"INFO","device":"200000000004","event":"OBD2_SENT_0x0200","detail":"Lat: 51.727288, Lng: 0.495356 | Speed: 17km/h | RPM: 1487"}
{"ts":"2026-04-05T23:30:51.759Z","level":"ERROR","device":"300000000003","event":"SOCKET_ERROR","detail":"ECONNREFUSED"}
{"ts":"2026-04-05T23:30:51.769Z","level":"INFO","device":"868120100003","event":"GPS_SENT","detail":""}
{"ts":"2026-04-05T23:30:51.779Z","level":"INFO","device":"291078985963","event":"SERVER_ACK","detail":"0x8001 Universal Reply Received"}
{"ts":"2026-04-05T23:30:51.779Z","level":"INFO","device":"200000000003","event":"SERVER_ACK","detail":"0x8001 Universal Reply Received"}
{"ts":"2026-04-05T23:30:51.831Z","level":"INFO","device":"868120100002","event":"RX_MSG","detail":"0x8001 bodyLen=5"}
{"ts":"2026-04-05T23:30:51.831Z","level":"INFO","device":"868120100002","event":"SERVER_ACK","detail":"0x0200 result=OK"}
{"ts":"2026-04-05T23:30:51.856Z","level":"INFO","device":"200000000005","event":"DTC_SENT_0x0900","detail":"Injected Fault Code: P0420"}
{"ts":"2026-04-05T23:30:51.858Z","level":"INFO","device":"200000000005","event":"HEARTBEAT_SENT","detail":"0x0002"}
{"ts":"2026-04-05T23:30:51.861Z","level":"INFO","device":"200000000005","event":"OBD2_SENT_0x0200","detail":"Lat: 51.717505, Lng: 0.501789 | Speed: 42km/h | RPM: 2462"}
{"ts":"2026-04-05T23:30:51.894Z","level":"INFO","device":"200000000004","event":"SERVER_ACK","detail":"0x8001 Universal Reply Received"}
{"ts":"2026-04-05T23:30:51.904Z","level":"INFO","device":"868120100004","event":"GPS_SENT","detail":""}
{"ts":"2026-04-05T23:30:51.917Z","level":"ERROR","device":"300000000004","event":"SOCKET_ERROR","detail":"ECONNREFUSED"}
{"ts":"2026-04-05T23:30:51.936Z","level":"INFO","device":"200000000002","event":"SERVER_ACK","detail":"0x8001 Universal Reply Received"}
{"ts":"2026-04-05T23:30:51.970Z","level":"INFO","device":"868120100003","event":"RX_MSG","detail":"0x8001 bodyLen=5"}
{"ts":"2026-04-05T23:30:51.970Z","level":"INFO","device":"868120100003","event":"SERVER_ACK","detail":"0x0200 result=OK"}
{"ts":"2026-04-05T23:30:52.013Z","level":"INFO","device":"200000000006","event":"HEARTBEAT_SENT","detail":"0x0002"}
{"ts":"2026-04-05T23:30:52.014Z","level":"INFO","device":"200000000006","event":"OBD2_SENT_0x0200","detail":"Lat: 51.718521, Lng: 0.500068 | Speed: 41km/h | RPM: 2449"}
{"ts":"2026-04-05T23:30:52.044Z","level":"INFO","device":"200000000005","event":"SERVER_ACK","detail":"0x8001 Universal Reply Received"}
{"ts":"2026-04-05T23:30:52.061Z","level":"INFO","device":"868120100005","event":"GPS_SENT","detail":""}
{"ts":"2026-04-05T23:30:52.067Z","level":"ERROR","device":"300000000005","event":"SOCKET_ERROR","detail":"ECONNREFUSED"}
{"ts":"2026-04-05T23:30:52.097Z","level":"INFO","device":"868120100004","event":"RX_MSG","detail":"0x8001 bodyLen=5"}
{"ts":"2026-04-05T23:30:52.098Z","level":"INFO","device":"868120100004","event":"SERVER_ACK","detail":"0x0200 result=OK"}
{"ts":"2026-04-05T23:30:52.105Z","level":"INFO","device":"200000000003","event":"SERVER_ACK","detail":"0x8001 Universal Reply Received"}
{"ts":"2026-04-05T23:30:52.160Z","level":"INFO","device":"200000000007","event":"HEARTBEAT_SENT","detail":"0x0002"}
{"ts":"2026-04-05T23:30:52.162Z","level":"INFO","device":"200000000007","event":"OBD2_SENT_0x0200","detail":"Lat: 51.717161, Lng: 0.502492 | Speed: 37km/h | RPM: 2262"}
{"ts":"2026-04-05T23:30:52.197Z","level":"INFO","device":"200000000004","event":"SERVER_ACK","detail":"0x8001 Universal Reply Received"}
{"ts":"2026-04-05T23:30:52.201Z","level":"ERROR","device":"300000000006","event":"SOCKET_ERROR","detail":"ECONNREFUSED"}
{"ts":"2026-04-05T23:30:52.224Z","level":"INFO","device":"868120100006","event":"GPS_SENT","detail":""}
{"ts":"2026-04-05T23:30:52.225Z","level":"INFO","device":"200000000006","event":"SERVER_ACK","detail":"0x8001 Universal Reply Received"}
{"ts":"2026-04-05T23:30:52.263Z","level":"INFO","device":"868120100005","event":"RX_MSG","detail":"0x8001 bodyLen=5"}
{"ts":"2026-04-05T23:30:52.263Z","level":"INFO","device":"868120100005","event":"SERVER_ACK","detail":"0x0200 result=OK"}
{"ts":"2026-04-05T23:30:52.308Z","level":"INFO","device":"200000000008","event":"DTC_SENT_0x0900","detail":"Injected Fault Code: P0420"}
{"ts":"2026-04-05T23:30:52.310Z","level":"INFO","device":"200000000008","event":"HEARTBEAT_SENT","detail":"0x0002"}
{"ts":"2026-04-05T23:30:52.312Z","level":"INFO","device":"200000000008","event":"OBD2_SENT_0x0200","detail":"Lat: 51.720835, Lng: 0.497859 | Speed: 37km/h | RPM: 2297"}
{"ts":"2026-04-05T23:30:52.349Z","level":"INFO","device":"200000000007","event":"SERVER_ACK","detail":"0x8001 Universal Reply Received"}
{"ts":"2026-04-05T23:30:52.351Z","level":"ERROR","device":"300000000007","event":"SOCKET_ERROR","detail":"ECONNREFUSED"}
{"ts":"2026-04-05T23:30:52.352Z","level":"INFO","device":"200000000005","event":"SERVER_ACK","detail":"0x8001 Universal Reply Received"}
{"ts":"2026-04-05T23:30:52.357Z","level":"INFO","device":"868120100007","event":"GPS_SENT","detail":""}
{"ts":"2026-04-05T23:30:52.434Z","level":"INFO","device":"868120100006","event":"RX_MSG","detail":"0x8001 bodyLen=5"}
{"ts":"2026-04-05T23:30:52.435Z","level":"INFO","device":"868120100006","event":"SERVER_ACK","detail":"0x0200 result=OK"}
{"ts":"2026-04-05T23:30:52.460Z","level":"INFO","device":"200000000009","event":"HEARTBEAT_SENT","detail":"0x0002"}
{"ts":"2026-04-05T23:30:52.461Z","level":"INFO","device":"200000000009","event":"OBD2_SENT_0x0200","detail":"Lat: 51.719474, Lng: 0.498940 | Speed: 41km/h | RPM: 2437"}
{"ts":"2026-04-05T23:30:52.502Z","level":"ERROR","device":"300000000008","event":"SOCKET_ERROR","detail":"ECONNREFUSED"}
{"ts":"2026-04-05T23:30:52.520Z","level":"INFO","device":"200000000008","event":"SERVER_ACK","detail":"0x8001 Universal Reply Received"}
{"ts":"2026-04-05T23:30:52.523Z","level":"INFO","device":"868120100008","event":"GPS_SENT","detail":""}
{"ts":"2026-04-05T23:30:52.535Z","level":"INFO","device":"200000000006","event":"SERVER_ACK","detail":"0x8001 Universal Reply Received"}
{"ts":"2026-04-05T23:30:52.550Z","level":"INFO","device":"868120100007","event":"RX_MSG","detail":"0x8001 bodyLen=5"}
{"ts":"2026-04-05T23:30:52.551Z","level":"INFO","device":"868120100007","event":"SERVER_ACK","detail":"0x0200 result=OK"}
{"ts":"2026-04-05T23:30:52.613Z","level":"INFO","device":"200000000010","event":"HEARTBEAT_SENT","detail":"0x0002"}
{"ts":"2026-04-05T23:30:52.613Z","level":"INFO","device":"200000000010","event":"OBD2_SENT_0x0200","detail":"Lat: 51.716620, Lng: 0.503754 | Speed: 44km/h | RPM: 2562"}
{"ts":"2026-04-05T23:30:52.633Z","level":"INFO","device":"200000000007","event":"SERVER_ACK","detail":"0x8001 Universal Reply Received"}
{"ts":"2026-04-05T23:30:52.644Z","level":"INFO","device":"200000000009","event":"SERVER_ACK","detail":"0x8001 Universal Reply Received"}
{"ts":"2026-04-05T23:30:52.659Z","level":"INFO","device":"868120100009","event":"GPS_SENT","detail":""}
{"ts":"2026-04-05T23:30:52.668Z","level":"ERROR","device":"300000000009","event":"SOCKET_ERROR","detail":"ECONNREFUSED"}
{"ts":"2026-04-05T23:30:52.733Z","level":"INFO","device":"868120100008","event":"RX_MSG","detail":"0x8001 bodyLen=5"}
{"ts":"2026-04-05T23:30:52.733Z","level":"INFO","device":"868120100008","event":"SERVER_ACK","detail":"0x0200 result=OK"}
{"ts":"2026-04-05T23:30:52.792Z","level":"ERROR","device":"300000000010","event":"SOCKET_ERROR","detail":"ECONNREFUSED"}
{"ts":"2026-04-05T23:30:52.796Z","level":"INFO","device":"100000000010","event":"GPS_SENT","detail":""}
{"ts":"2026-04-05T23:30:52.808Z","level":"INFO","device":"200000000010","event":"SERVER_ACK","detail":"0x8001 Universal Reply Received"}
{"ts":"2026-04-05T23:30:52.845Z","level":"INFO","device":"200000000008","event":"SERVER_ACK","detail":"0x8001 Universal Reply Received"}
{"ts":"2026-04-05T23:30:52.853Z","level":"INFO","device":"868120100009","event":"RX_MSG","detail":"0x8001 bodyLen=5"}
{"ts":"2026-04-05T23:30:52.853Z","level":"INFO","device":"868120100009","event":"SERVER_ACK","detail":"0x0200 result=OK"}
{"ts":"2026-04-05T23:30:52.943Z","level":"INFO","device":"200000000009","event":"SERVER_ACK","detail":"0x8001 Universal Reply Received"}
{"ts":"2026-04-05T23:30:52.979Z","level":"INFO","device":"100000000010","event":"RX_MSG","detail":"0x8001 bodyLen=5"}
{"ts":"2026-04-05T23:30:52.980Z","level":"INFO","device":"100000000010","event":"SERVER_ACK","detail":"0x0200 result=OK"}
{"ts":"2026-04-05T23:30:53.109Z","level":"INFO","device":"200000000010","event":"SERVER_ACK","detail":"0x8001 Universal Reply Received"}
{"ts":"2026-04-05T23:31:06.272Z","level":"INFO","device":"291078985963","event":"OBD2_SENT_0x0200","detail":"Lat: 51.714230, Lng: 0.513388 | Speed: 54km/h | RPM: 2951"}
{"ts":"2026-04-05T23:31:06.413Z","level":"INFO","device":"200000000002","event":"OBD2_SENT_0x0200","detail":"Lat: 51.717800, Lng: 0.501199 | Speed: 51km/h | RPM: 2829"}
{"ts":"2026-04-05T23:31:06.482Z","level":"INFO","device":"291078985963","event":"SERVER_ACK","detail":"0x8001 Universal Reply Received"}
{"ts":"2026-04-05T23:31:06.563Z","level":"INFO","device":"200000000003","event":"OBD2_SENT_0x0200","detail":"Lat: 51.723605, Lng: 0.496498 | Speed: 14km/h | RPM: 1367"}
{"ts":"2026-04-05T23:31:06.623Z","level":"INFO","device":"200000000002","event":"SERVER_ACK","detail":"0x8001 Universal Reply Received"}
{"ts":"2026-04-05T23:31:06.711Z","level":"INFO","device":"200000000004","event":"OBD2_SENT_0x0200","detail":"Lat: 51.726495, Lng: 0.495732 | Speed: 22km/h | RPM: 1686"}
{"ts":"2026-04-05T23:31:06.780Z","level":"INFO","device":"200000000003","event":"SERVER_ACK","detail":"0x8001 Universal Reply Received"}
{"ts":"2026-04-05T23:31:06.861Z","level":"INFO","device":"200000000005","event":"OBD2_SENT_0x0200","detail":"Lat: 51.716560, Lng: 0.503911 | Speed: 45km/h | RPM: 2603"}
{"ts":"2026-04-05T23:31:06.896Z","level":"INFO","device":"200000000004","event":"SERVER_ACK","detail":"0x8001 Universal Reply Received"}
{"ts":"2026-04-05T23:31:07.014Z","level":"INFO","device":"200000000006","event":"OBD2_SENT_0x0200","detail":"Lat: 51.717349, Lng: 0.502102 | Speed: 46km/h | RPM: 2623"}
{"ts":"2026-04-05T23:31:07.047Z","level":"INFO","device":"200000000005","event":"SERVER_ACK","detail":"0x8001 Universal Reply Received"}
{"ts":"2026-04-05T23:31:07.162Z","level":"INFO","device":"200000000007","event":"OBD2_SENT_0x0200","detail":"Lat: 51.716347, Lng: 0.504509 | Speed: 41km/h | RPM: 2422"}
{"ts":"2026-04-05T23:31:07.227Z","level":"INFO","device":"200000000006","event":"SERVER_ACK","detail":"0x8001 Universal Reply Received"}
{"ts":"2026-04-05T23:31:07.312Z","level":"INFO","device":"200000000008","event":"OBD2_SENT_0x0200","detail":"Lat: 51.719456, Lng: 0.498960 | Speed: 40km/h | RPM: 2389"}
{"ts":"2026-04-05T23:31:07.347Z","level":"INFO","device":"200000000007","event":"SERVER_ACK","detail":"0x8001 Universal Reply Received"}
{"ts":"2026-04-05T23:31:07.461Z","level":"INFO","device":"200000000009","event":"OBD2_SENT_0x0200","detail":"Lat: 51.718282, Lng: 0.500426 | Speed: 40km/h | RPM: 2412"}
{"ts":"2026-04-05T23:31:07.525Z","level":"INFO","device":"200000000008","event":"SERVER_ACK","detail":"0x8001 Universal Reply Received"}
{"ts":"2026-04-05T23:31:07.614Z","level":"INFO","device":"200000000010","event":"OBD2_SENT_0x0200","detail":"Lat: 51.715842, Lng: 0.506102 | Speed: 47km/h | RPM: 2688"}
{"ts":"2026-04-05T23:31:07.646Z","level":"INFO","device":"200000000009","event":"SERVER_ACK","detail":"0x8001 Universal Reply Received"}
{"ts":"2026-04-05T23:31:07.809Z","level":"INFO","device":"200000000010","event":"SERVER_ACK","detail":"0x8001 Universal Reply Received"}
{"ts":"2026-04-05T23:31:11.473Z","level":"INFO","device":"291078985963","event":"INCIDENT_SENT","detail":"mediaId=8 alarmId=29107898596300260405233111080200"}
{"ts":"2026-04-05T23:31:11.475Z","level":"INFO","device":"291078985963","event":"GPS_SENT","detail":""}
{"ts":"2026-04-05T23:31:11.621Z","level":"INFO","device":"868120100002","event":"GPS_SENT","detail":""}
{"ts":"2026-04-05T23:31:11.621Z","level":"INFO","device":"868120100002","event":"INCIDENT_SENT","detail":"mediaId=8 alarmId=86812010000200260405233111080200"}
{"ts":"2026-04-05T23:31:11.683Z","level":"INFO","device":"291078985963","event":"RX_MSG","detail":"0x8001 bodyLen=5"}
{"ts":"2026-04-05T23:31:11.683Z","level":"INFO","device":"291078985963","event":"SERVER_ACK","detail":"0x0200 result=OK"}
{"ts":"2026-04-05T23:31:11.764Z","level":"INFO","device":"868120100003","event":"INCIDENT_SENT","detail":"mediaId=8 alarmId=86812010000300260405233111080200"}
{"ts":"2026-04-05T23:31:11.768Z","level":"INFO","device":"868120100003","event":"GPS_SENT","detail":""}
{"ts":"2026-04-05T23:31:11.831Z","level":"INFO","device":"868120100002","event":"RX_MSG","detail":"0x8001 bodyLen=5"}
{"ts":"2026-04-05T23:31:11.831Z","level":"INFO","device":"868120100002","event":"SERVER_ACK","detail":"0x0200 result=OK"}
{"ts":"2026-04-05T23:31:11.902Z","level":"INFO","device":"868120100004","event":"INCIDENT_SENT","detail":"mediaId=8 alarmId=86812010000400260405233111080200"}
{"ts":"2026-04-05T23:31:11.905Z","level":"INFO","device":"868120100004","event":"GPS_SENT","detail":""}
{"ts":"2026-04-05T23:31:11.965Z","level":"INFO","device":"868120100003","event":"RX_MSG","detail":"0x8001 bodyLen=5"}
{"ts":"2026-04-05T23:31:11.965Z","level":"INFO","device":"868120100003","event":"SERVER_ACK","detail":"0x0200 result=OK"}
{"ts":"2026-04-05T23:31:12.021Z","level":"INFO","device":"291078985963","event":"RX_MSG","detail":"0x8001 bodyLen=5"}
{"ts":"2026-04-05T23:31:12.021Z","level":"INFO","device":"291078985963","event":"SERVER_ACK","detail":"0x0800 result=OK"}
{"ts":"2026-04-05T23:31:12.021Z","level":"INFO","device":"291078985963","event":"RX_MSG","detail":"0x8001 bodyLen=5"}
{"ts":"2026-04-05T23:31:12.021Z","level":"INFO","device":"291078985963","event":"SERVER_ACK","detail":"0x0200 result=OK"}
{"ts":"2026-04-05T23:31:12.061Z","level":"INFO","device":"868120100005","event":"INCIDENT_SENT","detail":"mediaId=8 alarmId=86812010000500260405233112080200"}
{"ts":"2026-04-05T23:31:12.062Z","level":"INFO","device":"868120100005","event":"GPS_SENT","detail":""}
{"ts":"2026-04-05T23:31:12.097Z","level":"INFO","device":"868120100004","event":"RX_MSG","detail":"0x8001 bodyLen=5"}
{"ts":"2026-04-05T23:31:12.097Z","level":"INFO","device":"868120100004","event":"SERVER_ACK","detail":"0x0200 result=OK"}
{"ts":"2026-04-05T23:31:12.176Z","level":"INFO","device":"868120100002","event":"RX_MSG","detail":"0x8001 bodyLen=5"}
{"ts":"2026-04-05T23:31:12.177Z","level":"INFO","device":"868120100002","event":"SERVER_ACK","detail":"0x0200 result=OK"}
{"ts":"2026-04-05T23:31:12.177Z","level":"INFO","device":"868120100002","event":"RX_MSG","detail":"0x8001 bodyLen=5"}
{"ts":"2026-04-05T23:31:12.177Z","level":"INFO","device":"868120100002","event":"SERVER_ACK","detail":"0x0800 result=OK"}
{"ts":"2026-04-05T23:31:12.221Z","level":"INFO","device":"868120100006","event":"INCIDENT_SENT","detail":"mediaId=8 alarmId=86812010000600260405233112080200"}
{"ts":"2026-04-05T23:31:12.224Z","level":"INFO","device":"868120100006","event":"GPS_SENT","detail":""}
{"ts":"2026-04-05T23:31:12.263Z","level":"INFO","device":"868120100005","event":"RX_MSG","detail":"0x8001 bodyLen=5"}
{"ts":"2026-04-05T23:31:12.263Z","level":"INFO","device":"868120100005","event":"SERVER_ACK","detail":"0x0200 result=OK"}
{"ts":"2026-04-05T23:31:12.292Z","level":"INFO","device":"868120100003","event":"RX_MSG","detail":"0x8001 bodyLen=5"}
{"ts":"2026-04-05T23:31:12.292Z","level":"INFO","device":"868120100003","event":"SERVER_ACK","detail":"0x0800 result=OK"}
{"ts":"2026-04-05T23:31:12.292Z","level":"INFO","device":"868120100003","event":"RX_MSG","detail":"0x8001 bodyLen=5"}
{"ts":"2026-04-05T23:31:12.292Z","level":"INFO","device":"868120100003","event":"SERVER_ACK","detail":"0x0200 result=OK"}
{"ts":"2026-04-05T23:31:12.353Z","level":"INFO","device":"868120100007","event":"INCIDENT_SENT","detail":"mediaId=8 alarmId=86812010000700260405233112080200"}
{"ts":"2026-04-05T23:31:12.357Z","level":"INFO","device":"868120100007","event":"GPS_SENT","detail":""}
{"ts":"2026-04-05T23:31:12.408Z","level":"INFO","device":"868120100004","event":"RX_MSG","detail":"0x8001 bodyLen=5"}
{"ts":"2026-04-05T23:31:12.408Z","level":"INFO","device":"868120100004","event":"SERVER_ACK","detail":"0x0800 result=OK"}
{"ts":"2026-04-05T23:31:12.408Z","level":"INFO","device":"868120100004","event":"RX_MSG","detail":"0x8001 bodyLen=5"}
{"ts":"2026-04-05T23:31:12.408Z","level":"INFO","device":"868120100004","event":"SERVER_ACK","detail":"0x0200 result=OK"}
{"ts":"2026-04-05T23:31:12.431Z","level":"INFO","device":"868120100006","event":"RX_MSG","detail":"0x8001 bodyLen=5"}
{"ts":"2026-04-05T23:31:12.431Z","level":"INFO","device":"868120100006","event":"SERVER_ACK","detail":"0x0200 result=OK"}
{"ts":"2026-04-05T23:31:12.519Z","level":"INFO","device":"868120100008","event":"INCIDENT_SENT","detail":"mediaId=8 alarmId=86812010000800260405233112080200"}
{"ts":"2026-04-05T23:31:12.523Z","level":"INFO","device":"868120100008","event":"GPS_SENT","detail":""}
{"ts":"2026-04-05T23:31:12.546Z","level":"INFO","device":"868120100007","event":"RX_MSG","detail":"0x8001 bodyLen=5"}
{"ts":"2026-04-05T23:31:12.546Z","level":"INFO","device":"868120100007","event":"SERVER_ACK","detail":"0x0200 result=OK"}
{"ts":"2026-04-05T23:31:12.603Z","level":"INFO","device":"868120100005","event":"RX_MSG","detail":"0x8001 bodyLen=5"}
{"ts":"2026-04-05T23:31:12.603Z","level":"INFO","device":"868120100005","event":"SERVER_ACK","detail":"0x0800 result=OK"}
{"ts":"2026-04-05T23:31:12.604Z","level":"INFO","device":"868120100005","event":"RX_MSG","detail":"0x8001 bodyLen=5"}
{"ts":"2026-04-05T23:31:12.604Z","level":"INFO","device":"868120100005","event":"SERVER_ACK","detail":"0x0200 result=OK"}
{"ts":"2026-04-05T23:31:12.651Z","level":"INFO","device":"868120100009","event":"INCIDENT_SENT","detail":"mediaId=8 alarmId=86812010000900260405233112080200"}
{"ts":"2026-04-05T23:31:12.659Z","level":"INFO","device":"868120100009","event":"GPS_SENT","detail":""}
{"ts":"2026-04-05T23:31:12.730Z","level":"INFO","device":"868120100008","event":"RX_MSG","detail":"0x8001 bodyLen=5"}
{"ts":"2026-04-05T23:31:12.733Z","level":"INFO","device":"868120100008","event":"SERVER_ACK","detail":"0x0200 result=OK"}
{"ts":"2026-04-05T23:31:12.767Z","level":"INFO","device":"868120100006","event":"RX_MSG","detail":"0x8001 bodyLen=5"}
{"ts":"2026-04-05T23:31:12.769Z","level":"INFO","device":"868120100006","event":"SERVER_ACK","detail":"0x0800 result=OK"}
{"ts":"2026-04-05T23:31:12.769Z","level":"INFO","device":"868120100006","event":"RX_MSG","detail":"0x8001 bodyLen=5"}
{"ts":"2026-04-05T23:31:12.769Z","level":"INFO","device":"868120100006","event":"SERVER_ACK","detail":"0x0200 result=OK"}
{"ts":"2026-04-05T23:31:12.792Z","level":"INFO","device":"100000000010","event":"INCIDENT_SENT","detail":"mediaId=8 alarmId=10000000001000260405233112080200"}
{"ts":"2026-04-05T23:31:12.796Z","level":"INFO","device":"100000000010","event":"GPS_SENT","detail":""}
{"ts":"2026-04-05T23:31:12.845Z","level":"INFO","device":"868120100009","event":"RX_MSG","detail":"0x8001 bodyLen=5"}
{"ts":"2026-04-05T23:31:12.846Z","level":"INFO","device":"868120100009","event":"SERVER_ACK","detail":"0x0200 result=OK"}
{"ts":"2026-04-05T23:31:12.876Z","level":"INFO","device":"868120100007","event":"RX_MSG","detail":"0x8001 bodyLen=5"}
{"ts":"2026-04-05T23:31:12.876Z","level":"INFO","device":"868120100007","event":"SERVER_ACK","detail":"0x0800 result=OK"}
{"ts":"2026-04-05T23:31:12.876Z","level":"INFO","device":"868120100007","event":"RX_MSG","detail":"0x8001 bodyLen=5"}
{"ts":"2026-04-05T23:31:12.876Z","level":"INFO","device":"868120100007","event":"SERVER_ACK","detail":"0x0200 result=OK"}
{"ts":"2026-04-05T23:31:12.976Z","level":"INFO","device":"100000000010","event":"RX_MSG","detail":"0x8001 bodyLen=5"}
{"ts":"2026-04-05T23:31:12.976Z","level":"INFO","device":"100000000010","event":"SERVER_ACK","detail":"0x0200 result=OK"}
{"ts":"2026-04-05T23:31:13.078Z","level":"INFO","device":"868120100008","event":"RX_MSG","detail":"0x8001 bodyLen=5"}
{"ts":"2026-04-05T23:31:13.079Z","level":"INFO","device":"868120100008","event":"SERVER_ACK","detail":"0x0800 result=OK"}
{"ts":"2026-04-05T23:31:13.079Z","level":"INFO","device":"868120100008","event":"RX_MSG","detail":"0x8001 bodyLen=5"}
{"ts":"2026-04-05T23:31:13.079Z","level":"INFO","device":"868120100008","event":"SERVER_ACK","detail":"0x0200 result=OK"}
{"ts":"2026-04-05T23:31:13.156Z","level":"INFO","device":"868120100009","event":"RX_MSG","detail":"0x8001 bodyLen=5"}
{"ts":"2026-04-05T23:31:13.156Z","level":"INFO","device":"868120100009","event":"SERVER_ACK","detail":"0x0800 result=OK"}
{"ts":"2026-04-05T23:31:13.156Z","level":"INFO","device":"868120100009","event":"RX_MSG","detail":"0x8001 bodyLen=5"}
{"ts":"2026-04-05T23:31:13.156Z","level":"INFO","device":"868120100009","event":"SERVER_ACK","detail":"0x0200 result=OK"}
{"ts":"2026-04-05T23:31:13.270Z","level":"INFO","device":"100000000010","event":"RX_MSG","detail":"0x8001 bodyLen=5"}
{"ts":"2026-04-05T23:31:13.271Z","level":"INFO","device":"100000000010","event":"SERVER_ACK","detail":"0x0800 result=OK"}
{"ts":"2026-04-05T23:31:13.271Z","level":"INFO","device":"100000000010","event":"RX_MSG","detail":"0x8001 bodyLen=5"}
{"ts":"2026-04-05T23:31:13.271Z","level":"INFO","device":"100000000010","event":"SERVER_ACK","detail":"0x0200 result=OK"}
{"ts":"2026-04-05T23:31:16.833Z","level":"INFO","device":"291078985963","event":"RX_MSG","detail":"0x9208 bodyLen=81"}
{"ts":"2026-04-05T23:31:16.833Z","level":"INFO","device":"291078985963","event":"9208_RAW","detail":"0C35342E33372E3232352E36350D32000029107898596300260405232831040200323931303738393835393633303032363034303532333238333130343032303000000000000000000000000000000000"}
{"ts":"2026-04-05T23:31:16.833Z","level":"INFO","device":"291078985963","event":"UPLOAD_TRIGGERED","detail":"media: 54.37.225.65:3378 | alarmId: 29107898596300260405232831040200"}
{"ts":"2026-04-05T23:31:16.833Z","level":"INFO","device":"291078985963","event":"MEDIA_CONNECTING","detail":"54.37.225.65:3378 files=2"}
{"ts":"2026-04-05T23:31:16.969Z","level":"INFO","device":"868120100002","event":"RX_MSG","detail":"0x9208 bodyLen=81"}
{"ts":"2026-04-05T23:31:16.970Z","level":"INFO","device":"868120100002","event":"9208_RAW","detail":"0C35342E33372E3232352E36350D32000086812010000200260405232831040200383638313230313030303032303032363034303532333238333130343032303000000000000000000000000000000000"}
{"ts":"2026-04-05T23:31:16.970Z","level":"INFO","device":"868120100002","event":"UPLOAD_TRIGGERED","detail":"media: 54.37.225.65:3378 | alarmId: 86812010000200260405232831040200"}
{"ts":"2026-04-05T23:31:16.970Z","level":"INFO","device":"868120100002","event":"MEDIA_CONNECTING","detail":"54.37.225.65:3378 files=2"}
{"ts":"2026-04-05T23:31:16.975Z","level":"INFO","device":"868120100003","event":"RX_MSG","detail":"0x9208 bodyLen=81"}
{"ts":"2026-04-05T23:31:16.976Z","level":"INFO","device":"868120100003","event":"9208_RAW","detail":"0C35342E33372E3232352E36350D32000086812010000300260405232831040200383638313230313030303033303032363034303532333238333130343032303000000000000000000000000000000000"}
{"ts":"2026-04-05T23:31:16.976Z","level":"INFO","device":"868120100003","event":"UPLOAD_TRIGGERED","detail":"media: 54.37.225.65:3378 | alarmId: 86812010000300260405232831040200"}
{"ts":"2026-04-05T23:31:16.976Z","level":"INFO","device":"868120100003","event":"MEDIA_CONNECTING","detail":"54.37.225.65:3378 files=2"}
{"ts":"2026-04-05T23:31:17.028Z","level":"INFO","device":"291078985963","event":"MEDIA_CONNECTED","detail":"54.37.225.65:3378"}
{"ts":"2026-04-05T23:31:17.028Z","level":"INFO","device":"291078985963","event":"FILE_START","detail":"[1/2] 00_64_6401_00_29107898596300260405232831040200.jpg (215 bytes)"}
{"ts":"2026-04-05T23:31:17.029Z","level":"INFO","device":"291078985963","event":"SENT_1210","detail":"00_64_6401_00_29107898596300260405232831040200.jpg"}
{"ts":"2026-04-05T23:31:17.108Z","level":"INFO","device":"868120100004","event":"RX_MSG","detail":"0x9208 bodyLen=81"}
{"ts":"2026-04-05T23:31:17.108Z","level":"INFO","device":"868120100004","event":"9208_RAW","detail":"0C35342E33372E3232352E36350D32000086812010000400260405232831040200383638313230313030303034303032363034303532333238333130343032303000000000000000000000000000000000"}
{"ts":"2026-04-05T23:31:17.108Z","level":"INFO","device":"868120100004","event":"UPLOAD_TRIGGERED","detail":"media: 54.37.225.65:3378 | alarmId: 86812010000400260405232831040200"}
{"ts":"2026-04-05T23:31:17.109Z","level":"INFO","device":"868120100004","event":"MEDIA_CONNECTING","detail":"54.37.225.65:3378 files=2"}
{"ts":"2026-04-05T23:31:17.129Z","level":"INFO","device":"291078985963","event":"SENT_1212","detail":"00_64_6401_00_29107898596300260405232831040200.jpg"}
{"ts":"2026-04-05T23:31:17.177Z","level":"INFO","device":"868120100003","event":"MEDIA_CONNECTED","detail":"54.37.225.65:3378"}
{"ts":"2026-04-05T23:31:17.177Z","level":"INFO","device":"868120100003","event":"FILE_START","detail":"[1/2] 00_64_6401_00_86812010000300260405232831040200.jpg (215 bytes)"}
{"ts":"2026-04-05T23:31:17.178Z","level":"INFO","device":"868120100003","event":"SENT_1210","detail":"00_64_6401_00_86812010000300260405232831040200.jpg"}
{"ts":"2026-04-05T23:31:17.179Z","level":"INFO","device":"868120100002","event":"MEDIA_CONNECTED","detail":"54.37.225.65:3378"}
{"ts":"2026-04-05T23:31:17.179Z","level":"INFO","device":"868120100002","event":"FILE_START","detail":"[1/2] 00_64_6401_00_86812010000200260405232831040200.jpg (215 bytes)"}
{"ts":"2026-04-05T23:31:17.179Z","level":"INFO","device":"868120100002","event":"SENT_1210","detail":"00_64_6401_00_86812010000200260405232831040200.jpg"}
{"ts":"2026-04-05T23:31:17.225Z","level":"INFO","device":"291078985963","event":"MEDIA_RX","detail":"7E 80 01 00 05 29 10 78 98 59 63 23 F9 00 00 12 10 00 BF 7E"}
{"ts":"2026-04-05T23:31:17.272Z","level":"INFO","device":"868120100005","event":"RX_MSG","detail":"0x9208 bodyLen=81"}
{"ts":"2026-04-05T23:31:17.273Z","level":"INFO","device":"868120100005","event":"9208_RAW","detail":"0C35342E33372E3232352E36350D32000086812010000500260405232832040200383638313230313030303035303032363034303532333238333230343032303000000000000000000000000000000000"}
{"ts":"2026-04-05T23:31:17.273Z","level":"INFO","device":"868120100005","event":"UPLOAD_TRIGGERED","detail":"media: 54.37.225.65:3378 | alarmId: 86812010000500260405232832040200"}
{"ts":"2026-04-05T23:31:17.273Z","level":"INFO","device":"868120100005","event":"MEDIA_CONNECTING","detail":"54.37.225.65:3378 files=2"}
{"ts":"2026-04-05T23:31:17.278Z","level":"INFO","device":"868120100003","event":"SENT_1212","detail":"00_64_6401_00_86812010000300260405232831040200.jpg"}
{"ts":"2026-04-05T23:31:17.280Z","level":"INFO","device":"868120100002","event":"SENT_1212","detail":"00_64_6401_00_86812010000200260405232831040200.jpg"}
{"ts":"2026-04-05T23:31:17.302Z","level":"INFO","device":"868120100004","event":"MEDIA_CONNECTED","detail":"54.37.225.65:3378"}
{"ts":"2026-04-05T23:31:17.303Z","level":"INFO","device":"868120100004","event":"FILE_START","detail":"[1/2] 00_64_6401_00_86812010000400260405232831040200.jpg (215 bytes)"}
{"ts":"2026-04-05T23:31:17.303Z","level":"INFO","device":"868120100004","event":"SENT_1210","detail":"00_64_6401_00_86812010000400260405232831040200.jpg"}
{"ts":"2026-04-05T23:31:17.380Z","level":"INFO","device":"868120100003","event":"MEDIA_RX","detail":"7E 80 01 00 05 86 81 20 10 00 03 07 33 00 00 12 10 00 86 7E"}
{"ts":"2026-04-05T23:31:17.389Z","level":"INFO","device":"868120100002","event":"MEDIA_RX","detail":"7E 80 01 00 05 86 81 20 10 00 02 EA 65 00 00 12 10 00 3C 7E"}
{"ts":"2026-04-05T23:31:17.403Z","level":"INFO","device":"868120100004","event":"SENT_1212","detail":"00_64_6401_00_86812010000400260405232831040200.jpg"}
{"ts":"2026-04-05T23:31:17.417Z","level":"INFO","device":"291078985963","event":"MEDIA_RX","detail":"7E 80 01 00 05 29 10 78 98 59 63 A9 A9 00 01 12 11 00 65 7E 7E 92 12 00 36 29 10 78 98 59 63 01 2D 32 30 30 5F 36 34 5F 36 34 30 31 5F 30 30 5F 32 39 31 30 37 38 39 38 35 39 36 33 30 30 32 36 30 34 30 35 32 33 32 38 33 31 30 34 30 32 30 30 2E 6A 70 67 00 00 00 1E 7E"}
{"ts":"2026-04-05T23:31:17.429Z","level":"INFO","device":"291078985963","event":"FILE_START","detail":"[2/2] 02_64_6401_03_29107898596300260405232831040200.mp4 (65536 bytes)"}
{"ts":"2026-04-05T23:31:17.430Z","level":"INFO","device":"291078985963","event":"SENT_1210","detail":"02_64_6401_03_29107898596300260405232831040200.mp4"}
{"ts":"2026-04-05T23:31:17.475Z","level":"INFO","device":"868120100005","event":"MEDIA_CONNECTED","detail":"54.37.225.65:3378"}
{"ts":"2026-04-05T23:31:17.476Z","level":"INFO","device":"868120100005","event":"FILE_START","detail":"[1/2] 00_64_6401_00_86812010000500260405232832040200.jpg (215 bytes)"}
{"ts":"2026-04-05T23:31:17.476Z","level":"INFO","device":"868120100005","event":"SENT_1210","detail":"00_64_6401_00_86812010000500260405232832040200.jpg"}
{"ts":"2026-04-05T23:31:17.498Z","level":"INFO","device":"868120100004","event":"MEDIA_RX","detail":"7E 80 01 00 05 86 81 20 10 00 04 FC 06 00 00 12 10 00 4F 7E"}
{"ts":"2026-04-05T23:31:17.547Z","level":"INFO","device":"291078985963","event":"SENT_1212","detail":"02_64_6401_03_29107898596300260405232831040200.mp4"}
{"ts":"2026-04-05T23:31:17.567Z","level":"INFO","device":"868120100007","event":"RX_MSG","detail":"0x9208 bodyLen=81"}
{"ts":"2026-04-05T23:31:17.567Z","level":"INFO","device":"868120100007","event":"9208_RAW","detail":"0C35342E33372E3232352E36350D32000086812010000700260405232832040200383638313230313030303037303032363034303532333238333230343032303000000000000000000000000000000000"}
{"ts":"2026-04-05T23:31:17.567Z","level":"INFO","device":"868120100007","event":"UPLOAD_TRIGGERED","detail":"media: 54.37.225.65:3378 | alarmId: 86812010000700260405232832040200"}
{"ts":"2026-04-05T23:31:17.567Z","level":"INFO","device":"868120100007","event":"MEDIA_CONNECTING","detail":"54.37.225.65:3378 files=2"}
{"ts":"2026-04-05T23:31:17.576Z","level":"INFO","device":"868120100005","event":"SENT_1212","detail":"00_64_6401_00_86812010000500260405232832040200.jpg"}
{"ts":"2026-04-05T23:31:17.579Z","level":"INFO","device":"868120100003","event":"FILE_START","detail":"[2/2] 02_64_6401_03_86812010000300260405232831040200.mp4 (65536 bytes)"}
{"ts":"2026-04-05T23:31:17.579Z","level":"INFO","device":"868120100003","event":"SENT_1210","detail":"02_64_6401_03_86812010000300260405232831040200.mp4"}
{"ts":"2026-04-05T23:31:17.579Z","level":"INFO","device":"868120100003","event":"MEDIA_RX","detail":"7E 80 01 00 05 86 81 20 10 00 03 32 24 00 01 12 11 00 A4 7E 7E 92 12 00 36 86 81 20 10 00 03 3F 10 32 30 30 5F 36 34 5F 36 34 30 31 5F 30 30 5F 38 36 38 31 32 30 31 30 30 30 30 33 30 30 32 36 30 34 30 35 32 33 32 38 33 31 30 34 30 32 30 30 2E 6A 70 67 00 00 00 C0 7E"}
{"ts":"2026-04-05T23:31:17.581Z","level":"INFO","device":"868120100002","event":"FILE_START","detail":"[2/2] 02_64_6401_03_86812010000200260405232831040200.mp4 (65536 bytes)"}
{"ts":"2026-04-05T23:31:17.581Z","level":"INFO","device":"868120100002","event":"SENT_1210","detail":"02_64_6401_03_86812010000200260405232831040200.mp4"}
{"ts":"2026-04-05T23:31:17.596Z","level":"INFO","device":"868120100002","event":"MEDIA_RX","detail":"7E 80 01 00 05 86 81 20 10 00 02 E2 CE 00 01 12 11 00 9F 7E 7E 92 12 00 36 86 81 20 10 00 02 50 47 32 30 30 5F 36 34 5F 36 34 30 31 5F 30 30 5F 38 36 38 31 32 30 31 30 30 30 30 32 30 30 32 36 30 34 30 35 32 33 32 38 33 31 30 34 30 32 30 30 2E 6A 70 67 00 00 00 F8 7E"}
{"ts":"2026-04-05T23:31:17.625Z","level":"INFO","device":"291078985963","event":"MEDIA_RX","detail":"7E 80 01 00 05 29 10 78 98 59 63 1E 3F 00 03 12 10 00 47 7E"}
{"ts":"2026-04-05T23:31:17.679Z","level":"INFO","device":"868120100005","event":"MEDIA_RX","detail":"7E 80 01 00 05 86 81 20 10 00 05 03 85 00 00 12 10 00 32 7E"}
{"ts":"2026-04-05T23:31:17.683Z","level":"INFO","device":"868120100003","event":"SENT_1212","detail":"02_64_6401_03_86812010000300260405232831040200.mp4"}
{"ts":"2026-04-05T23:31:17.686Z","level":"INFO","device":"868120100002","event":"SENT_1212","detail":"02_64_6401_03_86812010000200260405232831040200.mp4"}
{"ts":"2026-04-05T23:31:17.688Z","level":"INFO","device":"868120100004","event":"MEDIA_RX","detail":"7E 80 01 00 05 86 81 20 10 00 04 B8 BD 00 01 12 11 00 B0 7E 7E 92 12 00 36 86 81 20 10 00 04 A8 EB 32 30 30 5F 36 34 5F 36 34 30 31 5F 30 30 5F 38 36 38 31 32 30 31 30 30 30 30 34 30 30 32 36 30 34 30 35 32 33 32 38 33 31 30 34 30 32 30 30 2E 6A 70 67 00 00 00 AC 7E"}
{"ts":"2026-04-05T23:31:17.703Z","level":"INFO","device":"868120100004","event":"FILE_START","detail":"[2/2] 02_64_6401_03_86812010000400260405232831040200.mp4 (65536 bytes)"}
{"ts":"2026-04-05T23:31:17.703Z","level":"INFO","device":"868120100004","event":"SENT_1210","detail":"02_64_6401_03_86812010000400260405232831040200.mp4"}
{"ts":"2026-04-05T23:31:17.739Z","level":"INFO","device":"868120100008","event":"RX_MSG","detail":"0x9208 bodyLen=81"}
{"ts":"2026-04-05T23:31:17.739Z","level":"INFO","device":"868120100008","event":"9208_RAW","detail":"0C35342E33372E3232352E36350D32000086812010000800260405232832040200383638313230313030303038303032363034303532333238333230343032303000000000000000000000000000000000"}
{"ts":"2026-04-05T23:31:17.739Z","level":"INFO","device":"868120100008","event":"UPLOAD_TRIGGERED","detail":"media: 54.37.225.65:3378 | alarmId: 86812010000800260405232832040200"}
{"ts":"2026-04-05T23:31:17.739Z","level":"INFO","device":"868120100008","event":"MEDIA_CONNECTING","detail":"54.37.225.65:3378 files=2"}
{"ts":"2026-04-05T23:31:17.779Z","level":"INFO","device":"868120100007","event":"MEDIA_CONNECTED","detail":"54.37.225.65:3378"}
{"ts":"2026-04-05T23:31:17.779Z","level":"INFO","device":"868120100007","event":"FILE_START","detail":"[1/2] 00_64_6401_00_86812010000700260405232832040200.jpg (215 bytes)"}
{"ts":"2026-04-05T23:31:17.779Z","level":"INFO","device":"868120100007","event":"SENT_1210","detail":"00_64_6401_00_86812010000700260405232832040200.jpg"}
{"ts":"2026-04-05T23:31:17.780Z","level":"INFO","device":"868120100003","event":"MEDIA_RX","detail":"7E 80 01 00 05 86 81 20 10 00 03 27 44 00 03 12 10 00 D2 7E"}
{"ts":"2026-04-05T23:31:17.806Z","level":"INFO","device":"868120100004","event":"SENT_1212","detail":"02_64_6401_03_86812010000400260405232831040200.mp4"}
{"ts":"2026-04-05T23:31:17.818Z","level":"INFO","device":"291078985963","event":"MEDIA_RX","detail":"7E 80 01 00 05 29 10 78 98 59 63 D2 48 00 04 12 11 00 FA 7E 7E 80 01 00 05 29 10 78 98 59 63 90 11 00 05 12 11 00 E0 7E 7E 80 01 00 05 29 10 78 98 59 63 55 2D 00 06 12 11 00 1A 7E 7E 80 01 00 05 29 10 78 98 59 63 DF D8 00 07 12 11 00 64 7E 7E 80 01 00 05 29 10 78 98 59 63 26 08 00 08 12 11 00 42 7E 7E 80 01 00 05 29 10 78 98 59 63 A7 0B 00 09 12 11 00 C1 7E 7E 80 01 00 05 29 10 78 98 59 63 A3 29 00 0A 12 11 00 E4 7E 7E 80 01 00 05 29 10 78 98 59 63 C0 5D 00 0B 12 11 00 F2 7E 7E 80 01 00 05 29 10 78 98 59 63 33 3C 00 0C 12 11 00 67 7E 7E 80 01 00 05 29 10 78 98 59 63 05 DB 00 0D 12 11 00 B7 7E 7E 80 01 00 05 29 10 78 98 59 63 E3 D9 00 0E 12 11 00 50 7E 7E 80 01 00 05 29 10 78 98 59 63 68 45 00 0F 12 11 00 46 7E 7E 80 01 00 05 29 10 78 98 59 63 CE 41 00 10 12 11 00 FB 7E 7E 80 01 00 05 29 10 78 98 59 63 F5 B4 00 11 12 11 00 34 7E 7E 80 01 00 05 29 10 78 98 59 63 AD 88 00 12 12 11 00 53 7E 7E 80 01 00 05 29 10 78 98 59 63 7C D4 00 13 12 11 00 DF 7E 7E 80 01 00 05 29 10 78 98 59 63 6F CF 00 14 12 11 00 D0 7E 7E 80 01 00 05 29 10 78 98 59 63 4E 15 00 15 12 11 00 2A 7E 7E 80 01 00 05 29 10 78 98 59 63 D9 51 00 16 12 11 00 FA 7E 7E 80 01 00 05 29 10 78 98 59 63 EA D4 00 17 12 11 00 4D 7E 7E 80 01 00 05 29 10 78 98 59 63 D6 B8 00 18 12 11 00 12 7E 7E 80 01 00 05 29 10 78 98 59 63 C1 F0 00 19 12 11 00 4C 7E 7E 80 01 00 05 29 10 78 98 59 63 2A D6 00 1A 12 11 00 82 7E 7E 80 01 00 05 29 10 78 98 59 63 2A 03 00 1B 12 11 00 56 7E 7E 80 01 00 05 29 10 78 98 59 63 99 4F 00 1C 12 11 00 AE 7E 7E 80 01 00 05 29 10 78 98 59 63 1C CD 00 1D 12 11 00 A8 7E 7E 80 01 00 05 29 10 78 98 59 63 71 D6 00 1E 12 11 00 DD 7E 7E 80 01 00 05 29 10 78 98 59 63 E9 D6 00 1F 12 11 00 44 7E 7E 80 01 00 05 29 10 78 98 59 63 D1 0D 00 20 12 11 00 98 7E 7E 80 01 00 05 29 10 78 98 59 63 86 C0 00 21 12 11 00 03 7E 7E 80 01 00 05 29 10 78 98 59 63 10 84 00 22 12 11 00 D2 7E 7E 80 01 00 05 29 10 78 98 59 63 A4 EC 00 23 12 11 00 0F 7E 7E 80 01 00 05 29 10 78 98 59 63 46 79 00 24 12 11 00 7F 7E"}
{"ts":"2026-04-05T23:31:17.846Z","level":"INFO","device":"291078985963","event":"BATCH_COMPLETE","detail":"All 2 files sent"}
{"ts":"2026-04-05T23:31:17.861Z","level":"INFO","device":"868120100009","event":"RX_MSG","detail":"0x9208 bodyLen=81"}
{"ts":"2026-04-05T23:31:17.861Z","level":"INFO","device":"868120100009","event":"9208_RAW","detail":"0C35342E33372E3232352E36350D32000086812010000900260405232832040200383638313230313030303039303032363034303532333238333230343032303000000000000000000000000000000000"}
{"ts":"2026-04-05T23:31:17.861Z","level":"INFO","device":"868120100009","event":"UPLOAD_TRIGGERED","detail":"media: 54.37.225.65:3378 | alarmId: 86812010000900260405232832040200"}
{"ts":"2026-04-05T23:31:17.861Z","level":"INFO","device":"868120100009","event":"MEDIA_CONNECTING","detail":"54.37.225.65:3378 files=2"}
{"ts":"2026-04-05T23:31:17.876Z","level":"INFO","device":"868120100005","event":"FILE_START","detail":"[2/2] 02_64_6401_03_86812010000500260405232832040200.mp4 (65536 bytes)"}
{"ts":"2026-04-05T23:31:17.876Z","level":"INFO","device":"868120100005","event":"SENT_1210","detail":"02_64_6401_03_86812010000500260405232832040200.mp4"}
{"ts":"2026-04-05T23:31:17.879Z","level":"INFO","device":"868120100005","event":"MEDIA_RX","detail":"7E 80 01 00 05 86 81 20 10 00 05 75 DF 00 01 12 11 00 1E 7E 7E 92 12 00 36 86 81 20 10 00 05 E5 55 32 30 30 5F 36 34 5F 36 34 30 31 5F 30 30 5F 38 36 38 31 32 30 31 30 30 30 30 35 30 30 32 36 30 34 30 35 32 33 32 38 33 32 30 34 30 32 30 30 2E 6A 70 67 00 00 00 5C 7E"}
{"ts":"2026-04-05T23:31:17.880Z","level":"INFO","device":"868120100007","event":"SENT_1212","detail":"00_64_6401_00_86812010000700260405232832040200.jpg"}
{"ts":"2026-04-05T23:31:17.892Z","level":"INFO","device":"868120100002","event":"MEDIA_RX","detail":"7E 80 01 00 05 86 81 20 10 00 02 51 D1 00 03 12 10 00 30 7E"}
{"ts":"2026-04-05T23:31:17.904Z","level":"INFO","device":"868120100004","event":"MEDIA_RX","detail":"7E 80 01 00 05 86 81 20 10 00 04 F4 F3 00 03 12 10 00 B1 7E"}
{"ts":"2026-04-05T23:31:17.941Z","level":"INFO","device":"868120100008","event":"MEDIA_CONNECTED","detail":"54.37.225.65:3378"}
{"ts":"2026-04-05T23:31:17.941Z","level":"INFO","device":"868120100008","event":"FILE_START","detail":"[1/2] 00_64_6401_00_86812010000800260405232832040200.jpg (215 bytes)"}
{"ts":"2026-04-05T23:31:17.941Z","level":"INFO","device":"868120100008","event":"SENT_1210","detail":"00_64_6401_00_86812010000800260405232832040200.jpg"}
{"ts":"2026-04-05T23:31:17.979Z","level":"INFO","device":"868120100005","event":"SENT_1212","detail":"02_64_6401_03_86812010000500260405232832040200.mp4"}
{"ts":"2026-04-05T23:31:17.980Z","level":"INFO","device":"868120100003","event":"MEDIA_RX","detail":"7E 80 01 00 05 86 81 20 10 00 03 A2 DC 00 04 12 11 00 C9 7E 7E 80 01 00 05 86 81 20 10 00 03 1F E4 00 05 12 11 00 4D 7E 7E 80 01 00 05 86 81 20 10 00 03 8F A5 00 06 12 11 00 9F 7E 7E 80 01 00 05 86 81 20 10 00 03 04 E9 00 07 12 11 00 59 7E 7E 80 01 00 05 86 81 20 10 00 03 FB A7 00 08 12 11 00 E7 7E 7E 80 01 00 05 86 81 20 10 00 03 78 EE 00 09 12 11 00 2C 7E 7E 80 01 00 05 86 81 20 10 00 03 9F 52 00 0A 12 11 00 74 7E 7E 80 01 00 05 86 81 20 10 00 03 B4 9E 00 0B 12 11 00 92 7E 7E 80 01 00 05 86 81 20 10 00 03 1F D6 00 0C 12 11 00 76 7E 7E 80 01 00 05 86 81 20 10 00 03 D2 D3 00 0D 12 11 00 BF 7E 7E 80 01 00 05 86 81 20 10 00 03 B2 F6 00 0E 12 11 00 F9 7E 7E 80 01 00 05 86 81 20 10 00 03 D1 E3 00 0F 12 11 00 8E 7E 7E 80 01 00 05 86 81 20 10 00 03 05 75 00 10 12 11 00 D3 7E 7E 80 01 00 05 86 81 20 10 00 03 AA C5 00 11 12 11 00 CD 7E 7E 80 01 00 05 86 81 20 10 00 03 4F 44 00 12 12 11 00 AA 7E 7E 80 01 00 05 86 81 20 10 00 03 63 16 00 13 12 11 00 D5 7E 7E 80 01 00 05 86 81 20 10 00 03 65 A0 00 14 12 11 00 62 7E 7E 80 01 00 05 86 81 20 10 00 03 56 01 00 15 12 11 00 F1 7E 7E 80 01 00 05 86 81 20 10 00 03 F3 2E 00 16 12 11 00 78 7E 7E 80 01 00 05 86 81 20 10 00 03 3E 6F 00 17 12 11 00 F5 7E 7E 80 01 00 05 86 81 20 10 00 03 41 C2 00 18 12 11 00 28 7E 7E 80 01 00 05 86 81 20 10 00 03 5A 72 00 19 12 11 00 82 7E 7E 80 01 00 05 86 81 20 10 00 03 19 41 00 1A 12 11 00 F1 7E 7E 80 01 00 05 86 81 20 10 00 03 8D B2 00 1B 12 11 00 97 7E 7E 80 01 00 05 86 81 20 10 00 03 F0 93 00 1C 12 11 00 CC 7E 7E 80 01 00 05 86 81 20 10 00 03 65 87 00 1D 12 11 00 4C 7E 7E 80 01 00 05 86 81 20 10 00 03 DC BB 00 1E 12 11 00 CA 7E 7E 80 01 00 05 86 81 20 10 00 03 AF 8E 00 1F 12 11 00 8D 7E 7E 80 01 00 05 86 81 20 10 00 03 69 1C 00 20 12 11 00 E6 7E 7E 80 01 00 05 86 81 20 10 00 03 A3 2F 00 21 12 11 00 1E 7E 7E 80 01 00 05 86 81 20 10 00 03 52 66 00 22 12 11 00 A5 7E 7E 80 01 00 05 86 81 20 10 00 03 A0 31 00 23 12 11 00 01 7E 7E 80 01 00 05 86 81 20 10 00 03 F1 5E 00 24 12 11 00 38 7E"}
{"ts":"2026-04-05T23:31:17.984Z","level":"INFO","device":"868120100003","event":"BATCH_COMPLETE","detail":"All 2 files sent"}
{"ts":"2026-04-05T23:31:17.987Z","level":"INFO","device":"100000000010","event":"RX_MSG","detail":"0x9208 bodyLen=81"}
{"ts":"2026-04-05T23:31:17.987Z","level":"INFO","device":"100000000010","event":"9208_RAW","detail":"0C35342E33372E3232352E36350D32000010000000001000260405232832040200313030303030303030303130303032363034303532333238333230343032303000000000000000000000000000000000"}
{"ts":"2026-04-05T23:31:17.987Z","level":"INFO","device":"100000000010","event":"UPLOAD_TRIGGERED","detail":"media: 54.37.225.65:3378 | alarmId: 10000000001000260405232832040200"}
{"ts":"2026-04-05T23:31:17.987Z","level":"INFO","device":"100000000010","event":"MEDIA_CONNECTING","detail":"54.37.225.65:3378 files=2"}
{"ts":"2026-04-05T23:31:17.987Z","level":"INFO","device":"868120100002","event":"BATCH_COMPLETE","detail":"All 2 files sent"}
{"ts":"2026-04-05T23:31:17.992Z","level":"INFO","device":"868120100007","event":"MEDIA_RX","detail":"7E 80 01 00 05 86 81 20 10 00 07 9B 27 00 00 12 10 00 0A 7E"}
{"ts":"2026-04-05T23:31:18.044Z","level":"INFO","device":"868120100008","event":"SENT_1212","detail":"00_64_6401_00_86812010000800260405232832040200.jpg"}
{"ts":"2026-04-05T23:31:18.054Z","level":"INFO","device":"868120100009","event":"MEDIA_CONNECTED","detail":"54.37.225.65:3378"}
{"ts":"2026-04-05T23:31:18.054Z","level":"INFO","device":"868120100009","event":"FILE_START","detail":"[1/2] 00_64_6401_00_86812010000900260405232832040200.jpg (215 bytes)"}
{"ts":"2026-04-05T23:31:18.055Z","level":"INFO","device":"868120100009","event":"SENT_1210","detail":"00_64_6401_00_86812010000900260405232832040200.jpg"}
{"ts":"2026-04-05T23:31:18.097Z","level":"INFO","device":"868120100004","event":"MEDIA_RX","detail":"7E 80 01 00 05 86 81 20 10 00 04 7D 02 24 00 04 12 11 00 EA 7E 7E 80 01 00 05 86 81 20 10 00 04 B9 26 00 05 12 11 00 2E 7E 7E 80 01 00 05 86 81 20 10 00 04 88 AD 00 06 12 11 00 97 7E 7E 80 01 00 05 86 81 20 10 00 04 A8 04 00 07 12 11 00 1F 7E 7E 80 01 00 05 86 81 20 10 00 04 53 F9 00 08 12 11 00 16 7E 7E 80 01 00 05 86 81 20 10 00 04 F6 D7 00 09 12 11 00 9C 7E 7E 80 01 00 05 86 81 20 10 00 04 07 89 00 0A 12 11 00 30 7E 7E 80 01 00 05 86 81 20 10 00 04 81 EF 00 0B 12 11 00 D1 7E 7E 80 01 00 05 86 81 20 10 00 04 4D 7B 00 0C 12 11 00 8E 7E 7E 80 01 00 05 86 81 20 10 00 04 43 18 00 0D 12 11 00 E2 7E 7E 80 01 00 05 86 81 20 10 00 04 51 58 00 0E 12 11 00 B3 7E 7E 80 01 00 05 86 81 20 10 00 04 1F 5D 00 0F 12 11 00 F9 7E 7E 80 01 00 05 86 81 20 10 00 04 32 81 00 10 12 11 00 17 7E 7E 80 01 00 05 86 81 20 10 00 04 83 23 00 11 12 11 00 05 7E 7E 80 01 00 05 86 81 20 10 00 04 0C 19 00 12 12 11 00 B3 7E 7E 80 01 00 05 86 81 20 10 00 04 11 1D 00 13 12 11 00 AB 7E 7E 80 01 00 05 86 81 20 10 00 04 98 38 00 14 12 11 00 00 7E 7E 80 01 00 05 86 81 20 10 00 04 25 E0 00 15 12 11 00 64 7E 7E 80 01 00 05 86 81 20 10 00 04 66 E4 00 16 12 11 00 20 7E 7E 80 01 00 05 86 81 20 10 00 04 CC 59 00 17 12 11 00 36 7E 7E 80 01 00 05 86 81 20 10 00 04 22 9B 00 18 12 11 00 15 7E 7E 80 01 00 05 86 81 20 10 00 04 7D 02 0E 00 19 12 11 00 DD 7E 7E 80 01 00 05 86 81 20 10 00 04 CD F5 00 1A 12 11 00 96 7E 7E 80 01 00 05 86 81 20 10 00 04 94 CE 00 1B 12 11 00 F5 7E 7E 80 01 00 05 86 81 20 10 00 04 D5 BC 00 1C 12 11 00 C1 7E 7E 80 01 00 05 86 81 20 10 00 04 60 F5 00 1D 12 11 00 3C 7E 7E 80 01 00 05 86 81 20 10 00 04 44 CB 00 1E 12 11 00 25 7E 7E 80 01 00 05 86 81 20 10 00 04 8B E9 00 1F 12 11 00 C9 7E 7E 80 01 00 05 86 81 20 10 00 04 A7 01 00 20 12 11 00 32 7E 7E 80 01 00 05 86 81 20 10 00 04 AB 35 00 21 12 11 00 0B 7E 7E 80 01 00 05 86 81 20 10 00 04 C7 98 00 22 12 11 00 C9 7E 7E 80 01 00 05 86 81 20 10 00 04 E9 2E 00 23 12 11 00 50 7E 7E 80 01 00 05 86 81 20 10 00 04 05 F9 00 24 12 11 00 6C 7E"}
{"ts":"2026-04-05T23:31:18.106Z","level":"INFO","device":"868120100004","event":"BATCH_COMPLETE","detail":"All 2 files sent"}
{"ts":"2026-04-05T23:31:18.145Z","level":"INFO","device":"868120100008","event":"MEDIA_RX","detail":"7E 80 01 00 05 86 81 20 10 00 08 A5 25 00 00 12 10 00 39 7E"}
{"ts":"2026-04-05T23:31:18.156Z","level":"INFO","device":"868120100009","event":"SENT_1212","detail":"00_64_6401_00_86812010000900260405232832040200.jpg"}
{"ts":"2026-04-05T23:31:18.178Z","level":"INFO","device":"868120100005","event":"MEDIA_RX","detail":"7E 80 01 00 05 86 81 20 10 00 05 D6 2F 00 03 12 10 00 4E 7E"}
{"ts":"2026-04-05T23:31:18.180Z","level":"INFO","device":"868120100007","event":"FILE_START","detail":"[2/2] 02_64_6401_03_86812010000700260405232832040200.mp4 (65536 bytes)"}
{"ts":"2026-04-05T23:31:18.180Z","level":"INFO","device":"868120100007","event":"SENT_1210","detail":"02_64_6401_03_86812010000700260405232832040200.mp4"}
{"ts":"2026-04-05T23:31:18.196Z","level":"INFO","device":"100000000010","event":"MEDIA_CONNECTED","detail":"54.37.225.65:3378"}
{"ts":"2026-04-05T23:31:18.196Z","level":"INFO","device":"100000000010","event":"FILE_START","detail":"[1/2] 00_64_6401_00_10000000001000260405232832040200.jpg (215 bytes)"}
{"ts":"2026-04-05T23:31:18.196Z","level":"INFO","device":"100000000010","event":"SENT_1210","detail":"00_64_6401_00_10000000001000260405232832040200.jpg"}
{"ts":"2026-04-05T23:31:18.204Z","level":"INFO","device":"868120100007","event":"MEDIA_RX","detail":"7E 80 01 00 05 86 81 20 10 00 07 1B 68 00 01 12 11 00 C5 7E 7E 92 12 00 36 86 81 20 10 00 07 16 04 32 30 30 5F 36 34 5F 36 34 30 31 5F 30 30 5F 38 36 38 31 32 30 31 30 30 30 30 37 30 30 32 36 30 34 30 35 32 33 32 38 33 32 30 34 30 32 30 30 2E 6A 70 67 00 00 00 FE 7E"}
{"ts":"2026-04-05T23:31:18.263Z","level":"ERROR","device":"291078985963","event":"MEDIA_ERROR","detail":"54.37.225.65:3378 — read ECONNRESET"}
{"ts":"2026-04-05T23:31:18.263Z","level":"INFO","device":"291078985963","event":"MEDIA_CLOSED","detail":""}
{"ts":"2026-04-05T23:31:18.279Z","level":"INFO","device":"868120100005","event":"BATCH_COMPLETE","detail":"All 2 files sent"}
{"ts":"2026-04-05T23:31:18.285Z","level":"INFO","device":"868120100007","event":"SENT_1212","detail":"02_64_6401_03_86812010000700260405232832040200.mp4"}
{"ts":"2026-04-05T23:31:18.297Z","level":"INFO","device":"100000000010","event":"SENT_1212","detail":"00_64_6401_00_10000000001000260405232832040200.jpg"}
{"ts":"2026-04-05T23:31:18.344Z","level":"INFO","device":"868120100008","event":"MEDIA_RX","detail":"7E 80 01 00 05 86 81 20 10 00 08 86 36 00 01 12 11 00 09 7E 7E 92 12 00 36 86 81 20 10 00 08 BA 72 32 30 30 5F 36 34 5F 36 34 30 31 5F 30 30 5F 38 36 38 31 32 30 31 30 30 30 30 38 30 30 32 36 30 34 30 35 32 33 32 38 33 32 30 34 30 32 30 30 2E 6A 70 67 00 00 00 24 7E"}
{"ts":"2026-04-05T23:31:18.345Z","level":"INFO","device":"868120100008","event":"FILE_START","detail":"[2/2] 02_64_6401_03_86812010000800260405232832040200.mp4 (65536 bytes)"}
{"ts":"2026-04-05T23:31:18.345Z","level":"INFO","device":"868120100008","event":"SENT_1210","detail":"02_64_6401_03_86812010000800260405232832040200.mp4"}
{"ts":"2026-04-05T23:31:18.351Z","level":"INFO","device":"868120100009","event":"MEDIA_RX","detail":"7E 80 01 00 05 86 81 20 10 00 09 79 1C 00 00 12 10 00 DD 7E"}
{"ts":"2026-04-05T23:31:18.401Z","level":"ERROR","device":"868120100003","event":"MEDIA_ERROR","detail":"54.37.225.65:3378 — read ECONNRESET"}
{"ts":"2026-04-05T23:31:18.401Z","level":"INFO","device":"868120100003","event":"MEDIA_CLOSED","detail":""}
{"ts":"2026-04-05T23:31:18.450Z","level":"INFO","device":"868120100008","event":"SENT_1212","detail":"02_64_6401_03_86812010000800260405232832040200.mp4"}
{"ts":"2026-04-05T23:31:18.458Z","level":"INFO","device":"868120100009","event":"FILE_START","detail":"[2/2] 02_64_6401_03_86812010000900260405232832040200.mp4 (65536 bytes)"}
{"ts":"2026-04-05T23:31:18.458Z","level":"INFO","device":"868120100009","event":"SENT_1210","detail":"02_64_6401_03_86812010000900260405232832040200.mp4"}
{"ts":"2026-04-05T23:31:18.519Z","level":"INFO","device":"868120100007","event":"MEDIA_RX","detail":"7E 80 01 00 05 86 81 20 10 00 07 99 D1 00 03 12 10 00 FD 7E"}
{"ts":"2026-04-05T23:31:18.535Z","level":"INFO","device":"100000000010","event":"MEDIA_RX","detail":"7E 80 01 00 05 10 00 00 00 00 10 DE 1E 00 00 12 10 00 46 7E"}
{"ts":"2026-04-05T23:31:18.541Z","level":"ERROR","device":"868120100004","event":"MEDIA_ERROR","detail":"54.37.225.65:3378 — read ECONNRESET"}
{"ts":"2026-04-05T23:31:18.542Z","level":"INFO","device":"868120100004","event":"MEDIA_CLOSED","detail":""}
{"ts":"2026-04-05T23:31:18.542Z","level":"INFO","device":"868120100009","event":"MEDIA_RX","detail":"7E 80 01 00 05 86 81 20 10 00 09 98 45 00 01 12 11 00 65 7E 7E 92 12 00 36 86 81 20 10 00 09 DA BF 32 30 30 5F 36 34 5F 36 34 30 31 5F 30 30 5F 38 36 38 31 32 30 31 30 30 30 30 39 30 30 32 36 30 34 30 35 32 33 32 38 33 32 30 34 30 32 30 30 2E 6A 70 67 00 00 00 89 7E"}
{"ts":"2026-04-05T23:31:18.550Z","level":"INFO","device":"868120100008","event":"MEDIA_RX","detail":"7E 80 01 00 05 86 81 20 10 00 08 83 CE 00 03 12 10 00 F7 7E"}
{"ts":"2026-04-05T23:31:18.562Z","level":"INFO","device":"868120100009","event":"SENT_1212","detail":"02_64_6401_03_86812010000900260405232832040200.mp4"}
{"ts":"2026-04-05T23:31:18.585Z","level":"INFO","device":"868120100007","event":"BATCH_COMPLETE","detail":"All 2 files sent"}
{"ts":"2026-04-05T23:31:18.598Z","level":"INFO","device":"100000000010","event":"FILE_START","detail":"[2/2] 02_64_6401_03_10000000001000260405232832040200.mp4 (65536 bytes)"}
{"ts":"2026-04-05T23:31:18.598Z","level":"INFO","device":"100000000010","event":"SENT_1210","detail":"02_64_6401_03_10000000001000260405232832040200.mp4"}
{"ts":"2026-04-05T23:31:18.706Z","level":"INFO","device":"100000000010","event":"SENT_1212","detail":"02_64_6401_03_10000000001000260405232832040200.mp4"}
{"ts":"2026-04-05T23:31:18.726Z","level":"INFO","device":"868120100005","event":"MEDIA_RX","detail":"7E 80 01 00 05 86 81 20 10 00 05 E4 7F 00 04 12 11 00 2A 7E 7E 80 01 00 05 86 81 20 10 00 05 DD 92 00 05 12 11 00 FF 7E 7E 80 01 00 05 86 81 20 10 00 05 6F EF 00 06 12 11 00 33 7E 7E 80 01 00 05 86 81 20 10 00 05 31 D0 00 07 12 11 00 53 7E 7E 80 01 00 05 86 81 20 10 00 05 A9 6C 00 08 12 11 00 78 7E 7E 80 01 00 05 86 81 20 10 00 05 A6 99 00 09 12 11 00 83 7E 7E 80 01 00 05 86 81 20 10 00 05 C0 CC 00 0A 12 11 00 B3 7E 7E 80 01 00 05 86 81 20 10 00 05 81 E1 00 0B 12 11 00 DE 7E 7E 80 01 00 05 86 81 20 10 00 05 83 73 00 0C 12 11 00 49 7E 7E 80 01 00 05 86 81 20 10 00 05 E2 3C 00 0D 12 11 00 66 7E 7E 80 01 00 05 86 81 20 10 00 05 49 7F 00 0E 12 11 00 8D 7E 7E 80 01 00 05 86 81 20 10 00 05 72 65 00 0F 12 11 00 AD 7E 7E 80 01 00 05 86 81 20 10 00 05 0A D4 00 10 12 11 00 7B 7E 7E 80 01 00 05 86 81 20 10 00 05 AC 46 00 11 12 11 00 4E 7E 7E 80 01 00 05 86 81 20 10 00 05 D8 14 00 12 12 11 00 6B 7E 7E 80 01 00 05 86 81 20 10 00 05 B4 B1 00 13 12 11 00 A3 7E 7E 80 01 00 05 86 81 20 10 00 05 F7 22 00 14 12 11 00 74 7E 7E 80 01 00 05 86 81 20 10 00 05 D2 A4 00 15 12 11 00 D6 7E 7E 80 01 00 05 86 81 20 10 00 05 97 01 00 16 12 11 00 35 7E 7E 80 01 00 05 86 81 20 10 00 05 16 20 00 17 12 11 00 94 7E 7E 80 01 00 05 86 81 20 10 00 05 57 81 00 18 12 11 00 7B 7E 7E 80 01 00 05 86 81 20 10 00 05 F7 94 00 19 12 11 00 CF 7E 7E 80 01 00 05 86 81 20 10 00 05 C8 A1 00 1A 12 11 00 C6 7E 7E 80 01 00 05 86 81 20 10 00 05 AD F1 00 1B 12 11 00 F2 7E 7E 80 01 00 05 86 81 20 10 00 05 74 6C 00 1C 12 11 00 B1 7E 7E 80 01 00 05 86 81 20 10 00 05 B5 0D 00 1D 12 11 00 10 7E 7E 80 01 00 05 86 81 20 10 00 05 78 C5 00 1E 12 11 00 16 7E 7E 80 01 00 05 86 81 20 10 00 05 95 60 00 1F 12 11 00 5F 7E 7E 80 01 00 05 86 81 20 10 00 05 FD DA 00 20 12 11 00 B2 7E 7E 80 01 00 05 86 81 20 10 00 05 B8 DF 00 21 12 11 00 F3 7E 7E 80 01 00 05 86 81 20 10 00 05 69 B7 00 22 12 11 00 49 7E 7E 80 01 00 05 86 81 20 10 00 05 0E 84 00 23 12 11 00 1C 7E 7E 80 01 00 05 86 81 20 10 00 05 26 52 00 24 12 11 00 E5 7E 7E 80 01 00 05 86 81 20 10 00 05 B2 F5 00 25 12 11 00 D7 7E 7E 80 01 00 05 86 81 20 10 00 05 DF AF 00 26 12 11 00 E3 7E 7E 80 01 00 05 86 81 20 10 00 05 0E BB 00 27 12 11 00 27 7E 7E 80 01 00 05 86 81 20 10 00 05 74 87 00 28 12 11 00 6E 7E 7E 80 01 00 05 86 81 20 10 00 05 3F A8 00 29 12 11 00 0B 7E 7E 80 01 00 05 86 81 20 10 00 05 E7 1B 00 2A 12 11 00 63 7E 7E 80 01 00 05 86 81 20 10 00 05 EA 9F 00 2B 12 11 00 EB 7E 7E 80 01 00 05 86 81 20 10 00 05 F5 18 00 2C 12 11 00 74 7E 7E 80 01 00 05 86 81 20 10 00 05 9E BB 00 2D 12 11 00 BD 7E 7E 80 01 00 05 86 81 20 10 00 05 01 9B 00 2E 12 11 00 01 7E 7E 80 01 00 05 86 81 20 10 00 05 4D 98 00 2F 12 11 00 4F 7E 7E 80 01 00 05 86 81 20 10 00 05 08 C5 00 30 12 11 00 48 7E 7E 80 01 00 05 86 81 20 10 00 05 20 DB 00 31 12 11 00 7F 7E 7E 80 01 00 05 86 81 20 10 00 05 25 1E 00 32 12 11 00 BC 7E 7E 80 01 00 05 86 81 20 10 00 05 8B AD 00 33 12 11 00 A0 7E 7E 80 01 00 05 86 81 20 10 00 05 F2 73 00 34 12 11 00 00 7E 7E 80 01 00 05 86 81 20 10 00 05 A2 0F 00 35 12 11 00 2D 7E 7E 80 01 00 05 86 81 20 10 00 05 68 99 00 36 12 11 00 72 7E 7E 80 01 00 05 86 81 20 10 00 05 D8 16 00 37 12 11 00 4C 7E 7E 80 01 00 05 86 81 20 10 00 05 F6 DF 00 38 12 11 00 A4 7E 7E 80 01 00 05 86 81 20 10 00 05 A8 58 00 39 12 11 00 7C 7E 7E 80 01 00 05 86 81 20 10 00 05 2F 57 00 3A 12 11 00 F7 7E 7E 80 01 00 05 86 81 20 10 00 05 5C A7 00 3B 12 11 00 75 7E 7E 80 01 00 05 86 81 20 10 00 05 7F 5A 00 3C 12 11 00 AC 7E 7E 80 01 00 05 86 81 20 10 00 05 2B 8C 00 3D 12 11 00 2F 7E 7E 80 01 00 05 86 81 20 10 00 05 D4 16 00 3E 12 11 00 49 7E 7E 80 01 00 05 86 81 20 10 00 05 32 C8 00 3F 12 11 00 70 7E 7E 80 01 00 05 86 81 20 10 00 05 E8 39 00 40 12 11 00 24 7E 7E 80 01 00 05 86 81 20 10 00 05 FF B8 00 41 12 11 00 B3 7E 7E 80 01 00 05 86 81 20 10 00 05 10 14 00 42 12 11 00 F3 7E 7E 80 01 00 05 86 81 20 10 00 05 DE B4 00 43 12 11 00 9C 7E 7E 92 12 00 36 86 81 20 10 00 05 EC 51 32 30 32 5F 36 34 5F 36 34 30 31 5F 30 33 5F 38 36 38 31 32 30 31 30 30 30 30 35 30 30 32 36 30 34 30 35 32 33 32 38 33 32 30 34 30 32 30 30 2E 6D 70 34 02 00 00 06 7E"}
{"ts":"2026-04-05T23:31:18.726Z","level":"INFO","device":"868120100005","event":"MEDIA_CLOSED","detail":""}
{"ts":"2026-04-05T23:31:18.741Z","level":"INFO","device":"100000000010","event":"MEDIA_RX","detail":"7E 80 01 00 05 10 00 00 00 00 10 A3 C2 00 01 12 11 00 E7 7E 7E 92 12 00 36 10 00 00 00 00 10 58 41 32 30 30 5F 36 34 5F 36 34 30 31 5F 30 30 5F 31 30 30 30 30 30 30 30 30 30 31 30 30 30 32 36 30 34 30 35 32 33 32 38 33 32 30 34 30 32 30 30 2E 6A 70 67 00 00 00 C6 7E"}
{"ts":"2026-04-05T23:31:18.750Z","level":"INFO","device":"868120100008","event":"BATCH_COMPLETE","detail":"All 2 files sent"}
{"ts":"2026-04-05T23:31:18.753Z","level":"INFO","device":"868120100009","event":"MEDIA_RX","detail":"7E 80 01 00 05 86 81 20 10 00 09 E2 B5 00 03 12 10 00 EC 7E"}
{"ts":"2026-04-05T23:31:18.857Z","level":"INFO","device":"868120100002","event":"MEDIA_RX","detail":"7E 80 01 00 05 86 81 20 10 00 02 02 14 00 04 12 11 00 A0 7E 7E 80 01 00 05 86 81 20 10 00 02 30 B7 00 05 12 11 00 30 7E 7E 80 01 00 05 86 81 20 10 00 02 EC 74 00 06 12 11 00 2C 7E 7E 80 01 00 05 86 81 20 10 00 02 14 37 00 07 12 11 00 96 7E 7E 80 01 00 05 86 81 20 10 00 02 1F B7 00 08 12 11 00 12 7E 7E 80 01 00 05 86 81 20 10 00 02 4D A0 00 09 12 11 00 56 7E 7E 80 01 00 05 86 81 20 10 00 02 D6 FC 00 0A 12 11 00 92 7E 7E 80 01 00 05 86 81 20 10 00 02 1C 71 00 0B 12 11 00 D4 7E 7E 80 01 00 05 86 81 20 10 00 02 EC 55 00 0C 12 11 00 07 7E 7E 80 01 00 05 86 81 20 10 00 02 7C 0F 00 0D 12 11 00 CC 7E 7E 80 01 00 05 86 81 20 10 00 02 F0 70 00 0E 12 11 00 3C 7E 7E 80 01 00 05 86 81 20 10 00 02 0E FE 00 0F 12 11 00 4D 7E 7E 80 01 00 05 86 81 20 10 00 02 37 9E 00 10 12 11 00 0B 7E 7E 80 01 00 05 86 81 20 10 00 02 0A 7A 00 11 12 11 00 D3 7E 7E 80 01 00 05 86 81 20 10 00 02 E4 1B 00 12 12 11 00 5F 7E 7E 80 01 00 05 86 81 20 10 00 02 FB E7 00 13 12 11 00 BD 7E 7E 80 01 00 05 86 81 20 10 00 02 FA 39 00 14 12 11 00 65 7E 7E 80 01 00 05 86 81 20 10 00 02 DF DF 00 15 12 11 00 A7 7E 7E 80 01 00 05 86 81 20 10 00 02 4E C3 00 16 12 11 00 29 7E 7E 80 01 00 05 86 81 20 10 00 02 F7 EC 00 17 12 11 00 BE 7E 7E 80 01 00 05 86 81 20 10 00 02 88 49 00 18 12 11 00 6B 7E 7E 80 01 00 05 86 81 20 10 00 02 A4 6E 00 19 12 11 00 61 7E 7E 80 01 00 05 86 81 20 10 00 02 7D 01 79 00 1A 12 11 00 AC 7E 7E 80 01 00 05 86 81 20 10 00 02 FA 62 00 1B 12 11 00 31 7E 7E 80 01 00 05 86 81 20 10 00 02 6C F9 00 1C 12 11 00 3B 7E 7E 80 01 00 05 86 81 20 10 00 02 8F B6 00 1D 12 11 00 96 7E 7E 80 01 00 05 86 81 20 10 00 02 F5 32 00 1E 12 11 00 6B 7E 7E 80 01 00 05 86 81 20 10 00 02 F6 F3 00 1F 12 11 00 A8 7E 7E 80 01 00 05 86 81 20 10 00 02 1D A5 00 20 12 11 00 2A 7E 7E 80 01 00 05 86 81 20 10 00 02 59 49 00 21 12 11 00 83 7E 7E 80 01 00 05 86 81 20 10 00 02 18 45 00 22 12 11 00 CD 7E 7E 80 01 00 05 86 81 20 10 00 02 E8 9E 00 23 12 11 00 E7 7E 7E 80 01 00 05 86 81 20 10 00 02 59 8D 00 24 12 11 00 42 7E 7E 80 01 00 05 86 81 20 10 00 02 C8 E9 00 25 12 11 00 B6 7E 7E 80 01 00 05 86 81 20 10 00 02 C2 44 00 26 12 11 00 12 7E 7E 80 01 00 05 86 81 20 10 00 02 84 3A 00 27 12 11 00 2B 7E 7E 80 01 00 05 86 81 20 10 00 02 32 8C 00 28 12 11 00 24 7E 7E 80 01 00 05 86 81 20 10 00 02 1A EA 00 29 12 11 00 6B 7E 7E 80 01 00 05 86 81 20 10 00 02 A2 F2 00 2A 12 11 00 C8 7E 7E 80 01 00 05 86 81 20 10 00 02 91 BD 00 2B 12 11 00 B5 7E 7E 80 01 00 05 86 81 20 10 00 02 F4 10 00 2C 12 11 00 7A 7E 7E 80 01 00 05 86 81 20 10 00 02 32 03 00 2D 12 11 00 AE 7E 7E 80 01 00 05 86 81 20 10 00 02 57 1C 00 2E 12 11 00 D7 7E 7E 80 01 00 05 86 81 20 10 00 02 B5 4E 00 2F 12 11 00 66 7E 7E 80 01 00 05 86 81 20 10 00 02 BA 11 00 30 12 11 00 29 7E 7E 80 01 00 05 86 81 20 10 00 02 72 39 00 31 12 11 00 C8 7E 7E 80 01 00 05 86 81 20 10 00 02 30 2A 00 32 12 11 00 9A 7E 7E 80 01 00 05 86 81 20 10 00 02 5D 75 00 33 12 11 00 A9 7E 7E 80 01 00 05 86 81 20 10 00 02 76 75 00 34 12 11 00 85 7E 7E 80 01 00 05 86 81 20 10 00 02 A0 12 00 35 12 11 00 35 7E 7E 80 01 00 05 86 81 20 10 00 02 A1 DF 00 36 12 11 00 FA 7E 7E 80 01 00 05 86 81 20 10 00 02 F4 33 00 37 12 11 00 42 7E 7E 80 01 00 05 86 81 20 10 00 02 51 AB 00 38 12 11 00 70 7E 7E 80 01 00 05 86 81 20 10 00 02 03 10 00 39 12 11 00 98 7E 7E 80 01 00 05 86 81 20 10 00 02 44 28 00 3A 12 11 00 E4 7E 7E 80 01 00 05 86 81 20 10 00 02 1C 72 00 3B 12 11 00 E7 7E 7E 80 01 00 05 86 81 20 10 00 02 29 61 00 3C 12 11 00 C6 7E 7E 80 01 00 05 86 81 20 10 00 02 2B EE 00 3D 12 11 00 4A 7E 7E 80 01 00 05 86 81 20 10 00 02 34 29 00 3E 12 11 00 91 7E 7E 80 01 00 05 86 81 20 10 00 02 47 C2 00 3F 12 11 00 08 7E 7E 80 01 00 05 86 81 20 10 00 02 9C 17 00 40 12 11 00 79 7E 7E 80 01 00 05 86 81 20 10 00 02 F8 31 00 41 12 11 00 3A 7E 7E 80 01 00 05 86 81 20 10 00 02 B8 99 00 42 12 11 00 D1 7E 7E 80 01 00 05 86 81 20 10 00 02 7D 01 E4 00 43 12 11 00 68 7E 7E 92 12 00 36 86 81 20 10 00 02 14 D7 32 30 32 5F 36 34 5F 36 34 30 31 5F 30 33 5F 38 36 38 31 32 30 31 30 30 30 30 32 30 30 32 36 30 34 30 35 32 33 32 38 33 31 30 34 30 32 30 30 2E 6D 70 34 02 00 00 7B 7E"}
{"ts":"2026-04-05T23:31:18.857Z","level":"INFO","device":"868120100002","event":"MEDIA_CLOSED","detail":""}
{"ts":"2026-04-05T23:31:18.861Z","level":"INFO","device":"868120100009","event":"BATCH_COMPLETE","detail":"All 2 files sent"}
{"ts":"2026-04-05T23:31:19.006Z","level":"INFO","device":"100000000010","event":"BATCH_COMPLETE","detail":"All 2 files sent"}
{"ts":"2026-04-05T23:31:19.009Z","level":"ERROR","device":"868120100007","event":"MEDIA_ERROR","detail":"54.37.225.65:3378 — read ECONNRESET"}
{"ts":"2026-04-05T23:31:19.010Z","level":"INFO","device":"868120100007","event":"MEDIA_CLOSED","detail":""}
{"ts":"2026-04-05T23:31:19.154Z","level":"INFO","device":"868120100008","event":"MEDIA_RX","detail":"7E 80 01 00 05 86 81 20 10 00 08 74 18 00 04 12 11 00 D0 7E 7E 80 01 00 05 86 81 20 10 00 08 88 6F 00 05 12 11 00 5A 7E 7E 80 01 00 05 86 81 20 10 00 08 E5 75 00 06 12 11 00 2E 7E 7E 80 01 00 05 86 81 20 10 00 08 0B EA 00 07 12 11 00 5E 7E 7E 80 01 00 05 86 81 20 10 00 08 AC C0 00 08 12 11 00 DC 7E 7E 80 01 00 05 86 81 20 10 00 08 A8 5B 00 09 12 11 00 42 7E 7E 80 01 00 05 86 81 20 10 00 08 11 29 00 0A 12 11 00 8A 7E 7E 80 01 00 05 86 81 20 10 00 08 1B BC 00 0B 12 11 00 14 7E 7E 80 01 00 05 86 81 20 10 00 08 3A 58 00 0C 12 11 00 D6 7E 7E 80 01 00 05 86 81 20 10 00 08 D0 A4 00 0D 12 11 00 C1 7E 7E 80 01 00 05 86 81 20 10 00 08 EC 53 00 0E 12 11 00 09 7E 7E 80 01 00 05 86 81 20 10 00 08 62 22 00 0F 12 11 00 F7 7E 7E 80 01 00 05 86 81 20 10 00 08 7F A2 00 10 12 11 00 75 7E 7E 80 01 00 05 86 81 20 10 00 08 09 12 00 11 12 11 00 B2 7E 7E 80 01 00 05 86 81 20 10 00 08 D6 BD 00 12 12 11 00 C1 7E 7E 80 01 00 05 86 81 20 10 00 08 83 87 00 13 12 11 00 AF 7E 7E 80 01 00 05 86 81 20 10 00 08 D2 D0 00 14 12 11 00 AE 7E 7E 80 01 00 05 86 81 20 10 00 08 5E 1C 00 15 12 11 00 EF 7E 7E 80 01 00 05 86 81 20 10 00 08 A5 C3 00 16 12 11 00 C8 7E 7E 80 01 00 05 86 81 20 10 00 08 4F 3F 00 17 12 11 00 DF 7E 7E 80 01 00 05 86 81 20 10 00 08 6F 16 00 18 12 11 00 D9 7E 7E 80 01 00 05 86 81 20 10 00 08 13 BA 00 19 12 11 00 08 7E 7E 80 01 00 05 86 81 20 10 00 08 8E 06 00 1A 12 11 00 2A 7E 7E 80 01 00 05 86 81 20 10 00 08 3C 97 00 1B 12 11 00 08 7E 7E 80 01 00 05 86 81 20 10 00 08 85 C3 00 1C 12 11 00 E2 7E 7E 80 01 00 05 86 81 20 10 00 08 51 C5 00 1D 12 11 00 31 7E 7E 80 01 00 05 86 81 20 10 00 08 A1 2F 00 1E 12 11 00 28 7E 7E 80 01 00 05 86 81 20 10 00 08 E9 5F 00 1F 12 11 00 11 7E 7E 80 01 00 05 86 81 20 10 00 08 E0 CF 00 20 12 11 00 B7 7E 7E 80 01 00 05 86 81 20 10 00 08 DC EA 00 21 12 11 00 AF 7E 7E 80 01 00 05 86 81 20 10 00 08 F7 58 00 22 12 11 00 35 7E 7E 80 01 00 05 86 81 20 10 00 08 B9 6F 00 23 12 11 00 4D 7E 7E 80 01 00 05 86 81 20 10 00 08 0C 9A 00 24 12 11 00 0A 7E 7E 80 01 00 05 86 81 20 10 00 08 A2 F4 00 25 12 11 00 CB 7E 7E 80 01 00 05 86 81 20 10 00 08 4A 09 00 26 12 11 00 DD 7E 7E 80 01 00 05 86 81 20 10 00 08 4D A4 00 27 12 11 00 76 7E 7E 80 01 00 05 86 81 20 10 00 08 B2 1E 00 28 12 11 00 3C 7E 7E 80 01 00 05 86 81 20 10 00 08 B5 A8 00 29 12 11 00 8C 7E 7E 80 01 00 05 86 81 20 10 00 08 E4 63 00 2A 12 11 00 15 7E 7E 80 01 00 05 86 81 20 10 00 08 78 E1 00 2B 12 11 00 0A 7E 7E 80 01 00 05 86 81 20 10 00 08 EC E5 00 2C 12 11 00 9D 7E 7E 80 01 00 05 86 81 20 10 00 08 0D 94 00 2D 12 11 00 0C 7E 7E 80 01 00 05 86 81 20 10 00 08 5D EA 00 2E 12 11 00 21 7E 7E 80 01 00 05 86 81 20 10 00 08 20 BF 00 2F 12 11 00 08 7E 7E 80 01 00 05 86 81 20 10 00 08 A9 2E 00 30 12 11 00 0F 7E 7E 80 01 00 05 86 81 20 10 00 08 0C 93 00 31 12 11 00 16 7E 7E 80 01 00 05 86 81 20 10 00 08 6F D5 00 32 12 11 00 30 7E 7E 80 01 00 05 86 81 20 10 00 08 FF 67 00 33 12 11 00 13 7E 7E 80 01 00 05 86 81 20 10 00 08 7F D6 00 34 12 11 00 25 7E 7E 80 01 00 05 86 81 20 10 00 08 E0 BC 00 35 12 11 00 D1 7E 7E 80 01 00 05 86 81 20 10 00 08 53 36 00 36 12 11 00 EB 7E 7E 80 01 00 05 86 81 20 10 00 08 B8 75 00 37 12 11 00 42 7E 7E 80 01 00 05 86 81 20 10 00 08 84 21 00 38 12 11 00 25 7E 7E 80 01 00 05 86 81 20 10 00 08 7B AB 00 39 12 11 00 51 7E 7E 80 01 00 05 86 81 20 10 00 08 BD 3B 00 3A 12 11 00 04 7E 7E 80 01 00 05 86 81 20 10 00 08 84 7D 01 00 3B 12 11 00 7A 7E 7E 80 01 00 05 86 81 20 10 00 08 73 93 00 3C 12 11 00 64 7E 7E 80 01 00 05 86 81 20 10 00 08 94 B9 00 3D 12 11 00 A8 7E 7E 80 01 00 05 86 81 20 10 00 08 6E 1D 00 3E 12 11 00 F5 7E 7E 80 01 00 05 86 81 20 10 00 08 D3 E1 00 3F 12 11 00 B5 7E 7E 80 01 00 05 86 81 20 10 00 08 9A 62 00 40 12 11 00 00 7E 7E 80 01 00 05 86 81 20 10 00 08 05 88 00 41 12 11 00 74 7E 7E 80 01 00 05 86 81 20 10 00 08 0A 85 00 42 12 11 00 75 7E 7E 80 01 00 05 86 81 20 10 00 08 E4 AD 00 43 12 11 00 B2 7E 7E 92 12 00 36 86 81 20 10 00 08 AD AC 32 30 32 5F 36 34 5F 36 34 30 31 5F 30 33 5F 38 36 38 31 32 30 31 30 30 30 30 38 30 30 32 36 30 34 30 35 32 33 32 38 33 32 30 34 30 32 30 30 2E 6D 70 34 02 00 00 BA 7E"}
{"ts":"2026-04-05T23:31:19.154Z","level":"INFO","device":"868120100008","event":"MEDIA_CLOSED","detail":""}
{"ts":"2026-04-05T23:31:19.247Z","level":"INFO","device":"868120100009","event":"MEDIA_RX","detail":"7E 80 01 00 05 86 81 20 10 00 09 A1 C9 00 04 12 11 00 D5 7E 7E 80 01 00 05 86 81 20 10 00 09 09 6F 00 05 12 11 00 DA 7E 7E 80 01 00 05 86 81 20 10 00 09 DC 7A 00 06 12 11 00 19 7E 7E 80 01 00 05 86 81 20 10 00 09 94 90 00 07 12 11 00 BA 7E 7E 80 01 00 05 86 81 20 10 00 09 E2 3C 00 08 12 11 00 6F 7E 7E 80 01 00 05 86 81 20 10 00 09 BE CC 00 09 12 11 00 C2 7E 7E 80 01 00 05 86 81 20 10 00 09 C4 1B 00 0A 12 11 00 6C 7E 7E 80 01 00 05 86 81 20 10 00 09 9D E4 00 0B 12 11 00 CB 7E 7E 80 01 00 05 86 81 20 10 00 09 BD C6 00 0C 12 11 00 CE 7E 7E 80 01 00 05 86 81 20 10 00 09 12 25 00 0D 12 11 00 83 7E 7E 80 01 00 05 86 81 20 10 00 09 F7 2B 00 0E 12 11 00 6B 7E 7E 80 01 00 05 86 81 20 10 00 09 38 C5 00 0F 12 11 00 4B 7E 7E 80 01 00 05 86 81 20 10 00 09 7F 1B 00 10 12 11 00 CD 7E 7E 80 01 00 05 86 81 20 10 00 09 D6 8A 00 11 12 11 00 F4 7E 7E 80 01 00 05 86 81 20 10 00 09 04 08 00 12 12 11 00 A7 7E 7E 80 01 00 05 86 81 20 10 00 09 4C 96 00 13 12 11 00 70 7E 7E 80 01 00 05 86 81 20 10 00 09 93 8F 00 14 12 11 00 B1 7E 7E 80 01 00 05 86 81 20 10 00 09 F6 A7 00 15 12 11 00 FD 7E 7E 80 01 00 05 86 81 20 10 00 09 91 B6 00 16 12 11 00 88 7E 7E 80 01 00 05 86 81 20 10 00 09 40 8F 00 17 12 11 00 61 7E 7E 80 01 00 05 86 81 20 10 00 09 B3 6F 00 18 12 11 00 7D 01 7E 7E 80 01 00 05 86 81 20 10 00 09 06 97 00 19 12 11 00 31 7E 7E 80 01 00 05 86 81 20 10 00 09 14 C9 00 1A 12 11 00 7D 02 7E 7E 80 01 00 05 86 81 20 10 00 09 7B 2F 00 1B 12 11 00 F6 7E 7E 80 01 00 05 86 81 20 10 00 09 37 54 00 1C 12 11 00 C6 7E 7E 80 01 00 05 86 81 20 10 00 09 39 5B 00 1D 12 11 00 C6 7E 7E 80 01 00 05 86 81 20 10 00 09 5B BC 00 1E 12 11 00 40 7E 7E 80 01 00 05 86 81 20 10 00 09 F8 EC 00 1F 12 11 00 B2 7E 7E 80 01 00 05 86 81 20 10 00 09 51 31 00 20 12 11 00 F9 7E 7E 80 01 00 05 86 81 20 10 00 09 0F 14 00 21 12 11 00 83 7E 7E 80 01 00 05 86 81 20 10 00 09 51 24 00 22 12 11 00 EE 7E 7E 80 01 00 05 86 81 20 10 00 09 19 57 00 23 12 11 00 D4 7E 7E 80 01 00 05 86 81 20 10 00 09 50 0C 00 24 12 11 00 C1 7E 7E 80 01 00 05 86 81 20 10 00 09 CB 19 00 25 12 11 00 4E 7E 7E 80 01 00 05 86 81 20 10 00 09 31 16 00 26 12 11 00 B8 7E 7E 80 01 00 05 86 81 20 10 00 09 B6 AF 00 27 12 11 00 87 7E 7E 80 01 00 05 86 81 20 10 00 09 DA C6 00 28 12 11 00 8D 7E 7E 80 01 00 05 86 81 20 10 00 09 50 17 00 29 12 11 00 D7 7E 7E 80 01 00 05 86 81 20 10 00 09 39 C6 00 2A 12 11 00 6C 7E 7E 80 01 00 05 86 81 20 10 00 09 05 E5 00 2B 12 11 00 72 7E 7E 80 01 00 05 86 81 20 10 00 09 4D 21 00 2C 12 11 00 F9 7E 7E 80 01 00 05 86 81 20 10 00 09 81 CB 00 2D 12 11 00 DE 7E 7E 80 01 00 05 86 81 20 10 00 09 44 D1 00 2E 12 11 00 02 7E 7E 80 01 00 05 86 81 20 10 00 09 BC 15 00 2F 12 11 00 3F 7E 7E 80 01 00 05 86 81 20 10 00 09 99 AD 00 30 12 11 00 BD 7E 7E 80 01 00 05 86 81 20 10 00 09 FB C2 00 31 12 11 00 B1 7E 7E 80 01 00 05 86 81 20 10 00 09 21 A8 00 32 12 11 00 02 7E 7E 80 01 00 05 86 81 20 10 00 09 E5 00 00 33 12 11 00 6F 7E 7E 80 01 00 05 86 81 20 10 00 09 7A 3C 00 34 12 11 00 CB 7E 7E 80 01 00 05 86 81 20 10 00 09 F1 91 00 35 12 11 00 EC 7E 7E 80 01 00 05 86 81 20 10 00 09 FF 5D 00 36 12 11 00 2D 7E 7E 80 01 00 05 86 81 20 10 00 09 29 2D 00 37 12 11 00 8A 7E 7E 80 01 00 05 86 81 20 10 00 09 0B FA 00 38 12 11 00 70 7E 7E 80 01 00 05 86 81 20 10 00 09 81 E1 00 39 12 11 00 E0 7E 7E 80 01 00 05 86 81 20 10 00 09 FE 7F 00 3A 12 11 00 02 7E 7E 80 01 00 05 86 81 20 10 00 09 B3 99 00 3B 12 11 00 A8 7E 7E 80 01 00 05 86 81 20 10 00 09 12 B9 00 3C 12 11 00 2E 7E 7E 80 01 00 05 86 81 20 10 00 09 65 0A 00 3D 12 11 00 EB 7E 7E 80 01 00 05 86 81 20 10 00 09 71 20 00 3E 12 11 00 D6 7E 7E 80 01 00 05 86 81 20 10 00 09 67 EB 00 3F 12 11 00 0A 7E 7E 80 01 00 05 86 81 20 10 00 09 0B C1 00 40 12 11 00 33 7E 7E 80 01 00 05 86 81 20 10 00 09 DF BE 00 41 12 11 00 99 7E 7E 80 01 00 05 86 81 20 10 00 09 57 11 00 42 12 11 00 BD 7E 7E 80 01 00 05 86 81 20 10 00 09 6F FA 00 43 12 11 00 6F 7E 7E 92 12 00 36 86 81 20 10 00 09 B5 32 32 30 32 5F 36 34 5F 36 34 30 31 5F 30 33 5F 38 36 38 31 32 30 31 30 30 30 30 39 30 30 32 36 30 34 30 35 32 33 32 38 33 32 30 34 30 32 30 30 2E 6D 70 34 02 00 00 3C 7E"}
{"ts":"2026-04-05T23:31:19.249Z","level":"INFO","device":"868120100009","event":"MEDIA_CLOSED","detail":""}
{"ts":"2026-04-05T23:31:19.427Z","level":"INFO","device":"100000000010","event":"MEDIA_RX","detail":"7E 80 01 00 05 10 00 00 00 00 10 3D DE 00 03 12 10 00 66 7E 7E 80 01 00 05 10 00 00 00 00 10 FC B4 00 04 12 11 00 CB 7E 7E 80 01 00 05 10 00 00 00 00 10 05 67 00 05 12 11 00 E0 7E 7E 80 01 00 05 10 00 00 00 00 10 00 77 00 06 12 11 00 F6 7E 7E 80 01 00 05 10 00 00 00 00 10 77 A9 00 07 12 11 00 5E 7E 7E 80 01 00 05 10 00 00 00 00 10 1A 1F 00 08 12 11 00 8A 7E 7E 80 01 00 05 10 00 00 00 00 10 E9 89 00 09 12 11 00 EE 7E 7E 80 01 00 05 10 00 00 00 00 10 BE DD 00 0A 12 11 00 EE 7E 7E 80 01 00 05 10 00 00 00 00 10 9C CD 00 0B 12 11 00 DD 7E 7E 80 01 00 05 10 00 00 00 00 10 44 CA 00 0C 12 11 00 05 7E 7E 80 01 00 05 10 00 00 00 00 10 ED 95 00 0D 12 11 00 F2 7E 7E 80 01 00 05 10 00 00 00 00 10 5F 48 00 0E 12 11 00 9E 7E 7E 80 01 00 05 10 00 00 00 00 10 58 68 00 0F 12 11 00 B8 7E 7E 80 01 00 05 10 00 00 00 00 10 DF 15 00 10 12 11 00 5D 7E 7E 80 01 00 05 10 00 00 00 00 10 83 85 00 11 12 11 00 90 7E 7E 80 01 00 05 10 00 00 00 00 10 B3 48 00 12 12 11 00 6E 7E 7E 80 01 00 05 10 00 00 00 00 10 2D 15 00 13 12 11 00 AC 7E 7E 80 01 00 05 10 00 00 00 00 10 84 C3 00 14 12 11 00 D4 7E 7E 80 01 00 05 10 00 00 00 00 10 81 08 00 15 12 11 00 1B 7E 7E 80 01 00 05 10 00 00 00 00 10 D7 00 00 16 12 11 00 46 7E 7E 80 01 00 05 10 00 00 00 00 10 AA A2 00 17 12 11 00 98 7E 7E 80 01 00 05 10 00 00 00 00 10 4C 68 00 18 12 11 00 BB 7E 7E 80 01 00 05 10 00 00 00 00 10 31 83 00 19 12 11 00 2C 7E 7E 80 01 00 05 10 00 00 00 00 10 37 4B 00 1A 12 11 00 E1 7E 7E 80 01 00 05 10 00 00 00 00 10 3D F0 00 1B 12 11 00 51 7E 7E 80 01 00 05 10 00 00 00 00 10 2C 2C 00 1C 12 11 00 9B 7E 7E 80 01 00 05 10 00 00 00 00 10 1B 06 00 1D 12 11 00 87 7E 7E 80 01 00 05 10 00 00 00 00 10 20 D3 00 1E 12 11 00 6A 7E 7E 80 01 00 05 10 00 00 00 00 10 E1 F9 00 1F 12 11 00 80 7E 7E 80 01 00 05 10 00 00 00 00 10 25 8B 00 20 12 11 00 09 7E 7E 80 01 00 05 10 00 00 00 00 10 B7 1A 00 21 12 11 00 0B 7E 7E 80 01 00 05 10 00 00 00 00 10 50 72 00 22 12 11 00 87 7E 7E 80 01 00 05 10 00 00 00 00 10 F7 52 00 23 12 11 00 01 7E 7E 80 01 00 05 10 00 00 00 00 10 D3 08 00 24 12 11 00 78 7E 7E 80 01 00 05 10 00 00 00 00 10 98 ED 00 25 12 11 00 D7 7E 7E 80 01 00 05 10 00 00 00 00 10 9C 0C 00 26 12 11 00 31 7E 7E 80 01 00 05 10 00 00 00 00 10 59 C3 00 27 12 11 00 3A 7E 7E 80 01 00 05 10 00 00 00 00 10 56 32 00 28 12 11 00 CB 7E 7E 80 01 00 05 10 00 00 00 00 10 A5 74 00 29 12 11 00 7F 7E 7E 80 01 00 05 10 00 00 00 00 10 38 55 00 2A 12 11 00 C0 7E 7E 80 01 00 05 10 00 00 00 00 10 9E 3D 00 2B 12 11 00 0F 7E 7E 80 01 00 05 10 00 00 00 00 10 BF 6C 00 2C 12 11 00 78 7E 7E 80 01 00 05 10 00 00 00 00 10 CE 2B 00 2D 12 11 00 4F 7E 7E 80 01 00 05 10 00 00 00 00 10 86 6C 00 2E 12 11 00 43 7E 7E 80 01 00 05 10 00 00 00 00 10 19 CD 00 2F 12 11 00 7C 7E 7E 80 01 00 05 10 00 00 00 00 10 06 39 00 30 12 11 00 88 7E 7E 80 01 00 05 10 00 00 00 00 10 D4 87 00 31 12 11 00 E5 7E 7E 80 01 00 05 10 00 00 00 00 10 C8 01 00 32 12 11 00 7C 7E 7E 80 01 00 05 10 00 00 00 00 10 4A 73 00 33 12 11 00 8D 7E 7E 80 01 00 05 10 00 00 00 00 10 60 CB 00 34 12 11 00 18 7E 7E 80 01 00 05 10 00 00 00 00 10 8F FF 00 35 12 11 00 C2 7E 7E 80 01 00 05 10 00 00 00 00 10 11 2D 00 36 12 11 00 8D 7E 7E 80 01 00 05 10 00 00 00 00 10 9B D5 00 37 12 11 00 FE 7E 7E 80 01 00 05 10 00 00 00 00 10 04 17 00 38 12 11 00 AC 7E 7E 80 01 00 05 10 00 00 00 00 10 CE C3 00 39 12 11 00 B3 7E 7E 80 01 00 05 10 00 00 00 00 10 50 35 00 3A 12 11 00 D8 7E 7E 80 01 00 05 10 00 00 00 00 10 70 23 00 3B 12 11 00 EF 7E 7E 80 01 00 05 10 00 00 00 00 10 11 EA 00 3C 12 11 00 40 7E 7E 80 01 00 05 10 00 00 00 00 10 CD 95 00 3D 12 11 00 E2 7E 7E 80 01 00 05 10 00 00 00 00 10 7D 02 9D 00 3E 12 11 00 5A 7E 7E 80 01 00 05 10 00 00 00 00 10 A7 78 00 3F 12 11 00 67 7E 7E 80 01 00 05 10 00 00 00 00 10 DB 1D 00 40 12 11 00 01 7E 7E 80 01 00 05 10 00 00 00 00 10 4B 87 00 41 12 11 00 0A 7E 7E 80 01 00 05 10 00 00 00 00 10 96 FC 00 42 12 11 00 AF 7E 7E 80 01 00 05 10 00 00 00 00 10 84 95 00 43 12 11 00 D5 7E 7E 92 12 00 36 10 00 00 00 00 10 04 28 32 30 32 5F 36 34 5F 36 34 30 31 5F 30 33 5F 31 30 30 30 30 30 30 30 30 30 31 30 30 30 32 36 30 34 30 35 32 33 32 38 33 32 30 34 30 32 30 30 2E 6D 70 34 02 00 00 A4 7E"}
{"ts":"2026-04-05T23:31:19.428Z","level":"INFO","device":"100000000010","event":"MEDIA_CLOSED","detail":""}
{"ts":"2026-04-05T23:31:21.261Z","level":"INFO","device":"291078985963","event":"HEARTBEAT_SENT","detail":"0x0002"}
{"ts":"2026-04-05T23:31:21.272Z","level":"INFO","device":"291078985963","event":"OBD2_SENT_0x0200","detail":"Lat: 51.736087, Lng: 0.468443 | Speed: 55km/h | RPM: 2992"}
{"ts":"2026-04-05T23:31:21.409Z","level":"INFO","device":"200000000002","event":"HEARTBEAT_SENT","detail":"0x0002"}
{"ts":"2026-04-05T23:31:21.415Z","level":"INFO","device":"200000000002","event":"OBD2_SENT_0x0200","detail":"Lat: 51.716644, Lng: 0.503698 | Speed: 53km/h | RPM: 2923"}
{"ts":"2026-04-05T23:31:21.465Z","level":"INFO","device":"291078985963","event":"SERVER_ACK","detail":"0x8001 Universal Reply Received"}
{"ts":"2026-04-05T23:31:21.561Z","level":"INFO","device":"200000000003","event":"HEARTBEAT_SENT","detail":"0x0002"}
{"ts":"2026-04-05T23:31:21.563Z","level":"INFO","device":"200000000003","event":"OBD2_SENT_0x0200","detail":"Lat: 51.723122, Lng: 0.496691 | Speed: 13km/h | RPM: 1324"}
{"ts":"2026-04-05T23:31:21.612Z","level":"INFO","device":"200000000002","event":"SERVER_ACK","detail":"0x8001 Universal Reply Received"}
{"ts":"2026-04-05T23:31:21.710Z","level":"INFO","device":"200000000004","event":"HEARTBEAT_SENT","detail":"0x0002"}
{"ts":"2026-04-05T23:31:21.711Z","level":"INFO","device":"200000000004","event":"OBD2_SENT_0x0200","detail":"Lat: 51.725591, Lng: 0.496002 | Speed: 25km/h | RPM: 1781"}
{"ts":"2026-04-05T23:31:21.778Z","level":"INFO","device":"200000000003","event":"SERVER_ACK","detail":"0x8001 Universal Reply Received"}
{"ts":"2026-04-05T23:31:21.780Z","level":"INFO","device":"291078985963","event":"SERVER_ACK","detail":"0x8001 Universal Reply Received"}
{"ts":"2026-04-05T23:31:21.858Z","level":"INFO","device":"200000000005","event":"HEARTBEAT_SENT","detail":"0x0002"}
{"ts":"2026-04-05T23:31:21.861Z","level":"INFO","device":"200000000005","event":"OBD2_SENT_0x0200","detail":"Lat: 51.715727, Lng: 0.506506 | Speed: 50km/h | RPM: 2781"}
{"ts":"2026-04-05T23:31:21.894Z","level":"INFO","device":"200000000004","event":"SERVER_ACK","detail":"0x8001 Universal Reply Received"}
{"ts":"2026-04-05T23:31:21.936Z","level":"INFO","device":"200000000002","event":"SERVER_ACK","detail":"0x8001 Universal Reply Received"}
{"ts":"2026-04-05T23:31:22.013Z","level":"INFO","device":"200000000006","event":"HEARTBEAT_SENT","detail":"0x0002"}
{"ts":"2026-04-05T23:31:22.015Z","level":"INFO","device":"200000000006","event":"OBD2_SENT_0x0200","detail":"Lat: 51.716430, Lng: 0.504276 | Speed: 46km/h | RPM: 2648"}
{"ts":"2026-04-05T23:31:22.043Z","level":"INFO","device":"200000000005","event":"SERVER_ACK","detail":"0x8001 Universal Reply Received"}
{"ts":"2026-04-05T23:31:22.106Z","level":"INFO","device":"200000000003","event":"SERVER_ACK","detail":"0x8001 Universal Reply Received"}
{"ts":"2026-04-05T23:31:22.160Z","level":"INFO","device":"200000000007","event":"HEARTBEAT_SENT","detail":"0x0002"}
{"ts":"2026-04-05T23:31:22.163Z","level":"INFO","device":"200000000007","event":"OBD2_SENT_0x0200","detail":"Lat: 51.715621, Lng: 0.506877 | Speed: 45km/h | RPM: 2608"}
{"ts":"2026-04-05T23:31:22.198Z","level":"INFO","device":"200000000004","event":"SERVER_ACK","detail":"0x8001 Universal Reply Received"}
{"ts":"2026-04-05T23:31:22.224Z","level":"INFO","device":"200000000006","event":"SERVER_ACK","detail":"0x8001 Universal Reply Received"}
{"ts":"2026-04-05T23:31:22.310Z","level":"INFO","device":"200000000008","event":"HEARTBEAT_SENT","detail":"0x0002"}
{"ts":"2026-04-05T23:31:22.312Z","level":"INFO","device":"200000000008","event":"OBD2_SENT_0x0200","detail":"Lat: 51.718167, Lng: 0.500600 | Speed: 44km/h | RPM: 2558"}
{"ts":"2026-04-05T23:31:22.346Z","level":"INFO","device":"200000000007","event":"SERVER_ACK","detail":"0x8001 Universal Reply Received"}
{"ts":"2026-04-05T23:31:22.352Z","level":"INFO","device":"200000000005","event":"SERVER_ACK","detail":"0x8001 Universal Reply Received"}
{"ts":"2026-04-05T23:31:22.460Z","level":"INFO","device":"200000000009","event":"HEARTBEAT_SENT","detail":"0x0002"}
{"ts":"2026-04-05T23:31:22.461Z","level":"INFO","device":"200000000009","event":"OBD2_SENT_0x0200","detail":"Lat: 51.717277, Lng: 0.502246 | Speed: 40km/h | RPM: 2395"}
{"ts":"2026-04-05T23:31:22.520Z","level":"INFO","device":"200000000008","event":"SERVER_ACK","detail":"0x8001 Universal Reply Received"}
{"ts":"2026-04-05T23:31:22.535Z","level":"INFO","device":"200000000006","event":"SERVER_ACK","detail":"0x8001 Universal Reply Received"}
{"ts":"2026-04-05T23:31:22.613Z","level":"INFO","device":"200000000010","event":"HEARTBEAT_SENT","detail":"0x0002"}
{"ts":"2026-04-05T23:31:22.614Z","level":"INFO","device":"200000000010","event":"OBD2_SENT_0x0200","detail":"Lat: 51.715167, Lng: 0.508622 | Speed: 46km/h | RPM: 2636"}
{"ts":"2026-04-05T23:31:22.633Z","level":"INFO","device":"200000000007","event":"SERVER_ACK","detail":"0x8001 Universal Reply Received"}
{"ts":"2026-04-05T23:31:22.643Z","level":"INFO","device":"200000000009","event":"SERVER_ACK","detail":"0x8001 Universal Reply Received"}
{"ts":"2026-04-05T23:31:22.807Z","level":"INFO","device":"200000000010","event":"SERVER_ACK","detail":"0x8001 Universal Reply Received"}
{"ts":"2026-04-05T23:31:22.845Z","level":"INFO","device":"200000000008","event":"SERVER_ACK","detail":"0x8001 Universal Reply Received"}
{"ts":"2026-04-05T23:31:22.944Z","level":"INFO","device":"200000000009","event":"SERVER_ACK","detail":"0x8001 Universal Reply Received"}
{"ts":"2026-04-05T23:31:23.110Z","level":"INFO","device":"200000000010","event":"SERVER_ACK","detail":"0x8001 Universal Reply Received"}
{"ts":"2026-04-05T23:31:31.475Z","level":"INFO","device":"291078985963","event":"GPS_SENT","detail":""}
{"ts":"2026-04-05T23:31:31.621Z","level":"INFO","device":"868120100002","event":"GPS_SENT","detail":""}
{"ts":"2026-04-05T23:31:31.685Z","level":"INFO","device":"291078985963","event":"RX_MSG","detail":"0x8001 bodyLen=5"}
{"ts":"2026-04-05T23:31:31.685Z","level":"INFO","device":"291078985963","event":"SERVER_ACK","detail":"0x0200 result=OK"}
{"ts":"2026-04-05T23:31:31.769Z","level":"INFO","device":"868120100003","event":"GPS_SENT","detail":""}
{"ts":"2026-04-05T23:31:31.832Z","level":"INFO","device":"868120100002","event":"RX_MSG","detail":"0x8001 bodyLen=5"}
{"ts":"2026-04-05T23:31:31.832Z","level":"INFO","device":"868120100002","event":"SERVER_ACK","detail":"0x0200 result=OK"}
{"ts":"2026-04-05T23:31:31.905Z","level":"INFO","device":"868120100004","event":"GPS_SENT","detail":""}
{"ts":"2026-04-05T23:31:31.970Z","level":"INFO","device":"868120100003","event":"RX_MSG","detail":"0x8001 bodyLen=5"}
{"ts":"2026-04-05T23:31:31.970Z","level":"INFO","device":"868120100003","event":"SERVER_ACK","detail":"0x0200 result=OK"}
{"ts":"2026-04-05T23:31:32.062Z","level":"INFO","device":"868120100005","event":"GPS_SENT","detail":""}
{"ts":"2026-04-05T23:31:32.098Z","level":"INFO","device":"868120100004","event":"RX_MSG","detail":"0x8001 bodyLen=5"}
{"ts":"2026-04-05T23:31:32.098Z","level":"INFO","device":"868120100004","event":"SERVER_ACK","detail":"0x0200 result=OK"}
{"ts":"2026-04-05T23:31:32.224Z","level":"INFO","device":"868120100006","event":"GPS_SENT","detail":""}
{"ts":"2026-04-05T23:31:32.263Z","level":"INFO","device":"868120100005","event":"RX_MSG","detail":"0x8001 bodyLen=5"}
{"ts":"2026-04-05T23:31:32.263Z","level":"INFO","device":"868120100005","event":"SERVER_ACK","detail":"0x0200 result=OK"}
{"ts":"2026-04-05T23:31:32.357Z","level":"INFO","device":"868120100007","event":"GPS_SENT","detail":""}
{"ts":"2026-04-05T23:31:32.433Z","level":"INFO","device":"868120100006","event":"RX_MSG","detail":"0x8001 bodyLen=5"}
{"ts":"2026-04-05T23:31:32.433Z","level":"INFO","device":"868120100006","event":"SERVER_ACK","detail":"0x0200 result=OK"}
{"ts":"2026-04-05T23:31:32.523Z","level":"INFO","device":"868120100008","event":"GPS_SENT","detail":""}
{"ts":"2026-04-05T23:31:32.550Z","level":"INFO","device":"868120100007","event":"RX_MSG","detail":"0x8001 bodyLen=5"}
{"ts":"2026-04-05T23:31:32.550Z","level":"INFO","device":"868120100007","event":"SERVER_ACK","detail":"0x0200 result=OK"}
{"ts":"2026-04-05T23:31:32.659Z","level":"INFO","device":"868120100009","event":"GPS_SENT","detail":""}
{"ts":"2026-04-05T23:31:32.733Z","level":"INFO","device":"868120100008","event":"RX_MSG","detail":"0x8001 bodyLen=5"}
{"ts":"2026-04-05T23:31:32.733Z","level":"INFO","device":"868120100008","event":"SERVER_ACK","detail":"0x0200 result=OK"}
{"ts":"2026-04-05T23:31:32.796Z","level":"INFO","device":"100000000010","event":"GPS_SENT","detail":""}
{"ts":"2026-04-05T23:31:32.854Z","level":"INFO","device":"868120100009","event":"RX_MSG","detail":"0x8001 bodyLen=5"}
{"ts":"2026-04-05T23:31:32.854Z","level":"INFO","device":"868120100009","event":"SERVER_ACK","detail":"0x0200 result=OK"}
{"ts":"2026-04-05T23:31:32.980Z","level":"INFO","device":"100000000010","event":"RX_MSG","detail":"0x8001 bodyLen=5"}
{"ts":"2026-04-05T23:31:32.981Z","level":"INFO","device":"100000000010","event":"SERVER_ACK","detail":"0x0200 result=OK"}
{"ts":"2026-04-05T23:31:36.272Z","level":"INFO","device":"291078985963","event":"OBD2_SENT_0x0200","detail":"Lat: 51.736952, Lng: 0.471225 | Speed: 56km/h | RPM: 3037"}
{"ts":"2026-04-05T23:31:36.415Z","level":"INFO","device":"200000000002","event":"OBD2_SENT_0x0200","detail":"Lat: 51.715797, Lng: 0.506259 | Speed: 51km/h | RPM: 2860"}
{"ts":"2026-04-05T23:31:36.479Z","level":"INFO","device":"291078985963","event":"SERVER_ACK","detail":"0x8001 Universal Reply Received"}
{"ts":"2026-04-05T23:31:36.563Z","level":"INFO","device":"200000000003","event":"OBD2_SENT_0x0200","detail":"Lat: 51.722637, Lng: 0.496885 | Speed: 13km/h | RPM: 1334"}
{"ts":"2026-04-05T23:31:36.622Z","level":"INFO","device":"200000000002","event":"SERVER_ACK","detail":"0x8001 Universal Reply Received"}
{"ts":"2026-04-05T23:31:36.711Z","level":"INFO","device":"200000000004","event":"OBD2_SENT_0x0200","detail":"Lat: 51.724549, Lng: 0.496215 | Speed: 28km/h | RPM: 1921"}
{"ts":"2026-04-05T23:31:36.781Z","level":"INFO","device":"200000000003","event":"SERVER_ACK","detail":"0x8001 Universal Reply Received"}
{"ts":"2026-04-05T23:31:36.861Z","level":"INFO","device":"200000000005","event":"OBD2_SENT_0x0200","detail":"Lat: 51.714995, Lng: 0.509422 | Speed: 53km/h | RPM: 2924"}
{"ts":"2026-04-05T23:31:36.898Z","level":"INFO","device":"200000000004","event":"SERVER_ACK","detail":"0x8001 Universal Reply Received"}
{"ts":"2026-04-05T23:31:37.015Z","level":"INFO","device":"200000000006","event":"OBD2_SENT_0x0200","detail":"Lat: 51.715617, Lng: 0.506890 | Speed: 50km/h | RPM: 2795"}
{"ts":"2026-04-05T23:31:37.046Z","level":"INFO","device":"200000000005","event":"SERVER_ACK","detail":"0x8001 Universal Reply Received"}
{"ts":"2026-04-05T23:31:37.164Z","level":"INFO","device":"200000000007","event":"OBD2_SENT_0x0200","detail":"Lat: 51.715057, Lng: 0.509135 | Speed: 41km/h | RPM: 2444"}
{"ts":"2026-04-05T23:31:37.227Z","level":"INFO","device":"200000000006","event":"SERVER_ACK","detail":"0x8001 Universal Reply Received"}
{"ts":"2026-04-05T23:31:37.312Z","level":"INFO","device":"200000000008","event":"OBD2_SENT_0x0200","detail":"Lat: 51.717169, Lng: 0.502471 | Speed: 40km/h | RPM: 2414"}
{"ts":"2026-04-05T23:31:37.350Z","level":"INFO","device":"200000000007","event":"SERVER_ACK","detail":"0x8001 Universal Reply Received"}
{"ts":"2026-04-05T23:31:37.462Z","level":"INFO","device":"200000000009","event":"OBD2_SENT_0x0200","detail":"Lat: 51.716546, Lng: 0.503952 | Speed: 36km/h | RPM: 2250"}
{"ts":"2026-04-05T23:31:37.524Z","level":"INFO","device":"200000000008","event":"SERVER_ACK","detail":"0x8001 Universal Reply Received"}
{"ts":"2026-04-05T23:31:37.615Z","level":"INFO","device":"200000000010","event":"OBD2_SENT_0x0200","detail":"Lat: 51.714635, Lng: 0.511101 | Speed: 43km/h | RPM: 2535"}
{"ts":"2026-04-05T23:31:37.646Z","level":"INFO","device":"200000000009","event":"SERVER_ACK","detail":"0x8001 Universal Reply Received"}
{"ts":"2026-04-05T23:31:37.811Z","level":"INFO","device":"200000000010","event":"SERVER_ACK","detail":"0x8001 Universal Reply Received"}
{"ts":"2026-04-05T23:31:51.260Z","level":"INFO","device":"291078985963","event":"HEARTBEAT_SENT","detail":"0x0002"}
{"ts":"2026-04-05T23:31:51.272Z","level":"INFO","device":"291078985963","event":"OBD2_SENT_0x0200","detail":"Lat: 51.737601, Lng: 0.474206 | Speed: 54km/h | RPM: 2956"}
{"ts":"2026-04-05T23:31:51.409Z","level":"INFO","device":"200000000002","event":"HEARTBEAT_SENT","detail":"0x0002"}
{"ts":"2026-04-05T23:31:51.414Z","level":"INFO","device":"200000000002","event":"OBD2_SENT_0x0200","detail":"Lat: 51.715026, Lng: 0.509281 | Speed: 55km/h | RPM: 3001"}
{"ts":"2026-04-05T23:31:51.464Z","level":"INFO","device":"291078985963","event":"SERVER_ACK","detail":"0x8001 Universal Reply Received"}
{"ts":"2026-04-05T23:31:51.473Z","level":"INFO","device":"291078985963","event":"INCIDENT_SENT","detail":"mediaId=9 alarmId=29107898596300260405233151090200"}
{"ts":"2026-04-05T23:31:51.475Z","level":"INFO","device":"291078985963","event":"GPS_SENT","detail":""}
{"ts":"2026-04-05T23:31:51.560Z","level":"INFO","device":"200000000003","event":"HEARTBEAT_SENT","detail":"0x0002"}
{"ts":"2026-04-05T23:31:51.563Z","level":"INFO","device":"200000000003","event":"OBD2_SENT_0x0200","detail":"Lat: 51.722103, Lng: 0.497149 | Speed: 15km/h | RPM: 1387"}
{"ts":"2026-04-05T23:31:51.613Z","level":"INFO","device":"200000000002","event":"SERVER_ACK","detail":"0x8001 Universal Reply Received"}
{"ts":"2026-04-05T23:31:51.621Z","level":"INFO","device":"868120100002","event":"GPS_SENT","detail":""}
{"ts":"2026-04-05T23:31:51.622Z","level":"INFO","device":"868120100002","event":"INCIDENT_SENT","detail":"mediaId=9 alarmId=86812010000200260405233151090200"}
{"ts":"2026-04-05T23:31:51.682Z","level":"INFO","device":"291078985963","event":"RX_MSG","detail":"0x8001 bodyLen=5"}
{"ts":"2026-04-05T23:31:51.683Z","level":"INFO","device":"291078985963","event":"SERVER_ACK","detail":"0x0200 result=OK"}
{"ts":"2026-04-05T23:31:51.710Z","level":"INFO","device":"200000000004","event":"HEARTBEAT_SENT","detail":"0x0002"}
{"ts":"2026-04-05T23:31:51.712Z","level":"INFO","device":"200000000004","event":"OBD2_SENT_0x0200","detail":"Lat: 51.723420, Lng: 0.496572 | Speed: 31km/h | RPM: 2025"}
{"ts":"2026-04-05T23:31:51.764Z","level":"INFO","device":"868120100003","event":"INCIDENT_SENT","detail":"mediaId=9 alarmId=86812010000300260405233151090200"}
{"ts":"2026-04-05T23:31:51.769Z","level":"INFO","device":"868120100003","event":"GPS_SENT","detail":""}
{"ts":"2026-04-05T23:31:51.777Z","level":"INFO","device":"200000000003","event":"SERVER_ACK","detail":"0x8001 Universal Reply Received"}
{"ts":"2026-04-05T23:31:51.780Z","level":"INFO","device":"291078985963","event":"SERVER_ACK","detail":"0x8001 Universal Reply Received"}
{"ts":"2026-04-05T23:31:51.831Z","level":"INFO","device":"868120100002","event":"RX_MSG","detail":"0x8001 bodyLen=5"}
{"ts":"2026-04-05T23:31:51.831Z","level":"INFO","device":"868120100002","event":"SERVER_ACK","detail":"0x0200 result=OK"}
{"ts":"2026-04-05T23:31:51.859Z","level":"INFO","device":"200000000005","event":"HEARTBEAT_SENT","detail":"0x0002"}
{"ts":"2026-04-05T23:31:51.860Z","level":"INFO","device":"200000000005","event":"OBD2_SENT_0x0200","detail":"Lat: 51.714380, Lng: 0.512337 | Speed: 51km/h | RPM: 2840"}
{"ts":"2026-04-05T23:31:51.902Z","level":"INFO","device":"868120100004","event":"INCIDENT_SENT","detail":"mediaId=9 alarmId=86812010000400260405233151090200"}
{"ts":"2026-04-05T23:31:51.906Z","level":"INFO","device":"868120100004","event":"GPS_SENT","detail":""}
{"ts":"2026-04-05T23:31:51.952Z","level":"INFO","device":"200000000002","event":"SERVER_ACK","detail":"0x8001 Universal Reply Received"}
{"ts":"2026-04-05T23:31:51.964Z","level":"INFO","device":"868120100003","event":"RX_MSG","detail":"0x8001 bodyLen=5"}
{"ts":"2026-04-05T23:31:51.966Z","level":"INFO","device":"868120100003","event":"SERVER_ACK","detail":"0x0200 result=OK"}
{"ts":"2026-04-05T23:31:52.013Z","level":"INFO","device":"200000000006","event":"HEARTBEAT_SENT","detail":"0x0002"}
{"ts":"2026-04-05T23:31:52.014Z","level":"INFO","device":"200000000006","event":"OBD2_SENT_0x0200","detail":"Lat: 51.714960, Lng: 0.509585 | Speed: 49km/h | RPM: 2763"}
{"ts":"2026-04-05T23:31:52.021Z","level":"INFO","device":"291078985963","event":"RX_MSG","detail":"0x8001 bodyLen=5"}
{"ts":"2026-04-05T23:31:52.022Z","level":"INFO","device":"291078985963","event":"SERVER_ACK","detail":"0x0800 result=OK"}
{"ts":"2026-04-05T23:31:52.022Z","level":"INFO","device":"291078985963","event":"RX_MSG","detail":"0x8001 bodyLen=5"}
{"ts":"2026-04-05T23:31:52.022Z","level":"INFO","device":"291078985963","event":"SERVER_ACK","detail":"0x0200 result=OK"}
{"ts":"2026-04-05T23:31:52.044Z","level":"INFO","device":"200000000005","event":"SERVER_ACK","detail":"0x8001 Universal Reply Received"}
{"ts":"2026-04-05T23:31:52.061Z","level":"INFO","device":"868120100005","event":"INCIDENT_SENT","detail":"mediaId=9 alarmId=86812010000500260405233152090200"}
{"ts":"2026-04-05T23:31:52.062Z","level":"INFO","device":"868120100005","event":"GPS_SENT","detail":""}
{"ts":"2026-04-05T23:31:52.098Z","level":"INFO","device":"868120100004","event":"RX_MSG","detail":"0x8001 bodyLen=5"}
{"ts":"2026-04-05T23:31:52.098Z","level":"INFO","device":"868120100004","event":"SERVER_ACK","detail":"0x0200 result=OK"}
{"ts":"2026-04-05T23:31:52.122Z","level":"INFO","device":"200000000003","event":"SERVER_ACK","detail":"0x8001 Universal Reply Received"}
{"ts":"2026-04-05T23:31:52.159Z","level":"INFO","device":"200000000007","event":"HEARTBEAT_SENT","detail":"0x0002"}
{"ts":"2026-04-05T23:31:52.164Z","level":"INFO","device":"200000000007","event":"OBD2_SENT_0x0200","detail":"Lat: 51.714601, Lng: 0.511263 | Speed: 37km/h | RPM: 2289"}
{"ts":"2026-04-05T23:31:52.176Z","level":"INFO","device":"868120100002","event":"RX_MSG","detail":"0x8001 bodyLen=5"}
{"ts":"2026-04-05T23:31:52.176Z","level":"INFO","device":"868120100002","event":"SERVER_ACK","detail":"0x0200 result=OK"}
{"ts":"2026-04-05T23:31:52.177Z","level":"INFO","device":"868120100002","event":"RX_MSG","detail":"0x8001 bodyLen=5"}
{"ts":"2026-04-05T23:31:52.177Z","level":"INFO","device":"868120100002","event":"SERVER_ACK","detail":"0x0800 result=OK"}
{"ts":"2026-04-05T23:31:52.205Z","level":"INFO","device":"200000000004","event":"SERVER_ACK","detail":"0x8001 Universal Reply Received"}
{"ts":"2026-04-05T23:31:52.221Z","level":"INFO","device":"868120100006","event":"INCIDENT_SENT","detail":"mediaId=9 alarmId=86812010000600260405233152090200"}
{"ts":"2026-04-05T23:31:52.224Z","level":"INFO","device":"868120100006","event":"GPS_SENT","detail":""}
{"ts":"2026-04-05T23:31:52.225Z","level":"INFO","device":"200000000006","event":"SERVER_ACK","detail":"0x8001 Universal Reply Received"}
{"ts":"2026-04-05T23:31:52.262Z","level":"INFO","device":"868120100005","event":"RX_MSG","detail":"0x8001 bodyLen=5"}
{"ts":"2026-04-05T23:31:52.262Z","level":"INFO","device":"868120100005","event":"SERVER_ACK","detail":"0x0200 result=OK"}
{"ts":"2026-04-05T23:31:52.292Z","level":"INFO","device":"868120100003","event":"RX_MSG","detail":"0x8001 bodyLen=5"}
{"ts":"2026-04-05T23:31:52.293Z","level":"INFO","device":"868120100003","event":"SERVER_ACK","detail":"0x0800 result=OK"}
{"ts":"2026-04-05T23:31:52.293Z","level":"INFO","device":"868120100003","event":"RX_MSG","detail":"0x8001 bodyLen=5"}
{"ts":"2026-04-05T23:31:52.293Z","level":"INFO","device":"868120100003","event":"SERVER_ACK","detail":"0x0200 result=OK"}
{"ts":"2026-04-05T23:31:52.310Z","level":"INFO","device":"200000000008","event":"HEARTBEAT_SENT","detail":"0x0002"}
{"ts":"2026-04-05T23:31:52.312Z","level":"INFO","device":"200000000008","event":"OBD2_SENT_0x0200","detail":"Lat: 51.716440, Lng: 0.504249 | Speed: 36km/h | RPM: 2230"}
{"ts":"2026-04-05T23:31:52.345Z","level":"INFO","device":"200000000007","event":"SERVER_ACK","detail":"0x8001 Universal Reply Received"}
{"ts":"2026-04-05T23:31:52.353Z","level":"INFO","device":"868120100007","event":"INCIDENT_SENT","detail":"mediaId=9 alarmId=86812010000700260405233152090200"}
{"ts":"2026-04-05T23:31:52.357Z","level":"INFO","device":"868120100007","event":"GPS_SENT","detail":""}
{"ts":"2026-04-05T23:31:52.368Z","level":"INFO","device":"200000000005","event":"SERVER_ACK","detail":"0x8001 Universal Reply Received"}
{"ts":"2026-04-05T23:31:52.410Z","level":"INFO","device":"868120100004","event":"RX_MSG","detail":"0x8001 bodyLen=5"}
{"ts":"2026-04-05T23:31:52.410Z","level":"INFO","device":"868120100004","event":"SERVER_ACK","detail":"0x0800 result=OK"}
{"ts":"2026-04-05T23:31:52.410Z","level":"INFO","device":"868120100004","event":"RX_MSG","detail":"0x8001 bodyLen=5"}
{"ts":"2026-04-05T23:31:52.410Z","level":"INFO","device":"868120100004","event":"SERVER_ACK","detail":"0x0200 result=OK"}
{"ts":"2026-04-05T23:31:52.430Z","level":"INFO","device":"868120100006","event":"RX_MSG","detail":"0x8001 bodyLen=5"}
{"ts":"2026-04-05T23:31:52.431Z","level":"INFO","device":"868120100006","event":"SERVER_ACK","detail":"0x0200 result=OK"}
{"ts":"2026-04-05T23:31:52.460Z","level":"INFO","device":"200000000009","event":"HEARTBEAT_SENT","detail":"0x0002"}
{"ts":"2026-04-05T23:31:52.461Z","level":"INFO","device":"200000000009","event":"OBD2_SENT_0x0200","detail":"Lat: 51.715880, Lng: 0.505969 | Speed: 39km/h | RPM: 2340"}
{"ts":"2026-04-05T23:31:52.520Z","level":"INFO","device":"200000000008","event":"SERVER_ACK","detail":"0x8001 Universal Reply Received"}
{"ts":"2026-04-05T23:31:52.520Z","level":"INFO","device":"868120100008","event":"INCIDENT_SENT","detail":"mediaId=9 alarmId=86812010000800260405233152090200"}
{"ts":"2026-04-05T23:31:52.522Z","level":"INFO","device":"868120100008","event":"GPS_SENT","detail":""}
{"ts":"2026-04-05T23:31:52.524Z","level":"INFO","device":"200000000004","event":"SERVER_ACK","detail":"0x8001 Universal Reply Received"}
{"ts":"2026-04-05T23:31:52.547Z","level":"INFO","device":"868120100007","event":"RX_MSG","detail":"0x8001 bodyLen=5"}
{"ts":"2026-04-05T23:31:52.547Z","level":"INFO","device":"868120100007","event":"SERVER_ACK","detail":"0x0200 result=OK"}
{"ts":"2026-04-05T23:31:52.551Z","level":"INFO","device":"200000000006","event":"SERVER_ACK","detail":"0x8001 Universal Reply Received"}
{"ts":"2026-04-05T23:31:52.603Z","level":"INFO","device":"868120100005","event":"RX_MSG","detail":"0x8001 bodyLen=5"}
{"ts":"2026-04-05T23:31:52.603Z","level":"INFO","device":"868120100005","event":"SERVER_ACK","detail":"0x0800 result=OK"}
{"ts":"2026-04-05T23:31:52.603Z","level":"INFO","device":"868120100005","event":"RX_MSG","detail":"0x8001 bodyLen=5"}
{"ts":"2026-04-05T23:31:52.603Z","level":"INFO","device":"868120100005","event":"SERVER_ACK","detail":"0x0200 result=OK"}
{"ts":"2026-04-05T23:31:52.613Z","level":"INFO","device":"200000000010","event":"HEARTBEAT_SENT","detail":"0x0002"}
{"ts":"2026-04-05T23:31:52.616Z","level":"INFO","device":"200000000010","event":"OBD2_SENT_0x0200","detail":"Lat: 51.714173, Lng: 0.513789 | Speed: 47km/h | RPM: 2681"}
{"ts":"2026-04-05T23:31:52.643Z","level":"INFO","device":"200000000009","event":"SERVER_ACK","detail":"0x8001 Universal Reply Received"}
{"ts":"2026-04-05T23:31:52.649Z","level":"INFO","device":"200000000007","event":"SERVER_ACK","detail":"0x8001 Universal Reply Received"}
{"ts":"2026-04-05T23:31:52.652Z","level":"INFO","device":"868120100009","event":"INCIDENT_SENT","detail":"mediaId=9 alarmId=86812010000900260405233152090200"}
{"ts":"2026-04-05T23:31:52.660Z","level":"INFO","device":"868120100009","event":"GPS_SENT","detail":""}
{"ts":"2026-04-05T23:31:52.729Z","level":"INFO","device":"868120100008","event":"RX_MSG","detail":"0x8001 bodyLen=5"}
{"ts":"2026-04-05T23:31:52.730Z","level":"INFO","device":"868120100008","event":"SERVER_ACK","detail":"0x0200 result=OK"}
{"ts":"2026-04-05T23:31:52.767Z","level":"INFO","device":"868120100006","event":"RX_MSG","detail":"0x8001 bodyLen=5"}
{"ts":"2026-04-05T23:31:52.767Z","level":"INFO","device":"868120100006","event":"SERVER_ACK","detail":"0x0800 result=OK"}
{"ts":"2026-04-05T23:31:52.767Z","level":"INFO","device":"868120100006","event":"RX_MSG","detail":"0x8001 bodyLen=5"}
{"ts":"2026-04-05T23:31:52.767Z","level":"INFO","device":"868120100006","event":"SERVER_ACK","detail":"0x0200 result=OK"}
{"ts":"2026-04-05T23:31:52.792Z","level":"INFO","device":"100000000010","event":"INCIDENT_SENT","detail":"mediaId=9 alarmId=10000000001000260405233152090200"}
{"ts":"2026-04-05T23:31:52.796Z","level":"INFO","device":"100000000010","event":"GPS_SENT","detail":""}
{"ts":"2026-04-05T23:31:52.808Z","level":"INFO","device":"200000000010","event":"SERVER_ACK","detail":"0x8001 Universal Reply Received"}
{"ts":"2026-04-05T23:31:52.846Z","level":"INFO","device":"868120100009","event":"RX_MSG","detail":"0x8001 bodyLen=5"}
{"ts":"2026-04-05T23:31:52.847Z","level":"INFO","device":"868120100009","event":"SERVER_ACK","detail":"0x0200 result=OK"}
{"ts":"2026-04-05T23:31:52.861Z","level":"INFO","device":"200000000008","event":"SERVER_ACK","detail":"0x8001 Universal Reply Received"}
{"ts":"2026-04-05T23:31:52.875Z","level":"INFO","device":"868120100007","event":"RX_MSG","detail":"0x8001 bodyLen=5"}
{"ts":"2026-04-05T23:31:52.876Z","level":"INFO","device":"868120100007","event":"SERVER_ACK","detail":"0x0800 result=OK"}
{"ts":"2026-04-05T23:31:52.876Z","level":"INFO","device":"868120100007","event":"RX_MSG","detail":"0x8001 bodyLen=5"}
{"ts":"2026-04-05T23:31:52.876Z","level":"INFO","device":"868120100007","event":"SERVER_ACK","detail":"0x0200 result=OK"}
{"ts":"2026-04-05T23:31:52.959Z","level":"INFO","device":"200000000009","event":"SERVER_ACK","detail":"0x8001 Universal Reply Received"}
{"ts":"2026-04-05T23:31:52.976Z","level":"INFO","device":"100000000010","event":"RX_MSG","detail":"0x8001 bodyLen=5"}
{"ts":"2026-04-05T23:31:52.976Z","level":"INFO","device":"100000000010","event":"SERVER_ACK","detail":"0x0200 result=OK"}
{"ts":"2026-04-05T23:31:53.079Z","level":"INFO","device":"868120100008","event":"RX_MSG","detail":"0x8001 bodyLen=5"}
{"ts":"2026-04-05T23:31:53.079Z","level":"INFO","device":"868120100008","event":"SERVER_ACK","detail":"0x0800 result=OK"}
{"ts":"2026-04-05T23:31:53.079Z","level":"INFO","device":"868120100008","event":"RX_MSG","detail":"0x8001 bodyLen=5"}
{"ts":"2026-04-05T23:31:53.079Z","level":"INFO","device":"868120100008","event":"SERVER_ACK","detail":"0x0200 result=OK"}
{"ts":"2026-04-05T23:31:53.126Z","level":"INFO","device":"200000000010","event":"SERVER_ACK","detail":"0x8001 Universal Reply Received"}
{"ts":"2026-04-05T23:31:53.157Z","level":"INFO","device":"868120100009","event":"RX_MSG","detail":"0x8001 bodyLen=5"}
{"ts":"2026-04-05T23:31:53.157Z","level":"INFO","device":"868120100009","event":"SERVER_ACK","detail":"0x0800 result=OK"}
{"ts":"2026-04-05T23:31:53.157Z","level":"INFO","device":"868120100009","event":"RX_MSG","detail":"0x8001 bodyLen=5"}
{"ts":"2026-04-05T23:31:53.157Z","level":"INFO","device":"868120100009","event":"SERVER_ACK","detail":"0x0200 result=OK"}
{"ts":"2026-04-05T23:31:53.270Z","level":"INFO","device":"100000000010","event":"RX_MSG","detail":"0x8001 bodyLen=5"}
{"ts":"2026-04-05T23:31:53.271Z","level":"INFO","device":"100000000010","event":"SERVER_ACK","detail":"0x0800 result=OK"}
{"ts":"2026-04-05T23:31:53.271Z","level":"INFO","device":"100000000010","event":"RX_MSG","detail":"0x8001 bodyLen=5"}
{"ts":"2026-04-05T23:31:53.271Z","level":"INFO","device":"100000000010","event":"SERVER_ACK","detail":"0x0200 result=OK"}
{"ts":"2026-04-05T23:32:03.757Z","level":"INFO","device":"868120100003","event":"RECONNECTING","detail":"attempt 1, backoff 1436ms"}
{"ts":"2026-04-05T23:32:03.757Z","level":"INFO","device":"100000000010","event":"RECONNECTING","detail":"attempt 1, backoff 1583ms"}
{"ts":"2026-04-05T23:32:03.758Z","level":"INFO","device":"868120100005","event":"RECONNECTING","detail":"attempt 1, backoff 1998ms"}
{"ts":"2026-04-05T23:32:03.763Z","level":"INFO","device":"868120100006","event":"LIVE_STREAM_CLOSED","detail":"Stream ended."}
{"ts":"2026-04-05T23:32:03.765Z","level":"INFO","device":"291078985963","event":"RECONNECTING","detail":"attempt 1, backoff 1606ms"}
{"ts":"2026-04-05T23:32:03.765Z","level":"INFO","device":"868120100007","event":"RECONNECTING","detail":"attempt 1, backoff 1691ms"}
{"ts":"2026-04-05T23:32:03.765Z","level":"INFO","device":"868120100006","event":"RECONNECTING","detail":"attempt 1, backoff 1049ms"}
{"ts":"2026-04-05T23:32:03.766Z","level":"INFO","device":"868120100008","event":"RECONNECTING","detail":"attempt 1, backoff 1174ms"}
{"ts":"2026-04-05T23:32:03.766Z","level":"INFO","device":"868120100009","event":"RECONNECTING","detail":"attempt 1, backoff 1569ms"}
{"ts":"2026-04-05T23:32:03.767Z","level":"INFO","device":"868120100002","event":"RECONNECTING","detail":"attempt 1, backoff 1671ms"}
{"ts":"2026-04-05T23:32:03.767Z","level":"INFO","device":"868120100004","event":"RECONNECTING","detail":"attempt 1, backoff 1174ms"}
{"ts":"2026-04-05T23:32:05.025Z","level":"INFO","device":"868120100006","event":"CONNECTED","detail":"id:868120100006"}
{"ts":"2026-04-05T23:32:05.133Z","level":"INFO","device":"868120100008","event":"CONNECTED","detail":"id:868120100008"}
{"ts":"2026-04-05T23:32:05.142Z","level":"INFO","device":"868120100004","event":"CONNECTED","detail":"id:868120100004"}
{"ts":"2026-04-05T23:32:05.245Z","level":"INFO","device":"868120100006","event":"RX_MSG","detail":"0x8001 bodyLen=5"}
{"ts":"2026-04-05T23:32:05.245Z","level":"INFO","device":"868120100006","event":"SERVER_ACK","detail":"0x0102 result=OK"}
{"ts":"2026-04-05T23:32:05.333Z","level":"INFO","device":"868120100008","event":"RX_MSG","detail":"0x8001 bodyLen=5"}
{"ts":"2026-04-05T23:32:05.334Z","level":"INFO","device":"868120100008","event":"SERVER_ACK","detail":"0x0102 result=OK"}
{"ts":"2026-04-05T23:32:05.347Z","level":"INFO","device":"868120100004","event":"RX_MSG","detail":"0x8001 bodyLen=5"}
{"ts":"2026-04-05T23:32:05.347Z","level":"INFO","device":"868120100004","event":"SERVER_ACK","detail":"0x0102 result=OK"}
{"ts":"2026-04-05T23:32:05.387Z","level":"INFO","device":"868120100003","event":"CONNECTED","detail":"id:868120100003"}
{"ts":"2026-04-05T23:32:05.552Z","level":"INFO","device":"100000000010","event":"CONNECTED","detail":"id:100000000010"}
{"ts":"2026-04-05T23:32:05.552Z","level":"INFO","device":"868120100009","event":"CONNECTED","detail":"id:868120100009"}
{"ts":"2026-04-05T23:32:05.582Z","level":"INFO","device":"291078985963","event":"CONNECTED","detail":"id:291078985963"}
{"ts":"2026-04-05T23:32:05.588Z","level":"INFO","device":"868120100003","event":"RX_MSG","detail":"0x8001 bodyLen=5"}
{"ts":"2026-04-05T23:32:05.589Z","level":"INFO","device":"868120100003","event":"SERVER_ACK","detail":"0x0102 result=OK"}
{"ts":"2026-04-05T23:32:05.638Z","level":"INFO","device":"868120100002","event":"CONNECTED","detail":"id:868120100002"}
{"ts":"2026-04-05T23:32:05.668Z","level":"INFO","device":"868120100007","event":"CONNECTED","detail":"id:868120100007"}
{"ts":"2026-04-05T23:32:05.766Z","level":"INFO","device":"100000000010","event":"RX_MSG","detail":"0x8001 bodyLen=5"}
{"ts":"2026-04-05T23:32:05.766Z","level":"INFO","device":"100000000010","event":"SERVER_ACK","detail":"0x0102 result=OK"}
{"ts":"2026-04-05T23:32:05.774Z","level":"INFO","device":"868120100009","event":"RX_MSG","detail":"0x8001 bodyLen=5"}
{"ts":"2026-04-05T23:32:05.774Z","level":"INFO","device":"868120100009","event":"SERVER_ACK","detail":"0x0102 result=OK"}
{"ts":"2026-04-05T23:32:05.797Z","level":"INFO","device":"291078985963","event":"RX_MSG","detail":"0x8001 bodyLen=5"}
{"ts":"2026-04-05T23:32:05.799Z","level":"INFO","device":"291078985963","event":"SERVER_ACK","detail":"0x0102 result=OK"}
{"ts":"2026-04-05T23:32:05.845Z","level":"INFO","device":"868120100002","event":"RX_MSG","detail":"0x8001 bodyLen=5"}
{"ts":"2026-04-05T23:32:05.845Z","level":"INFO","device":"868120100002","event":"SERVER_ACK","detail":"0x0102 result=OK"}
{"ts":"2026-04-05T23:32:05.882Z","level":"INFO","device":"868120100007","event":"RX_MSG","detail":"0x8001 bodyLen=5"}
{"ts":"2026-04-05T23:32:05.882Z","level":"INFO","device":"868120100007","event":"SERVER_ACK","detail":"0x0102 result=OK"}
{"ts":"2026-04-05T23:32:05.941Z","level":"INFO","device":"868120100005","event":"CONNECTED","detail":"id:868120100005"}
{"ts":"2026-04-05T23:32:06.130Z","level":"INFO","device":"868120100005","event":"RX_MSG","detail":"0x8001 bodyLen=5"}
{"ts":"2026-04-05T23:32:06.131Z","level":"INFO","device":"868120100005","event":"SERVER_ACK","detail":"0x0102 result=OK"}
{"ts":"2026-04-05T23:32:06.272Z","level":"INFO","device":"291078985963","event":"OBD2_SENT_0x0200","detail":"Lat: 51.737725, Lng: 0.477501 | Speed: 56km/h | RPM: 3022"}
{"ts":"2026-04-05T23:32:06.415Z","level":"INFO","device":"200000000002","event":"OBD2_SENT_0x0200","detail":"Lat: 51.714327, Lng: 0.512710 | Speed: 60km/h | RPM: 3200"}
{"ts":"2026-04-05T23:32:06.480Z","level":"INFO","device":"291078985963","event":"SERVER_ACK","detail":"0x8001 Universal Reply Received"}
{"ts":"2026-04-05T23:32:06.564Z","level":"INFO","device":"200000000003","event":"OBD2_SENT_0x0200","detail":"Lat: 51.721622, Lng: 0.497389 | Speed: 13km/h | RPM: 1338"}
{"ts":"2026-04-05T23:32:06.620Z","level":"INFO","device":"200000000002","event":"SERVER_ACK","detail":"0x8001 Universal Reply Received"}
{"ts":"2026-04-05T23:32:06.712Z","level":"INFO","device":"200000000004","event":"OBD2_SENT_0x0200","detail":"Lat: 51.722178, Lng: 0.497111 | Speed: 34km/h | RPM: 2167"}
{"ts":"2026-04-05T23:32:06.782Z","level":"INFO","device":"200000000003","event":"SERVER_ACK","detail":"0x8001 Universal Reply Received"}
{"ts":"2026-04-05T23:32:06.862Z","level":"INFO","device":"200000000005","event":"OBD2_SENT_0x0200","detail":"Lat: 51.713933, Lng: 0.515469 | Speed: 53km/h | RPM: 2926"}
{"ts":"2026-04-05T23:32:06.900Z","level":"INFO","device":"200000000004","event":"SERVER_ACK","detail":"0x8001 Universal Reply Received"}
{"ts":"2026-04-05T23:32:07.015Z","level":"INFO","device":"200000000006","event":"OBD2_SENT_0x0200","detail":"Lat: 51.714381, Lng: 0.512336 | Speed: 48km/h | RPM: 2725"}
{"ts":"2026-04-05T23:32:07.048Z","level":"INFO","device":"200000000005","event":"SERVER_ACK","detail":"0x8001 Universal Reply Received"}
{"ts":"2026-04-05T23:32:07.164Z","level":"INFO","device":"200000000007","event":"OBD2_SENT_0x0200","detail":"Lat: 51.714267, Lng: 0.513134 | Speed: 33km/h | RPM: 2110"}
{"ts":"2026-04-05T23:32:07.229Z","level":"INFO","device":"200000000006","event":"SERVER_ACK","detail":"0x8001 Universal Reply Received"}
{"ts":"2026-04-05T23:32:07.314Z","level":"INFO","device":"200000000008","event":"OBD2_SENT_0x0200","detail":"Lat: 51.715804, Lng: 0.506237 | Speed: 38km/h | RPM: 2317"}
{"ts":"2026-04-05T23:32:07.351Z","level":"INFO","device":"200000000007","event":"SERVER_ACK","detail":"0x8001 Universal Reply Received"}
{"ts":"2026-04-05T23:32:07.462Z","level":"INFO","device":"200000000009","event":"OBD2_SENT_0x0200","detail":"Lat: 51.715226, Lng: 0.508346 | Speed: 43km/h | RPM: 2531"}
{"ts":"2026-04-05T23:32:07.526Z","level":"INFO","device":"200000000008","event":"SERVER_ACK","detail":"0x8001 Universal Reply Received"}
{"ts":"2026-04-05T23:32:07.617Z","level":"INFO","device":"200000000010","event":"OBD2_SENT_0x0200","detail":"Lat: 51.736074, Lng: 0.468402 | Speed: 47km/h | RPM: 2688"}
{"ts":"2026-04-05T23:32:07.647Z","level":"INFO","device":"200000000009","event":"SERVER_ACK","detail":"0x8001 Universal Reply Received"}
{"ts":"2026-04-05T23:32:07.813Z","level":"INFO","device":"200000000010","event":"SERVER_ACK","detail":"0x8001 Universal Reply Received"}
{"ts":"2026-04-05T23:32:08.116Z","level":"INFO","device":"291078985963","event":"DISCONNECTED","detail":"clean stop"}
{"ts":"2026-04-05T23:32:08.117Z","level":"INFO","device":"291078985963","event":"DISCONNECTED","detail":"clean stop"}
{"ts":"2026-04-05T23:32:08.117Z","level":"INFO","device":"291078985963","event":"DISCONNECTED","detail":"clean stop"}
{"ts":"2026-04-05T23:32:08.117Z","level":"INFO","device":"868120100002","event":"DISCONNECTED","detail":"clean stop"}
{"ts":"2026-04-05T23:32:08.117Z","level":"INFO","device":"200000000002","event":"DISCONNECTED","detail":"clean stop"}
{"ts":"2026-04-05T23:32:08.117Z","level":"INFO","device":"300000000002","event":"DISCONNECTED","detail":"clean stop"}
{"ts":"2026-04-05T23:32:08.118Z","level":"INFO","device":"868120100003","event":"DISCONNECTED","detail":"clean stop"}
{"ts":"2026-04-05T23:32:08.118Z","level":"INFO","device":"200000000003","event":"DISCONNECTED","detail":"clean stop"}
{"ts":"2026-04-05T23:32:08.118Z","level":"INFO","device":"300000000003","event":"DISCONNECTED","detail":"clean stop"}
{"ts":"2026-04-05T23:32:08.118Z","level":"INFO","device":"868120100004","event":"DISCONNECTED","detail":"clean stop"}
{"ts":"2026-04-05T23:32:08.118Z","level":"INFO","device":"200000000004","event":"DISCONNECTED","detail":"clean stop"}
{"ts":"2026-04-05T23:32:08.118Z","level":"INFO","device":"300000000004","event":"DISCONNECTED","detail":"clean stop"}
{"ts":"2026-04-05T23:32:08.119Z","level":"INFO","device":"868120100005","event":"DISCONNECTED","detail":"clean stop"}
{"ts":"2026-04-05T23:32:08.119Z","level":"INFO","device":"200000000005","event":"DISCONNECTED","detail":"clean stop"}
{"ts":"2026-04-05T23:32:08.119Z","level":"INFO","device":"300000000005","event":"DISCONNECTED","detail":"clean stop"}
{"ts":"2026-04-05T23:32:08.119Z","level":"INFO","device":"868120100006","event":"DISCONNECTED","detail":"clean stop"}
{"ts":"2026-04-05T23:32:08.119Z","level":"INFO","device":"200000000006","event":"DISCONNECTED","detail":"clean stop"}
{"ts":"2026-04-05T23:32:08.119Z","level":"INFO","device":"300000000006","event":"DISCONNECTED","detail":"clean stop"}
{"ts":"2026-04-05T23:32:08.119Z","level":"INFO","device":"868120100007","event":"DISCONNECTED","detail":"clean stop"}
{"ts":"2026-04-05T23:32:08.120Z","level":"INFO","device":"200000000007","event":"DISCONNECTED","detail":"clean stop"}
{"ts":"2026-04-05T23:32:08.120Z","level":"INFO","device":"300000000007","event":"DISCONNECTED","detail":"clean stop"}
{"ts":"2026-04-05T23:32:08.120Z","level":"INFO","device":"868120100008","event":"DISCONNECTED","detail":"clean stop"}
{"ts":"2026-04-05T23:32:08.120Z","level":"INFO","device":"200000000008","event":"DISCONNECTED","detail":"clean stop"}
{"ts":"2026-04-05T23:32:08.120Z","level":"INFO","device":"300000000008","event":"DISCONNECTED","detail":"clean stop"}
{"ts":"2026-04-05T23:32:08.120Z","level":"INFO","device":"868120100009","event":"DISCONNECTED","detail":"clean stop"}
{"ts":"2026-04-05T23:32:08.121Z","level":"INFO","device":"200000000009","event":"DISCONNECTED","detail":"clean stop"}
{"ts":"2026-04-05T23:32:08.121Z","level":"INFO","device":"300000000009","event":"DISCONNECTED","detail":"clean stop"}
{"ts":"2026-04-05T23:32:08.121Z","level":"INFO","device":"100000000010","event":"DISCONNECTED","detail":"clean stop"}
{"ts":"2026-04-05T23:32:08.121Z","level":"INFO","device":"200000000010","event":"DISCONNECTED","detail":"clean stop"}
{"ts":"2026-04-05T23:32:08.122Z","level":"INFO","device":"300000000010","event":"DISCONNECTED","detail":"clean stop"}

[SUMMARY] Run duration: 379s
[SUMMARY] GPS packets sent: 430
[SUMMARY] OBD2 packets sent: 250
[SUMMARY] DTC faults sent: 5
[SUMMARY] Incidents fired: 90
[SUMMARY] Videos uploaded OK: 36
[SUMMARY] Videos failed: 14
[SUMMARY] Tracker pings sent: 0
[SUMMARY] Reconnections: 0
[SUMMARY] Log file: logs/sim-2026-04-05T23-25-51.log
