{"ts":"2026-04-06T08:27:01.714Z","level":"INFO","device":"291078985963","event":"OBD2_CONNECTED","detail":"Binary Mode"}
{"ts":"2026-04-06T08:27:01.724Z","level":"INFO","device":"291078985963","event":"CONNECTED","detail":"id:291078985963"}
{"ts":"2026-04-06T08:27:01.844Z","level":"INFO","device":"868120100002","event":"CONNECTED","detail":"id:868120100002"}
{"ts":"2026-04-06T08:27:01.863Z","level":"INFO","device":"200000000002","event":"OBD2_CONNECTED","detail":"Binary Mode"}
{"ts":"2026-04-06T08:27:01.930Z","level":"INFO","device":"291078985963","event":"SERVER_ACK","detail":"0x8100 Registration Reply Received"}
{"ts":"2026-04-06T08:27:01.949Z","level":"INFO","device":"291078985963","event":"RX_MSG","detail":"0x8001 bodyLen=5"}
{"ts":"2026-04-06T08:27:01.950Z","level":"INFO","device":"291078985963","event":"SERVER_ACK","detail":"0x0102 result=OK"}
{"ts":"2026-04-06T08:27:02.003Z","level":"INFO","device":"868120100003","event":"CONNECTED","detail":"id:868120100003"}
{"ts":"2026-04-06T08:27:02.004Z","level":"INFO","device":"200000000003","event":"OBD2_CONNECTED","detail":"Binary Mode"}
{"ts":"2026-04-06T08:27:02.035Z","level":"INFO","device":"868120100002","event":"RX_MSG","detail":"0x8001 bodyLen=5"}
{"ts":"2026-04-06T08:27:02.035Z","level":"INFO","device":"868120100002","event":"SERVER_ACK","detail":"0x0102 result=OK"}
{"ts":"2026-04-06T08:27:02.072Z","level":"INFO","device":"200000000002","event":"SERVER_ACK","detail":"0x8100 Registration Reply Received"}
{"ts":"2026-04-06T08:27:02.152Z","level":"INFO","device":"200000000004","event":"OBD2_CONNECTED","detail":"Binary Mode"}
{"ts":"2026-04-06T08:27:02.167Z","level":"INFO","device":"868120100004","event":"CONNECTED","detail":"id:868120100004"}
{"ts":"2026-04-06T08:27:02.202Z","level":"INFO","device":"868120100003","event":"RX_MSG","detail":"0x8001 bodyLen=5"}
{"ts":"2026-04-06T08:27:02.202Z","level":"INFO","device":"868120100003","event":"SERVER_ACK","detail":"0x0102 result=OK"}
{"ts":"2026-04-06T08:27:02.203Z","level":"INFO","device":"200000000003","event":"SERVER_ACK","detail":"0x8100 Registration Reply Received"}
{"ts":"2026-04-06T08:27:02.318Z","level":"INFO","device":"868120100005","event":"CONNECTED","detail":"id:868120100005"}
{"ts":"2026-04-06T08:27:02.319Z","level":"INFO","device":"200000000005","event":"OBD2_CONNECTED","detail":"Binary Mode"}
{"ts":"2026-04-06T08:27:02.350Z","level":"INFO","device":"200000000004","event":"SERVER_ACK","detail":"0x8100 Registration Reply Received"}
{"ts":"2026-04-06T08:27:02.380Z","level":"INFO","device":"868120100004","event":"RX_MSG","detail":"0x8001 bodyLen=5"}
{"ts":"2026-04-06T08:27:02.380Z","level":"INFO","device":"868120100004","event":"SERVER_ACK","detail":"0x0102 result=OK"}
{"ts":"2026-04-06T08:27:02.427Z","level":"INFO","device":"291078985963","event":"SERVER_ACK","detail":"0x8001 Universal Reply Received"}
{"ts":"2026-04-06T08:27:02.443Z","level":"INFO","device":"200000000006","event":"OBD2_CONNECTED","detail":"Binary Mode"}
{"ts":"2026-04-06T08:27:02.467Z","level":"INFO","device":"868120100006","event":"CONNECTED","detail":"id:868120100006"}
{"ts":"2026-04-06T08:27:02.530Z","level":"INFO","device":"868120100005","event":"RX_MSG","detail":"0x8001 bodyLen=5"}
{"ts":"2026-04-06T08:27:02.530Z","level":"INFO","device":"868120100005","event":"SERVER_ACK","detail":"0x0102 result=OK"}
{"ts":"2026-04-06T08:27:02.533Z","level":"INFO","device":"200000000005","event":"SERVER_ACK","detail":"0x8100 Registration Reply Received"}
{"ts":"2026-04-06T08:27:02.571Z","level":"INFO","device":"200000000002","event":"SERVER_ACK","detail":"0x8001 Universal Reply Received"}
{"ts":"2026-04-06T08:27:02.613Z","level":"INFO","device":"868120100007","event":"CONNECTED","detail":"id:868120100007"}
{"ts":"2026-04-06T08:27:02.618Z","level":"INFO","device":"200000000007","event":"OBD2_CONNECTED","detail":"Binary Mode"}
{"ts":"2026-04-06T08:27:02.630Z","level":"INFO","device":"200000000006","event":"SERVER_ACK","detail":"0x8100 Registration Reply Received"}
{"ts":"2026-04-06T08:27:02.681Z","level":"INFO","device":"868120100006","event":"RX_MSG","detail":"0x8001 bodyLen=5"}
{"ts":"2026-04-06T08:27:02.681Z","level":"INFO","device":"868120100006","event":"SERVER_ACK","detail":"0x0102 result=OK"}
{"ts":"2026-04-06T08:27:02.702Z","level":"INFO","device":"200000000003","event":"SERVER_ACK","detail":"0x8001 Universal Reply Received"}
{"ts":"2026-04-06T08:27:02.768Z","level":"INFO","device":"200000000008","event":"OBD2_CONNECTED","detail":"Binary Mode"}
{"ts":"2026-04-06T08:27:02.769Z","level":"INFO","device":"868120100008","event":"CONNECTED","detail":"id:868120100008"}
{"ts":"2026-04-06T08:27:02.819Z","level":"INFO","device":"868120100007","event":"RX_MSG","detail":"0x8001 bodyLen=5"}
{"ts":"2026-04-06T08:27:02.819Z","level":"INFO","device":"868120100007","event":"SERVER_ACK","detail":"0x0102 result=OK"}
{"ts":"2026-04-06T08:27:02.840Z","level":"INFO","device":"200000000007","event":"SERVER_ACK","detail":"0x8100 Registration Reply Received"}
{"ts":"2026-04-06T08:27:02.848Z","level":"INFO","device":"200000000004","event":"SERVER_ACK","detail":"0x8001 Universal Reply Received"}
{"ts":"2026-04-06T08:27:02.895Z","level":"INFO","device":"200000000009","event":"OBD2_CONNECTED","detail":"Binary Mode"}
{"ts":"2026-04-06T08:27:02.914Z","level":"INFO","device":"868120100009","event":"CONNECTED","detail":"id:868120100009"}
{"ts":"2026-04-06T08:27:02.982Z","level":"INFO","device":"200000000008","event":"SERVER_ACK","detail":"0x8100 Registration Reply Received"}
{"ts":"2026-04-06T08:27:02.983Z","level":"INFO","device":"868120100008","event":"RX_MSG","detail":"0x8001 bodyLen=5"}
{"ts":"2026-04-06T08:27:02.983Z","level":"INFO","device":"868120100008","event":"SERVER_ACK","detail":"0x0102 result=OK"}
{"ts":"2026-04-06T08:27:03.031Z","level":"INFO","device":"200000000005","event":"SERVER_ACK","detail":"0x8001 Universal Reply Received"}
{"ts":"2026-04-06T08:27:03.043Z","level":"INFO","device":"100000000010","event":"CONNECTED","detail":"id:100000000010"}
{"ts":"2026-04-06T08:27:03.045Z","level":"INFO","device":"200000000010","event":"OBD2_CONNECTED","detail":"Binary Mode"}
{"ts":"2026-04-06T08:27:03.083Z","level":"INFO","device":"200000000009","event":"SERVER_ACK","detail":"0x8100 Registration Reply Received"}
{"ts":"2026-04-06T08:27:03.123Z","level":"INFO","device":"868120100009","event":"RX_MSG","detail":"0x8001 bodyLen=5"}
{"ts":"2026-04-06T08:27:03.123Z","level":"INFO","device":"868120100009","event":"SERVER_ACK","detail":"0x0102 result=OK"}
{"ts":"2026-04-06T08:27:03.131Z","level":"INFO","device":"200000000006","event":"SERVER_ACK","detail":"0x8001 Universal Reply Received"}
{"ts":"2026-04-06T08:27:03.232Z","level":"INFO","device":"100000000010","event":"RX_MSG","detail":"0x8001 bodyLen=5"}
{"ts":"2026-04-06T08:27:03.232Z","level":"INFO","device":"100000000010","event":"SERVER_ACK","detail":"0x0102 result=OK"}
{"ts":"2026-04-06T08:27:03.237Z","level":"INFO","device":"200000000010","event":"SERVER_ACK","detail":"0x8100 Registration Reply Received"}
{"ts":"2026-04-06T08:27:03.332Z","level":"INFO","device":"200000000007","event":"SERVER_ACK","detail":"0x8001 Universal Reply Received"}
{"ts":"2026-04-06T08:27:03.479Z","level":"INFO","device":"200000000008","event":"SERVER_ACK","detail":"0x8001 Universal Reply Received"}
{"ts":"2026-04-06T08:27:03.581Z","level":"INFO","device":"200000000009","event":"SERVER_ACK","detail":"0x8001 Universal Reply Received"}
{"ts":"2026-04-06T08:27:03.733Z","level":"INFO","device":"200000000010","event":"SERVER_ACK","detail":"0x8001 Universal Reply Received"}
{"ts":"2026-04-06T08:27:16.515Z","level":"INFO","device":"291078985963","event":"OBD2_SENT_0x0200","detail":"Lat: 51.736728, Lng: 0.470428 | Speed: 44km/h | RPM: 2543"}
{"ts":"2026-04-06T08:27:16.659Z","level":"INFO","device":"200000000002","event":"OBD2_SENT_0x0200","detail":"Lat: 51.736637, Lng: 0.470122 | Speed: 37km/h | RPM: 2280"}
{"ts":"2026-04-06T08:27:16.719Z","level":"INFO","device":"291078985963","event":"SERVER_ACK","detail":"0x8001 Universal Reply Received"}
{"ts":"2026-04-06T08:27:16.809Z","level":"INFO","device":"200000000003","event":"OBD2_SENT_0x0200","detail":"Lat: 51.736691, Lng: 0.470304 | Speed: 41km/h | RPM: 2436"}
{"ts":"2026-04-06T08:27:16.864Z","level":"INFO","device":"200000000002","event":"SERVER_ACK","detail":"0x8001 Universal Reply Received"}
{"ts":"2026-04-06T08:27:16.958Z","level":"INFO","device":"200000000004","event":"OBD2_SENT_0x0200","detail":"Lat: 51.736741, Lng: 0.470469 | Speed: 44km/h | RPM: 2578"}
{"ts":"2026-04-06T08:27:17.007Z","level":"INFO","device":"200000000003","event":"SERVER_ACK","detail":"0x8001 Universal Reply Received"}
{"ts":"2026-04-06T08:27:17.107Z","level":"INFO","device":"200000000005","event":"OBD2_SENT_0x0200","detail":"Lat: 51.736739, Lng: 0.470464 | Speed: 44km/h | RPM: 2574"}
{"ts":"2026-04-06T08:27:17.153Z","level":"INFO","device":"200000000004","event":"SERVER_ACK","detail":"0x8001 Universal Reply Received"}
{"ts":"2026-04-06T08:27:17.257Z","level":"INFO","device":"200000000006","event":"OBD2_SENT_0x0200","detail":"Lat: 51.736742, Lng: 0.470474 | Speed: 45km/h | RPM: 2583"}
{"ts":"2026-04-06T08:27:17.321Z","level":"INFO","device":"200000000005","event":"SERVER_ACK","detail":"0x8001 Universal Reply Received"}
{"ts":"2026-04-06T08:27:17.408Z","level":"INFO","device":"200000000007","event":"OBD2_SENT_0x0200","detail":"Lat: 51.736630, Lng: 0.470100 | Speed: 37km/h | RPM: 2261"}
{"ts":"2026-04-06T08:27:17.446Z","level":"INFO","device":"200000000006","event":"SERVER_ACK","detail":"0x8001 Universal Reply Received"}
{"ts":"2026-04-06T08:27:17.558Z","level":"INFO","device":"200000000008","event":"OBD2_SENT_0x0200","detail":"Lat: 51.736715, Lng: 0.470382 | Speed: 43km/h | RPM: 2503"}
{"ts":"2026-04-06T08:27:17.619Z","level":"INFO","device":"200000000007","event":"SERVER_ACK","detail":"0x8001 Universal Reply Received"}
{"ts":"2026-04-06T08:27:17.711Z","level":"INFO","device":"200000000009","event":"OBD2_SENT_0x0200","detail":"Lat: 51.736720, Lng: 0.470400 | Speed: 43km/h | RPM: 2519"}
{"ts":"2026-04-06T08:27:17.770Z","level":"INFO","device":"200000000008","event":"SERVER_ACK","detail":"0x8001 Universal Reply Received"}
{"ts":"2026-04-06T08:27:17.858Z","level":"INFO","device":"200000000010","event":"OBD2_SENT_0x0200","detail":"Lat: 51.736630, Lng: 0.470100 | Speed: 37km/h | RPM: 2261"}
{"ts":"2026-04-06T08:27:17.897Z","level":"INFO","device":"200000000009","event":"SERVER_ACK","detail":"0x8001 Universal Reply Received"}
{"ts":"2026-04-06T08:27:18.046Z","level":"INFO","device":"200000000010","event":"SERVER_ACK","detail":"0x8001 Universal Reply Received"}
{"ts":"2026-04-06T08:27:21.728Z","level":"INFO","device":"291078985963","event":"GPS_SENT","detail":""}
{"ts":"2026-04-06T08:27:21.846Z","level":"INFO","device":"868120100002","event":"GPS_SENT","detail":""}
{"ts":"2026-04-06T08:27:21.942Z","level":"INFO","device":"291078985963","event":"RX_MSG","detail":"0x8001 bodyLen=5"}
{"ts":"2026-04-06T08:27:21.942Z","level":"INFO","device":"291078985963","event":"SERVER_ACK","detail":"0x0200 result=OK"}
{"ts":"2026-04-06T08:27:22.004Z","level":"INFO","device":"868120100003","event":"GPS_SENT","detail":""}
{"ts":"2026-04-06T08:27:22.035Z","level":"INFO","device":"868120100002","event":"RX_MSG","detail":"0x8001 bodyLen=5"}
{"ts":"2026-04-06T08:27:22.035Z","level":"INFO","device":"868120100002","event":"SERVER_ACK","detail":"0x0200 result=OK"}
{"ts":"2026-04-06T08:27:22.168Z","level":"INFO","device":"868120100004","event":"GPS_SENT","detail":""}
{"ts":"2026-04-06T08:27:22.202Z","level":"INFO","device":"868120100003","event":"RX_MSG","detail":"0x8001 bodyLen=5"}
{"ts":"2026-04-06T08:27:22.203Z","level":"INFO","device":"868120100003","event":"SERVER_ACK","detail":"0x0200 result=OK"}
{"ts":"2026-04-06T08:27:22.319Z","level":"INFO","device":"868120100005","event":"GPS_SENT","detail":""}
{"ts":"2026-04-06T08:27:22.378Z","level":"INFO","device":"868120100004","event":"RX_MSG","detail":"0x8001 bodyLen=5"}
{"ts":"2026-04-06T08:27:22.378Z","level":"INFO","device":"868120100004","event":"SERVER_ACK","detail":"0x0200 result=OK"}
{"ts":"2026-04-06T08:27:22.468Z","level":"INFO","device":"868120100006","event":"GPS_SENT","detail":""}
{"ts":"2026-04-06T08:27:22.529Z","level":"INFO","device":"868120100005","event":"RX_MSG","detail":"0x8001 bodyLen=5"}
{"ts":"2026-04-06T08:27:22.529Z","level":"INFO","device":"868120100005","event":"SERVER_ACK","detail":"0x0200 result=OK"}
{"ts":"2026-04-06T08:27:22.613Z","level":"INFO","device":"868120100007","event":"GPS_SENT","detail":""}
{"ts":"2026-04-06T08:27:22.679Z","level":"INFO","device":"868120100006","event":"RX_MSG","detail":"0x8001 bodyLen=5"}
{"ts":"2026-04-06T08:27:22.679Z","level":"INFO","device":"868120100006","event":"SERVER_ACK","detail":"0x0200 result=OK"}
{"ts":"2026-04-06T08:27:22.769Z","level":"INFO","device":"868120100008","event":"GPS_SENT","detail":""}
{"ts":"2026-04-06T08:27:22.818Z","level":"INFO","device":"868120100007","event":"RX_MSG","detail":"0x8001 bodyLen=5"}
{"ts":"2026-04-06T08:27:22.818Z","level":"INFO","device":"868120100007","event":"SERVER_ACK","detail":"0x0200 result=OK"}
{"ts":"2026-04-06T08:27:22.915Z","level":"INFO","device":"868120100009","event":"GPS_SENT","detail":""}
{"ts":"2026-04-06T08:27:22.983Z","level":"INFO","device":"868120100008","event":"RX_MSG","detail":"0x8001 bodyLen=5"}
{"ts":"2026-04-06T08:27:22.984Z","level":"INFO","device":"868120100008","event":"SERVER_ACK","detail":"0x0200 result=OK"}
{"ts":"2026-04-06T08:27:23.044Z","level":"INFO","device":"100000000010","event":"GPS_SENT","detail":""}
{"ts":"2026-04-06T08:27:23.119Z","level":"INFO","device":"868120100009","event":"RX_MSG","detail":"0x8001 bodyLen=5"}
{"ts":"2026-04-06T08:27:23.119Z","level":"INFO","device":"868120100009","event":"SERVER_ACK","detail":"0x0200 result=OK"}
{"ts":"2026-04-06T08:27:23.231Z","level":"INFO","device":"100000000010","event":"RX_MSG","detail":"0x8001 bodyLen=5"}
{"ts":"2026-04-06T08:27:23.231Z","level":"INFO","device":"100000000010","event":"SERVER_ACK","detail":"0x0200 result=OK"}
{"ts":"2026-04-06T08:27:31.520Z","level":"INFO","device":"291078985963","event":"HEARTBEAT_SENT","detail":"0x0002"}
{"ts":"2026-04-06T08:27:31.521Z","level":"INFO","device":"291078985963","event":"OBD2_SENT_0x0200","detail":"Lat: 51.737414, Lng: 0.473082 | Speed: 45km/h | RPM: 2598"}
{"ts":"2026-04-06T08:27:31.658Z","level":"INFO","device":"200000000002","event":"HEARTBEAT_SENT","detail":"0x0002"}
{"ts":"2026-04-06T08:27:31.658Z","level":"INFO","device":"200000000002","event":"OBD2_SENT_0x0200","detail":"Lat: 51.737237, Lng: 0.472323 | Speed: 38km/h | RPM: 2311"}
{"ts":"2026-04-06T08:27:31.725Z","level":"INFO","device":"291078985963","event":"SERVER_ACK","detail":"0x8001 Universal Reply Received"}
{"ts":"2026-04-06T08:27:31.808Z","level":"INFO","device":"200000000003","event":"HEARTBEAT_SENT","detail":"0x0002"}
{"ts":"2026-04-06T08:27:31.808Z","level":"INFO","device":"200000000003","event":"OBD2_SENT_0x0200","detail":"Lat: 51.737300, Lng: 0.472585 | Speed: 39km/h | RPM: 2354"}
{"ts":"2026-04-06T08:27:31.863Z","level":"INFO","device":"200000000002","event":"SERVER_ACK","detail":"0x8001 Universal Reply Received"}
{"ts":"2026-04-06T08:27:31.958Z","level":"INFO","device":"200000000004","event":"HEARTBEAT_SENT","detail":"0x0002"}
{"ts":"2026-04-06T08:27:31.959Z","level":"INFO","device":"200000000004","event":"OBD2_SENT_0x0200","detail":"Lat: 51.737463, Lng: 0.473379 | Speed: 49km/h | RPM: 2768"}
{"ts":"2026-04-06T08:27:32.007Z","level":"INFO","device":"200000000003","event":"SERVER_ACK","detail":"0x8001 Universal Reply Received"}
{"ts":"2026-04-06T08:27:32.053Z","level":"INFO","device":"291078985963","event":"SERVER_ACK","detail":"0x8001 Universal Reply Received"}
{"ts":"2026-04-06T08:27:32.108Z","level":"INFO","device":"200000000005","event":"HEARTBEAT_SENT","detail":"0x0002"}
{"ts":"2026-04-06T08:27:32.109Z","level":"INFO","device":"200000000005","event":"OBD2_SENT_0x0200","detail":"Lat: 51.737398, Lng: 0.472993 | Speed: 43km/h | RPM: 2512"}
{"ts":"2026-04-06T08:27:32.153Z","level":"INFO","device":"200000000004","event":"SERVER_ACK","detail":"0x8001 Universal Reply Received"}
{"ts":"2026-04-06T08:27:32.209Z","level":"INFO","device":"200000000002","event":"SERVER_ACK","detail":"0x8001 Universal Reply Received"}
{"ts":"2026-04-06T08:27:32.258Z","level":"INFO","device":"200000000006","event":"HEARTBEAT_SENT","detail":"0x0002"}
{"ts":"2026-04-06T08:27:32.259Z","level":"INFO","device":"200000000006","event":"OBD2_SENT_0x0200","detail":"Lat: 51.737403, Lng: 0.473018 | Speed: 43km/h | RPM: 2520"}
{"ts":"2026-04-06T08:27:32.319Z","level":"INFO","device":"200000000005","event":"SERVER_ACK","detail":"0x8001 Universal Reply Received"}
{"ts":"2026-04-06T08:27:32.325Z","level":"INFO","device":"200000000003","event":"SERVER_ACK","detail":"0x8001 Universal Reply Received"}
{"ts":"2026-04-06T08:27:32.407Z","level":"INFO","device":"200000000007","event":"HEARTBEAT_SENT","detail":"0x0002"}
{"ts":"2026-04-06T08:27:32.408Z","level":"INFO","device":"200000000007","event":"OBD2_SENT_0x0200","detail":"Lat: 51.737150, Lng: 0.471964 | Speed: 32km/h | RPM: 2085"}
{"ts":"2026-04-06T08:27:32.443Z","level":"INFO","device":"200000000006","event":"SERVER_ACK","detail":"0x8001 Universal Reply Received"}
{"ts":"2026-04-06T08:27:32.479Z","level":"INFO","device":"200000000004","event":"SERVER_ACK","detail":"0x8001 Universal Reply Received"}
{"ts":"2026-04-06T08:27:32.558Z","level":"INFO","device":"200000000008","event":"HEARTBEAT_SENT","detail":"0x0002"}
{"ts":"2026-04-06T08:27:32.559Z","level":"INFO","device":"200000000008","event":"OBD2_SENT_0x0200","detail":"Lat: 51.737412, Lng: 0.473071 | Speed: 46km/h | RPM: 2624"}
{"ts":"2026-04-06T08:27:32.619Z","level":"INFO","device":"200000000007","event":"SERVER_ACK","detail":"0x8001 Universal Reply Received"}
{"ts":"2026-04-06T08:27:32.650Z","level":"INFO","device":"200000000005","event":"SERVER_ACK","detail":"0x8001 Universal Reply Received"}
{"ts":"2026-04-06T08:27:32.711Z","level":"INFO","device":"200000000009","event":"HEARTBEAT_SENT","detail":"0x0002"}
{"ts":"2026-04-06T08:27:32.712Z","level":"INFO","device":"200000000009","event":"OBD2_SENT_0x0200","detail":"Lat: 51.737418, Lng: 0.473108 | Speed: 46km/h | RPM: 2635"}
{"ts":"2026-04-06T08:27:32.749Z","level":"INFO","device":"200000000006","event":"SERVER_ACK","detail":"0x8001 Universal Reply Received"}
{"ts":"2026-04-06T08:27:32.768Z","level":"INFO","device":"200000000008","event":"SERVER_ACK","detail":"0x8001 Universal Reply Received"}
{"ts":"2026-04-06T08:27:32.857Z","level":"INFO","device":"200000000010","event":"HEARTBEAT_SENT","detail":"0x0002"}
{"ts":"2026-04-06T08:27:32.857Z","level":"INFO","device":"200000000010","event":"OBD2_SENT_0x0200","detail":"Lat: 51.737235, Lng: 0.472318 | Speed: 38km/h | RPM: 2324"}
{"ts":"2026-04-06T08:27:32.899Z","level":"INFO","device":"200000000009","event":"SERVER_ACK","detail":"0x8001 Universal Reply Received"}
{"ts":"2026-04-06T08:27:32.961Z","level":"INFO","device":"200000000007","event":"SERVER_ACK","detail":"0x8001 Universal Reply Received"}
{"ts":"2026-04-06T08:27:33.044Z","level":"INFO","device":"200000000010","event":"SERVER_ACK","detail":"0x8001 Universal Reply Received"}
{"ts":"2026-04-06T08:27:33.117Z","level":"INFO","device":"200000000008","event":"SERVER_ACK","detail":"0x8001 Universal Reply Received"}
{"ts":"2026-04-06T08:27:33.220Z","level":"INFO","device":"200000000009","event":"SERVER_ACK","detail":"0x8001 Universal Reply Received"}
{"ts":"2026-04-06T08:27:33.342Z","level":"INFO","device":"200000000010","event":"SERVER_ACK","detail":"0x8001 Universal Reply Received"}
{"ts":"2026-04-06T08:27:36.436Z","level":"INFO","device":"868120100006","event":"RX_MSG","detail":"0x9101 bodyLen=20"}
{"ts":"2026-04-06T08:27:36.437Z","level":"INFO","device":"868120100006","event":"SENT_ACK","detail":"0x0001 acknowledging Live Stream Request"}
{"ts":"2026-04-06T08:27:36.437Z","level":"INFO","device":"868120100006","event":"LIVE_STREAM_REQ","detail":"Target: 54.37.225.65:3378 | Channel: 1"}
{"ts":"2026-04-06T08:27:36.437Z","level":"INFO","device":"868120100006","event":"LIVE_STREAM_CONNECTING","detail":"54.37.225.65:3378"}
{"ts":"2026-04-06T08:27:36.640Z","level":"INFO","device":"868120100006","event":"LIVE_STREAM_CONNECTED","detail":"Pumping video for CH1... (BCD: 868120100006)"}
{"ts":"2026-04-06T08:27:41.727Z","level":"INFO","device":"291078985963","event":"GPS_SENT","detail":""}
{"ts":"2026-04-06T08:27:41.846Z","level":"INFO","device":"868120100002","event":"GPS_SENT","detail":""}
{"ts":"2026-04-06T08:27:41.941Z","level":"INFO","device":"291078985963","event":"RX_MSG","detail":"0x8001 bodyLen=5"}
{"ts":"2026-04-06T08:27:41.941Z","level":"INFO","device":"291078985963","event":"SERVER_ACK","detail":"0x0200 result=OK"}
{"ts":"2026-04-06T08:27:42.005Z","level":"INFO","device":"868120100003","event":"GPS_SENT","detail":""}
{"ts":"2026-04-06T08:27:42.035Z","level":"INFO","device":"868120100002","event":"RX_MSG","detail":"0x8001 bodyLen=5"}
{"ts":"2026-04-06T08:27:42.036Z","level":"INFO","device":"868120100002","event":"SERVER_ACK","detail":"0x0200 result=OK"}
{"ts":"2026-04-06T08:27:42.170Z","level":"INFO","device":"868120100004","event":"GPS_SENT","detail":""}
{"ts":"2026-04-06T08:27:42.203Z","level":"INFO","device":"868120100003","event":"RX_MSG","detail":"0x8001 bodyLen=5"}
{"ts":"2026-04-06T08:27:42.204Z","level":"INFO","device":"868120100003","event":"SERVER_ACK","detail":"0x0200 result=OK"}
{"ts":"2026-04-06T08:27:42.318Z","level":"INFO","device":"868120100005","event":"GPS_SENT","detail":""}
{"ts":"2026-04-06T08:27:42.380Z","level":"INFO","device":"868120100004","event":"RX_MSG","detail":"0x8001 bodyLen=5"}
{"ts":"2026-04-06T08:27:42.380Z","level":"INFO","device":"868120100004","event":"SERVER_ACK","detail":"0x0200 result=OK"}
{"ts":"2026-04-06T08:27:42.468Z","level":"INFO","device":"868120100006","event":"GPS_SENT","detail":""}
{"ts":"2026-04-06T08:27:42.528Z","level":"INFO","device":"868120100005","event":"RX_MSG","detail":"0x8001 bodyLen=5"}
{"ts":"2026-04-06T08:27:42.528Z","level":"INFO","device":"868120100005","event":"SERVER_ACK","detail":"0x0200 result=OK"}
{"ts":"2026-04-06T08:27:42.614Z","level":"INFO","device":"868120100007","event":"GPS_SENT","detail":""}
{"ts":"2026-04-06T08:27:42.678Z","level":"INFO","device":"868120100006","event":"RX_MSG","detail":"0x8001 bodyLen=5"}
{"ts":"2026-04-06T08:27:42.678Z","level":"INFO","device":"868120100006","event":"SERVER_ACK","detail":"0x0200 result=OK"}
{"ts":"2026-04-06T08:27:42.770Z","level":"INFO","device":"868120100008","event":"GPS_SENT","detail":""}
{"ts":"2026-04-06T08:27:42.819Z","level":"INFO","device":"868120100007","event":"RX_MSG","detail":"0x8001 bodyLen=5"}
{"ts":"2026-04-06T08:27:42.824Z","level":"INFO","device":"868120100007","event":"SERVER_ACK","detail":"0x0200 result=OK"}
{"ts":"2026-04-06T08:27:42.915Z","level":"INFO","device":"868120100009","event":"GPS_SENT","detail":""}
{"ts":"2026-04-06T08:27:42.980Z","level":"INFO","device":"868120100008","event":"RX_MSG","detail":"0x8001 bodyLen=5"}
{"ts":"2026-04-06T08:27:42.980Z","level":"INFO","device":"868120100008","event":"SERVER_ACK","detail":"0x0200 result=OK"}
{"ts":"2026-04-06T08:27:43.045Z","level":"INFO","device":"100000000010","event":"GPS_SENT","detail":""}
{"ts":"2026-04-06T08:27:43.119Z","level":"INFO","device":"868120100009","event":"RX_MSG","detail":"0x8001 bodyLen=5"}
{"ts":"2026-04-06T08:27:43.119Z","level":"INFO","device":"868120100009","event":"SERVER_ACK","detail":"0x0200 result=OK"}
{"ts":"2026-04-06T08:27:43.240Z","level":"INFO","device":"100000000010","event":"RX_MSG","detail":"0x8001 bodyLen=5"}
{"ts":"2026-04-06T08:27:43.240Z","level":"INFO","device":"100000000010","event":"SERVER_ACK","detail":"0x0200 result=OK"}
{"ts":"2026-04-06T08:27:46.524Z","level":"INFO","device":"291078985963","event":"OBD2_SENT_0x0200","detail":"Lat: 51.737773, Lng: 0.475964 | Speed: 49km/h | RPM: 2773"}
{"ts":"2026-04-06T08:27:46.659Z","level":"INFO","device":"200000000002","event":"OBD2_SENT_0x0200","detail":"Lat: 51.737618, Lng: 0.474347 | Speed: 36km/h | RPM: 2236"}
{"ts":"2026-04-06T08:27:46.728Z","level":"INFO","device":"291078985963","event":"SERVER_ACK","detail":"0x8001 Universal Reply Received"}
{"ts":"2026-04-06T08:27:46.809Z","level":"INFO","device":"200000000003","event":"OBD2_SENT_0x0200","detail":"Lat: 51.737692, Lng: 0.474940 | Speed: 42km/h | RPM: 2471"}
{"ts":"2026-04-06T08:27:46.866Z","level":"INFO","device":"200000000002","event":"SERVER_ACK","detail":"0x8001 Universal Reply Received"}
{"ts":"2026-04-06T08:27:46.959Z","level":"INFO","device":"200000000004","event":"OBD2_SENT_0x0200","detail":"Lat: 51.737783, Lng: 0.476187 | Speed: 48km/h | RPM: 2722"}
{"ts":"2026-04-06T08:27:47.006Z","level":"INFO","device":"200000000003","event":"SERVER_ACK","detail":"0x8001 Universal Reply Received"}
{"ts":"2026-04-06T08:27:47.108Z","level":"INFO","device":"200000000005","event":"OBD2_SENT_0x0200","detail":"Lat: 51.737752, Lng: 0.475436 | Speed: 43km/h | RPM: 2534"}
{"ts":"2026-04-06T08:27:47.154Z","level":"INFO","device":"200000000004","event":"SERVER_ACK","detail":"0x8001 Universal Reply Received"}
{"ts":"2026-04-06T08:27:47.259Z","level":"INFO","device":"200000000006","event":"OBD2_SENT_0x0200","detail":"Lat: 51.737760, Lng: 0.475642 | Speed: 45km/h | RPM: 2596"}
{"ts":"2026-04-06T08:27:47.320Z","level":"INFO","device":"200000000005","event":"SERVER_ACK","detail":"0x8001 Universal Reply Received"}
{"ts":"2026-04-06T08:27:47.408Z","level":"INFO","device":"200000000007","event":"OBD2_SENT_0x0200","detail":"Lat: 51.737503, Lng: 0.473617 | Speed: 29km/h | RPM: 1973"}
{"ts":"2026-04-06T08:27:47.444Z","level":"INFO","device":"200000000006","event":"SERVER_ACK","detail":"0x8001 Universal Reply Received"}
{"ts":"2026-04-06T08:27:47.560Z","level":"INFO","device":"200000000008","event":"OBD2_SENT_0x0200","detail":"Lat: 51.737760, Lng: 0.475648 | Speed: 44km/h | RPM: 2564"}
{"ts":"2026-04-06T08:27:47.622Z","level":"INFO","device":"200000000007","event":"SERVER_ACK","detail":"0x8001 Universal Reply Received"}
{"ts":"2026-04-06T08:27:47.711Z","level":"INFO","device":"200000000009","event":"OBD2_SENT_0x0200","detail":"Lat: 51.737761, Lng: 0.475660 | Speed: 44km/h | RPM: 2547"}
{"ts":"2026-04-06T08:27:47.772Z","level":"INFO","device":"200000000008","event":"SERVER_ACK","detail":"0x8001 Universal Reply Received"}
{"ts":"2026-04-06T08:27:47.859Z","level":"INFO","device":"200000000010","event":"OBD2_SENT_0x0200","detail":"Lat: 51.737626, Lng: 0.474410 | Speed: 37km/h | RPM: 2284"}
{"ts":"2026-04-06T08:27:47.897Z","level":"INFO","device":"200000000009","event":"SERVER_ACK","detail":"0x8001 Universal Reply Received"}
{"ts":"2026-04-06T08:27:48.047Z","level":"INFO","device":"200000000010","event":"SERVER_ACK","detail":"0x8001 Universal Reply Received"}
{"ts":"2026-04-06T08:27:51.028Z","level":"INFO","device":"868120100006","event":"RX_MSG","detail":"0x9101 bodyLen=20"}
{"ts":"2026-04-06T08:27:51.029Z","level":"INFO","device":"868120100006","event":"SENT_ACK","detail":"0x0001 acknowledging Live Stream Request"}
{"ts":"2026-04-06T08:27:51.029Z","level":"INFO","device":"868120100006","event":"LIVE_STREAM_REQ","detail":"Target: 54.37.225.65:3378 | Channel: 2"}
{"ts":"2026-04-06T08:27:51.031Z","level":"INFO","device":"868120100006","event":"LIVE_STREAM_CONNECTING","detail":"54.37.225.65:3378"}
{"ts":"2026-04-06T08:27:51.234Z","level":"INFO","device":"868120100006","event":"LIVE_STREAM_CONNECTED","detail":"Pumping video for CH2... (BCD: 868120100006)"}
{"ts":"2026-04-06T08:28:01.521Z","level":"INFO","device":"291078985963","event":"HEARTBEAT_SENT","detail":"0x0002"}
{"ts":"2026-04-06T08:28:01.525Z","level":"INFO","device":"291078985963","event":"OBD2_SENT_0x0200","detail":"Lat: 51.737392, Lng: 0.479021 | Speed: 51km/h | RPM: 2828"}
{"ts":"2026-04-06T08:28:01.657Z","level":"INFO","device":"200000000002","event":"HEARTBEAT_SENT","detail":"0x0002"}
{"ts":"2026-04-06T08:28:01.658Z","level":"INFO","device":"200000000002","event":"OBD2_SENT_0x0200","detail":"Lat: 51.737794, Lng: 0.476462 | Speed: 36km/h | RPM: 2226"}
{"ts":"2026-04-06T08:28:01.725Z","level":"INFO","device":"291078985963","event":"SERVER_ACK","detail":"0x8001 Universal Reply Received"}
{"ts":"2026-04-06T08:28:01.727Z","level":"INFO","device":"291078985963","event":"GPS_SENT","detail":""}
{"ts":"2026-04-06T08:28:01.807Z","level":"INFO","device":"200000000003","event":"HEARTBEAT_SENT","detail":"0x0002"}
{"ts":"2026-04-06T08:28:01.809Z","level":"INFO","device":"200000000003","event":"OBD2_SENT_0x0200","detail":"Lat: 51.737711, Lng: 0.477667 | Speed: 46km/h | RPM: 2639"}
{"ts":"2026-04-06T08:28:01.847Z","level":"INFO","device":"868120100002","event":"GPS_SENT","detail":""}
{"ts":"2026-04-06T08:28:01.866Z","level":"INFO","device":"200000000002","event":"SERVER_ACK","detail":"0x8001 Universal Reply Received"}
{"ts":"2026-04-06T08:28:01.940Z","level":"INFO","device":"291078985963","event":"RX_MSG","detail":"0x8001 bodyLen=5"}
{"ts":"2026-04-06T08:28:01.940Z","level":"INFO","device":"291078985963","event":"SERVER_ACK","detail":"0x0200 result=OK"}
{"ts":"2026-04-06T08:28:01.958Z","level":"INFO","device":"200000000004","event":"HEARTBEAT_SENT","detail":"0x0002"}
{"ts":"2026-04-06T08:28:01.959Z","level":"INFO","device":"200000000004","event":"OBD2_SENT_0x0200","detail":"Lat: 51.737431, Lng: 0.478875 | Speed: 45km/h | RPM: 2581"}
{"ts":"2026-04-06T08:28:02.005Z","level":"INFO","device":"200000000003","event":"SERVER_ACK","detail":"0x8001 Universal Reply Received"}
{"ts":"2026-04-06T08:28:02.005Z","level":"INFO","device":"868120100003","event":"GPS_SENT","detail":""}
{"ts":"2026-04-06T08:28:02.035Z","level":"INFO","device":"868120100002","event":"RX_MSG","detail":"0x8001 bodyLen=5"}
{"ts":"2026-04-06T08:28:02.035Z","level":"INFO","device":"868120100002","event":"SERVER_ACK","detail":"0x0200 result=OK"}
{"ts":"2026-04-06T08:28:02.049Z","level":"INFO","device":"291078985963","event":"SERVER_ACK","detail":"0x8001 Universal Reply Received"}
{"ts":"2026-04-06T08:28:02.108Z","level":"INFO","device":"200000000005","event":"HEARTBEAT_SENT","detail":"0x0002"}
{"ts":"2026-04-06T08:28:02.110Z","level":"INFO","device":"200000000005","event":"OBD2_SENT_0x0200","detail":"Lat: 51.737581, Lng: 0.478275 | Speed: 47km/h | RPM: 2680"}
{"ts":"2026-04-06T08:28:02.154Z","level":"INFO","device":"200000000004","event":"SERVER_ACK","detail":"0x8001 Universal Reply Received"}
{"ts":"2026-04-06T08:28:02.170Z","level":"INFO","device":"868120100004","event":"GPS_SENT","detail":""}
{"ts":"2026-04-06T08:28:02.201Z","level":"INFO","device":"868120100003","event":"RX_MSG","detail":"0x8001 bodyLen=5"}
{"ts":"2026-04-06T08:28:02.201Z","level":"INFO","device":"868120100003","event":"SERVER_ACK","detail":"0x0200 result=OK"}
{"ts":"2026-04-06T08:28:02.207Z","level":"INFO","device":"200000000002","event":"SERVER_ACK","detail":"0x8001 Universal Reply Received"}
{"ts":"2026-04-06T08:28:02.257Z","level":"INFO","device":"200000000006","event":"HEARTBEAT_SENT","detail":"0x0002"}
{"ts":"2026-04-06T08:28:02.260Z","level":"INFO","device":"200000000006","event":"OBD2_SENT_0x0200","detail":"Lat: 51.737558, Lng: 0.478369 | Speed: 45km/h | RPM: 2607"}
{"ts":"2026-04-06T08:28:02.319Z","level":"INFO","device":"868120100005","event":"GPS_SENT","detail":""}
{"ts":"2026-04-06T08:28:02.320Z","level":"INFO","device":"200000000005","event":"SERVER_ACK","detail":"0x8001 Universal Reply Received"}
{"ts":"2026-04-06T08:28:02.323Z","level":"INFO","device":"200000000003","event":"SERVER_ACK","detail":"0x8001 Universal Reply Received"}
{"ts":"2026-04-06T08:28:02.380Z","level":"INFO","device":"868120100004","event":"RX_MSG","detail":"0x8001 bodyLen=5"}
{"ts":"2026-04-06T08:28:02.380Z","level":"INFO","device":"868120100004","event":"SERVER_ACK","detail":"0x0200 result=OK"}
{"ts":"2026-04-06T08:28:02.408Z","level":"INFO","device":"200000000007","event":"HEARTBEAT_SENT","detail":"0x0002"}
{"ts":"2026-04-06T08:28:02.409Z","level":"INFO","device":"200000000007","event":"OBD2_SENT_0x0200","detail":"Lat: 51.737716, Lng: 0.475130 | Speed: 26km/h | RPM: 1836"}
{"ts":"2026-04-06T08:28:02.442Z","level":"INFO","device":"200000000006","event":"SERVER_ACK","detail":"0x8001 Universal Reply Received"}
{"ts":"2026-04-06T08:28:02.469Z","level":"INFO","device":"868120100006","event":"GPS_SENT","detail":""}
{"ts":"2026-04-06T08:28:02.477Z","level":"INFO","device":"200000000004","event":"SERVER_ACK","detail":"0x8001 Universal Reply Received"}
{"ts":"2026-04-06T08:28:02.529Z","level":"INFO","device":"868120100005","event":"RX_MSG","detail":"0x8001 bodyLen=5"}
{"ts":"2026-04-06T08:28:02.529Z","level":"INFO","device":"868120100005","event":"SERVER_ACK","detail":"0x0200 result=OK"}
{"ts":"2026-04-06T08:28:02.557Z","level":"INFO","device":"200000000008","event":"HEARTBEAT_SENT","detail":"0x0002"}
{"ts":"2026-04-06T08:28:02.560Z","level":"INFO","device":"200000000008","event":"OBD2_SENT_0x0200","detail":"Lat: 51.737523, Lng: 0.478509 | Speed: 47km/h | RPM: 2696"}
{"ts":"2026-04-06T08:28:02.613Z","level":"INFO","device":"868120100007","event":"GPS_SENT","detail":""}
{"ts":"2026-04-06T08:28:02.620Z","level":"INFO","device":"200000000007","event":"SERVER_ACK","detail":"0x8001 Universal Reply Received"}
{"ts":"2026-04-06T08:28:02.648Z","level":"INFO","device":"200000000005","event":"SERVER_ACK","detail":"0x8001 Universal Reply Received"}
{"ts":"2026-04-06T08:28:02.679Z","level":"INFO","device":"868120100006","event":"RX_MSG","detail":"0x8001 bodyLen=5"}
{"ts":"2026-04-06T08:28:02.679Z","level":"INFO","device":"868120100006","event":"SERVER_ACK","detail":"0x0200 result=OK"}
{"ts":"2026-04-06T08:28:02.712Z","level":"INFO","device":"200000000009","event":"HEARTBEAT_SENT","detail":"0x0002"}
{"ts":"2026-04-06T08:28:02.712Z","level":"INFO","device":"200000000009","event":"OBD2_SENT_0x0200","detail":"Lat: 51.737559, Lng: 0.478364 | Speed: 45km/h | RPM: 2591"}
{"ts":"2026-04-06T08:28:02.747Z","level":"INFO","device":"200000000006","event":"SERVER_ACK","detail":"0x8001 Universal Reply Received"}
{"ts":"2026-04-06T08:28:02.768Z","level":"INFO","device":"200000000008","event":"SERVER_ACK","detail":"0x8001 Universal Reply Received"}
{"ts":"2026-04-06T08:28:02.770Z","level":"INFO","device":"868120100008","event":"GPS_SENT","detail":""}
{"ts":"2026-04-06T08:28:02.818Z","level":"INFO","device":"868120100007","event":"RX_MSG","detail":"0x8001 bodyLen=5"}
{"ts":"2026-04-06T08:28:02.818Z","level":"INFO","device":"868120100007","event":"SERVER_ACK","detail":"0x0200 result=OK"}
{"ts":"2026-04-06T08:28:02.858Z","level":"INFO","device":"200000000010","event":"HEARTBEAT_SENT","detail":"0x0002"}
{"ts":"2026-04-06T08:28:02.860Z","level":"INFO","device":"200000000010","event":"OBD2_SENT_0x0200","detail":"Lat: 51.737799, Lng: 0.476571 | Speed: 36km/h | RPM: 2257"}
{"ts":"2026-04-06T08:28:02.897Z","level":"INFO","device":"200000000009","event":"SERVER_ACK","detail":"0x8001 Universal Reply Received"}
{"ts":"2026-04-06T08:28:02.914Z","level":"INFO","device":"868120100009","event":"GPS_SENT","detail":""}
{"ts":"2026-04-06T08:28:02.959Z","level":"INFO","device":"200000000007","event":"SERVER_ACK","detail":"0x8001 Universal Reply Received"}
{"ts":"2026-04-06T08:28:02.981Z","level":"INFO","device":"868120100008","event":"RX_MSG","detail":"0x8001 bodyLen=5"}
{"ts":"2026-04-06T08:28:02.981Z","level":"INFO","device":"868120100008","event":"SERVER_ACK","detail":"0x0200 result=OK"}
{"ts":"2026-04-06T08:28:03.044Z","level":"INFO","device":"100000000010","event":"GPS_SENT","detail":""}
{"ts":"2026-04-06T08:28:03.045Z","level":"INFO","device":"200000000010","event":"SERVER_ACK","detail":"0x8001 Universal Reply Received"}
{"ts":"2026-04-06T08:28:03.115Z","level":"INFO","device":"200000000008","event":"SERVER_ACK","detail":"0x8001 Universal Reply Received"}
{"ts":"2026-04-06T08:28:03.119Z","level":"INFO","device":"868120100009","event":"RX_MSG","detail":"0x8001 bodyLen=5"}
{"ts":"2026-04-06T08:28:03.119Z","level":"INFO","device":"868120100009","event":"SERVER_ACK","detail":"0x0200 result=OK"}
{"ts":"2026-04-06T08:28:03.214Z","level":"INFO","device":"200000000009","event":"SERVER_ACK","detail":"0x8001 Universal Reply Received"}
{"ts":"2026-04-06T08:28:03.230Z","level":"INFO","device":"100000000010","event":"RX_MSG","detail":"0x8001 bodyLen=5"}
{"ts":"2026-04-06T08:28:03.231Z","level":"INFO","device":"100000000010","event":"SERVER_ACK","detail":"0x0200 result=OK"}
{"ts":"2026-04-06T08:28:03.371Z","level":"INFO","device":"200000000010","event":"SERVER_ACK","detail":"0x8001 Universal Reply Received"}
{"ts":"2026-04-06T08:28:16.525Z","level":"INFO","device":"291078985963","event":"OBD2_SENT_0x0200","detail":"Lat: 51.736065, Lng: 0.481191 | Speed: 50km/h | RPM: 2797"}
{"ts":"2026-04-06T08:28:16.658Z","level":"INFO","device":"200000000002","event":"OBD2_SENT_0x0200","detail":"Lat: 51.737545, Lng: 0.478419 | Speed: 32km/h | RPM: 2097"}
{"ts":"2026-04-06T08:28:16.731Z","level":"INFO","device":"291078985963","event":"SERVER_ACK","detail":"0x8001 Universal Reply Received"}
{"ts":"2026-04-06T08:28:16.809Z","level":"INFO","device":"200000000003","event":"OBD2_SENT_0x0200","detail":"Lat: 51.736982, Lng: 0.480024 | Speed: 43km/h | RPM: 2513"}
{"ts":"2026-04-06T08:28:16.865Z","level":"INFO","device":"200000000002","event":"SERVER_ACK","detail":"0x8001 Universal Reply Received"}
{"ts":"2026-04-06T08:28:16.959Z","level":"INFO","device":"200000000004","event":"OBD2_SENT_0x0200","detail":"Lat: 51.736542, Lng: 0.480611 | Speed: 40km/h | RPM: 2398"}
{"ts":"2026-04-06T08:28:17.006Z","level":"INFO","device":"200000000003","event":"SERVER_ACK","detail":"0x8001 Universal Reply Received"}
{"ts":"2026-04-06T08:28:17.110Z","level":"INFO","device":"200000000005","event":"OBD2_SENT_0x0200","detail":"Lat: 51.736712, Lng: 0.480384 | Speed: 45km/h | RPM: 2583"}
{"ts":"2026-04-06T08:28:17.155Z","level":"INFO","device":"200000000004","event":"SERVER_ACK","detail":"0x8001 Universal Reply Received"}
{"ts":"2026-04-06T08:28:17.260Z","level":"INFO","device":"200000000006","event":"OBD2_SENT_0x0200","detail":"Lat: 51.736529, Lng: 0.480628 | Speed: 49km/h | RPM: 2777"}
{"ts":"2026-04-06T08:28:17.321Z","level":"INFO","device":"200000000005","event":"SERVER_ACK","detail":"0x8001 Universal Reply Received"}
{"ts":"2026-04-06T08:28:17.410Z","level":"INFO","device":"200000000007","event":"OBD2_SENT_0x0200","detail":"Lat: 51.737784, Lng: 0.476791 | Speed: 28km/h | RPM: 1920"}
{"ts":"2026-04-06T08:28:17.445Z","level":"INFO","device":"200000000006","event":"SERVER_ACK","detail":"0x8001 Universal Reply Received"}
{"ts":"2026-04-06T08:28:17.560Z","level":"INFO","device":"200000000008","event":"OBD2_SENT_0x0200","detail":"Lat: 51.736603, Lng: 0.480529 | Speed: 44km/h | RPM: 2571"}
{"ts":"2026-04-06T08:28:17.623Z","level":"INFO","device":"200000000007","event":"SERVER_ACK","detail":"0x8001 Universal Reply Received"}
{"ts":"2026-04-06T08:28:17.713Z","level":"INFO","device":"200000000009","event":"OBD2_SENT_0x0200","detail":"Lat: 51.736644, Lng: 0.480474 | Speed: 45km/h | RPM: 2616"}
{"ts":"2026-04-06T08:28:17.772Z","level":"INFO","device":"200000000008","event":"SERVER_ACK","detail":"0x8001 Universal Reply Received"}
{"ts":"2026-04-06T08:28:17.860Z","level":"INFO","device":"200000000010","event":"OBD2_SENT_0x0200","detail":"Lat: 51.737532, Lng: 0.478472 | Speed: 31km/h | RPM: 2060"}
{"ts":"2026-04-06T08:28:17.900Z","level":"INFO","device":"200000000009","event":"SERVER_ACK","detail":"0x8001 Universal Reply Received"}
{"ts":"2026-04-06T08:28:18.047Z","level":"INFO","device":"200000000010","event":"SERVER_ACK","detail":"0x8001 Universal Reply Received"}
{"ts":"2026-04-06T08:28:21.727Z","level":"INFO","device":"291078985963","event":"GPS_SENT","detail":""}
{"ts":"2026-04-06T08:28:21.848Z","level":"INFO","device":"868120100002","event":"GPS_SENT","detail":""}
{"ts":"2026-04-06T08:28:21.942Z","level":"INFO","device":"291078985963","event":"RX_MSG","detail":"0x8001 bodyLen=5"}
{"ts":"2026-04-06T08:28:21.942Z","level":"INFO","device":"291078985963","event":"SERVER_ACK","detail":"0x0200 result=OK"}
{"ts":"2026-04-06T08:28:22.005Z","level":"INFO","device":"868120100003","event":"GPS_SENT","detail":""}
{"ts":"2026-04-06T08:28:22.035Z","level":"INFO","device":"868120100002","event":"RX_MSG","detail":"0x8001 bodyLen=5"}
{"ts":"2026-04-06T08:28:22.035Z","level":"INFO","device":"868120100002","event":"SERVER_ACK","detail":"0x0200 result=OK"}
{"ts":"2026-04-06T08:28:22.170Z","level":"INFO","device":"868120100004","event":"GPS_SENT","detail":""}
{"ts":"2026-04-06T08:28:22.201Z","level":"INFO","device":"868120100003","event":"RX_MSG","detail":"0x8001 bodyLen=5"}
{"ts":"2026-04-06T08:28:22.202Z","level":"INFO","device":"868120100003","event":"SERVER_ACK","detail":"0x0200 result=OK"}
{"ts":"2026-04-06T08:28:22.319Z","level":"INFO","device":"868120100005","event":"GPS_SENT","detail":""}
{"ts":"2026-04-06T08:28:22.379Z","level":"INFO","device":"868120100004","event":"RX_MSG","detail":"0x8001 bodyLen=5"}
{"ts":"2026-04-06T08:28:22.380Z","level":"INFO","device":"868120100004","event":"SERVER_ACK","detail":"0x0200 result=OK"}
{"ts":"2026-04-06T08:28:22.468Z","level":"INFO","device":"868120100006","event":"GPS_SENT","detail":""}
{"ts":"2026-04-06T08:28:22.529Z","level":"INFO","device":"868120100005","event":"RX_MSG","detail":"0x8001 bodyLen=5"}
{"ts":"2026-04-06T08:28:22.529Z","level":"INFO","device":"868120100005","event":"SERVER_ACK","detail":"0x0200 result=OK"}
{"ts":"2026-04-06T08:28:22.614Z","level":"INFO","device":"868120100007","event":"GPS_SENT","detail":""}
{"ts":"2026-04-06T08:28:22.679Z","level":"INFO","device":"868120100006","event":"RX_MSG","detail":"0x8001 bodyLen=5"}
{"ts":"2026-04-06T08:28:22.679Z","level":"INFO","device":"868120100006","event":"SERVER_ACK","detail":"0x0200 result=OK"}
{"ts":"2026-04-06T08:28:22.770Z","level":"INFO","device":"868120100008","event":"GPS_SENT","detail":""}
{"ts":"2026-04-06T08:28:22.822Z","level":"INFO","device":"868120100007","event":"RX_MSG","detail":"0x8001 bodyLen=5"}
{"ts":"2026-04-06T08:28:22.822Z","level":"INFO","device":"868120100007","event":"SERVER_ACK","detail":"0x0200 result=OK"}
{"ts":"2026-04-06T08:28:22.915Z","level":"INFO","device":"868120100009","event":"GPS_SENT","detail":""}
{"ts":"2026-04-06T08:28:22.980Z","level":"INFO","device":"868120100008","event":"RX_MSG","detail":"0x8001 bodyLen=5"}
{"ts":"2026-04-06T08:28:22.981Z","level":"INFO","device":"868120100008","event":"SERVER_ACK","detail":"0x0200 result=OK"}
{"ts":"2026-04-06T08:28:23.044Z","level":"INFO","device":"100000000010","event":"GPS_SENT","detail":""}
{"ts":"2026-04-06T08:28:23.119Z","level":"INFO","device":"868120100009","event":"RX_MSG","detail":"0x8001 bodyLen=5"}
{"ts":"2026-04-06T08:28:23.120Z","level":"INFO","device":"868120100009","event":"SERVER_ACK","detail":"0x0200 result=OK"}
{"ts":"2026-04-06T08:28:23.231Z","level":"INFO","device":"100000000010","event":"RX_MSG","detail":"0x8001 bodyLen=5"}
{"ts":"2026-04-06T08:28:23.231Z","level":"INFO","device":"100000000010","event":"SERVER_ACK","detail":"0x0200 result=OK"}
{"ts":"2026-04-06T08:28:31.522Z","level":"INFO","device":"291078985963","event":"HEARTBEAT_SENT","detail":"0x0002"}
{"ts":"2026-04-06T08:28:31.525Z","level":"INFO","device":"291078985963","event":"OBD2_SENT_0x0200","detail":"Lat: 51.734640, Lng: 0.482853 | Speed: 47km/h | RPM: 2677"}
{"ts":"2026-04-06T08:28:31.658Z","level":"INFO","device":"200000000002","event":"HEARTBEAT_SENT","detail":"0x0002"}
{"ts":"2026-04-06T08:28:31.659Z","level":"INFO","device":"200000000002","event":"OBD2_SENT_0x0200","detail":"Lat: 51.737036, Lng: 0.479909 | Speed: 30km/h | RPM: 1992"}
{"ts":"2026-04-06T08:28:31.726Z","level":"INFO","device":"291078985963","event":"SERVER_ACK","detail":"0x8001 Universal Reply Received"}
{"ts":"2026-04-06T08:28:31.807Z","level":"INFO","device":"200000000003","event":"HEARTBEAT_SENT","detail":"0x0002"}
{"ts":"2026-04-06T08:28:31.809Z","level":"INFO","device":"200000000003","event":"OBD2_SENT_0x0200","detail":"Lat: 51.735731, Lng: 0.481580 | Speed: 43km/h | RPM: 2532"}
{"ts":"2026-04-06T08:28:31.862Z","level":"INFO","device":"200000000002","event":"SERVER_ACK","detail":"0x8001 Universal Reply Received"}
{"ts":"2026-04-06T08:28:31.959Z","level":"INFO","device":"200000000004","event":"HEARTBEAT_SENT","detail":"0x0002"}
{"ts":"2026-04-06T08:28:31.960Z","level":"INFO","device":"200000000004","event":"OBD2_SENT_0x0200","detail":"Lat: 51.735509, Lng: 0.481840 | Speed: 36km/h | RPM: 2230"}
{"ts":"2026-04-06T08:28:32.005Z","level":"INFO","device":"200000000003","event":"SERVER_ACK","detail":"0x8001 Universal Reply Received"}
{"ts":"2026-04-06T08:28:32.031Z","level":"INFO","device":"291078985963","event":"SERVER_ACK","detail":"0x8001 Universal Reply Received"}
{"ts":"2026-04-06T08:28:32.109Z","level":"INFO","device":"200000000005","event":"HEARTBEAT_SENT","detail":"0x0002"}
{"ts":"2026-04-06T08:28:32.109Z","level":"INFO","device":"200000000005","event":"OBD2_SENT_0x0200","detail":"Lat: 51.735534, Lng: 0.481810 | Speed: 41km/h | RPM: 2431"}
{"ts":"2026-04-06T08:28:32.153Z","level":"INFO","device":"200000000004","event":"SERVER_ACK","detail":"0x8001 Universal Reply Received"}
{"ts":"2026-04-06T08:28:32.189Z","level":"INFO","device":"200000000002","event":"SERVER_ACK","detail":"0x8001 Universal Reply Received"}
{"ts":"2026-04-06T08:28:32.258Z","level":"INFO","device":"200000000006","event":"HEARTBEAT_SENT","detail":"0x0002"}
{"ts":"2026-04-06T08:28:32.259Z","level":"INFO","device":"200000000006","event":"OBD2_SENT_0x0200","detail":"Lat: 51.735230, Lng: 0.482165 | Speed: 45km/h | RPM: 2598"}
{"ts":"2026-04-06T08:28:32.305Z","level":"INFO","device":"200000000003","event":"SERVER_ACK","detail":"0x8001 Universal Reply Received"}
{"ts":"2026-04-06T08:28:32.319Z","level":"INFO","device":"200000000005","event":"SERVER_ACK","detail":"0x8001 Universal Reply Received"}
{"ts":"2026-04-06T08:28:32.408Z","level":"INFO","device":"200000000007","event":"HEARTBEAT_SENT","detail":"0x0002"}
{"ts":"2026-04-06T08:28:32.410Z","level":"INFO","device":"200000000007","event":"OBD2_SENT_0x0200","detail":"Lat: 51.737525, Lng: 0.478499 | Speed: 28km/h | RPM: 1939"}
{"ts":"2026-04-06T08:28:32.442Z","level":"INFO","device":"200000000006","event":"SERVER_ACK","detail":"0x8001 Universal Reply Received"}
{"ts":"2026-04-06T08:28:32.458Z","level":"INFO","device":"200000000004","event":"SERVER_ACK","detail":"0x8001 Universal Reply Received"}
{"ts":"2026-04-06T08:28:32.558Z","level":"INFO","device":"200000000008","event":"HEARTBEAT_SENT","detail":"0x0002"}
{"ts":"2026-04-06T08:28:32.560Z","level":"INFO","device":"200000000008","event":"OBD2_SENT_0x0200","detail":"Lat: 51.735289, Lng: 0.482096 | Speed: 45km/h | RPM: 2619"}
{"ts":"2026-04-06T08:28:32.618Z","level":"INFO","device":"200000000007","event":"SERVER_ACK","detail":"0x8001 Universal Reply Received"}
{"ts":"2026-04-06T08:28:32.660Z","level":"INFO","device":"200000000005","event":"SERVER_ACK","detail":"0x8001 Universal Reply Received"}
{"ts":"2026-04-06T08:28:32.712Z","level":"INFO","device":"200000000009","event":"HEARTBEAT_SENT","detail":"0x0002"}
{"ts":"2026-04-06T08:28:32.714Z","level":"INFO","device":"200000000009","event":"OBD2_SENT_0x0200","detail":"Lat: 51.735381, Lng: 0.481989 | Speed: 44km/h | RPM: 2549"}
{"ts":"2026-04-06T08:28:32.759Z","level":"INFO","device":"200000000006","event":"SERVER_ACK","detail":"0x8001 Universal Reply Received"}
{"ts":"2026-04-06T08:28:32.769Z","level":"INFO","device":"200000000008","event":"SERVER_ACK","detail":"0x8001 Universal Reply Received"}
{"ts":"2026-04-06T08:28:32.859Z","level":"INFO","device":"200000000010","event":"HEARTBEAT_SENT","detail":"0x0002"}
{"ts":"2026-04-06T08:28:32.859Z","level":"INFO","device":"200000000010","event":"OBD2_SENT_0x0200","detail":"Lat: 51.737074, Lng: 0.479814 | Speed: 27km/h | RPM: 1873"}
{"ts":"2026-04-06T08:28:32.898Z","level":"INFO","device":"200000000009","event":"SERVER_ACK","detail":"0x8001 Universal Reply Received"}
{"ts":"2026-04-06T08:28:32.972Z","level":"INFO","device":"200000000007","event":"SERVER_ACK","detail":"0x8001 Universal Reply Received"}
{"ts":"2026-04-06T08:28:33.047Z","level":"INFO","device":"200000000010","event":"SERVER_ACK","detail":"0x8001 Universal Reply Received"}
{"ts":"2026-04-06T08:28:33.127Z","level":"INFO","device":"200000000008","event":"SERVER_ACK","detail":"0x8001 Universal Reply Received"}
{"ts":"2026-04-06T08:28:33.226Z","level":"INFO","device":"200000000009","event":"SERVER_ACK","detail":"0x8001 Universal Reply Received"}
{"ts":"2026-04-06T08:28:33.384Z","level":"INFO","device":"200000000010","event":"SERVER_ACK","detail":"0x8001 Universal Reply Received"}
{"ts":"2026-04-06T08:28:41.727Z","level":"INFO","device":"291078985963","event":"GPS_SENT","detail":""}
{"ts":"2026-04-06T08:28:41.848Z","level":"INFO","device":"868120100002","event":"GPS_SENT","detail":""}
{"ts":"2026-04-06T08:28:41.942Z","level":"INFO","device":"291078985963","event":"RX_MSG","detail":"0x8001 bodyLen=5"}
{"ts":"2026-04-06T08:28:41.942Z","level":"INFO","device":"291078985963","event":"SERVER_ACK","detail":"0x0200 result=OK"}
{"ts":"2026-04-06T08:28:42.006Z","level":"INFO","device":"868120100003","event":"GPS_SENT","detail":""}
{"ts":"2026-04-06T08:28:42.035Z","level":"INFO","device":"868120100002","event":"RX_MSG","detail":"0x8001 bodyLen=5"}
{"ts":"2026-04-06T08:28:42.035Z","level":"INFO","device":"868120100002","event":"SERVER_ACK","detail":"0x0200 result=OK"}
{"ts":"2026-04-06T08:28:42.171Z","level":"INFO","device":"868120100004","event":"GPS_SENT","detail":""}
{"ts":"2026-04-06T08:28:42.202Z","level":"INFO","device":"868120100003","event":"RX_MSG","detail":"0x8001 bodyLen=5"}
{"ts":"2026-04-06T08:28:42.203Z","level":"INFO","device":"868120100003","event":"SERVER_ACK","detail":"0x0200 result=OK"}
{"ts":"2026-04-06T08:28:42.320Z","level":"INFO","device":"868120100005","event":"GPS_SENT","detail":""}
{"ts":"2026-04-06T08:28:42.381Z","level":"INFO","device":"868120100004","event":"RX_MSG","detail":"0x8001 bodyLen=5"}
{"ts":"2026-04-06T08:28:42.381Z","level":"INFO","device":"868120100004","event":"SERVER_ACK","detail":"0x0200 result=OK"}
{"ts":"2026-04-06T08:28:42.469Z","level":"INFO","device":"868120100006","event":"GPS_SENT","detail":""}
{"ts":"2026-04-06T08:28:42.530Z","level":"INFO","device":"868120100005","event":"RX_MSG","detail":"0x8001 bodyLen=5"}
{"ts":"2026-04-06T08:28:42.530Z","level":"INFO","device":"868120100005","event":"SERVER_ACK","detail":"0x0200 result=OK"}
{"ts":"2026-04-06T08:28:42.614Z","level":"INFO","device":"868120100007","event":"GPS_SENT","detail":""}
{"ts":"2026-04-06T08:28:42.678Z","level":"INFO","device":"868120100006","event":"RX_MSG","detail":"0x8001 bodyLen=5"}
{"ts":"2026-04-06T08:28:42.679Z","level":"INFO","device":"868120100006","event":"SERVER_ACK","detail":"0x0200 result=OK"}
{"ts":"2026-04-06T08:28:42.770Z","level":"INFO","device":"868120100008","event":"GPS_SENT","detail":""}
{"ts":"2026-04-06T08:28:42.832Z","level":"INFO","device":"868120100007","event":"RX_MSG","detail":"0x8001 bodyLen=5"}
{"ts":"2026-04-06T08:28:42.832Z","level":"INFO","device":"868120100007","event":"SERVER_ACK","detail":"0x0200 result=OK"}
{"ts":"2026-04-06T08:28:42.915Z","level":"INFO","device":"868120100009","event":"GPS_SENT","detail":""}
{"ts":"2026-04-06T08:28:42.981Z","level":"INFO","device":"868120100008","event":"RX_MSG","detail":"0x8001 bodyLen=5"}
{"ts":"2026-04-06T08:28:42.981Z","level":"INFO","device":"868120100008","event":"SERVER_ACK","detail":"0x0200 result=OK"}
{"ts":"2026-04-06T08:28:43.044Z","level":"INFO","device":"100000000010","event":"GPS_SENT","detail":""}
{"ts":"2026-04-06T08:28:43.119Z","level":"INFO","device":"868120100009","event":"RX_MSG","detail":"0x8001 bodyLen=5"}
{"ts":"2026-04-06T08:28:43.120Z","level":"INFO","device":"868120100009","event":"SERVER_ACK","detail":"0x0200 result=OK"}
{"ts":"2026-04-06T08:28:43.231Z","level":"INFO","device":"100000000010","event":"RX_MSG","detail":"0x8001 bodyLen=5"}
{"ts":"2026-04-06T08:28:43.231Z","level":"INFO","device":"100000000010","event":"SERVER_ACK","detail":"0x0200 result=OK"}
{"ts":"2026-04-06T08:28:43.942Z","level":"ERROR","device":"300000000010","event":"SOCKET_ERROR","detail":"ECONNREFUSED"}
{"ts":"2026-04-06T08:28:46.526Z","level":"INFO","device":"291078985963","event":"OBD2_SENT_0x0200","detail":"Lat: 51.733642, Lng: 0.484794 | Speed: 45km/h | RPM: 2586"}
{"ts":"2026-04-06T08:28:46.660Z","level":"INFO","device":"200000000002","event":"OBD2_SENT_0x0200","detail":"Lat: 51.736144, Lng: 0.481099 | Speed: 30km/h | RPM: 1994"}
{"ts":"2026-04-06T08:28:46.731Z","level":"INFO","device":"291078985963","event":"SERVER_ACK","detail":"0x8001 Universal Reply Received"}
{"ts":"2026-04-06T08:28:46.809Z","level":"INFO","device":"200000000003","event":"OBD2_SENT_0x0200","detail":"Lat: 51.734396, Lng: 0.483227 | Speed: 45km/h | RPM: 2613"}
{"ts":"2026-04-06T08:28:46.872Z","level":"INFO","device":"200000000002","event":"SERVER_ACK","detail":"0x8001 Universal Reply Received"}
{"ts":"2026-04-06T08:28:46.960Z","level":"INFO","device":"200000000004","event":"OBD2_SENT_0x0200","detail":"Lat: 51.734563, Lng: 0.482959 | Speed: 31km/h | RPM: 2055"}
{"ts":"2026-04-06T08:28:47.008Z","level":"INFO","device":"200000000003","event":"SERVER_ACK","detail":"0x8001 Universal Reply Received"}
{"ts":"2026-04-06T08:28:47.110Z","level":"INFO","device":"200000000005","event":"OBD2_SENT_0x0200","detail":"Lat: 51.734409, Lng: 0.483205 | Speed: 38km/h | RPM: 2331"}
{"ts":"2026-04-06T08:28:47.155Z","level":"INFO","device":"200000000004","event":"SERVER_ACK","detail":"0x8001 Universal Reply Received"}
{"ts":"2026-04-06T08:28:47.260Z","level":"INFO","device":"200000000006","event":"OBD2_SENT_0x0200","detail":"Lat: 51.734054, Lng: 0.483804 | Speed: 43km/h | RPM: 2511"}
{"ts":"2026-04-06T08:28:47.320Z","level":"INFO","device":"200000000005","event":"SERVER_ACK","detail":"0x8001 Universal Reply Received"}
{"ts":"2026-04-06T08:28:47.410Z","level":"INFO","device":"200000000007","event":"OBD2_SENT_0x0200","detail":"Lat: 51.737081, Lng: 0.479796 | Speed: 26km/h | RPM: 1839"}
{"ts":"2026-04-06T08:28:47.446Z","level":"INFO","device":"200000000006","event":"SERVER_ACK","detail":"0x8001 Universal Reply Received"}
{"ts":"2026-04-06T08:28:47.560Z","level":"INFO","device":"200000000008","event":"OBD2_SENT_0x0200","detail":"Lat: 51.734014, Lng: 0.483893 | Speed: 47km/h | RPM: 2667"}
{"ts":"2026-04-06T08:28:47.623Z","level":"INFO","device":"200000000007","event":"SERVER_ACK","detail":"0x8001 Universal Reply Received"}
{"ts":"2026-04-06T08:28:47.713Z","level":"INFO","device":"200000000009","event":"OBD2_SENT_0x0200","detail":"Lat: 51.734234, Lng: 0.483486 | Speed: 40km/h | RPM: 2407"}
{"ts":"2026-04-06T08:28:47.772Z","level":"INFO","device":"200000000008","event":"SERVER_ACK","detail":"0x8001 Universal Reply Received"}
{"ts":"2026-04-06T08:28:47.859Z","level":"INFO","device":"200000000010","event":"OBD2_SENT_0x0200","detail":"Lat: 51.736412, Lng: 0.480784 | Speed: 23km/h | RPM: 1717"}
{"ts":"2026-04-06T08:28:47.904Z","level":"INFO","device":"200000000009","event":"SERVER_ACK","detail":"0x8001 Universal Reply Received"}
{"ts":"2026-04-06T08:28:48.047Z","level":"INFO","device":"200000000010","event":"SERVER_ACK","detail":"0x8001 Universal Reply Received"}
{"ts":"2026-04-06T08:28:54.675Z","level":"ERROR","device":"300000000002","event":"SOCKET_ERROR","detail":"ECONNREFUSED"}
{"ts":"2026-04-06T08:29:01.522Z","level":"INFO","device":"291078985963","event":"HEARTBEAT_SENT","detail":"0x0002"}
{"ts":"2026-04-06T08:29:01.527Z","level":"INFO","device":"291078985963","event":"OBD2_SENT_0x0200","detail":"Lat: 51.733086, Lng: 0.487057 | Speed: 40km/h | RPM: 2407"}
{"ts":"2026-04-06T08:29:01.658Z","level":"INFO","device":"200000000002","event":"HEARTBEAT_SENT","detail":"0x0002"}
{"ts":"2026-04-06T08:29:01.660Z","level":"INFO","device":"200000000002","event":"OBD2_SENT_0x0200","detail":"Lat: 51.735202, Lng: 0.482197 | Speed: 31km/h | RPM: 2040"}
{"ts":"2026-04-06T08:29:01.725Z","level":"INFO","device":"291078985963","event":"SERVER_ACK","detail":"0x8001 Universal Reply Received"}
{"ts":"2026-04-06T08:29:01.726Z","level":"INFO","device":"291078985963","event":"GPS_SENT","detail":""}
{"ts":"2026-04-06T08:29:01.807Z","level":"INFO","device":"200000000003","event":"HEARTBEAT_SENT","detail":"0x0002"}
{"ts":"2026-04-06T08:29:01.810Z","level":"INFO","device":"200000000003","event":"OBD2_SENT_0x0200","detail":"Lat: 51.733485, Lng: 0.485316 | Speed: 43km/h | RPM: 2534"}
{"ts":"2026-04-06T08:29:01.848Z","level":"INFO","device":"868120100002","event":"GPS_SENT","detail":""}
{"ts":"2026-04-06T08:29:01.862Z","level":"INFO","device":"200000000002","event":"SERVER_ACK","detail":"0x8001 Universal Reply Received"}
{"ts":"2026-04-06T08:29:01.939Z","level":"INFO","device":"291078985963","event":"RX_MSG","detail":"0x8001 bodyLen=5"}
{"ts":"2026-04-06T08:29:01.939Z","level":"INFO","device":"291078985963","event":"SERVER_ACK","detail":"0x0200 result=OK"}
{"ts":"2026-04-06T08:29:01.958Z","level":"INFO","device":"200000000004","event":"HEARTBEAT_SENT","detail":"0x0002"}
{"ts":"2026-04-06T08:29:01.960Z","level":"INFO","device":"200000000004","event":"OBD2_SENT_0x0200","detail":"Lat: 51.733861, Lng: 0.484238 | Speed: 29km/h | RPM: 1945"}
{"ts":"2026-04-06T08:29:02.004Z","level":"INFO","device":"200000000003","event":"SERVER_ACK","detail":"0x8001 Universal Reply Received"}
{"ts":"2026-04-06T08:29:02.006Z","level":"INFO","device":"868120100003","event":"GPS_SENT","detail":""}
{"ts":"2026-04-06T08:29:02.035Z","level":"INFO","device":"868120100002","event":"RX_MSG","detail":"0x8001 bodyLen=5"}
{"ts":"2026-04-06T08:29:02.035Z","level":"INFO","device":"868120100002","event":"SERVER_ACK","detail":"0x0200 result=OK"}
{"ts":"2026-04-06T08:29:02.040Z","level":"INFO","device":"291078985963","event":"SERVER_ACK","detail":"0x8001 Universal Reply Received"}
{"ts":"2026-04-06T08:29:02.109Z","level":"INFO","device":"200000000005","event":"HEARTBEAT_SENT","detail":"0x0002"}
{"ts":"2026-04-06T08:29:02.111Z","level":"INFO","device":"200000000005","event":"OBD2_SENT_0x0200","detail":"Lat: 51.733644, Lng: 0.484788 | Speed: 34km/h | RPM: 2158"}
{"ts":"2026-04-06T08:29:02.154Z","level":"INFO","device":"200000000004","event":"SERVER_ACK","detail":"0x8001 Universal Reply Received"}
{"ts":"2026-04-06T08:29:02.170Z","level":"INFO","device":"868120100004","event":"GPS_SENT","detail":""}
{"ts":"2026-04-06T08:29:02.198Z","level":"INFO","device":"200000000002","event":"SERVER_ACK","detail":"0x8001 Universal Reply Received"}
{"ts":"2026-04-06T08:29:02.217Z","level":"INFO","device":"868120100003","event":"RX_MSG","detail":"0x8001 bodyLen=5"}
{"ts":"2026-04-06T08:29:02.217Z","level":"INFO","device":"868120100003","event":"SERVER_ACK","detail":"0x0200 result=OK"}
{"ts":"2026-04-06T08:29:02.257Z","level":"INFO","device":"200000000006","event":"HEARTBEAT_SENT","detail":"0x0002"}
{"ts":"2026-04-06T08:29:02.260Z","level":"INFO","device":"200000000006","event":"OBD2_SENT_0x0200","detail":"Lat: 51.733259, Lng: 0.486305 | Speed: 47km/h | RPM: 2697"}
{"ts":"2026-04-06T08:29:02.314Z","level":"INFO","device":"200000000003","event":"SERVER_ACK","detail":"0x8001 Universal Reply Received"}
{"ts":"2026-04-06T08:29:02.319Z","level":"INFO","device":"200000000005","event":"SERVER_ACK","detail":"0x8001 Universal Reply Received"}
{"ts":"2026-04-06T08:29:02.320Z","level":"INFO","device":"868120100005","event":"INCIDENT_SENT","detail":"mediaId=1 alarmId=86812010000500260406082902010200"}
{"ts":"2026-04-06T08:29:02.321Z","level":"INFO","device":"868120100005","event":"GPS_SENT","detail":""}
{"ts":"2026-04-06T08:29:02.380Z","level":"INFO","device":"868120100004","event":"RX_MSG","detail":"0x8001 bodyLen=5"}
{"ts":"2026-04-06T08:29:02.381Z","level":"INFO","device":"868120100004","event":"SERVER_ACK","detail":"0x0200 result=OK"}
{"ts":"2026-04-06T08:29:02.408Z","level":"INFO","device":"200000000007","event":"HEARTBEAT_SENT","detail":"0x0002"}
{"ts":"2026-04-06T08:29:02.411Z","level":"INFO","device":"200000000007","event":"OBD2_SENT_0x0200","detail":"Lat: 51.736468, Lng: 0.480709 | Speed: 21km/h | RPM: 1658"}
{"ts":"2026-04-06T08:29:02.442Z","level":"INFO","device":"200000000006","event":"SERVER_ACK","detail":"0x8001 Universal Reply Received"}
{"ts":"2026-04-06T08:29:02.467Z","level":"INFO","device":"868120100006","event":"INCIDENT_SENT","detail":"mediaId=1 alarmId=86812010000600260406082902010200"}
{"ts":"2026-04-06T08:29:02.468Z","level":"INFO","device":"200000000004","event":"SERVER_ACK","detail":"0x8001 Universal Reply Received"}
{"ts":"2026-04-06T08:29:02.468Z","level":"INFO","device":"868120100006","event":"GPS_SENT","detail":""}
{"ts":"2026-04-06T08:29:02.532Z","level":"INFO","device":"868120100005","event":"RX_MSG","detail":"0x8001 bodyLen=5"}
{"ts":"2026-04-06T08:29:02.532Z","level":"INFO","device":"868120100005","event":"SERVER_ACK","detail":"0x0200 result=OK"}
{"ts":"2026-04-06T08:29:02.558Z","level":"INFO","device":"200000000008","event":"HEARTBEAT_SENT","detail":"0x0002"}
{"ts":"2026-04-06T08:29:02.560Z","level":"INFO","device":"200000000008","event":"OBD2_SENT_0x0200","detail":"Lat: 51.733207, Lng: 0.486564 | Speed: 50km/h | RPM: 2813"}
{"ts":"2026-04-06T08:29:02.614Z","level":"INFO","device":"868120100007","event":"GPS_SENT","detail":""}
{"ts":"2026-04-06T08:29:02.621Z","level":"INFO","device":"200000000007","event":"SERVER_ACK","detail":"0x8001 Universal Reply Received"}
{"ts":"2026-04-06T08:29:02.639Z","level":"INFO","device":"200000000005","event":"SERVER_ACK","detail":"0x8001 Universal Reply Received"}
{"ts":"2026-04-06T08:29:02.678Z","level":"INFO","device":"868120100006","event":"RX_MSG","detail":"0x8001 bodyLen=5"}
{"ts":"2026-04-06T08:29:02.678Z","level":"INFO","device":"868120100006","event":"SERVER_ACK","detail":"0x0200 result=OK"}
{"ts":"2026-04-06T08:29:02.713Z","level":"INFO","device":"200000000009","event":"HEARTBEAT_SENT","detail":"0x0002"}
{"ts":"2026-04-06T08:29:02.713Z","level":"INFO","device":"200000000009","event":"OBD2_SENT_0x0200","detail":"Lat: 51.733451, Lng: 0.485429 | Speed: 39km/h | RPM: 2375"}
{"ts":"2026-04-06T08:29:02.738Z","level":"INFO","device":"200000000006","event":"SERVER_ACK","detail":"0x8001 Universal Reply Received"}
{"ts":"2026-04-06T08:29:02.769Z","level":"INFO","device":"200000000008","event":"SERVER_ACK","detail":"0x8001 Universal Reply Received"}
{"ts":"2026-04-06T08:29:02.770Z","level":"INFO","device":"868120100008","event":"GPS_SENT","detail":""}
{"ts":"2026-04-06T08:29:02.818Z","level":"INFO","device":"868120100007","event":"RX_MSG","detail":"0x8001 bodyLen=5"}
{"ts":"2026-04-06T08:29:02.818Z","level":"INFO","device":"868120100007","event":"SERVER_ACK","detail":"0x0200 result=OK"}
{"ts":"2026-04-06T08:29:02.856Z","level":"INFO","device":"868120100005","event":"RX_MSG","detail":"0x9208 bodyLen=81"}
{"ts":"2026-04-06T08:29:02.857Z","level":"INFO","device":"868120100005","event":"9208_RAW","detail":"0C35342E33372E3232352E36350D32000086812010000500260406082902010200383638313230313030303035303032363034303630383239303230313032303000000000000000000000000000000000"}
{"ts":"2026-04-06T08:29:02.857Z","level":"INFO","device":"868120100005","event":"UPLOAD_TRIGGERED","detail":"media: 54.37.225.65:3378 | alarmId: 86812010000500260406082902010200"}
{"ts":"2026-04-06T08:29:02.858Z","level":"INFO","device":"868120100005","event":"MEDIA_CONNECTING","detail":"54.37.225.65:3378 files=2"}
{"ts":"2026-04-06T08:29:02.858Z","level":"INFO","device":"868120100005","event":"RX_MSG","detail":"0x8001 bodyLen=5"}
{"ts":"2026-04-06T08:29:02.859Z","level":"INFO","device":"868120100005","event":"SERVER_ACK","detail":"0x0800 result=OK"}
{"ts":"2026-04-06T08:29:02.859Z","level":"INFO","device":"868120100005","event":"RX_MSG","detail":"0x8001 bodyLen=5"}
{"ts":"2026-04-06T08:29:02.859Z","level":"INFO","device":"868120100005","event":"SERVER_ACK","detail":"0x0200 result=OK"}
{"ts":"2026-04-06T08:29:02.859Z","level":"INFO","device":"200000000010","event":"HEARTBEAT_SENT","detail":"0x0002"}
{"ts":"2026-04-06T08:29:02.859Z","level":"INFO","device":"200000000010","event":"OBD2_SENT_0x0200","detail":"Lat: 51.735763, Lng: 0.481543 | Speed: 22km/h | RPM: 1698"}
{"ts":"2026-04-06T08:29:02.900Z","level":"INFO","device":"200000000009","event":"SERVER_ACK","detail":"0x8001 Universal Reply Received"}
{"ts":"2026-04-06T08:29:02.916Z","level":"INFO","device":"868120100009","event":"GPS_SENT","detail":""}
{"ts":"2026-04-06T08:29:02.951Z","level":"INFO","device":"200000000007","event":"SERVER_ACK","detail":"0x8001 Universal Reply Received"}
{"ts":"2026-04-06T08:29:02.981Z","level":"INFO","device":"868120100008","event":"RX_MSG","detail":"0x8001 bodyLen=5"}
{"ts":"2026-04-06T08:29:02.981Z","level":"INFO","device":"868120100008","event":"SERVER_ACK","detail":"0x0200 result=OK"}
{"ts":"2026-04-06T08:29:03.012Z","level":"INFO","device":"868120100006","event":"RX_MSG","detail":"0x8001 bodyLen=5"}
{"ts":"2026-04-06T08:29:03.012Z","level":"INFO","device":"868120100006","event":"SERVER_ACK","detail":"0x0800 result=OK"}
{"ts":"2026-04-06T08:29:03.012Z","level":"INFO","device":"868120100006","event":"RX_MSG","detail":"0x8001 bodyLen=5"}
{"ts":"2026-04-06T08:29:03.012Z","level":"INFO","device":"868120100006","event":"SERVER_ACK","detail":"0x0200 result=OK"}
{"ts":"2026-04-06T08:29:03.044Z","level":"INFO","device":"100000000010","event":"GPS_SENT","detail":""}
{"ts":"2026-04-06T08:29:03.048Z","level":"INFO","device":"200000000010","event":"SERVER_ACK","detail":"0x8001 Universal Reply Received"}
{"ts":"2026-04-06T08:29:03.070Z","level":"INFO","device":"868120100005","event":"MEDIA_CONNECTED","detail":"54.37.225.65:3378"}
{"ts":"2026-04-06T08:29:03.071Z","level":"INFO","device":"868120100005","event":"FILE_START","detail":"[1/2] 00_64_6401_00_86812010000500260406082902010200.jpg (215 bytes)"}
{"ts":"2026-04-06T08:29:03.071Z","level":"INFO","device":"868120100005","event":"SENT_1210","detail":"00_64_6401_00_86812010000500260406082902010200.jpg"}
{"ts":"2026-04-06T08:29:03.107Z","level":"INFO","device":"200000000008","event":"SERVER_ACK","detail":"0x8001 Universal Reply Received"}
{"ts":"2026-04-06T08:29:03.120Z","level":"INFO","device":"868120100009","event":"RX_MSG","detail":"0x8001 bodyLen=5"}
{"ts":"2026-04-06T08:29:03.121Z","level":"INFO","device":"868120100009","event":"SERVER_ACK","detail":"0x0200 result=OK"}
{"ts":"2026-04-06T08:29:03.205Z","level":"INFO","device":"200000000009","event":"SERVER_ACK","detail":"0x8001 Universal Reply Received"}
{"ts":"2026-04-06T08:29:03.230Z","level":"INFO","device":"100000000010","event":"RX_MSG","detail":"0x8001 bodyLen=5"}
{"ts":"2026-04-06T08:29:03.231Z","level":"INFO","device":"100000000010","event":"SERVER_ACK","detail":"0x0200 result=OK"}
{"ts":"2026-04-06T08:29:03.286Z","level":"INFO","device":"868120100005","event":"MEDIA_RX","detail":"7E 80 01 00 05 86 81 20 10 00 05 A6 7C 00 00 12 10 00 6E 7E"}
{"ts":"2026-04-06T08:29:03.362Z","level":"INFO","device":"200000000010","event":"SERVER_ACK","detail":"0x8001 Universal Reply Received"}
{"ts":"2026-04-06T08:29:03.378Z","level":"INFO","device":"868120100005","event":"SENT_1212","detail":"00_64_6401_00_86812010000500260406082902010200.jpg"}
{"ts":"2026-04-06T08:29:03.495Z","level":"INFO","device":"868120100005","event":"MEDIA_RX","detail":"7E 80 01 00 05 86 81 20 10 00 05 A3 02 00 01 12 11 00 15 7E"}
{"ts":"2026-04-06T08:29:03.679Z","level":"INFO","device":"868120100005","event":"FILE_START","detail":"[2/2] 02_64_6401_03_86812010000500260406082902010200.mp4 (1570024 bytes)"}
{"ts":"2026-04-06T08:29:03.679Z","level":"INFO","device":"868120100005","event":"SENT_1210","detail":"02_64_6401_03_86812010000500260406082902010200.mp4"}
{"ts":"2026-04-06T08:29:03.823Z","level":"INFO","device":"868120100005","event":"MEDIA_RX","detail":"7E 92 12 00 36 86 81 20 10 00 05 F7 A0 32 30 30 5F 36 34 5F 36 34 30 31 5F 30 30 5F 38 36 38 31 32 30 31 30 30 30 30 35 30 30 32 36 30 34 30 36 30 38 32 39 30 32 30 31 30 32 30 30 2E 6A 70 67 00 00 00 B6 7E"}
{"ts":"2026-04-06T08:29:04.042Z","level":"INFO","device":"868120100005","event":"MEDIA_RX","detail":"7E 80 01 00 05 86 81 20 10 00 05 F2 FB 00 03 12 10 00 BE 7E 7E 80 01 00 05 86 81 20 10 00 05 22 06 00 04 12 11 00 95 7E 7E 80 01 00 05 86 81 20 10 00 05 60 99 00 05 12 11 00 49 7E 7E 80 01 00 05 86 81 20 10 00 05 FE 8D 00 06 12 11 00 C0 7E 7E 80 01 00 05 86 81 20 10 00 05 D2 B0 00 07 12 11 00 D0 7E 7E 80 01 00 05 86 81 20 10 00 05 77 05 00 08 12 11 00 CF 7E 7E 80 01 00 05 86 81 20 10 00 05 4D 26 00 09 12 11 00 D7 7E 7E 80 01 00 05 86 81 20 10 00 05 06 9D 00 0A 12 11 00 24 7E 7E 80 01 00 05 86 81 20 10 00 05 88 4D 00 0B 12 11 00 7B 7E"}
{"ts":"2026-04-06T08:29:04.252Z","level":"INFO","device":"868120100005","event":"MEDIA_RX","detail":"7E 80 01 00 05 86 81 20 10 00 05 ED E2 00 0C 12 11 00 B6 7E 7E 80 01 00 05 86 81 20 10 00 05 A0 C0 00 0D 12 11 00 D8 7E 7E 80 01 00 05 86 81 20 10 00 05 45 DC 00 0E 12 11 00 22 7E 7E 80 01 00 05 86 81 20 10 00 05 12 20 00 0F 12 11 00 88 7E 7E 80 01 00 05 86 81 20 10 00 05 55 BE 00 10 12 11 00 4E 7E 7E 80 01 00 05 86 81 20 10 00 05 96 93 00 11 12 11 00 A1 7E 7E 80 01 00 05 86 81 20 10 00 05 5F 0D 00 12 12 11 00 F5 7E 7E 80 01 00 05 86 81 20 10 00 05 F0 40 00 13 12 11 00 16 7E 7E 80 01 00 05 86 81 20 10 00 05 99 D5 00 14 12 11 00 ED 7E 7E 80 01 00 05 86 81 20 10 00 05 45 17 00 15 12 11 00 F2 7E 7E 80 01 00 05 86 81 20 10 00 05 63 7B 00 16 12 11 00 BB 7E 7E 80 01 00 05 86 81 20 10 00 05 D0 95 00 17 12 11 00 E7 7E 7E 80 01 00 05 86 81 20 10 00 05 DD 7C 00 18 12 11 00 0C 7E 7E 80 01 00 05 86 81 20 10 00 05 EB A2 00 19 12 11 00 E5 7E 7E 80 01 00 05 86 81 20 10 00 05 14 6B 00 1A 12 11 00 D0 7E 7E 80 01 00 05 86 81 20 10 00 05 EA B8 00 1B 12 11 00 FC 7E 7E 80 01 00 05 86 81 20 10 00 05 A7 91 00 1C 12 11 00 9F 7E 7E 80 01 00 05 86 81 20 10 00 05 9E B8 00 1D 12 11 00 8E 7E 7E 80 01 00 05 86 81 20 10 00 05 15 8F 00 1E 12 11 00 31 7E 7E 80 01 00 05 86 81 20 10 00 05 D3 DB 00 1F 12 11 00 A2 7E 7E 80 01 00 05 86 81 20 10 00 05 9E 5E 00 20 12 11 00 55 7E 7E 80 01 00 05 86 81 20 10 00 05 BC 85 00 21 12 11 00 AD 7E 7E 80 01 00 05 86 81 20 10 00 05 05 66 00 22 12 11 00 F4 7E 7E 80 01 00 05 86 81 20 10 00 05 D4 D9 00 23 12 11 00 9B 7E 7E 80 01 00 05 86 81 20 10 00 05 A1 C2 00 24 12 11 00 F2 7E 7E 80 01 00 05 86 81 20 10 00 05 09 96 00 25 12 11 00 0F 7E 7E 80 01 00 05 86 81 20 10 00 05 50 B5 00 26 12 11 00 76 7E 7E 80 01 00 05 86 81 20 10 00 05 A6 35 00 27 12 11 00 01 7E 7E 80 01 00 05 86 81 20 10 00 05 EE C5 00 28 12 11 00 B6 7E 7E 80 01 00 05 86 81 20 10 00 05 B8 A7 00 29 12 11 00 83 7E 7E 80 01 00 05 86 81 20 10 00 05 D1 6C 00 2A 12 11 00 22 7E 7E 80 01 00 05 86 81 20 10 00 05 F9 AE 00 2B 12 11 00 C9 7E 7E 80 01 00 05 86 81 20 10 00 05 50 FA 00 2C 12 11 00 33 7E 7E 80 01 00 05 86 81 20 10 00 05 F8 11 00 2D 12 11 00 71 7E 7E 80 01 00 05 86 81 20 10 00 05 14 F1 00 2E 12 11 00 7D 02 7E"}
{"ts":"2026-04-06T08:29:04.465Z","level":"INFO","device":"868120100005","event":"MEDIA_RX","detail":"7E 80 01 00 05 86 81 20 10 00 05 66 DA 00 2F 12 11 00 26 7E 7E 80 01 00 05 86 81 20 10 00 05 CB 65 00 30 12 11 00 2B 7E 7E 80 01 00 05 86 81 20 10 00 05 CC 69 00 31 12 11 00 21 7E 7E 80 01 00 05 86 81 20 10 00 05 44 EC 00 32 12 11 00 2F 7E 7E 80 01 00 05 86 81 20 10 00 05 0E 99 00 33 12 11 00 11 7E 7E 80 01 00 05 86 81 20 10 00 05 19 F5 00 34 12 11 00 6D 7E 7E 80 01 00 05 86 81 20 10 00 05 1F CA 00 35 12 11 00 55 7E 7E 80 01 00 05 86 81 20 10 00 05 B8 70 00 36 12 11 00 4B 7E 7E 80 01 00 05 86 81 20 10 00 05 F5 B5 00 37 12 11 00 C2 7E 7E 80 01 00 05 86 81 20 10 00 05 DC BF 00 38 12 11 00 EE 7E 7E 80 01 00 05 86 81 20 10 00 05 F0 29 00 39 12 11 00 55 7E 7E 80 01 00 05 86 81 20 10 00 05 A5 1A 00 3A 12 11 00 30 7E 7E 80 01 00 05 86 81 20 10 00 05 19 7D 01 00 3B 12 11 00 EA 7E 7E 80 01 00 05 86 81 20 10 00 05 3D 4F 00 3C 12 11 00 FB 7E 7E 80 01 00 05 86 81 20 10 00 05 83 9F 00 3D 12 11 00 94 7E 7E 80 01 00 05 86 81 20 10 00 05 6C 0F 00 3E 12 11 00 E8 7E 7E 80 01 00 05 86 81 20 10 00 05 A2 9D 00 3F 12 11 00 B5 7E 7E 80 01 00 05 86 81 20 10 00 05 EC 94 00 40 12 11 00 8D 7E 7E 80 01 00 05 86 81 20 10 00 05 18 92 00 41 12 11 00 7D 02 7E 7E 80 01 00 05 86 81 20 10 00 05 54 57 00 42 12 11 00 F4 7E 7E 80 01 00 05 86 81 20 10 00 05 DA AE 00 43 12 11 00 82 7E 7E 80 01 00 05 86 81 20 10 00 05 81 0C 00 44 12 11 00 7C 7E 7E 80 01 00 05 86 81 20 10 00 05 61 1C 00 45 12 11 00 8D 7E 7E 80 01 00 05 86 81 20 10 00 05 4F 8C 00 46 12 11 00 30 7E 7E 80 01 00 05 86 81 20 10 00 05 10 AC 00 47 12 11 00 4E 7E 7E 80 01 00 05 86 81 20 10 00 05 37 64 00 48 12 11 00 AE 7E 7E 80 01 00 05 86 81 20 10 00 05 90 9C 00 49 12 11 00 F0 7E 7E 80 01 00 05 86 81 20 10 00 05 45 57 00 4A 12 11 00 ED 7E 7E 80 01 00 05 86 81 20 10 00 05 82 C0 00 4B 12 11 00 BC 7E 7E 80 01 00 05 86 81 20 10 00 05 8C A8 00 4C 12 11 00 DD 7E 7E 80 01 00 05 86 81 20 10 00 05 4E E2 00 4D 12 11 00 54 7E 7E 80 01 00 05 86 81 20 10 00 05 FC C4 00 4E 12 11 00 C3 7E 7E 80 01 00 05 86 81 20 10 00 05 B9 C6 00 4F 12 11 00 85 7E 7E 80 01 00 05 86 81 20 10 00 05 38 CE 00 50 12 11 00 13 7E 7E 80 01 00 05 86 81 20 10 00 05 D0 A0 00 51 12 11 00 94 7E 7E 80 01 00 05 86 81 20 10 00 05 74 9E 00 52 12 11 00 0D 7E 7E 80 01 00 05 86 81 20 10 00 05 E5 4C 00 53 12 11 00 4F 7E 7E 80 01 00 05 86 81 20 10 00 05 20 7B 00 54 12 11 00 BA 7E"}
{"ts":"2026-04-06T08:29:04.676Z","level":"INFO","device":"868120100005","event":"MEDIA_RX","detail":"7E 80 01 00 05 86 81 20 10 00 05 74 8F 00 55 12 11 00 1B 7E 7E 80 01 00 05 86 81 20 10 00 05 06 D4 00 56 12 11 00 31 7E 7E 80 01 00 05 86 81 20 10 00 05 27 9E 00 57 12 11 00 5B 7E 7E 80 01 00 05 86 81 20 10 00 05 6D 3E 00 58 12 11 00 BE 7E 7E 80 01 00 05 86 81 20 10 00 05 B6 30 00 59 12 11 00 6A 7E 7E 80 01 00 05 86 81 20 10 00 05 F0 18 00 5A 12 11 00 07 7E 7E 80 01 00 05 86 81 20 10 00 05 45 4B 00 5B 12 11 00 E0 7E 7E 80 01 00 05 86 81 20 10 00 05 85 1A 00 5C 12 11 00 76 7E 7E 80 01 00 05 86 81 20 10 00 05 9C DA 00 5D 12 11 00 AE 7E 7E 80 01 00 05 86 81 20 10 00 05 2C 5C 00 5E 12 11 00 9B 7E 7E 80 01 00 05 86 81 20 10 00 05 13 93 00 5F 12 11 00 6A 7E 7E 80 01 00 05 86 81 20 10 00 05 7F 39 00 60 12 11 00 93 7E 7E 80 01 00 05 86 81 20 10 00 05 84 F3 00 61 12 11 00 A3 7E 7E 80 01 00 05 86 81 20 10 00 05 57 37 00 62 12 11 00 B7 7E 7E 80 01 00 05 86 81 20 10 00 05 B3 3D 00 63 12 11 00 58 7E 7E 80 01 00 05 86 81 20 10 00 05 E3 94 00 64 12 11 00 A6 7E 7E 80 01 00 05 86 81 20 10 00 05 F9 40 00 65 12 11 00 69 7E 7E 80 01 00 05 86 81 20 10 00 05 FD 3B 00 66 12 11 00 15 7E 7E 80 01 00 05 86 81 20 10 00 05 FF 62 00 67 12 11 00 4F 7E 7E 80 01 00 05 86 81 20 10 00 05 C0 04 00 68 12 11 00 19 7E 7E 80 01 00 05 86 81 20 10 00 05 E3 80 00 69 12 11 00 BF 7E 7E 80 01 00 05 86 81 20 10 00 05 7F E7 00 6A 12 11 00 47 7E 7E 80 01 00 05 86 81 20 10 00 05 6D 21 00 6B 12 11 00 92 7E 7E 80 01 00 05 86 81 20 10 00 05 C2 72 00 6C 12 11 00 69 7E 7E 80 01 00 05 86 81 20 10 00 05 FB 00 00 6D 12 11 00 23 7E 7E 80 01 00 05 86 81 20 10 00 05 A1 D6 00 6E 12 11 00 AC 7E 7E 80 01 00 05 86 81 20 10 00 05 C4 12 00 6F 12 11 00 0C 7E 7E 80 01 00 05 86 81 20 10 00 05 51 2C 00 70 12 11 00 B8 7E 7E 80 01 00 05 86 81 20 10 00 05 2B 62 00 71 12 11 00 8D 7E 7E 80 01 00 05 86 81 20 10 00 05 C2 7B 00 72 12 11 00 7D 02 7E 7E 80 01 00 05 86 81 20 10 00 05 30 94 00 73 12 11 00 62 7E 7E 80 01 00 05 86 81 20 10 00 05 71 14 00 74 12 11 00 A4 7E 7E 80 01 00 05 86 81 20 10 00 05 9E D2 00 75 12 11 00 8C 7E 7E 80 01 00 05 86 81 20 10 00 05 1D 94 00 76 12 11 00 4A 7E 7E 80 01 00 05 86 81 20 10 00 05 A5 D1 00 77 12 11 00 B6 7E 7E 80 01 00 05 86 81 20 10 00 05 C6 54 00 78 12 11 00 5F 7E 7E 80 01 00 05 86 81 20 10 00 05 7F 11 00 79 12 11 00 A2 7E 7E 80 01 00 05 86 81 20 10 00 05 F9 A4 00 7A 12 11 00 92 7E 7E 80 01 00 05 86 81 20 10 00 05 4A B6 00 7B 12 11 00 32 7E 7E 80 01 00 05 86 81 20 10 00 05 20 4F 00 7C 12 11 00 A6 7E 7E 80 01 00 05 86 81 20 10 00 05 44 E0 00 7D 01 12 11 00 6C 7E 7E 80 01 00 05 86 81 20 10 00 05 27 08 00 7D 02 12 11 00 E4 7E 7E 80 01 00 05 86 81 20 10 00 05 98 49 00 7F 12 11 00 1B 7E"}
{"ts":"2026-04-06T08:29:04.888Z","level":"INFO","device":"868120100005","event":"MEDIA_RX","detail":"7E 80 01 00 05 86 81 20 10 00 05 1F 0E 00 80 12 11 00 24 7E 7E 80 01 00 05 86 81 20 10 00 05 38 E9 00 81 12 11 00 E5 7E 7E 80 01 00 05 86 81 20 10 00 05 F7 19 00 82 12 11 00 D9 7E 7E 80 01 00 05 86 81 20 10 00 05 E6 1F 00 83 12 11 00 CF 7E 7E 80 01 00 05 86 81 20 10 00 05 F4 F8 00 84 12 11 00 3D 7E 7E 80 01 00 05 86 81 20 10 00 05 97 C5 00 85 12 11 00 62 7E 7E 80 01 00 05 86 81 20 10 00 05 F3 E9 00 86 12 11 00 29 7E 7E 80 01 00 05 86 81 20 10 00 05 9F 79 00 87 12 11 00 D4 7E 7E 80 01 00 05 86 81 20 10 00 05 D6 2C 00 88 12 11 00 C7 7E 7E 80 01 00 05 86 81 20 10 00 05 E8 1D 00 89 12 11 00 C9 7E 7E 80 01 00 05 86 81 20 10 00 05 CC D9 00 8A 12 11 00 2A 7E 7E 80 01 00 05 86 81 20 10 00 05 F3 20 00 8B 12 11 00 ED 7E 7E 80 01 00 05 86 81 20 10 00 05 FD 5A 00 8C 12 11 00 9E 7E 7E 80 01 00 05 86 81 20 10 00 05 BC 58 00 8D 12 11 00 DC 7E 7E 80 01 00 05 86 81 20 10 00 05 7C CE 00 8E 12 11 00 89 7E 7E 80 01 00 05 86 81 20 10 00 05 DE 08 00 8F 12 11 00 EC 7E 7E 80 01 00 05 86 81 20 10 00 05 F7 24 00 90 12 11 00 F6 7E 7E 80 01 00 05 86 81 20 10 00 05 37 19 00 91 12 11 00 0A 7E 7E 80 01 00 05 86 81 20 10 00 05 36 EC 00 92 12 11 00 FD 7E 7E 80 01 00 05 86 81 20 10 00 05 25 0B 00 93 12 11 00 08 7E 7E 80 01 00 05 86 81 20 10 00 05 2A 0C 00 94 12 11 00 07 7E 7E 80 01 00 05 86 81 20 10 00 05 7A 76 00 95 12 11 00 2C 7E 7E 80 01 00 05 86 81 20 10 00 05 9E 78 00 96 12 11 00 C5 7E 7E 80 01 00 05 86 81 20 10 00 05 F9 4C 00 97 12 11 00 97 7E 7E 80 01 00 05 86 81 20 10 00 05 48 9C 00 98 12 11 00 F9 7E 7E 80 01 00 05 86 81 20 10 00 05 67 3D 00 99 12 11 00 76 7E 7E 80 01 00 05 86 81 20 10 00 05 B1 1F 00 9A 12 11 00 81 7E 7E 80 01 00 05 86 81 20 10 00 05 4C 72 00 9B 12 11 00 10 7E 7E 80 01 00 05 86 81 20 10 00 05 40 A0 00 9C 12 11 00 C9 7E 7E 80 01 00 05 86 81 20 10 00 05 38 DB 00 9D 12 11 00 CB 7E 7E 80 01 00 05 86 81 20 10 00 05 54 C0 00 9E 12 11 00 BF 7E 7E 80 01 00 05 86 81 20 10 00 05 87 95 00 9F 12 11 00 38 7E 7E 80 01 00 05 86 81 20 10 00 05 58 C6 00 A0 12 11 00 8B 7E 7E 80 01 00 05 86 81 20 10 00 05 0F C3 00 A1 12 11 00 D8 7E 7E 80 01 00 05 86 81 20 10 00 05 4C 4D 00 A2 12 11 00 16 7E 7E 80 01 00 05 86 81 20 10 00 05 68 CC 00 A3 12 11 00 B2 7E 7E 80 01 00 05 86 81 20 10 00 05 65 14 00 A4 12 11 00 60 7E 7E 80 01 00 05 86 81 20 10 00 05 83 AB 00 A5 12 11 00 38 7E"}
{"ts":"2026-04-06T08:29:05.099Z","level":"INFO","device":"868120100005","event":"MEDIA_RX","detail":"7E 80 01 00 05 86 81 20 10 00 05 2D F5 00 A6 12 11 00 CB 7E 7E 80 01 00 05 86 81 20 10 00 05 FB AB 00 A7 12 11 00 42 7E 7E 80 01 00 05 86 81 20 10 00 05 FC B8 00 A8 12 11 00 59 7E 7E 80 01 00 05 86 81 20 10 00 05 45 AC 00 A9 12 11 00 F5 7E 7E 80 01 00 05 86 81 20 10 00 05 39 21 00 AA 12 11 00 07 7E 7E 80 01 00 05 86 81 20 10 00 05 12 60 00 AB 12 11 00 6C 7E 7E 80 01 00 05 86 81 20 10 00 05 98 32 00 AC 12 11 00 B3 7E 7E 80 01 00 05 86 81 20 10 00 05 A2 8B 00 AD 12 11 00 31 7E 7E 80 01 00 05 86 81 20 10 00 05 28 21 00 AE 12 11 00 12 7E 7E 80 01 00 05 86 81 20 10 00 05 D4 AB 00 AF 12 11 00 65 7E 7E 80 01 00 05 86 81 20 10 00 05 7F 53 00 B0 12 11 00 29 7E 7E 80 01 00 05 86 81 20 10 00 05 42 54 00 B1 12 11 00 12 7E 7E 80 01 00 05 86 81 20 10 00 05 F1 A4 00 B2 12 11 00 52 7E 7E 80 01 00 05 86 81 20 10 00 05 31 1F 00 B3 12 11 00 28 7E 7E 80 01 00 05 86 81 20 10 00 05 ED CD 00 B4 12 11 00 21 7E 7E 80 01 00 05 86 81 20 10 00 05 25 AA 00 B5 12 11 00 8F 7E 7E 80 01 00 05 86 81 20 10 00 05 AF A1 00 B6 12 11 00 0D 7E 7E 80 01 00 05 86 81 20 10 00 05 9F 80 00 B7 12 11 00 1D 7E 7E 80 01 00 05 86 81 20 10 00 05 60 56 00 B8 12 11 00 3B 7E 7E 80 01 00 05 86 81 20 10 00 05 E7 19 00 B9 12 11 00 F2 7E 7E 80 01 00 05 86 81 20 10 00 05 A7 6D 00 BA 12 11 00 C5 7E 7E 80 01 00 05 86 81 20 10 00 05 36 AD 00 BB 12 11 00 95 7E 7E 80 01 00 05 86 81 20 10 00 05 2E 2E 00 BC 12 11 00 09 7E 7E 80 01 00 05 86 81 20 10 00 05 D0 9C 00 BD 12 11 00 44 7E 7E 80 01 00 05 86 81 20 10 00 05 73 36 00 BE 12 11 00 4E 7E 7E 80 01 00 05 86 81 20 10 00 05 6A 33 00 BF 12 11 00 53 7E 7E 80 01 00 05 86 81 20 10 00 05 EA E8 00 C0 12 11 00 77 7E 7E 80 01 00 05 86 81 20 10 00 05 A9 02 00 C1 12 11 00 DF 7E 7E 80 01 00 05 86 81 20 10 00 05 96 76 00 C2 12 11 00 97 7E 7E 80 01 00 05 86 81 20 10 00 05 9F 81 00 C3 12 11 00 68 7E 7E 80 01 00 05 86 81 20 10 00 05 45 8D 00 C4 12 11 00 B9 7E 7E 80 01 00 05 86 81 20 10 00 05 7B BE 00 C5 12 11 00 B5 7E 7E 80 01 00 05 86 81 20 10 00 05 4F 0A 00 C6 12 11 00 36 7E 7E 80 01 00 05 86 81 20 10 00 05 0A 1C 00 C7 12 11 00 64 7E 7E 80 01 00 05 86 81 20 10 00 05 29 FB 00 C8 12 11 00 AF 7E 7E 80 01 00 05 86 81 20 10 00 05 A1 71 00 C9 12 11 00 AC 7E 7E 80 01 00 05 86 81 20 10 00 05 22 84 00 CA 12 11 00 D9 7E 7E 80 01 00 05 86 81 20 10 00 05 7B E7 00 CB 12 11 00 E2 7E 7E 80 01 00 05 86 81 20 10 00 05 31 86 00 CC 12 11 00 CE 7E 7E 80 01 00 05 86 81 20 10 00 05 B6 D8 00 CD 12 11 00 16 7E"}
{"ts":"2026-04-06T08:29:05.310Z","level":"INFO","device":"868120100005","event":"MEDIA_RX","detail":"7E 80 01 00 05 86 81 20 10 00 05 2B 89 00 CE 12 11 00 D9 7E 7E 80 01 00 05 86 81 20 10 00 05 CC 65 00 CF 12 11 00 D3 7E 7E 80 01 00 05 86 81 20 10 00 05 D9 BE 00 D0 12 11 00 02 7E 7E 80 01 00 05 86 81 20 10 00 05 AA 26 00 D1 12 11 00 E8 7E 7E 80 01 00 05 86 81 20 10 00 05 5A 86 00 D2 12 11 00 BB 7E 7E 80 01 00 05 86 81 20 10 00 05 6E 18 00 D3 12 11 00 10 7E 7E 80 01 00 05 86 81 20 10 00 05 AB 00 00 D4 12 11 00 CA 7E 7E 80 01 00 05 86 81 20 10 00 05 A9 E0 00 D5 12 11 00 29 7E 7E 80 01 00 05 86 81 20 10 00 05 4E 4C 00 D6 12 11 00 61 7E 7E 80 01 00 05 86 81 20 10 00 05 05 AC 00 D7 12 11 00 CB 7E 7E 80 01 00 05 86 81 20 10 00 05 55 B3 00 D8 12 11 00 8B 7E 7E 80 01 00 05 86 81 20 10 00 05 1B D4 00 D9 12 11 00 A3 7E 7E 80 01 00 05 86 81 20 10 00 05 AD CD 00 DA 12 11 00 0F 7E 7E 80 01 00 05 86 81 20 10 00 05 B2 13 00 DB 12 11 00 CF 7E 7E 80 01 00 05 86 81 20 10 00 05 2C 3F 00 DC 12 11 00 7A 7E 7E 80 01 00 05 86 81 20 10 00 05 7B 34 00 DD 12 11 00 27 7E 7E 80 01 00 05 86 81 20 10 00 05 1F C9 00 DE 12 11 00 BD 7E 7E 80 01 00 05 86 81 20 10 00 05 6A 08 00 DF 12 11 00 08 7E 7E 80 01 00 05 86 81 20 10 00 05 F0 DE 00 E0 12 11 00 7B 7E 7E 80 01 00 05 86 81 20 10 00 05 AF 74 00 E1 12 11 00 8F 7E 7E 80 01 00 05 86 81 20 10 00 05 63 5F 00 E2 12 11 00 6B 7E 7E 80 01 00 05 86 81 20 10 00 05 C5 58 00 E3 12 11 00 CB 7E 7E 80 01 00 05 86 81 20 10 00 05 9E 46 00 E4 12 11 00 89 7E 7E 80 01 00 05 86 81 20 10 00 05 EF 6F 00 E5 12 11 00 D0 7E 7E 80 01 00 05 86 81 20 10 00 05 5E 36 00 E6 12 11 00 3B 7E 7E 80 01 00 05 86 81 20 10 00 05 28 E3 00 E7 12 11 00 99 7E 7E 80 01 00 05 86 81 20 10 00 05 72 78 00 E8 12 11 00 57 7E 7E 80 01 00 05 86 81 20 10 00 05 13 1A 00 E9 12 11 00 55 7E 7E 80 01 00 05 86 81 20 10 00 05 D7 6A 00 EA 12 11 00 E2 7E 7E 80 01 00 05 86 81 20 10 00 05 17 B7 00 EB 12 11 00 FE 7E 7E 80 01 00 05 86 81 20 10 00 05 A1 D4 00 EC 12 11 00 2C 7E 7E 80 01 00 05 86 81 20 10 00 05 F0 70 00 ED 12 11 00 D8 7E 7E 80 01 00 05 86 81 20 10 00 05 E2 E1 00 EE 12 11 00 58 7E 7E 80 01 00 05 86 81 20 10 00 05 B2 7A 00 EF 12 11 00 92 7E 7E 80 01 00 05 86 81 20 10 00 05 F0 EE 00 F0 12 11 00 5B 7E 7E 80 01 00 05 86 81 20 10 00 05 D4 CB 00 F1 12 11 00 5B 7E 7E 80 01 00 05 86 81 20 10 00 05 C0 96 00 F2 12 11 00 11 7E 7E 80 01 00 05 86 81 20 10 00 05 D6 D9 00 F3 12 11 00 49 7E 7E 80 01 00 05 86 81 20 10 00 05 35 AB 00 F4 12 11 00 DF 7E"}
{"ts":"2026-04-06T08:29:05.521Z","level":"INFO","device":"868120100005","event":"MEDIA_RX","detail":"7E 80 01 00 05 86 81 20 10 00 05 96 34 00 F5 12 11 00 E2 7E 7E 80 01 00 05 86 81 20 10 00 05 C6 06 00 F6 12 11 00 83 7E 7E 80 01 00 05 86 81 20 10 00 05 15 21 00 F7 12 11 00 76 7E 7E 80 01 00 05 86 81 20 10 00 05 9A F5 00 F8 12 11 00 22 7E 7E 80 01 00 05 86 81 20 10 00 05 85 27 00 F9 12 11 00 EE 7E 7E 80 01 00 05 86 81 20 10 00 05 98 56 00 FA 12 11 00 81 7E 7E 80 01 00 05 86 81 20 10 00 05 65 9D 00 FB 12 11 00 B6 7E 7E 80 01 00 05 86 81 20 10 00 05 B1 3F 00 FC 12 11 00 C7 7E 7E 80 01 00 05 86 81 20 10 00 05 6E F7 00 FD 12 11 00 D1 7E 7E 80 01 00 05 86 81 20 10 00 05 E0 2D 00 FE 12 11 00 86 7E 7E 80 01 00 05 86 81 20 10 00 05 76 67 00 FF 12 11 00 5B 7E 7E 80 01 00 05 86 81 20 10 00 05 57 12 01 00 12 11 00 F1 7E 7E 80 01 00 05 86 81 20 10 00 05 D0 91 01 01 12 11 00 F4 7E 7E 80 01 00 05 86 81 20 10 00 05 F6 87 01 02 12 11 00 C7 7E 7E 80 01 00 05 86 81 20 10 00 05 2B 2D 01 03 12 11 00 B1 7E 7E 80 01 00 05 86 81 20 10 00 05 FD FB 01 04 12 11 00 B6 7E 7E 80 01 00 05 86 81 20 10 00 05 E2 E9 01 05 12 11 00 BA 7E 7E 80 01 00 05 86 81 20 10 00 05 D3 09 01 06 12 11 00 68 7E 7E 80 01 00 05 86 81 20 10 00 05 27 57 01 07 12 11 00 C3 7E 7E 80 01 00 05 86 81 20 10 00 05 2B 64 01 08 12 11 00 F3 7E 7E 80 01 00 05 86 81 20 10 00 05 34 6D 01 09 12 11 00 E4 7E 7E 80 01 00 05 86 81 20 10 00 05 1F D9 01 0A 12 11 00 78 7E 7E 80 01 00 05 86 81 20 10 00 05 0D 4A 01 0B 12 11 00 F8 7E 7E 80 01 00 05 86 81 20 10 00 05 B6 1A 01 0C 12 11 00 14 7E 7E 80 01 00 05 86 81 20 10 00 05 5A 99 01 0D 12 11 00 7A 7E 7E 80 01 00 05 86 81 20 10 00 05 CF AF 01 0E 12 11 00 DA 7E 7E 80 01 00 05 86 81 20 10 00 05 BE 9D 01 0F 12 11 00 98 7E 7E 80 01 00 05 86 81 20 10 00 05 82 9E 01 10 12 11 00 B8 7E 7E 80 01 00 05 86 81 20 10 00 05 24 E6 01 11 12 11 00 67 7E 7E 80 01 00 05 86 81 20 10 00 05 52 E5 01 12 12 11 00 11 7E 7E 80 01 00 05 86 81 20 10 00 05 A0 A6 01 13 12 11 00 A1 7E 7E 80 01 00 05 86 81 20 10 00 05 CF 90 01 14 12 11 00 FF 7E 7E 80 01 00 05 86 81 20 10 00 05 AA 90 01 15 12 11 00 9B 7E 7E 80 01 00 05 86 81 20 10 00 05 6F 71 01 16 12 11 00 BC 7E 7E 80 01 00 05 86 81 20 10 00 05 9E DF 01 17 12 11 00 E2 7E 7E 80 01 00 05 86 81 20 10 00 05 69 CB 01 18 12 11 00 0E 7E 7E 80 01 00 05 86 81 20 10 00 05 9A 2B 01 19 12 11 00 1C 7E 7E 80 01 00 05 86 81 20 10 00 05 EE 12 01 1A 12 11 00 52 7E 7E 80 01 00 05 86 81 20 10 00 05 9A 46 01 1B 12 11 00 73 7E"}
{"ts":"2026-04-06T08:29:05.732Z","level":"INFO","device":"868120100005","event":"MEDIA_RX","detail":"7E 80 01 00 05 86 81 20 10 00 05 50 96 01 1C 12 11 00 6E 7E 7E 80 01 00 05 86 81 20 10 00 05 1A F7 01 1D 12 11 00 44 7E 7E 80 01 00 05 86 81 20 10 00 05 27 E7 01 1E 12 11 00 6A 7E 7E 80 01 00 05 86 81 20 10 00 05 BC E7 01 1F 12 11 00 F0 7E 7E 80 01 00 05 86 81 20 10 00 05 29 C4 01 20 12 11 00 79 7E 7E 80 01 00 05 86 81 20 10 00 05 F9 2A 01 21 12 11 00 46 7E 7E 80 01 00 05 86 81 20 10 00 05 F8 F0 01 22 12 11 00 9E 7E 7E 80 01 00 05 86 81 20 10 00 05 0F EB 01 23 12 11 00 73 7E 7E 80 01 00 05 86 81 20 10 00 05 FD FC 01 24 12 11 00 91 7E 7E 80 01 00 05 86 81 20 10 00 05 33 28 01 25 12 11 00 8A 7E 7E 80 01 00 05 86 81 20 10 00 05 C0 D9 01 26 12 11 00 8B 7E 7E 80 01 00 05 86 81 20 10 00 05 C5 A9 01 27 12 11 00 FF 7E 7E 80 01 00 05 86 81 20 10 00 05 5A 42 01 28 12 11 00 84 7E 7E 80 01 00 05 86 81 20 10 00 05 C2 D6 01 29 12 11 00 89 7E 7E 80 01 00 05 86 81 20 10 00 05 20 8A 01 2A 12 11 00 34 7E 7E 80 01 00 05 86 81 20 10 00 05 43 D9 01 2B 12 11 00 05 7E 7E 80 01 00 05 86 81 20 10 00 05 08 03 01 2C 12 11 00 93 7E 7E 80 01 00 05 86 81 20 10 00 05 B8 72 01 2D 12 11 00 53 7E 7E 80 01 00 05 86 81 20 10 00 05 47 27 01 2E 12 11 00 FA 7E 7E 80 01 00 05 86 81 20 10 00 05 7C E6 01 2F 12 11 00 01 7E 7E 80 01 00 05 86 81 20 10 00 05 01 CA 01 30 12 11 00 4F 7E 7E 80 01 00 05 86 81 20 10 00 05 97 95 01 31 12 11 00 87 7E 7E 80 01 00 05 86 81 20 10 00 05 C2 A9 01 32 12 11 00 ED 7E 7E 80 01 00 05 86 81 20 10 00 05 35 CF 01 33 12 11 00 7D 01 7E 7E 80 01 00 05 86 81 20 10 00 05 BC 42 01 34 12 11 00 7D 02 7E 7E 80 01 00 05 86 81 20 10 00 05 01 46 01 35 12 11 00 C6 7E 7E 80 01 00 05 86 81 20 10 00 05 B5 65 01 36 12 11 00 52 7E 7E 80 01 00 05 86 81 20 10 00 05 E2 F2 01 37 12 11 00 93 7E 7E 80 01 00 05 86 81 20 10 00 05 C5 6F 01 38 12 11 00 26 7E 7E 80 01 00 05 86 81 20 10 00 05 4C 38 01 39 12 11 00 F9 7E 7E 80 01 00 05 86 81 20 10 00 05 5D 4B 01 3A 12 11 00 98 7E 7E 80 01 00 05 86 81 20 10 00 05 2D E1 01 3B 12 11 00 43 7E 7E 80 01 00 05 86 81 20 10 00 05 9C 4A 01 3C 12 11 00 5E 7E 7E 80 01 00 05 86 81 20 10 00 05 B2 5E 01 3D 12 11 00 65 7E 7E 80 01 00 05 86 81 20 10 00 05 A0 25 01 3E 12 11 00 0F 7E 7E 80 01 00 05 86 81 20 10 00 05 07 57 01 3F 12 11 00 DB 7E 7E 80 01 00 05 86 81 20 10 00 05 30 40 01 40 12 11 00 84 7E 7E 80 01 00 05 86 81 20 10 00 05 39 65 01 41 12 11 00 A9 7E 7E 80 01 00 05 86 81 20 10 00 05 CB F1 01 42 12 11 00 CC 7E"}
{"ts":"2026-04-06T08:29:05.944Z","level":"INFO","device":"868120100005","event":"MEDIA_RX","detail":"7E 80 01 00 05 86 81 20 10 00 05 0B 4A 01 43 12 11 00 B6 7E 7E 80 01 00 05 86 81 20 10 00 05 8B 14 01 44 12 11 00 6F 7E 7E 80 01 00 05 86 81 20 10 00 05 42 10 01 45 12 11 00 A3 7E 7E 80 01 00 05 86 81 20 10 00 05 5C 7C 01 46 12 11 00 D2 7E 7E 80 01 00 05 86 81 20 10 00 05 A9 FF 01 47 12 11 00 A5 7E 7E 80 01 00 05 86 81 20 10 00 05 94 82 01 48 12 11 00 EA 7E 7E 80 01 00 05 86 81 20 10 00 05 E5 5D 01 49 12 11 00 45 7E 7E 80 01 00 05 86 81 20 10 00 05 CE BA 01 4A 12 11 00 8A 7E 7E 80 01 00 05 86 81 20 10 00 05 C2 DC 01 4B 12 11 00 E1 7E 7E 80 01 00 05 86 81 20 10 00 05 13 73 01 4C 12 11 00 98 7E 7E 80 01 00 05 86 81 20 10 00 05 A1 DA 01 4D 12 11 00 82 7E 7E 80 01 00 05 86 81 20 10 00 05 80 A3 01 4E 12 11 00 D9 7E 7E 80 01 00 05 86 81 20 10 00 05 28 2F 01 4F 12 11 00 FC 7E 7E 80 01 00 05 86 81 20 10 00 05 25 99 01 50 12 11 00 58 7E 7E 80 01 00 05 86 81 20 10 00 05 54 62 01 51 12 11 00 D3 7E 7E 80 01 00 05 86 81 20 10 00 05 50 8A 01 52 12 11 00 3C 7E 7E 80 01 00 05 86 81 20 10 00 05 BF 70 01 53 12 11 00 28 7E 7E 80 01 00 05 86 81 20 10 00 05 F2 67 01 54 12 11 00 75 7E 7E 80 01 00 05 86 81 20 10 00 05 16 22 01 55 12 11 00 D5 7E 7E 80 01 00 05 86 81 20 10 00 05 1D E6 01 56 12 11 00 19 7E 7E 80 01 00 05 86 81 20 10 00 05 93 1D 01 57 12 11 00 6D 7E 7E 80 01 00 05 86 81 20 10 00 05 31 DF 01 58 12 11 00 02 7E 7E 80 01 00 05 86 81 20 10 00 05 F7 98 01 59 12 11 00 82 7E 7E 80 01 00 05 86 81 20 10 00 05 DD B5 01 5A 12 11 00 86 7E 7E 80 01 00 05 86 81 20 10 00 05 62 FA 01 5B 12 11 00 77 7E 7E 80 01 00 05 86 81 20 10 00 05 60 81 01 5C 12 11 00 09 7E 7E 80 01 00 05 86 81 20 10 00 05 7D 02 AD 01 5D 12 11 00 3A 7E 7E 80 01 00 05 86 81 20 10 00 05 E6 97 01 5E 12 11 00 9B 7E 7E 80 01 00 05 86 81 20 10 00 05 61 1D 01 5F 12 11 00 97 7E 7E 80 01 00 05 86 81 20 10 00 05 F4 70 01 60 12 11 00 50 7E 7E 80 01 00 05 86 81 20 10 00 05 DF 71 01 61 12 11 00 7B 7E 7E 80 01 00 05 86 81 20 10 00 05 CF 88 01 62 12 11 00 91 7E 7E 80 01 00 05 86 81 20 10 00 05 16 DA 01 63 12 11 00 1B 7E 7E 80 01 00 05 86 81 20 10 00 05 96 12 01 64 12 11 00 54 7E 7E 80 01 00 05 86 81 20 10 00 05 37 FE 01 65 12 11 00 18 7E 7E 80 01 00 05 86 81 20 10 00 05 D3 B7 01 66 12 11 00 B6 7E 7E 80 01 00 05 86 81 20 10 00 05 3B 04 01 67 12 11 00 EC 7E"}
{"ts":"2026-04-06T08:29:06.157Z","level":"INFO","device":"868120100005","event":"MEDIA_RX","detail":"7E 80 01 00 05 86 81 20 10 00 05 30 A6 01 68 12 11 00 4A 7E 7E 80 01 00 05 86 81 20 10 00 05 C7 B5 01 69 12 11 00 AF 7E 7E 80 01 00 05 86 81 20 10 00 05 60 48 01 6A 12 11 00 F6 7E 7E 80 01 00 05 86 81 20 10 00 05 E7 6C 01 6B 12 11 00 54 7E 7E 80 01 00 05 86 81 20 10 00 05 95 B3 01 6C 12 11 00 FE 7E 7E 80 01 00 05 86 81 20 10 00 05 5C 95 01 6D 12 11 00 10 7E 7E 80 01 00 05 86 81 20 10 00 05 A9 8F 01 6E 12 11 00 FC 7E 7E 80 01 00 05 86 81 20 10 00 05 4B 42 01 6F 12 11 00 D2 7E 7E 80 01 00 05 86 81 20 10 00 05 E3 36 01 70 12 11 00 11 7E 7E 80 01 00 05 86 81 20 10 00 05 95 67 01 71 12 11 00 37 7E 7E 80 01 00 05 86 81 20 10 00 05 DD 06 01 72 12 11 00 1D 7E 7E 80 01 00 05 86 81 20 10 00 05 67 6F 01 73 12 11 00 CF 7E 7E 80 01 00 05 86 81 20 10 00 05 B6 31 01 74 12 11 00 47 7E 7E 80 01 00 05 86 81 20 10 00 05 F8 01 01 75 12 11 00 38 7E 7E 80 01 00 05 86 81 20 10 00 05 8A 48 01 76 12 11 00 00 7E 7E 80 01 00 05 86 81 20 10 00 05 D9 32 01 77 12 11 00 28 7E 7E 80 01 00 05 86 81 20 10 00 05 0A EF 01 78 12 11 00 29 7E 7E 80 01 00 05 86 81 20 10 00 05 F9 C4 01 79 12 11 00 F0 7E 7E 80 01 00 05 86 81 20 10 00 05 22 64 01 7A 12 11 00 88 7E 7E 80 01 00 05 86 81 20 10 00 05 F7 BB 01 7B 12 11 00 83 7E 7E 80 01 00 05 86 81 20 10 00 05 AB 28 01 7C 12 11 00 4B 7E 7E 80 01 00 05 86 81 20 10 00 05 5D FA 01 7D 01 12 11 00 6E 7E 7E 80 01 00 05 86 81 20 10 00 05 AC 38 01 7D 02 12 11 00 5E 7E 7E 80 01 00 05 86 81 20 10 00 05 29 62 01 7F 12 11 00 80 7E 7E 80 01 00 05 86 81 20 10 00 05 16 9C 01 80 12 11 00 BE 7E 7E 80 01 00 05 86 81 20 10 00 05 16 C5 01 81 12 11 00 E6 7E 7E 80 01 00 05 86 81 20 10 00 05 4F 4D 01 82 12 11 00 34 7E 7E 80 01 00 05 86 81 20 10 00 05 D3 94 01 83 12 11 00 70 7E 7E 80 01 00 05 86 81 20 10 00 05 BB 29 01 84 12 11 00 A2 7E 7E 80 01 00 05 86 81 20 10 00 05 B5 0A 01 85 12 11 00 8E 7E 7E 80 01 00 05 86 81 20 10 00 05 C1 B2 01 86 12 11 00 41 7E 7E 80 01 00 05 86 81 20 10 00 05 E6 43 01 87 12 11 00 96 7E 7E 80 01 00 05 86 81 20 10 00 05 C8 81 01 88 12 11 00 75 7E 7E 80 01 00 05 86 81 20 10 00 05 CF 20 01 89 12 11 00 D2 7E 7E 80 01 00 05 86 81 20 10 00 05 82 15 01 8A 12 11 00 A9 7E 7E 80 01 00 05 86 81 20 10 00 05 69 0D 01 8B 12 11 00 5B 7E 7E 80 01 00 05 86 81 20 10 00 05 D3 59 01 8C 12 11 00 B2 7E 7E 80 01 00 05 86 81 20 10 00 05 1D A0 01 8D 12 11 00 84 7E 7E 80 01 00 05 86 81 20 10 00 05 C4 30 01 8E 12 11 00 CE 7E 7E 80 01 00 05 86 81 20 10 00 05 67 D1 01 8F 12 11 00 8D 7E 7E 80 01 00 05 86 81 20 10 00 05 0A 5A 01 90 12 11 00 74 7E"}
{"ts":"2026-04-06T08:29:06.366Z","level":"INFO","device":"868120100005","event":"MEDIA_RX","detail":"7E 80 01 00 05 86 81 20 10 00 05 96 2A 01 91 12 11 00 99 7E 7E 80 01 00 05 86 81 20 10 00 05 AC 8C 01 92 12 11 00 06 7E 7E 80 01 00 05 86 81 20 10 00 05 98 28 01 93 12 11 00 97 7E 7E 80 01 00 05 86 81 20 10 00 05 96 5A 01 94 12 11 00 EC 7E 7E 80 01 00 05 86 81 20 10 00 05 5F DA 01 95 12 11 00 A4 7E 7E 80 01 00 05 86 81 20 10 00 05 A0 9F 01 96 12 11 00 1D 7E 7E 80 01 00 05 86 81 20 10 00 05 FC DB 01 97 12 11 00 04 7E 7E 80 01 00 05 86 81 20 10 00 05 20 62 01 98 12 11 00 6E 7E 7E 80 01 00 05 86 81 20 10 00 05 AA C8 01 99 12 11 00 4F 7E 7E 80 01 00 05 86 81 20 10 00 05 F4 D7 01 9A 12 11 00 0D 7E 7E 80 01 00 05 86 81 20 10 00 05 3F 5D 01 9B 12 11 00 4D 7E 7E 80 01 00 05 86 81 20 10 00 05 A2 DC 01 9C 12 11 00 56 7E 7E 80 01 00 05 86 81 20 10 00 05 62 F6 01 9D 12 11 00 BD 7E 7E 80 01 00 05 86 81 20 10 00 05 6E CE 01 9E 12 11 00 8A 7E 7E 80 01 00 05 86 81 20 10 00 05 A9 B0 01 9F 12 11 00 32 7E 7E 80 01 00 05 86 81 20 10 00 05 6E 2C 01 A0 12 11 00 56 7E 7E 80 01 00 05 86 81 20 10 00 05 23 8F 01 A1 12 11 00 B9 7E 7E 80 01 00 05 86 81 20 10 00 05 3C 44 01 A2 12 11 00 6E 7E 7E 80 01 00 05 86 81 20 10 00 05 74 B5 01 A3 12 11 00 D6 7E 7E 80 01 00 05 86 81 20 10 00 05 47 9A 01 A4 12 11 00 CD 7E 7E 80 01 00 05 86 81 20 10 00 05 AC A6 01 A5 12 11 00 1B 7E 7E 80 01 00 05 86 81 20 10 00 05 8D 9B 01 A6 12 11 00 04 7E 7E 80 01 00 05 86 81 20 10 00 05 AA 3D 01 A7 12 11 00 84 7E 7E 80 01 00 05 86 81 20 10 00 05 9A BB 01 A8 12 11 00 3D 7E 7E 80 01 00 05 86 81 20 10 00 05 52 4B 01 A9 12 11 00 04 7E 7E 80 01 00 05 86 81 20 10 00 05 1B 33 01 AA 12 11 00 36 7E 7E 80 01 00 05 86 81 20 10 00 05 9C FB 01 AB 12 11 00 78 7E 7E 80 01 00 05 86 81 20 10 00 05 51 17 01 AC 12 11 00 5E 7E 7E 80 01 00 05 86 81 20 10 00 05 33 3C 01 AD 12 11 00 16 7E 7E 80 01 00 05 86 81 20 10 00 05 FE 0B 01 AE 12 11 00 EF 7E 7E 80 01 00 05 86 81 20 10 00 05 7F 56 01 AF 12 11 00 32 7E 7E 80 01 00 05 86 81 20 10 00 05 EE 02 01 B0 12 11 00 E8 7E 7E 80 01 00 05 86 81 20 10 00 05 A2 56 01 B1 12 11 00 F1 7E 7E 80 01 00 05 86 81 20 10 00 05 8E D9 01 B2 12 11 00 51 7E 7E 80 01 00 05 86 81 20 10 00 05 04 27 01 B3 12 11 00 24 7E 7E 80 01 00 05 86 81 20 10 00 05 B2 2A 01 B4 12 11 00 98 7E 7E 80 01 00 05 86 81 20 10 00 05 BE 7A 01 B5 12 11 00 C5 7E 7E 80 01 00 05 86 81 20 10 00 05 AD 52 01 B6 12 11 00 FD 7E"}
{"ts":"2026-04-06T08:29:06.578Z","level":"INFO","device":"868120100005","event":"MEDIA_RX","detail":"7E 80 01 00 05 86 81 20 10 00 05 91 00 01 B7 12 11 00 92 7E 7E 80 01 00 05 86 81 20 10 00 05 2F 0D 01 B8 12 11 00 2E 7E 7E 80 01 00 05 86 81 20 10 00 05 CC AB 01 B9 12 11 00 6A 7E 7E 80 01 00 05 86 81 20 10 00 05 44 B2 01 BA 12 11 00 F8 7E 7E 80 01 00 05 86 81 20 10 00 05 09 84 01 BB 12 11 00 82 7E 7E 80 01 00 05 86 81 20 10 00 05 C2 9C 01 BC 12 11 00 56 7E 7E 80 01 00 05 86 81 20 10 00 05 A3 85 01 BD 12 11 00 2F 7E 7E 80 01 00 05 86 81 20 10 00 05 D9 A8 01 BE 12 11 00 7B 7E 7E 80 01 00 05 86 81 20 10 00 05 D1 EA 01 BF 12 11 00 30 7E 7E 80 01 00 05 86 81 20 10 00 05 E9 42 01 C0 12 11 00 DF 7E 7E 80 01 00 05 86 81 20 10 00 05 FE 86 01 C1 12 11 00 0D 7E 7E 80 01 00 05 86 81 20 10 00 05 36 FA 01 C2 12 11 00 BA 7E 7E 80 01 00 05 86 81 20 10 00 05 74 05 01 C3 12 11 00 06 7E 7E 80 01 00 05 86 81 20 10 00 05 50 A0 01 C4 12 11 00 80 7E 7E 80 01 00 05 86 81 20 10 00 05 99 F6 01 C5 12 11 00 1E 7E 7E 80 01 00 05 86 81 20 10 00 05 A1 56 01 C6 12 11 00 85 7E 7E 80 01 00 05 86 81 20 10 00 05 E4 B8 01 C7 12 11 00 2F 7E 7E 80 01 00 05 86 81 20 10 00 05 58 EC 01 C8 12 11 00 C8 7E 7E 80 01 00 05 86 81 20 10 00 05 55 39 01 C9 12 11 00 11 7E 7E 80 01 00 05 86 81 20 10 00 05 9C 69 01 CA 12 11 00 8B 7E 7E 80 01 00 05 86 81 20 10 00 05 3D 15 01 CB 12 11 00 57 7E 7E 80 01 00 05 86 81 20 10 00 05 F8 82 01 CC 12 11 00 02 7E 7E 80 01 00 05 86 81 20 10 00 05 EF E6 01 CD 12 11 00 70 7E 7E 80 01 00 05 86 81 20 10 00 05 0E ED 01 CE 12 11 00 99 7E 7E 80 01 00 05 86 81 20 10 00 05 6A 22 01 CF 12 11 00 33 7E 7E 80 01 00 05 86 81 20 10 00 05 24 B4 01 D0 12 11 00 F4 7E 7E 80 01 00 05 86 81 20 10 00 05 A9 AE 01 D1 12 11 00 62 7E 7E 80 01 00 05 86 81 20 10 00 05 85 5D 01 D2 12 11 00 BE 7E 7E 80 01 00 05 86 81 20 10 00 05 A3 30 01 D3 12 11 00 F4 7E 7E 80 01 00 05 86 81 20 10 00 05 3A 9C 01 D4 12 11 00 C6 7E 7E 80 01 00 05 86 81 20 10 00 05 00 13 01 D5 12 11 00 72 7E 7E 80 01 00 05 86 81 20 10 00 05 CC 82 01 D6 12 11 00 2C 7E 7E 80 01 00 05 86 81 20 10 00 05 87 A9 01 D7 12 11 00 4D 7E 7E 80 01 00 05 86 81 20 10 00 05 8A 5E 01 D8 12 11 00 B8 7E 7E 80 01 00 05 86 81 20 10 00 05 BE 18 01 D9 12 11 00 CB 7E 7E 80 01 00 05 86 81 20 10 00 05 7B 4F 01 DA 12 11 00 5A 7E 7E 80 01 00 05 86 81 20 10 00 05 8D 78 01 DB 12 11 00 9A 7E"}
{"ts":"2026-04-06T08:29:06.789Z","level":"INFO","device":"868120100005","event":"MEDIA_RX","detail":"7E 80 01 00 05 86 81 20 10 00 05 EA 5D 01 DC 12 11 00 DF 7E 7E 80 01 00 05 86 81 20 10 00 05 9C 14 01 DD 12 11 00 E1 7E 7E 80 01 00 05 86 81 20 10 00 05 6E B4 01 DE 12 11 00 B0 7E 7E 80 01 00 05 86 81 20 10 00 05 2F F3 01 DF 12 11 00 B7 7E 7E 80 01 00 05 86 81 20 10 00 05 40 AF 01 E0 12 11 00 BB 7E 7E 80 01 00 05 86 81 20 10 00 05 E7 4E 01 E1 12 11 00 FC 7E 7E 80 01 00 05 86 81 20 10 00 05 63 2F 01 E2 12 11 00 1A 7E 7E 80 01 00 05 86 81 20 10 00 05 14 47 01 E3 12 11 00 04 7E 7E 80 01 00 05 86 81 20 10 00 05 81 0B 01 E4 12 11 00 DA 7E 7E 80 01 00 05 86 81 20 10 00 05 2D 0C 01 E5 12 11 00 70 7E 7E 80 01 00 05 86 81 20 10 00 05 CE 93 01 E6 12 11 00 0F 7E 7E 80 01 00 05 86 81 20 10 00 05 B9 9A 01 E7 12 11 00 70 7E 7E 80 01 00 05 86 81 20 10 00 05 50 8E 01 E8 12 11 00 82 7E 7E 80 01 00 05 86 81 20 10 00 05 DB F8 01 E9 12 11 00 7D 02 7E 7E 80 01 00 05 86 81 20 10 00 05 E6 62 01 EA 12 11 00 DA 7E 7E 80 01 00 05 86 81 20 10 00 05 27 EB 01 EB 12 11 00 93 7E 7E 80 01 00 05 86 81 20 10 00 05 BC 3C 01 EC 12 11 00 D8 7E 7E 80 01 00 05 86 81 20 10 00 05 74 A2 01 ED 12 11 00 8F 7E 7E 80 01 00 05 86 81 20 10 00 05 5E E8 01 EE 12 11 00 EC 7E 7E 80 01 00 05 86 81 20 10 00 05 11 13 01 EF 12 11 00 59 7E 7E 80 01 00 05 86 81 20 10 00 05 77 A1 01 F0 12 11 00 92 7E 7E 80 01 00 05 86 81 20 10 00 05 7A 35 01 F1 12 11 00 0A 7E 7E 80 01 00 05 86 81 20 10 00 05 92 A0 01 F2 12 11 00 74 7E 7E 80 01 00 05 86 81 20 10 00 05 0D 89 01 F3 12 11 00 C3 7E 7E 80 01 00 05 86 81 20 10 00 05 B1 AA 01 F4 12 11 00 5B 7E 7E 80 01 00 05 86 81 20 10 00 05 40 CA 01 F5 12 11 00 CB 7E 7E 80 01 00 05 86 81 20 10 00 05 77 8E 01 F6 12 11 00 BB 7E 7E 80 01 00 05 86 81 20 10 00 05 12 97 01 F7 12 11 00 C6 7E 7E 80 01 00 05 86 81 20 10 00 05 89 7A 01 F8 12 11 00 BF 7E 7E 80 01 00 05 86 81 20 10 00 05 07 5B 01 F9 12 11 00 11 7E 7E 80 01 00 05 86 81 20 10 00 05 3F 3A 01 FA 12 11 00 4B 7E 7E 80 01 00 05 86 81 20 10 00 05 41 D1 01 FB 12 11 00 DF 7E 7E 80 01 00 05 86 81 20 10 00 05 B3 F7 01 FC 12 11 00 0C 7E 7E 80 01 00 05 86 81 20 10 00 05 B3 EF 01 FD 12 11 00 15 7E 7E 80 01 00 05 86 81 20 10 00 05 01 56 01 FE 12 11 00 1D 7E 7E 80 01 00 05 86 81 20 10 00 05 C1 B1 01 FF 12 11 00 3B 7E 7E 80 01 00 05 86 81 20 10 00 05 C1 8D 02 00 12 11 00 FB 7E 7E 80 01 00 05 86 81 20 10 00 05 3E C8 02 01 12 11 00 40 7E 7E 80 01 00 05 86 81 20 10 00 05 63 13 02 02 12 11 00 C5 7E"}
{"ts":"2026-04-06T08:29:06.792Z","level":"ERROR","device":"300000000003","event":"SOCKET_ERROR","detail":"ECONNREFUSED"}
{"ts":"2026-04-06T08:29:06.999Z","level":"INFO","device":"868120100005","event":"MEDIA_RX","detail":"7E 80 01 00 05 86 81 20 10 00 05 15 F7 02 03 12 11 00 56 7E 7E 80 01 00 05 86 81 20 10 00 05 42 25 02 04 12 11 00 D4 7E 7E 80 01 00 05 86 81 20 10 00 05 2B C0 02 05 12 11 00 59 7E 7E 80 01 00 05 86 81 20 10 00 05 C9 12 02 06 12 11 00 6A 7E 7E 80 01 00 05 86 81 20 10 00 05 DD 25 02 07 12 11 00 48 7E 7E 80 01 00 05 86 81 20 10 00 05 9B 42 02 08 12 11 00 66 7E 7E 80 01 00 05 86 81 20 10 00 05 AF 34 02 09 12 11 00 25 7E 7E 80 01 00 05 86 81 20 10 00 05 7A B8 02 0A 12 11 00 7F 7E 7E 80 01 00 05 86 81 20 10 00 05 95 AE 02 0B 12 11 00 87 7E 7E 80 01 00 05 86 81 20 10 00 05 64 BC 02 0C 12 11 00 63 7E 7E 80 01 00 05 86 81 20 10 00 05 60 A6 02 0D 12 11 00 7C 7E 7E 80 01 00 05 86 81 20 10 00 05 A2 85 02 0E 12 11 00 9E 7E 7E 80 01 00 05 86 81 20 10 00 05 50 07 02 0F 12 11 00 EF 7E 7E 80 01 00 05 86 81 20 10 00 05 98 16 02 10 12 11 00 29 7E 7E 80 01 00 05 86 81 20 10 00 05 47 F0 02 11 12 11 00 11 7E 7E 80 01 00 05 86 81 20 10 00 05 CC BE 02 12 12 11 00 D7 7E 7E 80 01 00 05 86 81 20 10 00 05 67 CF 02 13 12 11 00 0C 7E 7E 80 01 00 05 86 81 20 10 00 05 08 1D 02 14 12 11 00 B6 7E 7E 80 01 00 05 86 81 20 10 00 05 05 AF 02 15 12 11 00 08 7E 7E 80 01 00 05 86 81 20 10 00 05 13 4B 02 16 12 11 00 F9 7E 7E 80 01 00 05 86 81 20 10 00 05 20 3F 02 17 12 11 00 BF 7E 7E 80 01 00 05 86 81 20 10 00 05 0B 26 02 18 12 11 00 82 7E 7E 80 01 00 05 86 81 20 10 00 05 80 39 02 19 12 11 00 17 7E 7E 80 01 00 05 86 81 20 10 00 05 1B 91 02 1A 12 11 00 27 7E 7E 80 01 00 05 86 81 20 10 00 05 AA AE 02 1B 12 11 00 A8 7E 7E 80 01 00 05 86 81 20 10 00 05 AA 3E 02 1C 12 11 00 3F 7E 7E 80 01 00 05 86 81 20 10 00 05 73 6F 02 1D 12 11 00 B6 7E 7E 80 01 00 05 86 81 20 10 00 05 CB 2F 02 1E 12 11 00 4D 7E 7E 80 01 00 05 86 81 20 10 00 05 16 89 02 1F 12 11 00 37 7E 7E 80 01 00 05 86 81 20 10 00 05 D7 6C 02 20 12 11 00 2C 7E 7E 80 01 00 05 86 81 20 10 00 05 48 22 02 21 12 11 00 FC 7E 7E 80 01 00 05 86 81 20 10 00 05 D4 48 02 22 12 11 00 09 7E 7E 80 01 00 05 86 81 20 10 00 05 A0 24 02 23 12 11 00 10 7E 7E 80 01 00 05 86 81 20 10 00 05 CD 17 02 24 12 11 00 49 7E 7E 80 01 00 05 86 81 20 10 00 05 18 41 02 25 12 11 00 CB 7E 7E 80 01 00 05 86 81 20 10 00 05 D0 48 02 26 12 11 00 09 7E"}
{"ts":"2026-04-06T08:29:07.212Z","level":"INFO","device":"868120100005","event":"MEDIA_RX","detail":"7E 80 01 00 05 86 81 20 10 00 05 E9 E1 02 27 12 11 00 98 7E 7E 80 01 00 05 86 81 20 10 00 05 19 16 02 28 12 11 00 90 7E 7E 80 01 00 05 86 81 20 10 00 05 ED EB 02 29 12 11 00 98 7E 7E 80 01 00 05 86 81 20 10 00 05 9A CC 02 2A 12 11 00 CB 7E 7E 80 01 00 05 86 81 20 10 00 05 E4 E1 02 2B 12 11 00 99 7E 7E 80 01 00 05 86 81 20 10 00 05 49 92 02 2C 12 11 00 40 7E 7E 80 01 00 05 86 81 20 10 00 05 57 DB 02 2D 12 11 00 16 7E 7E 80 01 00 05 86 81 20 10 00 05 72 D5 02 2E 12 11 00 3E 7E 7E 80 01 00 05 86 81 20 10 00 05 5B 96 02 2F 12 11 00 55 7E 7E 80 01 00 05 86 81 20 10 00 05 A3 D6 02 30 12 11 00 F2 7E 7E 80 01 00 05 86 81 20 10 00 05 9D C5 02 31 12 11 00 DE 7E 7E 80 01 00 05 86 81 20 10 00 05 59 43 02 32 12 11 00 9F 7E 7E 80 01 00 05 86 81 20 10 00 05 CE 59 02 33 12 11 00 13 7E 7E 80 01 00 05 86 81 20 10 00 05 98 2B 02 34 12 11 00 30 7E 7E 80 01 00 05 86 81 20 10 00 05 9E F0 02 35 12 11 00 EC 7E 7E 80 01 00 05 86 81 20 10 00 05 41 1F 02 36 12 11 00 DF 7E 7E 80 01 00 05 86 81 20 10 00 05 5C 1C 02 37 12 11 00 C0 7E 7E 80 01 00 05 86 81 20 10 00 05 FA 2E 02 38 12 11 00 5B 7E 7E 80 01 00 05 86 81 20 10 00 05 FE 96 02 39 12 11 00 E6 7E 7E 80 01 00 05 86 81 20 10 00 05 D5 3F 02 3A 12 11 00 67 7E 7E 80 01 00 05 86 81 20 10 00 05 55 CB 02 3B 12 11 00 12 7E 7E 80 01 00 05 86 81 20 10 00 05 5D 82 02 3C 12 11 00 54 7E 7E 80 01 00 05 86 81 20 10 00 05 5A CA 02 3D 12 11 00 1A 7E 7E 80 01 00 05 86 81 20 10 00 05 57 C4 02 3E 12 11 00 1A 7E 7E 80 01 00 05 86 81 20 10 00 05 A1 6D 02 3F 12 11 00 44 7E 7E 80 01 00 05 86 81 20 10 00 05 C7 56 02 40 12 11 00 66 7E 7E 80 01 00 05 86 81 20 10 00 05 56 2C 02 41 12 11 00 8C 7E 7E 80 01 00 05 86 81 20 10 00 05 FC 93 02 42 12 11 00 9A 7E 7E 80 01 00 05 86 81 20 10 00 05 D7 A1 02 43 12 11 00 82 7E 7E 80 01 00 05 86 81 20 10 00 05 AD ED 02 44 12 11 00 B3 7E 7E 80 01 00 05 86 81 20 10 00 05 AF EF 02 45 12 11 00 B2 7E 7E 80 01 00 05 86 81 20 10 00 05 55 B0 02 46 12 11 00 14 7E 7E 80 01 00 05 86 81 20 10 00 05 88 DE 02 47 12 11 00 A6 7E 7E 80 01 00 05 86 81 20 10 00 05 17 2B 02 48 12 11 00 C3 7E 7E 80 01 00 05 86 81 20 10 00 05 C8 D1 02 49 12 11 00 E7 7E 7E 80 01 00 05 86 81 20 10 00 05 52 AE 02 4A 12 11 00 01 7E 7E 80 01 00 05 86 81 20 10 00 05 2D 74 02 4B 12 11 00 A5 7E 7E 80 01 00 05 86 81 20 10 00 05 30 9A 02 4C 12 11 00 51 7E 7E 80 01 00 05 86 81 20 10 00 05 C0 6A 02 4D 12 11 00 50 7E"}
{"ts":"2026-04-06T08:29:07.424Z","level":"INFO","device":"868120100005","event":"MEDIA_RX","detail":"7E 80 01 00 05 86 81 20 10 00 05 E9 B7 02 4E 12 11 00 A7 7E 7E 80 01 00 05 86 81 20 10 00 05 4C 69 02 4F 12 11 00 DD 7E 7E 80 01 00 05 86 81 20 10 00 05 60 21 02 50 12 11 00 A6 7E 7E 80 01 00 05 86 81 20 10 00 05 D4 28 02 51 12 11 00 1A 7E 7E 80 01 00 05 86 81 20 10 00 05 99 43 02 52 12 11 00 3F 7E 7E 80 01 00 05 86 81 20 10 00 05 15 ED 02 53 12 11 00 1C 7E 7E 80 01 00 05 86 81 20 10 00 05 30 A1 02 54 12 11 00 72 7E 7E 80 01 00 05 86 81 20 10 00 05 64 52 02 55 12 11 00 D4 7E 7E 80 01 00 05 86 81 20 10 00 05 98 75 02 56 12 11 00 0C 7E 7E 80 01 00 05 86 81 20 10 00 05 61 A5 02 57 12 11 00 24 7E 7E 80 01 00 05 86 81 20 10 00 05 BC A7 02 58 12 11 00 F4 7E 7E 80 01 00 05 86 81 20 10 00 05 5B 58 02 59 12 11 00 ED 7E 7E 80 01 00 05 86 81 20 10 00 05 89 DC 02 5A 12 11 00 B8 7E 7E 80 01 00 05 86 81 20 10 00 05 35 F9 02 5B 12 11 00 20 7E 7E 80 01 00 05 86 81 20 10 00 05 53 F6 02 5C 12 11 00 4E 7E 7E 80 01 00 05 86 81 20 10 00 05 B3 FC 02 5D 12 11 00 A5 7E 7E 80 01 00 05 86 81 20 10 00 05 D8 9C 02 5E 12 11 00 AD 7E 7E 80 01 00 05 86 81 20 10 00 05 CF 02 02 5F 12 11 00 25 7E 7E 80 01 00 05 86 81 20 10 00 05 BA E8 02 60 12 11 00 85 7E 7E 80 01 00 05 86 81 20 10 00 05 24 3E 02 61 12 11 00 CC 7E 7E 80 01 00 05 86 81 20 10 00 05 E1 DC 02 62 12 11 00 E8 7E 7E 80 01 00 05 86 81 20 10 00 05 C0 E9 02 63 12 11 00 FD 7E 7E 80 01 00 05 86 81 20 10 00 05 B1 C7 02 64 12 11 00 A5 7E 7E 80 01 00 05 86 81 20 10 00 05 89 98 02 65 12 11 00 C3 7E 7E 80 01 00 05 86 81 20 10 00 05 F5 E3 02 66 12 11 00 C7 7E 7E 80 01 00 05 86 81 20 10 00 05 FB 89 02 67 12 11 00 A2 7E 7E 80 01 00 05 86 81 20 10 00 05 06 68 02 68 12 11 00 B1 7E 7E 80 01 00 05 86 81 20 10 00 05 B0 47 02 69 12 11 00 29 7E 7E 80 01 00 05 86 81 20 10 00 05 21 00 02 6A 12 11 00 FC 7E 7E 80 01 00 05 86 81 20 10 00 05 46 D0 02 6B 12 11 00 4A 7E 7E 80 01 00 05 86 81 20 10 00 05 AD 43 02 6C 12 11 00 35 7E 7E 80 01 00 05 86 81 20 10 00 05 7A 83 02 6D 12 11 00 23 7E 7E 80 01 00 05 86 81 20 10 00 05 A9 6F 02 6E 12 11 00 1F 7E 7E 80 01 00 05 86 81 20 10 00 05 D9 CA 02 6F 12 11 00 CB 7E 7E 80 01 00 05 86 81 20 10 00 05 84 45 02 70 12 11 00 06 7E 7E 80 01 00 05 86 81 20 10 00 05 8A 29 02 71 12 11 00 65 7E 7E 80 01 00 05 86 81 20 10 00 05 B6 3C 02 72 12 11 00 4F 7E"}
{"ts":"2026-04-06T08:29:07.635Z","level":"INFO","device":"868120100005","event":"MEDIA_RX","detail":"7E 80 01 00 05 86 81 20 10 00 05 1B 35 02 73 12 11 00 EA 7E 7E 80 01 00 05 86 81 20 10 00 05 12 D8 02 74 12 11 00 09 7E 7E 80 01 00 05 86 81 20 10 00 05 96 74 02 75 12 11 00 20 7E 7E 80 01 00 05 86 81 20 10 00 05 17 5E 02 76 12 11 00 88 7E 7E 80 01 00 05 86 81 20 10 00 05 08 C9 02 77 12 11 00 01 7E 7E 80 01 00 05 86 81 20 10 00 05 A5 BD 02 78 12 11 00 D7 7E 7E 80 01 00 05 86 81 20 10 00 05 58 FD 02 79 12 11 00 6B 7E 7E 80 01 00 05 86 81 20 10 00 05 1D 2B 02 7A 12 11 00 FB 7E 7E 80 01 00 05 86 81 20 10 00 05 D7 8D 02 7B 12 11 00 96 7E 7E 80 01 00 05 86 81 20 10 00 05 3F D5 02 7C 12 11 00 21 7E 7E 80 01 00 05 86 81 20 10 00 05 F1 29 02 7D 01 12 11 00 12 7E 7E 80 01 00 05 86 81 20 10 00 05 D5 83 02 7D 02 12 11 00 9F 7E 7E 80 01 00 05 86 81 20 10 00 05 A5 85 02 7F 12 11 00 E8 7E 7E 80 01 00 05 86 81 20 10 00 05 C9 9A 02 80 12 11 00 64 7E 7E 80 01 00 05 86 81 20 10 00 05 49 99 02 81 12 11 00 E6 7E 7E 80 01 00 05 86 81 20 10 00 05 31 48 02 82 12 11 00 4C 7E 7E 80 01 00 05 86 81 20 10 00 05 93 4D 02 83 12 11 00 EA 7E 7E 80 01 00 05 86 81 20 10 00 05 C7 EA 02 84 12 11 00 1E 7E 7E 80 01 00 05 86 81 20 10 00 05 E8 D6 02 85 12 11 00 0C 7E 7E 80 01 00 05 86 81 20 10 00 05 A1 85 02 86 12 11 00 15 7E 7E 80 01 00 05 86 81 20 10 00 05 45 48 02 87 12 11 00 3D 7E 7E 80 01 00 05 86 81 20 10 00 05 37 5A 02 88 12 11 00 52 7E 7E 80 01 00 05 86 81 20 10 00 05 C4 49 02 89 12 11 00 B3 7E 7E 80 01 00 05 86 81 20 10 00 05 41 A4 02 8A 12 11 00 D8 7E 7E 80 01 00 05 86 81 20 10 00 05 43 F8 02 8B 12 11 00 87 7E 7E 80 01 00 05 86 81 20 10 00 05 00 86 02 8C 12 11 00 BD 7E 7E 80 01 00 05 86 81 20 10 00 05 B3 CD 02 8D 12 11 00 44 7E 7E 80 01 00 05 86 81 20 10 00 05 D0 66 02 8E 12 11 00 8F 7E 7E 80 01 00 05 86 81 20 10 00 05 CF 71 02 8F 12 11 00 86 7E 7E 80 01 00 05 86 81 20 10 00 05 BB F2 02 90 12 11 00 6E 7E 7E 80 01 00 05 86 81 20 10 00 05 22 FB 02 91 12 11 00 FF 7E 7E 80 01 00 05 86 81 20 10 00 05 42 9B 02 92 12 11 00 FC 7E 7E 80 01 00 05 86 81 20 10 00 05 07 04 02 93 12 11 00 27 7E 7E 80 01 00 05 86 81 20 10 00 05 BE 3B 02 94 12 11 00 A6 7E 7E 80 01 00 05 86 81 20 10 00 05 FC 4B 02 95 12 11 00 95 7E 7E 80 01 00 05 86 81 20 10 00 05 E6 47 02 96 12 11 00 80 7E 7E 80 01 00 05 86 81 20 10 00 05 2E 9D 02 97 12 11 00 93 7E"}
{"ts":"2026-04-06T08:29:07.846Z","level":"INFO","device":"868120100005","event":"MEDIA_RX","detail":"7E 80 01 00 05 86 81 20 10 00 05 17 2F 02 98 12 11 00 17 7E 7E 80 01 00 05 86 81 20 10 00 05 DC FF 02 99 12 11 00 0D 7E 7E 80 01 00 05 86 81 20 10 00 05 E5 C1 02 9A 12 11 00 09 7E 7E 80 01 00 05 86 81 20 10 00 05 60 2E 02 9B 12 11 00 62 7E 7E 80 01 00 05 86 81 20 10 00 05 98 FC 02 9C 12 11 00 4F 7E 7E 80 01 00 05 86 81 20 10 00 05 41 5E 02 9D 12 11 00 35 7E 7E 80 01 00 05 86 81 20 10 00 05 93 E1 02 9E 12 11 00 5B 7E 7E 80 01 00 05 86 81 20 10 00 05 1C 62 02 9F 12 11 00 56 7E 7E 80 01 00 05 86 81 20 10 00 05 A5 5F 02 A0 12 11 00 ED 7E 7E 80 01 00 05 86 81 20 10 00 05 5F 8F 02 A1 12 11 00 C6 7E 7E 80 01 00 05 86 81 20 10 00 05 FF 01 02 A2 12 11 00 EB 7E 7E 80 01 00 05 86 81 20 10 00 05 1D DB 02 A3 12 11 00 D2 7E 7E 80 01 00 05 86 81 20 10 00 05 15 EB 02 A4 12 11 00 ED 7E 7E 80 01 00 05 86 81 20 10 00 05 FC 62 02 A5 12 11 00 8C 7E 7E 80 01 00 05 86 81 20 10 00 05 55 1E 02 A6 12 11 00 5A 7E 7E 80 01 00 05 86 81 20 10 00 05 F7 86 02 A7 12 11 00 61 7E 7E 80 01 00 05 86 81 20 10 00 05 6D DA 02 A8 12 11 00 A8 7E 7E 80 01 00 05 86 81 20 10 00 05 04 D1 02 A9 12 11 00 CB 7E 7E 80 01 00 05 86 81 20 10 00 05 2E 3E 02 AA 12 11 00 0D 7E 7E 80 01 00 05 86 81 20 10 00 05 42 A3 02 AB 12 11 00 FD 7E 7E 80 01 00 05 86 81 20 10 00 05 0E 9B 02 AC 12 11 00 8E 7E 7E 80 01 00 05 86 81 20 10 00 05 C1 E9 02 AD 12 11 00 32 7E 7E 80 01 00 05 86 81 20 10 00 05 F2 EC 02 AE 12 11 00 07 7E 7E 80 01 00 05 86 81 20 10 00 05 75 3B 02 AF 12 11 00 56 7E 7E 80 01 00 05 86 81 20 10 00 05 BA 52 02 B0 12 11 00 EF 7E 7E 80 01 00 05 86 81 20 10 00 05 C0 5D 02 B1 12 11 00 9B 7E 7E 80 01 00 05 86 81 20 10 00 05 F6 FD 02 B2 12 11 00 0E 7E 7E 80 01 00 05 86 81 20 10 00 05 EB 99 02 B3 12 11 00 76 7E 7E 80 01 00 05 86 81 20 10 00 05 93 23 02 B4 12 11 00 B3 7E 7E 80 01 00 05 86 81 20 10 00 05 29 CA 02 B5 12 11 00 E1 7E 7E 80 01 00 05 86 81 20 10 00 05 C5 F0 02 B6 12 11 00 34 7E 7E 80 01 00 05 86 81 20 10 00 05 49 8E 02 B7 12 11 00 C7 7E 7E 80 01 00 05 86 81 20 10 00 05 35 7F 02 B8 12 11 00 45 7E 7E 80 01 00 05 86 81 20 10 00 05 78 85 02 B9 12 11 00 F3 7E 7E 80 01 00 05 86 81 20 10 00 05 99 A0 02 BA 12 11 00 34 7E 7E 80 01 00 05 86 81 20 10 00 05 C3 8C 02 BB 12 11 00 43 7E"}
{"ts":"2026-04-06T08:29:08.058Z","level":"INFO","device":"868120100005","event":"MEDIA_RX","detail":"7E 80 01 00 05 86 81 20 10 00 05 F1 FA 02 BC 12 11 00 00 7E 7E 80 01 00 05 86 81 20 10 00 05 7A 74 02 BD 12 11 00 04 7E 7E 80 01 00 05 86 81 20 10 00 05 FB 54 02 BE 12 11 00 A6 7E 7E 80 01 00 05 86 81 20 10 00 05 84 B8 02 BF 12 11 00 34 7E 7E 80 01 00 05 86 81 20 10 00 05 91 B8 02 C0 12 11 00 5E 7E 7E 80 01 00 05 86 81 20 10 00 05 8F 66 02 C1 12 11 00 9F 7E 7E 80 01 00 05 86 81 20 10 00 05 06 DF 02 C2 12 11 00 AC 7E 7E 80 01 00 05 86 81 20 10 00 05 BB F2 02 C3 12 11 00 3D 7E 7E 80 01 00 05 86 81 20 10 00 05 D2 97 02 C4 12 11 00 36 7E 7E 80 01 00 05 86 81 20 10 00 05 0E AD 02 C5 12 11 00 D1 7E 7E 80 01 00 05 86 81 20 10 00 05 49 37 02 C6 12 11 00 0F 7E 7E 80 01 00 05 86 81 20 10 00 05 1A A1 02 C7 12 11 00 CB 7E 7E 80 01 00 05 86 81 20 10 00 05 3F 62 02 C8 12 11 00 22 7E 7E 80 01 00 05 86 81 20 10 00 05 CE 29 02 C9 12 11 00 99 7E 7E 80 01 00 05 86 81 20 10 00 05 EB 69 02 CA 12 11 00 FF 7E 7E 80 01 00 05 86 81 20 10 00 05 82 B6 02 CB 12 11 00 48 7E 7E 80 01 00 05 86 81 20 10 00 05 08 6A 02 CC 12 11 00 19 7E 7E 80 01 00 05 86 81 20 10 00 05 88 CE 02 CD 12 11 00 3C 7E 7E 80 01 00 05 86 81 20 10 00 05 0A 70 02 CE 12 11 00 03 7E 7E 80 01 00 05 86 81 20 10 00 05 20 8D 02 CF 12 11 00 D5 7E 7E 80 01 00 05 86 81 20 10 00 05 BC A5 02 D0 12 11 00 7D 02 7E 7E 80 01 00 05 86 81 20 10 00 05 23 2C 02 D1 12 11 00 69 7E 7E 80 01 00 05 86 81 20 10 00 05 B7 49 02 D2 12 11 00 9B 7E 7E 80 01 00 05 86 81 20 10 00 05 9F E2 02 D3 12 11 00 19 7E 7E 80 01 00 05 86 81 20 10 00 05 A3 DF 02 D4 12 11 00 1F 7E 7E 80 01 00 05 86 81 20 10 00 05 9C 13 02 D5 12 11 00 ED 7E 7E 80 01 00 05 86 81 20 10 00 05 7B 40 02 D6 12 11 00 5A 7E 7E 80 01 00 05 86 81 20 10 00 05 B8 D9 02 D7 12 11 00 01 7E 7E 80 01 00 05 86 81 20 10 00 05 65 CF 02 D8 12 11 00 C5 7E 7E 80 01 00 05 86 81 20 10 00 05 AC 1B 02 D9 12 11 00 D9 7E 7E 80 01 00 05 86 81 20 10 00 05 9C 2F 02 DA 12 11 00 DE 7E 7E 80 01 00 05 86 81 20 10 00 05 9B ED 02 DB 12 11 00 1A 7E 7E 80 01 00 05 86 81 20 10 00 05 90 15 02 DC 12 11 00 EE 7E 7E 80 01 00 05 86 81 20 10 00 05 57 B6 02 DD 12 11 00 8B 7E 7E 80 01 00 05 86 81 20 10 00 05 0C 78 02 DE 12 11 00 1D 7E 7E 80 01 00 05 86 81 20 10 00 05 D5 3A 02 DF 12 11 00 87 7E 7E 80 01 00 05 86 81 20 10 00 05 55 EC 02 E0 12 11 00 EE 7E 7E 80 01 00 05 86 81 20 10 00 05 18 D0 02 E1 12 11 00 9E 7E 7E 80 01 00 05 86 81 20 10 00 05 70 4D 02 E2 12 11 00 68 7E"}
{"ts":"2026-04-06T08:29:08.269Z","level":"INFO","device":"868120100005","event":"MEDIA_RX","detail":"7E 80 01 00 05 86 81 20 10 00 05 96 A2 02 E3 12 11 00 60 7E 7E 80 01 00 05 86 81 20 10 00 05 EE 56 02 E4 12 11 00 EB 7E 7E 80 01 00 05 86 81 20 10 00 05 B2 E2 02 E5 12 11 00 02 7E 7E 80 01 00 05 86 81 20 10 00 05 7D 02 CF 02 E6 12 11 00 E0 7E 7E 80 01 00 05 86 81 20 10 00 05 D8 DD 02 E7 12 11 00 55 7E 7E 80 01 00 05 86 81 20 10 00 05 B1 DC 02 E8 12 11 00 32 7E 7E 80 01 00 05 86 81 20 10 00 05 68 37 02 E9 12 11 00 01 7E 7E 80 01 00 05 86 81 20 10 00 05 03 E4 02 EA 12 11 00 BA 7E 7E 80 01 00 05 86 81 20 10 00 05 04 22 02 EB 12 11 00 7A 7E 7E 80 01 00 05 86 81 20 10 00 05 81 8B 02 EC 12 11 00 51 7E 7E 80 01 00 05 86 81 20 10 00 05 36 52 02 ED 12 11 00 3E 7E 7E 80 01 00 05 86 81 20 10 00 05 64 47 02 EE 12 11 00 7A 7E 7E 80 01 00 05 86 81 20 10 00 05 EE 89 02 EF 12 11 00 3F 7E 7E 80 01 00 05 86 81 20 10 00 05 E6 80 02 F0 12 11 00 21 7E 7E 80 01 00 05 86 81 20 10 00 05 E6 33 02 F1 12 11 00 93 7E 7E 80 01 00 05 86 81 20 10 00 05 F4 8F 02 F2 12 11 00 3E 7E 7E 80 01 00 05 86 81 20 10 00 05 E7 7C 02 F3 12 11 00 DF 7E 7E 80 01 00 05 86 81 20 10 00 05 BF 73 02 F4 12 11 00 8F 7E 7E 80 01 00 05 86 81 20 10 00 05 8B B5 02 F5 12 11 00 7C 7E 7E 80 01 00 05 86 81 20 10 00 05 F0 1D 02 F6 12 11 00 AC 7E 7E 80 01 00 05 86 81 20 10 00 05 01 2A 02 F7 12 11 00 6B 7E 7E 80 01 00 05 86 81 20 10 00 05 19 04 02 F8 12 11 00 52 7E 7E 80 01 00 05 86 81 20 10 00 05 9F 21 02 F9 12 11 00 F0 7E 7E 80 01 00 05 86 81 20 10 00 05 23 CD 02 FA 12 11 00 A3 7E 7E 80 01 00 05 86 81 20 10 00 05 B1 FD 02 FB 12 11 00 00 7E 7E 80 01 00 05 86 81 20 10 00 05 BE 51 02 FC 12 11 00 A4 7E 7E 80 01 00 05 86 81 20 10 00 05 CE F8 02 FD 12 11 00 7C 7E 7E 80 01 00 05 86 81 20 10 00 05 9F 9E 02 FE 12 11 00 48 7E 7E 80 01 00 05 86 81 20 10 00 05 21 DD 02 FF 12 11 00 B4 7E 7E 80 01 00 05 86 81 20 10 00 05 D5 A9 03 00 12 11 00 CA 7E 7E 80 01 00 05 86 81 20 10 00 05 86 CA 03 01 12 11 00 FB 7E 7E 80 01 00 05 86 81 20 10 00 05 0B 96 03 02 12 11 00 29 7E 7E 80 01 00 05 86 81 20 10 00 05 87 D4 03 03 12 11 00 E6 7E 7E 80 01 00 05 86 81 20 10 00 05 8C 21 03 04 12 11 00 1F 7E 7E 80 01 00 05 86 81 20 10 00 05 00 F0 03 05 12 11 00 43 7E 7E 80 01 00 05 86 81 20 10 00 05 EB CF 03 06 12 11 00 94 7E 7E 80 01 00 05 86 81 20 10 00 05 F8 02 03 07 12 11 00 4B 7E 7E 80 01 00 05 86 81 20 10 00 05 6F 98 03 08 12 11 00 49 7E 7E 80 01 00 05 86 81 20 10 00 05 28 57 03 09 12 11 00 C0 7E"}
{"ts":"2026-04-06T08:29:08.483Z","level":"INFO","device":"868120100005","event":"MEDIA_RX","detail":"7E 80 01 00 05 86 81 20 10 00 05 50 45 03 0A 12 11 00 A9 7E 7E 80 01 00 05 86 81 20 10 00 05 4C 8B 03 0B 12 11 00 7A 7E 7E 80 01 00 05 86 81 20 10 00 05 50 DC 03 0C 12 11 00 36 7E 7E 80 01 00 05 86 81 20 10 00 05 06 CA 03 0D 12 11 00 77 7E 7E 80 01 00 05 86 81 20 10 00 05 B5 DF 03 0E 12 11 00 D2 7E 7E 80 01 00 05 86 81 20 10 00 05 74 B3 03 0F 12 11 00 7D 02 7E 7E 80 01 00 05 86 81 20 10 00 05 54 7C 03 10 12 11 00 8E 7E 7E 80 01 00 05 86 81 20 10 00 05 C8 E4 03 11 12 11 00 8B 7E 7E 80 01 00 05 86 81 20 10 00 05 7D 01 B5 03 12 12 11 00 6C 7E 7E 80 01 00 05 86 81 20 10 00 05 68 8B 03 13 12 11 00 46 7E 7E 80 01 00 05 86 81 20 10 00 05 A4 F7 03 14 12 11 00 F1 7E 7E 80 01 00 05 86 81 20 10 00 05 05 05 03 15 12 11 00 A3 7E 7E 80 01 00 05 86 81 20 10 00 05 5C E9 03 16 12 11 00 15 7E 7E 80 01 00 05 86 81 20 10 00 05 70 5F 03 17 12 11 00 8E 7E 7E 80 01 00 05 86 81 20 10 00 05 3D 45 03 18 12 11 00 D6 7E 7E 80 01 00 05 86 81 20 10 00 05 F4 DA 03 19 12 11 00 81 7E 7E 80 01 00 05 86 81 20 10 00 05 EC 95 03 1A 12 11 00 D5 7E 7E 80 01 00 05 86 81 20 10 00 05 7F 13 03 1B 12 11 00 C1 7E 7E 80 01 00 05 86 81 20 10 00 05 FA D1 03 1C 12 11 00 81 7E 7E 80 01 00 05 86 81 20 10 00 05 0A AA 03 1D 12 11 00 0B 7E 7E 80 01 00 05 86 81 20 10 00 05 15 B4 03 1E 12 11 00 09 7E 7E 80 01 00 05 86 81 20 10 00 05 F3 37 03 1F 12 11 00 6D 7E 7E 80 01 00 05 86 81 20 10 00 05 92 1C 03 20 12 11 00 18 7E 7E 80 01 00 05 86 81 20 10 00 05 F7 1E 03 21 12 11 00 7D 02 7E 7E 80 01 00 05 86 81 20 10 00 05 51 9E 03 22 12 11 00 5B 7E 7E 80 01 00 05 86 81 20 10 00 05 49 7C 03 23 12 11 00 A0 7E 7E 80 01 00 05 86 81 20 10 00 05 EB 17 03 24 12 11 00 6E 7E 7E 80 01 00 05 86 81 20 10 00 05 73 06 03 25 12 11 00 E6 7E 7E 80 01 00 05 86 81 20 10 00 05 56 57 03 26 12 11 00 91 7E 7E 80 01 00 05 86 81 20 10 00 05 47 DC 03 27 12 11 00 0A 7E 7E 80 01 00 05 86 81 20 10 00 05 44 3E 03 28 12 11 00 E4 7E 7E 80 01 00 05 86 81 20 10 00 05 6A 63 03 29 12 11 00 96 7E 7E 80 01 00 05 86 81 20 10 00 05 91 94 03 2A 12 11 00 99 7E 7E 80 01 00 05 86 81 20 10 00 05 65 59 03 2B 12 11 00 A1 7E 7E 80 01 00 05 86 81 20 10 00 05 55 3B 03 2C 12 11 00 F4 7E 7E 80 01 00 05 86 81 20 10 00 05 2B 5D 03 2D 12 11 00 ED 7E 7E 80 01 00 05 86 81 20 10 00 05 83 BC 03 2E 12 11 00 A7 7E 7E 80 01 00 05 86 81 20 10 00 05 1F 51 03 2F 12 11 00 D7 7E"}
{"ts":"2026-04-06T08:29:08.694Z","level":"INFO","device":"868120100005","event":"MEDIA_RX","detail":"7E 80 01 00 05 86 81 20 10 00 05 7C 16 03 30 12 11 00 EC 7E 7E 80 01 00 05 86 81 20 10 00 05 35 84 03 31 12 11 00 36 7E 7E 80 01 00 05 86 81 20 10 00 05 FA 7F 03 32 12 11 00 01 7E 7E 80 01 00 05 86 81 20 10 00 05 16 8A 03 33 12 11 00 19 7E 7E 80 01 00 05 86 81 20 10 00 05 4E 81 03 34 12 11 00 4D 7E 7E 80 01 00 05 86 81 20 10 00 05 3C 4E 03 35 12 11 00 F1 7E 7E 80 01 00 05 86 81 20 10 00 05 BB 47 03 36 12 11 00 7C 7E 7E 80 01 00 05 86 81 20 10 00 05 39 41 03 37 12 11 00 F9 7E 7E 80 01 00 05 86 81 20 10 00 05 38 18 03 38 12 11 00 AE 7E 7E 80 01 00 05 86 81 20 10 00 05 D6 B7 03 39 12 11 00 EE 7E 7E 80 01 00 05 86 81 20 10 00 05 A2 72 03 3A 12 11 00 5C 7E 7E 80 01 00 05 86 81 20 10 00 05 3B 40 03 3B 12 11 00 F6 7E 7E 80 01 00 05 86 81 20 10 00 05 89 A0 03 3C 12 11 00 A3 7E 7E 80 01 00 05 86 81 20 10 00 05 21 47 03 3D 12 11 00 ED 7E 7E 80 01 00 05 86 81 20 10 00 05 CD D7 03 3E 12 11 00 92 7E 7E 80 01 00 05 86 81 20 10 00 05 C2 36 03 3F 12 11 00 7D 01 7E 7E 80 01 00 05 86 81 20 10 00 05 12 6A 03 40 12 11 00 8E 7E 7E 80 01 00 05 86 81 20 10 00 05 11 34 03 41 12 11 00 D2 7E 7E 80 01 00 05 86 81 20 10 00 05 53 2C 03 42 12 11 00 8B 7E 7E 80 01 00 05 86 81 20 10 00 05 4A 15 03 43 12 11 00 AA 7E 7E 80 01 00 05 86 81 20 10 00 05 B5 60 03 44 12 11 00 27 7E 7E 80 01 00 05 86 81 20 10 00 05 97 8A 03 45 12 11 00 EE 7E 7E 80 01 00 05 86 81 20 10 00 05 E6 F3 03 46 12 11 00 E5 7E 7E 80 01 00 05 86 81 20 10 00 05 EF E6 03 47 12 11 00 F8 7E 7E 80 01 00 05 86 81 20 10 00 05 B0 8C 03 48 12 11 00 C2 7E 7E 80 01 00 05 86 81 20 10 00 05 71 9A 03 49 12 11 00 14 7E 7E 80 01 00 05 86 81 20 10 00 05 16 E3 03 4A 12 11 00 09 7E 7E 80 01 00 05 86 81 20 10 00 05 F3 5F 03 4B 12 11 00 51 7E 7E 80 01 00 05 86 81 20 10 00 05 8F 76 03 4C 12 11 00 03 7E 7E 80 01 00 05 86 81 20 10 00 05 32 F9 03 4D 12 11 00 30 7E 7E 80 01 00 05 86 81 20 10 00 05 40 7C 03 4E 12 11 00 C4 7E 7E 80 01 00 05 86 81 20 10 00 05 19 DA 03 4F 12 11 00 3A 7E 7E 80 01 00 05 86 81 20 10 00 05 AC 86 03 50 12 11 00 CC 7E 7E 80 01 00 05 86 81 20 10 00 05 AF 3C 03 51 12 11 00 74 7E 7E 80 01 00 05 86 81 20 10 00 05 24 EC 03 52 12 11 00 2C 7E 7E 80 01 00 05 86 81 20 10 00 05 B1 44 03 53 12 11 00 10 7E 7E 80 01 00 05 86 81 20 10 00 05 3C 48 03 54 12 11 00 96 7E 7E 80 01 00 05 86 81 20 10 00 05 FF D0 03 55 12 11 00 CC 7E 7E 80 01 00 05 86 81 20 10 00 05 65 98 03 56 12 11 00 1D 7E"}
{"ts":"2026-04-06T08:29:08.905Z","level":"INFO","device":"868120100005","event":"MEDIA_RX","detail":"7E 80 01 00 05 86 81 20 10 00 05 45 7D 01 03 57 12 11 00 D9 7E 7E 80 01 00 05 86 81 20 10 00 05 89 D2 03 58 12 11 00 B5 7E 7E 80 01 00 05 86 81 20 10 00 05 0B CE 03 59 12 11 00 2A 7E 7E 80 01 00 05 86 81 20 10 00 05 19 EF 03 5A 12 11 00 1A 7E 7E 80 01 00 05 86 81 20 10 00 05 E8 4E 03 5B 12 11 00 4B 7E 7E 80 01 00 05 86 81 20 10 00 05 24 9C 03 5C 12 11 00 52 7E 7E 80 01 00 05 86 81 20 10 00 05 B1 73 03 5D 12 11 00 29 7E 7E 80 01 00 05 86 81 20 10 00 05 04 ED 03 5E 12 11 00 01 7E 7E 80 01 00 05 86 81 20 10 00 05 A6 7B 03 5F 12 11 00 34 7E 7E 80 01 00 05 86 81 20 10 00 05 85 39 03 60 12 11 00 6A 7E 7E 80 01 00 05 86 81 20 10 00 05 83 0B 03 61 12 11 00 5F 7E 7E 80 01 00 05 86 81 20 10 00 05 AA 37 03 62 12 11 00 49 7E 7E 80 01 00 05 86 81 20 10 00 05 68 96 03 63 12 11 00 2B 7E 7E 80 01 00 05 86 81 20 10 00 05 FA 3F 03 64 12 11 00 17 7E 7E 80 01 00 05 86 81 20 10 00 05 54 35 03 65 12 11 00 B2 7E 7E 80 01 00 05 86 81 20 10 00 05 07 03 03 66 12 11 00 D4 7E 7E 80 01 00 05 86 81 20 10 00 05 83 30 03 67 12 11 00 62 7E 7E 80 01 00 05 86 81 20 10 00 05 F3 D1 03 68 12 11 00 FC 7E 7E 80 01 00 05 86 81 20 10 00 05 B6 AA 03 69 12 11 00 C3 7E 7E 80 01 00 05 86 81 20 10 00 05 22 6D 03 6A 12 11 00 93 7E 7E 80 01 00 05 86 81 20 10 00 05 A3 86 03 6B 12 11 00 F8 7E 7E 80 01 00 05 86 81 20 10 00 05 6D 35 03 6C 12 11 00 82 7E 7E 80 01 00 05 86 81 20 10 00 05 15 42 03 6D 12 11 00 8C 7E 7E 80 01 00 05 86 81 20 10 00 05 62 44 03 6E 12 11 00 FE 7E 7E 80 01 00 05 86 81 20 10 00 05 BB 31 03 6F 12 11 00 53 7E 7E 80 01 00 05 86 81 20 10 00 05 44 42 03 70 12 11 00 C0 7E 7E 80 01 00 05 86 81 20 10 00 05 8B C9 03 71 12 11 00 85 7E 7E 80 01 00 05 86 81 20 10 00 05 6C 3B 03 72 12 11 00 93 7E 7E 80 01 00 05 86 81 20 10 00 05 F4 BC 03 73 12 11 00 8D 7E 7E 80 01 00 05 86 81 20 10 00 05 26 8A 03 74 12 11 00 6E 7E 7E 80 01 00 05 86 81 20 10 00 05 5A E9 03 75 12 11 00 70 7E 7E 80 01 00 05 86 81 20 10 00 05 3A 44 03 76 12 11 00 BE 7E 7E 80 01 00 05 86 81 20 10 00 05 BF E4 03 77 12 11 00 9A 7E 7E 80 01 00 05 86 81 20 10 00 05 27 4D 03 78 12 11 00 A4 7E 7E 80 01 00 05 86 81 20 10 00 05 7F 29 03 79 12 11 00 99 7E 7E 80 01 00 05 86 81 20 10 00 05 A6 81 03 7A 12 11 00 EB 7E"}
{"ts":"2026-04-06T08:29:09.117Z","level":"INFO","device":"868120100005","event":"MEDIA_RX","detail":"7E 80 01 00 05 86 81 20 10 00 05 69 04 03 7B 12 11 00 A0 7E 7E 80 01 00 05 86 81 20 10 00 05 C9 A8 03 7C 12 11 00 AB 7E 7E 80 01 00 05 86 81 20 10 00 05 19 CB 03 7D 01 12 11 00 19 7E 7E 80 01 00 05 86 81 20 10 00 05 37 A3 03 7D 02 12 11 00 5C 7E 7E 80 01 00 05 86 81 20 10 00 05 EC C6 03 7F 12 11 00 E3 7E 7E 80 01 00 05 86 81 20 10 00 05 DB 2F 03 80 12 11 00 C2 7E 7E 80 01 00 05 86 81 20 10 00 05 CF FA 03 81 12 11 00 02 7E 7E 80 01 00 05 86 81 20 10 00 05 DC FE 03 82 12 11 00 16 7E 7E 80 01 00 05 86 81 20 10 00 05 E6 45 03 83 12 11 00 96 7E 7E 80 01 00 05 86 81 20 10 00 05 0A 23 03 84 12 11 00 1B 7E 7E 80 01 00 05 86 81 20 10 00 05 FE 15 03 85 12 11 00 D8 7E 7E 80 01 00 05 86 81 20 10 00 05 20 36 03 86 12 11 00 26 7E 7E 80 01 00 05 86 81 20 10 00 05 50 B2 03 87 12 11 00 D3 7E 7E 80 01 00 05 86 81 20 10 00 05 BF 88 03 88 12 11 00 09 7E 7E 80 01 00 05 86 81 20 10 00 05 FF DA 03 89 12 11 00 1A 7E 7E 80 01 00 05 86 81 20 10 00 05 08 D5 03 8A 12 11 00 E1 7E 7E 80 01 00 05 86 81 20 10 00 05 E6 DC 03 8B 12 11 00 07 7E 7E 80 01 00 05 86 81 20 10 00 05 B1 4E 03 8C 12 11 00 C5 7E 7E 80 01 00 05 86 81 20 10 00 05 D8 26 03 8D 12 11 00 C5 7E 7E 80 01 00 05 86 81 20 10 00 05 BD 6C 03 8E 12 11 00 E9 7E 7E 80 01 00 05 86 81 20 10 00 05 6E 27 03 8F 12 11 00 70 7E 7E 80 01 00 05 86 81 20 10 00 05 38 CB 03 90 12 11 00 D5 7E 7E 80 01 00 05 86 81 20 10 00 05 2B D3 03 91 12 11 00 DF 7E 7E 80 01 00 05 86 81 20 10 00 05 64 EF 03 92 12 11 00 AF 7E 7E 80 01 00 05 86 81 20 10 00 05 75 27 03 93 12 11 00 77 7E 7E 80 01 00 05 86 81 20 10 00 05 20 26 03 94 12 11 00 24 7E 7E 80 01 00 05 86 81 20 10 00 05 80 B3 03 95 12 11 00 10 7E 7E 80 01 00 05 86 81 20 10 00 05 EF 82 03 96 12 11 00 4D 7E 7E 80 01 00 05 86 81 20 10 00 05 45 01 03 97 12 11 00 65 7E 7E 80 01 00 05 86 81 20 10 00 05 EE CB 03 98 12 11 00 0B 7E 7E 80 01 00 05 86 81 20 10 00 05 30 1C 03 99 12 11 00 03 7E 7E 80 01 00 05 86 81 20 10 00 05 16 58 03 9A 12 11 00 62 7E 7E 80 01 00 05 86 81 20 10 00 05 4D 74 03 9B 12 11 00 14 7E 7E 80 01 00 05 86 81 20 10 00 05 F6 B0 03 9C 12 11 00 6C 7E 7E 80 01 00 05 86 81 20 10 00 05 3E 9E 03 9D 12 11 00 8B 7E 7E 80 01 00 05 86 81 20 10 00 05 8F F1 03 9E 12 11 00 56 7E 7E 80 01 00 05 86 81 20 10 00 05 CA 11 03 9F 12 11 00 F2 7E 7E 80 01 00 05 86 81 20 10 00 05 50 97 03 A0 12 11 00 D1 7E 7E 80 01 00 05 86 81 20 10 00 05 F0 34 03 A1 12 11 00 D3 7E"}
{"ts":"2026-04-06T08:29:09.329Z","level":"INFO","device":"868120100005","event":"MEDIA_RX","detail":"7E 80 01 00 05 86 81 20 10 00 05 33 99 03 A2 12 11 00 BE 7E 7E 80 01 00 05 86 81 20 10 00 05 43 11 03 A3 12 11 00 47 7E 7E 80 01 00 05 86 81 20 10 00 05 AA C6 03 A4 12 11 00 7D 02 7E 7E 80 01 00 05 86 81 20 10 00 05 77 39 03 A5 12 11 00 5D 7E 7E 80 01 00 05 86 81 20 10 00 05 47 78 03 A6 12 11 00 2F 7E 7E 80 01 00 05 86 81 20 10 00 05 BB 7D 01 03 A7 12 11 00 D7 7E 7E 80 01 00 05 86 81 20 10 00 05 D5 A2 03 A8 12 11 00 69 7E 7E 80 01 00 05 86 81 20 10 00 05 A5 1A 03 A9 12 11 00 A0 7E 7E 80 01 00 05 86 81 20 10 00 05 A6 B2 03 AA 12 11 00 08 7E 7E 80 01 00 05 86 81 20 10 00 05 00 FA 03 AB 12 11 00 E7 7E 7E 80 01 00 05 86 81 20 10 00 05 DC ED 03 AC 12 11 00 2B 7E 7E 80 01 00 05 86 81 20 10 00 05 78 C3 03 AD 12 11 00 A0 7E 7E 80 01 00 05 86 81 20 10 00 05 EB CA 03 AE 12 11 00 39 7E 7E 80 01 00 05 86 81 20 10 00 05 39 61 03 AF 12 11 00 41 7E 7E 80 01 00 05 86 81 20 10 00 05 A1 F1 03 B0 12 11 00 56 7E 7E 80 01 00 05 86 81 20 10 00 05 85 72 03 B1 12 11 00 F0 7E 7E 80 01 00 05 86 81 20 10 00 05 22 AF 03 B2 12 11 00 89 7E 7E 80 01 00 05 86 81 20 10 00 05 E5 20 03 B3 12 11 00 C0 7E 7E 80 01 00 05 86 81 20 10 00 05 50 DA 03 B4 12 11 00 88 7E 7E 80 01 00 05 86 81 20 10 00 05 01 7D 01 03 B5 12 11 00 7F 7E 7E 80 01 00 05 86 81 20 10 00 05 05 D0 03 B6 12 11 00 D5 7E 7E 80 01 00 05 86 81 20 10 00 05 08 CA 03 B7 12 11 00 C3 7E 7E 80 01 00 05 86 81 20 10 00 05 C9 EF 03 B8 12 11 00 28 7E 7E 80 01 00 05 86 81 20 10 00 05 87 B0 03 B9 12 11 00 38 7E 7E 80 01 00 05 86 81 20 10 00 05 2E FB 03 BA 12 11 00 D9 7E 7E 80 01 00 05 86 81 20 10 00 05 81 E5 03 BB 12 11 00 69 7E 7E 80 01 00 05 86 81 20 10 00 05 FF A6 03 BC 12 11 00 53 7E 7E 80 01 00 05 86 81 20 10 00 05 8A 92 03 BD 12 11 00 13 7E 7E 80 01 00 05 86 81 20 10 00 05 25 2E 03 BE 12 11 00 03 7E 7E 80 01 00 05 86 81 20 10 00 05 5B 6C 03 BF 12 11 00 3E 7E 7E 80 01 00 05 86 81 20 10 00 05 E2 C8 03 C0 12 11 00 5C 7E 7E 80 01 00 05 86 81 20 10 00 05 15 B8 03 C1 12 11 00 DA 7E 7E 80 01 00 05 86 81 20 10 00 05 62 81 03 C2 12 11 00 97 7E 7E 80 01 00 05 86 81 20 10 00 05 78 55 03 C3 12 11 00 58 7E 7E 80 01 00 05 86 81 20 10 00 05 32 99 03 C4 12 11 00 D9 7E 7E 80 01 00 05 86 81 20 10 00 05 3F 17 03 C5 12 11 00 5B 7E 7E 80 01 00 05 86 81 20 10 00 05 34 C9 03 C6 12 11 00 8D 7E 7E 80 01 00 05 86 81 20 10 00 05 BE 53 03 C7 12 11 00 9C 7E"}
{"ts":"2026-04-06T08:29:09.542Z","level":"INFO","device":"868120100005","event":"MEDIA_RX","detail":"7E 80 01 00 05 86 81 20 10 00 05 DF 82 03 C8 12 11 00 23 7E 7E 80 01 00 05 86 81 20 10 00 05 03 C7 03 C9 12 11 00 BB 7E 7E 80 01 00 05 86 81 20 10 00 05 43 57 03 CA 12 11 00 68 7E 7E 80 01 00 05 86 81 20 10 00 05 3D 37 03 CB 12 11 00 77 7E 7E 80 01 00 05 86 81 20 10 00 05 20 F2 03 CC 12 11 00 A8 7E 7E 80 01 00 05 86 81 20 10 00 05 38 E5 03 CD 12 11 00 A6 7E 7E 80 01 00 05 86 81 20 10 00 05 92 7A 03 CE 12 11 00 90 7E 7E 80 01 00 05 86 81 20 10 00 05 8A D1 03 CF 12 11 00 22 7E 7E 80 01 00 05 86 81 20 10 00 05 1C 63 03 D0 12 11 00 19 7E 7E 80 01 00 05 86 81 20 10 00 05 29 02 03 D1 12 11 00 4C 7E 7E 80 01 00 05 86 81 20 10 00 05 E7 8B 03 D2 12 11 00 08 7E 7E 80 01 00 05 86 81 20 10 00 05 BD 5F 03 D3 12 11 00 87 7E 7E 80 01 00 05 86 81 20 10 00 05 07 00 03 D4 12 11 00 65 7E 7E 80 01 00 05 86 81 20 10 00 05 AA BC 03 D5 12 11 00 75 7E 7E 80 01 00 05 86 81 20 10 00 05 03 66 03 D6 12 11 00 05 7E 7E 80 01 00 05 86 81 20 10 00 05 0A DA 03 D7 12 11 00 B1 7E 7E 80 01 00 05 86 81 20 10 00 05 C7 33 03 D8 12 11 00 9A 7E 7E 80 01 00 05 86 81 20 10 00 05 B8 85 03 D9 12 11 00 52 7E 7E 80 01 00 05 86 81 20 10 00 05 9D C5 03 DA 12 11 00 34 7E 7E 80 01 00 05 86 81 20 10 00 05 78 86 03 DB 12 11 00 93 7E 7E 80 01 00 05 86 81 20 10 00 05 6B 0F 03 DC 12 11 00 0E 7E 7E 80 01 00 05 86 81 20 10 00 05 11 BD 03 DD 12 11 00 C7 7E 7E 80 01 00 05 86 81 20 10 00 05 9A 6B 03 DE 12 11 00 99 7E 7E 80 01 00 05 86 81 20 10 00 05 36 16 03 DF 12 11 00 49 7E 7E 80 01 00 05 86 81 20 10 00 05 59 85 03 E0 12 11 00 8A 7E 7E 80 01 00 05 86 81 20 10 00 05 E2 73 03 E1 12 11 00 C6 7E 7E 80 01 00 05 86 81 20 10 00 05 08 D1 03 E2 12 11 00 8D 7E 7E 80 01 00 05 86 81 20 10 00 05 45 60 03 E3 12 11 00 70 7E 7E 80 01 00 05 86 81 20 10 00 05 F9 4E 03 E4 12 11 00 E5 7E 7E 80 01 00 05 86 81 20 10 00 05 0B E1 03 E5 12 11 00 B9 7E 7E 80 01 00 05 86 81 20 10 00 05 06 14 03 E6 12 11 00 42 7E 7E 80 01 00 05 86 81 20 10 00 05 F5 FF 03 E7 12 11 00 5B 7E 7E 80 01 00 05 86 81 20 10 00 05 2B D3 03 E8 12 11 00 A6 7E 7E 80 01 00 05 86 81 20 10 00 05 E5 FE 03 E9 12 11 00 44 7E 7E 80 01 00 05 86 81 20 10 00 05 C2 03 03 EA 12 11 00 9D 7E 7E 80 01 00 05 86 81 20 10 00 05 C4 79 03 EB 12 11 00 E0 7E 7E 80 01 00 05 86 81 20 10 00 05 25 0F 03 EC 12 11 00 70 7E 7E 80 01 00 05 86 81 20 10 00 05 DA F0 03 ED 12 11 00 71 7E 7E 80 01 00 05 86 81 20 10 00 05 8A 07 03 EE 12 11 00 D5 7E 7E 80 01 00 05 86 81 20 10 00 05 63 7A 03 EF 12 11 00 40 7E 7E 80 01 00 05 86 81 20 10 00 05 84 5A 03 F0 12 11 00 98 7E 7E 80 01 00 05 86 81 20 10 00 05 20 3E 03 F1 12 11 00 59 7E"}
{"ts":"2026-04-06T08:29:09.755Z","level":"INFO","device":"868120100005","event":"MEDIA_RX","detail":"7E 80 01 00 05 86 81 20 10 00 05 F8 8D 03 F2 12 11 00 31 7E 7E 80 01 00 05 86 81 20 10 00 05 6B 17 03 F3 12 11 00 39 7E 7E 80 01 00 05 86 81 20 10 00 05 EC 73 03 F4 12 11 00 DD 7E 7E 80 01 00 05 86 81 20 10 00 05 C3 AC 03 F5 12 11 00 2C 7E 7E 80 01 00 05 86 81 20 10 00 05 81 AE 03 F6 12 11 00 6F 7E 7E 80 01 00 05 86 81 20 10 00 05 97 13 03 F7 12 11 00 C5 7E 7E 80 01 00 05 86 81 20 10 00 05 EE 19 03 F8 12 11 00 B9 7E 7E 80 01 00 05 86 81 20 10 00 05 F2 62 03 F9 12 11 00 DF 7E 7E 80 01 00 05 86 81 20 10 00 05 A3 39 03 FA 12 11 00 D6 7E 7E 80 01 00 05 86 81 20 10 00 05 65 77 03 FB 12 11 00 5F 7E 7E 80 01 00 05 86 81 20 10 00 05 F3 4A 03 FC 12 11 00 F3 7E 7E 80 01 00 05 86 81 20 10 00 05 5A 26 03 FD 12 11 00 37 7E 7E 80 01 00 05 86 81 20 10 00 05 D7 90 03 FE 12 11 00 0F 7E 7E 80 01 00 05 86 81 20 10 00 05 EF C2 03 FF 12 11 00 64 7E 7E 80 01 00 05 86 81 20 10 00 05 AE B3 04 00 12 11 00 AC 7E 7E 80 01 00 05 86 81 20 10 00 05 C8 05 04 01 12 11 00 7D 01 7E 7E 80 01 00 05 86 81 20 10 00 05 CB A2 04 02 12 11 00 DA 7E 7E 80 01 00 05 86 81 20 10 00 05 E8 85 04 03 12 11 00 DF 7E 7E 80 01 00 05 86 81 20 10 00 05 4C B1 04 04 12 11 00 48 7E 7E 80 01 00 05 86 81 20 10 00 05 10 4F 04 05 12 11 00 EB 7E 7E 80 01 00 05 86 81 20 10 00 05 3D F3 04 06 12 11 00 79 7E 7E 80 01 00 05 86 81 20 10 00 05 9A 08 04 07 12 11 00 24 7E 7E 80 01 00 05 86 81 20 10 00 05 34 38 04 08 12 11 00 B5 7E 7E 80 01 00 05 86 81 20 10 00 05 54 F9 04 09 12 11 00 15 7E 7E 80 01 00 05 86 81 20 10 00 05 F9 79 04 0A 12 11 00 3B 7E 7E 80 01 00 05 86 81 20 10 00 05 01 9E 04 0B 12 11 00 25 7E 7E 80 01 00 05 86 81 20 10 00 05 D1 F1 04 0C 12 11 00 9D 7E 7E 80 01 00 05 86 81 20 10 00 05 EE E0 04 0D 12 11 00 B2 7E 7E 80 01 00 05 86 81 20 10 00 05 EF 49 04 0E 12 11 00 19 7E 7E 80 01 00 05 86 81 20 10 00 05 FF F8 04 0F 12 11 00 B9 7E 7E 80 01 00 05 86 81 20 10 00 05 63 55 04 10 12 11 00 97 7E 7E 80 01 00 05 86 81 20 10 00 05 85 7D 01 04 11 12 11 00 58 7E 7E 80 01 00 05 86 81 20 10 00 05 7A E4 04 12 12 11 00 3D 7E 7E 80 01 00 05 86 81 20 10 00 05 82 8F 04 13 12 11 00 AF 7E 7E 80 01 00 05 86 81 20 10 00 05 D4 7D 02 04 14 12 11 00 0F 7E 7E 80 01 00 05 86 81 20 10 00 05 F7 7D 01 04 15 12 11 00 2E 7E 7E 80 01 00 05 86 81 20 10 00 05 93 E4 04 16 12 11 00 D0 7E 7E 80 01 00 05 86 81 20 10 00 05 09 1A 04 17 12 11 00 B5 7E 7E 80 01 00 05 86 81 20 10 00 05 DF 5E 04 18 12 11 00 28 7E"}
{"ts":"2026-04-06T08:29:09.967Z","level":"INFO","device":"868120100005","event":"MEDIA_RX","detail":"7E 80 01 00 05 86 81 20 10 00 05 A3 05 04 19 12 11 00 0E 7E 7E 80 01 00 05 86 81 20 10 00 05 3D C5 04 1A 12 11 00 53 7E 7E 80 01 00 05 86 81 20 10 00 05 35 EE 04 1B 12 11 00 71 7E 7E 80 01 00 05 86 81 20 10 00 05 25 5D 04 1C 12 11 00 D5 7E 7E 80 01 00 05 86 81 20 10 00 05 41 BA 04 1D 12 11 00 57 7E 7E 80 01 00 05 86 81 20 10 00 05 09 1F 04 1E 12 11 00 B9 7E 7E 80 01 00 05 86 81 20 10 00 05 25 F3 04 1F 12 11 00 78 7E 7E 80 01 00 05 86 81 20 10 00 05 69 FF 04 20 12 11 00 07 7E 7E 80 01 00 05 86 81 20 10 00 05 1C C1 04 21 12 11 00 4D 7E 7E 80 01 00 05 86 81 20 10 00 05 9D 5D 04 22 12 11 00 53 7E 7E 80 01 00 05 86 81 20 10 00 05 30 81 04 23 12 11 00 23 7E 7E 80 01 00 05 86 81 20 10 00 05 26 10 04 24 12 11 00 A3 7E 7E 80 01 00 05 86 81 20 10 00 05 1C D1 04 25 12 11 00 59 7E 7E 80 01 00 05 86 81 20 10 00 05 61 20 04 26 12 11 00 D6 7E 7E 80 01 00 05 86 81 20 10 00 05 A2 EF 04 27 12 11 00 DB 7E 7E 80 01 00 05 86 81 20 10 00 05 8D 88 04 28 12 11 00 9C 7E 7E 80 01 00 05 86 81 20 10 00 05 C7 4F 04 29 12 11 00 10 7E 7E 80 01 00 05 86 81 20 10 00 05 A8 D6 04 2A 12 11 00 E5 7E 7E 80 01 00 05 86 81 20 10 00 05 0D 44 04 2B 12 11 00 D3 7E 7E 80 01 00 05 86 81 20 10 00 05 96 72 04 2C 12 11 00 79 7E 7E 80 01 00 05 86 81 20 10 00 05 FC 7C 04 2D 12 11 00 1C 7E 7E 80 01 00 05 86 81 20 10 00 05 D6 1E 04 2E 12 11 00 57 7E 7E 80 01 00 05 86 81 20 10 00 05 BB 3C 04 2F 12 11 00 19 7E 7E 80 01 00 05 86 81 20 10 00 05 B1 FB 04 30 12 11 00 CB 7E 7E 80 01 00 05 86 81 20 10 00 05 83 2C 04 31 12 11 00 2F 7E 7E 80 01 00 05 86 81 20 10 00 05 8B C3 04 32 12 11 00 CB 7E 7E 80 01 00 05 86 81 20 10 00 05 7B 01 04 33 12 11 00 F8 7E 7E 80 01 00 05 86 81 20 10 00 05 EC C1 04 34 12 11 00 A8 7E 7E 80 01 00 05 86 81 20 10 00 05 9E 57 04 35 12 11 00 4D 7E 7E 80 01 00 05 86 81 20 10 00 05 11 62 04 36 12 11 00 F4 7E 7E 80 01 00 05 86 81 20 10 00 05 4E 3E 04 37 12 11 00 F6 7E 7E 80 01 00 05 86 81 20 10 00 05 33 7B 04 38 12 11 00 C1 7E 7E 80 01 00 05 86 81 20 10 00 05 78 54 04 39 12 11 00 A4 7E 7E 80 01 00 05 86 81 20 10 00 05 91 E6 04 3A 12 11 00 FC 7E 7E 80 01 00 05 86 81 20 10 00 05 FA 5A 04 3B 12 11 00 2A 7E 7E 80 01 00 05 86 81 20 10 00 05 A7 C6 04 3C 12 11 00 EC 7E 7E 80 01 00 05 86 81 20 10 00 05 F0 85 04 3D 12 11 00 F9 7E 7E 80 01 00 05 86 81 20 10 00 05 91 7A 04 3E 12 11 00 64 7E 7E 80 01 00 05 86 81 20 10 00 05 4C 57 04 3F 12 11 00 95 7E"}
{"ts":"2026-04-06T08:29:10.178Z","level":"INFO","device":"868120100005","event":"MEDIA_RX","detail":"7E 80 01 00 05 86 81 20 10 00 05 20 2E 04 40 12 11 00 FF 7E 7E 80 01 00 05 86 81 20 10 00 05 85 6A 04 41 12 11 00 1F 7E 7E 80 01 00 05 86 81 20 10 00 05 32 DB 04 42 12 11 00 1A 7E 7E 80 01 00 05 86 81 20 10 00 05 9E D5 04 43 12 11 00 B9 7E 7E 80 01 00 05 86 81 20 10 00 05 9A 71 04 44 12 11 00 1E 7E 7E 80 01 00 05 86 81 20 10 00 05 08 4A 04 45 12 11 00 B6 7E 7E 80 01 00 05 86 81 20 10 00 05 D2 4C 04 46 12 11 00 69 7E 7E 80 01 00 05 86 81 20 10 00 05 FF E6 04 47 12 11 00 EF 7E 7E 80 01 00 05 86 81 20 10 00 05 A7 BC 04 48 12 11 00 E2 7E 7E 80 01 00 05 86 81 20 10 00 05 8A A1 04 49 12 11 00 D3 7E 7E 80 01 00 05 86 81 20 10 00 05 01 2B 04 4A 12 11 00 D1 7E 7E 80 01 00 05 86 81 20 10 00 05 45 7B 04 4B 12 11 00 C4 7E 7E 80 01 00 05 86 81 20 10 00 05 20 D9 04 4C 12 11 00 04 7E 7E 80 01 00 05 86 81 20 10 00 05 12 F6 04 4D 12 11 00 18 7E 7E 80 01 00 05 86 81 20 10 00 05 73 91 04 4E 12 11 00 1D 7E 7E 80 01 00 05 86 81 20 10 00 05 ED D1 04 4F 12 11 00 C2 7E 7E 80 01 00 05 86 81 20 10 00 05 F2 DD 04 50 12 11 00 CE 7E 7E 80 01 00 05 86 81 20 10 00 05 10 7A 04 51 12 11 00 8A 7E 7E 80 01 00 05 86 81 20 10 00 05 8D 70 04 52 12 11 00 1E 7E 7E 80 01 00 05 86 81 20 10 00 05 26 D6 04 53 12 11 00 12 7E 7E 80 01 00 05 86 81 20 10 00 05 CF CB 04 54 12 11 00 E1 7E 7E 80 01 00 05 86 81 20 10 00 05 22 1D 04 55 12 11 00 DB 7E 7E 80 01 00 05 86 81 20 10 00 05 E6 43 04 56 12 11 00 42 7E 7E 80 01 00 05 86 81 20 10 00 05 79 8B 04 57 12 11 00 14 7E 7E 80 01 00 05 86 81 20 10 00 05 6F F0 04 58 12 11 00 76 7E 7E 80 01 00 05 86 81 20 10 00 05 01 D8 04 59 12 11 00 31 7E 7E 80 01 00 05 86 81 20 10 00 05 E8 B1 04 5A 12 11 00 B2 7E 7E 80 01 00 05 86 81 20 10 00 05 8B 0F 04 5B 12 11 00 6E 7E 7E 80 01 00 05 86 81 20 10 00 05 AE 46 04 5C 12 11 00 05 7E 7E 80 01 00 05 86 81 20 10 00 05 16 2B 04 5D 12 11 00 D1 7E 7E 80 01 00 05 86 81 20 10 00 05 93 9D 04 5E 12 11 00 E1 7E 7E 80 01 00 05 86 81 20 10 00 05 2E 5D 04 5F 12 11 00 9D 7E 7E 80 01 00 05 86 81 20 10 00 05 0C A8 04 60 12 11 00 75 7E 7E 80 01 00 05 86 81 20 10 00 05 55 F5 04 61 12 11 00 70 7E 7E 80 01 00 05 86 81 20 10 00 05 39 D7 04 62 12 11 00 3D 7E 7E 80 01 00 05 86 81 20 10 00 05 D9 1D 04 63 12 11 00 16 7E 7E 80 01 00 05 86 81 20 10 00 05 EF DC 04 64 12 11 00 E6 7E 7E 80 01 00 05 86 81 20 10 00 05 F3 70 04 65 12 11 00 57 7E 7E 80 01 00 05 86 81 20 10 00 05 21 03 04 66 12 11 00 F5 7E"}
{"ts":"2026-04-06T08:29:10.390Z","level":"INFO","device":"868120100005","event":"MEDIA_RX","detail":"7E 80 01 00 05 86 81 20 10 00 05 A1 51 04 67 12 11 00 26 7E 7E 80 01 00 05 86 81 20 10 00 05 30 FD 04 68 12 11 00 14 7E 7E 80 01 00 05 86 81 20 10 00 05 6C F3 04 69 12 11 00 47 7E 7E 80 01 00 05 86 81 20 10 00 05 FF D0 04 6A 12 11 00 F4 7E 7E 80 01 00 05 86 81 20 10 00 05 88 B5 04 6B 12 11 00 E7 7E 7E 80 01 00 05 86 81 20 10 00 05 16 06 04 6C 12 11 00 CD 7E 7E 80 01 00 05 86 81 20 10 00 05 A9 80 04 6D 12 11 00 F5 7E 7E 80 01 00 05 86 81 20 10 00 05 08 F7 04 6E 12 11 00 20 7E 7E 80 01 00 05 86 81 20 10 00 05 68 E1 04 6F 12 11 00 57 7E 7E 80 01 00 05 86 81 20 10 00 05 EB 93 04 70 12 11 00 B9 7E 7E 80 01 00 05 86 81 20 10 00 05 22 52 04 71 12 11 00 B0 7E 7E 80 01 00 05 86 81 20 10 00 05 E6 F6 04 72 12 11 00 D3 7E 7E 80 01 00 05 86 81 20 10 00 05 48 61 04 73 12 11 00 EB 7E 7E 80 01 00 05 86 81 20 10 00 05 BE 5F 04 74 12 11 00 24 7E 7E 80 01 00 05 86 81 20 10 00 05 EF 1E 04 75 12 11 00 35 7E 7E 80 01 00 05 86 81 20 10 00 05 E0 23 04 76 12 11 00 04 7E 7E 80 01 00 05 86 81 20 10 00 05 D2 16 04 77 12 11 00 02 7E 7E 80 01 00 05 86 81 20 10 00 05 A9 DE 04 78 12 11 00 BE 7E 7E 80 01 00 05 86 81 20 10 00 05 0C 51 04 79 12 11 00 95 7E 7E 80 01 00 05 86 81 20 10 00 05 BF 51 04 7A 12 11 00 25 7E 7E 80 01 00 05 86 81 20 10 00 05 B3 64 04 7B 12 11 00 1D 7E 7E 80 01 00 05 86 81 20 10 00 05 A9 E9 04 7C 12 11 00 8D 7E 7E 80 01 00 05 86 81 20 10 00 05 DC 23 04 7D 01 12 11 00 33 7E 7E 80 01 00 05 86 81 20 10 00 05 0A 84 04 7D 02 12 11 00 41 7E 7E 80 01 00 05 86 81 20 10 00 05 2F 56 04 7F 12 11 00 B7 7E 7E 80 01 00 05 86 81 20 10 00 05 0E 09 04 80 12 11 00 36 7E 7E 80 01 00 05 86 81 20 10 00 05 D3 BE 04 81 12 11 00 5D 7E 7E 80 01 00 05 86 81 20 10 00 05 8C 9F 04 82 12 11 00 20 7E 7E 80 01 00 05 86 81 20 10 00 05 41 AC 04 83 12 11 00 DF 7E 7E 80 01 00 05 86 81 20 10 00 05 8F BF 04 84 12 11 00 05 7E 7E 80 01 00 05 86 81 20 10 00 05 87 FF 04 85 12 11 00 4C 7E 7E 80 01 00 05 86 81 20 10 00 05 29 45 04 86 12 11 00 5B 7E 7E 80 01 00 05 86 81 20 10 00 05 E0 61 04 87 12 11 00 B7 7E 7E 80 01 00 05 86 81 20 10 00 05 5D 9B 04 88 12 11 00 FF 7E 7E 80 01 00 05 86 81 20 10 00 05 83 31 04 89 12 11 00 8A 7E 7E 80 01 00 05 86 81 20 10 00 05 40 67 04 8A 12 11 00 1C 7E 7E 80 01 00 05 86 81 20 10 00 05 0E D4 04 8B 12 11 00 E0 7E 7E 80 01 00 05 86 81 20 10 00 05 43 B3 04 8C 12 11 00 CD 7E 7E 80 01 00 05 86 81 20 10 00 05 87 90 04 8D 12 11 00 2B 7E"}
{"ts":"2026-04-06T08:29:10.600Z","level":"INFO","device":"868120100005","event":"MEDIA_RX","detail":"7E 80 01 00 05 86 81 20 10 00 05 7A 24 04 8E 12 11 00 61 7E 7E 80 01 00 05 86 81 20 10 00 05 B5 9E 04 8F 12 11 00 15 7E 7E 80 01 00 05 86 81 20 10 00 05 8A 1C 04 90 12 11 00 B7 7E 7E 80 01 00 05 86 81 20 10 00 05 94 E5 04 91 12 11 00 51 7E 7E 80 01 00 05 86 81 20 10 00 05 92 99 04 92 12 11 00 28 7E 7E 80 01 00 05 86 81 20 10 00 05 34 0A 04 93 12 11 00 1C 7E 7E 80 01 00 05 86 81 20 10 00 05 F3 AF 04 94 12 11 00 79 7E 7E 80 01 00 05 86 81 20 10 00 05 4E 26 04 95 12 11 00 4C 7E 7E 80 01 00 05 86 81 20 10 00 05 32 62 04 96 12 11 00 77 7E 7E 80 01 00 05 86 81 20 10 00 05 F9 58 04 97 12 11 00 87 7E 7E 80 01 00 05 86 81 20 10 00 05 86 F0 04 98 12 11 00 5F 7E 7E 80 01 00 05 86 81 20 10 00 05 43 FD 04 99 12 11 00 96 7E 7E 80 01 00 05 86 81 20 10 00 05 23 B4 04 9A 12 11 00 BC 7E 7E 80 01 00 05 86 81 20 10 00 05 68 83 04 9B 12 11 00 C1 7E 7E 80 01 00 05 86 81 20 10 00 05 DC 15 04 9C 12 11 00 E4 7E 7E 80 01 00 05 86 81 20 10 00 05 01 C4 04 9D 12 11 00 E9 7E 7E 80 01 00 05 86 81 20 10 00 05 BD 99 04 9E 12 11 00 0B 7E 7E 80 01 00 05 86 81 20 10 00 05 04 FD 04 9F 12 11 00 D7 7E 7E 80 01 00 05 86 81 20 10 00 05 96 A1 04 A0 12 11 00 26 7E 7E 80 01 00 05 86 81 20 10 00 05 23 73 04 A1 12 11 00 40 7E 7E 80 01 00 05 86 81 20 10 00 05 C0 A7 04 A2 12 11 00 74 7E 7E 80 01 00 05 86 81 20 10 00 05 3A 6B 04 A3 12 11 00 43 7E 7E 80 01 00 05 86 81 20 10 00 05 C8 18 04 A4 12 11 00 C5 7E 7E 80 01 00 05 86 81 20 10 00 05 07 D9 04 A5 12 11 00 CA 7E 7E 80 01 00 05 86 81 20 10 00 05 A6 31 04 A6 12 11 00 80 7E 7E 80 01 00 05 86 81 20 10 00 05 64 08 04 A7 12 11 00 7A 7E 7E 80 01 00 05 86 81 20 10 00 05 32 0A 04 A8 12 11 00 21 7E 7E 80 01 00 05 86 81 20 10 00 05 35 62 04 A9 12 11 00 4F 7E 7E 80 01 00 05 86 81 20 10 00 05 F6 35 04 AA 12 11 00 D8 7E 7E 80 01 00 05 86 81 20 10 00 05 D4 72 04 AB 12 11 00 BC 7E 7E 80 01 00 05 86 81 20 10 00 05 1B 38 04 AC 12 11 00 3E 7E 7E 80 01 00 05 86 81 20 10 00 05 96 28 04 AD 12 11 00 A2 7E 7E 80 01 00 05 86 81 20 10 00 05 05 AC 04 AE 12 11 00 B6 7E 7E 80 01 00 05 86 81 20 10 00 05 46 33 04 AF 12 11 00 6B 7E 7E 80 01 00 05 86 81 20 10 00 05 65 24 04 B0 12 11 00 40 7E 7E 80 01 00 05 86 81 20 10 00 05 CB 83 04 B1 12 11 00 48 7E 7E 80 01 00 05 86 81 20 10 00 05 D8 3E 04 B2 12 11 00 E5 7E 7E 80 01 00 05 86 81 20 10 00 05 52 6B 04 B3 12 11 00 3B 7E 7E 80 01 00 05 86 81 20 10 00 05 81 EE 04 B4 12 11 00 6A 7E"}
{"ts":"2026-04-06T08:29:10.811Z","level":"INFO","device":"868120100005","event":"MEDIA_RX","detail":"7E 80 01 00 05 86 81 20 10 00 05 9C 15 04 B5 12 11 00 8D 7E 7E 80 01 00 05 86 81 20 10 00 05 73 48 04 B6 12 11 00 3C 7E 7E 80 01 00 05 86 81 20 10 00 05 CC 14 04 B7 12 11 00 DE 7E 7E 80 01 00 05 86 81 20 10 00 05 DB F7 04 B8 12 11 00 25 7E 7E 80 01 00 05 86 81 20 10 00 05 F3 5F 04 B9 12 11 00 A4 7E 7E 80 01 00 05 86 81 20 10 00 05 1C 7F 04 BA 12 11 00 68 7E 7E 80 01 00 05 86 81 20 10 00 05 51 18 04 BB 12 11 00 43 7E 7E 80 01 00 05 86 81 20 10 00 05 87 90 04 BC 12 11 00 1A 7E 7E 80 01 00 05 86 81 20 10 00 05 8E EA 04 BD 12 11 00 68 7E 7E 80 01 00 05 86 81 20 10 00 05 3C C5 04 BE 12 11 00 F6 7E 7E 80 01 00 05 86 81 20 10 00 05 A6 0C 04 BF 12 11 00 A4 7E 7E 80 01 00 05 86 81 20 10 00 05 A5 A4 04 C0 12 11 00 70 7E 7E 80 01 00 05 86 81 20 10 00 05 7C 3A 04 C1 12 11 00 36 7E 7E 80 01 00 05 86 81 20 10 00 05 75 69 04 C2 12 11 00 6F 7E 7E 80 01 00 05 86 81 20 10 00 05 FE 62 04 C3 12 11 00 EE 7E 7E 80 01 00 05 86 81 20 10 00 05 91 0C 04 C4 12 11 00 E8 7E 7E 80 01 00 05 86 81 20 10 00 05 FA 40 04 C5 12 11 00 CE 7E 7E 80 01 00 05 86 81 20 10 00 05 39 74 04 C6 12 11 00 3A 7E 7E 80 01 00 05 86 81 20 10 00 05 53 12 04 C7 12 11 00 37 7E 7E 80 01 00 05 86 81 20 10 00 05 31 0B 04 C8 12 11 00 43 7E 7E 80 01 00 05 86 81 20 10 00 05 56 8E 04 C9 12 11 00 A0 7E 7E 80 01 00 05 86 81 20 10 00 05 67 59 04 CA 12 11 00 45 7E 7E 80 01 00 05 86 81 20 10 00 05 FF E3 04 CB 12 11 00 66 7E 7E 80 01 00 05 86 81 20 10 00 05 2C 06 04 CC 12 11 00 57 7E 7E 80 01 00 05 86 81 20 10 00 05 60 3D 04 CD 12 11 00 21 7E 7E 80 01 00 05 86 81 20 10 00 05 EE 7D 01 04 CE 12 11 00 EC 7E 7E 80 01 00 05 86 81 20 10 00 05 57 7F 04 CF 12 11 00 56 7E 7E 80 01 00 05 86 81 20 10 00 05 AA 91 04 D0 12 11 00 5A 7E 7E 80 01 00 05 86 81 20 10 00 05 41 AB 04 D1 12 11 00 8A 7E 7E 80 01 00 05 86 81 20 10 00 05 F7 80 04 D2 12 11 00 14 7E 7E 80 01 00 05 86 81 20 10 00 05 E5 C9 04 D3 12 11 00 4E 7E 7E 80 01 00 05 86 81 20 10 00 05 E0 E9 04 D4 12 11 00 6C 7E 7E 80 01 00 05 86 81 20 10 00 05 CD AA 04 D5 12 11 00 03 7E 7E 80 01 00 05 86 81 20 10 00 05 D1 77 04 D6 12 11 00 C1 7E 7E 80 01 00 05 86 81 20 10 00 05 2B 7A 04 D7 12 11 00 37 7E 7E 80 01 00 05 86 81 20 10 00 05 09 97 04 D8 12 11 00 F7 7E 7E 80 01 00 05 86 81 20 10 00 05 9A D1 04 D9 12 11 00 23 7E 7E 80 01 00 05 86 81 20 10 00 05 56 AC 04 DA 12 11 00 91 7E 7E 80 01 00 05 86 81 20 10 00 05 26 F1 04 DB 12 11 00 BD 7E 7E 80 01 00 05 86 81 20 10 00 05 C6 40 04 DC 12 11 00 EB 7E"}
{"ts":"2026-04-06T08:29:11.022Z","level":"INFO","device":"868120100005","event":"MEDIA_RX","detail":"7E 80 01 00 05 86 81 20 10 00 05 E3 19 04 DD 12 11 00 96 7E 7E 80 01 00 05 86 81 20 10 00 05 38 E5 04 DE 12 11 00 B2 7E 7E 80 01 00 05 86 81 20 10 00 05 08 F0 04 DF 12 11 00 96 7E 7E 80 01 00 05 86 81 20 10 00 05 A8 8E 04 E0 12 11 00 77 7E 7E 80 01 00 05 86 81 20 10 00 05 6B 3B 04 E1 12 11 00 00 7E 7E 80 01 00 05 86 81 20 10 00 05 2C D9 04 E2 12 11 00 A6 7E 7E 80 01 00 05 86 81 20 10 00 05 C7 F3 04 E3 12 11 00 66 7E 7E 80 01 00 05 86 81 20 10 00 05 33 D2 04 E4 12 11 00 B4 7E 7E 80 01 00 05 86 81 20 10 00 05 A7 F5 04 E5 12 11 00 06 7E 7E 80 01 00 05 86 81 20 10 00 05 8C 3C 04 E6 12 11 00 E7 7E 7E 80 01 00 05 86 81 20 10 00 05 77 B2 04 E7 12 11 00 93 7E 7E 80 01 00 05 86 81 20 10 00 05 7C 55 04 E8 12 11 00 70 7E 7E 80 01 00 05 86 81 20 10 00 05 CF DA 04 E9 12 11 00 4D 7E 7E 80 01 00 05 86 81 20 10 00 05 E7 14 04 EA 12 11 00 A8 7E 7E 80 01 00 05 86 81 20 10 00 05 09 73 04 EB 12 11 00 20 7E 7E 80 01 00 05 86 81 20 10 00 05 BE 19 04 EC 12 11 00 FA 7E 7E 80 01 00 05 86 81 20 10 00 05 BA B8 04 ED 12 11 00 5E 7E 7E 80 01 00 05 86 81 20 10 00 05 A7 60 04 EE 12 11 00 98 7E 7E 80 01 00 05 86 81 20 10 00 05 26 A3 04 EF 12 11 00 DB 7E 7E 80 01 00 05 86 81 20 10 00 05 AD 0A 04 F0 12 11 00 E6 7E 7E 80 01 00 05 86 81 20 10 00 05 2D BA 04 F1 12 11 00 D7 7E 7E 80 01 00 05 86 81 20 10 00 05 7D 01 06 04 F2 12 11 00 38 7E 7E 80 01 00 05 86 81 20 10 00 05 66 E8 04 F3 12 11 00 CC 7E 7E 80 01 00 05 86 81 20 10 00 05 E4 70 04 F4 12 11 00 D1 7E 7E 80 01 00 05 86 81 20 10 00 05 E1 EE 04 F5 12 11 00 4B 7E 7E 80 01 00 05 86 81 20 10 00 05 46 12 04 F6 12 11 00 13 7E 7E 80 01 00 05 86 81 20 10 00 05 41 8A 04 F7 12 11 00 8D 7E 7E 80 01 00 05 86 81 20 10 00 05 48 D5 04 F8 12 11 00 D4 7E 7E 80 01 00 05 86 81 20 10 00 05 03 D2 04 F9 12 11 00 99 7E 7E 80 01 00 05 86 81 20 10 00 05 76 68 04 FA 12 11 00 55 7E 7E 80 01 00 05 86 81 20 10 00 05 2B 60 04 FB 12 11 00 01 7E 7E 80 01 00 05 86 81 20 10 00 05 5D C6 04 FC 12 11 00 D6 7E 7E 80 01 00 05 86 81 20 10 00 05 F8 99 04 FD 12 11 00 2D 7E 7E 80 01 00 05 86 81 20 10 00 05 62 A7 04 FE 12 11 00 8A 7E 7E 80 01 00 05 86 81 20 10 00 05 66 2B 04 FF 12 11 00 03 7E 7E 80 01 00 05 86 81 20 10 00 05 9B 84 05 00 12 11 00 AF 7E 7E 80 01 00 05 86 81 20 10 00 05 A6 FD 05 01 12 11 00 EA 7E 7E 80 01 00 05 86 81 20 10 00 05 FD 8E 05 02 12 11 00 C1 7E 7E 80 01 00 05 86 81 20 10 00 05 E5 6B 05 03 12 11 00 3D 7E"}
{"ts":"2026-04-06T08:29:11.233Z","level":"INFO","device":"868120100005","event":"MEDIA_RX","detail":"7E 80 01 00 05 86 81 20 10 00 05 55 4F 05 04 12 11 00 AE 7E 7E 80 01 00 05 86 81 20 10 00 05 77 37 05 05 12 11 00 F5 7E 7E 80 01 00 05 86 81 20 10 00 05 94 A7 05 06 12 11 00 85 7E 7E 80 01 00 05 86 81 20 10 00 05 72 80 05 07 12 11 00 45 7E 7E 80 01 00 05 86 81 20 10 00 05 B2 97 05 08 12 11 00 9D 7E 7E 80 01 00 05 86 81 20 10 00 05 37 CC 05 09 12 11 00 42 7E 7E 80 01 00 05 86 81 20 10 00 05 48 03 05 0A 12 11 00 F1 7E 7E 80 01 00 05 86 81 20 10 00 05 93 00 05 0B 12 11 00 28 7E 7E 80 01 00 05 86 81 20 10 00 05 35 C9 05 0C 12 11 00 40 7E 7E 80 01 00 05 86 81 20 10 00 05 D8 3E 05 0D 12 11 00 5B 7E 7E 80 01 00 05 86 81 20 10 00 05 42 92 05 0E 12 11 00 6E 7E 7E 80 01 00 05 86 81 20 10 00 05 5C 6F 05 0F 12 11 00 8C 7E 7E 80 01 00 05 86 81 20 10 00 05 2D 14 05 10 12 11 00 99 7E 7E 80 01 00 05 86 81 20 10 00 05 CA F1 05 11 12 11 00 9A 7E 7E 80 01 00 05 86 81 20 10 00 05 7D 02 E9 05 12 12 11 00 35 7E 7E 80 01 00 05 86 81 20 10 00 05 DC CD 05 13 12 11 00 B2 7E 7E 80 01 00 05 86 81 20 10 00 05 50 15 05 14 12 11 00 E1 7E 7E 80 01 00 05 86 81 20 10 00 05 E3 0F 05 15 12 11 00 49 7E 7E 80 01 00 05 86 81 20 10 00 05 1D B7 05 16 12 11 00 0C 7E 7E 80 01 00 05 86 81 20 10 00 05 F0 48 05 17 12 11 00 1F 7E 7E 80 01 00 05 86 81 20 10 00 05 50 B5 05 18 12 11 00 4D 7E 7E 80 01 00 05 86 81 20 10 00 05 58 2B 05 19 12 11 00 DA 7E 7E 80 01 00 05 86 81 20 10 00 05 1B 77 05 1A 12 11 00 C6 7E 7E 80 01 00 05 86 81 20 10 00 05 0C E4 05 1B 12 11 00 43 7E 7E 80 01 00 05 86 81 20 10 00 05 C0 04 05 1C 12 11 00 68 7E 7E 80 01 00 05 86 81 20 10 00 05 B1 26 05 1D 12 11 00 3A 7E 7E 80 01 00 05 86 81 20 10 00 05 07 36 05 1E 12 11 00 9F 7E 7E 80 01 00 05 86 81 20 10 00 05 C8 19 05 1F 12 11 00 7D 02 7E 7E 80 01 00 05 86 81 20 10 00 05 26 B8 05 20 12 11 00 0E 7E 7E 80 01 00 05 86 81 20 10 00 05 DC 30 05 21 12 11 00 7D 01 7E 7E 80 01 00 05 86 81 20 10 00 05 DE AF 05 22 12 11 00 E3 7E 7E 80 01 00 05 86 81 20 10 00 05 EF 0C 05 23 12 11 00 70 7E 7E 80 01 00 05 86 81 20 10 00 05 D0 29 05 24 12 11 00 6D 7E 7E 80 01 00 05 86 81 20 10 00 05 13 16 05 25 12 11 00 90 7E 7E 80 01 00 05 86 81 20 10 00 05 1F 7B 05 26 12 11 00 F2 7E 7E 80 01 00 05 86 81 20 10 00 05 A1 76 05 27 12 11 00 40 7E 7E 80 01 00 05 86 81 20 10 00 05 D7 40 05 28 12 11 00 0F 7E 7E 80 01 00 05 86 81 20 10 00 05 1D 17 05 29 12 11 00 93 7E 7E 80 01 00 05 86 81 20 10 00 05 36 4B 05 2A 12 11 00 E7 7E 7E 80 01 00 05 86 81 20 10 00 05 1A 35 05 2B 12 11 00 B4 7E 7E 80 01 00 05 86 81 20 10 00 05 8E 7B 05 2C 12 11 00 69 7E"}
{"ts":"2026-04-06T08:29:11.445Z","level":"INFO","device":"868120100005","event":"MEDIA_RX","detail":"7E 80 01 00 05 86 81 20 10 00 05 48 24 05 2D 12 11 00 F1 7E 7E 80 01 00 05 86 81 20 10 00 05 9D E6 05 2E 12 11 00 E5 7E 7E 80 01 00 05 86 81 20 10 00 05 B4 D6 05 2F 12 11 00 FD 7E 7E 80 01 00 05 86 81 20 10 00 05 41 18 05 30 12 11 00 D9 7E 7E 80 01 00 05 86 81 20 10 00 05 74 22 05 31 12 11 00 D7 7E 7E 80 01 00 05 86 81 20 10 00 05 65 AA 05 32 12 11 00 4D 7E 7E 80 01 00 05 86 81 20 10 00 05 F3 75 05 33 12 11 00 05 7E 7E 80 01 00 05 86 81 20 10 00 05 14 25 05 34 12 11 00 B5 7E 7E 80 01 00 05 86 81 20 10 00 05 5C E3 05 35 12 11 00 3A 7E 7E 80 01 00 05 86 81 20 10 00 05 E1 00 05 36 12 11 00 67 7E 7E 80 01 00 05 86 81 20 10 00 05 E4 92 05 37 12 11 00 F1 7E 7E 80 01 00 05 86 81 20 10 00 05 BE C6 05 38 12 11 00 F0 7E 7E 80 01 00 05 86 81 20 10 00 05 81 68 05 39 12 11 00 60 7E 7E 80 01 00 05 86 81 20 10 00 05 3F E9 05 3A 12 11 00 5C 7E 7E 80 01 00 05 86 81 20 10 00 05 36 7D 01 05 3B 12 11 00 C0 7E 7E 80 01 00 05 86 81 20 10 00 05 E1 74 05 3C 12 11 00 19 7E 7E 80 01 00 05 86 81 20 10 00 05 8A EB 05 3D 12 11 00 EC 7E 7E 80 01 00 05 86 81 20 10 00 05 12 80 05 3E 12 11 00 1C 7E 7E 80 01 00 05 86 81 20 10 00 05 83 63 05 3F 12 11 00 6F 7E 7E 80 01 00 05 86 81 20 10 00 05 82 D1 05 40 12 11 00 A3 7E 7E 80 01 00 05 86 81 20 10 00 05 2C 06 05 41 12 11 00 DB 7E 7E 80 01 00 05 86 81 20 10 00 05 76 46 05 42 12 11 00 C2 7E 7E 80 01 00 05 86 81 20 10 00 05 C7 8C 05 43 12 11 00 B8 7E 7E 80 01 00 05 86 81 20 10 00 05 47 3C 05 44 12 11 00 8F 7E 7E 80 01 00 05 86 81 20 10 00 05 C4 51 05 45 12 11 00 60 7E 7E 80 01 00 05 86 81 20 10 00 05 93 98 05 46 12 11 00 FD 7E 7E 80 01 00 05 86 81 20 10 00 05 9E 50 05 47 12 11 00 39 7E 7E 80 01 00 05 86 81 20 10 00 05 E5 5A 05 48 12 11 00 47 7E 7E 80 01 00 05 86 81 20 10 00 05 2F 5C 05 49 12 11 00 8A 7E 7E 80 01 00 05 86 81 20 10 00 05 F9 59 05 4A 12 11 00 5A 7E 7E 80 01 00 05 86 81 20 10 00 05 E9 7D 01 05 4B 12 11 00 6F 7E 7E 80 01 00 05 86 81 20 10 00 05 22 79 05 4C 12 11 00 A7 7E 7E 80 01 00 05 86 81 20 10 00 05 CB 43 05 4D 12 11 00 75 7E 7E 80 01 00 05 86 81 20 10 00 05 4D 6B 05 4E 12 11 00 D8 7E 7E 80 01 00 05 86 81 20 10 00 05 D5 E5 05 4F 12 11 00 CF 7E 7E 80 01 00 05 86 81 20 10 00 05 81 7F 05 50 12 11 00 1E 7E 7E 80 01 00 05 86 81 20 10 00 05 16 4E 05 51 12 11 00 B9 7E 7E 80 01 00 05 86 81 20 10 00 05 47 07 05 52 12 11 00 A2 7E 7E 80 01 00 05 86 81 20 10 00 05 56 16 05 53 12 11 00 A3 7E"}
{"ts":"2026-04-06T08:29:11.657Z","level":"INFO","device":"868120100005","event":"MEDIA_RX","detail":"7E 80 01 00 05 86 81 20 10 00 05 F5 64 05 54 12 11 00 75 7E 7E 80 01 00 05 86 81 20 10 00 05 78 C8 05 55 12 11 00 55 7E 7E 80 01 00 05 86 81 20 10 00 05 BF D3 05 56 12 11 00 8A 7E 7E 80 01 00 05 86 81 20 10 00 05 0A 66 05 57 12 11 00 8B 7E 7E 80 01 00 05 86 81 20 10 00 05 95 DE 05 58 12 11 00 A3 7E 7E 80 01 00 05 86 81 20 10 00 05 F6 41 05 59 12 11 00 5E 7E 7E 80 01 00 05 86 81 20 10 00 05 83 C1 05 5A 12 11 00 A8 7E 7E 80 01 00 05 86 81 20 10 00 05 87 A0 05 5B 12 11 00 CC 7E 7E 80 01 00 05 86 81 20 10 00 05 57 B5 05 5C 12 11 00 0E 7E 7E 80 01 00 05 86 81 20 10 00 05 8B 49 05 5D 12 11 00 2F 7E 7E 80 01 00 05 86 81 20 10 00 05 A2 9A 05 5E 12 11 00 D6 7E 7E 80 01 00 05 86 81 20 10 00 05 6A BF 05 5F 12 11 00 3A 7E 7E 80 01 00 05 86 81 20 10 00 05 10 36 05 60 12 11 00 F6 7E 7E 80 01 00 05 86 81 20 10 00 05 5F 00 05 61 12 11 00 8E 7E 7E 80 01 00 05 86 81 20 10 00 05 DE A8 05 62 12 11 00 A4 7E 7E 80 01 00 05 86 81 20 10 00 05 F4 BF 05 63 12 11 00 98 7E 7E 80 01 00 05 86 81 20 10 00 05 46 CB 05 64 12 11 00 59 7E 7E 80 01 00 05 86 81 20 10 00 05 8B D4 05 65 12 11 00 8A 7E 7E 80 01 00 05 86 81 20 10 00 05 AC 32 05 66 12 11 00 48 7E 7E 80 01 00 05 86 81 20 10 00 05 01 BE 05 67 12 11 00 68 7E 7E 80 01 00 05 86 81 20 10 00 05 3A A7 05 68 12 11 00 45 7E 7E 80 01 00 05 86 81 20 10 00 05 A2 EA 05 69 12 11 00 91 7E 7E 80 01 00 05 86 81 20 10 00 05 C8 6E 05 6A 12 11 00 7C 7E 7E 80 01 00 05 86 81 20 10 00 05 F5 59 05 6B 12 11 00 77 7E 7E 80 01 00 05 86 81 20 10 00 05 5F 78 05 6C 12 11 00 FB 7E 7E 80 01 00 05 86 81 20 10 00 05 76 D6 05 6D 12 11 00 7D 01 7E 7E 80 01 00 05 86 81 20 10 00 05 85 E8 05 6E 12 11 00 B3 7E 7E 80 01 00 05 86 81 20 10 00 05 BA D8 05 6F 12 11 00 BD 7E 7E 80 01 00 05 86 81 20 10 00 05 DC 2F 05 70 12 11 00 33 7E 7E 80 01 00 05 86 81 20 10 00 05 44 76 05 71 12 11 00 F3 7E 7E 80 01 00 05 86 81 20 10 00 05 DE FF 05 72 12 11 00 E3 7E 7E 80 01 00 05 86 81 20 10 00 05 F1 E5 05 73 12 11 00 D7 7E 7E 80 01 00 05 86 81 20 10 00 05 3B 2A 05 74 12 11 00 D5 7E 7E 80 01 00 05 86 81 20 10 00 05 D6 C8 05 75 12 11 00 DB 7E 7E 80 01 00 05 86 81 20 10 00 05 1D 35 05 76 12 11 00 EE 7E 7E 80 01 00 05 86 81 20 10 00 05 B2 60 05 77 12 11 00 15 7E 7E 80 01 00 05 86 81 20 10 00 05 DD A1 05 78 12 11 00 B4 7E 7E 80 01 00 05 86 81 20 10 00 05 A2 25 05 79 12 11 00 4E 7E 7E 80 01 00 05 86 81 20 10 00 05 59 F5 05 7A 12 11 00 66 7E 7E 80 01 00 05 86 81 20 10 00 05 6A E3 05 7B 12 11 00 42 7E 7E 80 01 00 05 86 81 20 10 00 05 F6 3D 05 7C 12 11 00 07 7E"}
{"ts":"2026-04-06T08:29:11.872Z","level":"INFO","device":"868120100005","event":"MEDIA_RX","detail":"7E 80 01 00 05 86 81 20 10 00 05 5F 60 05 7D 01 12 11 00 F2 7E 7E 80 01 00 05 86 81 20 10 00 05 1B 9E 05 7D 02 12 11 00 4B 7E 7E 80 01 00 05 86 81 20 10 00 05 6D A0 05 7F 12 11 00 02 7E 7E 80 01 00 05 86 81 20 10 00 05 A0 18 05 80 12 11 00 88 7E 7E 80 01 00 05 86 81 20 10 00 05 FA 9E 05 81 12 11 00 55 7E 7E 80 01 00 05 86 81 20 10 00 05 C8 59 05 82 12 11 00 A3 7E 7E 80 01 00 05 86 81 20 10 00 05 3B AA 05 83 12 11 00 A2 7E 7E 80 01 00 05 86 81 20 10 00 05 3C 81 05 84 12 11 00 89 7E 7E 80 01 00 05 86 81 20 10 00 05 B6 CE 05 85 12 11 00 4D 7E 7E 80 01 00 05 86 81 20 10 00 05 CC 53 05 86 12 11 00 A9 7E 7E 80 01 00 05 86 81 20 10 00 05 F3 D6 05 87 12 11 00 12 7E 7E 80 01 00 05 86 81 20 10 00 05 E6 BE 05 88 12 11 00 60 7E 7E 80 01 00 05 86 81 20 10 00 05 B8 56 05 89 12 11 00 D7 7E 7E 80 01 00 05 86 81 20 10 00 05 F6 C2 05 8A 12 11 00 0E 7E 7E 80 01 00 05 86 81 20 10 00 05 33 42 05 8B 12 11 00 4A 7E 7E 80 01 00 05 86 81 20 10 00 05 D9 EA 05 8C 12 11 00 0F 7E 7E 80 01 00 05 86 81 20 10 00 05 4B 98 05 8D 12 11 00 EE 7E 7E 80 01 00 05 86 81 20 10 00 05 F1 EB 05 8E 12 11 00 24 7E 7E 80 01 00 05 86 81 20 10 00 05 DC EC 05 8F 12 11 00 0F 7E 7E 80 01 00 05 86 81 20 10 00 05 A0 8F 05 90 12 11 00 0F 7E 7E 80 01 00 05 86 81 20 10 00 05 29 E7 05 91 12 11 00 EF 7E 7E 80 01 00 05 86 81 20 10 00 05 D7 C4 05 92 12 11 00 31 7E 7E 80 01 00 05 86 81 20 10 00 05 B8 86 05 93 12 11 00 1D 7E 7E 80 01 00 05 86 81 20 10 00 05 C3 3F 05 94 12 11 00 D8 7E 7E 80 01 00 05 86 81 20 10 00 05 78 10 05 95 12 11 00 4D 7E 7E 80 01 00 05 86 81 20 10 00 05 24 2E 05 96 12 11 00 2C 7E 7E 80 01 00 05 86 81 20 10 00 05 27 3A 05 97 12 11 00 3A 7E 7E 80 01 00 05 86 81 20 10 00 05 E7 BB 05 98 12 11 00 74 7E 7E 80 01 00 05 86 81 20 10 00 05 33 33 05 99 12 11 00 29 7E 7E 80 01 00 05 86 81 20 10 00 05 6E 1F 05 9A 12 11 00 5B 7E 7E 80 01 00 05 86 81 20 10 00 05 2C 0E 05 9B 12 11 00 09 7E 7E 80 01 00 05 86 81 20 10 00 05 68 1C 05 9C 12 11 00 58 7E 7E 80 01 00 05 86 81 20 10 00 05 60 86 05 9D 12 11 00 CB 7E 7E 80 01 00 05 86 81 20 10 00 05 47 DE 05 9E 12 11 00 B7 7E 7E 80 01 00 05 86 81 20 10 00 05 90 07 05 9F 12 11 00 B8 7E 7E 80 01 00 05 86 81 20 10 00 05 FD 86 05 A0 12 11 00 6B 7E 7E 80 01 00 05 86 81 20 10 00 05 40 02 05 A1 12 11 00 53 7E 7E 80 01 00 05 86 81 20 10 00 05 85 DF 05 A2 12 11 00 48 7E 7E 80 01 00 05 86 81 20 10 00 05 20 48 05 A3 12 11 00 7B 7E"}
{"ts":"2026-04-06T08:29:12.083Z","level":"INFO","device":"868120100005","event":"MEDIA_RX","detail":"7E 80 01 00 05 86 81 20 10 00 05 83 38 05 A4 12 11 00 AF 7E 7E 80 01 00 05 86 81 20 10 00 05 EB 73 05 A5 12 11 00 8D 7E 7E 80 01 00 05 86 81 20 10 00 05 F7 DB 05 A6 12 11 00 3A 7E 7E 80 01 00 05 86 81 20 10 00 05 E9 3F 05 A7 12 11 00 C1 7E 7E 80 01 00 05 86 81 20 10 00 05 06 18 05 A8 12 11 00 06 7E 7E 80 01 00 05 86 81 20 10 00 05 6E A7 05 A9 12 11 00 D0 7E 7E 80 01 00 05 86 81 20 10 00 05 D5 7D 02 05 AA 12 11 00 B1 7E 7E 80 01 00 05 86 81 20 10 00 05 AE 14 05 AB 12 11 00 A1 7E 7E 80 01 00 05 86 81 20 10 00 05 B9 4D 05 AC 12 11 00 E8 7E 7E 80 01 00 05 86 81 20 10 00 05 96 7A 05 AD 12 11 00 F1 7E 7E 80 01 00 05 86 81 20 10 00 05 95 30 05 AE 12 11 00 BB 7E 7E 80 01 00 05 86 81 20 10 00 05 84 12 05 AF 12 11 00 89 7E 7E 80 01 00 05 86 81 20 10 00 05 8D FB 05 B0 12 11 00 76 7E 7E 80 01 00 05 86 81 20 10 00 05 B1 9F 05 B1 12 11 00 2F 7E 7E 80 01 00 05 86 81 20 10 00 05 62 60 05 B2 12 11 00 00 7E 7E 80 01 00 05 86 81 20 10 00 05 E2 FF 05 B3 12 11 00 1E 7E 7E 80 01 00 05 86 81 20 10 00 05 0F D7 05 B4 12 11 00 DC 7E 7E 80 01 00 05 86 81 20 10 00 05 01 AD 05 B5 12 11 00 A9 7E 7E 80 01 00 05 86 81 20 10 00 05 5F A0 05 B6 12 11 00 F9 7E 7E 80 01 00 05 86 81 20 10 00 05 2A F7 05 B7 12 11 00 DA 7E 7E 80 01 00 05 86 81 20 10 00 05 98 33 05 B8 12 11 00 A3 7E 7E 80 01 00 05 86 81 20 10 00 05 4B F0 05 B9 12 11 00 B2 7E 7E 80 01 00 05 86 81 20 10 00 05 3B 51 05 BA 12 11 00 60 7E 7E 80 01 00 05 86 81 20 10 00 05 39 2B 05 BB 12 11 00 19 7E 7E 80 01 00 05 86 81 20 10 00 05 24 9B 05 BC 12 11 00 B3 7E 7E 80 01 00 05 86 81 20 10 00 05 E4 1B 05 BD 12 11 00 F2 7E 7E 80 01 00 05 86 81 20 10 00 05 71 52 05 BE 12 11 00 2D 7E 7E 80 01 00 05 86 81 20 10 00 05 8E AF 05 BF 12 11 00 2E 7E 7E 80 01 00 05 86 81 20 10 00 05 AE E2 05 C0 12 11 00 3C 7E 7E 80 01 00 05 86 81 20 10 00 05 DB D6 05 C1 12 11 00 7C 7E 7E 80 01 00 05 86 81 20 10 00 05 F3 B7 05 C2 12 11 00 36 7E 7E 80 01 00 05 86 81 20 10 00 05 9B 5E 05 C3 12 11 00 B6 7E 7E 80 01 00 05 86 81 20 10 00 05 B2 3F 05 C4 12 11 00 F9 7E 7E 80 01 00 05 86 81 20 10 00 05 45 17 05 C5 12 11 00 27 7E 7E 80 01 00 05 86 81 20 10 00 05 52 94 05 C6 12 11 00 B0 7E 7E 80 01 00 05 86 81 20 10 00 05 42 39 05 C7 12 11 00 0C 7E 7E 80 01 00 05 86 81 20 10 00 05 82 9A 05 C8 12 11 00 60 7E 7E 80 01 00 05 86 81 20 10 00 05 53 61 05 C9 12 11 00 4B 7E 7E 80 01 00 05 86 81 20 10 00 05 62 B0 05 CA 12 11 00 A8 7E"}
{"ts":"2026-04-06T08:29:12.295Z","level":"INFO","device":"868120100005","event":"MEDIA_RX","detail":"7E 80 01 00 05 86 81 20 10 00 05 3C BF 05 CB 12 11 00 F8 7E 7E 80 01 00 05 86 81 20 10 00 05 F1 41 05 CC 12 11 00 CC 7E 7E 80 01 00 05 86 81 20 10 00 05 1E A2 05 CD 12 11 00 C1 7E 7E 80 01 00 05 86 81 20 10 00 05 65 67 05 CE 12 11 00 7C 7E 7E 80 01 00 05 86 81 20 10 00 05 F7 50 05 CF 12 11 00 D8 7E 7E 80 01 00 05 86 81 20 10 00 05 0C CF 05 D0 12 11 00 A3 7E 7E 80 01 00 05 86 81 20 10 00 05 4D 93 05 D1 12 11 00 BF 7E 7E 80 01 00 05 86 81 20 10 00 05 F0 D8 05 D2 12 11 00 4A 7E 7E 80 01 00 05 86 81 20 10 00 05 46 01 05 D3 12 11 00 24 7E 7E 80 01 00 05 86 81 20 10 00 05 2E E1 05 D4 12 11 00 AB 7E 7E 80 01 00 05 86 81 20 10 00 05 00 F7 05 D5 12 11 00 92 7E 7E 80 01 00 05 86 81 20 10 00 05 FC E0 05 D6 12 11 00 7A 7E 7E 80 01 00 05 86 81 20 10 00 05 50 EA 05 D7 12 11 00 DD 7E 7E 80 01 00 05 86 81 20 10 00 05 EF 08 05 D8 12 11 00 8F 7E 7E 80 01 00 05 86 81 20 10 00 05 16 48 05 D9 12 11 00 37 7E 7E 80 01 00 05 86 81 20 10 00 05 57 52 05 DA 12 11 00 6F 7E 7E 80 01 00 05 86 81 20 10 00 05 AF B4 05 DB 12 11 00 70 7E 7E 80 01 00 05 86 81 20 10 00 05 91 E2 05 DC 12 11 00 1F 7E 7E 80 01 00 05 86 81 20 10 00 05 CC 6E 05 DD 12 11 00 CF 7E 7E 80 01 00 05 86 81 20 10 00 05 FB 95 05 DE 12 11 00 00 7E 7E 80 01 00 05 86 81 20 10 00 05 E1 2D 05 DF 12 11 00 A3 7E 7E 80 01 00 05 86 81 20 10 00 05 18 CF 05 E0 12 11 00 87 7E 7E 80 01 00 05 86 81 20 10 00 05 C2 39 05 E1 12 11 00 AA 7E 7E 80 01 00 05 86 81 20 10 00 05 0C 5C 05 E2 12 11 00 02 7E 7E 80 01 00 05 86 81 20 10 00 05 90 78 05 E3 12 11 00 BB 7E 7E 80 01 00 05 86 81 20 10 00 05 11 D2 05 E4 12 11 00 97 7E 7E 80 01 00 05 86 81 20 10 00 05 9C 39 05 E5 12 11 00 F0 7E 7E 80 01 00 05 86 81 20 10 00 05 F5 0A 05 E6 12 11 00 A9 7E 7E 80 01 00 05 86 81 20 10 00 05 4C 21 05 E7 12 11 00 3A 7E 7E 80 01 00 05 86 81 20 10 00 05 38 85 05 E8 12 11 00 E5 7E 7E 80 01 00 05 86 81 20 10 00 05 A2 6F 05 E9 12 11 00 94 7E 7E 80 01 00 05 86 81 20 10 00 05 60 D3 05 EA 12 11 00 E9 7E 7E 80 01 00 05 86 81 20 10 00 05 D7 29 05 EB 12 11 00 A5 7E 7E 80 01 00 05 86 81 20 10 00 05 DC 71 05 EC 12 11 00 F1 7E 7E 80 01 00 05 86 81 20 10 00 05 47 67 05 ED 12 11 00 7D 01 7E 7E 80 01 00 05 86 81 20 10 00 05 89 49 05 EE 12 11 00 9E 7E 7E 80 01 00 05 86 81 20 10 00 05 26 6F 05 EF 12 11 00 16 7E 7E 80 01 00 05 86 81 20 10 00 05 7D 01 19 05 F0 12 11 00 24 7E 7E 80 01 00 05 86 81 20 10 00 05 D1 72 05 F1 12 11 00 E2 7E 7E 80 01 00 05 86 81 20 10 00 05 6F 6E 05 F2 12 11 00 43 7E"}
{"ts":"2026-04-06T08:29:12.506Z","level":"INFO","device":"868120100005","event":"MEDIA_RX","detail":"7E 80 01 00 05 86 81 20 10 00 05 C0 4C 05 F3 12 11 00 CF 7E 7E 80 01 00 05 86 81 20 10 00 05 5D 68 05 F4 12 11 00 71 7E 7E 80 01 00 05 86 81 20 10 00 05 B6 78 05 F5 12 11 00 8B 7E 7E 80 01 00 05 86 81 20 10 00 05 65 A4 05 F6 12 11 00 87 7E 7E 80 01 00 05 86 81 20 10 00 05 B2 A8 05 F7 12 11 00 5D 7E 7E 80 01 00 05 86 81 20 10 00 05 9D A4 05 F8 12 11 00 71 7E 7E 80 01 00 05 86 81 20 10 00 05 8F D7 05 F9 12 11 00 11 7E 7E 80 01 00 05 86 81 20 10 00 05 66 7F 05 FA 12 11 00 53 7E 7E 80 01 00 05 86 81 20 10 00 05 3E F1 05 FB 12 11 00 84 7E 7E 80 01 00 05 86 81 20 10 00 05 6F E1 05 FC 12 11 00 C2 7E 7E 80 01 00 05 86 81 20 10 00 05 1A 7D 02 05 FD 12 11 00 29 7E 7E 80 01 00 05 86 81 20 10 00 05 83 40 05 FE 12 11 00 8D 7E 7E 80 01 00 05 86 81 20 10 00 05 E5 07 05 FF 12 11 00 AD 7E 7E 80 01 00 05 86 81 20 10 00 05 04 A9 06 00 12 11 00 1E 7E 7E 80 01 00 05 86 81 20 10 00 05 6E B5 06 01 12 11 00 69 7E 7E 80 01 00 05 86 81 20 10 00 05 66 28 06 02 12 11 00 FF 7E 7E 80 01 00 05 86 81 20 10 00 05 34 B3 06 03 12 11 00 37 7E 7E 80 01 00 05 86 81 20 10 00 05 BA 04 06 04 12 11 00 09 7E 7E 80 01 00 05 86 81 20 10 00 05 A5 5A 06 05 12 11 00 49 7E 7E 80 01 00 05 86 81 20 10 00 05 3D EB 06 06 12 11 00 63 7E 7E 80 01 00 05 86 81 20 10 00 05 EB 7D 02 06 07 12 11 00 21 7E 7E 80 01 00 05 86 81 20 10 00 05 38 4F 06 08 12 11 00 CC 7E 7E 80 01 00 05 86 81 20 10 00 05 DF 5C 06 09 12 11 00 39 7E 7E 80 01 00 05 86 81 20 10 00 05 7D 02 AD 06 0A 12 11 00 6A 7E 7E 80 01 00 05 86 81 20 10 00 05 24 B4 06 0B 12 11 00 28 7E 7E 80 01 00 05 86 81 20 10 00 05 1B 82 06 0C 12 11 00 26 7E 7E 80 01 00 05 86 81 20 10 00 05 08 6E 06 0D 12 11 00 D8 7E 7E 80 01 00 05 86 81 20 10 00 05 D7 A1 06 0E 12 11 00 CB 7E"}
{"ts":"2026-04-06T08:29:12.718Z","level":"INFO","device":"868120100005","event":"MEDIA_RX","detail":"7E 80 01 00 05 86 81 20 10 00 05 CD 7C 06 0F 12 11 00 0D 7E 7E 80 01 00 05 86 81 20 10 00 05 25 CA 06 10 12 11 00 4C 7E 7E 80 01 00 05 86 81 20 10 00 05 70 94 06 11 12 11 00 46 7E 7E 80 01 00 05 86 81 20 10 00 05 EC D3 06 12 12 11 00 9E 7E 7E 80 01 00 05 86 81 20 10 00 05 D3 FF 06 13 12 11 00 8C 7E 7E 80 01 00 05 86 81 20 10 00 05 BA 05 06 14 12 11 00 18 7E 7E 80 01 00 05 86 81 20 10 00 05 92 EE 06 15 12 11 00 DA 7E 7E 80 01 00 05 86 81 20 10 00 05 3B AC 06 16 12 11 00 32 7E 7E 80 01 00 05 86 81 20 10 00 05 DE B9 06 17 12 11 00 C3 7E 7E 80 01 00 05 86 81 20 10 00 05 AE B4 06 18 12 11 00 B1 7E 7E 80 01 00 05 86 81 20 10 00 05 1B 26 06 19 12 11 00 97 7E 7E 80 01 00 05 86 81 20 10 00 05 69 FE 06 1A 12 11 00 3E 7E 7E 80 01 00 05 86 81 20 10 00 05 3A 9E 06 1B 12 11 00 0C 7E 7E 80 01 00 05 86 81 20 10 00 05 A5 FE 06 1C 12 11 00 F4 7E 7E 80 01 00 05 86 81 20 10 00 05 20 0B 06 1D 12 11 00 85 7E 7E 80 01 00 05 86 81 20 10 00 05 06 2F 06 1E 12 11 00 84 7E 7E 80 01 00 05 86 81 20 10 00 05 AA A1 06 1F 12 11 00 A7 7E 7E 80 01 00 05 86 81 20 10 00 05 E1 36 06 20 12 11 00 44 7E 7E 80 01 00 05 86 81 20 10 00 05 97 8B 06 21 12 11 00 8E 7E 7E 80 01 00 05 86 81 20 10 00 05 60 0A 06 22 12 11 00 FB 7E 7E 80 01 00 05 86 81 20 10 00 05 39 D0 06 23 12 11 00 79 7E 7E 80 01 00 05 86 81 20 10 00 05 EC 88 06 24 12 11 00 F3 7E 7E 80 01 00 05 86 81 20 10 00 05 30 61 06 25 12 11 00 C7 7E 7E 80 01 00 05 86 81 20 10 00 05 38 B2 06 26 12 11 00 1F 7E 7E 80 01 00 05 86 81 20 10 00 05 D9 2A 06 27 12 11 00 67 7E 7E 80 01 00 05 86 81 20 10 00 05 21 1C 06 28 12 11 00 A6 7E 7E 80 01 00 05 86 81 20 10 00 05 3C 8C 06 29 12 11 00 2A 7E 7E 80 01 00 05 86 81 20 10 00 05 80 09 06 2A 12 11 00 10 7E 7E 80 01 00 05 86 81 20 10 00 05 40 92 06 2B 12 11 00 4A 7E 7E 80 01 00 05 86 81 20 10 00 05 8A 03 06 2C 12 11 00 16 7E 7E 80 01 00 05 86 81 20 10 00 05 F1 99 06 2D 12 11 00 F6 7E 7E 80 01 00 05 86 81 20 10 00 05 5D 36 06 2E 12 11 00 F6 7E 7E 80 01 00 05 86 81 20 10 00 05 0F D6 06 2F 12 11 00 45 7E 7E 80 01 00 05 86 81 20 10 00 05 6E 88 06 30 12 11 00 65 7E 7E 80 01 00 05 86 81 20 10 00 05 5A 73 06 31 12 11 00 AB 7E 7E 80 01 00 05 86 81 20 10 00 05 33 42 06 32 12 11 00 F0 7E 7E 80 01 00 05 86 81 20 10 00 05 3E 11 06 33 12 11 00 AF 7E 7E 80 01 00 05 86 81 20 10 00 05 B4 6E 06 34 12 11 00 5D 7E 7E 80 01 00 05 86 81 20 10 00 05 4D F4 06 35 12 11 00 3F 7E 7E 80 01 00 05 86 81 20 10 00 05 69 6A 06 36 12 11 00 86 7E 7E 80 01 00 05 86 81 20 10 00 05 8B 2C 06 37 12 11 00 23 7E 7E 80 01 00 05 86 81 20 10 00 05 FD 65 06 38 12 11 00 13 7E 7E 80 01 00 05 86 81 20 10 00 05 D7 6B 06 39 12 11 00 36 7E 7E 80 01 00 05 86 81 20 10 00 05 F1 3A 06 3A 12 11 00 42 7E 7E 80 01 00 05 86 81 20 10 00 05 11 A0 06 3B 12 11 00 39 7E 7E 80 01 00 05 86 81 20 10 00 05 36 6B 06 3C 12 11 00 D2 7E 7E 80 01 00 05 86 81 20 10 00 05 F1 00 06 3D 12 11 00 7F 7E 7E 80 01 00 05 86 81 20 10 00 05 4A 61 06 3E 12 11 00 A6 7E 7E 80 01 00 05 86 81 20 10 00 05 03 36 06 3F 12 11 00 B9 7E 7E 80 01 00 05 86 81 20 10 00 05 36 1A 06 40 12 11 00 DF 7E 7E 80 01 00 05 86 81 20 10 00 05 7C DF 06 41 12 11 00 51 7E"}
{"ts":"2026-04-06T08:29:12.928Z","level":"INFO","device":"868120100005","event":"MEDIA_RX","detail":"7E 80 01 00 05 86 81 20 10 00 05 F7 86 06 42 12 11 00 80 7E 7E 80 01 00 05 86 81 20 10 00 05 ED D0 06 43 12 11 00 CD 7E 7E 80 01 00 05 86 81 20 10 00 05 D8 BB 06 44 12 11 00 94 7E 7E 80 01 00 05 86 81 20 10 00 05 80 CF 06 45 12 11 00 B9 7E 7E 80 01 00 05 86 81 20 10 00 05 1B E1 06 46 12 11 00 0F 7E 7E 80 01 00 05 86 81 20 10 00 05 DF 78 06 47 12 11 00 53 7E 7E 80 01 00 05 86 81 20 10 00 05 05 99 06 48 12 11 00 67 7E 7E 80 01 00 05 86 81 20 10 00 05 1B 23 06 49 12 11 00 C2 7E 7E 80 01 00 05 86 81 20 10 00 05 87 A4 06 4A 12 11 00 DA 7E 7E 80 01 00 05 86 81 20 10 00 05 46 A4 06 4B 12 11 00 1A 7E 7E 80 01 00 05 86 81 20 10 00 05 7D 01 E3 06 4C 12 11 00 61 7E 7E 80 01 00 05 86 81 20 10 00 05 6F 33 06 4D 12 11 00 A2 7E 7E 80 01 00 05 86 81 20 10 00 05 B7 19 06 4E 12 11 00 53 7E 7E 80 01 00 05 86 81 20 10 00 05 F3 6B 06 4F 12 11 00 64 7E 7E 80 01 00 05 86 81 20 10 00 05 88 A2 06 50 12 11 00 C9 7E 7E 80 01 00 05 86 81 20 10 00 05 9D 2C 06 51 12 11 00 53 7E 7E 80 01 00 05 86 81 20 10 00 05 30 36 06 52 12 11 00 E7 7E 7E 80 01 00 05 86 81 20 10 00 05 38 4E 06 53 12 11 00 96 7E 7E 80 01 00 05 86 81 20 10 00 05 66 63 06 54 12 11 00 E2 7E 7E 80 01 00 05 86 81 20 10 00 05 19 71 06 55 12 11 00 8E 7E 7E 80 01 00 05 86 81 20 10 00 05 2E 33 06 56 12 11 00 F8 7E 7E 80 01 00 05 86 81 20 10 00 05 B9 53 06 57 12 11 00 0E 7E 7E 80 01 00 05 86 81 20 10 00 05 7A DF 06 58 12 11 00 4E 7E 7E 80 01 00 05 86 81 20 10 00 05 E8 63 06 59 12 11 00 61 7E 7E 80 01 00 05 86 81 20 10 00 05 43 98 06 5A 12 11 00 32 7E 7E 80 01 00 05 86 81 20 10 00 05 55 48 06 5B 12 11 00 F5 7E 7E 80 01 00 05 86 81 20 10 00 05 64 D7 06 5C 12 11 00 5C 7E 7E 80 01 00 05 86 81 20 10 00 05 CF 4A 06 5D 12 11 00 6B 7E 7E 80 01 00 05 86 81 20 10 00 05 0A C0 06 5E 12 11 00 27 7E 7E 80 01 00 05 86 81 20 10 00 05 68 D8 06 5F 12 11 00 5C 7E 7E 80 01 00 05 86 81 20 10 00 05 42 F6 06 60 12 11 00 67 7E 7E 80 01 00 05 86 81 20 10 00 05 CF 39 06 61 12 11 00 24 7E 7E 80 01 00 05 86 81 20 10 00 05 86 A5 06 62 12 11 00 F2 7E 7E 80 01 00 05 86 81 20 10 00 05 16 71 06 63 12 11 00 B7 7E 7E 80 01 00 05 86 81 20 10 00 05 49 BF 06 64 12 11 00 21 7E 7E 80 01 00 05 86 81 20 10 00 05 7C 27 06 65 12 11 00 8D 7E 7E 80 01 00 05 86 81 20 10 00 05 55 41 06 66 12 11 00 C1 7E 7E 80 01 00 05 86 81 20 10 00 05 42 29 06 67 12 11 00 BF 7E 7E 80 01 00 05 86 81 20 10 00 05 9E A0 06 68 12 11 00 E5 7E"}
{"ts":"2026-04-06T08:29:13.139Z","level":"INFO","device":"868120100005","event":"MEDIA_RX","detail":"7E 80 01 00 05 86 81 20 10 00 05 71 E9 06 69 12 11 00 42 7E 7E 80 01 00 05 86 81 20 10 00 05 C4 03 06 6A 12 11 00 1E 7E 7E 80 01 00 05 86 81 20 10 00 05 5A 43 06 6B 12 11 00 C1 7E 7E 80 01 00 05 86 81 20 10 00 05 F5 A1 06 6C 12 11 00 8B 7E 7E 80 01 00 05 86 81 20 10 00 05 33 45 06 6D 12 11 00 A8 7E 7E 80 01 00 05 86 81 20 10 00 05 FA 8D 06 6E 12 11 00 AA 7E 7E 80 01 00 05 86 81 20 10 00 05 88 31 06 6F 12 11 00 65 7E 7E 80 01 00 05 86 81 20 10 00 05 06 F5 06 70 12 11 00 30 7E 7E 80 01 00 05 86 81 20 10 00 05 D0 32 06 71 12 11 00 20 7E 7E 80 01 00 05 86 81 20 10 00 05 D2 B1 06 72 12 11 00 A2 7E 7E 80 01 00 05 86 81 20 10 00 05 31 02 06 73 12 11 00 F3 7E 7E 80 01 00 05 86 81 20 10 00 05 B5 9E 06 74 12 11 00 EC 7E 7E 80 01 00 05 86 81 20 10 00 05 F3 EB 06 75 12 11 00 DE 7E 7E 80 01 00 05 86 81 20 10 00 05 3B 91 06 76 12 11 00 6F 7E 7E 80 01 00 05 86 81 20 10 00 05 0A 5F 06 77 12 11 00 91 7E 7E 80 01 00 05 86 81 20 10 00 05 89 C7 06 78 12 11 00 85 7E 7E 80 01 00 05 86 81 20 10 00 05 51 77 06 79 12 11 00 EC 7E 7E 80 01 00 05 86 81 20 10 00 05 F3 F4 06 7A 12 11 00 CE 7E 7E 80 01 00 05 86 81 20 10 00 05 03 9A 06 7B 12 11 00 51 7E 7E 80 01 00 05 86 81 20 10 00 05 4A BE 06 7C 12 11 00 3B 7E 7E 80 01 00 05 86 81 20 10 00 05 78 EA 06 7D 01 12 11 00 5C 7E 7E 80 01 00 05 86 81 20 10 00 05 1C 72 06 7D 02 12 11 00 A3 7E 7E 80 01 00 05 86 81 20 10 00 05 BB F4 06 7F 12 11 00 83 7E 7E 80 01 00 05 86 81 20 10 00 05 1E 4E 06 80 12 11 00 63 7E 7E 80 01 00 05 86 81 20 10 00 05 6E BE 06 81 12 11 00 E2 7E 7E 80 01 00 05 86 81 20 10 00 05 A5 1F 06 82 12 11 00 8B 7E 7E 80 01 00 05 86 81 20 10 00 05 A5 30 06 83 12 11 00 A5 7E 7E 80 01 00 05 86 81 20 10 00 05 B6 D6 06 84 12 11 00 57 7E 7E 80 01 00 05 86 81 20 10 00 05 9A 7D 02 06 85 12 11 00 D2 7E 7E 80 01 00 05 86 81 20 10 00 05 5E 8D 06 86 12 11 00 E6 7E 7E 80 01 00 05 86 81 20 10 00 05 E4 C8 06 87 12 11 00 18 7E 7E 80 01 00 05 86 81 20 10 00 05 3F 06 06 88 12 11 00 02 7E 7E 80 01 00 05 86 81 20 10 00 05 86 44 06 89 12 11 00 F8 7E 7E 80 01 00 05 86 81 20 10 00 05 A2 C3 06 8A 12 11 00 58 7E 7E 80 01 00 05 86 81 20 10 00 05 E3 78 06 8B 12 11 00 A3 7E 7E 80 01 00 05 86 81 20 10 00 05 91 8B 06 8C 12 11 00 25 7E 7E 80 01 00 05 86 81 20 10 00 05 F4 3D 06 8D 12 11 00 F7 7E 7E 80 01 00 05 86 81 20 10 00 05 4C 7D 01 06 8E 12 11 00 0C 7E 7E 80 01 00 05 86 81 20 10 00 05 2B BB 06 8F 12 11 00 AC 7E 7E 80 01 00 05 86 81 20 10 00 05 6A 82 06 90 12 11 00 CB 7E"}
{"ts":"2026-04-06T08:29:13.351Z","level":"INFO","device":"868120100005","event":"MEDIA_RX","detail":"7E 80 01 00 05 86 81 20 10 00 05 CB 82 06 91 12 11 00 6B 7E 7E 80 01 00 05 86 81 20 10 00 05 E6 F2 06 92 12 11 00 35 7E 7E 80 01 00 05 86 81 20 10 00 05 D4 3A 06 93 12 11 00 CE 7E 7E 80 01 00 05 86 81 20 10 00 05 B9 91 06 94 12 11 00 0F 7E 7E 80 01 00 05 86 81 20 10 00 05 8B 26 06 95 12 11 00 8B 7E 7E 80 01 00 05 86 81 20 10 00 05 33 E7 06 96 12 11 00 F1 7E 7E 80 01 00 05 86 81 20 10 00 05 3C AA 06 97 12 11 00 B2 7E 7E 80 01 00 05 86 81 20 10 00 05 78 5A 06 98 12 11 00 09 7E 7E 80 01 00 05 86 81 20 10 00 05 68 2F 06 99 12 11 00 6D 7E 7E 80 01 00 05 86 81 20 10 00 05 6E 03 06 9A 12 11 00 44 7E 7E 80 01 00 05 86 81 20 10 00 05 FD 03 06 9B 12 11 00 D6 7E 7E 80 01 00 05 86 81 20 10 00 05 11 C3 06 9C 12 11 00 FD 7E 7E 80 01 00 05 86 81 20 10 00 05 23 D8 06 9D 12 11 00 D5 7E 7E 80 01 00 05 86 81 20 10 00 05 E6 88 06 9E 12 11 00 43 7E 7E 80 01 00 05 86 81 20 10 00 05 2E 69 06 9F 12 11 00 6B 7E 7E 80 01 00 05 86 81 20 10 00 05 A4 3B 06 A0 12 11 00 8C 7E 7E 80 01 00 05 86 81 20 10 00 05 51 58 06 A1 12 11 00 1B 7E 7E 80 01 00 05 86 81 20 10 00 05 7D 02 09 06 A2 12 11 00 66 7E 7E 80 01 00 05 86 81 20 10 00 05 F4 D8 06 A3 12 11 00 3C 7E 7E 80 01 00 05 86 81 20 10 00 05 09 21 06 A4 12 11 00 3F 7E 7E 80 01 00 05 86 81 20 10 00 05 90 EF 06 A5 12 11 00 69 7E 7E 80 01 00 05 86 81 20 10 00 05 14 A9 06 A6 12 11 00 A8 7E 7E 80 01 00 05 86 81 20 10 00 05 DA 7C 06 A7 12 11 00 B2 7E 7E 80 01 00 05 86 81 20 10 00 05 53 FC 06 A8 12 11 00 B4 7E 7E 80 01 00 05 86 81 20 10 00 05 A2 7F 06 A9 12 11 00 C7 7E 7E 80 01 00 05 86 81 20 10 00 05 84 91 06 AA 12 11 00 0C 7E 7E 80 01 00 05 86 81 20 10 00 05 4B 19 06 AB 12 11 00 4A 7E 7E 80 01 00 05 86 81 20 10 00 05 A0 B8 06 AC 12 11 00 07 7E 7E 80 01 00 05 86 81 20 10 00 05 21 ED 06 AD 12 11 00 D2 7E 7E 80 01 00 05 86 81 20 10 00 05 66 E8 06 AE 12 11 00 93 7E 7E 80 01 00 05 86 81 20 10 00 05 D9 DE 06 AF 12 11 00 1B 7E 7E 80 01 00 05 86 81 20 10 00 05 F6 84 06 B0 12 11 00 71 7E 7E 80 01 00 05 86 81 20 10 00 05 A9 25 06 B1 12 11 00 8E 7E 7E 80 01 00 05 86 81 20 10 00 05 5A 4E 06 B2 12 11 00 15 7E 7E 80 01 00 05 86 81 20 10 00 05 90 C0 06 B3 12 11 00 50 7E 7E 80 01 00 05 86 81 20 10 00 05 5C 37 06 B4 12 11 00 6C 7E 7E 80 01 00 05 86 81 20 10 00 05 1B FE 06 B5 12 11 00 E3 7E 7E 80 01 00 05 86 81 20 10 00 05 31 50 06 B6 12 11 00 64 7E 7E 80 01 00 05 86 81 20 10 00 05 87 00 06 B7 12 11 00 83 7E 7E 80 01 00 05 86 81 20 10 00 05 11 C9 06 B8 12 11 00 D3 7E"}
{"ts":"2026-04-06T08:29:13.489Z","level":"INFO","device":"868120100005","event":"SENT_1212","detail":"02_64_6401_03_86812010000500260406082902010200.mp4"}
{"ts":"2026-04-06T08:29:13.563Z","level":"INFO","device":"868120100005","event":"MEDIA_RX","detail":"7E 80 01 00 05 86 81 20 10 00 05 5F 42 06 B9 12 11 00 17 7E 7E 80 01 00 05 86 81 20 10 00 05 E7 61 06 BA 12 11 00 8F 7E 7E 80 01 00 05 86 81 20 10 00 05 1D 0A 06 BB 12 11 00 1F 7E 7E 80 01 00 05 86 81 20 10 00 05 E7 0B 06 BC 12 11 00 E3 7E 7E 80 01 00 05 86 81 20 10 00 05 5C FE 06 BD 12 11 00 AC 7E 7E 80 01 00 05 86 81 20 10 00 05 CF D1 06 BE 12 11 00 13 7E 7E 80 01 00 05 86 81 20 10 00 05 0F DC 06 BF 12 11 00 DF 7E 7E 80 01 00 05 86 81 20 10 00 05 9A 2A 06 C0 12 11 00 C3 7E 7E 80 01 00 05 86 81 20 10 00 05 9D 2E 06 C1 12 11 00 C1 7E 7E 80 01 00 05 86 81 20 10 00 05 9E C8 06 C2 12 11 00 27 7E 7E 80 01 00 05 86 81 20 10 00 05 25 AA 06 C3 12 11 00 FF 7E 7E 80 01 00 05 86 81 20 10 00 05 08 46 06 C4 12 11 00 39 7E 7E 80 01 00 05 86 81 20 10 00 05 49 93 06 C5 12 11 00 AC 7E 7E 80 01 00 05 86 81 20 10 00 05 7B 7B 06 C6 12 11 00 75 7E 7E 80 01 00 05 86 81 20 10 00 05 30 C7 06 C7 12 11 00 83 7E 7E 80 01 00 05 86 81 20 10 00 05 E2 9F 06 C8 12 11 00 06 7E 7E 80 01 00 05 86 81 20 10 00 05 55 A1 06 C9 12 11 00 8E 7E 7E 80 01 00 05 86 81 20 10 00 05 38 A6 06 CA 12 11 00 E7 7E 7E 80 01 00 05 86 81 20 10 00 05 B1 8D 06 CB 12 11 00 44 7E 7E 80 01 00 05 86 81 20 10 00 05 0D 76 06 CC 12 11 00 04 7E 7E 80 01 00 05 86 81 20 10 00 05 2B 21 06 CD 12 11 00 74 7E 7E 80 01 00 05 86 81 20 10 00 05 09 94 06 CE 12 11 00 E0 7E 7E 80 01 00 05 86 81 20 10 00 05 37 04 06 CF 12 11 00 4F 7E 7E 80 01 00 05 86 81 20 10 00 05 87 37 06 D0 12 11 00 D3 7E 7E 80 01 00 05 86 81 20 10 00 05 EF 94 06 D1 12 11 00 19 7E 7E 80 01 00 05 86 81 20 10 00 05 53 19 06 D2 12 11 00 2B 7E 7E 80 01 00 05 86 81 20 10 00 05 8D 30 06 D3 12 11 00 DD 7E"}
{"ts":"2026-04-06T08:29:13.789Z","level":"INFO","device":"868120100005","event":"BATCH_COMPLETE","detail":"All 2 files sent"}
{"ts":"2026-04-06T08:29:14.216Z","level":"ERROR","device":"868120100005","event":"MEDIA_ERROR","detail":"54.37.225.65:3378 — read ECONNRESET"}
{"ts":"2026-04-06T08:29:14.217Z","level":"INFO","device":"868120100005","event":"MEDIA_CLOSED","detail":""}
{"ts":"2026-04-06T08:29:16.527Z","level":"INFO","device":"291078985963","event":"OBD2_SENT_0x0200","detail":"Lat: 51.732307, Lng: 0.489482 | Speed: 45km/h | RPM: 2598"}
{"ts":"2026-04-06T08:29:16.660Z","level":"INFO","device":"200000000002","event":"OBD2_SENT_0x0200","detail":"Lat: 51.734267, Lng: 0.483433 | Speed: 33km/h | RPM: 2120"}
{"ts":"2026-04-06T08:29:16.734Z","level":"INFO","device":"291078985963","event":"SERVER_ACK","detail":"0x8001 Universal Reply Received"}
{"ts":"2026-04-06T08:29:16.814Z","level":"INFO","device":"200000000003","event":"OBD2_SENT_0x0200","detail":"Lat: 51.732915, Lng: 0.487742 | Speed: 41km/h | RPM: 2442"}
{"ts":"2026-04-06T08:29:16.870Z","level":"INFO","device":"200000000002","event":"SERVER_ACK","detail":"0x8001 Universal Reply Received"}
{"ts":"2026-04-06T08:29:16.960Z","level":"INFO","device":"200000000004","event":"OBD2_SENT_0x0200","detail":"Lat: 51.733369, Lng: 0.485753 | Speed: 28km/h | RPM: 1938"}
{"ts":"2026-04-06T08:29:17.012Z","level":"INFO","device":"200000000003","event":"SERVER_ACK","detail":"0x8001 Universal Reply Received"}
{"ts":"2026-04-06T08:29:17.113Z","level":"INFO","device":"200000000005","event":"OBD2_SENT_0x0200","detail":"Lat: 51.733183, Lng: 0.486669 | Speed: 34km/h | RPM: 2173"}
{"ts":"2026-04-06T08:29:17.155Z","level":"INFO","device":"200000000004","event":"SERVER_ACK","detail":"0x8001 Universal Reply Received"}
{"ts":"2026-04-06T08:29:17.260Z","level":"INFO","device":"200000000006","event":"OBD2_SENT_0x0200","detail":"Lat: 51.732375, Lng: 0.489313 | Speed: 45km/h | RPM: 2612"}
{"ts":"2026-04-06T08:29:17.325Z","level":"INFO","device":"200000000005","event":"SERVER_ACK","detail":"0x8001 Universal Reply Received"}
{"ts":"2026-04-06T08:29:17.411Z","level":"INFO","device":"200000000007","event":"OBD2_SENT_0x0200","detail":"Lat: 51.735936, Lng: 0.481341 | Speed: 18km/h | RPM: 1537"}
{"ts":"2026-04-06T08:29:17.445Z","level":"INFO","device":"200000000006","event":"SERVER_ACK","detail":"0x8001 Universal Reply Received"}
{"ts":"2026-04-06T08:29:17.560Z","level":"INFO","device":"200000000008","event":"OBD2_SENT_0x0200","detail":"Lat: 51.732035, Lng: 0.490129 | Speed: 55km/h | RPM: 2999"}
{"ts":"2026-04-06T08:29:17.623Z","level":"INFO","device":"200000000007","event":"SERVER_ACK","detail":"0x8001 Universal Reply Received"}
{"ts":"2026-04-06T08:29:17.714Z","level":"INFO","device":"200000000009","event":"OBD2_SENT_0x0200","detail":"Lat: 51.732972, Lng: 0.487513 | Speed: 35km/h | RPM: 2220"}
{"ts":"2026-04-06T08:29:17.772Z","level":"INFO","device":"200000000008","event":"SERVER_ACK","detail":"0x8001 Universal Reply Received"}
{"ts":"2026-04-06T08:29:17.865Z","level":"INFO","device":"200000000010","event":"OBD2_SENT_0x0200","detail":"Lat: 51.735185, Lng: 0.482217 | Speed: 19km/h | RPM: 1561"}
{"ts":"2026-04-06T08:29:17.901Z","level":"INFO","device":"200000000009","event":"SERVER_ACK","detail":"0x8001 Universal Reply Received"}
{"ts":"2026-04-06T08:29:18.053Z","level":"INFO","device":"200000000010","event":"SERVER_ACK","detail":"0x8001 Universal Reply Received"}
{"ts":"2026-04-06T08:29:18.898Z","level":"ERROR","device":"300000000004","event":"SOCKET_ERROR","detail":"ECONNREFUSED"}
{"ts":"2026-04-06T08:29:21.727Z","level":"INFO","device":"291078985963","event":"GPS_SENT","detail":""}
{"ts":"2026-04-06T08:29:21.848Z","level":"INFO","device":"868120100002","event":"GPS_SENT","detail":""}
{"ts":"2026-04-06T08:29:21.940Z","level":"INFO","device":"291078985963","event":"RX_MSG","detail":"0x8001 bodyLen=5"}
{"ts":"2026-04-06T08:29:21.940Z","level":"INFO","device":"291078985963","event":"SERVER_ACK","detail":"0x0200 result=OK"}
{"ts":"2026-04-06T08:29:21.961Z","level":"INFO","device":"291078985963","event":"DISCONNECTED","detail":"clean stop"}
{"ts":"2026-04-06T08:29:21.961Z","level":"INFO","device":"291078985963","event":"DISCONNECTED","detail":"clean stop"}
{"ts":"2026-04-06T08:29:21.961Z","level":"INFO","device":"291078985963","event":"DISCONNECTED","detail":"clean stop"}
{"ts":"2026-04-06T08:29:21.961Z","level":"INFO","device":"868120100002","event":"DISCONNECTED","detail":"clean stop"}
{"ts":"2026-04-06T08:29:21.961Z","level":"INFO","device":"200000000002","event":"DISCONNECTED","detail":"clean stop"}
{"ts":"2026-04-06T08:29:21.961Z","level":"INFO","device":"300000000002","event":"DISCONNECTED","detail":"clean stop"}
{"ts":"2026-04-06T08:29:21.961Z","level":"INFO","device":"868120100003","event":"DISCONNECTED","detail":"clean stop"}
{"ts":"2026-04-06T08:29:21.962Z","level":"INFO","device":"200000000003","event":"DISCONNECTED","detail":"clean stop"}
{"ts":"2026-04-06T08:29:21.962Z","level":"INFO","device":"300000000003","event":"DISCONNECTED","detail":"clean stop"}
{"ts":"2026-04-06T08:29:21.962Z","level":"INFO","device":"868120100004","event":"DISCONNECTED","detail":"clean stop"}
{"ts":"2026-04-06T08:29:21.962Z","level":"INFO","device":"200000000004","event":"DISCONNECTED","detail":"clean stop"}
{"ts":"2026-04-06T08:29:21.962Z","level":"INFO","device":"300000000004","event":"DISCONNECTED","detail":"clean stop"}
{"ts":"2026-04-06T08:29:21.962Z","level":"INFO","device":"868120100005","event":"DISCONNECTED","detail":"clean stop"}
{"ts":"2026-04-06T08:29:21.962Z","level":"INFO","device":"200000000005","event":"DISCONNECTED","detail":"clean stop"}
{"ts":"2026-04-06T08:29:21.962Z","level":"INFO","device":"300000000005","event":"DISCONNECTED","detail":"clean stop"}
{"ts":"2026-04-06T08:29:21.962Z","level":"INFO","device":"868120100006","event":"DISCONNECTED","detail":"clean stop"}
{"ts":"2026-04-06T08:29:21.962Z","level":"INFO","device":"200000000006","event":"DISCONNECTED","detail":"clean stop"}
{"ts":"2026-04-06T08:29:21.962Z","level":"INFO","device":"300000000006","event":"DISCONNECTED","detail":"clean stop"}
{"ts":"2026-04-06T08:29:21.963Z","level":"INFO","device":"868120100007","event":"DISCONNECTED","detail":"clean stop"}
{"ts":"2026-04-06T08:29:21.963Z","level":"INFO","device":"200000000007","event":"DISCONNECTED","detail":"clean stop"}
{"ts":"2026-04-06T08:29:21.963Z","level":"INFO","device":"300000000007","event":"DISCONNECTED","detail":"clean stop"}
{"ts":"2026-04-06T08:29:21.963Z","level":"INFO","device":"868120100008","event":"DISCONNECTED","detail":"clean stop"}
{"ts":"2026-04-06T08:29:21.963Z","level":"INFO","device":"200000000008","event":"DISCONNECTED","detail":"clean stop"}
{"ts":"2026-04-06T08:29:21.963Z","level":"INFO","device":"300000000008","event":"DISCONNECTED","detail":"clean stop"}
{"ts":"2026-04-06T08:29:21.963Z","level":"INFO","device":"868120100009","event":"DISCONNECTED","detail":"clean stop"}
{"ts":"2026-04-06T08:29:21.963Z","level":"INFO","device":"200000000009","event":"DISCONNECTED","detail":"clean stop"}
{"ts":"2026-04-06T08:29:21.963Z","level":"INFO","device":"300000000009","event":"DISCONNECTED","detail":"clean stop"}
{"ts":"2026-04-06T08:29:21.963Z","level":"INFO","device":"100000000010","event":"DISCONNECTED","detail":"clean stop"}
{"ts":"2026-04-06T08:29:21.963Z","level":"INFO","device":"200000000010","event":"DISCONNECTED","detail":"clean stop"}
{"ts":"2026-04-06T08:29:21.963Z","level":"INFO","device":"300000000010","event":"DISCONNECTED","detail":"clean stop"}

[SUMMARY] Run duration: 142s
[SUMMARY] GPS packets sent: 152
[SUMMARY] OBD2 packets sent: 90
[SUMMARY] DTC faults sent: 0
[SUMMARY] Incidents fired: 2
[SUMMARY] Videos uploaded OK: 1
[SUMMARY] Videos failed: 1
[SUMMARY] Tracker pings sent: 0
[SUMMARY] Reconnections: 0
[SUMMARY] Log file: logs/sim-2026-04-06T08-27-01.log
