{"ts":"2026-04-05T23:11:11.107Z","level":"INFO","device":"291078985963","event":"OBD2_CONNECTED","detail":"Binary Mode"}
{"ts":"2026-04-05T23:11:11.133Z","level":"INFO","device":"291078985963","event":"CONNECTED","detail":"id:291078985963"}
{"ts":"2026-04-05T23:11:11.254Z","level":"INFO","device":"868120100002","event":"CONNECTED","detail":"id:868120100002"}
{"ts":"2026-04-05T23:11:11.255Z","level":"INFO","device":"200000000002","event":"OBD2_CONNECTED","detail":"Binary Mode"}
{"ts":"2026-04-05T23:11:11.297Z","level":"INFO","device":"291078985963","event":"SERVER_ACK","detail":"0x8100 Registration Reply Received"}
{"ts":"2026-04-05T23:11:11.352Z","level":"INFO","device":"291078985963","event":"RX_MSG","detail":"0x8001 bodyLen=5"}
{"ts":"2026-04-05T23:11:11.352Z","level":"INFO","device":"291078985963","event":"SERVER_ACK","detail":"0x0102 result=OK"}
{"ts":"2026-04-05T23:11:11.423Z","level":"INFO","device":"200000000003","event":"OBD2_CONNECTED","detail":"Binary Mode"}
{"ts":"2026-04-05T23:11:11.431Z","level":"INFO","device":"868120100003","event":"CONNECTED","detail":"id:868120100003"}
{"ts":"2026-04-05T23:11:11.443Z","level":"INFO","device":"200000000002","event":"SERVER_ACK","detail":"0x8100 Registration Reply Received"}
{"ts":"2026-04-05T23:11:11.444Z","level":"INFO","device":"868120100002","event":"RX_MSG","detail":"0x8001 bodyLen=5"}
{"ts":"2026-04-05T23:11:11.444Z","level":"INFO","device":"868120100002","event":"SERVER_ACK","detail":"0x0102 result=OK"}
{"ts":"2026-04-05T23:11:11.581Z","level":"INFO","device":"200000000004","event":"OBD2_CONNECTED","detail":"Binary Mode"}
{"ts":"2026-04-05T23:11:11.582Z","level":"INFO","device":"868120100004","event":"CONNECTED","detail":"id:868120100004"}
{"ts":"2026-04-05T23:11:11.629Z","level":"INFO","device":"200000000003","event":"SERVER_ACK","detail":"0x8100 Registration Reply Received"}
{"ts":"2026-04-05T23:11:11.647Z","level":"INFO","device":"868120100003","event":"RX_MSG","detail":"0x8001 bodyLen=5"}
{"ts":"2026-04-05T23:11:11.648Z","level":"INFO","device":"868120100003","event":"SERVER_ACK","detail":"0x0102 result=OK"}
{"ts":"2026-04-05T23:11:11.722Z","level":"INFO","device":"868120100005","event":"CONNECTED","detail":"id:868120100005"}
{"ts":"2026-04-05T23:11:11.730Z","level":"INFO","device":"200000000005","event":"OBD2_CONNECTED","detail":"Binary Mode"}
{"ts":"2026-04-05T23:11:11.792Z","level":"INFO","device":"291078985963","event":"SERVER_ACK","detail":"0x8001 Universal Reply Received"}
{"ts":"2026-04-05T23:11:11.793Z","level":"INFO","device":"200000000004","event":"SERVER_ACK","detail":"0x8100 Registration Reply Received"}
{"ts":"2026-04-05T23:11:11.799Z","level":"INFO","device":"868120100004","event":"RX_MSG","detail":"0x8001 bodyLen=5"}
{"ts":"2026-04-05T23:11:11.800Z","level":"INFO","device":"868120100004","event":"SERVER_ACK","detail":"0x0102 result=OK"}
{"ts":"2026-04-05T23:11:11.871Z","level":"INFO","device":"200000000006","event":"OBD2_CONNECTED","detail":"Binary Mode"}
{"ts":"2026-04-05T23:11:11.879Z","level":"INFO","device":"868120100006","event":"CONNECTED","detail":"id:868120100006"}
{"ts":"2026-04-05T23:11:11.929Z","level":"INFO","device":"868120100005","event":"RX_MSG","detail":"0x8001 bodyLen=5"}
{"ts":"2026-04-05T23:11:11.930Z","level":"INFO","device":"868120100005","event":"SERVER_ACK","detail":"0x0102 result=OK"}
{"ts":"2026-04-05T23:11:11.941Z","level":"INFO","device":"200000000005","event":"SERVER_ACK","detail":"0x8100 Registration Reply Received"}
{"ts":"2026-04-05T23:11:11.941Z","level":"INFO","device":"200000000002","event":"SERVER_ACK","detail":"0x8001 Universal Reply Received"}
{"ts":"2026-04-05T23:11:12.005Z","level":"INFO","device":"868120100007","event":"CONNECTED","detail":"id:868120100007"}
{"ts":"2026-04-05T23:11:12.013Z","level":"INFO","device":"200000000007","event":"OBD2_CONNECTED","detail":"Binary Mode"}
{"ts":"2026-04-05T23:11:12.077Z","level":"INFO","device":"200000000006","event":"SERVER_ACK","detail":"0x8100 Registration Reply Received"}
{"ts":"2026-04-05T23:11:12.093Z","level":"INFO","device":"868120100006","event":"RX_MSG","detail":"0x8001 bodyLen=5"}
{"ts":"2026-04-05T23:11:12.093Z","level":"INFO","device":"868120100006","event":"SERVER_ACK","detail":"0x0102 result=OK"}
{"ts":"2026-04-05T23:11:12.129Z","level":"INFO","device":"200000000003","event":"SERVER_ACK","detail":"0x8001 Universal Reply Received"}
{"ts":"2026-04-05T23:11:12.172Z","level":"INFO","device":"200000000008","event":"OBD2_CONNECTED","detail":"Binary Mode"}
{"ts":"2026-04-05T23:11:12.189Z","level":"INFO","device":"868120100008","event":"CONNECTED","detail":"id:868120100008"}
{"ts":"2026-04-05T23:11:12.196Z","level":"INFO","device":"868120100007","event":"RX_MSG","detail":"0x8001 bodyLen=5"}
{"ts":"2026-04-05T23:11:12.196Z","level":"INFO","device":"868120100007","event":"SERVER_ACK","detail":"0x0102 result=OK"}
{"ts":"2026-04-05T23:11:12.207Z","level":"INFO","device":"200000000007","event":"SERVER_ACK","detail":"0x8100 Registration Reply Received"}
{"ts":"2026-04-05T23:11:12.292Z","level":"INFO","device":"200000000004","event":"SERVER_ACK","detail":"0x8001 Universal Reply Received"}
{"ts":"2026-04-05T23:11:12.321Z","level":"INFO","device":"200000000009","event":"OBD2_CONNECTED","detail":"Binary Mode"}
{"ts":"2026-04-05T23:11:12.330Z","level":"INFO","device":"868120100009","event":"CONNECTED","detail":"id:868120100009"}
{"ts":"2026-04-05T23:11:12.376Z","level":"INFO","device":"200000000008","event":"SERVER_ACK","detail":"0x8100 Registration Reply Received"}
{"ts":"2026-04-05T23:11:12.414Z","level":"INFO","device":"868120100008","event":"RX_MSG","detail":"0x8001 bodyLen=5"}
{"ts":"2026-04-05T23:11:12.414Z","level":"INFO","device":"868120100008","event":"SERVER_ACK","detail":"0x0102 result=OK"}
{"ts":"2026-04-05T23:11:12.441Z","level":"INFO","device":"200000000005","event":"SERVER_ACK","detail":"0x8001 Universal Reply Received"}
{"ts":"2026-04-05T23:11:12.463Z","level":"INFO","device":"200000000010","event":"OBD2_CONNECTED","detail":"Binary Mode"}
{"ts":"2026-04-05T23:11:12.470Z","level":"INFO","device":"100000000010","event":"CONNECTED","detail":"id:100000000010"}
{"ts":"2026-04-05T23:11:12.526Z","level":"INFO","device":"200000000009","event":"SERVER_ACK","detail":"0x8100 Registration Reply Received"}
{"ts":"2026-04-05T23:11:12.544Z","level":"INFO","device":"868120100009","event":"RX_MSG","detail":"0x8001 bodyLen=5"}
{"ts":"2026-04-05T23:11:12.544Z","level":"INFO","device":"868120100009","event":"SERVER_ACK","detail":"0x0102 result=OK"}
{"ts":"2026-04-05T23:11:12.577Z","level":"INFO","device":"200000000006","event":"SERVER_ACK","detail":"0x8001 Universal Reply Received"}
{"ts":"2026-04-05T23:11:12.660Z","level":"INFO","device":"200000000010","event":"SERVER_ACK","detail":"0x8100 Registration Reply Received"}
{"ts":"2026-04-05T23:11:12.677Z","level":"INFO","device":"100000000010","event":"RX_MSG","detail":"0x8001 bodyLen=5"}
{"ts":"2026-04-05T23:11:12.678Z","level":"INFO","device":"100000000010","event":"SERVER_ACK","detail":"0x0102 result=OK"}
{"ts":"2026-04-05T23:11:12.708Z","level":"INFO","device":"200000000007","event":"SERVER_ACK","detail":"0x8001 Universal Reply Received"}
{"ts":"2026-04-05T23:11:12.876Z","level":"INFO","device":"200000000008","event":"SERVER_ACK","detail":"0x8001 Universal Reply Received"}
{"ts":"2026-04-05T23:11:13.024Z","level":"INFO","device":"200000000009","event":"SERVER_ACK","detail":"0x8001 Universal Reply Received"}
{"ts":"2026-04-05T23:11:13.160Z","level":"INFO","device":"200000000010","event":"SERVER_ACK","detail":"0x8001 Universal Reply Received"}
{"ts":"2026-04-05T23:11:21.135Z","level":"INFO","device":"291078985963","event":"INCIDENT_SENT","detail":"mediaId=1 alarmId=29107898596300260405231121010200"}
{"ts":"2026-04-05T23:11:21.256Z","level":"INFO","device":"868120100002","event":"INCIDENT_SENT","detail":"mediaId=1 alarmId=86812010000200260405231121010200"}
{"ts":"2026-04-05T23:11:21.346Z","level":"INFO","device":"291078985963","event":"RX_MSG","detail":"0x8001 bodyLen=5"}
{"ts":"2026-04-05T23:11:21.347Z","level":"INFO","device":"291078985963","event":"SERVER_ACK","detail":"0x0200 result=OK"}
{"ts":"2026-04-05T23:11:21.432Z","level":"INFO","device":"868120100003","event":"INCIDENT_SENT","detail":"mediaId=1 alarmId=86812010000300260405231121010200"}
{"ts":"2026-04-05T23:11:21.439Z","level":"INFO","device":"868120100002","event":"RX_MSG","detail":"0x8001 bodyLen=5"}
{"ts":"2026-04-05T23:11:21.440Z","level":"INFO","device":"868120100002","event":"SERVER_ACK","detail":"0x0200 result=OK"}
{"ts":"2026-04-05T23:11:21.584Z","level":"INFO","device":"868120100004","event":"INCIDENT_SENT","detail":"mediaId=1 alarmId=86812010000400260405231121010200"}
{"ts":"2026-04-05T23:11:21.643Z","level":"INFO","device":"868120100003","event":"RX_MSG","detail":"0x8001 bodyLen=5"}
{"ts":"2026-04-05T23:11:21.643Z","level":"INFO","device":"868120100003","event":"SERVER_ACK","detail":"0x0200 result=OK"}
{"ts":"2026-04-05T23:11:21.672Z","level":"INFO","device":"291078985963","event":"RX_MSG","detail":"0x9208 bodyLen=81"}
{"ts":"2026-04-05T23:11:21.673Z","level":"INFO","device":"291078985963","event":"9208_RAW","detail":"0C35342E33372E3232352E36350D32000029107898596300260405231121010200323931303738393835393633303032363034303532333131323130313032303000000000000000000000000000000000"}
{"ts":"2026-04-05T23:11:21.673Z","level":"INFO","device":"291078985963","event":"UPLOAD_TRIGGERED","detail":"media: 54.37.225.65:3378 | alarmId: 29107898596300260405231121010200"}
{"ts":"2026-04-05T23:11:21.680Z","level":"INFO","device":"291078985963","event":"MEDIA_CONNECTING","detail":"54.37.225.65:3378 files=2"}
{"ts":"2026-04-05T23:11:21.680Z","level":"INFO","device":"291078985963","event":"RX_MSG","detail":"0x8001 bodyLen=5"}
{"ts":"2026-04-05T23:11:21.681Z","level":"INFO","device":"291078985963","event":"SERVER_ACK","detail":"0x0800 result=OK"}
{"ts":"2026-04-05T23:11:21.724Z","level":"INFO","device":"868120100005","event":"INCIDENT_SENT","detail":"mediaId=1 alarmId=86812010000500260405231121010200"}
{"ts":"2026-04-05T23:11:21.739Z","level":"INFO","device":"868120100002","event":"RX_MSG","detail":"0x9208 bodyLen=81"}
{"ts":"2026-04-05T23:11:21.739Z","level":"INFO","device":"868120100002","event":"9208_RAW","detail":"0C35342E33372E3232352E36350D32000086812010000200260405231121010200383638313230313030303032303032363034303532333131323130313032303000000000000000000000000000000000"}
{"ts":"2026-04-05T23:11:21.739Z","level":"INFO","device":"868120100002","event":"UPLOAD_TRIGGERED","detail":"media: 54.37.225.65:3378 | alarmId: 86812010000200260405231121010200"}
{"ts":"2026-04-05T23:11:21.739Z","level":"INFO","device":"868120100002","event":"MEDIA_CONNECTING","detail":"54.37.225.65:3378 files=2"}
{"ts":"2026-04-05T23:11:21.740Z","level":"INFO","device":"868120100002","event":"RX_MSG","detail":"0x8001 bodyLen=5"}
{"ts":"2026-04-05T23:11:21.740Z","level":"INFO","device":"868120100002","event":"SERVER_ACK","detail":"0x0800 result=OK"}
{"ts":"2026-04-05T23:11:21.796Z","level":"INFO","device":"868120100004","event":"RX_MSG","detail":"0x8001 bodyLen=5"}
{"ts":"2026-04-05T23:11:21.797Z","level":"INFO","device":"868120100004","event":"SERVER_ACK","detail":"0x0200 result=OK"}
{"ts":"2026-04-05T23:11:21.880Z","level":"INFO","device":"868120100006","event":"INCIDENT_SENT","detail":"mediaId=1 alarmId=86812010000600260405231121010200"}
{"ts":"2026-04-05T23:11:21.891Z","level":"INFO","device":"291078985963","event":"MEDIA_CONNECTED","detail":"54.37.225.65:3378"}
{"ts":"2026-04-05T23:11:21.891Z","level":"INFO","device":"291078985963","event":"FILE_START","detail":"[1/2] 00_64_6401_00_29107898596300260405231121010200.jpg (215 bytes)"}
{"ts":"2026-04-05T23:11:21.891Z","level":"INFO","device":"291078985963","event":"SENT_1210","detail":"00_64_6401_00_29107898596300260405231121010200.jpg"}
{"ts":"2026-04-05T23:11:21.929Z","level":"INFO","device":"868120100005","event":"RX_MSG","detail":"0x8001 bodyLen=5"}
{"ts":"2026-04-05T23:11:21.929Z","level":"INFO","device":"868120100005","event":"SERVER_ACK","detail":"0x0200 result=OK"}
{"ts":"2026-04-05T23:11:21.952Z","level":"INFO","device":"868120100002","event":"MEDIA_CONNECTED","detail":"54.37.225.65:3378"}
{"ts":"2026-04-05T23:11:21.954Z","level":"INFO","device":"868120100002","event":"FILE_START","detail":"[1/2] 00_64_6401_00_86812010000200260405231121010200.jpg (215 bytes)"}
{"ts":"2026-04-05T23:11:21.954Z","level":"INFO","device":"868120100002","event":"SENT_1210","detail":"00_64_6401_00_86812010000200260405231121010200.jpg"}
{"ts":"2026-04-05T23:11:21.962Z","level":"INFO","device":"868120100003","event":"RX_MSG","detail":"0x9208 bodyLen=81"}
{"ts":"2026-04-05T23:11:21.963Z","level":"INFO","device":"868120100003","event":"9208_RAW","detail":"0C35342E33372E3232352E36350D32000086812010000300260405231121010200383638313230313030303033303032363034303532333131323130313032303000000000000000000000000000000000"}
{"ts":"2026-04-05T23:11:21.963Z","level":"INFO","device":"868120100003","event":"UPLOAD_TRIGGERED","detail":"media: 54.37.225.65:3378 | alarmId: 86812010000300260405231121010200"}
{"ts":"2026-04-05T23:11:21.963Z","level":"INFO","device":"868120100003","event":"MEDIA_CONNECTING","detail":"54.37.225.65:3378 files=2"}
{"ts":"2026-04-05T23:11:21.963Z","level":"INFO","device":"868120100003","event":"RX_MSG","detail":"0x8001 bodyLen=5"}
{"ts":"2026-04-05T23:11:21.964Z","level":"INFO","device":"868120100003","event":"SERVER_ACK","detail":"0x0800 result=OK"}
{"ts":"2026-04-05T23:11:21.993Z","level":"INFO","device":"291078985963","event":"SENT_1212","detail":"00_64_6401_00_29107898596300260405231121010200.jpg"}
{"ts":"2026-04-05T23:11:22.006Z","level":"INFO","device":"868120100007","event":"INCIDENT_SENT","detail":"mediaId=1 alarmId=86812010000700260405231122010200"}
{"ts":"2026-04-05T23:11:22.054Z","level":"INFO","device":"868120100002","event":"SENT_1212","detail":"00_64_6401_00_86812010000200260405231121010200.jpg"}
{"ts":"2026-04-05T23:11:22.090Z","level":"INFO","device":"868120100006","event":"RX_MSG","detail":"0x8001 bodyLen=5"}
{"ts":"2026-04-05T23:11:22.090Z","level":"INFO","device":"868120100006","event":"SERVER_ACK","detail":"0x0200 result=OK"}
{"ts":"2026-04-05T23:11:22.119Z","level":"INFO","device":"868120100004","event":"RX_MSG","detail":"0x9208 bodyLen=81"}
{"ts":"2026-04-05T23:11:22.119Z","level":"INFO","device":"868120100004","event":"9208_RAW","detail":"0C35342E33372E3232352E36350D32000086812010000400260405231121010200383638313230313030303034303032363034303532333131323130313032303000000000000000000000000000000000"}
{"ts":"2026-04-05T23:11:22.119Z","level":"INFO","device":"868120100004","event":"UPLOAD_TRIGGERED","detail":"media: 54.37.225.65:3378 | alarmId: 86812010000400260405231121010200"}
{"ts":"2026-04-05T23:11:22.119Z","level":"INFO","device":"868120100004","event":"MEDIA_CONNECTING","detail":"54.37.225.65:3378 files=2"}
{"ts":"2026-04-05T23:11:22.119Z","level":"INFO","device":"868120100004","event":"RX_MSG","detail":"0x8001 bodyLen=5"}
{"ts":"2026-04-05T23:11:22.119Z","level":"INFO","device":"868120100004","event":"SERVER_ACK","detail":"0x0800 result=OK"}
{"ts":"2026-04-05T23:11:22.132Z","level":"INFO","device":"291078985963","event":"MEDIA_RX","detail":"7E 80 01 00 05 29 10 78 98 59 63 FC 9F 00 00 12 10 00 06 7E"}
{"ts":"2026-04-05T23:11:22.175Z","level":"INFO","device":"868120100003","event":"MEDIA_CONNECTED","detail":"54.37.225.65:3378"}
{"ts":"2026-04-05T23:11:22.176Z","level":"INFO","device":"868120100003","event":"FILE_START","detail":"[1/2] 00_64_6401_00_86812010000300260405231121010200.jpg (215 bytes)"}
{"ts":"2026-04-05T23:11:22.177Z","level":"INFO","device":"868120100003","event":"SENT_1210","detail":"00_64_6401_00_86812010000300260405231121010200.jpg"}
{"ts":"2026-04-05T23:11:22.187Z","level":"INFO","device":"868120100002","event":"MEDIA_RX","detail":"7E 80 01 00 05 86 81 20 10 00 02 28 C7 00 00 12 10 00 5C 7E"}
{"ts":"2026-04-05T23:11:22.190Z","level":"INFO","device":"868120100008","event":"INCIDENT_SENT","detail":"mediaId=1 alarmId=86812010000800260405231122010200"}
{"ts":"2026-04-05T23:11:22.218Z","level":"INFO","device":"868120100007","event":"RX_MSG","detail":"0x8001 bodyLen=5"}
{"ts":"2026-04-05T23:11:22.219Z","level":"INFO","device":"868120100007","event":"SERVER_ACK","detail":"0x0200 result=OK"}
{"ts":"2026-04-05T23:11:22.266Z","level":"INFO","device":"868120100005","event":"RX_MSG","detail":"0x9208 bodyLen=81"}
{"ts":"2026-04-05T23:11:22.266Z","level":"INFO","device":"868120100005","event":"9208_RAW","detail":"0C35342E33372E3232352E36350D32000086812010000500260405231121010200383638313230313030303035303032363034303532333131323130313032303000000000000000000000000000000000"}
{"ts":"2026-04-05T23:11:22.266Z","level":"INFO","device":"868120100005","event":"UPLOAD_TRIGGERED","detail":"media: 54.37.225.65:3378 | alarmId: 86812010000500260405231121010200"}
{"ts":"2026-04-05T23:11:22.266Z","level":"INFO","device":"868120100005","event":"MEDIA_CONNECTING","detail":"54.37.225.65:3378 files=2"}
{"ts":"2026-04-05T23:11:22.266Z","level":"INFO","device":"868120100005","event":"RX_MSG","detail":"0x8001 bodyLen=5"}
{"ts":"2026-04-05T23:11:22.266Z","level":"INFO","device":"868120100005","event":"SERVER_ACK","detail":"0x0800 result=OK"}
{"ts":"2026-04-05T23:11:22.277Z","level":"INFO","device":"868120100003","event":"SENT_1212","detail":"00_64_6401_00_86812010000300260405231121010200.jpg"}
{"ts":"2026-04-05T23:11:22.293Z","level":"INFO","device":"291078985963","event":"FILE_START","detail":"[2/2] 02_64_6401_03_29107898596300260405231121010200.mp4 (65536 bytes)"}
{"ts":"2026-04-05T23:11:22.293Z","level":"INFO","device":"291078985963","event":"SENT_1210","detail":"02_64_6401_03_29107898596300260405231121010200.mp4"}
{"ts":"2026-04-05T23:11:22.330Z","level":"INFO","device":"868120100004","event":"MEDIA_CONNECTED","detail":"54.37.225.65:3378"}
{"ts":"2026-04-05T23:11:22.330Z","level":"INFO","device":"868120100004","event":"FILE_START","detail":"[1/2] 00_64_6401_00_86812010000400260405231121010200.jpg (215 bytes)"}
{"ts":"2026-04-05T23:11:22.331Z","level":"INFO","device":"868120100004","event":"SENT_1210","detail":"00_64_6401_00_86812010000400260405231121010200.jpg"}
{"ts":"2026-04-05T23:11:22.331Z","level":"INFO","device":"868120100009","event":"INCIDENT_SENT","detail":"mediaId=1 alarmId=86812010000900260405231122010200"}
{"ts":"2026-04-05T23:11:22.340Z","level":"INFO","device":"291078985963","event":"MEDIA_RX","detail":"7E 80 01 00 05 29 10 78 98 59 63 87 CD 00 01 12 11 00 2F 7E 7E 92 12 00 36 29 10 78 98 59 63 84 39 32 30 30 5F 36 34 5F 36 34 30 31 5F 30 30 5F 32 39 31 30 37 38 39 38 35 39 36 33 30 30 32 36 30 34 30 35 32 33 31 31 32 31 30 31 30 32 30 30 2E 6A 70 67 00 00 00 81 7E"}
{"ts":"2026-04-05T23:11:22.355Z","level":"INFO","device":"868120100002","event":"FILE_START","detail":"[2/2] 02_64_6401_03_86812010000200260405231121010200.mp4 (65536 bytes)"}
{"ts":"2026-04-05T23:11:22.356Z","level":"INFO","device":"868120100002","event":"SENT_1210","detail":"02_64_6401_03_86812010000200260405231121010200.mp4"}
{"ts":"2026-04-05T23:11:22.393Z","level":"INFO","device":"868120100003","event":"MEDIA_RX","detail":"7E 80 01 00 05 86 81 20 10 00 03 3E 17 00 00 12 10 00 9B 7E"}
{"ts":"2026-04-05T23:11:22.441Z","level":"INFO","device":"291078985963","event":"SENT_1212","detail":"02_64_6401_03_29107898596300260405231121010200.mp4"}
{"ts":"2026-04-05T23:11:22.441Z","level":"INFO","device":"868120100004","event":"SENT_1212","detail":"00_64_6401_00_86812010000400260405231121010200.jpg"}
{"ts":"2026-04-05T23:11:22.442Z","level":"INFO","device":"868120100002","event":"MEDIA_RX","detail":"7E 80 01 00 05 86 81 20 10 00 02 3C 9F 00 01 12 11 00 10 7E 7E 92 12 00 36 86 81 20 10 00 02 FD 71 32 30 30 5F 36 34 5F 36 34 30 31 5F 30 30 5F 38 36 38 31 32 30 31 30 30 30 30 32 30 30 32 36 30 34 30 35 32 33 31 31 32 31 30 31 30 32 30 30 2E 6A 70 67 00 00 00 6D 7E"}
{"ts":"2026-04-05T23:11:22.442Z","level":"INFO","device":"868120100008","event":"RX_MSG","detail":"0x8001 bodyLen=5"}
{"ts":"2026-04-05T23:11:22.442Z","level":"INFO","device":"868120100008","event":"SERVER_ACK","detail":"0x0200 result=OK"}
{"ts":"2026-04-05T23:11:22.442Z","level":"INFO","device":"868120100006","event":"RX_MSG","detail":"0x9208 bodyLen=81"}
{"ts":"2026-04-05T23:11:22.443Z","level":"INFO","device":"868120100006","event":"9208_RAW","detail":"0C35342E33372E3232352E36350D32000086812010000600260405231121010200383638313230313030303036303032363034303532333131323130313032303000000000000000000000000000000000"}
{"ts":"2026-04-05T23:11:22.443Z","level":"INFO","device":"868120100006","event":"UPLOAD_TRIGGERED","detail":"media: 54.37.225.65:3378 | alarmId: 86812010000600260405231121010200"}
{"ts":"2026-04-05T23:11:22.443Z","level":"INFO","device":"868120100006","event":"MEDIA_CONNECTING","detail":"54.37.225.65:3378 files=2"}
{"ts":"2026-04-05T23:11:22.443Z","level":"INFO","device":"868120100006","event":"RX_MSG","detail":"0x8001 bodyLen=5"}
{"ts":"2026-04-05T23:11:22.443Z","level":"INFO","device":"868120100006","event":"SERVER_ACK","detail":"0x0800 result=OK"}
{"ts":"2026-04-05T23:11:22.480Z","level":"INFO","device":"868120100002","event":"SENT_1212","detail":"02_64_6401_03_86812010000200260405231121010200.mp4"}
{"ts":"2026-04-05T23:11:22.481Z","level":"INFO","device":"100000000010","event":"INCIDENT_SENT","detail":"mediaId=1 alarmId=10000000001000260405231122010200"}
{"ts":"2026-04-05T23:11:22.481Z","level":"INFO","device":"868120100005","event":"MEDIA_CONNECTED","detail":"54.37.225.65:3378"}
{"ts":"2026-04-05T23:11:22.481Z","level":"INFO","device":"868120100005","event":"FILE_START","detail":"[1/2] 00_64_6401_00_86812010000500260405231121010200.jpg (215 bytes)"}
{"ts":"2026-04-05T23:11:22.481Z","level":"INFO","device":"868120100005","event":"SENT_1210","detail":"00_64_6401_00_86812010000500260405231121010200.jpg"}
{"ts":"2026-04-05T23:11:22.527Z","level":"INFO","device":"868120100007","event":"RX_MSG","detail":"0x9208 bodyLen=81"}
{"ts":"2026-04-05T23:11:22.527Z","level":"INFO","device":"868120100007","event":"9208_RAW","detail":"0C35342E33372E3232352E36350D32000086812010000700260405231122010200383638313230313030303037303032363034303532333131323230313032303000000000000000000000000000000000"}
{"ts":"2026-04-05T23:11:22.527Z","level":"INFO","device":"868120100007","event":"UPLOAD_TRIGGERED","detail":"media: 54.37.225.65:3378 | alarmId: 86812010000700260405231122010200"}
{"ts":"2026-04-05T23:11:22.527Z","level":"INFO","device":"868120100007","event":"MEDIA_CONNECTING","detail":"54.37.225.65:3378 files=2"}
{"ts":"2026-04-05T23:11:22.527Z","level":"INFO","device":"868120100007","event":"RX_MSG","detail":"0x8001 bodyLen=5"}
{"ts":"2026-04-05T23:11:22.527Z","level":"INFO","device":"868120100007","event":"SERVER_ACK","detail":"0x0800 result=OK"}
{"ts":"2026-04-05T23:11:22.548Z","level":"INFO","device":"868120100009","event":"RX_MSG","detail":"0x8001 bodyLen=5"}
{"ts":"2026-04-05T23:11:22.548Z","level":"INFO","device":"868120100009","event":"SERVER_ACK","detail":"0x0200 result=OK"}
{"ts":"2026-04-05T23:11:22.549Z","level":"INFO","device":"868120100004","event":"MEDIA_RX","detail":"7E 80 01 00 05 86 81 20 10 00 04 E6 03 00 00 12 10 00 50 7E"}
{"ts":"2026-04-05T23:11:22.578Z","level":"INFO","device":"868120100003","event":"FILE_START","detail":"[2/2] 02_64_6401_03_86812010000300260405231121010200.mp4 (65536 bytes)"}
{"ts":"2026-04-05T23:11:22.578Z","level":"INFO","device":"868120100003","event":"SENT_1210","detail":"02_64_6401_03_86812010000300260405231121010200.mp4"}
{"ts":"2026-04-05T23:11:22.581Z","level":"INFO","device":"868120100005","event":"SENT_1212","detail":"00_64_6401_00_86812010000500260405231121010200.jpg"}
{"ts":"2026-04-05T23:11:22.603Z","level":"INFO","device":"868120100003","event":"MEDIA_RX","detail":"7E 80 01 00 05 86 81 20 10 00 03 50 83 00 01 12 11 00 61 7E 7E 92 12 00 36 86 81 20 10 00 03 FC A8 32 30 30 5F 36 34 5F 36 34 30 31 5F 30 30 5F 38 36 38 31 32 30 31 30 30 30 30 33 30 30 32 36 30 34 30 35 32 33 31 31 32 31 30 31 30 32 30 30 2E 6A 70 67 00 00 00 B5 7E"}
{"ts":"2026-04-05T23:11:22.604Z","level":"INFO","device":"291078985963","event":"MEDIA_RX","detail":"7E 80 01 00 05 29 10 78 98 59 63 6F 78 00 03 12 10 00 71 7E"}
{"ts":"2026-04-05T23:11:22.647Z","level":"INFO","device":"868120100006","event":"MEDIA_CONNECTED","detail":"54.37.225.65:3378"}
{"ts":"2026-04-05T23:11:22.647Z","level":"INFO","device":"868120100006","event":"FILE_START","detail":"[1/2] 00_64_6401_00_86812010000600260405231121010200.jpg (215 bytes)"}
{"ts":"2026-04-05T23:11:22.647Z","level":"INFO","device":"868120100006","event":"SENT_1210","detail":"00_64_6401_00_86812010000600260405231121010200.jpg"}
{"ts":"2026-04-05T23:11:22.668Z","level":"INFO","device":"868120100002","event":"MEDIA_RX","detail":"7E 80 01 00 05 86 81 20 10 00 02 DD B2 00 03 12 10 00 DF 7E"}
{"ts":"2026-04-05T23:11:22.686Z","level":"INFO","device":"868120100003","event":"SENT_1212","detail":"02_64_6401_03_86812010000300260405231121010200.mp4"}
{"ts":"2026-04-05T23:11:22.686Z","level":"INFO","device":"100000000010","event":"RX_MSG","detail":"0x9208 bodyLen=81"}
{"ts":"2026-04-05T23:11:22.687Z","level":"INFO","device":"100000000010","event":"9208_RAW","detail":"0C35342E33372E3232352E36350D320000100000000010002604052309161D0200313030303030303030303130303032363034303532333039313631643032303000000000000000000000000000000000"}
{"ts":"2026-04-05T23:11:22.687Z","level":"INFO","device":"100000000010","event":"UPLOAD_TRIGGERED","detail":"media: 54.37.225.65:3378 | alarmId: 100000000010002604052309161D0200"}
{"ts":"2026-04-05T23:11:22.687Z","level":"INFO","device":"100000000010","event":"MEDIA_CONNECTING","detail":"54.37.225.65:3378 files=2"}
{"ts":"2026-04-05T23:11:22.687Z","level":"INFO","device":"868120100005","event":"MEDIA_RX","detail":"7E 80 01 00 05 86 81 20 10 00 05 FA C6 00 00 12 10 00 88 7E"}
{"ts":"2026-04-05T23:11:22.711Z","level":"INFO","device":"868120100007","event":"MEDIA_CONNECTED","detail":"54.37.225.65:3378"}
{"ts":"2026-04-05T23:11:22.711Z","level":"INFO","device":"868120100007","event":"FILE_START","detail":"[1/2] 00_64_6401_00_86812010000700260405231122010200.jpg (215 bytes)"}
{"ts":"2026-04-05T23:11:22.711Z","level":"INFO","device":"868120100007","event":"SENT_1210","detail":"00_64_6401_00_86812010000700260405231122010200.jpg"}
{"ts":"2026-04-05T23:11:22.742Z","level":"INFO","device":"291078985963","event":"BATCH_COMPLETE","detail":"All 2 files sent"}
{"ts":"2026-04-05T23:11:22.743Z","level":"INFO","device":"868120100004","event":"FILE_START","detail":"[2/2] 02_64_6401_03_86812010000400260405231121010200.mp4 (65536 bytes)"}
{"ts":"2026-04-05T23:11:22.743Z","level":"INFO","device":"868120100004","event":"SENT_1210","detail":"02_64_6401_03_86812010000400260405231121010200.mp4"}
{"ts":"2026-04-05T23:11:22.747Z","level":"INFO","device":"868120100006","event":"SENT_1212","detail":"00_64_6401_00_86812010000600260405231121010200.jpg"}
{"ts":"2026-04-05T23:11:22.748Z","level":"INFO","device":"868120100008","event":"RX_MSG","detail":"0x9208 bodyLen=81"}
{"ts":"2026-04-05T23:11:22.749Z","level":"INFO","device":"868120100008","event":"9208_RAW","detail":"0C35342E33372E3232352E36350D32000086812010000800260405231122010200383638313230313030303038303032363034303532333131323230313032303000000000000000000000000000000000"}
{"ts":"2026-04-05T23:11:22.749Z","level":"INFO","device":"868120100008","event":"UPLOAD_TRIGGERED","detail":"media: 54.37.225.65:3378 | alarmId: 86812010000800260405231122010200"}
{"ts":"2026-04-05T23:11:22.749Z","level":"INFO","device":"868120100008","event":"MEDIA_CONNECTING","detail":"54.37.225.65:3378 files=2"}
{"ts":"2026-04-05T23:11:22.749Z","level":"INFO","device":"868120100008","event":"RX_MSG","detail":"0x8001 bodyLen=5"}
{"ts":"2026-04-05T23:11:22.749Z","level":"INFO","device":"868120100008","event":"SERVER_ACK","detail":"0x0800 result=OK"}
{"ts":"2026-04-05T23:11:22.752Z","level":"INFO","device":"868120100004","event":"MEDIA_RX","detail":"7E 80 01 00 05 86 81 20 10 00 04 D3 70 00 01 12 11 00 16 7E 7E 92 12 00 36 86 81 20 10 00 04 46 B4 32 30 30 5F 36 34 5F 36 34 30 31 5F 30 30 5F 38 36 38 31 32 30 31 30 30 30 30 34 30 30 32 36 30 34 30 35 32 33 31 31 32 31 30 31 30 32 30 30 2E 6A 70 67 00 00 00 13 7E"}
{"ts":"2026-04-05T23:11:22.781Z","level":"INFO","device":"868120100002","event":"BATCH_COMPLETE","detail":"All 2 files sent"}
{"ts":"2026-04-05T23:11:22.811Z","level":"INFO","device":"868120100007","event":"SENT_1212","detail":"00_64_6401_00_86812010000700260405231122010200.jpg"}
{"ts":"2026-04-05T23:11:22.849Z","level":"INFO","device":"868120100004","event":"SENT_1212","detail":"02_64_6401_03_86812010000400260405231121010200.mp4"}
{"ts":"2026-04-05T23:11:22.852Z","level":"INFO","device":"868120100006","event":"MEDIA_RX","detail":"7E 80 01 00 05 86 81 20 10 00 06 64 4C 00 00 12 10 00 9F 7E"}
{"ts":"2026-04-05T23:11:22.863Z","level":"INFO","device":"868120100009","event":"RX_MSG","detail":"0x9208 bodyLen=81"}
{"ts":"2026-04-05T23:11:22.864Z","level":"INFO","device":"868120100009","event":"9208_RAW","detail":"0C35342E33372E3232352E36350D32000086812010000900260405231122010200383638313230313030303039303032363034303532333131323230313032303000000000000000000000000000000000"}
{"ts":"2026-04-05T23:11:22.864Z","level":"INFO","device":"868120100009","event":"UPLOAD_TRIGGERED","detail":"media: 54.37.225.65:3378 | alarmId: 86812010000900260405231122010200"}
{"ts":"2026-04-05T23:11:22.864Z","level":"INFO","device":"868120100009","event":"MEDIA_CONNECTING","detail":"54.37.225.65:3378 files=2"}
{"ts":"2026-04-05T23:11:22.864Z","level":"INFO","device":"868120100009","event":"RX_MSG","detail":"0x8001 bodyLen=5"}
{"ts":"2026-04-05T23:11:22.864Z","level":"INFO","device":"868120100009","event":"SERVER_ACK","detail":"0x0800 result=OK"}
{"ts":"2026-04-05T23:11:22.873Z","level":"INFO","device":"100000000010","event":"MEDIA_CONNECTED","detail":"54.37.225.65:3378"}
{"ts":"2026-04-05T23:11:22.873Z","level":"INFO","device":"100000000010","event":"FILE_START","detail":"[1/2] 00_64_6401_00_100000000010002604052309161D0200.jpg (215 bytes)"}
{"ts":"2026-04-05T23:11:22.873Z","level":"INFO","device":"100000000010","event":"SENT_1210","detail":"00_64_6401_00_100000000010002604052309161D0200.jpg"}
{"ts":"2026-04-05T23:11:22.877Z","level":"INFO","device":"868120100005","event":"MEDIA_RX","detail":"7E 80 01 00 05 86 81 20 10 00 05 7B BF 00 01 12 11 00 70 7E 7E 92 12 00 36 86 81 20 10 00 05 8C E9 32 30 30 5F 36 34 5F 36 34 30 31 5F 30 30 5F 38 36 38 31 32 30 31 30 30 30 30 35 30 30 32 36 30 34 30 35 32 33 31 31 32 31 30 31 30 32 30 30 2E 6A 70 67 00 00 00 84 7E"}
{"ts":"2026-04-05T23:11:22.881Z","level":"INFO","device":"868120100005","event":"FILE_START","detail":"[2/2] 02_64_6401_03_86812010000500260405231121010200.mp4 (65536 bytes)"}
{"ts":"2026-04-05T23:11:22.883Z","level":"INFO","device":"868120100005","event":"SENT_1210","detail":"02_64_6401_03_86812010000500260405231121010200.mp4"}
{"ts":"2026-04-05T23:11:22.893Z","level":"INFO","device":"868120100003","event":"MEDIA_RX","detail":"7E 80 01 00 05 86 81 20 10 00 03 6E 67 00 03 12 10 00 B8 7E"}
{"ts":"2026-04-05T23:11:22.905Z","level":"INFO","device":"868120100007","event":"MEDIA_RX","detail":"7E 80 01 00 05 86 81 20 10 00 07 36 24 00 00 12 10 00 A4 7E"}
{"ts":"2026-04-05T23:11:22.950Z","level":"INFO","device":"868120100008","event":"MEDIA_CONNECTED","detail":"54.37.225.65:3378"}
{"ts":"2026-04-05T23:11:22.951Z","level":"INFO","device":"868120100008","event":"FILE_START","detail":"[1/2] 00_64_6401_00_86812010000800260405231122010200.jpg (215 bytes)"}
{"ts":"2026-04-05T23:11:22.951Z","level":"INFO","device":"868120100008","event":"SENT_1210","detail":"00_64_6401_00_86812010000800260405231122010200.jpg"}
{"ts":"2026-04-05T23:11:22.975Z","level":"INFO","device":"100000000010","event":"SENT_1212","detail":"00_64_6401_00_100000000010002604052309161D0200.jpg"}
{"ts":"2026-04-05T23:11:23.001Z","level":"INFO","device":"868120100005","event":"SENT_1212","detail":"02_64_6401_03_86812010000500260405231121010200.mp4"}
{"ts":"2026-04-05T23:11:23.006Z","level":"INFO","device":"868120100003","event":"BATCH_COMPLETE","detail":"All 2 files sent"}
{"ts":"2026-04-05T23:11:23.011Z","level":"INFO","device":"100000000010","event":"RX_MSG","detail":"0x8001 bodyLen=5"}
{"ts":"2026-04-05T23:11:23.011Z","level":"INFO","device":"100000000010","event":"SERVER_ACK","detail":"0x0200 result=OK"}
{"ts":"2026-04-05T23:11:23.011Z","level":"INFO","device":"100000000010","event":"RX_MSG","detail":"0x8001 bodyLen=5"}
{"ts":"2026-04-05T23:11:23.012Z","level":"INFO","device":"100000000010","event":"SERVER_ACK","detail":"0x0800 result=OK"}
{"ts":"2026-04-05T23:11:23.046Z","level":"INFO","device":"868120100006","event":"FILE_START","detail":"[2/2] 02_64_6401_03_86812010000600260405231121010200.mp4 (65536 bytes)"}
{"ts":"2026-04-05T23:11:23.047Z","level":"INFO","device":"868120100006","event":"SENT_1210","detail":"02_64_6401_03_86812010000600260405231121010200.mp4"}
{"ts":"2026-04-05T23:11:23.052Z","level":"INFO","device":"868120100008","event":"SENT_1212","detail":"00_64_6401_00_86812010000800260405231122010200.jpg"}
{"ts":"2026-04-05T23:11:23.057Z","level":"INFO","device":"868120100006","event":"MEDIA_RX","detail":"7E 80 01 00 05 86 81 20 10 00 06 EA 5A 00 01 12 11 00 07 7E 7E 92 12 00 36 86 81 20 10 00 06 CA 15 32 30 30 5F 36 34 5F 36 34 30 31 5F 30 30 5F 38 36 38 31 32 30 31 30 30 30 30 36 30 30 32 36 30 34 30 35 32 33 31 31 32 31 30 31 30 32 30 30 2E 6A 70 67 00 00 00 3E 7E"}
{"ts":"2026-04-05T23:11:23.060Z","level":"INFO","device":"868120100004","event":"MEDIA_RX","detail":"7E 80 01 00 05 86 81 20 10 00 04 7D 01 53 00 03 12 10 00 98 7E"}
{"ts":"2026-04-05T23:11:23.061Z","level":"INFO","device":"868120100009","event":"MEDIA_CONNECTED","detail":"54.37.225.65:3378"}
{"ts":"2026-04-05T23:11:23.062Z","level":"INFO","device":"868120100009","event":"FILE_START","detail":"[1/2] 00_64_6401_00_86812010000900260405231122010200.jpg (215 bytes)"}
{"ts":"2026-04-05T23:11:23.066Z","level":"INFO","device":"868120100009","event":"SENT_1210","detail":"00_64_6401_00_86812010000900260405231122010200.jpg"}
{"ts":"2026-04-05T23:11:23.086Z","level":"INFO","device":"868120100005","event":"MEDIA_RX","detail":"7E 80 01 00 05 86 81 20 10 00 05 BC 2E 00 03 12 10 00 25 7E"}
{"ts":"2026-04-05T23:11:23.087Z","level":"INFO","device":"868120100007","event":"MEDIA_RX","detail":"7E 80 01 00 05 86 81 20 10 00 07 15 06 00 01 12 11 00 A5 7E 7E 92 12 00 36 86 81 20 10 00 07 5E C5 32 30 30 5F 36 34 5F 36 34 30 31 5F 30 30 5F 38 36 38 31 32 30 31 30 30 30 30 37 30 30 32 36 30 34 30 35 32 33 31 31 32 32 30 31 30 32 30 30 2E 6A 70 67 00 00 00 79 7E"}
{"ts":"2026-04-05T23:11:23.090Z","level":"INFO","device":"100000000010","event":"MEDIA_RX","detail":"7E 80 01 00 05 10 00 00 00 00 10 CC FF 00 00 12 10 00 B5 7E"}
{"ts":"2026-04-05T23:11:23.111Z","level":"INFO","device":"868120100007","event":"FILE_START","detail":"[2/2] 02_64_6401_03_86812010000700260405231122010200.mp4 (65536 bytes)"}
{"ts":"2026-04-05T23:11:23.112Z","level":"INFO","device":"868120100007","event":"SENT_1210","detail":"02_64_6401_03_86812010000700260405231122010200.mp4"}
{"ts":"2026-04-05T23:11:23.153Z","level":"INFO","device":"868120100006","event":"SENT_1212","detail":"02_64_6401_03_86812010000600260405231121010200.mp4"}
{"ts":"2026-04-05T23:11:23.153Z","level":"INFO","device":"868120100004","event":"BATCH_COMPLETE","detail":"All 2 files sent"}
{"ts":"2026-04-05T23:11:23.167Z","level":"INFO","device":"291078985963","event":"MEDIA_RX","detail":"7E 80 01 00 05 29 10 78 98 59 63 8F 11 00 04 12 11 00 FE 7E 7E 80 01 00 05 29 10 78 98 59 63 A4 7C 00 05 12 11 00 B9 7E 7E 80 01 00 05 29 10 78 98 59 63 EA 18 00 06 12 11 00 90 7E 7E 80 01 00 05 29 10 78 98 59 63 EF 00 00 07 12 11 00 8C 7E 7E 80 01 00 05 29 10 78 98 59 63 EC 22 00 08 12 11 00 A2 7E 7E 80 01 00 05 29 10 78 98 59 63 D5 34 00 09 12 11 00 8C 7E 7E 80 01 00 05 29 10 78 98 59 63 77 5A 00 0A 12 11 00 43 7E 7E 80 01 00 05 29 10 78 98 59 63 69 8F 00 0B 12 11 00 89 7E 7E 80 01 00 05 29 10 78 98 59 63 25 59 00 0C 12 11 00 14 7E 7E 80 01 00 05 29 10 78 98 59 63 25 3F 00 0D 12 11 00 73 7E 7E 80 01 00 05 29 10 78 98 59 63 D9 6B 00 0E 12 11 00 D8 7E 7E 80 01 00 05 29 10 78 98 59 63 4C CF 00 0F 12 11 00 E8 7E 7E 80 01 00 05 29 10 78 98 59 63 D3 F6 00 10 12 11 00 51 7E 7E 80 01 00 05 29 10 78 98 59 63 8C 3D 00 11 12 11 00 C4 7E 7E 80 01 00 05 29 10 78 98 59 63 6F D8 00 12 12 11 00 C1 7E 7E 80 01 00 05 29 10 78 98 59 63 2A 9D 00 13 12 11 00 C0 7E 7E 80 01 00 05 29 10 78 98 59 63 1D AA 00 14 12 11 00 C7 7E 7E 80 01 00 05 29 10 78 98 59 63 55 A8 00 15 12 11 00 8C 7E 7E 80 01 00 05 29 10 78 98 59 63 F9 9A 00 16 12 11 00 11 7E 7E 80 01 00 05 29 10 78 98 59 63 6D A2 00 17 12 11 00 BC 7E 7E 80 01 00 05 29 10 78 98 59 63 AA 46 00 18 12 11 00 90 7E 7E 80 01 00 05 29 10 78 98 59 63 D4 65 00 19 12 11 00 CC 7E 7E 80 01 00 05 29 10 78 98 59 63 DE 2D 00 1A 12 11 00 8D 7E 7E 80 01 00 05 29 10 78 98 59 63 6C 2F 00 1B 12 11 00 3C 7E 7E 80 01 00 05 29 10 78 98 59 63 71 70 00 1C 12 11 00 79 7E 7E 80 01 00 05 29 10 78 98 59 63 F5 01 00 1D 12 11 00 8D 7E 7E 80 01 00 05 29 10 78 98 59 63 21 89 00 1E 12 11 00 D2 7E 7E 80 01 00 05 29 10 78 98 59 63 A0 4F 00 1F 12 11 00 94 7E 7E 80 01 00 05 29 10 78 98 59 63 AD 54 00 20 12 11 00 BD 7E 7E 80 01 00 05 29 10 78 98 59 63 36 0A 00 21 12 11 00 79 7E 7E 80 01 00 05 29 10 78 98 59 63 F8 69 00 22 12 11 00 D7 7E 7E 80 01 00 05 29 10 78 98 59 63 6A 06 00 23 12 11 00 2B 7E 7E 80 01 00 05 29 10 78 98 59 63 B8 AA 00 24 12 11 00 52 7E 7E 80 01 00 05 29 10 78 98 59 63 38 FC 00 25 12 11 00 85 7E 7E 80 01 00 05 29 10 78 98 59 63 B2 C0 00 26 12 11 00 30 7E 7E 80 01 00 05 29 10 78 98 59 63 C7 1F 00 27 12 11 00 9B 7E 7E 80 01 00 05 29 10 78 98 59 63 43 3B 00 28 12 11 00 34 7E 7E 80 01 00 05 29 10 78 98 59 63 85 D1 00 29 12 11 00 19 7E 7E 80 01 00 05 29 10 78 98 59 63 C8 38 00 2A 12 11 00 BE 7E 7E 80 01 00 05 29 10 78 98 59 63 18 68 00 2B 12 11 00 3F 7E 7E 80 01 00 05 29 10 78 98 59 63 3F 09 00 2C 12 11 00 7D 02 7E 7E 80 01 00 05 29 10 78 98 59 63 C8 2F 00 2D 12 11 00 AE 7E 7E 80 01 00 05 29 10 78 98 59 63 F8 F1 00 2E 12 11 00 43 7E 7E 80 01 00 05 29 10 78 98 59 63 2B 58 00 2F 12 11 00 38 7E 7E 80 01 00 05 29 10 78 98 59 63 46 BF 00 30 12 11 00 AD 7E 7E 80 01 00 05 29 10 78 98 59 63 55 A2 00 31 12 11 00 A2 7E 7E 80 01 00 05 29 10 78 98 59 63 6A 56 00 32 12 11 00 6A 7E 7E 80 01 00 05 29 10 78 98 59 63 F2 0C 00 33 12 11 00 A9 7E 7E 80 01 00 05 29 10 78 98 59 63 39 2B 00 34 12 11 00 42 7E 7E 80 01 00 05 29 10 78 98 59 63 72 0D 00 35 12 11 00 2E 7E 7E 80 01 00 05 29 10 78 98 59 63 4C E2 00 36 12 11 00 FC 7E 7E 80 01 00 05 29 10 78 98 59 63 FB CC 00 37 12 11 00 64 7E 7E 80 01 00 05 29 10 78 98 59 63 1B 40 00 38 12 11 00 07 7E 7E 80 01 00 05 29 10 78 98 59 63 30 16 00 39 12 11 00 7B 7E 7E 80 01 00 05 29 10 78 98 59 63 80 59 00 3A 12 11 00 87 7E 7E 80 01 00 05 29 10 78 98 59 63 AB 9E 00 3B 12 11 00 6A 7E 7E 80 01 00 05 29 10 78 98 59 63 06 F1 00 3C 12 11 00 AF 7E 7E 80 01 00 05 29 10 78 98 59 63 F1 B3 00 3D 12 11 00 1B 7E 7E 80 01 00 05 29 10 78 98 59 63 00 93 00 3E 12 11 00 C9 7E 7E 80 01 00 05 29 10 78 98 59 63 E6 B1 00 3F 12 11 00 0C 7E 7E 80 01 00 05 29 10 78 98 59 63 78 24 00 40 12 11 00 78 7E 7E 80 01 00 05 29 10 78 98 59 63 D6 C7 00 41 12 11 00 34 7E 7E 80 01 00 05 29 10 78 98 59 63 9C 85 00 42 12 11 00 3F 7E 7E 80 01 00 05 29 10 78 98 59 63 3F E7 00 43 12 11 00 FF 7E 7E 92 12 00 36 29 10 78 98 59 63 83 75 32 30 32 5F 36 34 5F 36 34 30 31 5F 30 33 5F 32 39 31 30 37 38 39 38 35 39 36 33 30 30 32 36 30 34 30 35 32 33 31 31 32 31 30 31 30 32 30 30 2E 6D 70 34 02 00 00 9D 7E"}
{"ts":"2026-04-05T23:11:23.169Z","level":"INFO","device":"291078985963","event":"MEDIA_CLOSED","detail":""}
{"ts":"2026-04-05T23:11:23.170Z","level":"INFO","device":"868120100009","event":"SENT_1212","detail":"00_64_6401_00_86812010000900260405231122010200.jpg"}
{"ts":"2026-04-05T23:11:23.201Z","level":"INFO","device":"868120100008","event":"MEDIA_RX","detail":"7E 80 01 00 05 86 81 20 10 00 08 A1 4E 00 00 12 10 00 56 7E"}
{"ts":"2026-04-05T23:11:23.208Z","level":"INFO","device":"868120100002","event":"MEDIA_RX","detail":"7E 80 01 00 05 86 81 20 10 00 02 05 18 00 04 12 11 00 AB 7E 7E 80 01 00 05 86 81 20 10 00 02 10 2D 00 05 12 11 00 8A 7E 7E 80 01 00 05 86 81 20 10 00 02 EE CD 00 06 12 11 00 97 7E 7E 80 01 00 05 86 81 20 10 00 02 75 57 00 07 12 11 00 97 7E 7E 80 01 00 05 86 81 20 10 00 02 26 14 00 08 12 11 00 88 7E 7E 80 01 00 05 86 81 20 10 00 02 9F 00 00 09 12 11 00 24 7E 7E 80 01 00 05 86 81 20 10 00 02 15 15 00 0A 12 11 00 B8 7E 7E 80 01 00 05 86 81 20 10 00 02 A2 C3 00 0B 12 11 00 D8 7E 7E 80 01 00 05 86 81 20 10 00 02 A4 49 00 0C 12 11 00 53 7E 7E 80 01 00 05 86 81 20 10 00 02 A4 F3 00 0D 12 11 00 E8 7E 7E 80 01 00 05 86 81 20 10 00 02 84 AB 00 0E 12 11 00 93 7E 7E 80 01 00 05 86 81 20 10 00 02 56 31 00 0F 12 11 00 DA 7E 7E 80 01 00 05 86 81 20 10 00 02 6D 6E 00 10 12 11 00 A1 7E 7E 80 01 00 05 86 81 20 10 00 02 B3 7D 01 00 11 12 11 00 6D 7E 7E 80 01 00 05 86 81 20 10 00 02 BE ED 00 12 12 11 00 F3 7E 7E 80 01 00 05 86 81 20 10 00 02 50 5F 00 13 12 11 00 AE 7E 7E 80 01 00 05 86 81 20 10 00 02 ED 0D 00 14 12 11 00 46 7E 7E 80 01 00 05 86 81 20 10 00 02 86 DB 00 15 12 11 00 FA 7E 7E 80 01 00 05 86 81 20 10 00 02 E0 BF 00 16 12 11 00 FB 7E 7E 80 01 00 05 86 81 20 10 00 02 DC 94 00 17 12 11 00 ED 7E 7E 80 01 00 05 86 81 20 10 00 02 1F DB 00 18 12 11 00 6E 7E 7E 80 01 00 05 86 81 20 10 00 02 4F B6 00 19 12 11 00 52 7E 7E 80 01 00 05 86 81 20 10 00 02 40 69 00 1A 12 11 00 81 7E 7E 80 01 00 05 86 81 20 10 00 02 AF 32 00 1B 12 11 00 34 7E 7E 80 01 00 05 86 81 20 10 00 02 D7 BB 00 1C 12 11 00 C2 7E 7E 80 01 00 05 86 81 20 10 00 02 B0 38 00 1D 12 11 00 27 7E 7E 80 01 00 05 86 81 20 10 00 02 EA E6 00 1E 12 11 00 A0 7E 7E 80 01 00 05 86 81 20 10 00 02 44 A8 00 1F 12 11 00 41 7E 7E 80 01 00 05 86 81 20 10 00 02 A7 5B 00 20 12 11 00 6E 7E 7E 80 01 00 05 86 81 20 10 00 02 CB 31 00 21 12 11 00 69 7E 7E 80 01 00 05 86 81 20 10 00 02 4E 81 00 22 12 11 00 5F 7E 7E 80 01 00 05 86 81 20 10 00 02 B6 1A 00 23 12 11 00 3D 7E 7E 80 01 00 05 86 81 20 10 00 02 F7 E5 00 24 12 11 00 84 7E 7E 80 01 00 05 86 81 20 10 00 02 5E CB 00 25 12 11 00 02 7E 7E 80 01 00 05 86 81 20 10 00 02 85 73 00 26 12 11 00 62 7E 7E 80 01 00 05 86 81 20 10 00 02 1C CF 00 27 12 11 00 46 7E 7E 80 01 00 05 86 81 20 10 00 02 76 D4 00 28 12 11 00 38 7E 7E 80 01 00 05 86 81 20 10 00 02 7A 00 00 29 12 11 00 E1 7E 7E 80 01 00 05 86 81 20 10 00 02 F2 50 00 2A 12 11 00 3A 7E 7E 80 01 00 05 86 81 20 10 00 02 EB 17 00 2B 12 11 00 65 7E 7E 80 01 00 05 86 81 20 10 00 02 47 37 00 2C 12 11 00 EE 7E 7E 80 01 00 05 86 81 20 10 00 02 25 81 00 2D 12 11 00 3B 7E 7E 80 01 00 05 86 81 20 10 00 02 F9 04 00 2E 12 11 00 61 7E 7E 80 01 00 05 86 81 20 10 00 02 D9 58 00 2F 12 11 00 1C 7E 7E 80 01 00 05 86 81 20 10 00 02 C1 0A 00 30 12 11 00 49 7E 7E 80 01 00 05 86 81 20 10 00 02 53 6A 00 31 12 11 00 BA 7E 7E 80 01 00 05 86 81 20 10 00 02 98 37 00 32 12 11 00 2F 7E 7E 80 01 00 05 86 81 20 10 00 02 5B 19 00 33 12 11 00 C3 7E 7E 80 01 00 05 86 81 20 10 00 02 19 A8 00 34 12 11 00 37 7E 7E 80 01 00 05 86 81 20 10 00 02 9E AA 00 35 12 11 00 B3 7E 7E 80 01 00 05 86 81 20 10 00 02 71 80 00 36 12 11 00 75 7E 7E 80 01 00 05 86 81 20 10 00 02 EB E4 00 37 12 11 00 8A 7E 7E 80 01 00 05 86 81 20 10 00 02 78 BC 00 38 12 11 00 4E 7E 7E 80 01 00 05 86 81 20 10 00 02 3A 1F 00 39 12 11 00 AE 7E 7E 80 01 00 05 86 81 20 10 00 02 91 12 00 3A 12 11 00 0B 7E 7E 80 01 00 05 86 81 20 10 00 02 7C 51 00 3B 12 11 00 A4 7E 7E 80 01 00 05 86 81 20 10 00 02 0C F2 00 3C 12 11 00 70 7E 7E 80 01 00 05 86 81 20 10 00 02 7F 80 00 3D 12 11 00 70 7E 7E 80 01 00 05 86 81 20 10 00 02 83 D0 00 3E 12 11 00 DF 7E 7E 80 01 00 05 86 81 20 10 00 02 7F 03 00 3F 12 11 00 F1 7E 7E 80 01 00 05 86 81 20 10 00 02 E0 F2 00 40 12 11 00 E0 7E 7E 80 01 00 05 86 81 20 10 00 02 0C 20 00 41 12 11 00 DF 7E 7E 80 01 00 05 86 81 20 10 00 02 B4 B8 00 42 12 11 00 FC 7E 7E 80 01 00 05 86 81 20 10 00 02 1A 7F 00 43 12 11 00 94 7E 7E 92 12 00 36 86 81 20 10 00 02 D2 0B 32 30 32 5F 36 34 5F 36 34 30 31 5F 30 33 5F 38 36 38 31 32 30 31 30 30 30 30 32 30 30 32 36 30 34 30 35 32 33 31 31 32 31 30 31 30 32 30 30 2E 6D 70 34 02 00 00 6F 7E"}
{"ts":"2026-04-05T23:11:23.209Z","level":"INFO","device":"868120100002","event":"MEDIA_CLOSED","detail":""}
{"ts":"2026-04-05T23:11:23.223Z","level":"INFO","device":"868120100007","event":"SENT_1212","detail":"02_64_6401_03_86812010000700260405231122010200.mp4"}
{"ts":"2026-04-05T23:11:23.255Z","level":"INFO","device":"868120100006","event":"MEDIA_RX","detail":"7E 80 01 00 05 86 81 20 10 00 06 29 84 00 03 12 10 00 19 7E"}
{"ts":"2026-04-05T23:11:23.261Z","level":"INFO","device":"868120100009","event":"MEDIA_RX","detail":"7E 80 01 00 05 86 81 20 10 00 09 70 69 00 00 12 10 00 A1 7E"}
{"ts":"2026-04-05T23:11:23.263Z","level":"INFO","device":"868120100004","event":"MEDIA_RX","detail":"7E 80 01 00 05 86 81 20 10 00 04 60 11 00 04 12 11 00 C1 7E 7E 80 01 00 05 86 81 20 10 00 04 CC 54 00 05 12 11 00 29 7E 7E 80 01 00 05 86 81 20 10 00 04 C8 83 00 06 12 11 00 F9 7E 7E 80 01 00 05 86 81 20 10 00 04 6C 14 00 07 12 11 00 CB 7E 7E 80 01 00 05 86 81 20 10 00 04 1F 07 00 08 12 11 00 A4 7E 7E 80 01 00 05 86 81 20 10 00 04 39 68 00 09 12 11 00 EC 7E 7E 80 01 00 05 86 81 20 10 00 04 1C B2 00 0A 12 11 00 10 7E 7E 80 01 00 05 86 81 20 10 00 04 D6 3F 00 0B 12 11 00 56 7E 7E 80 01 00 05 86 81 20 10 00 04 B6 E1 00 0C 12 11 00 EF 7E 7E 80 01 00 05 86 81 20 10 00 04 74 80 00 0D 12 11 00 4D 7E 7E 80 01 00 05 86 81 20 10 00 04 04 6C 00 0E 12 11 00 D2 7E 7E 80 01 00 05 86 81 20 10 00 04 DD 05 00 0F 12 11 00 63 7E 7E 80 01 00 05 86 81 20 10 00 04 CF DA 00 10 12 11 00 B1 7E 7E 80 01 00 05 86 81 20 10 00 04 04 AC 00 11 12 11 00 0D 7E 7E 80 01 00 05 86 81 20 10 00 04 8D 28 00 12 12 11 00 03 7E 7E 80 01 00 05 86 81 20 10 00 04 A9 62 00 13 12 11 00 6C 7E 7E 80 01 00 05 86 81 20 10 00 04 1E B4 00 14 12 11 00 0A 7E 7E 80 01 00 05 86 81 20 10 00 04 B1 62 00 15 12 11 00 72 7E 7E 80 01 00 05 86 81 20 10 00 04 E7 6C 00 16 12 11 00 29 7E 7E 80 01 00 05 86 81 20 10 00 04 D0 23 00 17 12 11 00 50 7E 7E 80 01 00 05 86 81 20 10 00 04 BF 0D 00 18 12 11 00 1E 7E 7E 80 01 00 05 86 81 20 10 00 04 3C D2 00 19 12 11 00 43 7E 7E 80 01 00 05 86 81 20 10 00 04 A8 DF 00 1A 12 11 00 D9 7E 7E 80 01 00 05 86 81 20 10 00 04 6F DC 00 1B 12 11 00 1C 7E 7E 80 01 00 05 86 81 20 10 00 04 A9 B3 00 1C 12 11 00 B2 7E 7E 80 01 00 05 86 81 20 10 00 04 54 64 00 1D 12 11 00 99 7E 7E 80 01 00 05 86 81 20 10 00 04 CC 82 00 1E 12 11 00 E4 7E 7E 80 01 00 05 86 81 20 10 00 04 B4 5B 00 1F 12 11 00 44 7E 7E 80 01 00 05 86 81 20 10 00 04 71 6D 00 20 12 11 00 88 7E 7E 80 01 00 05 86 81 20 10 00 04 08 3D 00 21 12 11 00 A0 7E 7E 80 01 00 05 86 81 20 10 00 04 40 21 00 22 12 11 00 F7 7E 7E 80 01 00 05 86 81 20 10 00 04 B5 4E 00 23 12 11 00 6C 7E 7E 80 01 00 05 86 81 20 10 00 04 91 BD 00 24 12 11 00 BC 7E 7E 80 01 00 05 86 81 20 10 00 04 ED AB 00 25 12 11 00 D7 7E"}
{"ts":"2026-04-05T23:11:23.277Z","level":"INFO","device":"100000000010","event":"MEDIA_RX","detail":"7E 80 01 00 05 10 00 00 00 00 10 E6 35 00 01 12 11 00 55 7E 7E 92 12 00 36 10 00 00 00 00 10 06 3C 32 30 30 5F 36 34 5F 36 34 30 31 5F 30 30 5F 31 30 30 30 30 30 30 30 30 30 31 30 30 30 32 36 30 34 30 35 32 33 30 39 31 36 31 44 30 32 30 30 2E 6A 70 67 00 00 00 91 7E"}
{"ts":"2026-04-05T23:11:23.277Z","level":"INFO","device":"100000000010","event":"FILE_START","detail":"[2/2] 02_64_6401_03_100000000010002604052309161D0200.mp4 (65536 bytes)"}
{"ts":"2026-04-05T23:11:23.277Z","level":"INFO","device":"100000000010","event":"SENT_1210","detail":"02_64_6401_03_100000000010002604052309161D0200.mp4"}
{"ts":"2026-04-05T23:11:23.299Z","level":"INFO","device":"868120100007","event":"MEDIA_RX","detail":"7E 80 01 00 05 86 81 20 10 00 07 AE 8B 00 03 12 10 00 90 7E"}
{"ts":"2026-04-05T23:11:23.307Z","level":"INFO","device":"868120100005","event":"BATCH_COMPLETE","detail":"All 2 files sent"}
{"ts":"2026-04-05T23:11:23.357Z","level":"INFO","device":"868120100008","event":"FILE_START","detail":"[2/2] 02_64_6401_03_86812010000800260405231122010200.mp4 (65536 bytes)"}
{"ts":"2026-04-05T23:11:23.359Z","level":"INFO","device":"868120100008","event":"SENT_1210","detail":"02_64_6401_03_86812010000800260405231122010200.mp4"}
{"ts":"2026-04-05T23:11:23.380Z","level":"INFO","device":"100000000010","event":"SENT_1212","detail":"02_64_6401_03_100000000010002604052309161D0200.mp4"}
{"ts":"2026-04-05T23:11:23.400Z","level":"INFO","device":"868120100008","event":"MEDIA_RX","detail":"7E 80 01 00 05 86 81 20 10 00 08 D5 B5 00 01 12 11 00 D9 7E 7E 92 12 00 36 86 81 20 10 00 08 99 BF 32 30 30 5F 36 34 5F 36 34 30 31 5F 30 30 5F 38 36 38 31 32 30 31 30 30 30 30 38 30 30 32 36 30 34 30 35 32 33 31 31 32 32 30 31 30 32 30 30 2E 6A 70 67 00 00 00 C4 7E"}
{"ts":"2026-04-05T23:11:23.432Z","level":"INFO","device":"868120100003","event":"MEDIA_RX","detail":"7E 80 01 00 05 86 81 20 10 00 03 B8 01 00 04 12 11 00 0E 7E 7E 80 01 00 05 86 81 20 10 00 03 72 3D 00 05 12 11 00 F9 7E 7E 80 01 00 05 86 81 20 10 00 03 0D 63 00 06 12 11 00 DB 7E 7E 80 01 00 05 86 81 20 10 00 03 F2 74 00 07 12 11 00 32 7E 7E 80 01 00 05 86 81 20 10 00 03 5F F8 00 08 12 11 00 1C 7E 7E 80 01 00 05 86 81 20 10 00 03 14 CE 00 09 12 11 00 60 7E 7E 80 01 00 05 86 81 20 10 00 03 4E 02 00 0A 12 11 00 F5 7E 7E 80 01 00 05 86 81 20 10 00 03 5E 58 00 0B 12 11 00 BE 7E 7E 80 01 00 05 86 81 20 10 00 03 A5 07 00 0C 12 11 00 1D 7E 7E 80 01 00 05 86 81 20 10 00 03 78 C7 00 0D 12 11 00 01 7E 7E 80 01 00 05 86 81 20 10 00 03 E9 C6 00 0E 12 11 00 92 7E 7E 80 01 00 05 86 81 20 10 00 03 F2 57 00 0F 12 11 00 19 7E 7E 80 01 00 05 86 81 20 10 00 03 FE 72 00 10 12 11 00 2F 7E 7E 80 01 00 05 86 81 20 10 00 03 03 A6 00 11 12 11 00 07 7E 7E 80 01 00 05 86 81 20 10 00 03 20 06 00 12 12 11 00 87 7E 7E 80 01 00 05 86 81 20 10 00 03 95 CF 00 13 12 11 00 FA 7E 7E 80 01 00 05 86 81 20 10 00 03 8D DB 00 14 12 11 00 F1 7E 7E 80 01 00 05 86 81 20 10 00 03 F5 DF 00 15 12 11 00 8C 7E 7E 80 01 00 05 86 81 20 10 00 03 10 CD 00 16 12 11 00 78 7E 7E 80 01 00 05 86 81 20 10 00 03 AE 5C 00 17 12 11 00 56 7E 7E 80 01 00 05 86 81 20 10 00 03 3F 9B 00 18 12 11 00 0F 7E 7E 80 01 00 05 86 81 20 10 00 03 83 9C 00 19 12 11 00 B5 7E 7E 80 01 00 05 86 81 20 10 00 03 A4 51 00 1A 12 11 00 5C 7E 7E 80 01 00 05 86 81 20 10 00 03 2A 4F 00 1B 12 11 00 CD 7E 7E 80 01 00 05 86 81 20 10 00 03 1A 5D 00 1C 12 11 00 E8 7E 7E 80 01 00 05 86 81 20 10 00 03 A3 6E 00 1D 12 11 00 63 7E 7E 80 01 00 05 86 81 20 10 00 03 1B E2 00 1E 12 11 00 54 7E 7E 80 01 00 05 86 81 20 10 00 03 20 90 00 1F 12 11 00 1C 7E 7E 80 01 00 05 86 81 20 10 00 03 0B 9E 00 20 12 11 00 06 7E 7E 80 01 00 05 86 81 20 10 00 03 FD 91 00 21 12 11 00 FE 7E 7E 80 01 00 05 86 81 20 10 00 03 A0 91 00 22 12 11 00 A0 7E 7E 80 01 00 05 86 81 20 10 00 03 96 80 00 23 12 11 00 86 7E 7E 80 01 00 05 86 81 20 10 00 03 DF 4A 00 24 12 11 00 02 7E 7E 80 01 00 05 86 81 20 10 00 03 30 AA 00 25 12 11 00 0C 7E 7E 80 01 00 05 86 81 20 10 00 03 FC E0 00 26 12 11 00 89 7E 7E 80 01 00 05 86 81 20 10 00 03 84 2F 00 27 12 11 00 3F 7E 7E 80 01 00 05 86 81 20 10 00 03 45 B0 00 28 12 11 00 6E 7E 7E 80 01 00 05 86 81 20 10 00 03 61 12 00 29 12 11 00 E9 7E 7E 80 01 00 05 86 81 20 10 00 03 BC D3 00 2A 12 11 00 F6 7E 7E 80 01 00 05 86 81 20 10 00 03 46 28 00 2B 12 11 00 F6 7E 7E 80 01 00 05 86 81 20 10 00 03 48 80 00 2C 12 11 00 57 7E 7E 80 01 00 05 86 81 20 10 00 03 5F E1 00 2D 12 11 00 20 7E 7E 80 01 00 05 86 81 20 10 00 03 72 C1 00 2E 12 11 00 2E 7E 7E 80 01 00 05 86 81 20 10 00 03 28 3E 00 2F 12 11 00 8A 7E 7E 80 01 00 05 86 81 20 10 00 03 20 44 00 30 12 11 00 E7 7E 7E 80 01 00 05 86 81 20 10 00 03 62 E9 00 31 12 11 00 09 7E 7E 80 01 00 05 86 81 20 10 00 03 F8 3A 00 32 12 11 00 43 7E 7E 80 01 00 05 86 81 20 10 00 03 E7 D9 00 33 12 11 00 BE 7E 7E 80 01 00 05 86 81 20 10 00 03 31 F8 00 34 12 11 00 4E 7E 7E 80 01 00 05 86 81 20 10 00 03 E3 9E 00 35 12 11 00 FB 7E 7E 80 01 00 05 86 81 20 10 00 03 46 78 00 36 12 11 00 BB 7E 7E 80 01 00 05 86 81 20 10 00 03 00 79 00 37 12 11 00 FD 7E 7E 80 01 00 05 86 81 20 10 00 03 67 D2 00 38 12 11 00 3E 7E 7E 80 01 00 05 86 81 20 10 00 03 BA 7A 00 39 12 11 00 4A 7E 7E 80 01 00 05 86 81 20 10 00 03 0C B5 00 3A 12 11 00 30 7E 7E 80 01 00 05 86 81 20 10 00 03 0B E8 00 3B 12 11 00 6B 7E 7E 80 01 00 05 86 81 20 10 00 03 3D E6 00 3C 12 11 00 54 7E 7E 80 01 00 05 86 81 20 10 00 03 B8 CD 00 3D 12 11 00 FB 7E 7E 80 01 00 05 86 81 20 10 00 03 96 AE 00 3E 12 11 00 B5 7E 7E 80 01 00 05 86 81 20 10 00 03 41 D9 00 3F 12 11 00 14 7E 7E 80 01 00 05 86 81 20 10 00 03 A6 F6 00 40 12 11 00 A3 7E 7E 80 01 00 05 86 81 20 10 00 03 E2 C9 00 41 12 11 00 D9 7E 7E 80 01 00 05 86 81 20 10 00 03 8E 28 00 42 12 11 00 57 7E 7E 80 01 00 05 86 81 20 10 00 03 8D 26 00 43 12 11 00 5B 7E 7E 92 12 00 36 86 81 20 10 00 03 B7 FD 32 30 32 5F 36 34 5F 36 34 30 31 5F 30 33 5F 38 36 38 31 32 30 31 30 30 30 30 33 30 30 32 36 30 34 30 35 32 33 31 31 32 31 30 31 30 32 30 30 2E 6D 70 34 02 00 00 FC 7E"}
{"ts":"2026-04-05T23:11:23.433Z","level":"INFO","device":"868120100003","event":"MEDIA_CLOSED","detail":""}
{"ts":"2026-04-05T23:11:23.453Z","level":"INFO","device":"868120100009","event":"MEDIA_RX","detail":"7E 80 01 00 05 86 81 20 10 00 09 8C 82 00 01 12 11 00 B6 7E 7E 92 12 00 36 86 81 20 10 00 09 5A 5B 32 30 30 5F 36 34 5F 36 34 30 31 5F 30 30 5F 38 36 38 31 32 30 31 30 30 30 30 39 30 30 32 36 30 34 30 35 32 33 31 31 32 32 30 31 30 32 30 30 2E 6A 70 67 00 00 00 E3 7E"}
{"ts":"2026-04-05T23:11:23.454Z","level":"INFO","device":"868120100006","event":"BATCH_COMPLETE","detail":"All 2 files sent"}
{"ts":"2026-04-05T23:11:23.465Z","level":"INFO","device":"868120100008","event":"SENT_1212","detail":"02_64_6401_03_86812010000800260405231122010200.mp4"}
{"ts":"2026-04-05T23:11:23.465Z","level":"INFO","device":"100000000010","event":"MEDIA_RX","detail":"7E 80 01 00 05 10 00 00 00 00 10 D0 77 00 03 12 10 00 22 7E"}
{"ts":"2026-04-05T23:11:23.470Z","level":"INFO","device":"868120100009","event":"FILE_START","detail":"[2/2] 02_64_6401_03_86812010000900260405231122010200.mp4 (65536 bytes)"}
{"ts":"2026-04-05T23:11:23.470Z","level":"INFO","device":"868120100009","event":"SENT_1210","detail":"02_64_6401_03_86812010000900260405231122010200.mp4"}
{"ts":"2026-04-05T23:11:23.482Z","level":"INFO","device":"868120100007","event":"MEDIA_RX","detail":"7E 80 01 00 05 86 81 20 10 00 07 B4 D3 00 04 12 11 00 D4 7E 7E 80 01 00 05 86 81 20 10 00 07 93 34 00 05 12 11 00 15 7E 7E 80 01 00 05 86 81 20 10 00 07 68 B9 00 06 12 11 00 60 7E 7E 80 01 00 05 86 81 20 10 00 07 3C D6 00 07 12 11 00 5A 7E 7E 80 01 00 05 86 81 20 10 00 07 92 32 00 08 12 11 00 1F 7E 7E 80 01 00 05 86 81 20 10 00 07 5B 9D 00 09 12 11 00 78 7E 7E 80 01 00 05 86 81 20 10 00 07 7D 02 31 00 0A 12 11 00 F2 7E 7E 80 01 00 05 86 81 20 10 00 07 D5 FE 00 0B 12 11 00 97 7E 7E 80 01 00 05 86 81 20 10 00 07 40 97 00 0C 12 11 00 6C 7E 7E 80 01 00 05 86 81 20 10 00 07 3B 84 00 0D 12 11 00 05 7E 7E 80 01 00 05 86 81 20 10 00 07 48 8D 00 0E 12 11 00 7C 7E 7E 80 01 00 05 86 81 20 10 00 07 FD DC 00 0F 12 11 00 99 7E 7E 80 01 00 05 86 81 20 10 00 07 A4 F0 00 10 12 11 00 F3 7E 7E 80 01 00 05 86 81 20 10 00 07 B4 4D 00 11 12 11 00 5F 7E 7E 80 01 00 05 86 81 20 10 00 07 67 48 00 12 12 11 00 8A 7E 7E 80 01 00 05 86 81 20 10 00 07 A2 24 00 13 12 11 00 22 7E 7E 80 01 00 05 86 81 20 10 00 07 47 45 00 14 12 11 00 A1 7E 7E 80 01 00 05 86 81 20 10 00 07 78 18 00 15 12 11 00 C2 7E 7E 80 01 00 05 86 81 20 10 00 07 C4 97 00 16 12 11 00 F2 7E 7E 80 01 00 05 86 81 20 10 00 07 92 1F 00 17 12 11 00 2D 7E 7E 80 01 00 05 86 81 20 10 00 07 F3 D0 00 18 12 11 00 8C 7E 7E 80 01 00 05 86 81 20 10 00 07 B1 96 00 19 12 11 00 89 7E 7E 80 01 00 05 86 81 20 10 00 07 3B 67 00 1A 12 11 00 F1 7E 7E 80 01 00 05 86 81 20 10 00 07 84 BA 00 1B 12 11 00 92 7E 7E 80 01 00 05 86 81 20 10 00 07 B1 A5 00 1C 12 11 00 BF 7E 7E 80 01 00 05 86 81 20 10 00 07 EA CC 00 1D 12 11 00 8C 7E 7E 80 01 00 05 86 81 20 10 00 07 B7 BE 00 1E 12 11 00 A0 7E 7E 80 01 00 05 86 81 20 10 00 07 B0 39 00 1F 12 11 00 21 7E 7E 80 01 00 05 86 81 20 10 00 07 A1 E1 00 20 12 11 00 D7 7E 7E 80 01 00 05 86 81 20 10 00 07 FB 2A 00 21 12 11 00 47 7E 7E 80 01 00 05 86 81 20 10 00 07 4B B3 00 22 12 11 00 6D 7E 7E 80 01 00 05 86 81 20 10 00 07 0D 72 00 23 12 11 00 EB 7E 7E 80 01 00 05 86 81 20 10 00 07 C9 3F 00 24 12 11 00 65 7E"}
{"ts":"2026-04-05T23:11:23.524Z","level":"INFO","device":"868120100007","event":"BATCH_COMPLETE","detail":"All 2 files sent"}
{"ts":"2026-04-05T23:11:23.574Z","level":"INFO","device":"868120100009","event":"SENT_1212","detail":"02_64_6401_03_86812010000900260405231122010200.mp4"}
{"ts":"2026-04-05T23:11:23.649Z","level":"INFO","device":"100000000010","event":"MEDIA_RX","detail":"7E 80 01 00 05 10 00 00 00 00 10 BC 4A 00 04 12 11 00 75 7E 7E 80 01 00 05 10 00 00 00 00 10 F8 4F 00 05 12 11 00 35 7E 7E 80 01 00 05 10 00 00 00 00 10 9D CC 00 06 12 11 00 D0 7E 7E 80 01 00 05 10 00 00 00 00 10 29 73 00 07 12 11 00 DA 7E 7E 80 01 00 05 10 00 00 00 00 10 55 91 00 08 12 11 00 4B 7E 7E 80 01 00 05 10 00 00 00 00 10 58 7D 01 00 09 12 11 00 AB 7E 7E 80 01 00 05 10 00 00 00 00 10 8C 2F 00 0A 12 11 00 2E 7E 7E 80 01 00 05 10 00 00 00 00 10 3C 8F 00 0B 12 11 00 3F 7E 7E 80 01 00 05 10 00 00 00 00 10 B7 CE 00 0C 12 11 00 F2 7E 7E 80 01 00 05 10 00 00 00 00 10 26 94 00 0D 12 11 00 38 7E 7E 80 01 00 05 10 00 00 00 00 10 8F EF 00 0E 12 11 00 E9 7E 7E 80 01 00 05 10 00 00 00 00 10 9F F7 00 0F 12 11 00 E0 7E 7E 80 01 00 05 10 00 00 00 00 10 49 EB 00 10 12 11 00 35 7E 7E 80 01 00 05 10 00 00 00 00 10 DB 80 00 11 12 11 00 CD 7E 7E 80 01 00 05 10 00 00 00 00 10 2D C7 00 12 12 11 00 7F 7E 7E 80 01 00 05 10 00 00 00 00 10 AA 36 00 13 12 11 00 08 7E 7E 80 01 00 05 10 00 00 00 00 10 3A 4C 00 14 12 11 00 E5 7E 7E 80 01 00 05 10 00 00 00 00 10 40 92 00 15 12 11 00 40 7E 7E 80 01 00 05 10 00 00 00 00 10 14 E7 00 16 12 11 00 62 7E 7E 80 01 00 05 10 00 00 00 00 10 18 5C 00 17 12 11 00 D4 7E 7E 80 01 00 05 10 00 00 00 00 10 35 1A 00 18 12 11 00 B0 7E 7E 80 01 00 05 10 00 00 00 00 10 36 1B 00 19 12 11 00 B3 7E 7E 80 01 00 05 10 00 00 00 00 10 79 98 00 1A 12 11 00 7C 7E 7E 80 01 00 05 10 00 00 00 00 10 26 05 00 1B 12 11 00 BF 7E 7E 80 01 00 05 10 00 00 00 00 10 10 55 00 1C 12 11 00 DE 7E 7E 80 01 00 05 10 00 00 00 00 10 E6 50 00 1D 12 11 00 2C 7E 7E 80 01 00 05 10 00 00 00 00 10 FE 04 00 1E 12 11 00 63 7E 7E 80 01 00 05 10 00 00 00 00 10 95 E6 00 1F 12 11 00 EB 7E 7E 80 01 00 05 10 00 00 00 00 10 56 3D 00 20 12 11 00 CC 7E 7E 80 01 00 05 10 00 00 00 00 10 B1 51 00 21 12 11 00 46 7E 7E 80 01 00 05 10 00 00 00 00 10 2E AF 00 22 12 11 00 24 7E 7E 80 01 00 05 10 00 00 00 00 10 E2 E6 00 23 12 11 00 A0 7E 7E 80 01 00 05 10 00 00 00 00 10 85 03 00 24 12 11 00 25 7E"}
{"ts":"2026-04-05T23:11:23.664Z","level":"INFO","device":"868120100008","event":"MEDIA_RX","detail":"7E 80 01 00 05 86 81 20 10 00 08 86 98 00 03 12 10 00 A4 7E"}
{"ts":"2026-04-05T23:11:23.665Z","level":"INFO","device":"868120100009","event":"MEDIA_RX","detail":"7E 80 01 00 05 86 81 20 10 00 09 90 4C 00 03 12 10 00 67 7E"}
{"ts":"2026-04-05T23:11:23.681Z","level":"INFO","device":"100000000010","event":"BATCH_COMPLETE","detail":"All 2 files sent"}
{"ts":"2026-04-05T23:11:23.693Z","level":"INFO","device":"868120100005","event":"MEDIA_RX","detail":"7E 80 01 00 05 86 81 20 10 00 05 B3 41 00 04 12 11 00 43 7E 7E 80 01 00 05 86 81 20 10 00 05 AA 99 00 05 12 11 00 83 7E 7E 80 01 00 05 86 81 20 10 00 05 3D A8 00 06 12 11 00 26 7E 7E 80 01 00 05 86 81 20 10 00 05 43 96 00 07 12 11 00 67 7E 7E 80 01 00 05 86 81 20 10 00 05 D4 5C 00 08 12 11 00 35 7E 7E 80 01 00 05 86 81 20 10 00 05 DE 62 00 09 12 11 00 00 7E 7E 80 01 00 05 86 81 20 10 00 05 57 39 00 0A 12 11 00 D1 7E 7E 80 01 00 05 86 81 20 10 00 05 85 7F 00 0B 12 11 00 44 7E 7E 80 01 00 05 86 81 20 10 00 05 96 D9 00 0C 12 11 00 F6 7E 7E 80 01 00 05 86 81 20 10 00 05 80 AA 00 0D 12 11 00 92 7E 7E 80 01 00 05 86 81 20 10 00 05 C4 EA 00 0E 12 11 00 95 7E 7E 80 01 00 05 86 81 20 10 00 05 3D 1D 00 0F 12 11 00 9A 7E 7E 80 01 00 05 86 81 20 10 00 05 F7 E5 00 10 12 11 00 B7 7E 7E 80 01 00 05 86 81 20 10 00 05 87 87 00 11 12 11 00 A4 7E 7E 80 01 00 05 86 81 20 10 00 05 EF 90 00 12 12 11 00 D8 7E 7E 80 01 00 05 86 81 20 10 00 05 4C 87 00 13 12 11 00 6D 7E 7E 80 01 00 05 86 81 20 10 00 05 A5 C1 00 14 12 11 00 C5 7E 7E 80 01 00 05 86 81 20 10 00 05 C8 49 00 15 12 11 00 21 7E 7E 80 01 00 05 86 81 20 10 00 05 0B 49 00 16 12 11 00 E1 7E 7E 80 01 00 05 86 81 20 10 00 05 7A 39 00 17 12 11 00 E1 7E 7E 80 01 00 05 86 81 20 10 00 05 7A 45 00 18 12 11 00 92 7E 7E 80 01 00 05 86 81 20 10 00 05 E8 82 00 19 12 11 00 C6 7E 7E 80 01 00 05 86 81 20 10 00 05 66 56 00 1A 12 11 00 9F 7E 7E 80 01 00 05 86 81 20 10 00 05 E1 0D 00 1B 12 11 00 42 7E 7E 80 01 00 05 86 81 20 10 00 05 8D 91 00 1C 12 11 00 B5 7E 7E 80 01 00 05 86 81 20 10 00 05 AE CD 00 1D 12 11 00 CB 7E 7E 80 01 00 05 86 81 20 10 00 05 D0 0D 00 1E 12 11 00 76 7E 7E 80 01 00 05 86 81 20 10 00 05 72 78 00 1F 12 11 00 A0 7E 7E 80 01 00 05 86 81 20 10 00 05 FD 71 00 20 12 11 00 19 7E 7E 80 01 00 05 86 81 20 10 00 05 85 F1 00 21 12 11 00 E0 7E 7E 80 01 00 05 86 81 20 10 00 05 65 B8 00 22 12 11 00 4A 7E 7E 80 01 00 05 86 81 20 10 00 05 61 5C 00 23 12 11 00 AB 7E 7E 80 01 00 05 86 81 20 10 00 05 91 A8 00 24 12 11 00 A8 7E 7E 80 01 00 05 86 81 20 10 00 05 5D FE 00 25 12 11 00 33 7E 7E 80 01 00 05 86 81 20 10 00 05 A4 80 00 26 12 11 00 B7 7E 7E 80 01 00 05 86 81 20 10 00 05 43 28 00 27 12 11 00 F9 7E 7E 80 01 00 05 86 81 20 10 00 05 6F 82 00 28 12 11 00 70 7E 7E 80 01 00 05 86 81 20 10 00 05 19 39 00 29 12 11 00 BC 7E 7E 80 01 00 05 86 81 20 10 00 05 26 0A 00 2A 12 11 00 B3 7E 7E 80 01 00 05 86 81 20 10 00 05 33 B4 00 2B 12 11 00 19 7E 7E 80 01 00 05 86 81 20 10 00 05 67 68 00 2C 12 11 00 96 7E 7E 80 01 00 05 86 81 20 10 00 05 15 62 00 2D 12 11 00 EF 7E 7E 80 01 00 05 86 81 20 10 00 05 85 A2 00 2E 12 11 00 BC 7E 7E 80 01 00 05 86 81 20 10 00 05 49 FF 00 2F 12 11 00 2C 7E 7E 80 01 00 05 86 81 20 10 00 05 4C 7B 00 30 12 11 00 B2 7E 7E 80 01 00 05 86 81 20 10 00 05 7D 01 F9 00 31 12 11 00 00 7E 7E 80 01 00 05 86 81 20 10 00 05 CD F5 00 32 12 11 00 BF 7E 7E 80 01 00 05 86 81 20 10 00 05 FD 3D 00 33 12 11 00 46 7E 7E 80 01 00 05 86 81 20 10 00 05 82 DF 00 34 12 11 00 DC 7E 7E 80 01 00 05 86 81 20 10 00 05 79 E5 00 35 12 11 00 1C 7E 7E 80 01 00 05 86 81 20 10 00 05 B8 DB 00 36 12 11 00 E0 7E 7E 80 01 00 05 86 81 20 10 00 05 C3 22 00 37 12 11 00 63 7E 7E 80 01 00 05 86 81 20 10 00 05 96 9F 00 38 12 11 00 84 7E 7E 80 01 00 05 86 81 20 10 00 05 87 D9 00 39 12 11 00 D2 7E 7E 80 01 00 05 86 81 20 10 00 05 4B 7D 01 00 3A 12 11 00 B9 7E 7E 80 01 00 05 86 81 20 10 00 05 D6 12 00 3B 12 11 00 4A 7E 7E 80 01 00 05 86 81 20 10 00 05 44 C2 00 3C 12 11 00 0F 7E 7E 80 01 00 05 86 81 20 10 00 05 8B D3 00 3D 12 11 00 D0 7E 7E 80 01 00 05 86 81 20 10 00 05 8F 3E 00 3E 12 11 00 3A 7E 7E 80 01 00 05 86 81 20 10 00 05 AF 01 00 3F 12 11 00 24 7E 7E 80 01 00 05 86 81 20 10 00 05 AB 16 00 40 12 11 00 48 7E 7E 80 01 00 05 86 81 20 10 00 05 1C 64 00 41 12 11 00 8C 7E 7E 80 01 00 05 86 81 20 10 00 05 DC 20 00 42 12 11 00 0B 7E 7E 80 01 00 05 86 81 20 10 00 05 9D DF 00 43 12 11 00 B4 7E 7E 92 12 00 36 86 81 20 10 00 05 F6 59 32 30 32 5F 36 34 5F 36 34 30 31 5F 30 33 5F 38 36 38 31 32 30 31 30 30 30 30 35 30 30 32 36 30 34 30 35 32 33 31 31 32 31 30 31 30 32 30 30 2E 6D 70 34 02 00 00 19 7E"}
{"ts":"2026-04-05T23:11:23.693Z","level":"INFO","device":"868120100005","event":"MEDIA_CLOSED","detail":""}
{"ts":"2026-04-05T23:11:23.765Z","level":"INFO","device":"868120100008","event":"BATCH_COMPLETE","detail":"All 2 files sent"}
{"ts":"2026-04-05T23:11:23.804Z","level":"ERROR","device":"868120100004","event":"MEDIA_ERROR","detail":"54.37.225.65:3378 — read ECONNRESET"}
{"ts":"2026-04-05T23:11:23.805Z","level":"INFO","device":"868120100004","event":"MEDIA_CLOSED","detail":""}
{"ts":"2026-04-05T23:11:23.862Z","level":"INFO","device":"868120100006","event":"MEDIA_RX","detail":"7E 80 01 00 05 86 81 20 10 00 06 E9 A1 00 04 12 11 00 FA 7E 7E 80 01 00 05 86 81 20 10 00 06 9D 35 00 05 12 11 00 1B 7E 7E 80 01 00 05 86 81 20 10 00 06 B2 31 00 06 12 11 00 33 7E 7E 80 01 00 05 86 81 20 10 00 06 69 7D 02 00 07 12 11 00 A6 7E 7E 80 01 00 05 86 81 20 10 00 06 3E 93 00 08 12 11 00 13 7E 7E 80 01 00 05 86 81 20 10 00 06 F1 0F 00 09 12 11 00 41 7E 7E 80 01 00 05 86 81 20 10 00 06 D9 95 00 0A 12 11 00 F0 7E 7E 80 01 00 05 86 81 20 10 00 06 60 64 00 0B 12 11 00 B9 7E 7E 80 01 00 05 86 81 20 10 00 06 E9 47 00 0C 12 11 00 14 7E 7E 80 01 00 05 86 81 20 10 00 06 A6 ED 00 0D 12 11 00 F0 7E 7E 80 01 00 05 86 81 20 10 00 06 D2 C3 00 0E 12 11 00 A9 7E 7E 80 01 00 05 86 81 20 10 00 06 1C 69 00 0F 12 11 00 CC 7E 7E 80 01 00 05 86 81 20 10 00 06 69 2E 00 10 12 11 00 E1 7E 7E 80 01 00 05 86 81 20 10 00 06 0D 2E 00 11 12 11 00 84 7E 7E 80 01 00 05 86 81 20 10 00 06 94 04 00 12 12 11 00 34 7E 7E 80 01 00 05 86 81 20 10 00 06 3C E4 00 13 12 11 00 7D 01 7E 7E 80 01 00 05 86 81 20 10 00 06 82 3C 00 14 12 11 00 1C 7E 7E 80 01 00 05 86 81 20 10 00 06 97 88 00 15 12 11 00 BC 7E 7E 80 01 00 05 86 81 20 10 00 06 14 C6 00 16 12 11 00 72 7E 7E 80 01 00 05 86 81 20 10 00 06 A2 2D 00 17 12 11 00 2E 7E 7E 80 01 00 05 86 81 20 10 00 06 0D 72 00 18 12 11 00 D1 7E 7E 80 01 00 05 86 81 20 10 00 06 41 C6 00 19 12 11 00 28 7E 7E 80 01 00 05 86 81 20 10 00 06 93 68 00 1A 12 11 00 57 7E 7E 80 01 00 05 86 81 20 10 00 06 7D 01 B1 00 1B 12 11 00 61 7E 7E 80 01 00 05 86 81 20 10 00 06 1A A9 00 1C 12 11 00 19 7E 7E 80 01 00 05 86 81 20 10 00 06 A2 CB 00 1D 12 11 00 C2 7E 7E 80 01 00 05 86 81 20 10 00 06 4E 41 00 1E 12 11 00 A7 7E 7E 80 01 00 05 86 81 20 10 00 06 0F AB 00 1F 12 11 00 0D 7E 7E 80 01 00 05 86 81 20 10 00 06 A2 80 00 20 12 11 00 B4 7E 7E 80 01 00 05 86 81 20 10 00 06 C9 40 00 21 12 11 00 1E 7E 7E 80 01 00 05 86 81 20 10 00 06 F4 EF 00 22 12 11 00 8F 7E 7E 80 01 00 05 86 81 20 10 00 06 8E CE 00 23 12 11 00 D5 7E 7E 80 01 00 05 86 81 20 10 00 06 FC 26 00 24 12 11 00 48 7E 7E 80 01 00 05 86 81 20 10 00 06 D8 70 00 25 12 11 00 3B 7E 7E 80 01 00 05 86 81 20 10 00 06 33 4F 00 26 12 11 00 EC 7E 7E 80 01 00 05 86 81 20 10 00 06 46 5F 00 27 12 11 00 88 7E 7E 80 01 00 05 86 81 20 10 00 06 10 FB 00 28 12 11 00 75 7E 7E 80 01 00 05 86 81 20 10 00 06 A4 6B 00 29 12 11 00 50 7E 7E 80 01 00 05 86 81 20 10 00 06 75 D1 00 2A 12 11 00 38 7E 7E 80 01 00 05 86 81 20 10 00 06 57 84 00 2B 12 11 00 4E 7E 7E 80 01 00 05 86 81 20 10 00 06 E0 A0 00 2C 12 11 00 DA 7E 7E 80 01 00 05 86 81 20 10 00 06 5E 38 00 2D 12 11 00 FD 7E 7E 80 01 00 05 86 81 20 10 00 06 54 4A 00 2E 12 11 00 86 7E 7E 80 01 00 05 86 81 20 10 00 06 25 12 00 2F 12 11 00 AE 7E 7E 80 01 00 05 86 81 20 10 00 06 99 D0 00 30 12 11 00 CF 7E 7E 80 01 00 05 86 81 20 10 00 06 A5 9D 00 31 12 11 00 BF 7E 7E 80 01 00 05 86 81 20 10 00 06 18 E2 00 32 12 11 00 7D 02 7E 7E 80 01 00 05 86 81 20 10 00 06 37 E8 00 33 12 11 00 5A 7E 7E 80 01 00 05 86 81 20 10 00 06 17 92 00 34 12 11 00 07 7E 7E 80 01 00 05 86 81 20 10 00 06 9A 15 00 35 12 11 00 0C 7E 7E 80 01 00 05 86 81 20 10 00 06 04 C0 00 36 12 11 00 44 7E 7E 80 01 00 05 86 81 20 10 00 06 AB D1 00 37 12 11 00 FB 7E 7E 80 01 00 05 86 81 20 10 00 06 43 A6 00 38 12 11 00 6B 7E 7E 80 01 00 05 86 81 20 10 00 06 CF 0F 00 39 12 11 00 4F 7E 7E 80 01 00 05 86 81 20 10 00 06 AD ED 00 3A 12 11 00 CC 7E 7E 80 01 00 05 86 81 20 10 00 06 D3 96 00 3B 12 11 00 C8 7E 7E 80 01 00 05 86 81 20 10 00 06 73 24 00 3C 12 11 00 DD 7E 7E 80 01 00 05 86 81 20 10 00 06 C0 10 00 3D 12 11 00 5B 7E 7E 80 01 00 05 86 81 20 10 00 06 51 FC 00 3E 12 11 00 25 7E 7E 80 01 00 05 86 81 20 10 00 06 A0 62 00 3F 12 11 00 4B 7E 7E 80 01 00 05 86 81 20 10 00 06 26 F6 00 40 12 11 00 26 7E 7E 80 01 00 05 86 81 20 10 00 06 46 16 00 41 12 11 00 A7 7E 7E 80 01 00 05 86 81 20 10 00 06 EF 9A 00 42 12 11 00 81 7E 7E 80 01 00 05 86 81 20 10 00 06 D5 AA 00 43 12 11 00 8A 7E 7E 92 12 00 36 86 81 20 10 00 06 07 54 32 30 32 5F 36 34 5F 36 34 30 31 5F 30 33 5F 38 36 38 31 32 30 31 30 30 30 30 36 30 30 32 36 30 34 30 35 32 33 31 31 32 31 30 31 30 32 30 30 2E 6D 70 34 02 00 00 E5 7E"}
{"ts":"2026-04-05T23:11:23.863Z","level":"INFO","device":"868120100006","event":"MEDIA_CLOSED","detail":""}
{"ts":"2026-04-05T23:11:23.875Z","level":"INFO","device":"868120100009","event":"BATCH_COMPLETE","detail":"All 2 files sent"}
{"ts":"2026-04-05T23:11:23.896Z","level":"ERROR","device":"868120100007","event":"MEDIA_ERROR","detail":"54.37.225.65:3378 — read ECONNRESET"}
{"ts":"2026-04-05T23:11:23.896Z","level":"INFO","device":"868120100007","event":"MEDIA_CLOSED","detail":""}
{"ts":"2026-04-05T23:11:24.070Z","level":"ERROR","device":"100000000010","event":"MEDIA_ERROR","detail":"54.37.225.65:3378 — read ECONNRESET"}
{"ts":"2026-04-05T23:11:24.070Z","level":"INFO","device":"100000000010","event":"MEDIA_CLOSED","detail":""}
{"ts":"2026-04-05T23:11:24.295Z","level":"INFO","device":"868120100008","event":"MEDIA_RX","detail":"7E 80 01 00 05 86 81 20 10 00 08 F5 0A 00 04 12 11 00 43 7E 7E 80 01 00 05 86 81 20 10 00 08 9B 07 00 05 12 11 00 21 7E 7E 80 01 00 05 86 81 20 10 00 08 F3 77 00 06 12 11 00 3A 7E 7E 80 01 00 05 86 81 20 10 00 08 4B 95 00 07 12 11 00 61 7E 7E 80 01 00 05 86 81 20 10 00 08 A4 98 00 08 12 11 00 8C 7E 7E 80 01 00 05 86 81 20 10 00 08 BE 0B 00 09 12 11 00 04 7E 7E 80 01 00 05 86 81 20 10 00 08 2C 11 00 0A 12 11 00 8F 7E 7E 80 01 00 05 86 81 20 10 00 08 E4 56 00 0B 12 11 00 01 7E 7E 80 01 00 05 86 81 20 10 00 08 56 76 00 0C 12 11 00 94 7E 7E 80 01 00 05 86 81 20 10 00 08 1E 88 00 0D 12 11 00 23 7E 7E 80 01 00 05 86 81 20 10 00 08 22 A6 00 0E 12 11 00 32 7E 7E 80 01 00 05 86 81 20 10 00 08 C4 0C 00 0F 12 11 00 7F 7E 7E 80 01 00 05 86 81 20 10 00 08 CA 1C 00 10 12 11 00 7D 02 7E 7E 80 01 00 05 86 81 20 10 00 08 8B D5 00 11 12 11 00 F7 7E 7E 80 01 00 05 86 81 20 10 00 08 69 B8 00 12 12 11 00 7B 7E 7E 80 01 00 05 86 81 20 10 00 08 DB 37 00 13 12 11 00 47 7E 7E 80 01 00 05 86 81 20 10 00 08 71 C0 00 14 12 11 00 1D 7E 7E 80 01 00 05 86 81 20 10 00 08 A4 9B 00 15 12 11 00 92 7E 7E 80 01 00 05 86 81 20 10 00 08 EA A4 00 16 12 11 00 E0 7E 7E 80 01 00 05 86 81 20 10 00 08 10 D9 00 17 12 11 00 66 7E 7E 80 01 00 05 86 81 20 10 00 08 E7 C7 00 18 12 11 00 80 7E 7E 80 01 00 05 86 81 20 10 00 08 6D 3C 00 19 12 11 00 F0 7E 7E 80 01 00 05 86 81 20 10 00 08 A3 C8 00 1A 12 11 00 C9 7E 7E 80 01 00 05 86 81 20 10 00 08 28 48 00 1B 12 11 00 C3 7E 7E 80 01 00 05 86 81 20 10 00 08 DC 53 00 1C 12 11 00 2B 7E 7E 80 01 00 05 86 81 20 10 00 08 56 43 00 1D 12 11 00 B0 7E 7E 80 01 00 05 86 81 20 10 00 08 FD 9A 00 1E 12 11 00 C1 7E 7E 80 01 00 05 86 81 20 10 00 08 A0 4F 00 1F 12 11 00 48 7E 7E 80 01 00 05 86 81 20 10 00 08 64 7F 00 20 12 11 00 83 7E 7E 80 01 00 05 86 81 20 10 00 08 7A 5A 00 21 12 11 00 B9 7E 7E 80 01 00 05 86 81 20 10 00 08 F1 C9 00 22 12 11 00 A2 7E 7E 80 01 00 05 86 81 20 10 00 08 7A 9A 00 23 12 11 00 7B 7E 7E 80 01 00 05 86 81 20 10 00 08 01 D7 00 24 12 11 00 4A 7E 7E 80 01 00 05 86 81 20 10 00 08 2F 3A 00 25 12 11 00 88 7E 7E 80 01 00 05 86 81 20 10 00 08 96 AC 00 26 12 11 00 A4 7E 7E 80 01 00 05 86 81 20 10 00 08 12 65 00 27 12 11 00 E8 7E 7E 80 01 00 05 86 81 20 10 00 08 87 22 00 28 12 11 00 35 7E 7E 80 01 00 05 86 81 20 10 00 08 BF A9 00 29 12 11 00 87 7E 7E 80 01 00 05 86 81 20 10 00 08 76 CD 00 2A 12 11 00 29 7E 7E 80 01 00 05 86 81 20 10 00 08 D4 42 00 2B 12 11 00 05 7E 7E 80 01 00 05 86 81 20 10 00 08 E2 BE 00 2C 12 11 00 C8 7E 7E 80 01 00 05 86 81 20 10 00 08 54 99 00 2D 12 11 00 58 7E 7E 80 01 00 05 86 81 20 10 00 08 CD 1B 00 2E 12 11 00 40 7E 7E 80 01 00 05 86 81 20 10 00 08 76 CA 00 2F 12 11 00 2B 7E 7E 80 01 00 05 86 81 20 10 00 08 5C 5C 00 30 12 11 00 88 7E 7E 80 01 00 05 86 81 20 10 00 08 14 EE 00 31 12 11 00 73 7E 7E 80 01 00 05 86 81 20 10 00 08 C0 AA 00 32 12 11 00 E0 7E 7E 80 01 00 05 86 81 20 10 00 08 2C ED 00 33 12 11 00 4A 7E 7E 80 01 00 05 86 81 20 10 00 08 E4 4A 00 34 12 11 00 22 7E 7E 80 01 00 05 86 81 20 10 00 08 FE DF 00 35 12 11 00 AC 7E 7E 80 01 00 05 86 81 20 10 00 08 C2 CD 00 36 12 11 00 81 7E 7E 80 01 00 05 86 81 20 10 00 08 F8 93 00 37 12 11 00 E4 7E 7E 80 01 00 05 86 81 20 10 00 08 B6 84 00 38 12 11 00 B2 7E 7E 80 01 00 05 86 81 20 10 00 08 B8 15 00 39 12 11 00 2C 7E 7E 80 01 00 05 86 81 20 10 00 08 EA 02 00 3A 12 11 00 6A 7E 7E 80 01 00 05 86 81 20 10 00 08 46 49 00 3B 12 11 00 8C 7E 7E 80 01 00 05 86 81 20 10 00 08 99 C2 00 3C 12 11 00 DF 7E 7E 80 01 00 05 86 81 20 10 00 08 06 A4 00 3D 12 11 00 27 7E 7E 80 01 00 05 86 81 20 10 00 08 7C 8E 00 3E 12 11 00 74 7E 7E 80 01 00 05 86 81 20 10 00 08 4E 3A 00 3F 12 11 00 F3 7E 7E 80 01 00 05 86 81 20 10 00 08 90 63 00 40 12 11 00 0B 7E 7E 80 01 00 05 86 81 20 10 00 08 C6 77 00 41 12 11 00 48 7E 7E 80 01 00 05 86 81 20 10 00 08 AE 8D 00 42 12 11 00 D9 7E 7E 80 01 00 05 86 81 20 10 00 08 D0 20 00 43 12 11 00 0B 7E 7E 92 12 00 36 86 81 20 10 00 08 33 F2 32 30 32 5F 36 34 5F 36 34 30 31 5F 30 33 5F 38 36 38 31 32 30 31 30 30 30 30 38 30 30 32 36 30 34 30 35 32 33 31 31 32 32 30 31 30 32 30 30 2E 6D 70 34 02 00 00 74 7E"}
{"ts":"2026-04-05T23:11:24.296Z","level":"INFO","device":"868120100008","event":"MEDIA_CLOSED","detail":""}
{"ts":"2026-04-05T23:11:24.305Z","level":"INFO","device":"868120100009","event":"MEDIA_RX","detail":"7E 80 01 00 05 86 81 20 10 00 09 86 BC 00 04 12 11 00 87 7E 7E 80 01 00 05 86 81 20 10 00 09 D1 53 00 05 12 11 00 3E 7E 7E 80 01 00 05 86 81 20 10 00 09 58 DC 00 06 12 11 00 3B 7E 7E 80 01 00 05 86 81 20 10 00 09 E4 1E 00 07 12 11 00 44 7E 7E 80 01 00 05 86 81 20 10 00 09 70 41 00 08 12 11 00 80 7E 7E 80 01 00 05 86 81 20 10 00 09 B3 97 00 09 12 11 00 94 7E 7E 80 01 00 05 86 81 20 10 00 09 42 20 00 0A 12 11 00 D1 7E 7E 80 01 00 05 86 81 20 10 00 09 5A 6E 00 0B 12 11 00 86 7E 7E 80 01 00 05 86 81 20 10 00 09 02 68 00 0C 12 11 00 DF 7E 7E 80 01 00 05 86 81 20 10 00 09 2E 6B 00 0D 12 11 00 F1 7E 7E 80 01 00 05 86 81 20 10 00 09 D4 42 00 0E 12 11 00 21 7E 7E 80 01 00 05 86 81 20 10 00 09 C0 B9 00 0F 12 11 00 CF 7E 7E 80 01 00 05 86 81 20 10 00 09 06 51 00 10 12 11 00 FE 7E 7E 80 01 00 05 86 81 20 10 00 09 6C B6 00 11 12 11 00 72 7E 7E 80 01 00 05 86 81 20 10 00 09 40 58 00 12 12 11 00 B3 7E 7E 80 01 00 05 86 81 20 10 00 09 C7 D3 00 13 12 11 00 BE 7E 7E 80 01 00 05 86 81 20 10 00 09 ED 2E 00 14 12 11 00 6E 7E 7E 80 01 00 05 86 81 20 10 00 09 1A A3 00 15 12 11 00 15 7E 7E 80 01 00 05 86 81 20 10 00 09 62 44 00 16 12 11 00 89 7E 7E 80 01 00 05 86 81 20 10 00 09 BD D1 00 17 12 11 00 C2 7E 7E 80 01 00 05 86 81 20 10 00 09 D4 86 00 18 12 11 00 F3 7E 7E 80 01 00 05 86 81 20 10 00 09 1C 51 00 19 12 11 00 ED 7E 7E 80 01 00 05 86 81 20 10 00 09 FC AB 00 1A 12 11 00 F4 7E 7E 80 01 00 05 86 81 20 10 00 09 F8 18 00 1B 12 11 00 42 7E 7E 80 01 00 05 86 81 20 10 00 09 88 B3 00 1C 12 11 00 9E 7E 7E 80 01 00 05 86 81 20 10 00 09 98 0D 00 1D 12 11 00 31 7E 7E 80 01 00 05 86 81 20 10 00 09 2D E5 00 1E 12 11 00 6F 7E 7E 80 01 00 05 86 81 20 10 00 09 52 59 00 1F 12 11 00 AD 7E 7E 80 01 00 05 86 81 20 10 00 09 84 25 00 20 12 11 00 38 7E 7E 80 01 00 05 86 81 20 10 00 09 9B 6E 00 21 12 11 00 6D 7E 7E 80 01 00 05 86 81 20 10 00 09 CF DC 00 22 12 11 00 88 7E 7E 80 01 00 05 86 81 20 10 00 09 E5 67 00 23 12 11 00 18 7E 7E 80 01 00 05 86 81 20 10 00 09 A2 B7 00 24 12 11 00 88 7E 7E 80 01 00 05 86 81 20 10 00 09 A6 ED 00 25 12 11 00 D7 7E 7E 80 01 00 05 86 81 20 10 00 09 EA C8 00 26 12 11 00 BD 7E 7E 80 01 00 05 86 81 20 10 00 09 85 67 00 27 12 11 00 7C 7E 7E 80 01 00 05 86 81 20 10 00 09 9A A6 00 28 12 11 00 AD 7E 7E 80 01 00 05 86 81 20 10 00 09 77 31 00 29 12 11 00 D6 7E 7E 80 01 00 05 86 81 20 10 00 09 C7 C7 00 2A 12 11 00 93 7E 7E 80 01 00 05 86 81 20 10 00 09 43 EE 00 2B 12 11 00 3F 7E 7E 80 01 00 05 86 81 20 10 00 09 85 E7 00 2C 12 11 00 F7 7E 7E 80 01 00 05 86 81 20 10 00 09 71 53 00 2D 12 11 00 B6 7E 7E 80 01 00 05 86 81 20 10 00 09 B7 61 00 2E 12 11 00 41 7E 7E 80 01 00 05 86 81 20 10 00 09 FB D5 00 2F 12 11 00 B8 7E 7E 80 01 00 05 86 81 20 10 00 09 F7 B5 00 30 12 11 00 CB 7E 7E 80 01 00 05 86 81 20 10 00 09 FB B0 00 31 12 11 00 C3 7E 7E 80 01 00 05 86 81 20 10 00 09 B0 1D 00 32 12 11 00 26 7E 7E 80 01 00 05 86 81 20 10 00 09 D4 F3 00 33 12 11 00 AD 7E 7E 80 01 00 05 86 81 20 10 00 09 4A 7D 02 00 34 12 11 00 B9 7E 7E 80 01 00 05 86 81 20 10 00 09 0D 25 00 35 12 11 00 A4 7E 7E 80 01 00 05 86 81 20 10 00 09 E3 37 00 36 12 11 00 5B 7E 7E 80 01 00 05 86 81 20 10 00 09 6F E2 00 37 12 11 00 03 7E 7E 80 01 00 05 86 81 20 10 00 09 6D A3 00 38 12 11 00 4F 7E 7E 80 01 00 05 86 81 20 10 00 09 29 A9 00 39 12 11 00 00 7E 7E 80 01 00 05 86 81 20 10 00 09 10 CF 00 3A 12 11 00 5C 7E 7E 80 01 00 05 86 81 20 10 00 09 D4 EA 00 3B 12 11 00 BC 7E 7E 80 01 00 05 86 81 20 10 00 09 80 41 00 3C 12 11 00 44 7E 7E 80 01 00 05 86 81 20 10 00 09 FA 80 00 3D 12 11 00 FE 7E 7E 80 01 00 05 86 81 20 10 00 09 27 EF 00 3E 12 11 00 4F 7E 7E 80 01 00 05 86 81 20 10 00 09 C0 78 00 3F 12 11 00 3E 7E 7E 80 01 00 05 86 81 20 10 00 09 8F B0 00 40 12 11 00 C6 7E 7E 80 01 00 05 86 81 20 10 00 09 63 6A 00 41 12 11 00 F1 7E 7E 80 01 00 05 86 81 20 10 00 09 3A D9 00 42 12 11 00 18 7E 7E 80 01 00 05 86 81 20 10 00 09 8E 6C 00 43 12 11 00 18 7E 7E 92 12 00 36 86 81 20 10 00 09 52 27 32 30 32 5F 36 34 5F 36 34 30 31 5F 30 33 5F 38 36 38 31 32 30 31 30 30 30 30 39 30 30 32 36 30 34 30 35 32 33 31 31 32 32 30 31 30 32 30 30 2E 6D 70 34 02 00 00 C0 7E"}
{"ts":"2026-04-05T23:11:24.306Z","level":"INFO","device":"868120100009","event":"MEDIA_CLOSED","detail":""}
{"ts":"2026-04-05T23:11:25.925Z","level":"INFO","device":"291078985963","event":"OBD2_SENT_0x0200","detail":"Lat: 51.736614, Lng: 0.470048 | Speed: 35km/h | RPM: 2216"}
{"ts":"2026-04-05T23:11:26.071Z","level":"INFO","device":"200000000002","event":"OBD2_SENT_0x0200","detail":"Lat: 51.736619, Lng: 0.470062 | Speed: 36km/h | RPM: 2228"}
{"ts":"2026-04-05T23:11:26.111Z","level":"INFO","device":"291078985963","event":"SERVER_ACK","detail":"0x8001 Universal Reply Received"}
{"ts":"2026-04-05T23:11:26.221Z","level":"INFO","device":"200000000003","event":"OBD2_SENT_0x0200","detail":"Lat: 51.736617, Lng: 0.470055 | Speed: 36km/h | RPM: 2223"}
{"ts":"2026-04-05T23:11:26.257Z","level":"INFO","device":"200000000002","event":"SERVER_ACK","detail":"0x8001 Universal Reply Received"}
{"ts":"2026-04-05T23:11:26.370Z","level":"INFO","device":"200000000004","event":"OBD2_SENT_0x0200","detail":"Lat: 51.736641, Lng: 0.470137 | Speed: 37km/h | RPM: 2293"}
{"ts":"2026-04-05T23:11:26.425Z","level":"INFO","device":"200000000003","event":"SERVER_ACK","detail":"0x8001 Universal Reply Received"}
{"ts":"2026-04-05T23:11:26.520Z","level":"INFO","device":"200000000005","event":"OBD2_SENT_0x0200","detail":"Lat: 51.736619, Lng: 0.470064 | Speed: 36km/h | RPM: 2230"}
{"ts":"2026-04-05T23:11:26.583Z","level":"INFO","device":"200000000004","event":"SERVER_ACK","detail":"0x8001 Universal Reply Received"}
{"ts":"2026-04-05T23:11:26.668Z","level":"INFO","device":"200000000006","event":"OBD2_SENT_0x0200","detail":"Lat: 51.736699, Lng: 0.470331 | Speed: 41km/h | RPM: 2460"}
{"ts":"2026-04-05T23:11:26.730Z","level":"INFO","device":"200000000005","event":"SERVER_ACK","detail":"0x8001 Universal Reply Received"}
{"ts":"2026-04-05T23:11:26.819Z","level":"INFO","device":"200000000007","event":"OBD2_SENT_0x0200","detail":"Lat: 51.736747, Lng: 0.470491 | Speed: 45km/h | RPM: 2597"}
{"ts":"2026-04-05T23:11:26.872Z","level":"INFO","device":"200000000006","event":"SERVER_ACK","detail":"0x8001 Universal Reply Received"}
{"ts":"2026-04-05T23:11:26.971Z","level":"INFO","device":"200000000008","event":"OBD2_SENT_0x0200","detail":"Lat: 51.736704, Lng: 0.470347 | Speed: 42km/h | RPM: 2473"}
{"ts":"2026-04-05T23:11:27.013Z","level":"INFO","device":"200000000007","event":"SERVER_ACK","detail":"0x8001 Universal Reply Received"}
{"ts":"2026-04-05T23:11:27.121Z","level":"INFO","device":"200000000009","event":"OBD2_SENT_0x0200","detail":"Lat: 51.736617, Lng: 0.470058 | Speed: 36km/h | RPM: 2225"}
{"ts":"2026-04-05T23:11:27.175Z","level":"INFO","device":"200000000008","event":"SERVER_ACK","detail":"0x8001 Universal Reply Received"}
{"ts":"2026-04-05T23:11:27.269Z","level":"INFO","device":"200000000010","event":"OBD2_SENT_0x0200","detail":"Lat: 51.736726, Lng: 0.470419 | Speed: 43km/h | RPM: 2535"}
{"ts":"2026-04-05T23:11:27.324Z","level":"INFO","device":"200000000009","event":"SERVER_ACK","detail":"0x8001 Universal Reply Received"}
{"ts":"2026-04-05T23:11:27.466Z","level":"INFO","device":"200000000010","event":"SERVER_ACK","detail":"0x8001 Universal Reply Received"}
{"ts":"2026-04-05T23:11:31.134Z","level":"INFO","device":"291078985963","event":"INCIDENT_SENT","detail":"mediaId=2 alarmId=29107898596300260405231131020200"}
{"ts":"2026-04-05T23:11:31.135Z","level":"INFO","device":"291078985963","event":"GPS_SENT","detail":""}
{"ts":"2026-04-05T23:11:31.255Z","level":"INFO","device":"868120100002","event":"GPS_SENT","detail":""}
{"ts":"2026-04-05T23:11:31.256Z","level":"INFO","device":"868120100002","event":"INCIDENT_SENT","detail":"mediaId=2 alarmId=86812010000200260405231131020200"}
{"ts":"2026-04-05T23:11:31.345Z","level":"INFO","device":"291078985963","event":"RX_MSG","detail":"0x8001 bodyLen=5"}
{"ts":"2026-04-05T23:11:31.345Z","level":"INFO","device":"291078985963","event":"SERVER_ACK","detail":"0x0200 result=OK"}
{"ts":"2026-04-05T23:11:31.432Z","level":"INFO","device":"868120100003","event":"GPS_SENT","detail":""}
{"ts":"2026-04-05T23:11:31.433Z","level":"INFO","device":"868120100003","event":"INCIDENT_SENT","detail":"mediaId=2 alarmId=86812010000300260405231131020200"}
{"ts":"2026-04-05T23:11:31.439Z","level":"INFO","device":"868120100002","event":"RX_MSG","detail":"0x8001 bodyLen=5"}
{"ts":"2026-04-05T23:11:31.439Z","level":"INFO","device":"868120100002","event":"SERVER_ACK","detail":"0x0200 result=OK"}
{"ts":"2026-04-05T23:11:31.583Z","level":"INFO","device":"868120100004","event":"GPS_SENT","detail":""}
{"ts":"2026-04-05T23:11:31.584Z","level":"INFO","device":"868120100004","event":"INCIDENT_SENT","detail":"mediaId=2 alarmId=86812010000400260405231131020200"}
{"ts":"2026-04-05T23:11:31.642Z","level":"INFO","device":"868120100003","event":"RX_MSG","detail":"0x8001 bodyLen=5"}
{"ts":"2026-04-05T23:11:31.643Z","level":"INFO","device":"868120100003","event":"SERVER_ACK","detail":"0x0200 result=OK"}
{"ts":"2026-04-05T23:11:31.672Z","level":"INFO","device":"291078985963","event":"RX_MSG","detail":"0x8001 bodyLen=5"}
{"ts":"2026-04-05T23:11:31.672Z","level":"INFO","device":"291078985963","event":"SERVER_ACK","detail":"0x0800 result=OK"}
{"ts":"2026-04-05T23:11:31.672Z","level":"INFO","device":"291078985963","event":"RX_MSG","detail":"0x8001 bodyLen=5"}
{"ts":"2026-04-05T23:11:31.672Z","level":"INFO","device":"291078985963","event":"SERVER_ACK","detail":"0x0200 result=OK"}
{"ts":"2026-04-05T23:11:31.723Z","level":"INFO","device":"868120100005","event":"GPS_SENT","detail":""}
{"ts":"2026-04-05T23:11:31.723Z","level":"INFO","device":"868120100005","event":"INCIDENT_SENT","detail":"mediaId=2 alarmId=86812010000500260405231131020200"}
{"ts":"2026-04-05T23:11:31.739Z","level":"INFO","device":"868120100002","event":"RX_MSG","detail":"0x8001 bodyLen=5"}
{"ts":"2026-04-05T23:11:31.739Z","level":"INFO","device":"868120100002","event":"SERVER_ACK","detail":"0x0200 result=OK"}
{"ts":"2026-04-05T23:11:31.739Z","level":"INFO","device":"868120100002","event":"RX_MSG","detail":"0x8001 bodyLen=5"}
{"ts":"2026-04-05T23:11:31.739Z","level":"INFO","device":"868120100002","event":"SERVER_ACK","detail":"0x0800 result=OK"}
{"ts":"2026-04-05T23:11:31.794Z","level":"INFO","device":"868120100004","event":"RX_MSG","detail":"0x8001 bodyLen=5"}
{"ts":"2026-04-05T23:11:31.795Z","level":"INFO","device":"868120100004","event":"SERVER_ACK","detail":"0x0200 result=OK"}
{"ts":"2026-04-05T23:11:31.880Z","level":"INFO","device":"868120100006","event":"GPS_SENT","detail":""}
{"ts":"2026-04-05T23:11:31.881Z","level":"INFO","device":"868120100006","event":"INCIDENT_SENT","detail":"mediaId=2 alarmId=86812010000600260405231131020200"}
{"ts":"2026-04-05T23:11:31.925Z","level":"INFO","device":"868120100005","event":"RX_MSG","detail":"0x8001 bodyLen=5"}
{"ts":"2026-04-05T23:11:31.925Z","level":"INFO","device":"868120100005","event":"SERVER_ACK","detail":"0x0200 result=OK"}
{"ts":"2026-04-05T23:11:31.977Z","level":"INFO","device":"868120100003","event":"RX_MSG","detail":"0x8001 bodyLen=5"}
{"ts":"2026-04-05T23:11:31.978Z","level":"INFO","device":"868120100003","event":"SERVER_ACK","detail":"0x0200 result=OK"}
{"ts":"2026-04-05T23:11:31.978Z","level":"INFO","device":"868120100003","event":"RX_MSG","detail":"0x8001 bodyLen=5"}
{"ts":"2026-04-05T23:11:31.978Z","level":"INFO","device":"868120100003","event":"SERVER_ACK","detail":"0x0800 result=OK"}
{"ts":"2026-04-05T23:11:32.006Z","level":"INFO","device":"868120100007","event":"GPS_SENT","detail":""}
{"ts":"2026-04-05T23:11:32.006Z","level":"INFO","device":"868120100007","event":"INCIDENT_SENT","detail":"mediaId=2 alarmId=86812010000700260405231132020200"}
{"ts":"2026-04-05T23:11:32.094Z","level":"INFO","device":"868120100006","event":"RX_MSG","detail":"0x8001 bodyLen=5"}
{"ts":"2026-04-05T23:11:32.095Z","level":"INFO","device":"868120100006","event":"SERVER_ACK","detail":"0x0200 result=OK"}
{"ts":"2026-04-05T23:11:32.133Z","level":"INFO","device":"868120100004","event":"RX_MSG","detail":"0x8001 bodyLen=5"}
{"ts":"2026-04-05T23:11:32.134Z","level":"INFO","device":"868120100004","event":"SERVER_ACK","detail":"0x0200 result=OK"}
{"ts":"2026-04-05T23:11:32.134Z","level":"INFO","device":"868120100004","event":"RX_MSG","detail":"0x8001 bodyLen=5"}
{"ts":"2026-04-05T23:11:32.134Z","level":"INFO","device":"868120100004","event":"SERVER_ACK","detail":"0x0800 result=OK"}
{"ts":"2026-04-05T23:11:32.190Z","level":"INFO","device":"868120100008","event":"GPS_SENT","detail":""}
{"ts":"2026-04-05T23:11:32.190Z","level":"INFO","device":"868120100008","event":"INCIDENT_SENT","detail":"mediaId=2 alarmId=86812010000800260405231132020200"}
{"ts":"2026-04-05T23:11:32.191Z","level":"INFO","device":"868120100007","event":"RX_MSG","detail":"0x8001 bodyLen=5"}
{"ts":"2026-04-05T23:11:32.191Z","level":"INFO","device":"868120100007","event":"SERVER_ACK","detail":"0x0200 result=OK"}
{"ts":"2026-04-05T23:11:32.249Z","level":"INFO","device":"868120100005","event":"RX_MSG","detail":"0x8001 bodyLen=5"}
{"ts":"2026-04-05T23:11:32.249Z","level":"INFO","device":"868120100005","event":"SERVER_ACK","detail":"0x0200 result=OK"}
{"ts":"2026-04-05T23:11:32.249Z","level":"INFO","device":"868120100005","event":"RX_MSG","detail":"0x8001 bodyLen=5"}
{"ts":"2026-04-05T23:11:32.249Z","level":"INFO","device":"868120100005","event":"SERVER_ACK","detail":"0x0800 result=OK"}
{"ts":"2026-04-05T23:11:32.331Z","level":"INFO","device":"868120100009","event":"GPS_SENT","detail":""}
{"ts":"2026-04-05T23:11:32.331Z","level":"INFO","device":"868120100009","event":"INCIDENT_SENT","detail":"mediaId=2 alarmId=86812010000900260405231132020200"}
{"ts":"2026-04-05T23:11:32.409Z","level":"INFO","device":"868120100008","event":"RX_MSG","detail":"0x8001 bodyLen=5"}
{"ts":"2026-04-05T23:11:32.409Z","level":"INFO","device":"868120100008","event":"SERVER_ACK","detail":"0x0200 result=OK"}
{"ts":"2026-04-05T23:11:32.443Z","level":"INFO","device":"868120100006","event":"RX_MSG","detail":"0x8001 bodyLen=5"}
{"ts":"2026-04-05T23:11:32.443Z","level":"INFO","device":"868120100006","event":"SERVER_ACK","detail":"0x0200 result=OK"}
{"ts":"2026-04-05T23:11:32.443Z","level":"INFO","device":"868120100006","event":"RX_MSG","detail":"0x8001 bodyLen=5"}
{"ts":"2026-04-05T23:11:32.443Z","level":"INFO","device":"868120100006","event":"SERVER_ACK","detail":"0x0800 result=OK"}
{"ts":"2026-04-05T23:11:32.471Z","level":"INFO","device":"100000000010","event":"GPS_SENT","detail":""}
{"ts":"2026-04-05T23:11:32.481Z","level":"INFO","device":"100000000010","event":"INCIDENT_SENT","detail":"mediaId=2 alarmId=10000000001000260405231132020200"}
{"ts":"2026-04-05T23:11:32.511Z","level":"INFO","device":"868120100007","event":"RX_MSG","detail":"0x8001 bodyLen=5"}
{"ts":"2026-04-05T23:11:32.511Z","level":"INFO","device":"868120100007","event":"SERVER_ACK","detail":"0x0200 result=OK"}
{"ts":"2026-04-05T23:11:32.512Z","level":"INFO","device":"868120100007","event":"RX_MSG","detail":"0x8001 bodyLen=5"}
{"ts":"2026-04-05T23:11:32.512Z","level":"INFO","device":"868120100007","event":"SERVER_ACK","detail":"0x0800 result=OK"}
{"ts":"2026-04-05T23:11:32.540Z","level":"INFO","device":"868120100009","event":"RX_MSG","detail":"0x8001 bodyLen=5"}
{"ts":"2026-04-05T23:11:32.540Z","level":"INFO","device":"868120100009","event":"SERVER_ACK","detail":"0x0200 result=OK"}
{"ts":"2026-04-05T23:11:32.672Z","level":"INFO","device":"100000000010","event":"RX_MSG","detail":"0x8001 bodyLen=5"}
{"ts":"2026-04-05T23:11:32.672Z","level":"INFO","device":"100000000010","event":"SERVER_ACK","detail":"0x0200 result=OK"}
{"ts":"2026-04-05T23:11:32.763Z","level":"INFO","device":"868120100008","event":"RX_MSG","detail":"0x8001 bodyLen=5"}
{"ts":"2026-04-05T23:11:32.763Z","level":"INFO","device":"868120100008","event":"SERVER_ACK","detail":"0x0200 result=OK"}
{"ts":"2026-04-05T23:11:32.763Z","level":"INFO","device":"868120100008","event":"RX_MSG","detail":"0x8001 bodyLen=5"}
{"ts":"2026-04-05T23:11:32.763Z","level":"INFO","device":"868120100008","event":"SERVER_ACK","detail":"0x0800 result=OK"}
{"ts":"2026-04-05T23:11:32.884Z","level":"INFO","device":"868120100009","event":"RX_MSG","detail":"0x8001 bodyLen=5"}
{"ts":"2026-04-05T23:11:32.884Z","level":"INFO","device":"868120100009","event":"SERVER_ACK","detail":"0x0200 result=OK"}
{"ts":"2026-04-05T23:11:32.884Z","level":"INFO","device":"868120100009","event":"RX_MSG","detail":"0x8001 bodyLen=5"}
{"ts":"2026-04-05T23:11:32.884Z","level":"INFO","device":"868120100009","event":"SERVER_ACK","detail":"0x0800 result=OK"}
{"ts":"2026-04-05T23:11:33.000Z","level":"INFO","device":"100000000010","event":"RX_MSG","detail":"0x8001 bodyLen=5"}
{"ts":"2026-04-05T23:11:33.000Z","level":"INFO","device":"100000000010","event":"SERVER_ACK","detail":"0x0200 result=OK"}
{"ts":"2026-04-05T23:11:33.001Z","level":"INFO","device":"100000000010","event":"RX_MSG","detail":"0x8001 bodyLen=5"}
{"ts":"2026-04-05T23:11:33.001Z","level":"INFO","device":"100000000010","event":"SERVER_ACK","detail":"0x0800 result=OK"}
{"ts":"2026-04-05T23:11:40.930Z","level":"INFO","device":"291078985963","event":"HEARTBEAT_SENT","detail":"0x0002"}
{"ts":"2026-04-05T23:11:40.933Z","level":"INFO","device":"291078985963","event":"OBD2_SENT_0x0200","detail":"Lat: 51.737188, Lng: 0.472122 | Speed: 36km/h | RPM: 2230"}
{"ts":"2026-04-05T23:11:41.070Z","level":"INFO","device":"200000000002","event":"HEARTBEAT_SENT","detail":"0x0002"}
{"ts":"2026-04-05T23:11:41.073Z","level":"INFO","device":"200000000002","event":"OBD2_SENT_0x0200","detail":"Lat: 51.737138, Lng: 0.471916 | Speed: 32km/h | RPM: 2081"}
{"ts":"2026-04-05T23:11:41.118Z","level":"INFO","device":"291078985963","event":"SERVER_ACK","detail":"0x8001 Universal Reply Received"}
{"ts":"2026-04-05T23:11:41.134Z","level":"INFO","device":"291078985963","event":"INCIDENT_SENT","detail":"mediaId=3 alarmId=29107898596300260405231141030200"}
{"ts":"2026-04-05T23:11:41.220Z","level":"INFO","device":"200000000003","event":"HEARTBEAT_SENT","detail":"0x0002"}
{"ts":"2026-04-05T23:11:41.221Z","level":"INFO","device":"200000000003","event":"OBD2_SENT_0x0200","detail":"Lat: 51.737237, Lng: 0.472326 | Speed: 39km/h | RPM: 2362"}
{"ts":"2026-04-05T23:11:41.255Z","level":"INFO","device":"200000000002","event":"SERVER_ACK","detail":"0x8001 Universal Reply Received"}
{"ts":"2026-04-05T23:11:41.256Z","level":"INFO","device":"868120100002","event":"INCIDENT_SENT","detail":"mediaId=3 alarmId=86812010000200260405231141030200"}
{"ts":"2026-04-05T23:11:41.344Z","level":"INFO","device":"291078985963","event":"RX_MSG","detail":"0x8001 bodyLen=5"}
{"ts":"2026-04-05T23:11:41.344Z","level":"INFO","device":"291078985963","event":"SERVER_ACK","detail":"0x0200 result=OK"}
{"ts":"2026-04-05T23:11:41.372Z","level":"INFO","device":"200000000004","event":"HEARTBEAT_SENT","detail":"0x0002"}
{"ts":"2026-04-05T23:11:41.372Z","level":"INFO","device":"200000000004","event":"OBD2_SENT_0x0200","detail":"Lat: 51.737188, Lng: 0.472123 | Speed: 34km/h | RPM: 2165"}
{"ts":"2026-04-05T23:11:41.423Z","level":"INFO","device":"200000000003","event":"SERVER_ACK","detail":"0x8001 Universal Reply Received"}
{"ts":"2026-04-05T23:11:41.431Z","level":"INFO","device":"291078985963","event":"SERVER_ACK","detail":"0x8001 Universal Reply Received"}
{"ts":"2026-04-05T23:11:41.435Z","level":"INFO","device":"868120100003","event":"INCIDENT_SENT","detail":"mediaId=3 alarmId=86812010000300260405231141030200"}
{"ts":"2026-04-05T23:11:41.441Z","level":"INFO","device":"868120100002","event":"RX_MSG","detail":"0x8001 bodyLen=5"}
{"ts":"2026-04-05T23:11:41.441Z","level":"INFO","device":"868120100002","event":"SERVER_ACK","detail":"0x0200 result=OK"}
{"ts":"2026-04-05T23:11:41.520Z","level":"INFO","device":"200000000005","event":"HEARTBEAT_SENT","detail":"0x0002"}
{"ts":"2026-04-05T23:11:41.521Z","level":"INFO","device":"200000000005","event":"OBD2_SENT_0x0200","detail":"Lat: 51.737194, Lng: 0.472148 | Speed: 36km/h | RPM: 2236"}
{"ts":"2026-04-05T23:11:41.555Z","level":"INFO","device":"200000000002","event":"SERVER_ACK","detail":"0x8001 Universal Reply Received"}
{"ts":"2026-04-05T23:11:41.583Z","level":"INFO","device":"200000000004","event":"SERVER_ACK","detail":"0x8001 Universal Reply Received"}
{"ts":"2026-04-05T23:11:41.583Z","level":"INFO","device":"868120100004","event":"INCIDENT_SENT","detail":"mediaId=3 alarmId=86812010000400260405231141030200"}
{"ts":"2026-04-05T23:11:41.644Z","level":"INFO","device":"868120100003","event":"RX_MSG","detail":"0x8001 bodyLen=5"}
{"ts":"2026-04-05T23:11:41.645Z","level":"INFO","device":"868120100003","event":"SERVER_ACK","detail":"0x0200 result=OK"}
{"ts":"2026-04-05T23:11:41.669Z","level":"INFO","device":"200000000006","event":"HEARTBEAT_SENT","detail":"0x0002"}
{"ts":"2026-04-05T23:11:41.669Z","level":"INFO","device":"200000000006","event":"OBD2_SENT_0x0200","detail":"Lat: 51.737295, Lng: 0.472564 | Speed: 38km/h | RPM: 2320"}
{"ts":"2026-04-05T23:11:41.674Z","level":"INFO","device":"291078985963","event":"RX_MSG","detail":"0x8001 bodyLen=5"}
{"ts":"2026-04-05T23:11:41.674Z","level":"INFO","device":"291078985963","event":"SERVER_ACK","detail":"0x0800 result=OK"}
{"ts":"2026-04-05T23:11:41.723Z","level":"INFO","device":"868120100005","event":"INCIDENT_SENT","detail":"mediaId=3 alarmId=86812010000500260405231141030200"}
{"ts":"2026-04-05T23:11:41.729Z","level":"INFO","device":"200000000003","event":"SERVER_ACK","detail":"0x8001 Universal Reply Received"}
{"ts":"2026-04-05T23:11:41.729Z","level":"INFO","device":"200000000005","event":"SERVER_ACK","detail":"0x8001 Universal Reply Received"}
{"ts":"2026-04-05T23:11:41.741Z","level":"INFO","device":"868120100002","event":"RX_MSG","detail":"0x8001 bodyLen=5"}
{"ts":"2026-04-05T23:11:41.741Z","level":"INFO","device":"868120100002","event":"SERVER_ACK","detail":"0x0800 result=OK"}
{"ts":"2026-04-05T23:11:41.794Z","level":"INFO","device":"868120100004","event":"RX_MSG","detail":"0x8001 bodyLen=5"}
{"ts":"2026-04-05T23:11:41.794Z","level":"INFO","device":"868120100004","event":"SERVER_ACK","detail":"0x0200 result=OK"}
{"ts":"2026-04-05T23:11:41.819Z","level":"INFO","device":"200000000007","event":"HEARTBEAT_SENT","detail":"0x0002"}
{"ts":"2026-04-05T23:11:41.819Z","level":"INFO","device":"200000000007","event":"OBD2_SENT_0x0200","detail":"Lat: 51.737376, Lng: 0.472899 | Speed: 41km/h | RPM: 2428"}
{"ts":"2026-04-05T23:11:41.872Z","level":"INFO","device":"200000000006","event":"SERVER_ACK","detail":"0x8001 Universal Reply Received"}
{"ts":"2026-04-05T23:11:41.882Z","level":"INFO","device":"868120100006","event":"INCIDENT_SENT","detail":"mediaId=3 alarmId=86812010000600260405231141030200"}
{"ts":"2026-04-05T23:11:41.904Z","level":"INFO","device":"200000000004","event":"SERVER_ACK","detail":"0x8001 Universal Reply Received"}
{"ts":"2026-04-05T23:11:41.925Z","level":"INFO","device":"868120100005","event":"RX_MSG","detail":"0x8001 bodyLen=5"}
{"ts":"2026-04-05T23:11:41.925Z","level":"INFO","device":"868120100005","event":"SERVER_ACK","detail":"0x0200 result=OK"}
{"ts":"2026-04-05T23:11:41.966Z","level":"INFO","device":"868120100003","event":"RX_MSG","detail":"0x8001 bodyLen=5"}
{"ts":"2026-04-05T23:11:41.967Z","level":"INFO","device":"868120100003","event":"SERVER_ACK","detail":"0x0800 result=OK"}
{"ts":"2026-04-05T23:11:41.970Z","level":"INFO","device":"200000000008","event":"HEARTBEAT_SENT","detail":"0x0002"}
{"ts":"2026-04-05T23:11:41.970Z","level":"INFO","device":"200000000008","event":"OBD2_SENT_0x0200","detail":"Lat: 51.737351, Lng: 0.472796 | Speed: 42km/h | RPM: 2465"}
{"ts":"2026-04-05T23:11:42.006Z","level":"INFO","device":"868120100007","event":"INCIDENT_SENT","detail":"mediaId=3 alarmId=86812010000700260405231142030200"}
{"ts":"2026-04-05T23:11:42.019Z","level":"INFO","device":"200000000007","event":"SERVER_ACK","detail":"0x8001 Universal Reply Received"}
{"ts":"2026-04-05T23:11:42.059Z","level":"INFO","device":"200000000005","event":"SERVER_ACK","detail":"0x8001 Universal Reply Received"}
{"ts":"2026-04-05T23:11:42.092Z","level":"INFO","device":"868120100006","event":"RX_MSG","detail":"0x8001 bodyLen=5"}
{"ts":"2026-04-05T23:11:42.092Z","level":"INFO","device":"868120100006","event":"SERVER_ACK","detail":"0x0200 result=OK"}
{"ts":"2026-04-05T23:11:42.120Z","level":"INFO","device":"200000000009","event":"HEARTBEAT_SENT","detail":"0x0002"}
{"ts":"2026-04-05T23:11:42.122Z","level":"INFO","device":"200000000009","event":"OBD2_SENT_0x0200","detail":"Lat: 51.737258, Lng: 0.472412 | Speed: 40km/h | RPM: 2418"}
{"ts":"2026-04-05T23:11:42.123Z","level":"INFO","device":"868120100004","event":"RX_MSG","detail":"0x8001 bodyLen=5"}
{"ts":"2026-04-05T23:11:42.123Z","level":"INFO","device":"868120100004","event":"SERVER_ACK","detail":"0x0800 result=OK"}
{"ts":"2026-04-05T23:11:42.173Z","level":"INFO","device":"200000000008","event":"SERVER_ACK","detail":"0x8001 Universal Reply Received"}
{"ts":"2026-04-05T23:11:42.190Z","level":"INFO","device":"868120100008","event":"INCIDENT_SENT","detail":"mediaId=3 alarmId=86812010000800260405231142030200"}
{"ts":"2026-04-05T23:11:42.190Z","level":"INFO","device":"868120100007","event":"RX_MSG","detail":"0x8001 bodyLen=5"}
{"ts":"2026-04-05T23:11:42.190Z","level":"INFO","device":"868120100007","event":"SERVER_ACK","detail":"0x0200 result=OK"}
{"ts":"2026-04-05T23:11:42.207Z","level":"INFO","device":"200000000006","event":"SERVER_ACK","detail":"0x8001 Universal Reply Received"}
{"ts":"2026-04-05T23:11:42.238Z","level":"INFO","device":"868120100005","event":"RX_MSG","detail":"0x8001 bodyLen=5"}
{"ts":"2026-04-05T23:11:42.239Z","level":"INFO","device":"868120100005","event":"SERVER_ACK","detail":"0x0800 result=OK"}
{"ts":"2026-04-05T23:11:42.270Z","level":"INFO","device":"200000000010","event":"HEARTBEAT_SENT","detail":"0x0002"}
{"ts":"2026-04-05T23:11:42.271Z","level":"INFO","device":"200000000010","event":"OBD2_SENT_0x0200","detail":"Lat: 51.737341, Lng: 0.472755 | Speed: 40km/h | RPM: 2384"}
{"ts":"2026-04-05T23:11:42.321Z","level":"INFO","device":"200000000009","event":"SERVER_ACK","detail":"0x8001 Universal Reply Received"}
{"ts":"2026-04-05T23:11:42.322Z","level":"INFO","device":"200000000007","event":"SERVER_ACK","detail":"0x8001 Universal Reply Received"}
{"ts":"2026-04-05T23:11:42.333Z","level":"INFO","device":"868120100009","event":"INCIDENT_SENT","detail":"mediaId=3 alarmId=86812010000900260405231142030200"}
{"ts":"2026-04-05T23:11:42.412Z","level":"INFO","device":"868120100008","event":"RX_MSG","detail":"0x8001 bodyLen=5"}
{"ts":"2026-04-05T23:11:42.412Z","level":"INFO","device":"868120100008","event":"SERVER_ACK","detail":"0x0200 result=OK"}
{"ts":"2026-04-05T23:11:42.432Z","level":"INFO","device":"868120100006","event":"RX_MSG","detail":"0x8001 bodyLen=5"}
{"ts":"2026-04-05T23:11:42.432Z","level":"INFO","device":"868120100006","event":"SERVER_ACK","detail":"0x0800 result=OK"}
{"ts":"2026-04-05T23:11:42.466Z","level":"INFO","device":"200000000010","event":"SERVER_ACK","detail":"0x8001 Universal Reply Received"}
{"ts":"2026-04-05T23:11:42.481Z","level":"INFO","device":"100000000010","event":"INCIDENT_SENT","detail":"mediaId=3 alarmId=10000000001000260405231142030200"}
{"ts":"2026-04-05T23:11:42.486Z","level":"INFO","device":"200000000008","event":"SERVER_ACK","detail":"0x8001 Universal Reply Received"}
{"ts":"2026-04-05T23:11:42.500Z","level":"INFO","device":"868120100007","event":"RX_MSG","detail":"0x8001 bodyLen=5"}
{"ts":"2026-04-05T23:11:42.500Z","level":"INFO","device":"868120100007","event":"SERVER_ACK","detail":"0x0800 result=OK"}
{"ts":"2026-04-05T23:11:42.543Z","level":"INFO","device":"868120100009","event":"RX_MSG","detail":"0x8001 bodyLen=5"}
{"ts":"2026-04-05T23:11:42.543Z","level":"INFO","device":"868120100009","event":"SERVER_ACK","detail":"0x0200 result=OK"}
{"ts":"2026-04-05T23:11:42.641Z","level":"INFO","device":"200000000009","event":"SERVER_ACK","detail":"0x8001 Universal Reply Received"}
{"ts":"2026-04-05T23:11:42.682Z","level":"INFO","device":"100000000010","event":"RX_MSG","detail":"0x8001 bodyLen=5"}
{"ts":"2026-04-05T23:11:42.682Z","level":"INFO","device":"100000000010","event":"SERVER_ACK","detail":"0x0200 result=OK"}
{"ts":"2026-04-05T23:11:42.753Z","level":"INFO","device":"868120100008","event":"RX_MSG","detail":"0x8001 bodyLen=5"}
{"ts":"2026-04-05T23:11:42.753Z","level":"INFO","device":"868120100008","event":"SERVER_ACK","detail":"0x0800 result=OK"}
{"ts":"2026-04-05T23:11:42.789Z","level":"INFO","device":"200000000010","event":"SERVER_ACK","detail":"0x8001 Universal Reply Received"}
{"ts":"2026-04-05T23:11:42.868Z","level":"INFO","device":"868120100009","event":"RX_MSG","detail":"0x8001 bodyLen=5"}
{"ts":"2026-04-05T23:11:42.868Z","level":"INFO","device":"868120100009","event":"SERVER_ACK","detail":"0x0800 result=OK"}
{"ts":"2026-04-05T23:11:43.015Z","level":"INFO","device":"100000000010","event":"RX_MSG","detail":"0x8001 bodyLen=5"}
{"ts":"2026-04-05T23:11:43.015Z","level":"INFO","device":"100000000010","event":"SERVER_ACK","detail":"0x0800 result=OK"}
{"ts":"2026-04-05T23:11:51.142Z","level":"INFO","device":"291078985963","event":"INCIDENT_SENT","detail":"mediaId=4 alarmId=29107898596300260405231151040200"}
{"ts":"2026-04-05T23:11:51.143Z","level":"INFO","device":"291078985963","event":"GPS_SENT","detail":""}
{"ts":"2026-04-05T23:11:51.256Z","level":"INFO","device":"868120100002","event":"GPS_SENT","detail":""}
{"ts":"2026-04-05T23:11:51.257Z","level":"INFO","device":"868120100002","event":"INCIDENT_SENT","detail":"mediaId=4 alarmId=86812010000200260405231151040200"}
{"ts":"2026-04-05T23:11:51.352Z","level":"INFO","device":"291078985963","event":"RX_MSG","detail":"0x8001 bodyLen=5"}
{"ts":"2026-04-05T23:11:51.352Z","level":"INFO","device":"291078985963","event":"SERVER_ACK","detail":"0x0200 result=OK"}
{"ts":"2026-04-05T23:11:51.433Z","level":"INFO","device":"868120100003","event":"GPS_SENT","detail":""}
{"ts":"2026-04-05T23:11:51.435Z","level":"INFO","device":"868120100003","event":"INCIDENT_SENT","detail":"mediaId=4 alarmId=86812010000300260405231151040200"}
{"ts":"2026-04-05T23:11:51.440Z","level":"INFO","device":"868120100002","event":"RX_MSG","detail":"0x8001 bodyLen=5"}
{"ts":"2026-04-05T23:11:51.440Z","level":"INFO","device":"868120100002","event":"SERVER_ACK","detail":"0x0200 result=OK"}
{"ts":"2026-04-05T23:11:51.583Z","level":"INFO","device":"868120100004","event":"GPS_SENT","detail":""}
{"ts":"2026-04-05T23:11:51.584Z","level":"INFO","device":"868120100004","event":"INCIDENT_SENT","detail":"mediaId=4 alarmId=86812010000400260405231151040200"}
{"ts":"2026-04-05T23:11:51.643Z","level":"INFO","device":"868120100003","event":"RX_MSG","detail":"0x8001 bodyLen=5"}
{"ts":"2026-04-05T23:11:51.643Z","level":"INFO","device":"868120100003","event":"SERVER_ACK","detail":"0x0200 result=OK"}
{"ts":"2026-04-05T23:11:51.674Z","level":"INFO","device":"291078985963","event":"RX_MSG","detail":"0x8001 bodyLen=5"}
{"ts":"2026-04-05T23:11:51.674Z","level":"INFO","device":"291078985963","event":"SERVER_ACK","detail":"0x0800 result=OK"}
{"ts":"2026-04-05T23:11:51.674Z","level":"INFO","device":"291078985963","event":"RX_MSG","detail":"0x8001 bodyLen=5"}
{"ts":"2026-04-05T23:11:51.674Z","level":"INFO","device":"291078985963","event":"SERVER_ACK","detail":"0x0200 result=OK"}
{"ts":"2026-04-05T23:11:51.725Z","level":"INFO","device":"868120100005","event":"GPS_SENT","detail":""}
{"ts":"2026-04-05T23:11:51.725Z","level":"INFO","device":"868120100005","event":"INCIDENT_SENT","detail":"mediaId=4 alarmId=86812010000500260405231151040200"}
{"ts":"2026-04-05T23:11:51.741Z","level":"INFO","device":"868120100002","event":"RX_MSG","detail":"0x8001 bodyLen=5"}
{"ts":"2026-04-05T23:11:51.741Z","level":"INFO","device":"868120100002","event":"SERVER_ACK","detail":"0x0200 result=OK"}
{"ts":"2026-04-05T23:11:51.741Z","level":"INFO","device":"868120100002","event":"RX_MSG","detail":"0x8001 bodyLen=5"}
{"ts":"2026-04-05T23:11:51.741Z","level":"INFO","device":"868120100002","event":"SERVER_ACK","detail":"0x0800 result=OK"}
{"ts":"2026-04-05T23:11:51.794Z","level":"INFO","device":"868120100004","event":"RX_MSG","detail":"0x8001 bodyLen=5"}
{"ts":"2026-04-05T23:11:51.794Z","level":"INFO","device":"868120100004","event":"SERVER_ACK","detail":"0x0200 result=OK"}
{"ts":"2026-04-05T23:11:51.880Z","level":"INFO","device":"868120100006","event":"GPS_SENT","detail":""}
{"ts":"2026-04-05T23:11:51.882Z","level":"INFO","device":"868120100006","event":"INCIDENT_SENT","detail":"mediaId=4 alarmId=86812010000600260405231151040200"}
{"ts":"2026-04-05T23:11:51.928Z","level":"INFO","device":"868120100005","event":"RX_MSG","detail":"0x8001 bodyLen=5"}
{"ts":"2026-04-05T23:11:51.928Z","level":"INFO","device":"868120100005","event":"SERVER_ACK","detail":"0x0200 result=OK"}
{"ts":"2026-04-05T23:11:51.950Z","level":"INFO","device":"868120100003","event":"RX_MSG","detail":"0x8001 bodyLen=5"}
{"ts":"2026-04-05T23:11:51.950Z","level":"INFO","device":"868120100003","event":"SERVER_ACK","detail":"0x0200 result=OK"}
{"ts":"2026-04-05T23:11:51.950Z","level":"INFO","device":"868120100003","event":"RX_MSG","detail":"0x8001 bodyLen=5"}
{"ts":"2026-04-05T23:11:51.950Z","level":"INFO","device":"868120100003","event":"SERVER_ACK","detail":"0x0800 result=OK"}
{"ts":"2026-04-05T23:11:52.006Z","level":"INFO","device":"868120100007","event":"GPS_SENT","detail":""}
{"ts":"2026-04-05T23:11:52.006Z","level":"INFO","device":"868120100007","event":"INCIDENT_SENT","detail":"mediaId=4 alarmId=86812010000700260405231152040200"}
{"ts":"2026-04-05T23:11:52.089Z","level":"INFO","device":"868120100006","event":"RX_MSG","detail":"0x8001 bodyLen=5"}
{"ts":"2026-04-05T23:11:52.089Z","level":"INFO","device":"868120100006","event":"SERVER_ACK","detail":"0x0200 result=OK"}
{"ts":"2026-04-05T23:11:52.106Z","level":"INFO","device":"868120100004","event":"RX_MSG","detail":"0x8001 bodyLen=5"}
{"ts":"2026-04-05T23:11:52.107Z","level":"INFO","device":"868120100004","event":"SERVER_ACK","detail":"0x0200 result=OK"}
{"ts":"2026-04-05T23:11:52.107Z","level":"INFO","device":"868120100004","event":"RX_MSG","detail":"0x8001 bodyLen=5"}
{"ts":"2026-04-05T23:11:52.107Z","level":"INFO","device":"868120100004","event":"SERVER_ACK","detail":"0x0800 result=OK"}
{"ts":"2026-04-05T23:11:52.190Z","level":"INFO","device":"868120100008","event":"GPS_SENT","detail":""}
{"ts":"2026-04-05T23:11:52.190Z","level":"INFO","device":"868120100008","event":"INCIDENT_SENT","detail":"mediaId=4 alarmId=86812010000800260405231152040200"}
{"ts":"2026-04-05T23:11:52.191Z","level":"INFO","device":"868120100007","event":"RX_MSG","detail":"0x8001 bodyLen=5"}
{"ts":"2026-04-05T23:11:52.191Z","level":"INFO","device":"868120100007","event":"SERVER_ACK","detail":"0x0200 result=OK"}
{"ts":"2026-04-05T23:11:52.253Z","level":"INFO","device":"868120100005","event":"RX_MSG","detail":"0x8001 bodyLen=5"}
{"ts":"2026-04-05T23:11:52.254Z","level":"INFO","device":"868120100005","event":"SERVER_ACK","detail":"0x0200 result=OK"}
{"ts":"2026-04-05T23:11:52.254Z","level":"INFO","device":"868120100005","event":"RX_MSG","detail":"0x8001 bodyLen=5"}
{"ts":"2026-04-05T23:11:52.254Z","level":"INFO","device":"868120100005","event":"SERVER_ACK","detail":"0x0800 result=OK"}
{"ts":"2026-04-05T23:11:52.331Z","level":"INFO","device":"868120100009","event":"GPS_SENT","detail":""}
{"ts":"2026-04-05T23:11:52.331Z","level":"INFO","device":"868120100009","event":"INCIDENT_SENT","detail":"mediaId=4 alarmId=86812010000900260405231152040200"}
{"ts":"2026-04-05T23:11:52.409Z","level":"INFO","device":"868120100008","event":"RX_MSG","detail":"0x8001 bodyLen=5"}
{"ts":"2026-04-05T23:11:52.409Z","level":"INFO","device":"868120100008","event":"SERVER_ACK","detail":"0x0200 result=OK"}
{"ts":"2026-04-05T23:11:52.447Z","level":"INFO","device":"868120100006","event":"RX_MSG","detail":"0x8001 bodyLen=5"}
{"ts":"2026-04-05T23:11:52.447Z","level":"INFO","device":"868120100006","event":"SERVER_ACK","detail":"0x0200 result=OK"}
{"ts":"2026-04-05T23:11:52.447Z","level":"INFO","device":"868120100006","event":"RX_MSG","detail":"0x8001 bodyLen=5"}
{"ts":"2026-04-05T23:11:52.447Z","level":"INFO","device":"868120100006","event":"SERVER_ACK","detail":"0x0800 result=OK"}
{"ts":"2026-04-05T23:11:52.472Z","level":"INFO","device":"100000000010","event":"GPS_SENT","detail":""}
{"ts":"2026-04-05T23:11:52.481Z","level":"INFO","device":"100000000010","event":"INCIDENT_SENT","detail":"mediaId=4 alarmId=10000000001000260405231152040200"}
{"ts":"2026-04-05T23:11:52.515Z","level":"INFO","device":"868120100007","event":"RX_MSG","detail":"0x8001 bodyLen=5"}
{"ts":"2026-04-05T23:11:52.515Z","level":"INFO","device":"868120100007","event":"SERVER_ACK","detail":"0x0200 result=OK"}
{"ts":"2026-04-05T23:11:52.515Z","level":"INFO","device":"868120100007","event":"RX_MSG","detail":"0x8001 bodyLen=5"}
{"ts":"2026-04-05T23:11:52.515Z","level":"INFO","device":"868120100007","event":"SERVER_ACK","detail":"0x0800 result=OK"}
{"ts":"2026-04-05T23:11:52.541Z","level":"INFO","device":"868120100009","event":"RX_MSG","detail":"0x8001 bodyLen=5"}
{"ts":"2026-04-05T23:11:52.542Z","level":"INFO","device":"868120100009","event":"SERVER_ACK","detail":"0x0200 result=OK"}
{"ts":"2026-04-05T23:11:52.673Z","level":"INFO","device":"100000000010","event":"RX_MSG","detail":"0x8001 bodyLen=5"}
{"ts":"2026-04-05T23:11:52.673Z","level":"INFO","device":"100000000010","event":"SERVER_ACK","detail":"0x0200 result=OK"}
{"ts":"2026-04-05T23:11:52.767Z","level":"INFO","device":"868120100008","event":"RX_MSG","detail":"0x8001 bodyLen=5"}
{"ts":"2026-04-05T23:11:52.768Z","level":"INFO","device":"868120100008","event":"SERVER_ACK","detail":"0x0200 result=OK"}
{"ts":"2026-04-05T23:11:52.768Z","level":"INFO","device":"868120100008","event":"RX_MSG","detail":"0x8001 bodyLen=5"}
{"ts":"2026-04-05T23:11:52.768Z","level":"INFO","device":"868120100008","event":"SERVER_ACK","detail":"0x0800 result=OK"}
{"ts":"2026-04-05T23:11:52.883Z","level":"INFO","device":"868120100009","event":"RX_MSG","detail":"0x8001 bodyLen=5"}
{"ts":"2026-04-05T23:11:52.883Z","level":"INFO","device":"868120100009","event":"SERVER_ACK","detail":"0x0200 result=OK"}
{"ts":"2026-04-05T23:11:52.883Z","level":"INFO","device":"868120100009","event":"RX_MSG","detail":"0x8001 bodyLen=5"}
{"ts":"2026-04-05T23:11:52.883Z","level":"INFO","device":"868120100009","event":"SERVER_ACK","detail":"0x0800 result=OK"}
{"ts":"2026-04-05T23:11:52.999Z","level":"INFO","device":"100000000010","event":"RX_MSG","detail":"0x8001 bodyLen=5"}
{"ts":"2026-04-05T23:11:52.999Z","level":"INFO","device":"100000000010","event":"SERVER_ACK","detail":"0x0200 result=OK"}
{"ts":"2026-04-05T23:11:52.999Z","level":"INFO","device":"100000000010","event":"RX_MSG","detail":"0x8001 bodyLen=5"}
{"ts":"2026-04-05T23:11:52.999Z","level":"INFO","device":"100000000010","event":"SERVER_ACK","detail":"0x0800 result=OK"}
{"ts":"2026-04-05T23:11:55.935Z","level":"INFO","device":"291078985963","event":"OBD2_SENT_0x0200","detail":"Lat: 51.737563, Lng: 0.473977 | Speed: 33km/h | RPM: 2116"}
{"ts":"2026-04-05T23:11:56.073Z","level":"INFO","device":"200000000002","event":"OBD2_SENT_0x0200","detail":"Lat: 51.737542, Lng: 0.473850 | Speed: 34km/h | RPM: 2173"}
{"ts":"2026-04-05T23:11:56.120Z","level":"INFO","device":"291078985963","event":"SERVER_ACK","detail":"0x8001 Universal Reply Received"}
{"ts":"2026-04-05T23:11:56.222Z","level":"INFO","device":"200000000003","event":"OBD2_SENT_0x0200","detail":"Lat: 51.737673, Lng: 0.474786 | Speed: 44km/h | RPM: 2546"}
{"ts":"2026-04-05T23:11:56.258Z","level":"INFO","device":"200000000002","event":"SERVER_ACK","detail":"0x8001 Universal Reply Received"}
{"ts":"2026-04-05T23:11:56.372Z","level":"INFO","device":"200000000004","event":"OBD2_SENT_0x0200","detail":"Lat: 51.737577, Lng: 0.474063 | Speed: 34km/h | RPM: 2176"}
{"ts":"2026-04-05T23:11:56.428Z","level":"INFO","device":"200000000003","event":"SERVER_ACK","detail":"0x8001 Universal Reply Received"}
{"ts":"2026-04-05T23:11:56.522Z","level":"INFO","device":"200000000005","event":"OBD2_SENT_0x0200","detail":"Lat: 51.737596, Lng: 0.474175 | Speed: 36km/h | RPM: 2239"}
{"ts":"2026-04-05T23:11:56.583Z","level":"INFO","device":"200000000004","event":"SERVER_ACK","detail":"0x8001 Universal Reply Received"}
{"ts":"2026-04-05T23:11:56.670Z","level":"INFO","device":"200000000006","event":"OBD2_SENT_0x0200","detail":"Lat: 51.737680, Lng: 0.474842 | Speed: 40km/h | RPM: 2417"}
{"ts":"2026-04-05T23:11:56.733Z","level":"INFO","device":"200000000005","event":"SERVER_ACK","detail":"0x8001 Universal Reply Received"}
{"ts":"2026-04-05T23:11:56.820Z","level":"INFO","device":"200000000007","event":"OBD2_SENT_0x0200","detail":"Lat: 51.737733, Lng: 0.475265 | Speed: 42km/h | RPM: 2479"}
{"ts":"2026-04-05T23:11:56.890Z","level":"INFO","device":"200000000006","event":"SERVER_ACK","detail":"0x8001 Universal Reply Received"}
{"ts":"2026-04-05T23:11:56.971Z","level":"INFO","device":"200000000008","event":"OBD2_SENT_0x0200","detail":"Lat: 51.737685, Lng: 0.474884 | Speed: 37km/h | RPM: 2281"}
{"ts":"2026-04-05T23:11:57.015Z","level":"INFO","device":"200000000007","event":"SERVER_ACK","detail":"0x8001 Universal Reply Received"}
{"ts":"2026-04-05T23:11:57.122Z","level":"INFO","device":"200000000009","event":"OBD2_SENT_0x0200","detail":"Lat: 51.737652, Lng: 0.474612 | Speed: 39km/h | RPM: 2361"}
{"ts":"2026-04-05T23:11:57.175Z","level":"INFO","device":"200000000008","event":"SERVER_ACK","detail":"0x8001 Universal Reply Received"}
{"ts":"2026-04-05T23:11:57.271Z","level":"INFO","device":"200000000010","event":"OBD2_SENT_0x0200","detail":"Lat: 51.737691, Lng: 0.474926 | Speed: 39km/h | RPM: 2341"}
{"ts":"2026-04-05T23:11:57.325Z","level":"INFO","device":"200000000009","event":"SERVER_ACK","detail":"0x8001 Universal Reply Received"}
{"ts":"2026-04-05T23:11:57.467Z","level":"INFO","device":"200000000010","event":"SERVER_ACK","detail":"0x8001 Universal Reply Received"}
{"ts":"2026-04-05T23:12:01.146Z","level":"INFO","device":"291078985963","event":"INCIDENT_SENT","detail":"mediaId=5 alarmId=29107898596300260405231201050200"}
{"ts":"2026-04-05T23:12:01.258Z","level":"INFO","device":"868120100002","event":"INCIDENT_SENT","detail":"mediaId=5 alarmId=86812010000200260405231201050200"}
{"ts":"2026-04-05T23:12:01.356Z","level":"INFO","device":"291078985963","event":"RX_MSG","detail":"0x8001 bodyLen=5"}
{"ts":"2026-04-05T23:12:01.356Z","level":"INFO","device":"291078985963","event":"SERVER_ACK","detail":"0x0200 result=OK"}
{"ts":"2026-04-05T23:12:01.435Z","level":"INFO","device":"868120100003","event":"INCIDENT_SENT","detail":"mediaId=5 alarmId=86812010000300260405231201050200"}
{"ts":"2026-04-05T23:12:01.442Z","level":"INFO","device":"868120100002","event":"RX_MSG","detail":"0x8001 bodyLen=5"}
{"ts":"2026-04-05T23:12:01.442Z","level":"INFO","device":"868120100002","event":"SERVER_ACK","detail":"0x0200 result=OK"}
{"ts":"2026-04-05T23:12:01.584Z","level":"INFO","device":"868120100004","event":"INCIDENT_SENT","detail":"mediaId=5 alarmId=86812010000400260405231201050200"}
{"ts":"2026-04-05T23:12:01.645Z","level":"INFO","device":"868120100003","event":"RX_MSG","detail":"0x8001 bodyLen=5"}
{"ts":"2026-04-05T23:12:01.645Z","level":"INFO","device":"868120100003","event":"SERVER_ACK","detail":"0x0200 result=OK"}
{"ts":"2026-04-05T23:12:01.670Z","level":"INFO","device":"291078985963","event":"RX_MSG","detail":"0x8001 bodyLen=5"}
{"ts":"2026-04-05T23:12:01.670Z","level":"INFO","device":"291078985963","event":"SERVER_ACK","detail":"0x0800 result=OK"}
{"ts":"2026-04-05T23:12:01.726Z","level":"INFO","device":"868120100005","event":"INCIDENT_SENT","detail":"mediaId=5 alarmId=86812010000500260405231201050200"}
{"ts":"2026-04-05T23:12:01.738Z","level":"INFO","device":"868120100002","event":"RX_MSG","detail":"0x8001 bodyLen=5"}
{"ts":"2026-04-05T23:12:01.738Z","level":"INFO","device":"868120100002","event":"SERVER_ACK","detail":"0x0800 result=OK"}
{"ts":"2026-04-05T23:12:01.795Z","level":"INFO","device":"868120100004","event":"RX_MSG","detail":"0x8001 bodyLen=5"}
{"ts":"2026-04-05T23:12:01.795Z","level":"INFO","device":"868120100004","event":"SERVER_ACK","detail":"0x0200 result=OK"}
{"ts":"2026-04-05T23:12:01.882Z","level":"INFO","device":"868120100006","event":"INCIDENT_SENT","detail":"mediaId=5 alarmId=86812010000600260405231201050200"}
{"ts":"2026-04-05T23:12:01.929Z","level":"INFO","device":"868120100005","event":"RX_MSG","detail":"0x8001 bodyLen=5"}
{"ts":"2026-04-05T23:12:01.930Z","level":"INFO","device":"868120100005","event":"SERVER_ACK","detail":"0x0200 result=OK"}
{"ts":"2026-04-05T23:12:01.968Z","level":"INFO","device":"868120100003","event":"RX_MSG","detail":"0x8001 bodyLen=5"}
{"ts":"2026-04-05T23:12:01.968Z","level":"INFO","device":"868120100003","event":"SERVER_ACK","detail":"0x0800 result=OK"}
{"ts":"2026-04-05T23:12:02.006Z","level":"INFO","device":"868120100007","event":"INCIDENT_SENT","detail":"mediaId=5 alarmId=86812010000700260405231202050200"}
{"ts":"2026-04-05T23:12:02.091Z","level":"INFO","device":"868120100006","event":"RX_MSG","detail":"0x8001 bodyLen=5"}
{"ts":"2026-04-05T23:12:02.092Z","level":"INFO","device":"868120100006","event":"SERVER_ACK","detail":"0x0200 result=OK"}
{"ts":"2026-04-05T23:12:02.124Z","level":"INFO","device":"868120100004","event":"RX_MSG","detail":"0x8001 bodyLen=5"}
{"ts":"2026-04-05T23:12:02.124Z","level":"INFO","device":"868120100004","event":"SERVER_ACK","detail":"0x0800 result=OK"}
{"ts":"2026-04-05T23:12:02.191Z","level":"INFO","device":"868120100008","event":"INCIDENT_SENT","detail":"mediaId=5 alarmId=86812010000800260405231202050200"}
{"ts":"2026-04-05T23:12:02.193Z","level":"INFO","device":"868120100007","event":"RX_MSG","detail":"0x8001 bodyLen=5"}
{"ts":"2026-04-05T23:12:02.193Z","level":"INFO","device":"868120100007","event":"SERVER_ACK","detail":"0x0200 result=OK"}
{"ts":"2026-04-05T23:12:02.240Z","level":"INFO","device":"868120100005","event":"RX_MSG","detail":"0x8001 bodyLen=5"}
{"ts":"2026-04-05T23:12:02.240Z","level":"INFO","device":"868120100005","event":"SERVER_ACK","detail":"0x0800 result=OK"}
{"ts":"2026-04-05T23:12:02.332Z","level":"INFO","device":"868120100009","event":"INCIDENT_SENT","detail":"mediaId=5 alarmId=86812010000900260405231202050200"}
{"ts":"2026-04-05T23:12:02.411Z","level":"INFO","device":"868120100008","event":"RX_MSG","detail":"0x8001 bodyLen=5"}
{"ts":"2026-04-05T23:12:02.411Z","level":"INFO","device":"868120100008","event":"SERVER_ACK","detail":"0x0200 result=OK"}
{"ts":"2026-04-05T23:12:02.433Z","level":"INFO","device":"868120100006","event":"RX_MSG","detail":"0x8001 bodyLen=5"}
{"ts":"2026-04-05T23:12:02.433Z","level":"INFO","device":"868120100006","event":"SERVER_ACK","detail":"0x0800 result=OK"}
{"ts":"2026-04-05T23:12:02.481Z","level":"INFO","device":"100000000010","event":"INCIDENT_SENT","detail":"mediaId=5 alarmId=10000000001000260405231202050200"}
{"ts":"2026-04-05T23:12:02.501Z","level":"INFO","device":"868120100007","event":"RX_MSG","detail":"0x8001 bodyLen=5"}
{"ts":"2026-04-05T23:12:02.501Z","level":"INFO","device":"868120100007","event":"SERVER_ACK","detail":"0x0800 result=OK"}
{"ts":"2026-04-05T23:12:02.542Z","level":"INFO","device":"868120100009","event":"RX_MSG","detail":"0x8001 bodyLen=5"}
{"ts":"2026-04-05T23:12:02.542Z","level":"INFO","device":"868120100009","event":"SERVER_ACK","detail":"0x0200 result=OK"}
{"ts":"2026-04-05T23:12:02.682Z","level":"INFO","device":"100000000010","event":"RX_MSG","detail":"0x8001 bodyLen=5"}
{"ts":"2026-04-05T23:12:02.682Z","level":"INFO","device":"100000000010","event":"SERVER_ACK","detail":"0x0200 result=OK"}
{"ts":"2026-04-05T23:12:02.754Z","level":"INFO","device":"868120100008","event":"RX_MSG","detail":"0x8001 bodyLen=5"}
{"ts":"2026-04-05T23:12:02.754Z","level":"INFO","device":"868120100008","event":"SERVER_ACK","detail":"0x0800 result=OK"}
{"ts":"2026-04-05T23:12:02.869Z","level":"INFO","device":"868120100009","event":"RX_MSG","detail":"0x8001 bodyLen=5"}
{"ts":"2026-04-05T23:12:02.869Z","level":"INFO","device":"868120100009","event":"SERVER_ACK","detail":"0x0800 result=OK"}
{"ts":"2026-04-05T23:12:03.016Z","level":"INFO","device":"100000000010","event":"RX_MSG","detail":"0x8001 bodyLen=5"}
{"ts":"2026-04-05T23:12:03.016Z","level":"INFO","device":"100000000010","event":"SERVER_ACK","detail":"0x0800 result=OK"}
{"ts":"2026-04-05T23:12:10.930Z","level":"INFO","device":"291078985963","event":"HEARTBEAT_SENT","detail":"0x0002"}
{"ts":"2026-04-05T23:12:10.936Z","level":"INFO","device":"291078985963","event":"OBD2_SENT_0x0200","detail":"Lat: 51.737773, Lng: 0.475950 | Speed: 34km/h | RPM: 2151"}
{"ts":"2026-04-05T23:12:11.070Z","level":"INFO","device":"200000000002","event":"HEARTBEAT_SENT","detail":"0x0002"}
{"ts":"2026-04-05T23:12:11.073Z","level":"INFO","device":"200000000002","event":"OBD2_SENT_0x0200","detail":"Lat: 51.737759, Lng: 0.475618 | Speed: 30km/h | RPM: 2011"}
{"ts":"2026-04-05T23:12:11.116Z","level":"INFO","device":"291078985963","event":"SERVER_ACK","detail":"0x8001 Universal Reply Received"}
{"ts":"2026-04-05T23:12:11.143Z","level":"INFO","device":"291078985963","event":"GPS_SENT","detail":""}
{"ts":"2026-04-05T23:12:11.147Z","level":"INFO","device":"291078985963","event":"INCIDENT_SENT","detail":"mediaId=6 alarmId=29107898596300260405231211060200"}
{"ts":"2026-04-05T23:12:11.220Z","level":"INFO","device":"200000000003","event":"DTC_SENT_0x0900","detail":"Injected Fault Code: P0171"}
{"ts":"2026-04-05T23:12:11.221Z","level":"INFO","device":"200000000003","event":"HEARTBEAT_SENT","detail":"0x0002"}
{"ts":"2026-04-05T23:12:11.222Z","level":"INFO","device":"200000000003","event":"OBD2_SENT_0x0200","detail":"Lat: 51.737738, Lng: 0.477347 | Speed: 43km/h | RPM: 2527"}
{"ts":"2026-04-05T23:12:11.254Z","level":"INFO","device":"200000000002","event":"SERVER_ACK","detail":"0x8001 Universal Reply Received"}
{"ts":"2026-04-05T23:12:11.256Z","level":"INFO","device":"868120100002","event":"GPS_SENT","detail":""}
{"ts":"2026-04-05T23:12:11.259Z","level":"INFO","device":"868120100002","event":"INCIDENT_SENT","detail":"mediaId=6 alarmId=86812010000200260405231211060200"}
{"ts":"2026-04-05T23:12:11.356Z","level":"INFO","device":"291078985963","event":"RX_MSG","detail":"0x8001 bodyLen=5"}
{"ts":"2026-04-05T23:12:11.356Z","level":"INFO","device":"291078985963","event":"SERVER_ACK","detail":"0x0200 result=OK"}
{"ts":"2026-04-05T23:12:11.373Z","level":"INFO","device":"200000000004","event":"HEARTBEAT_SENT","detail":"0x0002"}
{"ts":"2026-04-05T23:12:11.373Z","level":"INFO","device":"200000000004","event":"OBD2_SENT_0x0200","detail":"Lat: 51.737787, Lng: 0.476300 | Speed: 38km/h | RPM: 2332"}
{"ts":"2026-04-05T23:12:11.396Z","level":"INFO","device":"291078985963","event":"SERVER_ACK","detail":"0x8001 Universal Reply Received"}
{"ts":"2026-04-05T23:12:11.429Z","level":"INFO","device":"200000000003","event":"SERVER_ACK","detail":"0x8001 Universal Reply Received"}
{"ts":"2026-04-05T23:12:11.434Z","level":"INFO","device":"868120100003","event":"GPS_SENT","detail":""}
{"ts":"2026-04-05T23:12:11.435Z","level":"INFO","device":"868120100003","event":"INCIDENT_SENT","detail":"mediaId=6 alarmId=86812010000300260405231211060200"}
{"ts":"2026-04-05T23:12:11.439Z","level":"INFO","device":"868120100002","event":"RX_MSG","detail":"0x8001 bodyLen=5"}
{"ts":"2026-04-05T23:12:11.440Z","level":"INFO","device":"868120100002","event":"SERVER_ACK","detail":"0x0200 result=OK"}
{"ts":"2026-04-05T23:12:11.520Z","level":"INFO","device":"200000000005","event":"DTC_SENT_0x0900","detail":"Injected Fault Code: C1234"}
{"ts":"2026-04-05T23:12:11.521Z","level":"INFO","device":"200000000005","event":"HEARTBEAT_SENT","detail":"0x0002"}
{"ts":"2026-04-05T23:12:11.522Z","level":"INFO","device":"200000000005","event":"OBD2_SENT_0x0200","detail":"Lat: 51.737777, Lng: 0.476047 | Speed: 32km/h | RPM: 2081"}
{"ts":"2026-04-05T23:12:11.552Z","level":"INFO","device":"200000000002","event":"SERVER_ACK","detail":"0x8001 Universal Reply Received"}
{"ts":"2026-04-05T23:12:11.583Z","level":"INFO","device":"200000000004","event":"SERVER_ACK","detail":"0x8001 Universal Reply Received"}
{"ts":"2026-04-05T23:12:11.588Z","level":"INFO","device":"868120100004","event":"GPS_SENT","detail":""}
{"ts":"2026-04-05T23:12:11.588Z","level":"INFO","device":"868120100004","event":"INCIDENT_SENT","detail":"mediaId=6 alarmId=86812010000400260405231211060200"}
{"ts":"2026-04-05T23:12:11.645Z","level":"INFO","device":"868120100003","event":"RX_MSG","detail":"0x8001 bodyLen=5"}
{"ts":"2026-04-05T23:12:11.645Z","level":"INFO","device":"868120100003","event":"SERVER_ACK","detail":"0x0200 result=OK"}
{"ts":"2026-04-05T23:12:11.669Z","level":"INFO","device":"200000000006","event":"HEARTBEAT_SENT","detail":"0x0002"}
{"ts":"2026-04-05T23:12:11.671Z","level":"INFO","device":"291078985963","event":"RX_MSG","detail":"0x8001 bodyLen=5"}
{"ts":"2026-04-05T23:12:11.671Z","level":"INFO","device":"291078985963","event":"SERVER_ACK","detail":"0x0200 result=OK"}
{"ts":"2026-04-05T23:12:11.671Z","level":"INFO","device":"291078985963","event":"RX_MSG","detail":"0x8001 bodyLen=5"}
{"ts":"2026-04-05T23:12:11.671Z","level":"INFO","device":"291078985963","event":"SERVER_ACK","detail":"0x0800 result=OK"}
{"ts":"2026-04-05T23:12:11.671Z","level":"INFO","device":"200000000006","event":"OBD2_SENT_0x0200","detail":"Lat: 51.737746, Lng: 0.477248 | Speed: 41km/h | RPM: 2422"}
{"ts":"2026-04-05T23:12:11.728Z","level":"INFO","device":"868120100005","event":"GPS_SENT","detail":""}
{"ts":"2026-04-05T23:12:11.729Z","level":"INFO","device":"868120100005","event":"INCIDENT_SENT","detail":"mediaId=6 alarmId=86812010000500260405231211060200"}
{"ts":"2026-04-05T23:12:11.732Z","level":"INFO","device":"200000000005","event":"SERVER_ACK","detail":"0x8001 Universal Reply Received"}
{"ts":"2026-04-05T23:12:11.738Z","level":"INFO","device":"868120100002","event":"RX_MSG","detail":"0x8001 bodyLen=5"}
{"ts":"2026-04-05T23:12:11.738Z","level":"INFO","device":"868120100002","event":"SERVER_ACK","detail":"0x0200 result=OK"}
{"ts":"2026-04-05T23:12:11.738Z","level":"INFO","device":"868120100002","event":"RX_MSG","detail":"0x8001 bodyLen=5"}
{"ts":"2026-04-05T23:12:11.738Z","level":"INFO","device":"868120100002","event":"SERVER_ACK","detail":"0x0800 result=OK"}
{"ts":"2026-04-05T23:12:11.757Z","level":"INFO","device":"200000000003","event":"SERVER_ACK","detail":"0x8001 Universal Reply Received"}
{"ts":"2026-04-05T23:12:11.798Z","level":"INFO","device":"868120100004","event":"RX_MSG","detail":"0x8001 bodyLen=5"}
{"ts":"2026-04-05T23:12:11.799Z","level":"INFO","device":"868120100004","event":"SERVER_ACK","detail":"0x0200 result=OK"}
{"ts":"2026-04-05T23:12:11.820Z","level":"INFO","device":"200000000007","event":"HEARTBEAT_SENT","detail":"0x0002"}
{"ts":"2026-04-05T23:12:11.821Z","level":"INFO","device":"200000000007","event":"OBD2_SENT_0x0200","detail":"Lat: 51.737710, Lng: 0.477680 | Speed: 41km/h | RPM: 2428"}
{"ts":"2026-04-05T23:12:11.872Z","level":"INFO","device":"200000000006","event":"SERVER_ACK","detail":"0x8001 Universal Reply Received"}
{"ts":"2026-04-05T23:12:11.879Z","level":"INFO","device":"868120100006","event":"GPS_SENT","detail":""}
{"ts":"2026-04-05T23:12:11.882Z","level":"INFO","device":"868120100006","event":"INCIDENT_SENT","detail":"mediaId=6 alarmId=86812010000600260405231211060200"}
{"ts":"2026-04-05T23:12:11.890Z","level":"INFO","device":"200000000004","event":"SERVER_ACK","detail":"0x8001 Universal Reply Received"}
{"ts":"2026-04-05T23:12:11.931Z","level":"INFO","device":"868120100005","event":"RX_MSG","detail":"0x8001 bodyLen=5"}
{"ts":"2026-04-05T23:12:11.931Z","level":"INFO","device":"868120100005","event":"SERVER_ACK","detail":"0x0200 result=OK"}
{"ts":"2026-04-05T23:12:11.953Z","level":"INFO","device":"868120100003","event":"RX_MSG","detail":"0x8001 bodyLen=5"}
{"ts":"2026-04-05T23:12:11.953Z","level":"INFO","device":"868120100003","event":"SERVER_ACK","detail":"0x0200 result=OK"}
{"ts":"2026-04-05T23:12:11.953Z","level":"INFO","device":"868120100003","event":"RX_MSG","detail":"0x8001 bodyLen=5"}
{"ts":"2026-04-05T23:12:11.953Z","level":"INFO","device":"868120100003","event":"SERVER_ACK","detail":"0x0800 result=OK"}
{"ts":"2026-04-05T23:12:11.970Z","level":"INFO","device":"200000000008","event":"HEARTBEAT_SENT","detail":"0x0002"}
{"ts":"2026-04-05T23:12:11.970Z","level":"INFO","device":"200000000008","event":"OBD2_SENT_0x0200","detail":"Lat: 51.737748, Lng: 0.477222 | Speed: 39km/h | RPM: 2377"}
{"ts":"2026-04-05T23:12:12.006Z","level":"INFO","device":"868120100007","event":"GPS_SENT","detail":""}
{"ts":"2026-04-05T23:12:12.007Z","level":"INFO","device":"868120100007","event":"INCIDENT_SENT","detail":"mediaId=6 alarmId=86812010000700260405231212060200"}
{"ts":"2026-04-05T23:12:12.014Z","level":"INFO","device":"200000000007","event":"SERVER_ACK","detail":"0x8001 Universal Reply Received"}
{"ts":"2026-04-05T23:12:12.045Z","level":"INFO","device":"200000000005","event":"SERVER_ACK","detail":"0x8001 Universal Reply Received"}
{"ts":"2026-04-05T23:12:12.092Z","level":"INFO","device":"868120100006","event":"RX_MSG","detail":"0x8001 bodyLen=5"}
{"ts":"2026-04-05T23:12:12.092Z","level":"INFO","device":"868120100006","event":"SERVER_ACK","detail":"0x0200 result=OK"}
{"ts":"2026-04-05T23:12:12.109Z","level":"INFO","device":"868120100004","event":"RX_MSG","detail":"0x8001 bodyLen=5"}
{"ts":"2026-04-05T23:12:12.109Z","level":"INFO","device":"868120100004","event":"SERVER_ACK","detail":"0x0200 result=OK"}
{"ts":"2026-04-05T23:12:12.109Z","level":"INFO","device":"868120100004","event":"RX_MSG","detail":"0x8001 bodyLen=5"}
{"ts":"2026-04-05T23:12:12.109Z","level":"INFO","device":"868120100004","event":"SERVER_ACK","detail":"0x0800 result=OK"}
{"ts":"2026-04-05T23:12:12.120Z","level":"INFO","device":"200000000009","event":"HEARTBEAT_SENT","detail":"0x0002"}
{"ts":"2026-04-05T23:12:12.122Z","level":"INFO","device":"200000000009","event":"OBD2_SENT_0x0200","detail":"Lat: 51.737795, Lng: 0.476655 | Speed: 34km/h | RPM: 2177"}
{"ts":"2026-04-05T23:12:12.173Z","level":"INFO","device":"200000000008","event":"SERVER_ACK","detail":"0x8001 Universal Reply Received"}
{"ts":"2026-04-05T23:12:12.192Z","level":"INFO","device":"868120100007","event":"RX_MSG","detail":"0x8001 bodyLen=5"}
{"ts":"2026-04-05T23:12:12.192Z","level":"INFO","device":"868120100007","event":"SERVER_ACK","detail":"0x0200 result=OK"}
{"ts":"2026-04-05T23:12:12.192Z","level":"INFO","device":"868120100008","event":"GPS_SENT","detail":""}
{"ts":"2026-04-05T23:12:12.192Z","level":"INFO","device":"868120100008","event":"INCIDENT_SENT","detail":"mediaId=6 alarmId=86812010000800260405231212060200"}
{"ts":"2026-04-05T23:12:12.193Z","level":"INFO","device":"200000000006","event":"SERVER_ACK","detail":"0x8001 Universal Reply Received"}
{"ts":"2026-04-05T23:12:12.256Z","level":"INFO","device":"868120100005","event":"RX_MSG","detail":"0x8001 bodyLen=5"}
{"ts":"2026-04-05T23:12:12.256Z","level":"INFO","device":"868120100005","event":"SERVER_ACK","detail":"0x0200 result=OK"}
{"ts":"2026-04-05T23:12:12.256Z","level":"INFO","device":"868120100005","event":"RX_MSG","detail":"0x8001 bodyLen=5"}
{"ts":"2026-04-05T23:12:12.256Z","level":"INFO","device":"868120100005","event":"SERVER_ACK","detail":"0x0800 result=OK"}
{"ts":"2026-04-05T23:12:12.271Z","level":"INFO","device":"200000000010","event":"HEARTBEAT_SENT","detail":"0x0002"}
{"ts":"2026-04-05T23:12:12.272Z","level":"INFO","device":"200000000010","event":"OBD2_SENT_0x0200","detail":"Lat: 51.737730, Lng: 0.477442 | Speed: 42km/h | RPM: 2497"}
{"ts":"2026-04-05T23:12:12.309Z","level":"INFO","device":"200000000007","event":"SERVER_ACK","detail":"0x8001 Universal Reply Received"}
{"ts":"2026-04-05T23:12:12.322Z","level":"INFO","device":"200000000009","event":"SERVER_ACK","detail":"0x8001 Universal Reply Received"}
{"ts":"2026-04-05T23:12:12.331Z","level":"INFO","device":"868120100009","event":"GPS_SENT","detail":""}
{"ts":"2026-04-05T23:12:12.332Z","level":"INFO","device":"868120100009","event":"INCIDENT_SENT","detail":"mediaId=6 alarmId=86812010000900260405231212060200"}
{"ts":"2026-04-05T23:12:12.416Z","level":"INFO","device":"868120100008","event":"RX_MSG","detail":"0x8001 bodyLen=5"}
{"ts":"2026-04-05T23:12:12.416Z","level":"INFO","device":"868120100008","event":"SERVER_ACK","detail":"0x0200 result=OK"}
{"ts":"2026-04-05T23:12:12.418Z","level":"INFO","device":"868120100006","event":"RX_MSG","detail":"0x8001 bodyLen=5"}
{"ts":"2026-04-05T23:12:12.418Z","level":"INFO","device":"868120100006","event":"SERVER_ACK","detail":"0x0200 result=OK"}
{"ts":"2026-04-05T23:12:12.418Z","level":"INFO","device":"868120100006","event":"RX_MSG","detail":"0x8001 bodyLen=5"}
{"ts":"2026-04-05T23:12:12.418Z","level":"INFO","device":"868120100006","event":"SERVER_ACK","detail":"0x0800 result=OK"}
{"ts":"2026-04-05T23:12:12.466Z","level":"INFO","device":"200000000010","event":"SERVER_ACK","detail":"0x8001 Universal Reply Received"}
{"ts":"2026-04-05T23:12:12.472Z","level":"INFO","device":"100000000010","event":"GPS_SENT","detail":""}
{"ts":"2026-04-05T23:12:12.475Z","level":"INFO","device":"200000000008","event":"SERVER_ACK","detail":"0x8001 Universal Reply Received"}
{"ts":"2026-04-05T23:12:12.481Z","level":"INFO","device":"100000000010","event":"INCIDENT_SENT","detail":"mediaId=6 alarmId=10000000001000260405231212060200"}
{"ts":"2026-04-05T23:12:12.518Z","level":"INFO","device":"868120100007","event":"RX_MSG","detail":"0x8001 bodyLen=5"}
{"ts":"2026-04-05T23:12:12.519Z","level":"INFO","device":"868120100007","event":"SERVER_ACK","detail":"0x0200 result=OK"}
{"ts":"2026-04-05T23:12:12.521Z","level":"INFO","device":"868120100007","event":"RX_MSG","detail":"0x8001 bodyLen=5"}
{"ts":"2026-04-05T23:12:12.521Z","level":"INFO","device":"868120100007","event":"SERVER_ACK","detail":"0x0800 result=OK"}
{"ts":"2026-04-05T23:12:12.543Z","level":"INFO","device":"868120100009","event":"RX_MSG","detail":"0x8001 bodyLen=5"}
{"ts":"2026-04-05T23:12:12.543Z","level":"INFO","device":"868120100009","event":"SERVER_ACK","detail":"0x0200 result=OK"}
{"ts":"2026-04-05T23:12:12.659Z","level":"INFO","device":"200000000009","event":"SERVER_ACK","detail":"0x8001 Universal Reply Received"}
{"ts":"2026-04-05T23:12:12.673Z","level":"INFO","device":"100000000010","event":"RX_MSG","detail":"0x8001 bodyLen=5"}
{"ts":"2026-04-05T23:12:12.673Z","level":"INFO","device":"100000000010","event":"SERVER_ACK","detail":"0x0200 result=OK"}
{"ts":"2026-04-05T23:12:12.770Z","level":"INFO","device":"868120100008","event":"RX_MSG","detail":"0x8001 bodyLen=5"}
{"ts":"2026-04-05T23:12:12.770Z","level":"INFO","device":"868120100008","event":"SERVER_ACK","detail":"0x0200 result=OK"}
{"ts":"2026-04-05T23:12:12.770Z","level":"INFO","device":"868120100008","event":"RX_MSG","detail":"0x8001 bodyLen=5"}
{"ts":"2026-04-05T23:12:12.770Z","level":"INFO","device":"868120100008","event":"SERVER_ACK","detail":"0x0800 result=OK"}
{"ts":"2026-04-05T23:12:12.807Z","level":"INFO","device":"200000000010","event":"SERVER_ACK","detail":"0x8001 Universal Reply Received"}
{"ts":"2026-04-05T23:12:12.886Z","level":"INFO","device":"868120100009","event":"RX_MSG","detail":"0x8001 bodyLen=5"}
{"ts":"2026-04-05T23:12:12.886Z","level":"INFO","device":"868120100009","event":"SERVER_ACK","detail":"0x0200 result=OK"}
{"ts":"2026-04-05T23:12:12.887Z","level":"INFO","device":"868120100009","event":"RX_MSG","detail":"0x8001 bodyLen=5"}
{"ts":"2026-04-05T23:12:12.887Z","level":"INFO","device":"868120100009","event":"SERVER_ACK","detail":"0x0800 result=OK"}
{"ts":"2026-04-05T23:12:13.001Z","level":"INFO","device":"100000000010","event":"RX_MSG","detail":"0x8001 bodyLen=5"}
{"ts":"2026-04-05T23:12:13.003Z","level":"INFO","device":"100000000010","event":"SERVER_ACK","detail":"0x0200 result=OK"}
{"ts":"2026-04-05T23:12:13.003Z","level":"INFO","device":"100000000010","event":"RX_MSG","detail":"0x8001 bodyLen=5"}
{"ts":"2026-04-05T23:12:13.003Z","level":"INFO","device":"100000000010","event":"SERVER_ACK","detail":"0x0800 result=OK"}
{"ts":"2026-04-05T23:12:16.971Z","level":"INFO","device":"291078985963","event":"DISCONNECTED","detail":"clean stop"}
{"ts":"2026-04-05T23:12:16.972Z","level":"INFO","device":"291078985963","event":"DISCONNECTED","detail":"clean stop"}
{"ts":"2026-04-05T23:12:16.973Z","level":"INFO","device":"291078985963","event":"DISCONNECTED","detail":"clean stop"}
{"ts":"2026-04-05T23:12:16.974Z","level":"INFO","device":"868120100002","event":"DISCONNECTED","detail":"clean stop"}
{"ts":"2026-04-05T23:12:16.974Z","level":"INFO","device":"200000000002","event":"DISCONNECTED","detail":"clean stop"}
{"ts":"2026-04-05T23:12:16.975Z","level":"INFO","device":"300000000002","event":"DISCONNECTED","detail":"clean stop"}
{"ts":"2026-04-05T23:12:16.975Z","level":"INFO","device":"868120100003","event":"DISCONNECTED","detail":"clean stop"}
{"ts":"2026-04-05T23:12:16.975Z","level":"INFO","device":"200000000003","event":"DISCONNECTED","detail":"clean stop"}
{"ts":"2026-04-05T23:12:16.975Z","level":"INFO","device":"300000000003","event":"DISCONNECTED","detail":"clean stop"}
{"ts":"2026-04-05T23:12:16.976Z","level":"INFO","device":"868120100004","event":"DISCONNECTED","detail":"clean stop"}
{"ts":"2026-04-05T23:12:16.976Z","level":"INFO","device":"200000000004","event":"DISCONNECTED","detail":"clean stop"}
{"ts":"2026-04-05T23:12:16.976Z","level":"INFO","device":"300000000004","event":"DISCONNECTED","detail":"clean stop"}
{"ts":"2026-04-05T23:12:16.976Z","level":"INFO","device":"868120100005","event":"DISCONNECTED","detail":"clean stop"}
{"ts":"2026-04-05T23:12:16.977Z","level":"INFO","device":"200000000005","event":"DISCONNECTED","detail":"clean stop"}
{"ts":"2026-04-05T23:12:16.977Z","level":"INFO","device":"300000000005","event":"DISCONNECTED","detail":"clean stop"}
{"ts":"2026-04-05T23:12:16.977Z","level":"INFO","device":"868120100006","event":"DISCONNECTED","detail":"clean stop"}
{"ts":"2026-04-05T23:12:16.977Z","level":"INFO","device":"200000000006","event":"DISCONNECTED","detail":"clean stop"}
{"ts":"2026-04-05T23:12:16.978Z","level":"INFO","device":"300000000006","event":"DISCONNECTED","detail":"clean stop"}
{"ts":"2026-04-05T23:12:16.978Z","level":"INFO","device":"868120100007","event":"DISCONNECTED","detail":"clean stop"}
{"ts":"2026-04-05T23:12:16.978Z","level":"INFO","device":"200000000007","event":"DISCONNECTED","detail":"clean stop"}
{"ts":"2026-04-05T23:12:16.978Z","level":"INFO","device":"300000000007","event":"DISCONNECTED","detail":"clean stop"}
{"ts":"2026-04-05T23:12:16.978Z","level":"INFO","device":"868120100008","event":"DISCONNECTED","detail":"clean stop"}
{"ts":"2026-04-05T23:12:16.979Z","level":"INFO","device":"200000000008","event":"DISCONNECTED","detail":"clean stop"}
{"ts":"2026-04-05T23:12:16.979Z","level":"INFO","device":"300000000008","event":"DISCONNECTED","detail":"clean stop"}
{"ts":"2026-04-05T23:12:16.979Z","level":"INFO","device":"868120100009","event":"DISCONNECTED","detail":"clean stop"}
{"ts":"2026-04-05T23:12:16.980Z","level":"INFO","device":"200000000009","event":"DISCONNECTED","detail":"clean stop"}
{"ts":"2026-04-05T23:12:16.980Z","level":"INFO","device":"300000000009","event":"DISCONNECTED","detail":"clean stop"}
{"ts":"2026-04-05T23:12:16.980Z","level":"INFO","device":"100000000010","event":"DISCONNECTED","detail":"clean stop"}
{"ts":"2026-04-05T23:12:16.980Z","level":"INFO","device":"200000000010","event":"DISCONNECTED","detail":"clean stop"}
{"ts":"2026-04-05T23:12:16.981Z","level":"INFO","device":"300000000010","event":"DISCONNECTED","detail":"clean stop"}

[SUMMARY] Run duration: 68s
[SUMMARY] GPS packets sent: 70
[SUMMARY] OBD2 packets sent: 40
[SUMMARY] DTC faults sent: 2
[SUMMARY] Incidents fired: 60
[SUMMARY] Videos uploaded OK: 10
[SUMMARY] Videos failed: 3
[SUMMARY] Tracker pings sent: 0
[SUMMARY] Reconnections: 0
[SUMMARY] Log file: logs/sim-2026-04-05T23-11-10.log
