{"ts":"2026-04-02T23:43:23.091Z","level":"INFO","device":"868120018681","event":"CONNECTED","detail":"id:868120018681"}
{"ts":"2026-04-02T23:43:23.203Z","level":"INFO","device":"868120018681","event":"RX_MSG","detail":"0x9208 bodyLen=81"}
{"ts":"2026-04-02T23:43:23.203Z","level":"INFO","device":"868120018681","event":"9208_RAW","detail":"0C35342E33372E3232352E36350D32000001868120018681002604022314090B02303138363831323030313836383130303236303430323233313430393062303200000000000000000000000000000000"}
{"ts":"2026-04-02T23:43:23.203Z","level":"INFO","device":"868120018681","event":"UPLOAD_TRIGGERED","detail":"media: 54.37.225.65:3378 | alarmId: 01868120018681002604022314090B02"}
{"ts":"2026-04-02T23:43:23.204Z","level":"INFO","device":"868120018681","event":"MEDIA_CONNECTING","detail":"54.37.225.65:3378 files=2"}
{"ts":"2026-04-02T23:43:23.208Z","level":"INFO","device":"868120018681","event":"RX_MSG","detail":"0x8001 bodyLen=5"}
{"ts":"2026-04-02T23:43:23.209Z","level":"INFO","device":"868120018681","event":"SERVER_ACK","detail":"0x0102 result=OK"}
{"ts":"2026-04-02T23:43:23.214Z","level":"INFO","device":"868120018681","event":"MEDIA_CONNECTED","detail":"54.37.225.65:3378"}
{"ts":"2026-04-02T23:43:23.214Z","level":"INFO","device":"868120018681","event":"FILE_START","detail":"[1/2] 00_64_6401_00_01868120018681002604022314090B02.jpg (215 bytes)"}
{"ts":"2026-04-02T23:43:23.220Z","level":"INFO","device":"868120018681","event":"SENT_1210","detail":"00_64_6401_00_01868120018681002604022314090B02.jpg"}
{"ts":"2026-04-02T23:43:23.227Z","level":"INFO","device":"868120018681","event":"MEDIA_RX","detail":"7E 80 01 00 05 86 81 20 01 86 81 76 41 00 00 12 10 00 90 7E"}
{"ts":"2026-04-02T23:43:23.323Z","level":"INFO","device":"868120018681","event":"SENT_RAW_MARKER","detail":"00_64_6401_00_01868120018681002604022314090B02.jpg packet=277 bytes data=215 bytes"}
{"ts":"2026-04-02T23:43:23.324Z","level":"INFO","device":"868120018681","event":"SENT_1212","detail":"00_64_6401_00_01868120018681002604022314090B02.jpg type=0"}
{"ts":"2026-04-02T23:43:23.381Z","level":"INFO","device":"868120018681","event":"MEDIA_RX","detail":"7E 92 12 00 36 86 81 20 01 86 81 24 A8 32 30 30 5F 36 34 5F 36 34 30 31 5F 30 30 5F 30 31 38 36 38 31 32 30 30 31 38 36 38 31 30 30 32 36 30 34 30 32 32 33 31 34 30 39 30 42 30 32 2E 6A 70 67 00 00 00 06 7E"}
{"ts":"2026-04-02T23:43:23.629Z","level":"INFO","device":"868120018681","event":"FILE_START","detail":"[2/2] 02_64_6401_03_01868120018681002604022314090B02.mp4 (65536 bytes)"}
{"ts":"2026-04-02T23:43:23.630Z","level":"INFO","device":"868120018681","event":"SENT_1210","detail":"02_64_6401_03_01868120018681002604022314090B02.mp4"}
{"ts":"2026-04-02T23:43:23.639Z","level":"INFO","device":"868120018681","event":"MEDIA_RX","detail":"7E 80 01 00 05 86 81 20 01 86 81 E9 35 00 02 12 10 00 79 7E"}
{"ts":"2026-04-02T23:43:23.736Z","level":"INFO","device":"868120018681","event":"SENT_RAW_MARKER","detail":"02_64_6401_03_01868120018681002604022314090B02.mp4 packet=65598 bytes data=65536 bytes"}
{"ts":"2026-04-02T23:43:23.739Z","level":"INFO","device":"868120018681","event":"SENT_1212","detail":"02_64_6401_03_01868120018681002604022314090B02.mp4 type=2"}
{"ts":"2026-04-02T23:43:23.760Z","level":"INFO","device":"868120018681","event":"MEDIA_RX","detail":"7E 92 12 00 36 86 81 20 01 86 81 9C CC 32 30 32 5F 36 34 5F 36 34 30 31 5F 30 33 5F 30 31 38 36 38 31 32 30 30 31 38 36 38 31 30 30 32 36 30 34 30 32 32 33 31 34 30 39 30 42 30 32 2E 6D 70 34 02 00 00 8D 7E"}
{"ts":"2026-04-02T23:43:24.041Z","level":"INFO","device":"868120018681","event":"BATCH_COMPLETE","detail":"All 2 files sent"}
{"ts":"2026-04-02T23:43:24.063Z","level":"INFO","device":"868120018681","event":"MEDIA_CLOSED","detail":""}
{"ts":"2026-04-02T23:43:33.084Z","level":"INFO","device":"868120018681","event":"INCIDENT_SENT","detail":"mediaId=1 alarmId=86812001868100260402234333010200"}
{"ts":"2026-04-02T23:43:33.094Z","level":"INFO","device":"868120018681","event":"RX_MSG","detail":"0x8001 bodyLen=5"}
{"ts":"2026-04-02T23:43:33.095Z","level":"INFO","device":"868120018681","event":"SERVER_ACK","detail":"0x0200 result=OK"}
{"ts":"2026-04-02T23:43:33.101Z","level":"INFO","device":"868120018681","event":"RX_MSG","detail":"0x9208 bodyLen=81"}
{"ts":"2026-04-02T23:43:33.101Z","level":"INFO","device":"868120018681","event":"9208_RAW","detail":"0C35342E33372E3232352E36350D32000086812001868100260402234333010200383638313230303138363831303032363034303232333433333330313032303000000000000000000000000000000000"}
{"ts":"2026-04-02T23:43:33.101Z","level":"INFO","device":"868120018681","event":"UPLOAD_TRIGGERED","detail":"media: 54.37.225.65:3378 | alarmId: 86812001868100260402234333010200"}
{"ts":"2026-04-02T23:43:33.101Z","level":"INFO","device":"868120018681","event":"MEDIA_CONNECTING","detail":"54.37.225.65:3378 files=2"}
{"ts":"2026-04-02T23:43:33.101Z","level":"INFO","device":"868120018681","event":"RX_MSG","detail":"0x8001 bodyLen=5"}
{"ts":"2026-04-02T23:43:33.101Z","level":"INFO","device":"868120018681","event":"SERVER_ACK","detail":"0x0800 result=OK"}
{"ts":"2026-04-02T23:43:33.109Z","level":"INFO","device":"868120018681","event":"MEDIA_CONNECTED","detail":"54.37.225.65:3378"}
{"ts":"2026-04-02T23:43:33.109Z","level":"INFO","device":"868120018681","event":"FILE_START","detail":"[1/2] 00_64_6401_00_86812001868100260402234333010200.jpg (215 bytes)"}
{"ts":"2026-04-02T23:43:33.109Z","level":"INFO","device":"868120018681","event":"SENT_1210","detail":"00_64_6401_00_86812001868100260402234333010200.jpg"}
{"ts":"2026-04-02T23:43:33.118Z","level":"INFO","device":"868120018681","event":"MEDIA_RX","detail":"7E 80 01 00 05 86 81 20 01 86 81 DE FA 00 00 12 10 00 83 7E"}
{"ts":"2026-04-02T23:43:33.213Z","level":"INFO","device":"868120018681","event":"SENT_RAW_MARKER","detail":"00_64_6401_00_86812001868100260402234333010200.jpg packet=277 bytes data=215 bytes"}
{"ts":"2026-04-02T23:43:33.213Z","level":"INFO","device":"868120018681","event":"SENT_1212","detail":"00_64_6401_00_86812001868100260402234333010200.jpg type=0"}
{"ts":"2026-04-02T23:43:33.269Z","level":"INFO","device":"868120018681","event":"MEDIA_RX","detail":"7E 92 12 00 36 86 81 20 01 86 81 2B 02 32 30 30 5F 36 34 5F 36 34 30 31 5F 30 30 5F 38 36 38 31 32 30 30 31 38 36 38 31 30 30 32 36 30 34 30 32 32 33 34 33 33 33 30 31 30 32 30 30 2E 6A 70 67 00 00 00 DA 7E"}
{"ts":"2026-04-02T23:43:33.279Z","level":"INFO","device":"868120018681","event":"RX_MSG","detail":"0x9101 bodyLen=17"}
{"ts":"2026-04-02T23:43:33.280Z","level":"INFO","device":"868120018681","event":"SENT_ACK","detail":"0x0001 acknowledging Live Stream Request"}
{"ts":"2026-04-02T23:43:33.280Z","level":"INFO","device":"868120018681","event":"LIVE_STREAM_REQ","detail":"Target: 127.0.0.1:3377 | Channel: 1"}
{"ts":"2026-04-02T23:43:33.281Z","level":"INFO","device":"868120018681","event":"LIVE_STREAM_CONNECTING","detail":"127.0.0.1:3377"}
{"ts":"2026-04-02T23:43:33.283Z","level":"INFO","device":"868120018681","event":"LIVE_STREAM_CONNECTED","detail":"Pumping real video frames..."}
{"ts":"2026-04-02T23:43:33.514Z","level":"INFO","device":"868120018681","event":"FILE_START","detail":"[2/2] 02_64_6401_03_86812001868100260402234333010200.mp4 (65536 bytes)"}
{"ts":"2026-04-02T23:43:33.514Z","level":"INFO","device":"868120018681","event":"SENT_1210","detail":"02_64_6401_03_86812001868100260402234333010200.mp4"}
{"ts":"2026-04-02T23:43:33.522Z","level":"INFO","device":"868120018681","event":"MEDIA_RX","detail":"7E 80 01 00 05 86 81 20 01 86 81 7B 6D 00 02 12 10 00 B3 7E"}
{"ts":"2026-04-02T23:43:33.618Z","level":"INFO","device":"868120018681","event":"SENT_RAW_MARKER","detail":"02_64_6401_03_86812001868100260402234333010200.mp4 packet=65598 bytes data=65536 bytes"}
{"ts":"2026-04-02T23:43:33.618Z","level":"INFO","device":"868120018681","event":"SENT_1212","detail":"02_64_6401_03_86812001868100260402234333010200.mp4 type=2"}
{"ts":"2026-04-02T23:43:33.642Z","level":"INFO","device":"868120018681","event":"MEDIA_RX","detail":"7E 92 12 00 36 86 81 20 01 86 81 12 6F 32 30 32 5F 36 34 5F 36 34 30 31 5F 30 33 5F 38 36 38 31 32 30 30 31 38 36 38 31 30 30 32 36 30 34 30 32 32 33 34 33 33 33 30 31 30 32 30 30 2E 6D 70 34 02 00 00 D9 7E"}
{"ts":"2026-04-02T23:43:33.921Z","level":"INFO","device":"868120018681","event":"BATCH_COMPLETE","detail":"All 2 files sent"}
{"ts":"2026-04-02T23:43:34.168Z","level":"INFO","device":"868120018681","event":"MEDIA_CLOSED","detail":""}
{"ts":"2026-04-02T23:43:43.082Z","level":"INFO","device":"868120018681","event":"GPS_SENT","detail":""}
{"ts":"2026-04-02T23:43:43.083Z","level":"INFO","device":"868120018681","event":"INCIDENT_SENT","detail":"mediaId=2 alarmId=86812001868100260402234343020200"}
{"ts":"2026-04-02T23:43:43.093Z","level":"INFO","device":"868120018681","event":"RX_MSG","detail":"0x8001 bodyLen=5"}
{"ts":"2026-04-02T23:43:43.094Z","level":"INFO","device":"868120018681","event":"SERVER_ACK","detail":"0x0200 result=OK"}
{"ts":"2026-04-02T23:43:43.100Z","level":"INFO","device":"868120018681","event":"RX_MSG","detail":"0x8001 bodyLen=5"}
{"ts":"2026-04-02T23:43:43.101Z","level":"INFO","device":"868120018681","event":"SERVER_ACK","detail":"0x0200 result=OK"}
{"ts":"2026-04-02T23:43:43.101Z","level":"INFO","device":"868120018681","event":"RX_MSG","detail":"0x8001 bodyLen=5"}
{"ts":"2026-04-02T23:43:43.101Z","level":"INFO","device":"868120018681","event":"SERVER_ACK","detail":"0x0800 result=OK"}
{"ts":"2026-04-02T23:43:43.106Z","level":"INFO","device":"868120018681","event":"RX_MSG","detail":"0x9208 bodyLen=81"}
{"ts":"2026-04-02T23:43:43.106Z","level":"INFO","device":"868120018681","event":"9208_RAW","detail":"0C35342E33372E3232352E36350D32000086812001868100260402234343020200383638313230303138363831303032363034303232333433343330323032303000000000000000000000000000000000"}
{"ts":"2026-04-02T23:43:43.106Z","level":"INFO","device":"868120018681","event":"UPLOAD_TRIGGERED","detail":"media: 54.37.225.65:3378 | alarmId: 86812001868100260402234343020200"}
{"ts":"2026-04-02T23:43:43.106Z","level":"INFO","device":"868120018681","event":"MEDIA_CONNECTING","detail":"54.37.225.65:3378 files=2"}
{"ts":"2026-04-02T23:43:43.115Z","level":"INFO","device":"868120018681","event":"MEDIA_CONNECTED","detail":"54.37.225.65:3378"}
{"ts":"2026-04-02T23:43:43.115Z","level":"INFO","device":"868120018681","event":"FILE_START","detail":"[1/2] 00_64_6401_00_86812001868100260402234343020200.jpg (215 bytes)"}
{"ts":"2026-04-02T23:43:43.116Z","level":"INFO","device":"868120018681","event":"SENT_1210","detail":"00_64_6401_00_86812001868100260402234343020200.jpg"}
{"ts":"2026-04-02T23:43:43.124Z","level":"INFO","device":"868120018681","event":"MEDIA_RX","detail":"7E 80 01 00 05 86 81 20 01 86 81 B4 CB 00 00 12 10 00 D8 7E"}
{"ts":"2026-04-02T23:43:43.217Z","level":"INFO","device":"868120018681","event":"SENT_RAW_MARKER","detail":"00_64_6401_00_86812001868100260402234343020200.jpg packet=277 bytes data=215 bytes"}
{"ts":"2026-04-02T23:43:43.218Z","level":"INFO","device":"868120018681","event":"SENT_1212","detail":"00_64_6401_00_86812001868100260402234343020200.jpg type=0"}
{"ts":"2026-04-02T23:43:43.363Z","level":"INFO","device":"868120018681","event":"MEDIA_RX","detail":"7E 92 12 00 36 86 81 20 01 86 81 A7 C2 32 30 30 5F 36 34 5F 36 34 30 31 5F 30 30 5F 38 36 38 31 32 30 30 31 38 36 38 31 30 30 32 36 30 34 30 32 32 33 34 33 34 33 30 32 30 32 30 30 2E 6A 70 67 00 00 00 92 7E"}
{"ts":"2026-04-02T23:43:43.521Z","level":"INFO","device":"868120018681","event":"FILE_START","detail":"[2/2] 02_64_6401_03_86812001868100260402234343020200.mp4 (65536 bytes)"}
{"ts":"2026-04-02T23:43:43.522Z","level":"INFO","device":"868120018681","event":"SENT_1210","detail":"02_64_6401_03_86812001868100260402234343020200.mp4"}
{"ts":"2026-04-02T23:43:43.530Z","level":"INFO","device":"868120018681","event":"MEDIA_RX","detail":"7E 80 01 00 05 86 81 20 01 86 81 60 A2 00 02 12 10 00 67 7E"}
{"ts":"2026-04-02T23:43:43.622Z","level":"INFO","device":"868120018681","event":"SENT_RAW_MARKER","detail":"02_64_6401_03_86812001868100260402234343020200.mp4 packet=65598 bytes data=65536 bytes"}
{"ts":"2026-04-02T23:43:43.622Z","level":"INFO","device":"868120018681","event":"SENT_1212","detail":"02_64_6401_03_86812001868100260402234343020200.mp4 type=2"}
{"ts":"2026-04-02T23:43:43.647Z","level":"INFO","device":"868120018681","event":"MEDIA_RX","detail":"7E 92 12 00 36 86 81 20 01 86 81 05 11 32 30 32 5F 36 34 5F 36 34 30 31 5F 30 33 5F 38 36 38 31 32 30 30 31 38 36 38 31 30 30 32 36 30 34 30 32 32 33 34 33 34 33 30 32 30 32 30 30 2E 6D 70 34 02 00 00 B4 7E"}
{"ts":"2026-04-02T23:43:43.996Z","level":"INFO","device":"868120018681","event":"BATCH_COMPLETE","detail":"All 2 files sent"}
{"ts":"2026-04-02T23:43:44.008Z","level":"INFO","device":"868120018681","event":"MEDIA_CLOSED","detail":""}
{"ts":"2026-04-02T23:43:53.086Z","level":"INFO","device":"868120018681","event":"INCIDENT_SENT","detail":"mediaId=3 alarmId=86812001868100260402234353030200"}
{"ts":"2026-04-02T23:43:53.095Z","level":"INFO","device":"868120018681","event":"RX_MSG","detail":"0x8001 bodyLen=5"}
{"ts":"2026-04-02T23:43:53.095Z","level":"INFO","device":"868120018681","event":"SERVER_ACK","detail":"0x0200 result=OK"}
{"ts":"2026-04-02T23:43:53.101Z","level":"INFO","device":"868120018681","event":"RX_MSG","detail":"0x9208 bodyLen=81"}
{"ts":"2026-04-02T23:43:53.101Z","level":"INFO","device":"868120018681","event":"9208_RAW","detail":"0C35342E33372E3232352E36350D32000086812001868100260402234353030200383638313230303138363831303032363034303232333433353330333032303000000000000000000000000000000000"}
{"ts":"2026-04-02T23:43:53.102Z","level":"INFO","device":"868120018681","event":"UPLOAD_TRIGGERED","detail":"media: 54.37.225.65:3378 | alarmId: 86812001868100260402234353030200"}
{"ts":"2026-04-02T23:43:53.102Z","level":"INFO","device":"868120018681","event":"MEDIA_CONNECTING","detail":"54.37.225.65:3378 files=2"}
{"ts":"2026-04-02T23:43:53.109Z","level":"INFO","device":"868120018681","event":"RX_MSG","detail":"0x8001 bodyLen=5"}
{"ts":"2026-04-02T23:43:53.110Z","level":"INFO","device":"868120018681","event":"SERVER_ACK","detail":"0x0800 result=OK"}
{"ts":"2026-04-02T23:43:53.110Z","level":"INFO","device":"868120018681","event":"MEDIA_CONNECTED","detail":"54.37.225.65:3378"}
{"ts":"2026-04-02T23:43:53.110Z","level":"INFO","device":"868120018681","event":"FILE_START","detail":"[1/2] 00_64_6401_00_86812001868100260402234353030200.jpg (215 bytes)"}
{"ts":"2026-04-02T23:43:53.110Z","level":"INFO","device":"868120018681","event":"SENT_1210","detail":"00_64_6401_00_86812001868100260402234353030200.jpg"}
{"ts":"2026-04-02T23:43:53.117Z","level":"INFO","device":"868120018681","event":"MEDIA_RX","detail":"7E 80 01 00 05 86 81 20 01 86 81 02 9B 00 00 12 10 00 3E 7E"}
{"ts":"2026-04-02T23:43:53.215Z","level":"INFO","device":"868120018681","event":"SENT_RAW_MARKER","detail":"00_64_6401_00_86812001868100260402234353030200.jpg packet=277 bytes data=215 bytes"}
{"ts":"2026-04-02T23:43:53.215Z","level":"INFO","device":"868120018681","event":"SENT_1212","detail":"00_64_6401_00_86812001868100260402234353030200.jpg type=0"}
{"ts":"2026-04-02T23:43:53.270Z","level":"INFO","device":"868120018681","event":"MEDIA_RX","detail":"7E 92 12 00 36 86 81 20 01 86 81 5B 3E 32 30 30 5F 36 34 5F 36 34 30 31 5F 30 30 5F 38 36 38 31 32 30 30 31 38 36 38 31 30 30 32 36 30 34 30 32 32 33 34 33 35 33 30 33 30 32 30 30 2E 6A 70 67 00 00 00 92 7E"}
{"ts":"2026-04-02T23:43:53.519Z","level":"INFO","device":"868120018681","event":"FILE_START","detail":"[2/2] 02_64_6401_03_86812001868100260402234353030200.mp4 (65536 bytes)"}
{"ts":"2026-04-02T23:43:53.519Z","level":"INFO","device":"868120018681","event":"SENT_1210","detail":"02_64_6401_03_86812001868100260402234353030200.mp4"}
{"ts":"2026-04-02T23:43:53.528Z","level":"INFO","device":"868120018681","event":"MEDIA_RX","detail":"7E 80 01 00 05 86 81 20 01 86 81 1B 77 00 02 12 10 00 C9 7E"}
{"ts":"2026-04-02T23:43:53.623Z","level":"INFO","device":"868120018681","event":"SENT_RAW_MARKER","detail":"02_64_6401_03_86812001868100260402234353030200.mp4 packet=65598 bytes data=65536 bytes"}
{"ts":"2026-04-02T23:43:53.623Z","level":"INFO","device":"868120018681","event":"SENT_1212","detail":"02_64_6401_03_86812001868100260402234353030200.mp4 type=2"}
{"ts":"2026-04-02T23:43:53.645Z","level":"INFO","device":"868120018681","event":"MEDIA_RX","detail":"7E 92 12 00 36 86 81 20 01 86 81 F2 22 32 30 32 5F 36 34 5F 36 34 30 31 5F 30 33 5F 38 36 38 31 32 30 30 31 38 36 38 31 30 30 32 36 30 34 30 32 32 33 34 33 35 33 30 33 30 32 30 30 2E 6D 70 34 02 00 00 70 7E"}
{"ts":"2026-04-02T23:43:53.928Z","level":"INFO","device":"868120018681","event":"BATCH_COMPLETE","detail":"All 2 files sent"}
{"ts":"2026-04-02T23:43:53.939Z","level":"INFO","device":"868120018681","event":"MEDIA_CLOSED","detail":""}
{"ts":"2026-04-02T23:44:03.083Z","level":"INFO","device":"868120018681","event":"GPS_SENT","detail":""}
{"ts":"2026-04-02T23:44:03.086Z","level":"INFO","device":"868120018681","event":"INCIDENT_SENT","detail":"mediaId=4 alarmId=86812001868100260402234403040200"}
{"ts":"2026-04-02T23:44:03.097Z","level":"INFO","device":"868120018681","event":"RX_MSG","detail":"0x8001 bodyLen=5"}
{"ts":"2026-04-02T23:44:03.097Z","level":"INFO","device":"868120018681","event":"SERVER_ACK","detail":"0x0200 result=OK"}
{"ts":"2026-04-02T23:44:03.107Z","level":"INFO","device":"868120018681","event":"RX_MSG","detail":"0x8001 bodyLen=5"}
{"ts":"2026-04-02T23:44:03.108Z","level":"INFO","device":"868120018681","event":"SERVER_ACK","detail":"0x0200 result=OK"}
{"ts":"2026-04-02T23:44:03.109Z","level":"INFO","device":"868120018681","event":"RX_MSG","detail":"0x8001 bodyLen=5"}
{"ts":"2026-04-02T23:44:03.109Z","level":"INFO","device":"868120018681","event":"SERVER_ACK","detail":"0x0800 result=OK"}
{"ts":"2026-04-02T23:44:03.109Z","level":"INFO","device":"868120018681","event":"RX_MSG","detail":"0x9208 bodyLen=81"}
{"ts":"2026-04-02T23:44:03.109Z","level":"INFO","device":"868120018681","event":"9208_RAW","detail":"0C35342E33372E3232352E36350D32000086812001868100260402234403040200383638313230303138363831303032363034303232333434303330343032303000000000000000000000000000000000"}
{"ts":"2026-04-02T23:44:03.110Z","level":"INFO","device":"868120018681","event":"UPLOAD_TRIGGERED","detail":"media: 54.37.225.65:3378 | alarmId: 86812001868100260402234403040200"}
{"ts":"2026-04-02T23:44:03.110Z","level":"INFO","device":"868120018681","event":"MEDIA_CONNECTING","detail":"54.37.225.65:3378 files=2"}
{"ts":"2026-04-02T23:44:03.118Z","level":"INFO","device":"868120018681","event":"MEDIA_CONNECTED","detail":"54.37.225.65:3378"}
{"ts":"2026-04-02T23:44:03.119Z","level":"INFO","device":"868120018681","event":"FILE_START","detail":"[1/2] 00_64_6401_00_86812001868100260402234403040200.jpg (215 bytes)"}
{"ts":"2026-04-02T23:44:03.119Z","level":"INFO","device":"868120018681","event":"SENT_1210","detail":"00_64_6401_00_86812001868100260402234403040200.jpg"}
{"ts":"2026-04-02T23:44:03.127Z","level":"INFO","device":"868120018681","event":"MEDIA_RX","detail":"7E 80 01 00 05 86 81 20 01 86 81 4A F6 00 00 12 10 00 1B 7E"}
{"ts":"2026-04-02T23:44:03.221Z","level":"INFO","device":"868120018681","event":"SENT_RAW_MARKER","detail":"00_64_6401_00_86812001868100260402234403040200.jpg packet=277 bytes data=215 bytes"}
{"ts":"2026-04-02T23:44:03.222Z","level":"INFO","device":"868120018681","event":"SENT_1212","detail":"00_64_6401_00_86812001868100260402234403040200.jpg type=0"}
{"ts":"2026-04-02T23:44:03.278Z","level":"INFO","device":"868120018681","event":"MEDIA_RX","detail":"7E 92 12 00 36 86 81 20 01 86 81 F2 27 32 30 30 5F 36 34 5F 36 34 30 31 5F 30 30 5F 38 36 38 31 32 30 30 31 38 36 38 31 30 30 32 36 30 34 30 32 32 33 34 34 30 33 30 34 30 32 30 30 2E 6A 70 67 00 00 00 27 7E"}
{"ts":"2026-04-02T23:44:03.525Z","level":"INFO","device":"868120018681","event":"FILE_START","detail":"[2/2] 02_64_6401_03_86812001868100260402234403040200.mp4 (65536 bytes)"}
{"ts":"2026-04-02T23:44:03.525Z","level":"INFO","device":"868120018681","event":"SENT_1210","detail":"02_64_6401_03_86812001868100260402234403040200.mp4"}
{"ts":"2026-04-02T23:44:03.534Z","level":"INFO","device":"868120018681","event":"MEDIA_RX","detail":"7E 80 01 00 05 86 81 20 01 86 81 F2 D9 00 02 12 10 00 8E 7E"}
{"ts":"2026-04-02T23:44:03.628Z","level":"INFO","device":"868120018681","event":"SENT_RAW_MARKER","detail":"02_64_6401_03_86812001868100260402234403040200.mp4 packet=65598 bytes data=65536 bytes"}
{"ts":"2026-04-02T23:44:03.629Z","level":"INFO","device":"868120018681","event":"SENT_1212","detail":"02_64_6401_03_86812001868100260402234403040200.mp4 type=2"}
{"ts":"2026-04-02T23:44:03.655Z","level":"INFO","device":"868120018681","event":"MEDIA_RX","detail":"7E 92 12 00 36 86 81 20 01 86 81 AC C7 32 30 32 5F 36 34 5F 36 34 30 31 5F 30 33 5F 38 36 38 31 32 30 30 31 38 36 38 31 30 30 32 36 30 34 30 32 32 33 34 34 30 33 30 34 30 32 30 30 2E 6D 70 34 02 00 00 CE 7E"}
{"ts":"2026-04-02T23:44:03.932Z","level":"INFO","device":"868120018681","event":"BATCH_COMPLETE","detail":"All 2 files sent"}
{"ts":"2026-04-02T23:44:03.944Z","level":"INFO","device":"868120018681","event":"MEDIA_CLOSED","detail":""}
{"ts":"2026-04-02T23:44:13.087Z","level":"INFO","device":"868120018681","event":"INCIDENT_SENT","detail":"mediaId=5 alarmId=86812001868100260402234413050200"}
{"ts":"2026-04-02T23:44:13.100Z","level":"INFO","device":"868120018681","event":"RX_MSG","detail":"0x8001 bodyLen=5"}
{"ts":"2026-04-02T23:44:13.100Z","level":"INFO","device":"868120018681","event":"SERVER_ACK","detail":"0x0200 result=OK"}
{"ts":"2026-04-02T23:44:13.113Z","level":"INFO","device":"868120018681","event":"RX_MSG","detail":"0x9208 bodyLen=81"}
{"ts":"2026-04-02T23:44:13.113Z","level":"INFO","device":"868120018681","event":"9208_RAW","detail":"0C35342E33372E3232352E36350D32000086812001868100260402234413050200383638313230303138363831303032363034303232333434313330353032303000000000000000000000000000000000"}
{"ts":"2026-04-02T23:44:13.114Z","level":"INFO","device":"868120018681","event":"UPLOAD_TRIGGERED","detail":"media: 54.37.225.65:3378 | alarmId: 86812001868100260402234413050200"}
{"ts":"2026-04-02T23:44:13.114Z","level":"INFO","device":"868120018681","event":"MEDIA_CONNECTING","detail":"54.37.225.65:3378 files=2"}
{"ts":"2026-04-02T23:44:13.128Z","level":"INFO","device":"868120018681","event":"RX_MSG","detail":"0x8001 bodyLen=5"}
{"ts":"2026-04-02T23:44:13.129Z","level":"INFO","device":"868120018681","event":"SERVER_ACK","detail":"0x0800 result=OK"}
{"ts":"2026-04-02T23:44:13.129Z","level":"INFO","device":"868120018681","event":"MEDIA_CONNECTED","detail":"54.37.225.65:3378"}
{"ts":"2026-04-02T23:44:13.129Z","level":"INFO","device":"868120018681","event":"FILE_START","detail":"[1/2] 00_64_6401_00_86812001868100260402234413050200.jpg (215 bytes)"}
{"ts":"2026-04-02T23:44:13.129Z","level":"INFO","device":"868120018681","event":"SENT_1210","detail":"00_64_6401_00_86812001868100260402234413050200.jpg"}
{"ts":"2026-04-02T23:44:13.140Z","level":"INFO","device":"868120018681","event":"MEDIA_RX","detail":"7E 80 01 00 05 86 81 20 01 86 81 86 A4 00 00 12 10 00 85 7E"}
{"ts":"2026-04-02T23:44:13.229Z","level":"INFO","device":"868120018681","event":"SENT_RAW_MARKER","detail":"00_64_6401_00_86812001868100260402234413050200.jpg packet=277 bytes data=215 bytes"}
{"ts":"2026-04-02T23:44:13.230Z","level":"INFO","device":"868120018681","event":"SENT_1212","detail":"00_64_6401_00_86812001868100260402234413050200.jpg type=0"}
{"ts":"2026-04-02T23:44:13.317Z","level":"INFO","device":"868120018681","event":"MEDIA_RX","detail":"7E 92 12 00 36 86 81 20 01 86 81 17 55 32 30 30 5F 36 34 5F 36 34 30 31 5F 30 30 5F 38 36 38 31 32 30 30 31 38 36 38 31 30 30 32 36 30 34 30 32 32 33 34 34 31 33 30 35 30 32 30 30 2E 6A 70 67 00 00 00 B0 7E"}
{"ts":"2026-04-02T23:44:13.536Z","level":"INFO","device":"868120018681","event":"FILE_START","detail":"[2/2] 02_64_6401_03_86812001868100260402234413050200.mp4 (65536 bytes)"}
{"ts":"2026-04-02T23:44:13.540Z","level":"INFO","device":"868120018681","event":"SENT_1210","detail":"02_64_6401_03_86812001868100260402234413050200.mp4"}
{"ts":"2026-04-02T23:44:13.551Z","level":"INFO","device":"868120018681","event":"MEDIA_RX","detail":"7E 80 01 00 05 86 81 20 01 86 81 D8 E7 00 02 12 10 00 9A 7E"}
{"ts":"2026-04-02T23:44:13.662Z","level":"INFO","device":"868120018681","event":"SENT_RAW_MARKER","detail":"02_64_6401_03_86812001868100260402234413050200.mp4 packet=65598 bytes data=65536 bytes"}
{"ts":"2026-04-02T23:44:13.663Z","level":"INFO","device":"868120018681","event":"SENT_1212","detail":"02_64_6401_03_86812001868100260402234413050200.mp4 type=2"}
{"ts":"2026-04-02T23:44:13.688Z","level":"INFO","device":"868120018681","event":"MEDIA_RX","detail":"7E 92 12 00 36 86 81 20 01 86 81 24 4C 32 30 32 5F 36 34 5F 36 34 30 31 5F 30 33 5F 38 36 38 31 32 30 30 31 38 36 38 31 30 30 32 36 30 34 30 32 32 33 34 34 31 33 30 35 30 32 30 30 2E 6D 70 34 02 00 00 CD 7E"}
{"ts":"2026-04-02T23:44:13.970Z","level":"INFO","device":"868120018681","event":"BATCH_COMPLETE","detail":"All 2 files sent"}
{"ts":"2026-04-02T23:44:13.987Z","level":"INFO","device":"868120018681","event":"MEDIA_CLOSED","detail":""}
{"ts":"2026-04-02T23:44:23.086Z","level":"INFO","device":"868120018681","event":"GPS_SENT","detail":""}
{"ts":"2026-04-02T23:44:23.087Z","level":"INFO","device":"868120018681","event":"INCIDENT_SENT","detail":"mediaId=6 alarmId=86812001868100260402234423060200"}
{"ts":"2026-04-02T23:44:23.105Z","level":"INFO","device":"868120018681","event":"RX_MSG","detail":"0x8001 bodyLen=5"}
{"ts":"2026-04-02T23:44:23.105Z","level":"INFO","device":"868120018681","event":"SERVER_ACK","detail":"0x0200 result=OK"}
{"ts":"2026-04-02T23:44:23.112Z","level":"INFO","device":"868120018681","event":"RX_MSG","detail":"0x8001 bodyLen=5"}
{"ts":"2026-04-02T23:44:23.113Z","level":"INFO","device":"868120018681","event":"SERVER_ACK","detail":"0x0200 result=OK"}
{"ts":"2026-04-02T23:44:23.119Z","level":"INFO","device":"868120018681","event":"RX_MSG","detail":"0x8001 bodyLen=5"}
{"ts":"2026-04-02T23:44:23.119Z","level":"INFO","device":"868120018681","event":"SERVER_ACK","detail":"0x0800 result=OK"}
{"ts":"2026-04-02T23:44:23.119Z","level":"INFO","device":"868120018681","event":"RX_MSG","detail":"0x9208 bodyLen=81"}
{"ts":"2026-04-02T23:44:23.119Z","level":"INFO","device":"868120018681","event":"9208_RAW","detail":"0C35342E33372E3232352E36350D32000086812001868100260402234423060200383638313230303138363831303032363034303232333434323330363032303000000000000000000000000000000000"}
{"ts":"2026-04-02T23:44:23.119Z","level":"INFO","device":"868120018681","event":"UPLOAD_TRIGGERED","detail":"media: 54.37.225.65:3378 | alarmId: 86812001868100260402234423060200"}
{"ts":"2026-04-02T23:44:23.119Z","level":"INFO","device":"868120018681","event":"MEDIA_CONNECTING","detail":"54.37.225.65:3378 files=2"}
{"ts":"2026-04-02T23:44:23.128Z","level":"INFO","device":"868120018681","event":"MEDIA_CONNECTED","detail":"54.37.225.65:3378"}
{"ts":"2026-04-02T23:44:23.128Z","level":"INFO","device":"868120018681","event":"FILE_START","detail":"[1/2] 00_64_6401_00_86812001868100260402234423060200.jpg (215 bytes)"}
{"ts":"2026-04-02T23:44:23.130Z","level":"INFO","device":"868120018681","event":"SENT_1210","detail":"00_64_6401_00_86812001868100260402234423060200.jpg"}
{"ts":"2026-04-02T23:44:23.138Z","level":"INFO","device":"868120018681","event":"MEDIA_RX","detail":"7E 80 01 00 05 86 81 20 01 86 81 44 CD 00 00 12 10 00 2E 7E"}
{"ts":"2026-04-02T23:44:23.233Z","level":"INFO","device":"868120018681","event":"SENT_RAW_MARKER","detail":"00_64_6401_00_86812001868100260402234423060200.jpg packet=277 bytes data=215 bytes"}
{"ts":"2026-04-02T23:44:23.234Z","level":"INFO","device":"868120018681","event":"SENT_1212","detail":"00_64_6401_00_86812001868100260402234423060200.jpg type=0"}
{"ts":"2026-04-02T23:44:23.290Z","level":"INFO","device":"868120018681","event":"MEDIA_RX","detail":"7E 92 12 00 36 86 81 20 01 86 81 D6 2B 32 30 30 5F 36 34 5F 36 34 30 31 5F 30 30 5F 38 36 38 31 32 30 30 31 38 36 38 31 30 30 32 36 30 34 30 32 32 33 34 34 32 33 30 36 30 32 30 30 2E 6A 70 67 00 00 00 0F 7E"}
{"ts":"2026-04-02T23:44:23.538Z","level":"INFO","device":"868120018681","event":"FILE_START","detail":"[2/2] 02_64_6401_03_86812001868100260402234423060200.mp4 (65536 bytes)"}
{"ts":"2026-04-02T23:44:23.538Z","level":"INFO","device":"868120018681","event":"SENT_1210","detail":"02_64_6401_03_86812001868100260402234423060200.mp4"}
{"ts":"2026-04-02T23:44:23.549Z","level":"INFO","device":"868120018681","event":"MEDIA_RX","detail":"7E 80 01 00 05 86 81 20 01 86 81 0E 2E 00 02 12 10 00 85 7E"}
{"ts":"2026-04-02T23:44:23.641Z","level":"INFO","device":"868120018681","event":"SENT_RAW_MARKER","detail":"02_64_6401_03_86812001868100260402234423060200.mp4 packet=65598 bytes data=65536 bytes"}
{"ts":"2026-04-02T23:44:23.641Z","level":"INFO","device":"868120018681","event":"SENT_1212","detail":"02_64_6401_03_86812001868100260402234423060200.mp4 type=2"}
{"ts":"2026-04-02T23:44:23.675Z","level":"INFO","device":"868120018681","event":"MEDIA_RX","detail":"7E 92 12 00 36 86 81 20 01 86 81 DA B1 32 30 32 5F 36 34 5F 36 34 30 31 5F 30 33 5F 38 36 38 31 32 30 30 31 38 36 38 31 30 30 32 36 30 34 30 32 32 33 34 34 32 33 30 36 30 32 30 30 2E 6D 70 34 02 00 00 CE 7E"}
{"ts":"2026-04-02T23:44:23.943Z","level":"INFO","device":"868120018681","event":"BATCH_COMPLETE","detail":"All 2 files sent"}
{"ts":"2026-04-02T23:44:23.956Z","level":"INFO","device":"868120018681","event":"MEDIA_CLOSED","detail":""}
{"ts":"2026-04-02T23:44:33.088Z","level":"INFO","device":"868120018681","event":"INCIDENT_SENT","detail":"mediaId=7 alarmId=86812001868100260402234433070200"}
{"ts":"2026-04-02T23:44:33.098Z","level":"INFO","device":"868120018681","event":"RX_MSG","detail":"0x8001 bodyLen=5"}
{"ts":"2026-04-02T23:44:33.099Z","level":"INFO","device":"868120018681","event":"SERVER_ACK","detail":"0x0200 result=OK"}
{"ts":"2026-04-02T23:44:33.105Z","level":"INFO","device":"868120018681","event":"RX_MSG","detail":"0x9208 bodyLen=81"}
{"ts":"2026-04-02T23:44:33.106Z","level":"INFO","device":"868120018681","event":"9208_RAW","detail":"0C35342E33372E3232352E36350D32000086812001868100260402234433070200383638313230303138363831303032363034303232333434333330373032303000000000000000000000000000000000"}
{"ts":"2026-04-02T23:44:33.106Z","level":"INFO","device":"868120018681","event":"UPLOAD_TRIGGERED","detail":"media: 54.37.225.65:3378 | alarmId: 86812001868100260402234433070200"}
{"ts":"2026-04-02T23:44:33.106Z","level":"INFO","device":"868120018681","event":"MEDIA_CONNECTING","detail":"54.37.225.65:3378 files=2"}
{"ts":"2026-04-02T23:44:33.112Z","level":"INFO","device":"868120018681","event":"RX_MSG","detail":"0x8001 bodyLen=5"}
{"ts":"2026-04-02T23:44:33.114Z","level":"INFO","device":"868120018681","event":"SERVER_ACK","detail":"0x0800 result=OK"}
{"ts":"2026-04-02T23:44:33.114Z","level":"INFO","device":"868120018681","event":"MEDIA_CONNECTED","detail":"54.37.225.65:3378"}
{"ts":"2026-04-02T23:44:33.115Z","level":"INFO","device":"868120018681","event":"FILE_START","detail":"[1/2] 00_64_6401_00_86812001868100260402234433070200.jpg (215 bytes)"}
{"ts":"2026-04-02T23:44:33.115Z","level":"INFO","device":"868120018681","event":"SENT_1210","detail":"00_64_6401_00_86812001868100260402234433070200.jpg"}
{"ts":"2026-04-02T23:44:33.120Z","level":"INFO","device":"868120018681","event":"MEDIA_RX","detail":"7E 80 01 00 05 86 81 20 01 86 81 2B 0A 00 00 12 10 00 86 7E"}
{"ts":"2026-04-02T23:44:33.215Z","level":"INFO","device":"868120018681","event":"SENT_RAW_MARKER","detail":"00_64_6401_00_86812001868100260402234433070200.jpg packet=277 bytes data=215 bytes"}
{"ts":"2026-04-02T23:44:33.215Z","level":"INFO","device":"868120018681","event":"SENT_1212","detail":"00_64_6401_00_86812001868100260402234433070200.jpg type=0"}
{"ts":"2026-04-02T23:44:33.270Z","level":"INFO","device":"868120018681","event":"MEDIA_RX","detail":"7E 92 12 00 36 86 81 20 01 86 81 FB AD 32 30 30 5F 36 34 5F 36 34 30 31 5F 30 30 5F 38 36 38 31 32 30 30 31 38 36 38 31 30 30 32 36 30 34 30 32 32 33 34 34 33 33 30 37 30 32 30 30 2E 6A 70 67 00 00 00 A4 7E"}
{"ts":"2026-04-02T23:44:33.518Z","level":"INFO","device":"868120018681","event":"FILE_START","detail":"[2/2] 02_64_6401_03_86812001868100260402234433070200.mp4 (65536 bytes)"}
{"ts":"2026-04-02T23:44:33.519Z","level":"INFO","device":"868120018681","event":"SENT_1210","detail":"02_64_6401_03_86812001868100260402234433070200.mp4"}
{"ts":"2026-04-02T23:44:33.531Z","level":"INFO","device":"868120018681","event":"MEDIA_RX","detail":"7E 80 01 00 05 86 81 20 01 86 81 4E 15 00 02 12 10 00 FE 7E"}
{"ts":"2026-04-02T23:44:33.621Z","level":"INFO","device":"868120018681","event":"SENT_RAW_MARKER","detail":"02_64_6401_03_86812001868100260402234433070200.mp4 packet=65598 bytes data=65536 bytes"}
{"ts":"2026-04-02T23:44:33.622Z","level":"INFO","device":"868120018681","event":"SENT_1212","detail":"02_64_6401_03_86812001868100260402234433070200.mp4 type=2"}
{"ts":"2026-04-02T23:44:33.646Z","level":"INFO","device":"868120018681","event":"MEDIA_RX","detail":"7E 92 12 00 36 86 81 20 01 86 81 BE EE 32 30 32 5F 36 34 5F 36 34 30 31 5F 30 33 5F 38 36 38 31 32 30 30 31 38 36 38 31 30 30 32 36 30 34 30 32 32 33 34 34 33 33 30 37 30 32 30 30 2E 6D 70 34 02 00 00 F5 7E"}
{"ts":"2026-04-02T23:44:33.926Z","level":"INFO","device":"868120018681","event":"BATCH_COMPLETE","detail":"All 2 files sent"}
{"ts":"2026-04-02T23:44:33.937Z","level":"INFO","device":"868120018681","event":"MEDIA_CLOSED","detail":""}
{"ts":"2026-04-02T23:44:43.090Z","level":"INFO","device":"868120018681","event":"GPS_SENT","detail":""}
{"ts":"2026-04-02T23:44:43.090Z","level":"INFO","device":"868120018681","event":"INCIDENT_SENT","detail":"mediaId=8 alarmId=86812001868100260402234443080200"}
{"ts":"2026-04-02T23:44:43.108Z","level":"INFO","device":"868120018681","event":"RX_MSG","detail":"0x8001 bodyLen=5"}
{"ts":"2026-04-02T23:44:43.109Z","level":"INFO","device":"868120018681","event":"SERVER_ACK","detail":"0x0200 result=OK"}
{"ts":"2026-04-02T23:44:43.111Z","level":"INFO","device":"868120018681","event":"RX_MSG","detail":"0x8001 bodyLen=5"}
{"ts":"2026-04-02T23:44:43.111Z","level":"INFO","device":"868120018681","event":"SERVER_ACK","detail":"0x0200 result=OK"}
{"ts":"2026-04-02T23:44:43.117Z","level":"INFO","device":"868120018681","event":"RX_MSG","detail":"0x8001 bodyLen=5"}
{"ts":"2026-04-02T23:44:43.117Z","level":"INFO","device":"868120018681","event":"SERVER_ACK","detail":"0x0800 result=OK"}
{"ts":"2026-04-02T23:44:43.118Z","level":"INFO","device":"868120018681","event":"RX_MSG","detail":"0x9208 bodyLen=81"}
{"ts":"2026-04-02T23:44:43.118Z","level":"INFO","device":"868120018681","event":"9208_RAW","detail":"0C35342E33372E3232352E36350D32000086812001868100260402234443080200383638313230303138363831303032363034303232333434343330383032303000000000000000000000000000000000"}
{"ts":"2026-04-02T23:44:43.119Z","level":"INFO","device":"868120018681","event":"UPLOAD_TRIGGERED","detail":"media: 54.37.225.65:3378 | alarmId: 86812001868100260402234443080200"}
{"ts":"2026-04-02T23:44:43.119Z","level":"INFO","device":"868120018681","event":"MEDIA_CONNECTING","detail":"54.37.225.65:3378 files=2"}
{"ts":"2026-04-02T23:44:43.128Z","level":"INFO","device":"868120018681","event":"MEDIA_CONNECTED","detail":"54.37.225.65:3378"}
{"ts":"2026-04-02T23:44:43.128Z","level":"INFO","device":"868120018681","event":"FILE_START","detail":"[1/2] 00_64_6401_00_86812001868100260402234443080200.jpg (215 bytes)"}
{"ts":"2026-04-02T23:44:43.129Z","level":"INFO","device":"868120018681","event":"SENT_1210","detail":"00_64_6401_00_86812001868100260402234443080200.jpg"}
{"ts":"2026-04-02T23:44:43.138Z","level":"INFO","device":"868120018681","event":"MEDIA_RX","detail":"7E 80 01 00 05 86 81 20 01 86 81 1A E0 00 00 12 10 00 5D 7E"}
{"ts":"2026-04-02T23:44:43.233Z","level":"INFO","device":"868120018681","event":"SENT_RAW_MARKER","detail":"00_64_6401_00_86812001868100260402234443080200.jpg packet=277 bytes data=215 bytes"}
{"ts":"2026-04-02T23:44:43.234Z","level":"INFO","device":"868120018681","event":"SENT_1212","detail":"00_64_6401_00_86812001868100260402234443080200.jpg type=0"}
{"ts":"2026-04-02T23:44:43.290Z","level":"INFO","device":"868120018681","event":"MEDIA_RX","detail":"7E 92 12 00 36 86 81 20 01 86 81 C4 74 32 30 30 5F 36 34 5F 36 34 30 31 5F 30 30 5F 38 36 38 31 32 30 30 31 38 36 38 31 30 30 32 36 30 34 30 32 32 33 34 34 34 33 30 38 30 32 30 30 2E 6A 70 67 00 00 00 4A 7E"}
{"ts":"2026-04-02T23:44:43.538Z","level":"INFO","device":"868120018681","event":"FILE_START","detail":"[2/2] 02_64_6401_03_86812001868100260402234443080200.mp4 (65536 bytes)"}
{"ts":"2026-04-02T23:44:43.539Z","level":"INFO","device":"868120018681","event":"SENT_1210","detail":"02_64_6401_03_86812001868100260402234443080200.mp4"}
{"ts":"2026-04-02T23:44:43.551Z","level":"INFO","device":"868120018681","event":"MEDIA_RX","detail":"7E 80 01 00 05 86 81 20 01 86 81 A0 37 00 02 12 10 00 32 7E"}
{"ts":"2026-04-02T23:44:43.653Z","level":"INFO","device":"868120018681","event":"SENT_RAW_MARKER","detail":"02_64_6401_03_86812001868100260402234443080200.mp4 packet=65598 bytes data=65536 bytes"}
{"ts":"2026-04-02T23:44:43.658Z","level":"INFO","device":"868120018681","event":"SENT_1212","detail":"02_64_6401_03_86812001868100260402234443080200.mp4 type=2"}
{"ts":"2026-04-02T23:44:43.687Z","level":"INFO","device":"868120018681","event":"MEDIA_RX","detail":"7E 92 12 00 36 86 81 20 01 86 81 7B AD 32 30 32 5F 36 34 5F 36 34 30 31 5F 30 33 5F 38 36 38 31 32 30 30 31 38 36 38 31 30 30 32 36 30 34 30 32 32 33 34 34 34 33 30 38 30 32 30 30 2E 6D 70 34 02 00 00 7B 7E"}
{"ts":"2026-04-02T23:44:43.965Z","level":"INFO","device":"868120018681","event":"BATCH_COMPLETE","detail":"All 2 files sent"}
{"ts":"2026-04-02T23:44:43.978Z","level":"INFO","device":"868120018681","event":"MEDIA_CLOSED","detail":""}
{"ts":"2026-04-02T23:44:53.093Z","level":"INFO","device":"868120018681","event":"INCIDENT_SENT","detail":"mediaId=9 alarmId=86812001868100260402234453090200"}
{"ts":"2026-04-02T23:44:53.102Z","level":"INFO","device":"868120018681","event":"RX_MSG","detail":"0x8001 bodyLen=5"}
{"ts":"2026-04-02T23:44:53.102Z","level":"INFO","device":"868120018681","event":"SERVER_ACK","detail":"0x0200 result=OK"}
{"ts":"2026-04-02T23:44:53.109Z","level":"INFO","device":"868120018681","event":"RX_MSG","detail":"0x9208 bodyLen=81"}
{"ts":"2026-04-02T23:44:53.109Z","level":"INFO","device":"868120018681","event":"9208_RAW","detail":"0C35342E33372E3232352E36350D32000086812001868100260402234453090200383638313230303138363831303032363034303232333434353330393032303000000000000000000000000000000000"}
{"ts":"2026-04-02T23:44:53.109Z","level":"INFO","device":"868120018681","event":"UPLOAD_TRIGGERED","detail":"media: 54.37.225.65:3378 | alarmId: 86812001868100260402234453090200"}
{"ts":"2026-04-02T23:44:53.109Z","level":"INFO","device":"868120018681","event":"MEDIA_CONNECTING","detail":"54.37.225.65:3378 files=2"}
{"ts":"2026-04-02T23:44:53.116Z","level":"INFO","device":"868120018681","event":"RX_MSG","detail":"0x8001 bodyLen=5"}
{"ts":"2026-04-02T23:44:53.116Z","level":"INFO","device":"868120018681","event":"SERVER_ACK","detail":"0x0800 result=OK"}
{"ts":"2026-04-02T23:44:53.117Z","level":"INFO","device":"868120018681","event":"MEDIA_CONNECTED","detail":"54.37.225.65:3378"}
{"ts":"2026-04-02T23:44:53.117Z","level":"INFO","device":"868120018681","event":"FILE_START","detail":"[1/2] 00_64_6401_00_86812001868100260402234453090200.jpg (215 bytes)"}
{"ts":"2026-04-02T23:44:53.117Z","level":"INFO","device":"868120018681","event":"SENT_1210","detail":"00_64_6401_00_86812001868100260402234453090200.jpg"}
{"ts":"2026-04-02T23:44:53.129Z","level":"INFO","device":"868120018681","event":"MEDIA_RX","detail":"7E 80 01 00 05 86 81 20 01 86 81 8F FC 00 00 12 10 00 D4 7E"}
{"ts":"2026-04-02T23:44:53.224Z","level":"INFO","device":"868120018681","event":"SENT_RAW_MARKER","detail":"00_64_6401_00_86812001868100260402234453090200.jpg packet=277 bytes data=215 bytes"}
{"ts":"2026-04-02T23:44:53.225Z","level":"INFO","device":"868120018681","event":"SENT_1212","detail":"00_64_6401_00_86812001868100260402234453090200.jpg type=0"}
{"ts":"2026-04-02T23:44:53.279Z","level":"INFO","device":"868120018681","event":"MEDIA_RX","detail":"7E 92 12 00 36 86 81 20 01 86 81 FB B6 32 30 30 5F 36 34 5F 36 34 30 31 5F 30 30 5F 38 36 38 31 32 30 30 31 38 36 38 31 30 30 32 36 30 34 30 32 32 33 34 34 35 33 30 39 30 32 30 30 2E 6A 70 67 00 00 00 B7 7E"}
{"ts":"2026-04-02T23:44:53.530Z","level":"INFO","device":"868120018681","event":"FILE_START","detail":"[2/2] 02_64_6401_03_86812001868100260402234453090200.mp4 (65536 bytes)"}
{"ts":"2026-04-02T23:44:53.530Z","level":"INFO","device":"868120018681","event":"SENT_1210","detail":"02_64_6401_03_86812001868100260402234453090200.mp4"}
{"ts":"2026-04-02T23:44:53.539Z","level":"INFO","device":"868120018681","event":"MEDIA_RX","detail":"7E 80 01 00 05 86 81 20 01 86 81 C1 E9 00 02 12 10 00 8D 7E"}
{"ts":"2026-04-02T23:44:53.631Z","level":"INFO","device":"868120018681","event":"SENT_RAW_MARKER","detail":"02_64_6401_03_86812001868100260402234453090200.mp4 packet=65598 bytes data=65536 bytes"}
{"ts":"2026-04-02T23:44:53.631Z","level":"INFO","device":"868120018681","event":"SENT_1212","detail":"02_64_6401_03_86812001868100260402234453090200.mp4 type=2"}
{"ts":"2026-04-02T23:44:53.662Z","level":"INFO","device":"868120018681","event":"MEDIA_RX","detail":"7E 92 12 00 36 86 81 20 01 86 81 A9 AF 32 30 32 5F 36 34 5F 36 34 30 31 5F 30 33 5F 38 36 38 31 32 30 30 31 38 36 38 31 30 30 32 36 30 34 30 32 32 33 34 34 35 33 30 39 30 32 30 30 2E 6D 70 34 02 00 00 AB 7E"}
{"ts":"2026-04-02T23:44:53.932Z","level":"INFO","device":"868120018681","event":"BATCH_COMPLETE","detail":"All 2 files sent"}
{"ts":"2026-04-02T23:44:53.943Z","level":"INFO","device":"868120018681","event":"MEDIA_CLOSED","detail":""}
{"ts":"2026-04-02T23:45:03.091Z","level":"INFO","device":"868120018681","event":"GPS_SENT","detail":""}
{"ts":"2026-04-02T23:45:03.095Z","level":"INFO","device":"868120018681","event":"INCIDENT_SENT","detail":"mediaId=10 alarmId=868120018681002604022345030A0200"}
{"ts":"2026-04-02T23:45:03.102Z","level":"INFO","device":"868120018681","event":"RX_MSG","detail":"0x8001 bodyLen=5"}
{"ts":"2026-04-02T23:45:03.102Z","level":"INFO","device":"868120018681","event":"SERVER_ACK","detail":"0x0200 result=OK"}
{"ts":"2026-04-02T23:45:03.112Z","level":"INFO","device":"868120018681","event":"RX_MSG","detail":"0x8001 bodyLen=5"}
{"ts":"2026-04-02T23:45:03.112Z","level":"INFO","device":"868120018681","event":"SERVER_ACK","detail":"0x0200 result=OK"}
{"ts":"2026-04-02T23:45:03.115Z","level":"INFO","device":"868120018681","event":"RX_MSG","detail":"0x8001 bodyLen=5"}
{"ts":"2026-04-02T23:45:03.115Z","level":"INFO","device":"868120018681","event":"SERVER_ACK","detail":"0x0800 result=OK"}
{"ts":"2026-04-02T23:45:03.115Z","level":"INFO","device":"868120018681","event":"RX_MSG","detail":"0x9208 bodyLen=81"}
{"ts":"2026-04-02T23:45:03.115Z","level":"INFO","device":"868120018681","event":"9208_RAW","detail":"0C35342E33372E3232352E36350D320000868120018681002604022345030A0200383638313230303138363831303032363034303232333435303330613032303000000000000000000000000000000000"}
{"ts":"2026-04-02T23:45:03.115Z","level":"INFO","device":"868120018681","event":"UPLOAD_TRIGGERED","detail":"media: 54.37.225.65:3378 | alarmId: 868120018681002604022345030A0200"}
{"ts":"2026-04-02T23:45:03.115Z","level":"INFO","device":"868120018681","event":"MEDIA_CONNECTING","detail":"54.37.225.65:3378 files=2"}
{"ts":"2026-04-02T23:45:03.123Z","level":"INFO","device":"868120018681","event":"MEDIA_CONNECTED","detail":"54.37.225.65:3378"}
{"ts":"2026-04-02T23:45:03.123Z","level":"INFO","device":"868120018681","event":"FILE_START","detail":"[1/2] 00_64_6401_00_868120018681002604022345030A0200.jpg (215 bytes)"}
{"ts":"2026-04-02T23:45:03.123Z","level":"INFO","device":"868120018681","event":"SENT_1210","detail":"00_64_6401_00_868120018681002604022345030A0200.jpg"}
{"ts":"2026-04-02T23:45:03.133Z","level":"INFO","device":"868120018681","event":"MEDIA_RX","detail":"7E 80 01 00 05 86 81 20 01 86 81 0B ED 00 00 12 10 00 41 7E"}
{"ts":"2026-04-02T23:45:03.227Z","level":"INFO","device":"868120018681","event":"SENT_RAW_MARKER","detail":"00_64_6401_00_868120018681002604022345030A0200.jpg packet=277 bytes data=215 bytes"}
{"ts":"2026-04-02T23:45:03.227Z","level":"INFO","device":"868120018681","event":"SENT_1212","detail":"00_64_6401_00_868120018681002604022345030A0200.jpg type=0"}
{"ts":"2026-04-02T23:45:03.281Z","level":"INFO","device":"868120018681","event":"MEDIA_RX","detail":"7E 92 12 00 36 86 81 20 01 86 81 71 35 32 30 30 5F 36 34 5F 36 34 30 31 5F 30 30 5F 38 36 38 31 32 30 30 31 38 36 38 31 30 30 32 36 30 34 30 32 32 33 34 35 30 33 30 41 30 32 30 30 2E 6A 70 67 00 00 00 C2 7E"}
{"ts":"2026-04-02T23:45:03.546Z","level":"INFO","device":"868120018681","event":"FILE_START","detail":"[2/2] 02_64_6401_03_868120018681002604022345030A0200.mp4 (65536 bytes)"}
{"ts":"2026-04-02T23:45:03.546Z","level":"INFO","device":"868120018681","event":"SENT_1210","detail":"02_64_6401_03_868120018681002604022345030A0200.mp4"}
{"ts":"2026-04-02T23:45:03.555Z","level":"INFO","device":"868120018681","event":"MEDIA_RX","detail":"7E 80 01 00 05 86 81 20 01 86 81 10 6C 00 02 12 10 00 D9 7E"}
{"ts":"2026-04-02T23:45:03.648Z","level":"INFO","device":"868120018681","event":"SENT_RAW_MARKER","detail":"02_64_6401_03_868120018681002604022345030A0200.mp4 packet=65598 bytes data=65536 bytes"}
{"ts":"2026-04-02T23:45:03.648Z","level":"INFO","device":"868120018681","event":"SENT_1212","detail":"02_64_6401_03_868120018681002604022345030A0200.mp4 type=2"}
{"ts":"2026-04-02T23:45:03.673Z","level":"INFO","device":"868120018681","event":"MEDIA_RX","detail":"7E 92 12 00 36 86 81 20 01 86 81 75 56 32 30 32 5F 36 34 5F 36 34 30 31 5F 30 33 5F 38 36 38 31 32 30 30 31 38 36 38 31 30 30 32 36 30 34 30 32 32 33 34 35 30 33 30 41 30 32 30 30 2E 6D 70 34 02 00 00 F2 7E"}
{"ts":"2026-04-02T23:45:03.950Z","level":"INFO","device":"868120018681","event":"BATCH_COMPLETE","detail":"All 2 files sent"}
{"ts":"2026-04-02T23:45:03.963Z","level":"INFO","device":"868120018681","event":"MEDIA_CLOSED","detail":""}
{"ts":"2026-04-02T23:45:13.111Z","level":"INFO","device":"868120018681","event":"INCIDENT_SENT","detail":"mediaId=11 alarmId=868120018681002604022345130B0200"}
{"ts":"2026-04-02T23:45:13.153Z","level":"INFO","device":"868120018681","event":"RX_MSG","detail":"0x8001 bodyLen=5"}
{"ts":"2026-04-02T23:45:13.154Z","level":"INFO","device":"868120018681","event":"SERVER_ACK","detail":"0x0200 result=OK"}
{"ts":"2026-04-02T23:45:13.154Z","level":"INFO","device":"868120018681","event":"RX_MSG","detail":"0x9208 bodyLen=81"}
{"ts":"2026-04-02T23:45:13.155Z","level":"INFO","device":"868120018681","event":"9208_RAW","detail":"0C35342E33372E3232352E36350D320000868120018681002604022345130B0200383638313230303138363831303032363034303232333435313330623032303000000000000000000000000000000000"}
{"ts":"2026-04-02T23:45:13.155Z","level":"INFO","device":"868120018681","event":"UPLOAD_TRIGGERED","detail":"media: 54.37.225.65:3378 | alarmId: 868120018681002604022345130B0200"}
{"ts":"2026-04-02T23:45:13.155Z","level":"INFO","device":"868120018681","event":"MEDIA_CONNECTING","detail":"54.37.225.65:3378 files=2"}
{"ts":"2026-04-02T23:45:13.156Z","level":"INFO","device":"868120018681","event":"RX_MSG","detail":"0x8001 bodyLen=5"}
{"ts":"2026-04-02T23:45:13.165Z","level":"INFO","device":"868120018681","event":"SERVER_ACK","detail":"0x0800 result=OK"}
{"ts":"2026-04-02T23:45:13.175Z","level":"INFO","device":"868120018681","event":"MEDIA_CONNECTED","detail":"54.37.225.65:3378"}
{"ts":"2026-04-02T23:45:13.175Z","level":"INFO","device":"868120018681","event":"FILE_START","detail":"[1/2] 00_64_6401_00_868120018681002604022345130B0200.jpg (215 bytes)"}
{"ts":"2026-04-02T23:45:13.176Z","level":"INFO","device":"868120018681","event":"SENT_1210","detail":"00_64_6401_00_868120018681002604022345130B0200.jpg"}
{"ts":"2026-04-02T23:45:13.184Z","level":"INFO","device":"868120018681","event":"MEDIA_RX","detail":"7E 80 01 00 05 86 81 20 01 86 81 94 30 00 00 12 10 00 03 7E"}
{"ts":"2026-04-02T23:45:13.276Z","level":"INFO","device":"868120018681","event":"SENT_RAW_MARKER","detail":"00_64_6401_00_868120018681002604022345130B0200.jpg packet=277 bytes data=215 bytes"}
{"ts":"2026-04-02T23:45:13.276Z","level":"INFO","device":"868120018681","event":"SENT_1212","detail":"00_64_6401_00_868120018681002604022345130B0200.jpg type=0"}
{"ts":"2026-04-02T23:45:13.332Z","level":"INFO","device":"868120018681","event":"MEDIA_RX","detail":"7E 92 12 00 36 86 81 20 01 86 81 A6 FC 32 30 30 5F 36 34 5F 36 34 30 31 5F 30 30 5F 38 36 38 31 32 30 30 31 38 36 38 31 30 30 32 36 30 34 30 32 32 33 34 35 31 33 30 42 30 32 30 30 2E 6A 70 67 00 00 00 DE 7E"}
{"ts":"2026-04-02T23:45:13.581Z","level":"INFO","device":"868120018681","event":"FILE_START","detail":"[2/2] 02_64_6401_03_868120018681002604022345130B0200.mp4 (65536 bytes)"}
{"ts":"2026-04-02T23:45:13.585Z","level":"INFO","device":"868120018681","event":"SENT_1210","detail":"02_64_6401_03_868120018681002604022345130B0200.mp4"}
{"ts":"2026-04-02T23:45:13.593Z","level":"INFO","device":"868120018681","event":"MEDIA_RX","detail":"7E 80 01 00 05 86 81 20 01 86 81 74 81 00 02 12 10 00 50 7E"}
{"ts":"2026-04-02T23:45:13.687Z","level":"INFO","device":"868120018681","event":"SENT_RAW_MARKER","detail":"02_64_6401_03_868120018681002604022345130B0200.mp4 packet=65598 bytes data=65536 bytes"}
{"ts":"2026-04-02T23:45:13.687Z","level":"INFO","device":"868120018681","event":"SENT_1212","detail":"02_64_6401_03_868120018681002604022345130B0200.mp4 type=2"}
{"ts":"2026-04-02T23:45:13.719Z","level":"INFO","device":"868120018681","event":"MEDIA_RX","detail":"7E 92 12 00 36 86 81 20 01 86 81 A1 60 32 30 32 5F 36 34 5F 36 34 30 31 5F 30 33 5F 38 36 38 31 32 30 30 31 38 36 38 31 30 30 32 36 30 34 30 32 32 33 34 35 31 33 30 42 30 32 30 30 2E 6D 70 34 02 00 00 12 7E"}
{"ts":"2026-04-02T23:45:13.989Z","level":"INFO","device":"868120018681","event":"BATCH_COMPLETE","detail":"All 2 files sent"}
{"ts":"2026-04-02T23:45:14.235Z","level":"INFO","device":"868120018681","event":"MEDIA_CLOSED","detail":""}
{"ts":"2026-04-02T23:45:23.099Z","level":"INFO","device":"868120018681","event":"GPS_SENT","detail":""}
{"ts":"2026-04-02T23:45:23.109Z","level":"INFO","device":"868120018681","event":"RX_MSG","detail":"0x8001 bodyLen=5"}
{"ts":"2026-04-02T23:45:23.109Z","level":"INFO","device":"868120018681","event":"SERVER_ACK","detail":"0x0200 result=OK"}
{"ts":"2026-04-02T23:45:23.114Z","level":"INFO","device":"868120018681","event":"INCIDENT_SENT","detail":"mediaId=12 alarmId=868120018681002604022345230C0200"}
{"ts":"2026-04-02T23:45:23.122Z","level":"INFO","device":"868120018681","event":"RX_MSG","detail":"0x8001 bodyLen=5"}
{"ts":"2026-04-02T23:45:23.122Z","level":"INFO","device":"868120018681","event":"SERVER_ACK","detail":"0x0200 result=OK"}
{"ts":"2026-04-02T23:45:23.127Z","level":"INFO","device":"868120018681","event":"RX_MSG","detail":"0x9208 bodyLen=81"}
{"ts":"2026-04-02T23:45:23.129Z","level":"INFO","device":"868120018681","event":"9208_RAW","detail":"0C35342E33372E3232352E36350D320000868120018681002604022345230C0200383638313230303138363831303032363034303232333435323330633032303000000000000000000000000000000000"}
{"ts":"2026-04-02T23:45:23.129Z","level":"INFO","device":"868120018681","event":"UPLOAD_TRIGGERED","detail":"media: 54.37.225.65:3378 | alarmId: 868120018681002604022345230C0200"}
{"ts":"2026-04-02T23:45:23.130Z","level":"INFO","device":"868120018681","event":"MEDIA_CONNECTING","detail":"54.37.225.65:3378 files=2"}
{"ts":"2026-04-02T23:45:23.133Z","level":"INFO","device":"868120018681","event":"RX_MSG","detail":"0x8001 bodyLen=5"}
{"ts":"2026-04-02T23:45:23.134Z","level":"INFO","device":"868120018681","event":"SERVER_ACK","detail":"0x0800 result=OK"}
{"ts":"2026-04-02T23:45:23.147Z","level":"INFO","device":"868120018681","event":"MEDIA_CONNECTED","detail":"54.37.225.65:3378"}
{"ts":"2026-04-02T23:45:23.147Z","level":"INFO","device":"868120018681","event":"FILE_START","detail":"[1/2] 00_64_6401_00_868120018681002604022345230C0200.jpg (215 bytes)"}
{"ts":"2026-04-02T23:45:23.147Z","level":"INFO","device":"868120018681","event":"SENT_1210","detail":"00_64_6401_00_868120018681002604022345230C0200.jpg"}
{"ts":"2026-04-02T23:45:23.157Z","level":"INFO","device":"868120018681","event":"MEDIA_RX","detail":"7E 80 01 00 05 86 81 20 01 86 81 41 58 00 00 12 10 00 BE 7E"}
{"ts":"2026-04-02T23:45:23.251Z","level":"INFO","device":"868120018681","event":"SENT_RAW_MARKER","detail":"00_64_6401_00_868120018681002604022345230C0200.jpg packet=277 bytes data=215 bytes"}
{"ts":"2026-04-02T23:45:23.253Z","level":"INFO","device":"868120018681","event":"SENT_1212","detail":"00_64_6401_00_868120018681002604022345230C0200.jpg type=0"}
{"ts":"2026-04-02T23:45:23.305Z","level":"INFO","device":"868120018681","event":"MEDIA_RX","detail":"7E 92 12 00 36 86 81 20 01 86 81 DD 3D 32 30 30 5F 36 34 5F 36 34 30 31 5F 30 30 5F 38 36 38 31 32 30 30 31 38 36 38 31 30 30 32 36 30 34 30 32 32 33 34 35 32 33 30 43 30 32 30 30 2E 6A 70 67 00 00 00 66 7E"}
{"ts":"2026-04-02T23:45:23.558Z","level":"INFO","device":"868120018681","event":"FILE_START","detail":"[2/2] 02_64_6401_03_868120018681002604022345230C0200.mp4 (65536 bytes)"}
{"ts":"2026-04-02T23:45:23.558Z","level":"INFO","device":"868120018681","event":"SENT_1210","detail":"02_64_6401_03_868120018681002604022345230C0200.mp4"}
{"ts":"2026-04-02T23:45:23.567Z","level":"INFO","device":"868120018681","event":"MEDIA_RX","detail":"7E 80 01 00 05 86 81 20 01 86 81 AF 76 00 02 12 10 00 7C 7E"}
{"ts":"2026-04-02T23:45:23.659Z","level":"INFO","device":"868120018681","event":"SENT_RAW_MARKER","detail":"02_64_6401_03_868120018681002604022345230C0200.mp4 packet=65598 bytes data=65536 bytes"}
{"ts":"2026-04-02T23:45:23.659Z","level":"INFO","device":"868120018681","event":"SENT_1212","detail":"02_64_6401_03_868120018681002604022345230C0200.mp4 type=2"}
{"ts":"2026-04-02T23:45:23.682Z","level":"INFO","device":"868120018681","event":"MEDIA_RX","detail":"7E 92 12 00 36 86 81 20 01 86 81 B1 81 32 30 32 5F 36 34 5F 36 34 30 31 5F 30 33 5F 38 36 38 31 32 30 30 31 38 36 38 31 30 30 32 36 30 34 30 32 32 33 34 35 32 33 30 43 30 32 30 30 2E 6D 70 34 02 00 00 E1 7E"}
{"ts":"2026-04-02T23:45:23.961Z","level":"INFO","device":"868120018681","event":"BATCH_COMPLETE","detail":"All 2 files sent"}
{"ts":"2026-04-02T23:45:23.971Z","level":"INFO","device":"868120018681","event":"MEDIA_CLOSED","detail":""}
{"ts":"2026-04-02T23:45:33.122Z","level":"INFO","device":"868120018681","event":"INCIDENT_SENT","detail":"mediaId=13 alarmId=868120018681002604022345330D0200"}
{"ts":"2026-04-02T23:45:33.135Z","level":"INFO","device":"868120018681","event":"RX_MSG","detail":"0x8001 bodyLen=5"}
{"ts":"2026-04-02T23:45:33.135Z","level":"INFO","device":"868120018681","event":"SERVER_ACK","detail":"0x0200 result=OK"}
{"ts":"2026-04-02T23:45:33.142Z","level":"INFO","device":"868120018681","event":"RX_MSG","detail":"0x9208 bodyLen=81"}
{"ts":"2026-04-02T23:45:33.142Z","level":"INFO","device":"868120018681","event":"9208_RAW","detail":"0C35342E33372E3232352E36350D320000868120018681002604022345330D0200383638313230303138363831303032363034303232333435333330643032303000000000000000000000000000000000"}
{"ts":"2026-04-02T23:45:33.142Z","level":"INFO","device":"868120018681","event":"UPLOAD_TRIGGERED","detail":"media: 54.37.225.65:3378 | alarmId: 868120018681002604022345330D0200"}
{"ts":"2026-04-02T23:45:33.142Z","level":"INFO","device":"868120018681","event":"MEDIA_CONNECTING","detail":"54.37.225.65:3378 files=2"}
{"ts":"2026-04-02T23:45:33.149Z","level":"INFO","device":"868120018681","event":"RX_MSG","detail":"0x8001 bodyLen=5"}
{"ts":"2026-04-02T23:45:33.150Z","level":"INFO","device":"868120018681","event":"SERVER_ACK","detail":"0x0800 result=OK"}
{"ts":"2026-04-02T23:45:33.150Z","level":"INFO","device":"868120018681","event":"MEDIA_CONNECTED","detail":"54.37.225.65:3378"}
{"ts":"2026-04-02T23:45:33.150Z","level":"INFO","device":"868120018681","event":"FILE_START","detail":"[1/2] 00_64_6401_00_868120018681002604022345330D0200.jpg (215 bytes)"}
{"ts":"2026-04-02T23:45:33.150Z","level":"INFO","device":"868120018681","event":"SENT_1210","detail":"00_64_6401_00_868120018681002604022345330D0200.jpg"}
{"ts":"2026-04-02T23:45:33.156Z","level":"INFO","device":"868120018681","event":"MEDIA_RX","detail":"7E 80 01 00 05 86 81 20 01 86 81 DF BE 00 00 12 10 00 C6 7E"}
{"ts":"2026-04-02T23:45:33.256Z","level":"INFO","device":"868120018681","event":"SENT_RAW_MARKER","detail":"00_64_6401_00_868120018681002604022345330D0200.jpg packet=277 bytes data=215 bytes"}
{"ts":"2026-04-02T23:45:33.257Z","level":"INFO","device":"868120018681","event":"SENT_1212","detail":"00_64_6401_00_868120018681002604022345330D0200.jpg type=0"}
{"ts":"2026-04-02T23:45:33.315Z","level":"INFO","device":"868120018681","event":"MEDIA_RX","detail":"7E 92 12 00 36 86 81 20 01 86 81 38 69 32 30 30 5F 36 34 5F 36 34 30 31 5F 30 30 5F 38 36 38 31 32 30 30 31 38 36 38 31 30 30 32 36 30 34 30 32 32 33 34 35 33 33 30 44 30 32 30 30 2E 6A 70 67 00 00 00 D1 7E"}
{"ts":"2026-04-02T23:45:33.560Z","level":"INFO","device":"868120018681","event":"FILE_START","detail":"[2/2] 02_64_6401_03_868120018681002604022345330D0200.mp4 (65536 bytes)"}
{"ts":"2026-04-02T23:45:33.560Z","level":"INFO","device":"868120018681","event":"SENT_1210","detail":"02_64_6401_03_868120018681002604022345330D0200.mp4"}
{"ts":"2026-04-02T23:45:33.569Z","level":"INFO","device":"868120018681","event":"MEDIA_RX","detail":"7E 80 01 00 05 86 81 20 01 86 81 34 E7 00 02 12 10 00 76 7E"}
{"ts":"2026-04-02T23:45:33.661Z","level":"INFO","device":"868120018681","event":"SENT_RAW_MARKER","detail":"02_64_6401_03_868120018681002604022345330D0200.mp4 packet=65598 bytes data=65536 bytes"}
{"ts":"2026-04-02T23:45:33.661Z","level":"INFO","device":"868120018681","event":"SENT_1212","detail":"02_64_6401_03_868120018681002604022345330D0200.mp4 type=2"}
{"ts":"2026-04-02T23:45:33.688Z","level":"INFO","device":"868120018681","event":"MEDIA_RX","detail":"7E 92 12 00 36 86 81 20 01 86 81 53 A6 32 30 32 5F 36 34 5F 36 34 30 31 5F 30 33 5F 38 36 38 31 32 30 30 31 38 36 38 31 30 30 32 36 30 34 30 32 32 33 34 35 33 33 30 44 30 32 30 30 2E 6D 70 34 02 00 00 22 7E"}
{"ts":"2026-04-02T23:45:33.966Z","level":"INFO","device":"868120018681","event":"BATCH_COMPLETE","detail":"All 2 files sent"}
{"ts":"2026-04-02T23:45:33.977Z","level":"INFO","device":"868120018681","event":"MEDIA_CLOSED","detail":""}
{"ts":"2026-04-02T23:45:43.109Z","level":"INFO","device":"868120018681","event":"GPS_SENT","detail":""}
{"ts":"2026-04-02T23:45:43.120Z","level":"INFO","device":"868120018681","event":"RX_MSG","detail":"0x8001 bodyLen=5"}
{"ts":"2026-04-02T23:45:43.121Z","level":"INFO","device":"868120018681","event":"SERVER_ACK","detail":"0x0200 result=OK"}
{"ts":"2026-04-02T23:45:43.126Z","level":"INFO","device":"868120018681","event":"INCIDENT_SENT","detail":"mediaId=14 alarmId=868120018681002604022345430E0200"}
{"ts":"2026-04-02T23:45:43.134Z","level":"INFO","device":"868120018681","event":"RX_MSG","detail":"0x8001 bodyLen=5"}
{"ts":"2026-04-02T23:45:43.134Z","level":"INFO","device":"868120018681","event":"SERVER_ACK","detail":"0x0200 result=OK"}
{"ts":"2026-04-02T23:45:43.142Z","level":"INFO","device":"868120018681","event":"RX_MSG","detail":"0x9208 bodyLen=81"}
{"ts":"2026-04-02T23:45:43.142Z","level":"INFO","device":"868120018681","event":"9208_RAW","detail":"0C35342E33372E3232352E36350D320000868120018681002604022345430E0200383638313230303138363831303032363034303232333435343330653032303000000000000000000000000000000000"}
{"ts":"2026-04-02T23:45:43.142Z","level":"INFO","device":"868120018681","event":"UPLOAD_TRIGGERED","detail":"media: 54.37.225.65:3378 | alarmId: 868120018681002604022345430E0200"}
{"ts":"2026-04-02T23:45:43.142Z","level":"INFO","device":"868120018681","event":"MEDIA_CONNECTING","detail":"54.37.225.65:3378 files=2"}
{"ts":"2026-04-02T23:45:43.149Z","level":"INFO","device":"868120018681","event":"RX_MSG","detail":"0x8001 bodyLen=5"}
{"ts":"2026-04-02T23:45:43.149Z","level":"INFO","device":"868120018681","event":"SERVER_ACK","detail":"0x0800 result=OK"}
{"ts":"2026-04-02T23:45:43.151Z","level":"INFO","device":"868120018681","event":"MEDIA_CONNECTED","detail":"54.37.225.65:3378"}
{"ts":"2026-04-02T23:45:43.152Z","level":"INFO","device":"868120018681","event":"FILE_START","detail":"[1/2] 00_64_6401_00_868120018681002604022345430E0200.jpg (215 bytes)"}
{"ts":"2026-04-02T23:45:43.152Z","level":"INFO","device":"868120018681","event":"SENT_1210","detail":"00_64_6401_00_868120018681002604022345430E0200.jpg"}
{"ts":"2026-04-02T23:45:43.160Z","level":"INFO","device":"868120018681","event":"MEDIA_RX","detail":"7E 80 01 00 05 86 81 20 01 86 81 D6 3A 00 00 12 10 00 4B 7E"}
{"ts":"2026-04-02T23:45:43.257Z","level":"INFO","device":"868120018681","event":"SENT_RAW_MARKER","detail":"00_64_6401_00_868120018681002604022345430E0200.jpg packet=277 bytes data=215 bytes"}
{"ts":"2026-04-02T23:45:43.257Z","level":"INFO","device":"868120018681","event":"SENT_1212","detail":"00_64_6401_00_868120018681002604022345430E0200.jpg type=0"}
{"ts":"2026-04-02T23:45:43.310Z","level":"INFO","device":"868120018681","event":"MEDIA_RX","detail":"7E 92 12 00 36 86 81 20 01 86 81 61 E7 32 30 30 5F 36 34 5F 36 34 30 31 5F 30 30 5F 38 36 38 31 32 30 30 31 38 36 38 31 30 30 32 36 30 34 30 32 32 33 34 35 34 33 30 45 30 32 30 30 2E 6A 70 67 00 00 00 00 7E"}
{"ts":"2026-04-02T23:45:43.560Z","level":"INFO","device":"868120018681","event":"FILE_START","detail":"[2/2] 02_64_6401_03_868120018681002604022345430E0200.mp4 (65536 bytes)"}
{"ts":"2026-04-02T23:45:43.560Z","level":"INFO","device":"868120018681","event":"SENT_1210","detail":"02_64_6401_03_868120018681002604022345430E0200.mp4"}
{"ts":"2026-04-02T23:45:43.566Z","level":"INFO","device":"868120018681","event":"MEDIA_RX","detail":"7E 80 01 00 05 86 81 20 01 86 81 B8 D1 00 02 12 10 00 CC 7E"}
{"ts":"2026-04-02T23:45:43.662Z","level":"INFO","device":"868120018681","event":"SENT_RAW_MARKER","detail":"02_64_6401_03_868120018681002604022345430E0200.mp4 packet=65598 bytes data=65536 bytes"}
{"ts":"2026-04-02T23:45:43.662Z","level":"INFO","device":"868120018681","event":"SENT_1212","detail":"02_64_6401_03_868120018681002604022345430E0200.mp4 type=2"}
{"ts":"2026-04-02T23:45:43.683Z","level":"INFO","device":"868120018681","event":"MEDIA_RX","detail":"7E 92 12 00 36 86 81 20 01 86 81 DE C1 32 30 32 5F 36 34 5F 36 34 30 31 5F 30 33 5F 38 36 38 31 32 30 30 31 38 36 38 31 30 30 32 36 30 34 30 32 32 33 34 35 34 33 30 45 30 32 30 30 2E 6D 70 34 02 00 00 CE 7E"}
{"ts":"2026-04-02T23:45:43.970Z","level":"INFO","device":"868120018681","event":"BATCH_COMPLETE","detail":"All 2 files sent"}
{"ts":"2026-04-02T23:45:43.993Z","level":"INFO","device":"868120018681","event":"MEDIA_CLOSED","detail":""}
{"ts":"2026-04-02T23:45:53.132Z","level":"INFO","device":"868120018681","event":"INCIDENT_SENT","detail":"mediaId=15 alarmId=868120018681002604022345530F0200"}
{"ts":"2026-04-02T23:45:53.161Z","level":"INFO","device":"868120018681","event":"RX_MSG","detail":"0x8001 bodyLen=5"}
{"ts":"2026-04-02T23:45:53.162Z","level":"INFO","device":"868120018681","event":"SERVER_ACK","detail":"0x0200 result=OK"}
{"ts":"2026-04-02T23:45:53.162Z","level":"INFO","device":"868120018681","event":"RX_MSG","detail":"0x9208 bodyLen=81"}
{"ts":"2026-04-02T23:45:53.162Z","level":"INFO","device":"868120018681","event":"9208_RAW","detail":"0C35342E33372E3232352E36350D320000868120018681002604022345530F0200383638313230303138363831303032363034303232333435353330663032303000000000000000000000000000000000"}
{"ts":"2026-04-02T23:45:53.162Z","level":"INFO","device":"868120018681","event":"UPLOAD_TRIGGERED","detail":"media: 54.37.225.65:3378 | alarmId: 868120018681002604022345530F0200"}
{"ts":"2026-04-02T23:45:53.162Z","level":"INFO","device":"868120018681","event":"MEDIA_CONNECTING","detail":"54.37.225.65:3378 files=2"}
{"ts":"2026-04-02T23:45:53.162Z","level":"INFO","device":"868120018681","event":"RX_MSG","detail":"0x8001 bodyLen=5"}
{"ts":"2026-04-02T23:45:53.165Z","level":"INFO","device":"868120018681","event":"SERVER_ACK","detail":"0x0800 result=OK"}
{"ts":"2026-04-02T23:45:53.174Z","level":"INFO","device":"868120018681","event":"MEDIA_CONNECTED","detail":"54.37.225.65:3378"}
{"ts":"2026-04-02T23:45:53.174Z","level":"INFO","device":"868120018681","event":"FILE_START","detail":"[1/2] 00_64_6401_00_868120018681002604022345530F0200.jpg (215 bytes)"}
{"ts":"2026-04-02T23:45:53.175Z","level":"INFO","device":"868120018681","event":"SENT_1210","detail":"00_64_6401_00_868120018681002604022345530F0200.jpg"}
{"ts":"2026-04-02T23:45:53.210Z","level":"INFO","device":"868120018681","event":"MEDIA_RX","detail":"7E 80 01 00 05 86 81 20 01 86 81 C7 E9 00 00 12 10 00 89 7E"}
{"ts":"2026-04-02T23:45:53.274Z","level":"INFO","device":"868120018681","event":"SENT_RAW_MARKER","detail":"00_64_6401_00_868120018681002604022345530F0200.jpg packet=277 bytes data=215 bytes"}
{"ts":"2026-04-02T23:45:53.275Z","level":"INFO","device":"868120018681","event":"SENT_1212","detail":"00_64_6401_00_868120018681002604022345530F0200.jpg type=0"}
{"ts":"2026-04-02T23:45:53.334Z","level":"INFO","device":"868120018681","event":"MEDIA_RX","detail":"7E 92 12 00 36 86 81 20 01 86 81 28 95 32 30 30 5F 36 34 5F 36 34 30 31 5F 30 30 5F 38 36 38 31 32 30 30 31 38 36 38 31 30 30 32 36 30 34 30 32 32 33 34 35 35 33 30 46 30 32 30 30 2E 6A 70 67 00 00 00 39 7E"}
{"ts":"2026-04-02T23:45:53.576Z","level":"INFO","device":"868120018681","event":"FILE_START","detail":"[2/2] 02_64_6401_03_868120018681002604022345530F0200.mp4 (65536 bytes)"}
{"ts":"2026-04-02T23:45:53.577Z","level":"INFO","device":"868120018681","event":"SENT_1210","detail":"02_64_6401_03_868120018681002604022345530F0200.mp4"}
{"ts":"2026-04-02T23:45:53.586Z","level":"INFO","device":"868120018681","event":"MEDIA_RX","detail":"7E 80 01 00 05 86 81 20 01 86 81 9E 1A 00 02 12 10 00 21 7E"}
{"ts":"2026-04-02T23:45:53.680Z","level":"INFO","device":"868120018681","event":"SENT_RAW_MARKER","detail":"02_64_6401_03_868120018681002604022345530F0200.mp4 packet=65598 bytes data=65536 bytes"}
{"ts":"2026-04-02T23:45:53.681Z","level":"INFO","device":"868120018681","event":"SENT_1212","detail":"02_64_6401_03_868120018681002604022345530F0200.mp4 type=2"}
{"ts":"2026-04-02T23:45:53.708Z","level":"INFO","device":"868120018681","event":"MEDIA_RX","detail":"7E 92 12 00 36 86 81 20 01 86 81 8E 39 32 30 32 5F 36 34 5F 36 34 30 31 5F 30 33 5F 38 36 38 31 32 30 30 31 38 36 38 31 30 30 32 36 30 34 30 32 32 33 34 35 35 33 30 46 30 32 30 30 2E 6D 70 34 02 00 00 64 7E"}
{"ts":"2026-04-02T23:45:53.985Z","level":"INFO","device":"868120018681","event":"BATCH_COMPLETE","detail":"All 2 files sent"}
{"ts":"2026-04-02T23:45:53.998Z","level":"INFO","device":"868120018681","event":"MEDIA_CLOSED","detail":""}
{"ts":"2026-04-02T23:46:03.171Z","level":"INFO","device":"868120018681","event":"GPS_SENT","detail":""}
{"ts":"2026-04-02T23:46:03.171Z","level":"INFO","device":"868120018681","event":"INCIDENT_SENT","detail":"mediaId=16 alarmId=86812001868100260402234603100200"}
{"ts":"2026-04-02T23:46:03.187Z","level":"INFO","device":"868120018681","event":"RX_MSG","detail":"0x8001 bodyLen=5"}
{"ts":"2026-04-02T23:46:03.187Z","level":"INFO","device":"868120018681","event":"SERVER_ACK","detail":"0x0200 result=OK"}
{"ts":"2026-04-02T23:46:03.190Z","level":"INFO","device":"868120018681","event":"RX_MSG","detail":"0x8001 bodyLen=5"}
{"ts":"2026-04-02T23:46:03.190Z","level":"INFO","device":"868120018681","event":"SERVER_ACK","detail":"0x0200 result=OK"}
{"ts":"2026-04-02T23:46:03.196Z","level":"INFO","device":"868120018681","event":"RX_MSG","detail":"0x8001 bodyLen=5"}
{"ts":"2026-04-02T23:46:03.196Z","level":"INFO","device":"868120018681","event":"SERVER_ACK","detail":"0x0800 result=OK"}
{"ts":"2026-04-02T23:46:03.196Z","level":"INFO","device":"868120018681","event":"RX_MSG","detail":"0x9208 bodyLen=81"}
{"ts":"2026-04-02T23:46:03.196Z","level":"INFO","device":"868120018681","event":"9208_RAW","detail":"0C35342E33372E3232352E36350D32000086812001868100260402234603100200383638313230303138363831303032363034303232333436303331303032303000000000000000000000000000000000"}
{"ts":"2026-04-02T23:46:03.196Z","level":"INFO","device":"868120018681","event":"UPLOAD_TRIGGERED","detail":"media: 54.37.225.65:3378 | alarmId: 86812001868100260402234603100200"}
{"ts":"2026-04-02T23:46:03.197Z","level":"INFO","device":"868120018681","event":"MEDIA_CONNECTING","detail":"54.37.225.65:3378 files=2"}
{"ts":"2026-04-02T23:46:03.211Z","level":"INFO","device":"868120018681","event":"MEDIA_CONNECTED","detail":"54.37.225.65:3378"}
{"ts":"2026-04-02T23:46:03.211Z","level":"INFO","device":"868120018681","event":"FILE_START","detail":"[1/2] 00_64_6401_00_86812001868100260402234603100200.jpg (215 bytes)"}
{"ts":"2026-04-02T23:46:03.211Z","level":"INFO","device":"868120018681","event":"SENT_1210","detail":"00_64_6401_00_86812001868100260402234603100200.jpg"}
{"ts":"2026-04-02T23:46:03.233Z","level":"INFO","device":"868120018681","event":"MEDIA_RX","detail":"7E 80 01 00 05 86 81 20 01 86 81 A8 D5 00 00 12 10 00 DA 7E"}
{"ts":"2026-04-02T23:46:03.312Z","level":"INFO","device":"868120018681","event":"SENT_RAW_MARKER","detail":"00_64_6401_00_86812001868100260402234603100200.jpg packet=277 bytes data=215 bytes"}
{"ts":"2026-04-02T23:46:03.312Z","level":"INFO","device":"868120018681","event":"SENT_1212","detail":"00_64_6401_00_86812001868100260402234603100200.jpg type=0"}
{"ts":"2026-04-02T23:46:03.368Z","level":"INFO","device":"868120018681","event":"MEDIA_RX","detail":"7E 92 12 00 36 86 81 20 01 86 81 DA 0A 32 30 30 5F 36 34 5F 36 34 30 31 5F 30 30 5F 38 36 38 31 32 30 30 31 38 36 38 31 30 30 32 36 30 34 30 32 32 33 34 36 30 33 31 30 30 32 30 30 2E 6A 70 67 00 00 00 25 7E"}
{"ts":"2026-04-02T23:46:03.613Z","level":"INFO","device":"868120018681","event":"FILE_START","detail":"[2/2] 02_64_6401_03_86812001868100260402234603100200.mp4 (65536 bytes)"}
{"ts":"2026-04-02T23:46:03.614Z","level":"INFO","device":"868120018681","event":"SENT_1210","detail":"02_64_6401_03_86812001868100260402234603100200.mp4"}
{"ts":"2026-04-02T23:46:03.621Z","level":"INFO","device":"868120018681","event":"MEDIA_RX","detail":"7E 80 01 00 05 86 81 20 01 86 81 70 C3 00 02 12 10 00 16 7E"}
{"ts":"2026-04-02T23:46:03.713Z","level":"INFO","device":"868120018681","event":"SENT_RAW_MARKER","detail":"02_64_6401_03_86812001868100260402234603100200.mp4 packet=65598 bytes data=65536 bytes"}
{"ts":"2026-04-02T23:46:03.714Z","level":"INFO","device":"868120018681","event":"SENT_1212","detail":"02_64_6401_03_86812001868100260402234603100200.mp4 type=2"}
{"ts":"2026-04-02T23:46:03.739Z","level":"INFO","device":"868120018681","event":"MEDIA_RX","detail":"7E 92 12 00 36 86 81 20 01 86 81 AA 5A 32 30 32 5F 36 34 5F 36 34 30 31 5F 30 33 5F 38 36 38 31 32 30 30 31 38 36 38 31 30 30 32 36 30 34 30 32 32 33 34 36 30 33 31 30 30 32 30 30 2E 6D 70 34 02 00 00 52 7E"}
{"ts":"2026-04-02T23:46:04.030Z","level":"INFO","device":"868120018681","event":"BATCH_COMPLETE","detail":"All 2 files sent"}
{"ts":"2026-04-02T23:46:04.056Z","level":"INFO","device":"868120018681","event":"MEDIA_CLOSED","detail":""}
{"ts":"2026-04-02T23:46:13.174Z","level":"INFO","device":"868120018681","event":"INCIDENT_SENT","detail":"mediaId=17 alarmId=86812001868100260402234613110200"}
{"ts":"2026-04-02T23:46:13.185Z","level":"INFO","device":"868120018681","event":"RX_MSG","detail":"0x8001 bodyLen=5"}
{"ts":"2026-04-02T23:46:13.185Z","level":"INFO","device":"868120018681","event":"SERVER_ACK","detail":"0x0200 result=OK"}
{"ts":"2026-04-02T23:46:13.188Z","level":"INFO","device":"868120018681","event":"RX_MSG","detail":"0x9208 bodyLen=81"}
{"ts":"2026-04-02T23:46:13.188Z","level":"INFO","device":"868120018681","event":"9208_RAW","detail":"0C35342E33372E3232352E36350D32000086812001868100260402234613110200383638313230303138363831303032363034303232333436313331313032303000000000000000000000000000000000"}
{"ts":"2026-04-02T23:46:13.188Z","level":"INFO","device":"868120018681","event":"UPLOAD_TRIGGERED","detail":"media: 54.37.225.65:3378 | alarmId: 86812001868100260402234613110200"}
{"ts":"2026-04-02T23:46:13.188Z","level":"INFO","device":"868120018681","event":"MEDIA_CONNECTING","detail":"54.37.225.65:3378 files=2"}
{"ts":"2026-04-02T23:46:13.198Z","level":"INFO","device":"868120018681","event":"MEDIA_CONNECTED","detail":"54.37.225.65:3378"}
{"ts":"2026-04-02T23:46:13.198Z","level":"INFO","device":"868120018681","event":"FILE_START","detail":"[1/2] 00_64_6401_00_86812001868100260402234613110200.jpg (215 bytes)"}
{"ts":"2026-04-02T23:46:13.198Z","level":"INFO","device":"868120018681","event":"SENT_1210","detail":"00_64_6401_00_86812001868100260402234613110200.jpg"}
{"ts":"2026-04-02T23:46:13.198Z","level":"INFO","device":"868120018681","event":"RX_MSG","detail":"0x8001 bodyLen=5"}
{"ts":"2026-04-02T23:46:13.199Z","level":"INFO","device":"868120018681","event":"SERVER_ACK","detail":"0x0800 result=OK"}
{"ts":"2026-04-02T23:46:13.206Z","level":"INFO","device":"868120018681","event":"MEDIA_RX","detail":"7E 80 01 00 05 86 81 20 01 86 81 23 5A 00 00 12 10 00 DE 7E"}
{"ts":"2026-04-02T23:46:13.311Z","level":"INFO","device":"868120018681","event":"SENT_RAW_MARKER","detail":"00_64_6401_00_86812001868100260402234613110200.jpg packet=277 bytes data=215 bytes"}
{"ts":"2026-04-02T23:46:13.311Z","level":"INFO","device":"868120018681","event":"SENT_1212","detail":"00_64_6401_00_86812001868100260402234613110200.jpg type=0"}
{"ts":"2026-04-02T23:46:13.365Z","level":"INFO","device":"868120018681","event":"MEDIA_RX","detail":"7E 92 12 00 36 86 81 20 01 86 81 B6 41 32 30 30 5F 36 34 5F 36 34 30 31 5F 30 30 5F 38 36 38 31 32 30 30 31 38 36 38 31 30 30 32 36 30 34 30 32 32 33 34 36 31 33 31 31 30 32 30 30 2E 6A 70 67 00 00 00 02 7E"}
{"ts":"2026-04-02T23:46:13.612Z","level":"INFO","device":"868120018681","event":"FILE_START","detail":"[2/2] 02_64_6401_03_86812001868100260402234613110200.mp4 (65536 bytes)"}
{"ts":"2026-04-02T23:46:13.612Z","level":"INFO","device":"868120018681","event":"SENT_1210","detail":"02_64_6401_03_86812001868100260402234613110200.mp4"}
{"ts":"2026-04-02T23:46:13.628Z","level":"INFO","device":"868120018681","event":"MEDIA_RX","detail":"7E 80 01 00 05 86 81 20 01 86 81 B7 73 00 02 12 10 00 61 7E"}
{"ts":"2026-04-02T23:46:13.716Z","level":"INFO","device":"868120018681","event":"SENT_RAW_MARKER","detail":"02_64_6401_03_86812001868100260402234613110200.mp4 packet=65598 bytes data=65536 bytes"}
{"ts":"2026-04-02T23:46:13.716Z","level":"INFO","device":"868120018681","event":"SENT_1212","detail":"02_64_6401_03_86812001868100260402234613110200.mp4 type=2"}
{"ts":"2026-04-02T23:46:13.743Z","level":"INFO","device":"868120018681","event":"MEDIA_RX","detail":"7E 92 12 00 36 86 81 20 01 86 81 88 61 32 30 32 5F 36 34 5F 36 34 30 31 5F 30 33 5F 38 36 38 31 32 30 30 31 38 36 38 31 30 30 32 36 30 34 30 32 32 33 34 36 31 33 31 31 30 32 30 30 2E 6D 70 34 02 00 00 4B 7E"}
{"ts":"2026-04-02T23:46:14.017Z","level":"INFO","device":"868120018681","event":"BATCH_COMPLETE","detail":"All 2 files sent"}
{"ts":"2026-04-02T23:46:14.027Z","level":"INFO","device":"868120018681","event":"MEDIA_CLOSED","detail":""}
{"ts":"2026-04-02T23:46:23.177Z","level":"INFO","device":"868120018681","event":"GPS_SENT","detail":""}
{"ts":"2026-04-02T23:46:23.178Z","level":"INFO","device":"868120018681","event":"INCIDENT_SENT","detail":"mediaId=18 alarmId=86812001868100260402234623120200"}
{"ts":"2026-04-02T23:46:23.200Z","level":"INFO","device":"868120018681","event":"RX_MSG","detail":"0x8001 bodyLen=5"}
{"ts":"2026-04-02T23:46:23.200Z","level":"INFO","device":"868120018681","event":"SERVER_ACK","detail":"0x0200 result=OK"}
{"ts":"2026-04-02T23:46:23.200Z","level":"INFO","device":"868120018681","event":"RX_MSG","detail":"0x8001 bodyLen=5"}
{"ts":"2026-04-02T23:46:23.200Z","level":"INFO","device":"868120018681","event":"SERVER_ACK","detail":"0x0200 result=OK"}
{"ts":"2026-04-02T23:46:23.205Z","level":"INFO","device":"868120018681","event":"RX_MSG","detail":"0x8001 bodyLen=5"}
{"ts":"2026-04-02T23:46:23.205Z","level":"INFO","device":"868120018681","event":"SERVER_ACK","detail":"0x0800 result=OK"}
{"ts":"2026-04-02T23:46:23.205Z","level":"INFO","device":"868120018681","event":"RX_MSG","detail":"0x9208 bodyLen=81"}
{"ts":"2026-04-02T23:46:23.206Z","level":"INFO","device":"868120018681","event":"9208_RAW","detail":"0C35342E33372E3232352E36350D32000086812001868100260402234623120200383638313230303138363831303032363034303232333436323331323032303000000000000000000000000000000000"}
{"ts":"2026-04-02T23:46:23.206Z","level":"INFO","device":"868120018681","event":"UPLOAD_TRIGGERED","detail":"media: 54.37.225.65:3378 | alarmId: 86812001868100260402234623120200"}
{"ts":"2026-04-02T23:46:23.206Z","level":"INFO","device":"868120018681","event":"MEDIA_CONNECTING","detail":"54.37.225.65:3378 files=2"}
{"ts":"2026-04-02T23:46:23.221Z","level":"INFO","device":"868120018681","event":"MEDIA_CONNECTED","detail":"54.37.225.65:3378"}
{"ts":"2026-04-02T23:46:23.221Z","level":"INFO","device":"868120018681","event":"FILE_START","detail":"[1/2] 00_64_6401_00_86812001868100260402234623120200.jpg (215 bytes)"}
{"ts":"2026-04-02T23:46:23.222Z","level":"INFO","device":"868120018681","event":"SENT_1210","detail":"00_64_6401_00_86812001868100260402234623120200.jpg"}
{"ts":"2026-04-02T23:46:23.235Z","level":"INFO","device":"868120018681","event":"MEDIA_RX","detail":"7E 80 01 00 05 86 81 20 01 86 81 0D 97 00 00 12 10 00 3D 7E"}
{"ts":"2026-04-02T23:46:23.323Z","level":"INFO","device":"868120018681","event":"SENT_RAW_MARKER","detail":"00_64_6401_00_86812001868100260402234623120200.jpg packet=277 bytes data=215 bytes"}
{"ts":"2026-04-02T23:46:23.323Z","level":"INFO","device":"868120018681","event":"SENT_1212","detail":"00_64_6401_00_86812001868100260402234623120200.jpg type=0"}
{"ts":"2026-04-02T23:46:23.382Z","level":"INFO","device":"868120018681","event":"MEDIA_RX","detail":"7E 92 12 00 36 86 81 20 01 86 81 12 D1 32 30 30 5F 36 34 5F 36 34 30 31 5F 30 30 5F 38 36 38 31 32 30 30 31 38 36 38 31 30 30 32 36 30 34 30 32 32 33 34 36 32 33 31 32 30 32 30 30 2E 6A 70 67 00 00 00 36 7E"}
{"ts":"2026-04-02T23:46:23.625Z","level":"INFO","device":"868120018681","event":"FILE_START","detail":"[2/2] 02_64_6401_03_86812001868100260402234623120200.mp4 (65536 bytes)"}
{"ts":"2026-04-02T23:46:23.626Z","level":"INFO","device":"868120018681","event":"SENT_1210","detail":"02_64_6401_03_86812001868100260402234623120200.mp4"}
{"ts":"2026-04-02T23:46:23.634Z","level":"INFO","device":"868120018681","event":"MEDIA_RX","detail":"7E 80 01 00 05 86 81 20 01 86 81 96 DF 00 02 12 10 00 EC 7E"}
{"ts":"2026-04-02T23:46:23.732Z","level":"INFO","device":"868120018681","event":"SENT_RAW_MARKER","detail":"02_64_6401_03_86812001868100260402234623120200.mp4 packet=65598 bytes data=65536 bytes"}
{"ts":"2026-04-02T23:46:23.732Z","level":"INFO","device":"868120018681","event":"SENT_1212","detail":"02_64_6401_03_86812001868100260402234623120200.mp4 type=2"}
{"ts":"2026-04-02T23:46:23.754Z","level":"INFO","device":"868120018681","event":"MEDIA_RX","detail":"7E 92 12 00 36 86 81 20 01 86 81 E2 C2 32 30 32 5F 36 34 5F 36 34 30 31 5F 30 33 5F 38 36 38 31 32 30 30 31 38 36 38 31 30 30 32 36 30 34 30 32 32 33 34 36 32 33 31 32 30 32 30 30 2E 6D 70 34 02 00 00 82 7E"}
{"ts":"2026-04-02T23:46:24.033Z","level":"INFO","device":"868120018681","event":"BATCH_COMPLETE","detail":"All 2 files sent"}
{"ts":"2026-04-02T23:46:24.043Z","level":"INFO","device":"868120018681","event":"MEDIA_CLOSED","detail":""}
{"ts":"2026-04-02T23:46:33.180Z","level":"INFO","device":"868120018681","event":"INCIDENT_SENT","detail":"mediaId=19 alarmId=86812001868100260402234633130200"}
{"ts":"2026-04-02T23:46:33.195Z","level":"INFO","device":"868120018681","event":"RX_MSG","detail":"0x8001 bodyLen=5"}
{"ts":"2026-04-02T23:46:33.196Z","level":"INFO","device":"868120018681","event":"SERVER_ACK","detail":"0x0200 result=OK"}
{"ts":"2026-04-02T23:46:33.202Z","level":"INFO","device":"868120018681","event":"RX_MSG","detail":"0x9208 bodyLen=81"}
{"ts":"2026-04-02T23:46:33.202Z","level":"INFO","device":"868120018681","event":"9208_RAW","detail":"0C35342E33372E3232352E36350D32000086812001868100260402234633130200383638313230303138363831303032363034303232333436333331333032303000000000000000000000000000000000"}
{"ts":"2026-04-02T23:46:33.202Z","level":"INFO","device":"868120018681","event":"UPLOAD_TRIGGERED","detail":"media: 54.37.225.65:3378 | alarmId: 86812001868100260402234633130200"}
{"ts":"2026-04-02T23:46:33.202Z","level":"INFO","device":"868120018681","event":"MEDIA_CONNECTING","detail":"54.37.225.65:3378 files=2"}
{"ts":"2026-04-02T23:46:33.208Z","level":"INFO","device":"868120018681","event":"RX_MSG","detail":"0x8001 bodyLen=5"}
{"ts":"2026-04-02T23:46:33.209Z","level":"INFO","device":"868120018681","event":"SERVER_ACK","detail":"0x0800 result=OK"}
{"ts":"2026-04-02T23:46:33.210Z","level":"INFO","device":"868120018681","event":"MEDIA_CONNECTED","detail":"54.37.225.65:3378"}
{"ts":"2026-04-02T23:46:33.210Z","level":"INFO","device":"868120018681","event":"FILE_START","detail":"[1/2] 00_64_6401_00_86812001868100260402234633130200.jpg (215 bytes)"}
{"ts":"2026-04-02T23:46:33.211Z","level":"INFO","device":"868120018681","event":"SENT_1210","detail":"00_64_6401_00_86812001868100260402234633130200.jpg"}
{"ts":"2026-04-02T23:46:33.219Z","level":"INFO","device":"868120018681","event":"MEDIA_RX","detail":"7E 80 01 00 05 86 81 20 01 86 81 AC 4B 00 00 12 10 00 40 7E"}
{"ts":"2026-04-02T23:46:33.311Z","level":"INFO","device":"868120018681","event":"SENT_RAW_MARKER","detail":"00_64_6401_00_86812001868100260402234633130200.jpg packet=277 bytes data=215 bytes"}
{"ts":"2026-04-02T23:46:33.311Z","level":"INFO","device":"868120018681","event":"SENT_1212","detail":"00_64_6401_00_86812001868100260402234633130200.jpg type=0"}
{"ts":"2026-04-02T23:46:33.365Z","level":"INFO","device":"868120018681","event":"MEDIA_RX","detail":"7E 92 12 00 36 86 81 20 01 86 81 AD B0 32 30 30 5F 36 34 5F 36 34 30 31 5F 30 30 5F 38 36 38 31 32 30 30 31 38 36 38 31 30 30 32 36 30 34 30 32 32 33 34 36 33 33 31 33 30 32 30 30 2E 6A 70 67 00 00 00 E8 7E"}
{"ts":"2026-04-02T23:46:33.612Z","level":"INFO","device":"868120018681","event":"FILE_START","detail":"[2/2] 02_64_6401_03_86812001868100260402234633130200.mp4 (65536 bytes)"}
{"ts":"2026-04-02T23:46:33.613Z","level":"INFO","device":"868120018681","event":"SENT_1210","detail":"02_64_6401_03_86812001868100260402234633130200.mp4"}
{"ts":"2026-04-02T23:46:33.621Z","level":"INFO","device":"868120018681","event":"MEDIA_RX","detail":"7E 80 01 00 05 86 81 20 01 86 81 47 69 00 02 12 10 00 8B 7E"}
{"ts":"2026-04-02T23:46:33.717Z","level":"INFO","device":"868120018681","event":"SENT_RAW_MARKER","detail":"02_64_6401_03_86812001868100260402234633130200.mp4 packet=65598 bytes data=65536 bytes"}
{"ts":"2026-04-02T23:46:33.718Z","level":"INFO","device":"868120018681","event":"SENT_1212","detail":"02_64_6401_03_86812001868100260402234633130200.mp4 type=2"}
{"ts":"2026-04-02T23:46:33.743Z","level":"INFO","device":"868120018681","event":"MEDIA_RX","detail":"7E 92 12 00 36 86 81 20 01 86 81 C1 CB 32 30 32 5F 36 34 5F 36 34 30 31 5F 30 33 5F 38 36 38 31 32 30 30 31 38 36 38 31 30 30 32 36 30 34 30 32 32 33 34 36 33 33 31 33 30 32 30 30 2E 6D 70 34 02 00 00 A8 7E"}
{"ts":"2026-04-02T23:46:34.022Z","level":"INFO","device":"868120018681","event":"BATCH_COMPLETE","detail":"All 2 files sent"}
{"ts":"2026-04-02T23:46:34.171Z","level":"INFO","device":"868120018681","event":"MEDIA_CLOSED","detail":""}
{"ts":"2026-04-02T23:46:43.181Z","level":"INFO","device":"868120018681","event":"GPS_SENT","detail":""}
{"ts":"2026-04-02T23:46:43.182Z","level":"INFO","device":"868120018681","event":"INCIDENT_SENT","detail":"mediaId=20 alarmId=86812001868100260402234643140200"}
{"ts":"2026-04-02T23:46:43.201Z","level":"INFO","device":"868120018681","event":"RX_MSG","detail":"0x8001 bodyLen=5"}
{"ts":"2026-04-02T23:46:43.201Z","level":"INFO","device":"868120018681","event":"SERVER_ACK","detail":"0x0200 result=OK"}
{"ts":"2026-04-02T23:46:43.202Z","level":"INFO","device":"868120018681","event":"RX_MSG","detail":"0x8001 bodyLen=5"}
{"ts":"2026-04-02T23:46:43.202Z","level":"INFO","device":"868120018681","event":"SERVER_ACK","detail":"0x0200 result=OK"}
{"ts":"2026-04-02T23:46:43.214Z","level":"INFO","device":"868120018681","event":"RX_MSG","detail":"0x8001 bodyLen=5"}
{"ts":"2026-04-02T23:46:43.214Z","level":"INFO","device":"868120018681","event":"SERVER_ACK","detail":"0x0800 result=OK"}
{"ts":"2026-04-02T23:46:43.215Z","level":"INFO","device":"868120018681","event":"RX_MSG","detail":"0x9208 bodyLen=81"}
{"ts":"2026-04-02T23:46:43.215Z","level":"INFO","device":"868120018681","event":"9208_RAW","detail":"0C35342E33372E3232352E36350D32000086812001868100260402234643140200383638313230303138363831303032363034303232333436343331343032303000000000000000000000000000000000"}
{"ts":"2026-04-02T23:46:43.215Z","level":"INFO","device":"868120018681","event":"UPLOAD_TRIGGERED","detail":"media: 54.37.225.65:3378 | alarmId: 86812001868100260402234643140200"}
{"ts":"2026-04-02T23:46:43.215Z","level":"INFO","device":"868120018681","event":"MEDIA_CONNECTING","detail":"54.37.225.65:3378 files=2"}
{"ts":"2026-04-02T23:46:43.225Z","level":"INFO","device":"868120018681","event":"MEDIA_CONNECTED","detail":"54.37.225.65:3378"}
{"ts":"2026-04-02T23:46:43.255Z","level":"INFO","device":"868120018681","event":"FILE_START","detail":"[1/2] 00_64_6401_00_86812001868100260402234643140200.jpg (215 bytes)"}
{"ts":"2026-04-02T23:46:43.272Z","level":"INFO","device":"868120018681","event":"SENT_1210","detail":"00_64_6401_00_86812001868100260402234643140200.jpg"}
{"ts":"2026-04-02T23:46:43.273Z","level":"INFO","device":"868120018681","event":"MEDIA_RX","detail":"7E 80 01 00 05 86 81 20 01 86 81 ED AC 00 00 12 10 00 E6 7E"}
{"ts":"2026-04-02T23:46:43.374Z","level":"INFO","device":"868120018681","event":"SENT_RAW_MARKER","detail":"00_64_6401_00_86812001868100260402234643140200.jpg packet=277 bytes data=215 bytes"}
{"ts":"2026-04-02T23:46:43.375Z","level":"INFO","device":"868120018681","event":"SENT_1212","detail":"00_64_6401_00_86812001868100260402234643140200.jpg type=0"}
{"ts":"2026-04-02T23:46:43.429Z","level":"INFO","device":"868120018681","event":"MEDIA_RX","detail":"7E 92 12 00 36 86 81 20 01 86 81 64 27 32 30 30 5F 36 34 5F 36 34 30 31 5F 30 30 5F 38 36 38 31 32 30 30 31 38 36 38 31 30 30 32 36 30 34 30 32 32 33 34 36 34 33 31 34 30 32 30 30 2E 6A 70 67 00 00 00 B6 7E"}
{"ts":"2026-04-02T23:46:43.677Z","level":"INFO","device":"868120018681","event":"FILE_START","detail":"[2/2] 02_64_6401_03_86812001868100260402234643140200.mp4 (65536 bytes)"}
{"ts":"2026-04-02T23:46:43.677Z","level":"INFO","device":"868120018681","event":"SENT_1210","detail":"02_64_6401_03_86812001868100260402234643140200.mp4"}
{"ts":"2026-04-02T23:46:43.685Z","level":"INFO","device":"868120018681","event":"MEDIA_RX","detail":"7E 80 01 00 05 86 81 20 01 86 81 5F 58 00 02 12 10 00 A2 7E"}
{"ts":"2026-04-02T23:46:43.782Z","level":"INFO","device":"868120018681","event":"SENT_RAW_MARKER","detail":"02_64_6401_03_86812001868100260402234643140200.mp4 packet=65598 bytes data=65536 bytes"}
{"ts":"2026-04-02T23:46:43.782Z","level":"INFO","device":"868120018681","event":"SENT_1212","detail":"02_64_6401_03_86812001868100260402234643140200.mp4 type=2"}
{"ts":"2026-04-02T23:46:43.807Z","level":"INFO","device":"868120018681","event":"MEDIA_RX","detail":"7E 92 12 00 36 86 81 20 01 86 81 5A 37 32 30 32 5F 36 34 5F 36 34 30 31 5F 30 33 5F 38 36 38 31 32 30 30 31 38 36 38 31 30 30 32 36 30 34 30 32 32 33 34 36 34 33 31 34 30 32 30 30 2E 6D 70 34 02 00 00 CF 7E"}
{"ts":"2026-04-02T23:46:44.085Z","level":"INFO","device":"868120018681","event":"BATCH_COMPLETE","detail":"All 2 files sent"}
{"ts":"2026-04-02T23:46:44.096Z","level":"INFO","device":"868120018681","event":"MEDIA_CLOSED","detail":""}
{"ts":"2026-04-02T23:46:53.182Z","level":"INFO","device":"868120018681","event":"INCIDENT_SENT","detail":"mediaId=21 alarmId=86812001868100260402234653150200"}
{"ts":"2026-04-02T23:46:53.192Z","level":"INFO","device":"868120018681","event":"RX_MSG","detail":"0x8001 bodyLen=5"}
{"ts":"2026-04-02T23:46:53.192Z","level":"INFO","device":"868120018681","event":"SERVER_ACK","detail":"0x0200 result=OK"}
{"ts":"2026-04-02T23:46:53.199Z","level":"INFO","device":"868120018681","event":"RX_MSG","detail":"0x9208 bodyLen=81"}
{"ts":"2026-04-02T23:46:53.199Z","level":"INFO","device":"868120018681","event":"9208_RAW","detail":"0C35342E33372E3232352E36350D32000086812001868100260402234653150200383638313230303138363831303032363034303232333436353331353032303000000000000000000000000000000000"}
{"ts":"2026-04-02T23:46:53.199Z","level":"INFO","device":"868120018681","event":"UPLOAD_TRIGGERED","detail":"media: 54.37.225.65:3378 | alarmId: 86812001868100260402234653150200"}
{"ts":"2026-04-02T23:46:53.199Z","level":"INFO","device":"868120018681","event":"MEDIA_CONNECTING","detail":"54.37.225.65:3378 files=2"}
{"ts":"2026-04-02T23:46:53.205Z","level":"INFO","device":"868120018681","event":"RX_MSG","detail":"0x8001 bodyLen=5"}
{"ts":"2026-04-02T23:46:53.206Z","level":"INFO","device":"868120018681","event":"SERVER_ACK","detail":"0x0800 result=OK"}
{"ts":"2026-04-02T23:46:53.206Z","level":"INFO","device":"868120018681","event":"MEDIA_CONNECTED","detail":"54.37.225.65:3378"}
{"ts":"2026-04-02T23:46:53.206Z","level":"INFO","device":"868120018681","event":"FILE_START","detail":"[1/2] 00_64_6401_00_86812001868100260402234653150200.jpg (215 bytes)"}
{"ts":"2026-04-02T23:46:53.207Z","level":"INFO","device":"868120018681","event":"SENT_1210","detail":"00_64_6401_00_86812001868100260402234653150200.jpg"}
{"ts":"2026-04-02T23:46:53.214Z","level":"INFO","device":"868120018681","event":"MEDIA_RX","detail":"7E 80 01 00 05 86 81 20 01 86 81 F2 B7 00 00 12 10 00 E2 7E"}
{"ts":"2026-04-02T23:46:53.307Z","level":"INFO","device":"868120018681","event":"SENT_RAW_MARKER","detail":"00_64_6401_00_86812001868100260402234653150200.jpg packet=277 bytes data=215 bytes"}
{"ts":"2026-04-02T23:46:53.307Z","level":"INFO","device":"868120018681","event":"SENT_1212","detail":"00_64_6401_00_86812001868100260402234653150200.jpg type=0"}
{"ts":"2026-04-02T23:46:53.361Z","level":"INFO","device":"868120018681","event":"MEDIA_RX","detail":"7E 92 12 00 36 86 81 20 01 86 81 D9 00 32 30 30 5F 36 34 5F 36 34 30 31 5F 30 30 5F 38 36 38 31 32 30 30 31 38 36 38 31 30 30 32 36 30 34 30 32 32 33 34 36 35 33 31 35 30 32 30 30 2E 6A 70 67 00 00 00 2C 7E"}
{"ts":"2026-04-02T23:46:53.608Z","level":"INFO","device":"868120018681","event":"FILE_START","detail":"[2/2] 02_64_6401_03_86812001868100260402234653150200.mp4 (65536 bytes)"}
{"ts":"2026-04-02T23:46:53.608Z","level":"INFO","device":"868120018681","event":"SENT_1210","detail":"02_64_6401_03_86812001868100260402234653150200.mp4"}
{"ts":"2026-04-02T23:46:53.617Z","level":"INFO","device":"868120018681","event":"MEDIA_RX","detail":"7E 80 01 00 05 86 81 20 01 86 81 D9 92 00 02 12 10 00 EE 7E"}
{"ts":"2026-04-02T23:46:53.708Z","level":"INFO","device":"868120018681","event":"SENT_RAW_MARKER","detail":"02_64_6401_03_86812001868100260402234653150200.mp4 packet=65598 bytes data=65536 bytes"}
{"ts":"2026-04-02T23:46:53.709Z","level":"INFO","device":"868120018681","event":"SENT_1212","detail":"02_64_6401_03_86812001868100260402234653150200.mp4 type=2"}
{"ts":"2026-04-02T23:46:53.733Z","level":"INFO","device":"868120018681","event":"MEDIA_RX","detail":"7E 92 12 00 36 86 81 20 01 86 81 52 06 32 30 32 5F 36 34 5F 36 34 30 31 5F 30 33 5F 38 36 38 31 32 30 30 31 38 36 38 31 30 30 32 36 30 34 30 32 32 33 34 36 35 33 31 35 30 32 30 30 2E 6D 70 34 02 00 00 F6 7E"}
{"ts":"2026-04-02T23:46:54.009Z","level":"INFO","device":"868120018681","event":"BATCH_COMPLETE","detail":"All 2 files sent"}
{"ts":"2026-04-02T23:46:54.256Z","level":"INFO","device":"868120018681","event":"MEDIA_CLOSED","detail":""}
{"ts":"2026-04-02T23:47:03.186Z","level":"INFO","device":"868120018681","event":"GPS_SENT","detail":""}
{"ts":"2026-04-02T23:47:03.186Z","level":"INFO","device":"868120018681","event":"INCIDENT_SENT","detail":"mediaId=22 alarmId=86812001868100260402234703160200"}
{"ts":"2026-04-02T23:47:03.205Z","level":"INFO","device":"868120018681","event":"RX_MSG","detail":"0x8001 bodyLen=5"}
{"ts":"2026-04-02T23:47:03.206Z","level":"INFO","device":"868120018681","event":"SERVER_ACK","detail":"0x0200 result=OK"}
{"ts":"2026-04-02T23:47:03.206Z","level":"INFO","device":"868120018681","event":"RX_MSG","detail":"0x8001 bodyLen=5"}
{"ts":"2026-04-02T23:47:03.206Z","level":"INFO","device":"868120018681","event":"SERVER_ACK","detail":"0x0200 result=OK"}
{"ts":"2026-04-02T23:47:03.206Z","level":"INFO","device":"868120018681","event":"RX_MSG","detail":"0x8001 bodyLen=5"}
{"ts":"2026-04-02T23:47:03.206Z","level":"INFO","device":"868120018681","event":"SERVER_ACK","detail":"0x0800 result=OK"}
{"ts":"2026-04-02T23:47:03.206Z","level":"INFO","device":"868120018681","event":"RX_MSG","detail":"0x9208 bodyLen=81"}
{"ts":"2026-04-02T23:47:03.206Z","level":"INFO","device":"868120018681","event":"9208_RAW","detail":"0C35342E33372E3232352E36350D32000086812001868100260402234703160200383638313230303138363831303032363034303232333437303331363032303000000000000000000000000000000000"}
{"ts":"2026-04-02T23:47:03.206Z","level":"INFO","device":"868120018681","event":"UPLOAD_TRIGGERED","detail":"media: 54.37.225.65:3378 | alarmId: 86812001868100260402234703160200"}
{"ts":"2026-04-02T23:47:03.206Z","level":"INFO","device":"868120018681","event":"MEDIA_CONNECTING","detail":"54.37.225.65:3378 files=2"}
{"ts":"2026-04-02T23:47:03.215Z","level":"INFO","device":"868120018681","event":"MEDIA_CONNECTED","detail":"54.37.225.65:3378"}
{"ts":"2026-04-02T23:47:03.215Z","level":"INFO","device":"868120018681","event":"FILE_START","detail":"[1/2] 00_64_6401_00_86812001868100260402234703160200.jpg (215 bytes)"}
{"ts":"2026-04-02T23:47:03.215Z","level":"INFO","device":"868120018681","event":"SENT_1210","detail":"00_64_6401_00_86812001868100260402234703160200.jpg"}
{"ts":"2026-04-02T23:47:03.232Z","level":"INFO","device":"868120018681","event":"MEDIA_RX","detail":"7E 80 01 00 05 86 81 20 01 86 81 57 B5 00 00 12 10 00 45 7E"}
{"ts":"2026-04-02T23:47:03.319Z","level":"INFO","device":"868120018681","event":"SENT_RAW_MARKER","detail":"00_64_6401_00_86812001868100260402234703160200.jpg packet=277 bytes data=215 bytes"}
{"ts":"2026-04-02T23:47:03.320Z","level":"INFO","device":"868120018681","event":"SENT_1212","detail":"00_64_6401_00_86812001868100260402234703160200.jpg type=0"}
{"ts":"2026-04-02T23:47:03.376Z","level":"INFO","device":"868120018681","event":"MEDIA_RX","detail":"7E 92 12 00 36 86 81 20 01 86 81 66 08 32 30 30 5F 36 34 5F 36 34 30 31 5F 30 30 5F 38 36 38 31 32 30 30 31 38 36 38 31 30 30 32 36 30 34 30 32 32 33 34 37 30 33 31 36 30 32 30 30 2E 6A 70 67 00 00 00 9C 7E"}
{"ts":"2026-04-02T23:47:03.623Z","level":"INFO","device":"868120018681","event":"FILE_START","detail":"[2/2] 02_64_6401_03_86812001868100260402234703160200.mp4 (65536 bytes)"}
{"ts":"2026-04-02T23:47:03.623Z","level":"INFO","device":"868120018681","event":"SENT_1210","detail":"02_64_6401_03_86812001868100260402234703160200.mp4"}
{"ts":"2026-04-02T23:47:03.632Z","level":"INFO","device":"868120018681","event":"MEDIA_RX","detail":"7E 80 01 00 05 86 81 20 01 86 81 50 6E 00 02 12 10 00 9B 7E"}
{"ts":"2026-04-02T23:47:03.725Z","level":"INFO","device":"868120018681","event":"SENT_RAW_MARKER","detail":"02_64_6401_03_86812001868100260402234703160200.mp4 packet=65598 bytes data=65536 bytes"}
{"ts":"2026-04-02T23:47:03.725Z","level":"INFO","device":"868120018681","event":"SENT_1212","detail":"02_64_6401_03_86812001868100260402234703160200.mp4 type=2"}
{"ts":"2026-04-02T23:47:03.747Z","level":"INFO","device":"868120018681","event":"MEDIA_RX","detail":"7E 92 12 00 36 86 81 20 01 86 81 1F CD 32 30 32 5F 36 34 5F 36 34 30 31 5F 30 33 5F 38 36 38 31 32 30 30 31 38 36 38 31 30 30 32 36 30 34 30 32 32 33 34 37 30 33 31 36 30 32 30 30 2E 6D 70 34 02 00 00 77 7E"}
{"ts":"2026-04-02T23:47:04.028Z","level":"INFO","device":"868120018681","event":"BATCH_COMPLETE","detail":"All 2 files sent"}
{"ts":"2026-04-02T23:47:04.271Z","level":"INFO","device":"868120018681","event":"MEDIA_CLOSED","detail":""}
{"ts":"2026-04-02T23:47:13.192Z","level":"INFO","device":"868120018681","event":"INCIDENT_SENT","detail":"mediaId=23 alarmId=86812001868100260402234713170200"}
{"ts":"2026-04-02T23:47:13.202Z","level":"INFO","device":"868120018681","event":"RX_MSG","detail":"0x8001 bodyLen=5"}
{"ts":"2026-04-02T23:47:13.202Z","level":"INFO","device":"868120018681","event":"SERVER_ACK","detail":"0x0200 result=OK"}
{"ts":"2026-04-02T23:47:13.208Z","level":"INFO","device":"868120018681","event":"RX_MSG","detail":"0x9208 bodyLen=81"}
{"ts":"2026-04-02T23:47:13.208Z","level":"INFO","device":"868120018681","event":"9208_RAW","detail":"0C35342E33372E3232352E36350D32000086812001868100260402234713170200383638313230303138363831303032363034303232333437313331373032303000000000000000000000000000000000"}
{"ts":"2026-04-02T23:47:13.208Z","level":"INFO","device":"868120018681","event":"UPLOAD_TRIGGERED","detail":"media: 54.37.225.65:3378 | alarmId: 86812001868100260402234713170200"}
{"ts":"2026-04-02T23:47:13.208Z","level":"INFO","device":"868120018681","event":"MEDIA_CONNECTING","detail":"54.37.225.65:3378 files=2"}
{"ts":"2026-04-02T23:47:13.214Z","level":"INFO","device":"868120018681","event":"RX_MSG","detail":"0x8001 bodyLen=5"}
{"ts":"2026-04-02T23:47:13.218Z","level":"INFO","device":"868120018681","event":"SERVER_ACK","detail":"0x0800 result=OK"}
{"ts":"2026-04-02T23:47:13.218Z","level":"INFO","device":"868120018681","event":"MEDIA_CONNECTED","detail":"54.37.225.65:3378"}
{"ts":"2026-04-02T23:47:13.218Z","level":"INFO","device":"868120018681","event":"FILE_START","detail":"[1/2] 00_64_6401_00_86812001868100260402234713170200.jpg (215 bytes)"}
{"ts":"2026-04-02T23:47:13.219Z","level":"INFO","device":"868120018681","event":"SENT_1210","detail":"00_64_6401_00_86812001868100260402234713170200.jpg"}
{"ts":"2026-04-02T23:47:13.231Z","level":"INFO","device":"868120018681","event":"MEDIA_RX","detail":"7E 80 01 00 05 86 81 20 01 86 81 5F D8 00 00 12 10 00 20 7E"}
{"ts":"2026-04-02T23:47:13.323Z","level":"INFO","device":"868120018681","event":"SENT_RAW_MARKER","detail":"00_64_6401_00_86812001868100260402234713170200.jpg packet=277 bytes data=215 bytes"}
{"ts":"2026-04-02T23:47:13.323Z","level":"INFO","device":"868120018681","event":"SENT_1212","detail":"00_64_6401_00_86812001868100260402234713170200.jpg type=0"}
{"ts":"2026-04-02T23:47:13.379Z","level":"INFO","device":"868120018681","event":"MEDIA_RX","detail":"7E 92 12 00 36 86 81 20 01 86 81 15 46 32 30 30 5F 36 34 5F 36 34 30 31 5F 30 30 5F 38 36 38 31 32 30 30 31 38 36 38 31 30 30 32 36 30 34 30 32 32 33 34 37 31 33 31 37 30 32 30 30 2E 6A 70 67 00 00 00 A1 7E"}
{"ts":"2026-04-02T23:47:13.627Z","level":"INFO","device":"868120018681","event":"FILE_START","detail":"[2/2] 02_64_6401_03_86812001868100260402234713170200.mp4 (65536 bytes)"}
{"ts":"2026-04-02T23:47:13.627Z","level":"INFO","device":"868120018681","event":"SENT_1210","detail":"02_64_6401_03_86812001868100260402234713170200.mp4"}
{"ts":"2026-04-02T23:47:13.637Z","level":"INFO","device":"868120018681","event":"MEDIA_RX","detail":"7E 80 01 00 05 86 81 20 01 86 81 C4 EF 00 02 12 10 00 8E 7E"}
{"ts":"2026-04-02T23:47:13.727Z","level":"INFO","device":"868120018681","event":"SENT_RAW_MARKER","detail":"02_64_6401_03_86812001868100260402234713170200.mp4 packet=65598 bytes data=65536 bytes"}
{"ts":"2026-04-02T23:47:13.727Z","level":"INFO","device":"868120018681","event":"SENT_1212","detail":"02_64_6401_03_86812001868100260402234713170200.mp4 type=2"}
{"ts":"2026-04-02T23:47:13.752Z","level":"INFO","device":"868120018681","event":"MEDIA_RX","detail":"7E 92 12 00 36 86 81 20 01 86 81 F8 0D 32 30 32 5F 36 34 5F 36 34 30 31 5F 30 33 5F 38 36 38 31 32 30 30 31 38 36 38 31 30 30 32 36 30 34 30 32 32 33 34 37 31 33 31 37 30 32 30 30 2E 6D 70 34 02 00 00 50 7E"}
{"ts":"2026-04-02T23:47:14.029Z","level":"INFO","device":"868120018681","event":"BATCH_COMPLETE","detail":"All 2 files sent"}
{"ts":"2026-04-02T23:47:14.044Z","level":"INFO","device":"868120018681","event":"MEDIA_CLOSED","detail":""}
{"ts":"2026-04-02T23:47:23.184Z","level":"INFO","device":"868120018681","event":"GPS_SENT","detail":""}
{"ts":"2026-04-02T23:47:23.193Z","level":"INFO","device":"868120018681","event":"INCIDENT_SENT","detail":"mediaId=24 alarmId=86812001868100260402234723180200"}
{"ts":"2026-04-02T23:47:23.195Z","level":"INFO","device":"868120018681","event":"RX_MSG","detail":"0x8001 bodyLen=5"}
{"ts":"2026-04-02T23:47:23.195Z","level":"INFO","device":"868120018681","event":"SERVER_ACK","detail":"0x0200 result=OK"}
{"ts":"2026-04-02T23:47:23.204Z","level":"INFO","device":"868120018681","event":"RX_MSG","detail":"0x8001 bodyLen=5"}
{"ts":"2026-04-02T23:47:23.297Z","level":"INFO","device":"868120018681","event":"SERVER_ACK","detail":"0x0200 result=OK"}
{"ts":"2026-04-02T23:47:23.298Z","level":"INFO","device":"868120018681","event":"RX_MSG","detail":"0x8001 bodyLen=5"}
{"ts":"2026-04-02T23:47:23.298Z","level":"INFO","device":"868120018681","event":"SERVER_ACK","detail":"0x0800 result=OK"}
{"ts":"2026-04-02T23:47:23.298Z","level":"INFO","device":"868120018681","event":"RX_MSG","detail":"0x9208 bodyLen=81"}
{"ts":"2026-04-02T23:47:23.298Z","level":"INFO","device":"868120018681","event":"9208_RAW","detail":"0C35342E33372E3232352E36350D32000086812001868100260402234723180200383638313230303138363831303032363034303232333437323331383032303000000000000000000000000000000000"}
{"ts":"2026-04-02T23:47:23.298Z","level":"INFO","device":"868120018681","event":"UPLOAD_TRIGGERED","detail":"media: 54.37.225.65:3378 | alarmId: 86812001868100260402234723180200"}
{"ts":"2026-04-02T23:47:23.302Z","level":"INFO","device":"868120018681","event":"MEDIA_CONNECTING","detail":"54.37.225.65:3378 files=2"}
{"ts":"2026-04-02T23:47:23.310Z","level":"INFO","device":"868120018681","event":"MEDIA_CONNECTED","detail":"54.37.225.65:3378"}
{"ts":"2026-04-02T23:47:23.310Z","level":"INFO","device":"868120018681","event":"FILE_START","detail":"[1/2] 00_64_6401_00_86812001868100260402234723180200.jpg (215 bytes)"}
{"ts":"2026-04-02T23:47:23.310Z","level":"INFO","device":"868120018681","event":"SENT_1210","detail":"00_64_6401_00_86812001868100260402234723180200.jpg"}
{"ts":"2026-04-02T23:47:23.330Z","level":"INFO","device":"868120018681","event":"MEDIA_RX","detail":"7E 80 01 00 05 86 81 20 01 86 81 7D 01 89 00 00 12 10 00 53 7E"}
{"ts":"2026-04-02T23:47:23.416Z","level":"INFO","device":"868120018681","event":"SENT_RAW_MARKER","detail":"00_64_6401_00_86812001868100260402234723180200.jpg packet=277 bytes data=215 bytes"}
{"ts":"2026-04-02T23:47:23.416Z","level":"INFO","device":"868120018681","event":"SENT_1212","detail":"00_64_6401_00_86812001868100260402234723180200.jpg type=0"}
{"ts":"2026-04-02T23:47:23.473Z","level":"INFO","device":"868120018681","event":"MEDIA_RX","detail":"7E 92 12 00 36 86 81 20 01 86 81 33 A0 32 30 30 5F 36 34 5F 36 34 30 31 5F 30 30 5F 38 36 38 31 32 30 30 31 38 36 38 31 30 30 32 36 30 34 30 32 32 33 34 37 32 33 31 38 30 32 30 30 2E 6A 70 67 00 00 00 6D 7E"}
{"ts":"2026-04-02T23:47:23.720Z","level":"INFO","device":"868120018681","event":"FILE_START","detail":"[2/2] 02_64_6401_03_86812001868100260402234723180200.mp4 (65536 bytes)"}
{"ts":"2026-04-02T23:47:23.721Z","level":"INFO","device":"868120018681","event":"SENT_1210","detail":"02_64_6401_03_86812001868100260402234723180200.mp4"}
{"ts":"2026-04-02T23:47:23.731Z","level":"INFO","device":"868120018681","event":"MEDIA_RX","detail":"7E 80 01 00 05 86 81 20 01 86 81 95 8A 00 02 12 10 00 BA 7E"}
{"ts":"2026-04-02T23:47:23.826Z","level":"INFO","device":"868120018681","event":"SENT_RAW_MARKER","detail":"02_64_6401_03_86812001868100260402234723180200.mp4 packet=65598 bytes data=65536 bytes"}
{"ts":"2026-04-02T23:47:23.826Z","level":"INFO","device":"868120018681","event":"SENT_1212","detail":"02_64_6401_03_86812001868100260402234723180200.mp4 type=2"}
{"ts":"2026-04-02T23:47:23.852Z","level":"INFO","device":"868120018681","event":"MEDIA_RX","detail":"7E 92 12 00 36 86 81 20 01 86 81 0C 05 32 30 32 5F 36 34 5F 36 34 30 31 5F 30 33 5F 38 36 38 31 32 30 30 31 38 36 38 31 30 30 32 36 30 34 30 32 32 33 34 37 32 33 31 38 30 32 30 30 2E 6D 70 34 02 00 00 A0 7E"}
{"ts":"2026-04-02T23:47:24.128Z","level":"INFO","device":"868120018681","event":"BATCH_COMPLETE","detail":"All 2 files sent"}
{"ts":"2026-04-02T23:47:24.380Z","level":"INFO","device":"868120018681","event":"MEDIA_CLOSED","detail":""}
{"ts":"2026-04-02T23:47:33.195Z","level":"INFO","device":"868120018681","event":"INCIDENT_SENT","detail":"mediaId=25 alarmId=86812001868100260402234733190200"}
{"ts":"2026-04-02T23:47:33.229Z","level":"INFO","device":"868120018681","event":"RX_MSG","detail":"0x8001 bodyLen=5"}
{"ts":"2026-04-02T23:47:33.229Z","level":"INFO","device":"868120018681","event":"SERVER_ACK","detail":"0x0200 result=OK"}
{"ts":"2026-04-02T23:47:33.229Z","level":"INFO","device":"868120018681","event":"RX_MSG","detail":"0x9208 bodyLen=81"}
{"ts":"2026-04-02T23:47:33.229Z","level":"INFO","device":"868120018681","event":"9208_RAW","detail":"0C35342E33372E3232352E36350D32000086812001868100260402234733190200383638313230303138363831303032363034303232333437333331393032303000000000000000000000000000000000"}
{"ts":"2026-04-02T23:47:33.229Z","level":"INFO","device":"868120018681","event":"UPLOAD_TRIGGERED","detail":"media: 54.37.225.65:3378 | alarmId: 86812001868100260402234733190200"}
{"ts":"2026-04-02T23:47:33.229Z","level":"INFO","device":"868120018681","event":"MEDIA_CONNECTING","detail":"54.37.225.65:3378 files=2"}
{"ts":"2026-04-02T23:47:33.229Z","level":"INFO","device":"868120018681","event":"RX_MSG","detail":"0x8001 bodyLen=5"}
{"ts":"2026-04-02T23:47:33.230Z","level":"INFO","device":"868120018681","event":"SERVER_ACK","detail":"0x0800 result=OK"}
{"ts":"2026-04-02T23:47:33.242Z","level":"INFO","device":"868120018681","event":"MEDIA_CONNECTED","detail":"54.37.225.65:3378"}
{"ts":"2026-04-02T23:47:33.242Z","level":"INFO","device":"868120018681","event":"FILE_START","detail":"[1/2] 00_64_6401_00_86812001868100260402234733190200.jpg (215 bytes)"}
{"ts":"2026-04-02T23:47:33.243Z","level":"INFO","device":"868120018681","event":"SENT_1210","detail":"00_64_6401_00_86812001868100260402234733190200.jpg"}
{"ts":"2026-04-02T23:47:33.265Z","level":"INFO","device":"868120018681","event":"MEDIA_RX","detail":"7E 80 01 00 05 86 81 20 01 86 81 52 23 00 00 12 10 00 D6 7E"}
{"ts":"2026-04-02T23:47:33.347Z","level":"INFO","device":"868120018681","event":"SENT_RAW_MARKER","detail":"00_64_6401_00_86812001868100260402234733190200.jpg packet=277 bytes data=215 bytes"}
{"ts":"2026-04-02T23:47:33.348Z","level":"INFO","device":"868120018681","event":"SENT_1212","detail":"00_64_6401_00_86812001868100260402234733190200.jpg type=0"}
{"ts":"2026-04-02T23:47:33.404Z","level":"INFO","device":"868120018681","event":"MEDIA_RX","detail":"7E 92 12 00 36 86 81 20 01 86 81 7B 23 32 30 30 5F 36 34 5F 36 34 30 31 5F 30 30 5F 38 36 38 31 32 30 30 31 38 36 38 31 30 30 32 36 30 34 30 32 32 33 34 37 33 33 31 39 30 32 30 30 2E 6A 70 67 00 00 00 A6 7E"}
{"ts":"2026-04-02T23:47:33.649Z","level":"INFO","device":"868120018681","event":"FILE_START","detail":"[2/2] 02_64_6401_03_86812001868100260402234733190200.mp4 (65536 bytes)"}
{"ts":"2026-04-02T23:47:33.650Z","level":"INFO","device":"868120018681","event":"SENT_1210","detail":"02_64_6401_03_86812001868100260402234733190200.mp4"}
{"ts":"2026-04-02T23:47:33.659Z","level":"INFO","device":"868120018681","event":"MEDIA_RX","detail":"7E 80 01 00 05 86 81 20 01 86 81 AD 0A 00 02 12 10 00 02 7E"}
{"ts":"2026-04-02T23:47:33.750Z","level":"INFO","device":"868120018681","event":"SENT_RAW_MARKER","detail":"02_64_6401_03_86812001868100260402234733190200.mp4 packet=65598 bytes data=65536 bytes"}
{"ts":"2026-04-02T23:47:33.751Z","level":"INFO","device":"868120018681","event":"SENT_1212","detail":"02_64_6401_03_86812001868100260402234733190200.mp4 type=2"}
{"ts":"2026-04-02T23:47:33.776Z","level":"INFO","device":"868120018681","event":"MEDIA_RX","detail":"7E 92 12 00 36 86 81 20 01 86 81 CF 78 32 30 32 5F 36 34 5F 36 34 30 31 5F 30 33 5F 38 36 38 31 32 30 30 31 38 36 38 31 30 30 32 36 30 34 30 32 32 33 34 37 33 33 31 39 30 32 30 30 2E 6D 70 34 02 00 00 1E 7E"}
{"ts":"2026-04-02T23:47:34.052Z","level":"INFO","device":"868120018681","event":"BATCH_COMPLETE","detail":"All 2 files sent"}
{"ts":"2026-04-02T23:47:34.066Z","level":"INFO","device":"868120018681","event":"MEDIA_CLOSED","detail":""}
{"ts":"2026-04-02T23:47:43.187Z","level":"INFO","device":"868120018681","event":"GPS_SENT","detail":""}
{"ts":"2026-04-02T23:47:43.197Z","level":"INFO","device":"868120018681","event":"INCIDENT_SENT","detail":"mediaId=26 alarmId=868120018681002604022347431A0200"}
{"ts":"2026-04-02T23:47:43.198Z","level":"INFO","device":"868120018681","event":"RX_MSG","detail":"0x8001 bodyLen=5"}
{"ts":"2026-04-02T23:47:43.198Z","level":"INFO","device":"868120018681","event":"SERVER_ACK","detail":"0x0200 result=OK"}
{"ts":"2026-04-02T23:47:43.205Z","level":"INFO","device":"868120018681","event":"RX_MSG","detail":"0x8001 bodyLen=5"}
{"ts":"2026-04-02T23:47:43.205Z","level":"INFO","device":"868120018681","event":"SERVER_ACK","detail":"0x0200 result=OK"}
{"ts":"2026-04-02T23:47:43.216Z","level":"INFO","device":"868120018681","event":"RX_MSG","detail":"0x9208 bodyLen=81"}
{"ts":"2026-04-02T23:47:43.216Z","level":"INFO","device":"868120018681","event":"9208_RAW","detail":"0C35342E33372E3232352E36350D320000868120018681002604022347431A0200383638313230303138363831303032363034303232333437343331613032303000000000000000000000000000000000"}
{"ts":"2026-04-02T23:47:43.216Z","level":"INFO","device":"868120018681","event":"UPLOAD_TRIGGERED","detail":"media: 54.37.225.65:3378 | alarmId: 868120018681002604022347431A0200"}
{"ts":"2026-04-02T23:47:43.216Z","level":"INFO","device":"868120018681","event":"MEDIA_CONNECTING","detail":"54.37.225.65:3378 files=2"}
{"ts":"2026-04-02T23:47:43.218Z","level":"INFO","device":"868120018681","event":"RX_MSG","detail":"0x8001 bodyLen=5"}
{"ts":"2026-04-02T23:47:43.218Z","level":"INFO","device":"868120018681","event":"SERVER_ACK","detail":"0x0800 result=OK"}
{"ts":"2026-04-02T23:47:43.226Z","level":"INFO","device":"868120018681","event":"MEDIA_CONNECTED","detail":"54.37.225.65:3378"}
{"ts":"2026-04-02T23:47:43.227Z","level":"INFO","device":"868120018681","event":"FILE_START","detail":"[1/2] 00_64_6401_00_868120018681002604022347431A0200.jpg (215 bytes)"}
{"ts":"2026-04-02T23:47:43.227Z","level":"INFO","device":"868120018681","event":"SENT_1210","detail":"00_64_6401_00_868120018681002604022347431A0200.jpg"}
{"ts":"2026-04-02T23:47:43.234Z","level":"INFO","device":"868120018681","event":"MEDIA_RX","detail":"7E 80 01 00 05 86 81 20 01 86 81 4B 2B 00 00 12 10 00 C7 7E"}
{"ts":"2026-04-02T23:47:43.328Z","level":"INFO","device":"868120018681","event":"SENT_RAW_MARKER","detail":"00_64_6401_00_868120018681002604022347431A0200.jpg packet=277 bytes data=215 bytes"}
{"ts":"2026-04-02T23:47:43.329Z","level":"INFO","device":"868120018681","event":"SENT_1212","detail":"00_64_6401_00_868120018681002604022347431A0200.jpg type=0"}
{"ts":"2026-04-02T23:47:43.383Z","level":"INFO","device":"868120018681","event":"MEDIA_RX","detail":"7E 92 12 00 36 86 81 20 01 86 81 E7 17 32 30 30 5F 36 34 5F 36 34 30 31 5F 30 30 5F 38 36 38 31 32 30 30 31 38 36 38 31 30 30 32 36 30 34 30 32 32 33 34 37 34 33 31 41 30 32 30 30 2E 6A 70 67 00 00 00 71 7E"}
{"ts":"2026-04-02T23:47:43.630Z","level":"INFO","device":"868120018681","event":"FILE_START","detail":"[2/2] 02_64_6401_03_868120018681002604022347431A0200.mp4 (65536 bytes)"}
{"ts":"2026-04-02T23:47:43.630Z","level":"INFO","device":"868120018681","event":"SENT_1210","detail":"02_64_6401_03_868120018681002604022347431A0200.mp4"}
{"ts":"2026-04-02T23:47:43.637Z","level":"INFO","device":"868120018681","event":"MEDIA_RX","detail":"7E 80 01 00 05 86 81 20 01 86 81 D0 EF 00 02 12 10 00 9A 7E"}
{"ts":"2026-04-02T23:47:43.734Z","level":"INFO","device":"868120018681","event":"SENT_RAW_MARKER","detail":"02_64_6401_03_868120018681002604022347431A0200.mp4 packet=65598 bytes data=65536 bytes"}
{"ts":"2026-04-02T23:47:43.734Z","level":"INFO","device":"868120018681","event":"SENT_1212","detail":"02_64_6401_03_868120018681002604022347431A0200.mp4 type=2"}
{"ts":"2026-04-02T23:47:43.761Z","level":"INFO","device":"868120018681","event":"MEDIA_RX","detail":"7E 92 12 00 36 86 81 20 01 86 81 60 51 32 30 32 5F 36 34 5F 36 34 30 31 5F 30 33 5F 38 36 38 31 32 30 30 31 38 36 38 31 30 30 32 36 30 34 30 32 32 33 34 37 34 33 31 41 30 32 30 30 2E 6D 70 34 02 00 00 E7 7E"}
{"ts":"2026-04-02T23:47:44.040Z","level":"INFO","device":"868120018681","event":"BATCH_COMPLETE","detail":"All 2 files sent"}
{"ts":"2026-04-02T23:47:44.055Z","level":"INFO","device":"868120018681","event":"MEDIA_CLOSED","detail":""}
{"ts":"2026-04-02T23:47:53.353Z","level":"INFO","device":"868120018681","event":"INCIDENT_SENT","detail":"mediaId=27 alarmId=868120018681002604022347531B0200"}
{"ts":"2026-04-02T23:47:53.365Z","level":"INFO","device":"868120018681","event":"RX_MSG","detail":"0x8001 bodyLen=5"}
{"ts":"2026-04-02T23:47:53.365Z","level":"INFO","device":"868120018681","event":"SERVER_ACK","detail":"0x0200 result=OK"}
{"ts":"2026-04-02T23:47:53.371Z","level":"INFO","device":"868120018681","event":"RX_MSG","detail":"0x9208 bodyLen=81"}
{"ts":"2026-04-02T23:47:53.371Z","level":"INFO","device":"868120018681","event":"9208_RAW","detail":"0C35342E33372E3232352E36350D320000868120018681002604022347531B0200383638313230303138363831303032363034303232333437353331623032303000000000000000000000000000000000"}
{"ts":"2026-04-02T23:47:53.372Z","level":"INFO","device":"868120018681","event":"UPLOAD_TRIGGERED","detail":"media: 54.37.225.65:3378 | alarmId: 868120018681002604022347531B0200"}
{"ts":"2026-04-02T23:47:53.372Z","level":"INFO","device":"868120018681","event":"MEDIA_CONNECTING","detail":"54.37.225.65:3378 files=2"}
{"ts":"2026-04-02T23:47:53.384Z","level":"INFO","device":"868120018681","event":"RX_MSG","detail":"0x8001 bodyLen=5"}
{"ts":"2026-04-02T23:47:53.385Z","level":"INFO","device":"868120018681","event":"SERVER_ACK","detail":"0x0800 result=OK"}
{"ts":"2026-04-02T23:47:53.389Z","level":"INFO","device":"868120018681","event":"MEDIA_CONNECTED","detail":"54.37.225.65:3378"}
{"ts":"2026-04-02T23:47:53.389Z","level":"INFO","device":"868120018681","event":"FILE_START","detail":"[1/2] 00_64_6401_00_868120018681002604022347531B0200.jpg (215 bytes)"}
{"ts":"2026-04-02T23:47:53.390Z","level":"INFO","device":"868120018681","event":"SENT_1210","detail":"00_64_6401_00_868120018681002604022347531B0200.jpg"}
{"ts":"2026-04-02T23:47:53.404Z","level":"INFO","device":"868120018681","event":"MEDIA_RX","detail":"7E 80 01 00 05 86 81 20 01 86 81 EE 40 00 00 12 10 00 09 7E"}
{"ts":"2026-04-02T23:47:53.496Z","level":"INFO","device":"868120018681","event":"SENT_RAW_MARKER","detail":"00_64_6401_00_868120018681002604022347531B0200.jpg packet=277 bytes data=215 bytes"}
{"ts":"2026-04-02T23:47:53.496Z","level":"INFO","device":"868120018681","event":"SENT_1212","detail":"00_64_6401_00_868120018681002604022347531B0200.jpg type=0"}
{"ts":"2026-04-02T23:47:53.557Z","level":"INFO","device":"868120018681","event":"MEDIA_RX","detail":"7E 92 12 00 36 86 81 20 01 86 81 4B 11 32 30 30 5F 36 34 5F 36 34 30 31 5F 30 30 5F 38 36 38 31 32 30 30 31 38 36 38 31 30 30 32 36 30 34 30 32 32 33 34 37 35 33 31 42 30 32 30 30 2E 6A 70 67 00 00 00 D9 7E"}
{"ts":"2026-04-02T23:47:53.861Z","level":"INFO","device":"868120018681","event":"FILE_START","detail":"[2/2] 02_64_6401_03_868120018681002604022347531B0200.mp4 (65536 bytes)"}
{"ts":"2026-04-02T23:47:53.869Z","level":"INFO","device":"868120018681","event":"SENT_1210","detail":"02_64_6401_03_868120018681002604022347531B0200.mp4"}
{"ts":"2026-04-02T23:47:53.874Z","level":"INFO","device":"868120018681","event":"MEDIA_RX","detail":"7E 80 01 00 05 86 81 20 01 86 81 37 A5 00 02 12 10 00 37 7E"}
{"ts":"2026-04-02T23:47:53.976Z","level":"INFO","device":"868120018681","event":"SENT_RAW_MARKER","detail":"02_64_6401_03_868120018681002604022347531B0200.mp4 packet=65598 bytes data=65536 bytes"}
{"ts":"2026-04-02T23:47:53.978Z","level":"INFO","device":"868120018681","event":"SENT_1212","detail":"02_64_6401_03_868120018681002604022347531B0200.mp4 type=2"}
{"ts":"2026-04-02T23:47:54.070Z","level":"INFO","device":"868120018681","event":"MEDIA_RX","detail":"7E 92 12 00 36 86 81 20 01 86 81 6A F9 32 30 32 5F 36 34 5F 36 34 30 31 5F 30 33 5F 38 36 38 31 32 30 30 31 38 36 38 31 30 30 32 36 30 34 30 32 32 33 34 37 35 33 31 42 30 32 30 30 2E 6D 70 34 02 00 00 47 7E"}
{"ts":"2026-04-02T23:47:54.288Z","level":"INFO","device":"868120018681","event":"BATCH_COMPLETE","detail":"All 2 files sent"}
{"ts":"2026-04-02T23:47:54.543Z","level":"INFO","device":"868120018681","event":"MEDIA_CLOSED","detail":""}
{"ts":"2026-04-02T23:48:03.192Z","level":"INFO","device":"868120018681","event":"GPS_SENT","detail":""}
{"ts":"2026-04-02T23:48:03.213Z","level":"INFO","device":"868120018681","event":"RX_MSG","detail":"0x8001 bodyLen=5"}
{"ts":"2026-04-02T23:48:03.213Z","level":"INFO","device":"868120018681","event":"SERVER_ACK","detail":"0x0200 result=OK"}
{"ts":"2026-04-02T23:48:03.242Z","level":"INFO","device":"868120018681","event":"INCIDENT_SENT","detail":"mediaId=28 alarmId=868120018681002604022348031C0200"}
{"ts":"2026-04-02T23:48:03.252Z","level":"INFO","device":"868120018681","event":"RX_MSG","detail":"0x8001 bodyLen=5"}
{"ts":"2026-04-02T23:48:03.254Z","level":"INFO","device":"868120018681","event":"SERVER_ACK","detail":"0x0200 result=OK"}
{"ts":"2026-04-02T23:48:03.256Z","level":"INFO","device":"868120018681","event":"RX_MSG","detail":"0x9208 bodyLen=81"}
{"ts":"2026-04-02T23:48:03.256Z","level":"INFO","device":"868120018681","event":"9208_RAW","detail":"0C35342E33372E3232352E36350D320000868120018681002604022348031C0200383638313230303138363831303032363034303232333438303331633032303000000000000000000000000000000000"}
{"ts":"2026-04-02T23:48:03.256Z","level":"INFO","device":"868120018681","event":"UPLOAD_TRIGGERED","detail":"media: 54.37.225.65:3378 | alarmId: 868120018681002604022348031C0200"}
{"ts":"2026-04-02T23:48:03.256Z","level":"INFO","device":"868120018681","event":"MEDIA_CONNECTING","detail":"54.37.225.65:3378 files=2"}
{"ts":"2026-04-02T23:48:03.298Z","level":"INFO","device":"868120018681","event":"RX_MSG","detail":"0x8001 bodyLen=5"}
{"ts":"2026-04-02T23:48:03.301Z","level":"INFO","device":"868120018681","event":"SERVER_ACK","detail":"0x0800 result=OK"}
{"ts":"2026-04-02T23:48:03.351Z","level":"INFO","device":"868120018681","event":"MEDIA_CONNECTED","detail":"54.37.225.65:3378"}
{"ts":"2026-04-02T23:48:03.379Z","level":"INFO","device":"868120018681","event":"FILE_START","detail":"[1/2] 00_64_6401_00_868120018681002604022348031C0200.jpg (215 bytes)"}
{"ts":"2026-04-02T23:48:03.381Z","level":"INFO","device":"868120018681","event":"SENT_1210","detail":"00_64_6401_00_868120018681002604022348031C0200.jpg"}
{"ts":"2026-04-02T23:48:03.390Z","level":"INFO","device":"868120018681","event":"MEDIA_RX","detail":"7E 80 01 00 05 86 81 20 01 86 81 91 AD 00 00 12 10 00 9B 7E"}
{"ts":"2026-04-02T23:48:03.482Z","level":"INFO","device":"868120018681","event":"SENT_RAW_MARKER","detail":"00_64_6401_00_868120018681002604022348031C0200.jpg packet=277 bytes data=215 bytes"}
{"ts":"2026-04-02T23:48:03.500Z","level":"INFO","device":"868120018681","event":"SENT_1212","detail":"00_64_6401_00_868120018681002604022348031C0200.jpg type=0"}
{"ts":"2026-04-02T23:48:03.582Z","level":"INFO","device":"868120018681","event":"MEDIA_RX","detail":"7E 92 12 00 36 86 81 20 01 86 81 27 52 32 30 30 5F 36 34 5F 36 34 30 31 5F 30 30 5F 38 36 38 31 32 30 30 31 38 36 38 31 30 30 32 36 30 34 30 32 32 33 34 38 30 33 31 43 30 32 30 30 2E 6A 70 67 00 00 00 FD 7E"}
{"ts":"2026-04-02T23:48:03.885Z","level":"INFO","device":"868120018681","event":"FILE_START","detail":"[2/2] 02_64_6401_03_868120018681002604022348031C0200.mp4 (65536 bytes)"}
{"ts":"2026-04-02T23:48:03.890Z","level":"INFO","device":"868120018681","event":"SENT_1210","detail":"02_64_6401_03_868120018681002604022348031C0200.mp4"}
{"ts":"2026-04-02T23:48:03.898Z","level":"INFO","device":"868120018681","event":"MEDIA_RX","detail":"7E 80 01 00 05 86 81 20 01 86 81 02 E1 00 02 12 10 00 46 7E"}
{"ts":"2026-04-02T23:48:04.028Z","level":"INFO","device":"868120018681","event":"SENT_RAW_MARKER","detail":"02_64_6401_03_868120018681002604022348031C0200.mp4 packet=65598 bytes data=65536 bytes"}
{"ts":"2026-04-02T23:48:04.030Z","level":"INFO","device":"868120018681","event":"SENT_1212","detail":"02_64_6401_03_868120018681002604022348031C0200.mp4 type=2"}
{"ts":"2026-04-02T23:48:04.056Z","level":"INFO","device":"868120018681","event":"MEDIA_RX","detail":"7E 92 12 00 36 86 81 20 01 86 81 01 2A 32 30 32 5F 36 34 5F 36 34 30 31 5F 30 33 5F 38 36 38 31 32 30 30 31 38 36 38 31 30 30 32 36 30 34 30 32 32 33 34 38 30 33 31 43 30 32 30 30 2E 6D 70 34 02 00 00 F4 7E"}
{"ts":"2026-04-02T23:48:04.333Z","level":"INFO","device":"868120018681","event":"BATCH_COMPLETE","detail":"All 2 files sent"}
{"ts":"2026-04-02T23:48:04.344Z","level":"INFO","device":"868120018681","event":"MEDIA_CLOSED","detail":""}
{"ts":"2026-04-02T23:48:13.247Z","level":"INFO","device":"868120018681","event":"INCIDENT_SENT","detail":"mediaId=29 alarmId=868120018681002604022348131D0200"}
{"ts":"2026-04-02T23:48:13.278Z","level":"INFO","device":"868120018681","event":"RX_MSG","detail":"0x8001 bodyLen=5"}
{"ts":"2026-04-02T23:48:13.278Z","level":"INFO","device":"868120018681","event":"SERVER_ACK","detail":"0x0200 result=OK"}
{"ts":"2026-04-02T23:48:13.278Z","level":"INFO","device":"868120018681","event":"RX_MSG","detail":"0x9208 bodyLen=81"}
{"ts":"2026-04-02T23:48:13.279Z","level":"INFO","device":"868120018681","event":"9208_RAW","detail":"0C35342E33372E3232352E36350D320000868120018681002604022348131D0200383638313230303138363831303032363034303232333438313331643032303000000000000000000000000000000000"}
{"ts":"2026-04-02T23:48:13.279Z","level":"INFO","device":"868120018681","event":"UPLOAD_TRIGGERED","detail":"media: 54.37.225.65:3378 | alarmId: 868120018681002604022348131D0200"}
{"ts":"2026-04-02T23:48:13.279Z","level":"INFO","device":"868120018681","event":"MEDIA_CONNECTING","detail":"54.37.225.65:3378 files=2"}
{"ts":"2026-04-02T23:48:13.279Z","level":"INFO","device":"868120018681","event":"RX_MSG","detail":"0x8001 bodyLen=5"}
{"ts":"2026-04-02T23:48:13.279Z","level":"INFO","device":"868120018681","event":"SERVER_ACK","detail":"0x0800 result=OK"}
{"ts":"2026-04-02T23:48:13.290Z","level":"INFO","device":"868120018681","event":"MEDIA_CONNECTED","detail":"54.37.225.65:3378"}
{"ts":"2026-04-02T23:48:13.301Z","level":"INFO","device":"868120018681","event":"FILE_START","detail":"[1/2] 00_64_6401_00_868120018681002604022348131D0200.jpg (215 bytes)"}
{"ts":"2026-04-02T23:48:13.302Z","level":"INFO","device":"868120018681","event":"SENT_1210","detail":"00_64_6401_00_868120018681002604022348131D0200.jpg"}
{"ts":"2026-04-02T23:48:13.314Z","level":"INFO","device":"868120018681","event":"MEDIA_RX","detail":"7E 80 01 00 05 86 81 20 01 86 81 5A 32 00 00 12 10 00 CF 7E"}
{"ts":"2026-04-02T23:48:13.411Z","level":"INFO","device":"868120018681","event":"SENT_RAW_MARKER","detail":"00_64_6401_00_868120018681002604022348131D0200.jpg packet=277 bytes data=215 bytes"}
{"ts":"2026-04-02T23:48:13.414Z","level":"INFO","device":"868120018681","event":"SENT_1212","detail":"00_64_6401_00_868120018681002604022348131D0200.jpg type=0"}
{"ts":"2026-04-02T23:48:13.468Z","level":"INFO","device":"868120018681","event":"MEDIA_RX","detail":"7E 92 12 00 36 86 81 20 01 86 81 0B D2 32 30 30 5F 36 34 5F 36 34 30 31 5F 30 30 5F 38 36 38 31 32 30 30 31 38 36 38 31 30 30 32 36 30 34 30 32 32 33 34 38 31 33 31 44 30 32 30 30 2E 6A 70 67 00 00 00 57 7E"}
{"ts":"2026-04-02T23:48:13.731Z","level":"INFO","device":"868120018681","event":"FILE_START","detail":"[2/2] 02_64_6401_03_868120018681002604022348131D0200.mp4 (65536 bytes)"}
{"ts":"2026-04-02T23:48:13.733Z","level":"INFO","device":"868120018681","event":"SENT_1210","detail":"02_64_6401_03_868120018681002604022348131D0200.mp4"}
{"ts":"2026-04-02T23:48:13.744Z","level":"INFO","device":"868120018681","event":"MEDIA_RX","detail":"7E 80 01 00 05 86 81 20 01 86 81 9B A3 00 02 12 10 00 9D 7E"}
{"ts":"2026-04-02T23:48:13.835Z","level":"INFO","device":"868120018681","event":"SENT_RAW_MARKER","detail":"02_64_6401_03_868120018681002604022348131D0200.mp4 packet=65598 bytes data=65536 bytes"}
{"ts":"2026-04-02T23:48:13.835Z","level":"INFO","device":"868120018681","event":"SENT_1212","detail":"02_64_6401_03_868120018681002604022348131D0200.mp4 type=2"}
{"ts":"2026-04-02T23:48:13.861Z","level":"INFO","device":"868120018681","event":"MEDIA_RX","detail":"7E 92 12 00 36 86 81 20 01 86 81 36 13 32 30 32 5F 36 34 5F 36 34 30 31 5F 30 33 5F 38 36 38 31 32 30 30 31 38 36 38 31 30 30 32 36 30 34 30 32 32 33 34 38 31 33 31 44 30 32 30 30 2E 6D 70 34 02 00 00 FC 7E"}
{"ts":"2026-04-02T23:48:14.136Z","level":"INFO","device":"868120018681","event":"BATCH_COMPLETE","detail":"All 2 files sent"}
{"ts":"2026-04-02T23:48:14.146Z","level":"INFO","device":"868120018681","event":"MEDIA_CLOSED","detail":""}
{"ts":"2026-04-02T23:48:23.194Z","level":"INFO","device":"868120018681","event":"GPS_SENT","detail":""}
{"ts":"2026-04-02T23:48:23.203Z","level":"INFO","device":"868120018681","event":"RX_MSG","detail":"0x8001 bodyLen=5"}
{"ts":"2026-04-02T23:48:23.204Z","level":"INFO","device":"868120018681","event":"SERVER_ACK","detail":"0x0200 result=OK"}
{"ts":"2026-04-02T23:48:23.252Z","level":"INFO","device":"868120018681","event":"INCIDENT_SENT","detail":"mediaId=30 alarmId=868120018681002604022348231E0200"}
{"ts":"2026-04-02T23:48:23.453Z","level":"INFO","device":"868120018681","event":"RX_MSG","detail":"0x8001 bodyLen=5"}
{"ts":"2026-04-02T23:48:23.453Z","level":"INFO","device":"868120018681","event":"SERVER_ACK","detail":"0x0200 result=OK"}
{"ts":"2026-04-02T23:48:23.461Z","level":"INFO","device":"868120018681","event":"RX_MSG","detail":"0x8001 bodyLen=5"}
{"ts":"2026-04-02T23:48:23.461Z","level":"INFO","device":"868120018681","event":"SERVER_ACK","detail":"0x0800 result=OK"}
{"ts":"2026-04-02T23:48:23.461Z","level":"INFO","device":"868120018681","event":"RX_MSG","detail":"0x9208 bodyLen=81"}
{"ts":"2026-04-02T23:48:23.461Z","level":"INFO","device":"868120018681","event":"9208_RAW","detail":"0C35342E33372E3232352E36350D320000868120018681002604022348231E0200383638313230303138363831303032363034303232333438323331653032303000000000000000000000000000000000"}
{"ts":"2026-04-02T23:48:23.461Z","level":"INFO","device":"868120018681","event":"UPLOAD_TRIGGERED","detail":"media: 54.37.225.65:3378 | alarmId: 868120018681002604022348231E0200"}
{"ts":"2026-04-02T23:48:23.461Z","level":"INFO","device":"868120018681","event":"MEDIA_CONNECTING","detail":"54.37.225.65:3378 files=2"}
{"ts":"2026-04-02T23:48:23.470Z","level":"INFO","device":"868120018681","event":"MEDIA_CONNECTED","detail":"54.37.225.65:3378"}
{"ts":"2026-04-02T23:48:23.470Z","level":"INFO","device":"868120018681","event":"FILE_START","detail":"[1/2] 00_64_6401_00_868120018681002604022348231E0200.jpg (215 bytes)"}
{"ts":"2026-04-02T23:48:23.470Z","level":"INFO","device":"868120018681","event":"SENT_1210","detail":"00_64_6401_00_868120018681002604022348231E0200.jpg"}
{"ts":"2026-04-02T23:48:23.479Z","level":"INFO","device":"868120018681","event":"MEDIA_RX","detail":"7E 80 01 00 05 86 81 20 01 86 81 2A 11 00 00 12 10 00 9C 7E"}
{"ts":"2026-04-02T23:48:23.570Z","level":"INFO","device":"868120018681","event":"SENT_RAW_MARKER","detail":"00_64_6401_00_868120018681002604022348231E0200.jpg packet=277 bytes data=215 bytes"}
{"ts":"2026-04-02T23:48:23.570Z","level":"INFO","device":"868120018681","event":"SENT_1212","detail":"00_64_6401_00_868120018681002604022348231E0200.jpg type=0"}
{"ts":"2026-04-02T23:48:23.630Z","level":"INFO","device":"868120018681","event":"MEDIA_RX","detail":"7E 92 12 00 36 86 81 20 01 86 81 2D 4E 32 30 30 5F 36 34 5F 36 34 30 31 5F 30 30 5F 38 36 38 31 32 30 30 31 38 36 38 31 30 30 32 36 30 34 30 32 32 33 34 38 32 33 31 45 30 32 30 30 2E 6A 70 67 00 00 00 EF 7E"}
{"ts":"2026-04-02T23:48:23.871Z","level":"INFO","device":"868120018681","event":"FILE_START","detail":"[2/2] 02_64_6401_03_868120018681002604022348231E0200.mp4 (65536 bytes)"}
{"ts":"2026-04-02T23:48:23.871Z","level":"INFO","device":"868120018681","event":"SENT_1210","detail":"02_64_6401_03_868120018681002604022348231E0200.mp4"}
{"ts":"2026-04-02T23:48:23.881Z","level":"INFO","device":"868120018681","event":"MEDIA_RX","detail":"7E 80 01 00 05 86 81 20 01 86 81 0D AA 00 02 12 10 00 02 7E"}
{"ts":"2026-04-02T23:48:23.974Z","level":"INFO","device":"868120018681","event":"SENT_RAW_MARKER","detail":"02_64_6401_03_868120018681002604022348231E0200.mp4 packet=65598 bytes data=65536 bytes"}
{"ts":"2026-04-02T23:48:23.975Z","level":"INFO","device":"868120018681","event":"SENT_1212","detail":"02_64_6401_03_868120018681002604022348231E0200.mp4 type=2"}
{"ts":"2026-04-02T23:48:23.997Z","level":"INFO","device":"868120018681","event":"MEDIA_RX","detail":"7E 92 12 00 36 86 81 20 01 86 81 56 52 32 30 32 5F 36 34 5F 36 34 30 31 5F 30 33 5F 38 36 38 31 32 30 30 31 38 36 38 31 30 30 32 36 30 34 30 32 32 33 34 38 32 33 31 45 30 32 30 30 2E 6D 70 34 02 00 00 DF 7E"}
{"ts":"2026-04-02T23:48:24.280Z","level":"INFO","device":"868120018681","event":"BATCH_COMPLETE","detail":"All 2 files sent"}
{"ts":"2026-04-02T23:48:24.290Z","level":"INFO","device":"868120018681","event":"MEDIA_CLOSED","detail":""}
{"ts":"2026-04-02T23:48:33.255Z","level":"INFO","device":"868120018681","event":"INCIDENT_SENT","detail":"mediaId=31 alarmId=868120018681002604022348331F0200"}
{"ts":"2026-04-02T23:48:33.267Z","level":"INFO","device":"868120018681","event":"RX_MSG","detail":"0x8001 bodyLen=5"}
{"ts":"2026-04-02T23:48:33.272Z","level":"INFO","device":"868120018681","event":"SERVER_ACK","detail":"0x0200 result=OK"}
{"ts":"2026-04-02T23:48:33.274Z","level":"INFO","device":"868120018681","event":"RX_MSG","detail":"0x9208 bodyLen=81"}
{"ts":"2026-04-02T23:48:33.275Z","level":"INFO","device":"868120018681","event":"9208_RAW","detail":"0C35342E33372E3232352E36350D320000868120018681002604022348331F0200383638313230303138363831303032363034303232333438333331663032303000000000000000000000000000000000"}
{"ts":"2026-04-02T23:48:33.275Z","level":"INFO","device":"868120018681","event":"UPLOAD_TRIGGERED","detail":"media: 54.37.225.65:3378 | alarmId: 868120018681002604022348331F0200"}
{"ts":"2026-04-02T23:48:33.275Z","level":"INFO","device":"868120018681","event":"MEDIA_CONNECTING","detail":"54.37.225.65:3378 files=2"}
{"ts":"2026-04-02T23:48:33.275Z","level":"INFO","device":"868120018681","event":"RX_MSG","detail":"0x8001 bodyLen=5"}
{"ts":"2026-04-02T23:48:33.275Z","level":"INFO","device":"868120018681","event":"SERVER_ACK","detail":"0x0800 result=OK"}
{"ts":"2026-04-02T23:48:33.282Z","level":"INFO","device":"868120018681","event":"MEDIA_CONNECTED","detail":"54.37.225.65:3378"}
{"ts":"2026-04-02T23:48:33.283Z","level":"INFO","device":"868120018681","event":"FILE_START","detail":"[1/2] 00_64_6401_00_868120018681002604022348331F0200.jpg (215 bytes)"}
{"ts":"2026-04-02T23:48:33.283Z","level":"INFO","device":"868120018681","event":"SENT_1210","detail":"00_64_6401_00_868120018681002604022348331F0200.jpg"}
{"ts":"2026-04-02T23:48:33.295Z","level":"INFO","device":"868120018681","event":"MEDIA_RX","detail":"7E 80 01 00 05 86 81 20 01 86 81 AD FB 00 00 12 10 00 F1 7E"}
{"ts":"2026-04-02T23:48:33.388Z","level":"INFO","device":"868120018681","event":"SENT_RAW_MARKER","detail":"00_64_6401_00_868120018681002604022348331F0200.jpg packet=277 bytes data=215 bytes"}
{"ts":"2026-04-02T23:48:33.388Z","level":"INFO","device":"868120018681","event":"SENT_1212","detail":"00_64_6401_00_868120018681002604022348331F0200.jpg type=0"}
{"ts":"2026-04-02T23:48:33.442Z","level":"INFO","device":"868120018681","event":"MEDIA_RX","detail":"7E 92 12 00 36 86 81 20 01 86 81 31 D9 32 30 30 5F 36 34 5F 36 34 30 31 5F 30 30 5F 38 36 38 31 32 30 30 31 38 36 38 31 30 30 32 36 30 34 30 32 32 33 34 38 33 33 31 46 30 32 30 30 2E 6A 70 67 00 00 00 66 7E"}
{"ts":"2026-04-02T23:48:33.700Z","level":"INFO","device":"868120018681","event":"FILE_START","detail":"[2/2] 02_64_6401_03_868120018681002604022348331F0200.mp4 (65536 bytes)"}
{"ts":"2026-04-02T23:48:33.708Z","level":"INFO","device":"868120018681","event":"SENT_1210","detail":"02_64_6401_03_868120018681002604022348331F0200.mp4"}
{"ts":"2026-04-02T23:48:33.727Z","level":"INFO","device":"868120018681","event":"MEDIA_RX","detail":"7E 80 01 00 05 86 81 20 01 86 81 33 DD 00 02 12 10 00 4B 7E"}
{"ts":"2026-04-02T23:48:33.808Z","level":"INFO","device":"868120018681","event":"SENT_RAW_MARKER","detail":"02_64_6401_03_868120018681002604022348331F0200.mp4 packet=65598 bytes data=65536 bytes"}
{"ts":"2026-04-02T23:48:33.809Z","level":"INFO","device":"868120018681","event":"SENT_1212","detail":"02_64_6401_03_868120018681002604022348331F0200.mp4 type=2"}
{"ts":"2026-04-02T23:48:33.843Z","level":"INFO","device":"868120018681","event":"MEDIA_RX","detail":"7E 92 12 00 36 86 81 20 01 86 81 C0 6D 32 30 32 5F 36 34 5F 36 34 30 31 5F 30 33 5F 38 36 38 31 32 30 30 31 38 36 38 31 30 30 32 36 30 34 30 32 32 33 34 38 33 33 31 46 30 32 30 30 2E 6D 70 34 02 00 00 74 7E"}
{"ts":"2026-04-02T23:48:34.111Z","level":"INFO","device":"868120018681","event":"BATCH_COMPLETE","detail":"All 2 files sent"}
{"ts":"2026-04-02T23:48:34.127Z","level":"INFO","device":"868120018681","event":"MEDIA_CLOSED","detail":""}
{"ts":"2026-04-02T23:48:43.229Z","level":"INFO","device":"868120018681","event":"GPS_SENT","detail":""}
{"ts":"2026-04-02T23:48:43.254Z","level":"INFO","device":"868120018681","event":"RX_MSG","detail":"0x8001 bodyLen=5"}
{"ts":"2026-04-02T23:48:43.260Z","level":"INFO","device":"868120018681","event":"SERVER_ACK","detail":"0x0200 result=OK"}
{"ts":"2026-04-02T23:48:43.260Z","level":"INFO","device":"868120018681","event":"INCIDENT_SENT","detail":"mediaId=32 alarmId=86812001868100260402234843200200"}
{"ts":"2026-04-02T23:48:43.270Z","level":"INFO","device":"868120018681","event":"RX_MSG","detail":"0x8001 bodyLen=5"}
{"ts":"2026-04-02T23:48:43.270Z","level":"INFO","device":"868120018681","event":"SERVER_ACK","detail":"0x0200 result=OK"}
{"ts":"2026-04-02T23:48:43.279Z","level":"INFO","device":"868120018681","event":"RX_MSG","detail":"0x9208 bodyLen=81"}
{"ts":"2026-04-02T23:48:43.282Z","level":"INFO","device":"868120018681","event":"9208_RAW","detail":"0C35342E33372E3232352E36350D32000086812001868100260402234843200200383638313230303138363831303032363034303232333438343332303032303000000000000000000000000000000000"}
{"ts":"2026-04-02T23:48:43.282Z","level":"INFO","device":"868120018681","event":"UPLOAD_TRIGGERED","detail":"media: 54.37.225.65:3378 | alarmId: 86812001868100260402234843200200"}
{"ts":"2026-04-02T23:48:43.282Z","level":"INFO","device":"868120018681","event":"MEDIA_CONNECTING","detail":"54.37.225.65:3378 files=2"}
{"ts":"2026-04-02T23:48:43.285Z","level":"INFO","device":"868120018681","event":"RX_MSG","detail":"0x8001 bodyLen=5"}
{"ts":"2026-04-02T23:48:43.286Z","level":"INFO","device":"868120018681","event":"SERVER_ACK","detail":"0x0800 result=OK"}
{"ts":"2026-04-02T23:48:43.294Z","level":"INFO","device":"868120018681","event":"MEDIA_CONNECTED","detail":"54.37.225.65:3378"}
{"ts":"2026-04-02T23:48:43.294Z","level":"INFO","device":"868120018681","event":"FILE_START","detail":"[1/2] 00_64_6401_00_86812001868100260402234843200200.jpg (215 bytes)"}
{"ts":"2026-04-02T23:48:43.297Z","level":"INFO","device":"868120018681","event":"SENT_1210","detail":"00_64_6401_00_86812001868100260402234843200200.jpg"}
{"ts":"2026-04-02T23:48:43.309Z","level":"INFO","device":"868120018681","event":"MEDIA_RX","detail":"7E 80 01 00 05 86 81 20 01 86 81 9D DB 00 00 12 10 00 E1 7E"}
{"ts":"2026-04-02T23:48:43.399Z","level":"INFO","device":"868120018681","event":"SENT_RAW_MARKER","detail":"00_64_6401_00_86812001868100260402234843200200.jpg packet=277 bytes data=215 bytes"}
{"ts":"2026-04-02T23:48:43.401Z","level":"INFO","device":"868120018681","event":"SENT_1212","detail":"00_64_6401_00_86812001868100260402234843200200.jpg type=0"}
{"ts":"2026-04-02T23:48:43.453Z","level":"INFO","device":"868120018681","event":"MEDIA_RX","detail":"7E 92 12 00 36 86 81 20 01 86 81 B0 8F 32 30 30 5F 36 34 5F 36 34 30 31 5F 30 30 5F 38 36 38 31 32 30 30 31 38 36 38 31 30 30 32 36 30 34 30 32 32 33 34 38 34 33 32 30 30 32 30 30 2E 6A 70 67 00 00 00 C3 7E"}
{"ts":"2026-04-02T23:48:43.717Z","level":"INFO","device":"868120018681","event":"FILE_START","detail":"[2/2] 02_64_6401_03_86812001868100260402234843200200.mp4 (65536 bytes)"}
{"ts":"2026-04-02T23:48:43.717Z","level":"INFO","device":"868120018681","event":"SENT_1210","detail":"02_64_6401_03_86812001868100260402234843200200.mp4"}
{"ts":"2026-04-02T23:48:43.729Z","level":"INFO","device":"868120018681","event":"MEDIA_RX","detail":"7E 80 01 00 05 86 81 20 01 86 81 8F DB 00 02 12 10 00 F1 7E"}
{"ts":"2026-04-02T23:48:43.820Z","level":"INFO","device":"868120018681","event":"SENT_RAW_MARKER","detail":"02_64_6401_03_86812001868100260402234843200200.mp4 packet=65598 bytes data=65536 bytes"}
{"ts":"2026-04-02T23:48:43.821Z","level":"INFO","device":"868120018681","event":"SENT_1212","detail":"02_64_6401_03_86812001868100260402234843200200.mp4 type=2"}
{"ts":"2026-04-02T23:48:43.852Z","level":"INFO","device":"868120018681","event":"MEDIA_RX","detail":"7E 92 12 00 36 86 81 20 01 86 81 93 C8 32 30 32 5F 36 34 5F 36 34 30 31 5F 30 33 5F 38 36 38 31 32 30 30 31 38 36 38 31 30 30 32 36 30 34 30 32 32 33 34 38 34 33 32 30 30 32 30 30 2E 6D 70 34 02 00 00 F0 7E"}
{"ts":"2026-04-02T23:48:44.124Z","level":"INFO","device":"868120018681","event":"BATCH_COMPLETE","detail":"All 2 files sent"}
{"ts":"2026-04-02T23:48:44.187Z","level":"INFO","device":"868120018681","event":"MEDIA_CLOSED","detail":""}
{"ts":"2026-04-02T23:48:53.266Z","level":"INFO","device":"868120018681","event":"INCIDENT_SENT","detail":"mediaId=33 alarmId=86812001868100260402234853210200"}
{"ts":"2026-04-02T23:48:53.274Z","level":"INFO","device":"868120018681","event":"RX_MSG","detail":"0x8001 bodyLen=5"}
{"ts":"2026-04-02T23:48:53.274Z","level":"INFO","device":"868120018681","event":"SERVER_ACK","detail":"0x0200 result=OK"}
{"ts":"2026-04-02T23:48:53.280Z","level":"INFO","device":"868120018681","event":"RX_MSG","detail":"0x9208 bodyLen=81"}
{"ts":"2026-04-02T23:48:53.281Z","level":"INFO","device":"868120018681","event":"9208_RAW","detail":"0C35342E33372E3232352E36350D32000086812001868100260402234853210200383638313230303138363831303032363034303232333438353332313032303000000000000000000000000000000000"}
{"ts":"2026-04-02T23:48:53.282Z","level":"INFO","device":"868120018681","event":"UPLOAD_TRIGGERED","detail":"media: 54.37.225.65:3378 | alarmId: 86812001868100260402234853210200"}
{"ts":"2026-04-02T23:48:53.282Z","level":"INFO","device":"868120018681","event":"MEDIA_CONNECTING","detail":"54.37.225.65:3378 files=2"}
{"ts":"2026-04-02T23:48:53.288Z","level":"INFO","device":"868120018681","event":"RX_MSG","detail":"0x8001 bodyLen=5"}
{"ts":"2026-04-02T23:48:53.288Z","level":"INFO","device":"868120018681","event":"SERVER_ACK","detail":"0x0800 result=OK"}
{"ts":"2026-04-02T23:48:53.289Z","level":"INFO","device":"868120018681","event":"MEDIA_CONNECTED","detail":"54.37.225.65:3378"}
{"ts":"2026-04-02T23:48:53.290Z","level":"INFO","device":"868120018681","event":"FILE_START","detail":"[1/2] 00_64_6401_00_86812001868100260402234853210200.jpg (215 bytes)"}
{"ts":"2026-04-02T23:48:53.290Z","level":"INFO","device":"868120018681","event":"SENT_1210","detail":"00_64_6401_00_86812001868100260402234853210200.jpg"}
{"ts":"2026-04-02T23:48:53.298Z","level":"INFO","device":"868120018681","event":"MEDIA_RX","detail":"7E 80 01 00 05 86 81 20 01 86 81 98 5E 00 00 12 10 00 61 7E"}
{"ts":"2026-04-02T23:48:53.393Z","level":"INFO","device":"868120018681","event":"SENT_RAW_MARKER","detail":"00_64_6401_00_86812001868100260402234853210200.jpg packet=277 bytes data=215 bytes"}
{"ts":"2026-04-02T23:48:53.394Z","level":"INFO","device":"868120018681","event":"SENT_1212","detail":"00_64_6401_00_86812001868100260402234853210200.jpg type=0"}
{"ts":"2026-04-02T23:48:53.448Z","level":"INFO","device":"868120018681","event":"MEDIA_RX","detail":"7E 92 12 00 36 86 81 20 01 86 81 56 77 32 30 30 5F 36 34 5F 36 34 30 31 5F 30 30 5F 38 36 38 31 32 30 30 31 38 36 38 31 30 30 32 36 30 34 30 32 32 33 34 38 35 33 32 31 30 32 30 30 2E 6A 70 67 00 00 00 DD 7E"}
{"ts":"2026-04-02T23:48:53.697Z","level":"INFO","device":"868120018681","event":"FILE_START","detail":"[2/2] 02_64_6401_03_86812001868100260402234853210200.mp4 (65536 bytes)"}
{"ts":"2026-04-02T23:48:53.697Z","level":"INFO","device":"868120018681","event":"SENT_1210","detail":"02_64_6401_03_86812001868100260402234853210200.mp4"}
{"ts":"2026-04-02T23:48:53.706Z","level":"INFO","device":"868120018681","event":"MEDIA_RX","detail":"7E 80 01 00 05 86 81 20 01 86 81 12 ED 00 02 12 10 00 5A 7E"}
{"ts":"2026-04-02T23:48:53.798Z","level":"INFO","device":"868120018681","event":"SENT_RAW_MARKER","detail":"02_64_6401_03_86812001868100260402234853210200.mp4 packet=65598 bytes data=65536 bytes"}
{"ts":"2026-04-02T23:48:53.801Z","level":"INFO","device":"868120018681","event":"SENT_1212","detail":"02_64_6401_03_86812001868100260402234853210200.mp4 type=2"}
{"ts":"2026-04-02T23:48:53.825Z","level":"INFO","device":"868120018681","event":"MEDIA_RX","detail":"7E 92 12 00 36 86 81 20 01 86 81 8B 0D 32 30 32 5F 36 34 5F 36 34 30 31 5F 30 33 5F 38 36 38 31 32 30 30 31 38 36 38 31 30 30 32 36 30 34 30 32 32 33 34 38 35 33 32 31 30 32 30 30 2E 6D 70 34 02 00 00 2D 7E"}
{"ts":"2026-04-02T23:48:54.103Z","level":"INFO","device":"868120018681","event":"BATCH_COMPLETE","detail":"All 2 files sent"}
{"ts":"2026-04-02T23:48:54.115Z","level":"INFO","device":"868120018681","event":"MEDIA_CLOSED","detail":""}
{"ts":"2026-04-02T23:49:03.233Z","level":"INFO","device":"868120018681","event":"GPS_SENT","detail":""}
{"ts":"2026-04-02T23:49:03.242Z","level":"INFO","device":"868120018681","event":"RX_MSG","detail":"0x8001 bodyLen=5"}
{"ts":"2026-04-02T23:49:03.242Z","level":"INFO","device":"868120018681","event":"SERVER_ACK","detail":"0x0200 result=OK"}
{"ts":"2026-04-02T23:49:03.270Z","level":"INFO","device":"868120018681","event":"INCIDENT_SENT","detail":"mediaId=34 alarmId=86812001868100260402234903220200"}
{"ts":"2026-04-02T23:49:03.281Z","level":"INFO","device":"868120018681","event":"RX_MSG","detail":"0x8001 bodyLen=5"}
{"ts":"2026-04-02T23:49:03.283Z","level":"INFO","device":"868120018681","event":"SERVER_ACK","detail":"0x0200 result=OK"}
{"ts":"2026-04-02T23:49:03.288Z","level":"INFO","device":"868120018681","event":"RX_MSG","detail":"0x9208 bodyLen=81"}
{"ts":"2026-04-02T23:49:03.289Z","level":"INFO","device":"868120018681","event":"9208_RAW","detail":"0C35342E33372E3232352E36350D32000086812001868100260402234903220200383638313230303138363831303032363034303232333439303332323032303000000000000000000000000000000000"}
{"ts":"2026-04-02T23:49:03.289Z","level":"INFO","device":"868120018681","event":"UPLOAD_TRIGGERED","detail":"media: 54.37.225.65:3378 | alarmId: 86812001868100260402234903220200"}
{"ts":"2026-04-02T23:49:03.289Z","level":"INFO","device":"868120018681","event":"MEDIA_CONNECTING","detail":"54.37.225.65:3378 files=2"}
{"ts":"2026-04-02T23:49:03.298Z","level":"INFO","device":"868120018681","event":"RX_MSG","detail":"0x8001 bodyLen=5"}
{"ts":"2026-04-02T23:49:03.298Z","level":"INFO","device":"868120018681","event":"SERVER_ACK","detail":"0x0800 result=OK"}
{"ts":"2026-04-02T23:49:03.298Z","level":"INFO","device":"868120018681","event":"MEDIA_CONNECTED","detail":"54.37.225.65:3378"}
{"ts":"2026-04-02T23:49:03.298Z","level":"INFO","device":"868120018681","event":"FILE_START","detail":"[1/2] 00_64_6401_00_86812001868100260402234903220200.jpg (215 bytes)"}
{"ts":"2026-04-02T23:49:03.298Z","level":"INFO","device":"868120018681","event":"SENT_1210","detail":"00_64_6401_00_86812001868100260402234903220200.jpg"}
{"ts":"2026-04-02T23:49:03.309Z","level":"INFO","device":"868120018681","event":"MEDIA_RX","detail":"7E 80 01 00 05 86 81 20 01 86 81 1E 19 00 00 12 10 00 A0 7E"}
{"ts":"2026-04-02T23:49:03.401Z","level":"INFO","device":"868120018681","event":"SENT_RAW_MARKER","detail":"00_64_6401_00_86812001868100260402234903220200.jpg packet=277 bytes data=215 bytes"}
{"ts":"2026-04-02T23:49:03.402Z","level":"INFO","device":"868120018681","event":"SENT_1212","detail":"00_64_6401_00_86812001868100260402234903220200.jpg type=0"}
{"ts":"2026-04-02T23:49:03.455Z","level":"INFO","device":"868120018681","event":"MEDIA_RX","detail":"7E 92 12 00 36 86 81 20 01 86 81 50 19 32 30 30 5F 36 34 5F 36 34 30 31 5F 30 30 5F 38 36 38 31 32 30 30 31 38 36 38 31 30 30 32 36 30 34 30 32 32 33 34 39 30 33 32 32 30 32 30 30 2E 6A 70 67 00 00 00 B2 7E"}
{"ts":"2026-04-02T23:49:03.704Z","level":"INFO","device":"868120018681","event":"FILE_START","detail":"[2/2] 02_64_6401_03_86812001868100260402234903220200.mp4 (65536 bytes)"}
{"ts":"2026-04-02T23:49:03.704Z","level":"INFO","device":"868120018681","event":"SENT_1210","detail":"02_64_6401_03_86812001868100260402234903220200.mp4"}
{"ts":"2026-04-02T23:49:03.713Z","level":"INFO","device":"868120018681","event":"MEDIA_RX","detail":"7E 80 01 00 05 86 81 20 01 86 81 7B EA 00 02 12 10 00 34 7E"}
{"ts":"2026-04-02T23:49:03.804Z","level":"INFO","device":"868120018681","event":"SENT_RAW_MARKER","detail":"02_64_6401_03_86812001868100260402234903220200.mp4 packet=65598 bytes data=65536 bytes"}
{"ts":"2026-04-02T23:49:03.804Z","level":"INFO","device":"868120018681","event":"SENT_1212","detail":"02_64_6401_03_86812001868100260402234903220200.mp4 type=2"}
{"ts":"2026-04-02T23:49:03.829Z","level":"INFO","device":"868120018681","event":"MEDIA_RX","detail":"7E 92 12 00 36 86 81 20 01 86 81 94 2D 32 30 32 5F 36 34 5F 36 34 30 31 5F 30 33 5F 38 36 38 31 32 30 30 31 38 36 38 31 30 30 32 36 30 34 30 32 32 33 34 39 30 33 32 32 30 32 30 30 2E 6D 70 34 02 00 00 15 7E"}
{"ts":"2026-04-02T23:49:04.107Z","level":"INFO","device":"868120018681","event":"BATCH_COMPLETE","detail":"All 2 files sent"}
{"ts":"2026-04-02T23:49:04.120Z","level":"INFO","device":"868120018681","event":"MEDIA_CLOSED","detail":""}
{"ts":"2026-04-02T23:49:04.347Z","level":"INFO","device":"868120018681","event":"DISCONNECTED","detail":"clean stop"}
{"ts":"2026-04-02T23:49:04.351Z","level":"INFO","device":"868120018681","event":"LIVE_STREAM_CLOSED","detail":"Stream ended."}

[SUMMARY] Run duration: 343s
[SUMMARY] GPS packets sent: 17
[SUMMARY] OBD2 packets sent: 0
[SUMMARY] Incidents fired: 34
[SUMMARY] Videos uploaded OK: 35
[SUMMARY] Videos failed: 0
[SUMMARY] Tracker pings sent: 0
[SUMMARY] Reconnections: 0
[SUMMARY] Log file: logs/sim-2026-04-02T23-43-23.log
