{"ts":"2026-04-05T05:35:11.937Z","level":"INFO","device":"200000000001","event":"OBD2_CONNECTED","detail":"Binary Mode"}
{"ts":"2026-04-05T05:35:11.944Z","level":"INFO","device":"868120018681","event":"CONNECTED","detail":"id:868120018681"}
{"ts":"2026-04-05T05:35:12.079Z","level":"INFO","device":"868120100002","event":"CONNECTED","detail":"id:868120018681"}
{"ts":"2026-04-05T05:35:12.081Z","level":"INFO","device":"200000000002","event":"OBD2_CONNECTED","detail":"Binary Mode"}
{"ts":"2026-04-05T05:35:12.147Z","level":"INFO","device":"200000000001","event":"SERVER_ACK","detail":"0x8100 Registration Reply Received"}
{"ts":"2026-04-05T05:35:12.215Z","level":"INFO","device":"868120018681","event":"RX_MSG","detail":"0x8001 bodyLen=5"}
{"ts":"2026-04-05T05:35:12.216Z","level":"INFO","device":"868120018681","event":"SERVER_ACK","detail":"0x0102 result=OK"}
{"ts":"2026-04-05T05:35:12.216Z","level":"INFO","device":"200000000003","event":"OBD2_CONNECTED","detail":"Binary Mode"}
{"ts":"2026-04-05T05:35:12.218Z","level":"INFO","device":"868120100003","event":"CONNECTED","detail":"id:868120018681"}
{"ts":"2026-04-05T05:35:12.284Z","level":"INFO","device":"200000000002","event":"SERVER_ACK","detail":"0x8100 Registration Reply Received"}
{"ts":"2026-04-05T05:35:12.306Z","level":"INFO","device":"868120100002","event":"RX_MSG","detail":"0x8001 bodyLen=5"}
{"ts":"2026-04-05T05:35:12.307Z","level":"INFO","device":"868120100002","event":"SERVER_ACK","detail":"0x0102 result=OK"}
{"ts":"2026-04-05T05:35:12.363Z","level":"INFO","device":"868120100004","event":"CONNECTED","detail":"id:868120018681"}
{"ts":"2026-04-05T05:35:12.391Z","level":"INFO","device":"200000000004","event":"OBD2_CONNECTED","detail":"Binary Mode"}
{"ts":"2026-04-05T05:35:12.404Z","level":"INFO","device":"200000000003","event":"SERVER_ACK","detail":"0x8100 Registration Reply Received"}
{"ts":"2026-04-05T05:35:12.427Z","level":"INFO","device":"868120100003","event":"RX_MSG","detail":"0x8001 bodyLen=5"}
{"ts":"2026-04-05T05:35:12.427Z","level":"INFO","device":"868120100003","event":"SERVER_ACK","detail":"0x0102 result=OK"}
{"ts":"2026-04-05T05:35:12.532Z","level":"INFO","device":"868120100005","event":"CONNECTED","detail":"id:868120018681"}
{"ts":"2026-04-05T05:35:12.533Z","level":"INFO","device":"200000000005","event":"OBD2_CONNECTED","detail":"Binary Mode"}
{"ts":"2026-04-05T05:35:12.572Z","level":"INFO","device":"868120100004","event":"RX_MSG","detail":"0x8001 bodyLen=5"}
{"ts":"2026-04-05T05:35:12.573Z","level":"INFO","device":"868120100004","event":"SERVER_ACK","detail":"0x0102 result=OK"}
{"ts":"2026-04-05T05:35:12.604Z","level":"INFO","device":"200000000004","event":"SERVER_ACK","detail":"0x8100 Registration Reply Received"}
{"ts":"2026-04-05T05:35:12.645Z","level":"INFO","device":"200000000001","event":"SERVER_ACK","detail":"0x8001 Universal Reply Received"}
{"ts":"2026-04-05T05:35:12.674Z","level":"INFO","device":"200000000006","event":"OBD2_CONNECTED","detail":"Binary Mode"}
{"ts":"2026-04-05T05:35:12.691Z","level":"INFO","device":"868120100006","event":"CONNECTED","detail":"id:868120018681"}
{"ts":"2026-04-05T05:35:12.736Z","level":"INFO","device":"200000000005","event":"SERVER_ACK","detail":"0x8100 Registration Reply Received"}
{"ts":"2026-04-05T05:35:12.759Z","level":"INFO","device":"868120100005","event":"RX_MSG","detail":"0x8001 bodyLen=5"}
{"ts":"2026-04-05T05:35:12.759Z","level":"INFO","device":"868120100005","event":"SERVER_ACK","detail":"0x0102 result=OK"}
{"ts":"2026-04-05T05:35:12.785Z","level":"INFO","device":"200000000002","event":"SERVER_ACK","detail":"0x8001 Universal Reply Received"}
{"ts":"2026-04-05T05:35:12.835Z","level":"INFO","device":"868120100007","event":"CONNECTED","detail":"id:868120018681"}
{"ts":"2026-04-05T05:35:12.842Z","level":"INFO","device":"200000000007","event":"OBD2_CONNECTED","detail":"Binary Mode"}
{"ts":"2026-04-05T05:35:12.869Z","level":"INFO","device":"200000000006","event":"SERVER_ACK","detail":"0x8100 Registration Reply Received"}
{"ts":"2026-04-05T05:35:12.902Z","level":"INFO","device":"200000000003","event":"SERVER_ACK","detail":"0x8001 Universal Reply Received"}
{"ts":"2026-04-05T05:35:12.938Z","level":"INFO","device":"868120100006","event":"RX_MSG","detail":"0x8001 bodyLen=5"}
{"ts":"2026-04-05T05:35:12.938Z","level":"INFO","device":"868120100006","event":"SERVER_ACK","detail":"0x0102 result=OK"}
{"ts":"2026-04-05T05:35:12.963Z","level":"INFO","device":"200000000008","event":"OBD2_CONNECTED","detail":"Binary Mode"}
{"ts":"2026-04-05T05:35:12.988Z","level":"INFO","device":"868120100008","event":"CONNECTED","detail":"id:868120018681"}
{"ts":"2026-04-05T05:35:13.055Z","level":"INFO","device":"200000000007","event":"SERVER_ACK","detail":"0x8100 Registration Reply Received"}
{"ts":"2026-04-05T05:35:13.079Z","level":"INFO","device":"868120100007","event":"RX_MSG","detail":"0x8001 bodyLen=5"}
{"ts":"2026-04-05T05:35:13.079Z","level":"INFO","device":"868120100007","event":"SERVER_ACK","detail":"0x0102 result=OK"}
{"ts":"2026-04-05T05:35:13.105Z","level":"INFO","device":"200000000004","event":"SERVER_ACK","detail":"0x8001 Universal Reply Received"}
{"ts":"2026-04-05T05:35:13.141Z","level":"INFO","device":"868120100009","event":"CONNECTED","detail":"id:868120018681"}
{"ts":"2026-04-05T05:35:13.142Z","level":"INFO","device":"200000000009","event":"OBD2_CONNECTED","detail":"Binary Mode"}
{"ts":"2026-04-05T05:35:13.151Z","level":"INFO","device":"200000000008","event":"SERVER_ACK","detail":"0x8100 Registration Reply Received"}
{"ts":"2026-04-05T05:35:13.231Z","level":"INFO","device":"868120100008","event":"RX_MSG","detail":"0x8001 bodyLen=5"}
{"ts":"2026-04-05T05:35:13.232Z","level":"INFO","device":"868120100008","event":"SERVER_ACK","detail":"0x0102 result=OK"}
{"ts":"2026-04-05T05:35:13.237Z","level":"INFO","device":"200000000005","event":"SERVER_ACK","detail":"0x8001 Universal Reply Received"}
{"ts":"2026-04-05T05:35:13.280Z","level":"INFO","device":"100000000010","event":"CONNECTED","detail":"id:868120011000"}
{"ts":"2026-04-05T05:35:13.289Z","level":"INFO","device":"200000000010","event":"OBD2_CONNECTED","detail":"Binary Mode"}
{"ts":"2026-04-05T05:35:13.355Z","level":"INFO","device":"200000000009","event":"SERVER_ACK","detail":"0x8100 Registration Reply Received"}
{"ts":"2026-04-05T05:35:13.372Z","level":"INFO","device":"200000000006","event":"SERVER_ACK","detail":"0x8001 Universal Reply Received"}
{"ts":"2026-04-05T05:35:13.385Z","level":"INFO","device":"868120100009","event":"RX_MSG","detail":"0x8001 bodyLen=5"}
{"ts":"2026-04-05T05:35:13.387Z","level":"INFO","device":"868120100009","event":"SERVER_ACK","detail":"0x0102 result=OK"}
{"ts":"2026-04-05T05:35:13.502Z","level":"INFO","device":"200000000010","event":"SERVER_ACK","detail":"0x8100 Registration Reply Received"}
{"ts":"2026-04-05T05:35:13.510Z","level":"INFO","device":"100000000010","event":"RX_MSG","detail":"0x8001 bodyLen=5"}
{"ts":"2026-04-05T05:35:13.511Z","level":"INFO","device":"100000000010","event":"SERVER_ACK","detail":"0x0102 result=OK"}
{"ts":"2026-04-05T05:35:13.560Z","level":"INFO","device":"200000000007","event":"SERVER_ACK","detail":"0x8001 Universal Reply Received"}
{"ts":"2026-04-05T05:35:13.653Z","level":"INFO","device":"200000000008","event":"SERVER_ACK","detail":"0x8001 Universal Reply Received"}
{"ts":"2026-04-05T05:35:13.854Z","level":"INFO","device":"200000000009","event":"SERVER_ACK","detail":"0x8001 Universal Reply Received"}
{"ts":"2026-04-05T05:35:14.001Z","level":"INFO","device":"200000000010","event":"SERVER_ACK","detail":"0x8001 Universal Reply Received"}
{"ts":"2026-04-05T05:35:26.743Z","level":"INFO","device":"200000000001","event":"OBD2_SENT_0x0200","detail":"Lat: 51.736685, Lng: 0.470282 | Speed: 40km/h | RPM: 2417"}
{"ts":"2026-04-05T05:35:26.880Z","level":"INFO","device":"200000000002","event":"OBD2_SENT_0x0200","detail":"Lat: 51.736725, Lng: 0.470417 | Speed: 43km/h | RPM: 2534"}
{"ts":"2026-04-05T05:35:26.949Z","level":"INFO","device":"200000000001","event":"SERVER_ACK","detail":"0x8001 Universal Reply Received"}
{"ts":"2026-04-05T05:35:27.033Z","level":"INFO","device":"200000000003","event":"OBD2_SENT_0x0200","detail":"Lat: 51.736703, Lng: 0.470344 | Speed: 42km/h | RPM: 2470"}
{"ts":"2026-04-05T05:35:27.083Z","level":"INFO","device":"200000000002","event":"SERVER_ACK","detail":"0x8001 Universal Reply Received"}
{"ts":"2026-04-05T05:35:27.179Z","level":"INFO","device":"200000000004","event":"OBD2_SENT_0x0200","detail":"Lat: 51.736674, Lng: 0.470247 | Speed: 40km/h | RPM: 2387"}
{"ts":"2026-04-05T05:35:27.218Z","level":"INFO","device":"200000000003","event":"SERVER_ACK","detail":"0x8001 Universal Reply Received"}
{"ts":"2026-04-05T05:35:27.330Z","level":"INFO","device":"200000000005","event":"OBD2_SENT_0x0200","detail":"Lat: 51.736609, Lng: 0.470029 | Speed: 35km/h | RPM: 2200"}
{"ts":"2026-04-05T05:35:27.395Z","level":"INFO","device":"200000000004","event":"SERVER_ACK","detail":"0x8001 Universal Reply Received"}
{"ts":"2026-04-05T05:35:27.480Z","level":"INFO","device":"200000000006","event":"OBD2_SENT_0x0200","detail":"Lat: 51.736696, Lng: 0.470319 | Speed: 41km/h | RPM: 2449"}
{"ts":"2026-04-05T05:35:27.533Z","level":"INFO","device":"200000000005","event":"SERVER_ACK","detail":"0x8001 Universal Reply Received"}
{"ts":"2026-04-05T05:35:27.631Z","level":"INFO","device":"200000000007","event":"OBD2_SENT_0x0200","detail":"Lat: 51.736689, Lng: 0.470297 | Speed: 41km/h | RPM: 2430"}
{"ts":"2026-04-05T05:35:27.677Z","level":"INFO","device":"200000000006","event":"SERVER_ACK","detail":"0x8001 Universal Reply Received"}
{"ts":"2026-04-05T05:35:27.778Z","level":"INFO","device":"200000000008","event":"OBD2_SENT_0x0200","detail":"Lat: 51.736731, Lng: 0.470438 | Speed: 44km/h | RPM: 2551"}
{"ts":"2026-04-05T05:35:27.842Z","level":"INFO","device":"200000000007","event":"SERVER_ACK","detail":"0x8001 Universal Reply Received"}
{"ts":"2026-04-05T05:35:27.933Z","level":"INFO","device":"200000000009","event":"OBD2_SENT_0x0200","detail":"Lat: 51.736699, Lng: 0.470329 | Speed: 41km/h | RPM: 2457"}
{"ts":"2026-04-05T05:35:27.965Z","level":"INFO","device":"200000000008","event":"SERVER_ACK","detail":"0x8001 Universal Reply Received"}
{"ts":"2026-04-05T05:35:28.079Z","level":"INFO","device":"200000000010","event":"OBD2_SENT_0x0200","detail":"Lat: 51.736685, Lng: 0.470284 | Speed: 40km/h | RPM: 2419"}
{"ts":"2026-04-05T05:35:28.144Z","level":"INFO","device":"200000000009","event":"SERVER_ACK","detail":"0x8001 Universal Reply Received"}
{"ts":"2026-04-05T05:35:28.291Z","level":"INFO","device":"200000000010","event":"SERVER_ACK","detail":"0x8001 Universal Reply Received"}
{"ts":"2026-04-05T05:35:31.737Z","level":"INFO","device":"868120018681","event":"GPS_SENT","detail":""}
{"ts":"2026-04-05T05:35:31.877Z","level":"INFO","device":"868120100002","event":"GPS_SENT","detail":""}
{"ts":"2026-04-05T05:35:31.947Z","level":"INFO","device":"868120018681","event":"RX_MSG","detail":"0x8001 bodyLen=5"}
{"ts":"2026-04-05T05:35:31.947Z","level":"INFO","device":"868120018681","event":"SERVER_ACK","detail":"0x0200 result=OK"}
{"ts":"2026-04-05T05:35:32.031Z","level":"INFO","device":"868120100003","event":"GPS_SENT","detail":""}
{"ts":"2026-04-05T05:35:32.082Z","level":"INFO","device":"868120100002","event":"RX_MSG","detail":"0x8001 bodyLen=5"}
{"ts":"2026-04-05T05:35:32.082Z","level":"INFO","device":"868120100002","event":"SERVER_ACK","detail":"0x0200 result=OK"}
{"ts":"2026-04-05T05:35:32.177Z","level":"INFO","device":"868120100004","event":"GPS_SENT","detail":""}
{"ts":"2026-04-05T05:35:32.218Z","level":"INFO","device":"868120100003","event":"RX_MSG","detail":"0x8001 bodyLen=5"}
{"ts":"2026-04-05T05:35:32.218Z","level":"INFO","device":"868120100003","event":"SERVER_ACK","detail":"0x0200 result=OK"}
{"ts":"2026-04-05T05:35:32.330Z","level":"INFO","device":"868120100005","event":"GPS_SENT","detail":""}
{"ts":"2026-04-05T05:35:32.364Z","level":"INFO","device":"868120100004","event":"RX_MSG","detail":"0x8001 bodyLen=5"}
{"ts":"2026-04-05T05:35:32.364Z","level":"INFO","device":"868120100004","event":"SERVER_ACK","detail":"0x0200 result=OK"}
{"ts":"2026-04-05T05:35:32.482Z","level":"INFO","device":"868120100006","event":"GPS_SENT","detail":""}
{"ts":"2026-04-05T05:35:32.532Z","level":"INFO","device":"868120100005","event":"RX_MSG","detail":"0x8001 bodyLen=5"}
{"ts":"2026-04-05T05:35:32.532Z","level":"INFO","device":"868120100005","event":"SERVER_ACK","detail":"0x0200 result=OK"}
{"ts":"2026-04-05T05:35:32.630Z","level":"INFO","device":"868120100007","event":"GPS_SENT","detail":""}
{"ts":"2026-04-05T05:35:32.694Z","level":"INFO","device":"868120100006","event":"RX_MSG","detail":"0x8001 bodyLen=5"}
{"ts":"2026-04-05T05:35:32.694Z","level":"INFO","device":"868120100006","event":"SERVER_ACK","detail":"0x0200 result=OK"}
{"ts":"2026-04-05T05:35:32.778Z","level":"INFO","device":"868120100008","event":"GPS_SENT","detail":""}
{"ts":"2026-04-05T05:35:32.837Z","level":"INFO","device":"868120100007","event":"RX_MSG","detail":"0x8001 bodyLen=5"}
{"ts":"2026-04-05T05:35:32.838Z","level":"INFO","device":"868120100007","event":"SERVER_ACK","detail":"0x0200 result=OK"}
{"ts":"2026-04-05T05:35:32.930Z","level":"INFO","device":"868120100009","event":"GPS_SENT","detail":""}
{"ts":"2026-04-05T05:35:32.990Z","level":"INFO","device":"868120100008","event":"RX_MSG","detail":"0x8001 bodyLen=5"}
{"ts":"2026-04-05T05:35:32.991Z","level":"INFO","device":"868120100008","event":"SERVER_ACK","detail":"0x0200 result=OK"}
{"ts":"2026-04-05T05:35:33.078Z","level":"INFO","device":"100000000010","event":"GPS_SENT","detail":""}
{"ts":"2026-04-05T05:35:33.139Z","level":"INFO","device":"868120100009","event":"RX_MSG","detail":"0x8001 bodyLen=5"}
{"ts":"2026-04-05T05:35:33.140Z","level":"INFO","device":"868120100009","event":"SERVER_ACK","detail":"0x0200 result=OK"}
{"ts":"2026-04-05T05:35:33.279Z","level":"INFO","device":"100000000010","event":"RX_MSG","detail":"0x8001 bodyLen=5"}
{"ts":"2026-04-05T05:35:33.280Z","level":"INFO","device":"100000000010","event":"SERVER_ACK","detail":"0x0200 result=OK"}
{"ts":"2026-04-05T05:35:36.087Z","level":"INFO","device":"868120100009","event":"RX_MSG","detail":"0x9101 bodyLen=20"}
{"ts":"2026-04-05T05:35:36.089Z","level":"INFO","device":"868120100009","event":"SENT_ACK","detail":"0x0001 acknowledging Live Stream Request"}
{"ts":"2026-04-05T05:35:36.091Z","level":"INFO","device":"868120100009","event":"LIVE_STREAM_REQ","detail":"Target: 54.37.225.65:3388 | Channel: 1"}
{"ts":"2026-04-05T05:35:36.092Z","level":"INFO","device":"868120100009","event":"LIVE_STREAM_CONNECTING","detail":"54.37.225.65:3388"}
{"ts":"2026-04-05T05:35:36.289Z","level":"INFO","device":"868120100009","event":"LIVE_STREAM_CONNECTED","detail":"Pumping video for CH1..."}
{"ts":"2026-04-05T05:35:41.736Z","level":"INFO","device":"200000000001","event":"HEARTBEAT_SENT","detail":"0x0002"}
{"ts":"2026-04-05T05:35:41.741Z","level":"INFO","device":"200000000001","event":"OBD2_SENT_0x0200","detail":"Lat: 51.737297, Lng: 0.472572 | Speed: 39km/h | RPM: 2362"}
{"ts":"2026-04-05T05:35:41.879Z","level":"INFO","device":"200000000002","event":"HEARTBEAT_SENT","detail":"0x0002"}
{"ts":"2026-04-05T05:35:41.880Z","level":"INFO","device":"200000000002","event":"OBD2_SENT_0x0200","detail":"Lat: 51.737342, Lng: 0.472761 | Speed: 40km/h | RPM: 2389"}
{"ts":"2026-04-05T05:35:41.938Z","level":"INFO","device":"200000000001","event":"SERVER_ACK","detail":"0x8001 Universal Reply Received"}
{"ts":"2026-04-05T05:35:42.032Z","level":"INFO","device":"200000000003","event":"HEARTBEAT_SENT","detail":"0x0002"}
{"ts":"2026-04-05T05:35:42.036Z","level":"INFO","device":"200000000003","event":"OBD2_SENT_0x0200","detail":"Lat: 51.737325, Lng: 0.472690 | Speed: 40km/h | RPM: 2396"}
{"ts":"2026-04-05T05:35:42.083Z","level":"INFO","device":"200000000002","event":"SERVER_ACK","detail":"0x8001 Universal Reply Received"}
{"ts":"2026-04-05T05:35:42.179Z","level":"INFO","device":"200000000004","event":"HEARTBEAT_SENT","detail":"0x0002"}
{"ts":"2026-04-05T05:35:42.179Z","level":"INFO","device":"200000000004","event":"OBD2_SENT_0x0200","detail":"Lat: 51.737267, Lng: 0.472451 | Speed: 38km/h | RPM: 2306"}
{"ts":"2026-04-05T05:35:42.216Z","level":"INFO","device":"200000000003","event":"SERVER_ACK","detail":"0x8001 Universal Reply Received"}
{"ts":"2026-04-05T05:35:42.248Z","level":"INFO","device":"200000000001","event":"SERVER_ACK","detail":"0x8001 Universal Reply Received"}
{"ts":"2026-04-05T05:35:42.330Z","level":"INFO","device":"200000000005","event":"OBD2_SENT_0x0200","detail":"Lat: 51.737122, Lng: 0.471851 | Speed: 32km/h | RPM: 2061"}
{"ts":"2026-04-05T05:35:42.330Z","level":"INFO","device":"200000000005","event":"HEARTBEAT_SENT","detail":"0x0002"}
{"ts":"2026-04-05T05:35:42.391Z","level":"INFO","device":"200000000004","event":"SERVER_ACK","detail":"0x8001 Universal Reply Received"}
{"ts":"2026-04-05T05:35:42.403Z","level":"INFO","device":"200000000002","event":"SERVER_ACK","detail":"0x8001 Universal Reply Received"}
{"ts":"2026-04-05T05:35:42.460Z","level":"INFO","device":"868120100009","event":"RX_MSG","detail":"0x9101 bodyLen=20"}
{"ts":"2026-04-05T05:35:42.461Z","level":"INFO","device":"868120100009","event":"SENT_ACK","detail":"0x0001 acknowledging Live Stream Request"}
{"ts":"2026-04-05T05:35:42.461Z","level":"INFO","device":"868120100009","event":"LIVE_STREAM_REQ","detail":"Target: 54.37.225.65:3388 | Channel: 2"}
{"ts":"2026-04-05T05:35:42.467Z","level":"INFO","device":"868120100009","event":"LIVE_STREAM_CONNECTING","detail":"54.37.225.65:3388"}
{"ts":"2026-04-05T05:35:42.476Z","level":"INFO","device":"868120100009","event":"LIVE_STREAM_CLOSED","detail":"Stream ended."}
{"ts":"2026-04-05T05:35:42.477Z","level":"INFO","device":"868120100009","event":"LIVE_STREAM_CLOSED","detail":"Stream ended."}
{"ts":"2026-04-05T05:35:42.482Z","level":"INFO","device":"200000000006","event":"OBD2_SENT_0x0200","detail":"Lat: 51.737404, Lng: 0.473026 | Speed: 46km/h | RPM: 2640"}
{"ts":"2026-04-05T05:35:42.485Z","level":"INFO","device":"200000000006","event":"HEARTBEAT_SENT","detail":"0x0002"}
{"ts":"2026-04-05T05:35:42.510Z","level":"INFO","device":"200000000003","event":"SERVER_ACK","detail":"0x8001 Universal Reply Received"}
{"ts":"2026-04-05T05:35:42.535Z","level":"INFO","device":"200000000005","event":"SERVER_ACK","detail":"0x8001 Universal Reply Received"}
{"ts":"2026-04-05T05:35:42.630Z","level":"INFO","device":"200000000007","event":"HEARTBEAT_SENT","detail":"0x0002"}
{"ts":"2026-04-05T05:35:42.631Z","level":"INFO","device":"200000000007","event":"OBD2_SENT_0x0200","detail":"Lat: 51.737379, Lng: 0.472914 | Speed: 45km/h | RPM: 2580"}
{"ts":"2026-04-05T05:35:42.677Z","level":"INFO","device":"200000000006","event":"SERVER_ACK","detail":"0x8001 Universal Reply Received"}
{"ts":"2026-04-05T05:35:42.725Z","level":"INFO","device":"200000000004","event":"SERVER_ACK","detail":"0x8001 Universal Reply Received"}
{"ts":"2026-04-05T05:35:42.777Z","level":"INFO","device":"200000000008","event":"HEARTBEAT_SENT","detail":"0x0002"}
{"ts":"2026-04-05T05:35:42.777Z","level":"INFO","device":"200000000008","event":"OBD2_SENT_0x0200","detail":"Lat: 51.737416, Lng: 0.473094 | Speed: 45km/h | RPM: 2598"}
{"ts":"2026-04-05T05:35:42.841Z","level":"INFO","device":"200000000007","event":"SERVER_ACK","detail":"0x8001 Universal Reply Received"}
{"ts":"2026-04-05T05:35:42.870Z","level":"INFO","device":"200000000005","event":"SERVER_ACK","detail":"0x8001 Universal Reply Received"}
{"ts":"2026-04-05T05:35:42.932Z","level":"INFO","device":"200000000009","event":"HEARTBEAT_SENT","detail":"0x0002"}
{"ts":"2026-04-05T05:35:42.934Z","level":"INFO","device":"200000000009","event":"OBD2_SENT_0x0200","detail":"Lat: 51.737313, Lng: 0.472642 | Speed: 39km/h | RPM: 2374"}
{"ts":"2026-04-05T05:35:42.963Z","level":"INFO","device":"200000000008","event":"SERVER_ACK","detail":"0x8001 Universal Reply Received"}
{"ts":"2026-04-05T05:35:43.017Z","level":"INFO","device":"200000000006","event":"SERVER_ACK","detail":"0x8001 Universal Reply Received"}
{"ts":"2026-04-05T05:35:43.078Z","level":"INFO","device":"200000000010","event":"HEARTBEAT_SENT","detail":"0x0002"}
{"ts":"2026-04-05T05:35:43.080Z","level":"INFO","device":"200000000010","event":"OBD2_SENT_0x0200","detail":"Lat: 51.737253, Lng: 0.472392 | Speed: 36km/h | RPM: 2239"}
{"ts":"2026-04-05T05:35:43.142Z","level":"INFO","device":"200000000009","event":"SERVER_ACK","detail":"0x8001 Universal Reply Received"}
{"ts":"2026-04-05T05:35:43.191Z","level":"INFO","device":"200000000007","event":"SERVER_ACK","detail":"0x8001 Universal Reply Received"}
{"ts":"2026-04-05T05:35:43.270Z","level":"INFO","device":"200000000008","event":"SERVER_ACK","detail":"0x8001 Universal Reply Received"}
{"ts":"2026-04-05T05:35:43.290Z","level":"INFO","device":"200000000010","event":"SERVER_ACK","detail":"0x8001 Universal Reply Received"}
{"ts":"2026-04-05T05:35:43.481Z","level":"INFO","device":"200000000009","event":"SERVER_ACK","detail":"0x8001 Universal Reply Received"}
{"ts":"2026-04-05T05:35:43.606Z","level":"INFO","device":"200000000010","event":"SERVER_ACK","detail":"0x8001 Universal Reply Received"}
{"ts":"2026-04-05T05:35:51.745Z","level":"INFO","device":"868120018681","event":"GPS_SENT","detail":""}
{"ts":"2026-04-05T05:35:51.878Z","level":"INFO","device":"868120100002","event":"GPS_SENT","detail":""}
{"ts":"2026-04-05T05:35:51.957Z","level":"INFO","device":"868120018681","event":"RX_MSG","detail":"0x8001 bodyLen=5"}
{"ts":"2026-04-05T05:35:51.959Z","level":"INFO","device":"868120018681","event":"SERVER_ACK","detail":"0x0200 result=OK"}
{"ts":"2026-04-05T05:35:52.031Z","level":"INFO","device":"868120100003","event":"GPS_SENT","detail":""}
{"ts":"2026-04-05T05:35:52.079Z","level":"INFO","device":"868120100002","event":"RX_MSG","detail":"0x8001 bodyLen=5"}
{"ts":"2026-04-05T05:35:52.080Z","level":"INFO","device":"868120100002","event":"SERVER_ACK","detail":"0x0200 result=OK"}
{"ts":"2026-04-05T05:35:52.177Z","level":"INFO","device":"868120100004","event":"GPS_SENT","detail":""}
{"ts":"2026-04-05T05:35:52.220Z","level":"INFO","device":"868120100003","event":"RX_MSG","detail":"0x8001 bodyLen=5"}
{"ts":"2026-04-05T05:35:52.220Z","level":"INFO","device":"868120100003","event":"SERVER_ACK","detail":"0x0200 result=OK"}
{"ts":"2026-04-05T05:35:52.330Z","level":"INFO","device":"868120100005","event":"GPS_SENT","detail":""}
{"ts":"2026-04-05T05:35:52.363Z","level":"INFO","device":"868120100004","event":"RX_MSG","detail":"0x8001 bodyLen=5"}
{"ts":"2026-04-05T05:35:52.363Z","level":"INFO","device":"868120100004","event":"SERVER_ACK","detail":"0x0200 result=OK"}
{"ts":"2026-04-05T05:35:52.482Z","level":"INFO","device":"868120100006","event":"GPS_SENT","detail":""}
{"ts":"2026-04-05T05:35:52.531Z","level":"INFO","device":"868120100005","event":"RX_MSG","detail":"0x8001 bodyLen=5"}
{"ts":"2026-04-05T05:35:52.531Z","level":"INFO","device":"868120100005","event":"SERVER_ACK","detail":"0x0200 result=OK"}
{"ts":"2026-04-05T05:35:52.631Z","level":"INFO","device":"868120100007","event":"GPS_SENT","detail":""}
{"ts":"2026-04-05T05:35:52.693Z","level":"INFO","device":"868120100006","event":"RX_MSG","detail":"0x8001 bodyLen=5"}
{"ts":"2026-04-05T05:35:52.693Z","level":"INFO","device":"868120100006","event":"SERVER_ACK","detail":"0x0200 result=OK"}
{"ts":"2026-04-05T05:35:52.779Z","level":"INFO","device":"868120100008","event":"GPS_SENT","detail":""}
{"ts":"2026-04-05T05:35:52.835Z","level":"INFO","device":"868120100007","event":"RX_MSG","detail":"0x8001 bodyLen=5"}
{"ts":"2026-04-05T05:35:52.835Z","level":"INFO","device":"868120100007","event":"SERVER_ACK","detail":"0x0200 result=OK"}
{"ts":"2026-04-05T05:35:52.929Z","level":"INFO","device":"868120100009","event":"GPS_SENT","detail":""}
{"ts":"2026-04-05T05:35:52.989Z","level":"INFO","device":"868120100008","event":"RX_MSG","detail":"0x8001 bodyLen=5"}
{"ts":"2026-04-05T05:35:52.990Z","level":"INFO","device":"868120100008","event":"SERVER_ACK","detail":"0x0200 result=OK"}
{"ts":"2026-04-05T05:35:53.079Z","level":"INFO","device":"100000000010","event":"GPS_SENT","detail":""}
{"ts":"2026-04-05T05:35:53.139Z","level":"INFO","device":"868120100009","event":"RX_MSG","detail":"0x8001 bodyLen=5"}
{"ts":"2026-04-05T05:35:53.139Z","level":"INFO","device":"868120100009","event":"SERVER_ACK","detail":"0x0200 result=OK"}
{"ts":"2026-04-05T05:35:53.281Z","level":"INFO","device":"100000000010","event":"RX_MSG","detail":"0x8001 bodyLen=5"}
{"ts":"2026-04-05T05:35:53.281Z","level":"INFO","device":"100000000010","event":"SERVER_ACK","detail":"0x0200 result=OK"}
{"ts":"2026-04-05T05:35:56.744Z","level":"INFO","device":"200000000001","event":"OBD2_SENT_0x0200","detail":"Lat: 51.737651, Lng: 0.474604 | Speed: 36km/h | RPM: 2242"}
{"ts":"2026-04-05T05:35:56.880Z","level":"INFO","device":"200000000002","event":"OBD2_SENT_0x0200","detail":"Lat: 51.737672, Lng: 0.474774 | Speed: 36km/h | RPM: 2228"}
{"ts":"2026-04-05T05:35:56.951Z","level":"INFO","device":"200000000001","event":"SERVER_ACK","detail":"0x8001 Universal Reply Received"}
{"ts":"2026-04-05T05:35:57.037Z","level":"INFO","device":"200000000003","event":"OBD2_SENT_0x0200","detail":"Lat: 51.737665, Lng: 0.474724 | Speed: 36km/h | RPM: 2243"}
{"ts":"2026-04-05T05:35:57.084Z","level":"INFO","device":"200000000002","event":"SERVER_ACK","detail":"0x8001 Universal Reply Received"}
{"ts":"2026-04-05T05:35:57.180Z","level":"INFO","device":"200000000004","event":"OBD2_SENT_0x0200","detail":"Lat: 51.737628, Lng: 0.474420 | Speed: 35km/h | RPM: 2197"}
{"ts":"2026-04-05T05:35:57.221Z","level":"INFO","device":"200000000003","event":"SERVER_ACK","detail":"0x8001 Universal Reply Received"}
{"ts":"2026-04-05T05:35:57.330Z","level":"INFO","device":"200000000005","event":"OBD2_SENT_0x0200","detail":"Lat: 51.737506, Lng: 0.473636 | Speed: 32km/h | RPM: 2067"}
{"ts":"2026-04-05T05:35:57.394Z","level":"INFO","device":"200000000004","event":"SERVER_ACK","detail":"0x8001 Universal Reply Received"}
{"ts":"2026-04-05T05:35:57.483Z","level":"INFO","device":"200000000006","event":"OBD2_SENT_0x0200","detail":"Lat: 51.737756, Lng: 0.475555 | Speed: 43km/h | RPM: 2531"}
{"ts":"2026-04-05T05:35:57.535Z","level":"INFO","device":"200000000005","event":"SERVER_ACK","detail":"0x8001 Universal Reply Received"}
{"ts":"2026-04-05T05:35:57.632Z","level":"INFO","device":"200000000007","event":"OBD2_SENT_0x0200","detail":"Lat: 51.737754, Lng: 0.475508 | Speed: 46km/h | RPM: 2641"}
{"ts":"2026-04-05T05:35:57.678Z","level":"INFO","device":"200000000006","event":"SERVER_ACK","detail":"0x8001 Universal Reply Received"}
{"ts":"2026-04-05T05:35:57.780Z","level":"INFO","device":"200000000008","event":"OBD2_SENT_0x0200","detail":"Lat: 51.737771, Lng: 0.475916 | Speed: 48km/h | RPM: 2732"}
{"ts":"2026-04-05T05:35:57.844Z","level":"INFO","device":"200000000007","event":"SERVER_ACK","detail":"0x8001 Universal Reply Received"}
{"ts":"2026-04-05T05:35:57.934Z","level":"INFO","device":"200000000009","event":"OBD2_SENT_0x0200","detail":"Lat: 51.737656, Lng: 0.474650 | Speed: 36km/h | RPM: 2225"}
{"ts":"2026-04-05T05:35:57.968Z","level":"INFO","device":"200000000008","event":"SERVER_ACK","detail":"0x8001 Universal Reply Received"}
{"ts":"2026-04-05T05:35:58.080Z","level":"INFO","device":"200000000010","event":"OBD2_SENT_0x0200","detail":"Lat: 51.737657, Lng: 0.474654 | Speed: 40km/h | RPM: 2405"}
{"ts":"2026-04-05T05:35:58.146Z","level":"INFO","device":"200000000009","event":"SERVER_ACK","detail":"0x8001 Universal Reply Received"}
{"ts":"2026-04-05T05:35:58.294Z","level":"INFO","device":"200000000010","event":"SERVER_ACK","detail":"0x8001 Universal Reply Received"}
{"ts":"2026-04-05T05:36:02.447Z","level":"INFO","device":"868120100009","event":"RX_MSG","detail":"0x9101 bodyLen=20"}
{"ts":"2026-04-05T05:36:02.448Z","level":"INFO","device":"868120100009","event":"SENT_ACK","detail":"0x0001 acknowledging Live Stream Request"}
{"ts":"2026-04-05T05:36:02.449Z","level":"INFO","device":"868120100009","event":"LIVE_STREAM_REQ","detail":"Target: 54.37.225.65:3388 | Channel: 1"}
{"ts":"2026-04-05T05:36:02.450Z","level":"INFO","device":"868120100009","event":"LIVE_STREAM_CONNECTING","detail":"54.37.225.65:3388"}
{"ts":"2026-04-05T05:36:02.657Z","level":"INFO","device":"868120100009","event":"LIVE_STREAM_CONNECTED","detail":"Pumping video for CH1..."}
{"ts":"2026-04-05T05:36:11.736Z","level":"INFO","device":"200000000001","event":"HEARTBEAT_SENT","detail":"0x0002"}
{"ts":"2026-04-05T05:36:11.747Z","level":"INFO","device":"200000000001","event":"OBD2_SENT_0x0200","detail":"Lat: 51.737796, Lng: 0.476500 | Speed: 32km/h | RPM: 2079"}
{"ts":"2026-04-05T05:36:11.747Z","level":"INFO","device":"868120018681","event":"GPS_SENT","detail":""}
{"ts":"2026-04-05T05:36:11.878Z","level":"INFO","device":"868120100002","event":"GPS_SENT","detail":""}
{"ts":"2026-04-05T05:36:11.880Z","level":"INFO","device":"200000000002","event":"HEARTBEAT_SENT","detail":"0x0002"}
{"ts":"2026-04-05T05:36:11.881Z","level":"INFO","device":"200000000002","event":"OBD2_SENT_0x0200","detail":"Lat: 51.737763, Lng: 0.477041 | Speed: 38km/h | RPM: 2329"}
{"ts":"2026-04-05T05:36:11.940Z","level":"INFO","device":"200000000001","event":"SERVER_ACK","detail":"0x8001 Universal Reply Received"}
{"ts":"2026-04-05T05:36:11.957Z","level":"INFO","device":"868120018681","event":"RX_MSG","detail":"0x8001 bodyLen=5"}
{"ts":"2026-04-05T05:36:11.958Z","level":"INFO","device":"868120018681","event":"SERVER_ACK","detail":"0x0200 result=OK"}
{"ts":"2026-04-05T05:36:12.031Z","level":"INFO","device":"868120100003","event":"GPS_SENT","detail":""}
{"ts":"2026-04-05T05:36:12.033Z","level":"INFO","device":"200000000003","event":"HEARTBEAT_SENT","detail":"0x0002"}
{"ts":"2026-04-05T05:36:12.036Z","level":"INFO","device":"200000000003","event":"OBD2_SENT_0x0200","detail":"Lat: 51.737753, Lng: 0.477160 | Speed: 41km/h | RPM: 2443"}
{"ts":"2026-04-05T05:36:12.078Z","level":"INFO","device":"868120100002","event":"RX_MSG","detail":"0x8001 bodyLen=5"}
{"ts":"2026-04-05T05:36:12.078Z","level":"INFO","device":"868120100002","event":"SERVER_ACK","detail":"0x0200 result=OK"}
{"ts":"2026-04-05T05:36:12.081Z","level":"INFO","device":"200000000002","event":"SERVER_ACK","detail":"0x8001 Universal Reply Received"}
{"ts":"2026-04-05T05:36:12.178Z","level":"INFO","device":"868120100004","event":"GPS_SENT","detail":""}
{"ts":"2026-04-05T05:36:12.180Z","level":"INFO","device":"200000000004","event":"HEARTBEAT_SENT","detail":"0x0002"}
{"ts":"2026-04-05T05:36:12.180Z","level":"INFO","device":"200000000004","event":"OBD2_SENT_0x0200","detail":"Lat: 51.737792, Lng: 0.476701 | Speed: 38km/h | RPM: 2338"}
{"ts":"2026-04-05T05:36:12.219Z","level":"INFO","device":"868120100003","event":"RX_MSG","detail":"0x8001 bodyLen=5"}
{"ts":"2026-04-05T05:36:12.219Z","level":"INFO","device":"868120100003","event":"SERVER_ACK","detail":"0x0200 result=OK"}
{"ts":"2026-04-05T05:36:12.219Z","level":"INFO","device":"200000000003","event":"SERVER_ACK","detail":"0x8001 Universal Reply Received"}
{"ts":"2026-04-05T05:36:12.254Z","level":"INFO","device":"200000000001","event":"SERVER_ACK","detail":"0x8001 Universal Reply Received"}
{"ts":"2026-04-05T05:36:12.329Z","level":"INFO","device":"868120100005","event":"GPS_SENT","detail":""}
{"ts":"2026-04-05T05:36:12.329Z","level":"INFO","device":"868120100005","event":"INCIDENT_SENT","detail":"mediaId=1 alarmId=86812001868100260405053612010200"}
{"ts":"2026-04-05T05:36:12.330Z","level":"INFO","device":"200000000005","event":"OBD2_SENT_0x0200","detail":"Lat: 51.737765, Lng: 0.475756 | Speed: 36km/h | RPM: 2251"}
{"ts":"2026-04-05T05:36:12.330Z","level":"INFO","device":"200000000005","event":"HEARTBEAT_SENT","detail":"0x0002"}
{"ts":"2026-04-05T05:36:12.363Z","level":"INFO","device":"868120100004","event":"RX_MSG","detail":"0x8001 bodyLen=5"}
{"ts":"2026-04-05T05:36:12.363Z","level":"INFO","device":"868120100004","event":"SERVER_ACK","detail":"0x0200 result=OK"}
{"ts":"2026-04-05T05:36:12.394Z","level":"INFO","device":"200000000004","event":"SERVER_ACK","detail":"0x8001 Universal Reply Received"}
{"ts":"2026-04-05T05:36:12.412Z","level":"INFO","device":"200000000002","event":"SERVER_ACK","detail":"0x8001 Universal Reply Received"}
{"ts":"2026-04-05T05:36:12.481Z","level":"INFO","device":"868120100006","event":"GPS_SENT","detail":""}
{"ts":"2026-04-05T05:36:12.484Z","level":"INFO","device":"200000000006","event":"OBD2_SENT_0x0200","detail":"Lat: 51.737605, Lng: 0.478180 | Speed: 43km/h | RPM: 2539"}
{"ts":"2026-04-05T05:36:12.488Z","level":"INFO","device":"200000000006","event":"HEARTBEAT_SENT","detail":"0x0002"}
{"ts":"2026-04-05T05:36:12.516Z","level":"INFO","device":"200000000003","event":"SERVER_ACK","detail":"0x8001 Universal Reply Received"}
{"ts":"2026-04-05T05:36:12.530Z","level":"INFO","device":"868120100005","event":"RX_MSG","detail":"0x8001 bodyLen=5"}
{"ts":"2026-04-05T05:36:12.531Z","level":"INFO","device":"868120100005","event":"SERVER_ACK","detail":"0x0200 result=OK"}
{"ts":"2026-04-05T05:36:12.531Z","level":"INFO","device":"200000000005","event":"SERVER_ACK","detail":"0x8001 Universal Reply Received"}
{"ts":"2026-04-05T05:36:12.630Z","level":"INFO","device":"868120100007","event":"GPS_SENT","detail":""}
{"ts":"2026-04-05T05:36:12.630Z","level":"INFO","device":"200000000007","event":"HEARTBEAT_SENT","detail":"0x0002"}
{"ts":"2026-04-05T05:36:12.632Z","level":"INFO","device":"200000000007","event":"OBD2_SENT_0x0200","detail":"Lat: 51.737566, Lng: 0.478335 | Speed: 47km/h | RPM: 2673"}
{"ts":"2026-04-05T05:36:12.682Z","level":"INFO","device":"200000000006","event":"SERVER_ACK","detail":"0x8001 Universal Reply Received"}
{"ts":"2026-04-05T05:36:12.693Z","level":"INFO","device":"868120100006","event":"RX_MSG","detail":"0x8001 bodyLen=5"}
{"ts":"2026-04-05T05:36:12.693Z","level":"INFO","device":"868120100006","event":"SERVER_ACK","detail":"0x0200 result=OK"}
{"ts":"2026-04-05T05:36:12.730Z","level":"INFO","device":"200000000004","event":"SERVER_ACK","detail":"0x8001 Universal Reply Received"}
{"ts":"2026-04-05T05:36:12.779Z","level":"INFO","device":"200000000008","event":"HEARTBEAT_SENT","detail":"0x0002"}
{"ts":"2026-04-05T05:36:12.779Z","level":"INFO","device":"868120100008","event":"GPS_SENT","detail":""}
{"ts":"2026-04-05T05:36:12.779Z","level":"INFO","device":"200000000008","event":"OBD2_SENT_0x0200","detail":"Lat: 51.737408, Lng: 0.478968 | Speed: 51km/h | RPM: 2822"}
{"ts":"2026-04-05T05:36:12.834Z","level":"INFO","device":"868120100007","event":"RX_MSG","detail":"0x8001 bodyLen=5"}
{"ts":"2026-04-05T05:36:12.834Z","level":"INFO","device":"868120100007","event":"SERVER_ACK","detail":"0x0200 result=OK"}
{"ts":"2026-04-05T05:36:12.840Z","level":"INFO","device":"200000000007","event":"SERVER_ACK","detail":"0x8001 Universal Reply Received"}
{"ts":"2026-04-05T05:36:12.844Z","level":"INFO","device":"868120100005","event":"RX_MSG","detail":"0x8001 bodyLen=5"}
{"ts":"2026-04-05T05:36:12.845Z","level":"INFO","device":"868120100005","event":"SERVER_ACK","detail":"0x0200 result=OK"}
{"ts":"2026-04-05T05:36:12.845Z","level":"INFO","device":"868120100005","event":"RX_MSG","detail":"0x8001 bodyLen=5"}
{"ts":"2026-04-05T05:36:12.845Z","level":"INFO","device":"868120100005","event":"SERVER_ACK","detail":"0x0800 result=OK"}
{"ts":"2026-04-05T05:36:12.846Z","level":"INFO","device":"868120100005","event":"RX_MSG","detail":"0x9208 bodyLen=81"}
{"ts":"2026-04-05T05:36:12.846Z","level":"INFO","device":"868120100005","event":"9208_RAW","detail":"0C35342E33372E3232352E36350D3C000086812001868100260405053612010200383638313230303138363831303032363034303530353336313230313032303000000000000000000000000000000000"}
{"ts":"2026-04-05T05:36:12.847Z","level":"INFO","device":"868120100005","event":"UPLOAD_TRIGGERED","detail":"media: 54.37.225.65:3388 | alarmId: 86812001868100260405053612010200"}
{"ts":"2026-04-05T05:36:12.847Z","level":"INFO","device":"868120100005","event":"MEDIA_CONNECTING","detail":"54.37.225.65:3388 files=2"}
{"ts":"2026-04-05T05:36:12.851Z","level":"INFO","device":"200000000005","event":"SERVER_ACK","detail":"0x8001 Universal Reply Received"}
{"ts":"2026-04-05T05:36:12.929Z","level":"INFO","device":"868120100009","event":"GPS_SENT","detail":""}
{"ts":"2026-04-05T05:36:12.932Z","level":"INFO","device":"200000000009","event":"HEARTBEAT_SENT","detail":"0x0002"}
{"ts":"2026-04-05T05:36:12.934Z","level":"INFO","device":"200000000009","event":"OBD2_SENT_0x0200","detail":"Lat: 51.737775, Lng: 0.476896 | Speed: 38km/h | RPM: 2315"}
{"ts":"2026-04-05T05:36:12.965Z","level":"INFO","device":"200000000008","event":"SERVER_ACK","detail":"0x8001 Universal Reply Received"}
{"ts":"2026-04-05T05:36:12.990Z","level":"INFO","device":"868120100008","event":"RX_MSG","detail":"0x8001 bodyLen=5"}
{"ts":"2026-04-05T05:36:12.990Z","level":"INFO","device":"868120100008","event":"SERVER_ACK","detail":"0x0200 result=OK"}
{"ts":"2026-04-05T05:36:12.991Z","level":"INFO","device":"200000000006","event":"SERVER_ACK","detail":"0x8001 Universal Reply Received"}
{"ts":"2026-04-05T05:36:13.062Z","level":"INFO","device":"868120100005","event":"MEDIA_CONNECTED","detail":"54.37.225.65:3388"}
{"ts":"2026-04-05T05:36:13.062Z","level":"INFO","device":"868120100005","event":"FILE_START","detail":"[1/2] 00_64_6401_00_86812001868100260405053612010200.jpg (215 bytes)"}
{"ts":"2026-04-05T05:36:13.062Z","level":"INFO","device":"868120100005","event":"SENT_1210","detail":"00_64_6401_00_86812001868100260405053612010200.jpg"}
{"ts":"2026-04-05T05:36:13.079Z","level":"INFO","device":"100000000010","event":"GPS_SENT","detail":""}
{"ts":"2026-04-05T05:36:13.079Z","level":"INFO","device":"100000000010","event":"INCIDENT_SENT","detail":"mediaId=1 alarmId=86812001100000260405053613010200"}
{"ts":"2026-04-05T05:36:13.079Z","level":"INFO","device":"200000000010","event":"HEARTBEAT_SENT","detail":"0x0002"}
{"ts":"2026-04-05T05:36:13.081Z","level":"INFO","device":"200000000010","event":"OBD2_SENT_0x0200","detail":"Lat: 51.737768, Lng: 0.476980 | Speed: 39km/h | RPM: 2369"}
{"ts":"2026-04-05T05:36:13.139Z","level":"INFO","device":"868120100009","event":"RX_MSG","detail":"0x8001 bodyLen=5"}
{"ts":"2026-04-05T05:36:13.139Z","level":"INFO","device":"868120100009","event":"SERVER_ACK","detail":"0x0200 result=OK"}
{"ts":"2026-04-05T05:36:13.143Z","level":"INFO","device":"200000000009","event":"SERVER_ACK","detail":"0x8001 Universal Reply Received"}
{"ts":"2026-04-05T05:36:13.164Z","level":"INFO","device":"868120100005","event":"SENT_RAW_MARKER","detail":"00_64_6401_00_86812001868100260405053612010200.jpg packet=277 bytes data=215 bytes"}
{"ts":"2026-04-05T05:36:13.166Z","level":"INFO","device":"868120100005","event":"SENT_1212","detail":"00_64_6401_00_86812001868100260405053612010200.jpg type=0"}
{"ts":"2026-04-05T05:36:13.167Z","level":"INFO","device":"200000000007","event":"SERVER_ACK","detail":"0x8001 Universal Reply Received"}
{"ts":"2026-04-05T05:36:13.264Z","level":"INFO","device":"200000000008","event":"SERVER_ACK","detail":"0x8001 Universal Reply Received"}
{"ts":"2026-04-05T05:36:13.276Z","level":"INFO","device":"868120100005","event":"MEDIA_RX","detail":"7E 80 01 00 05 86 81 20 01 86 81 FD 71 00 00 12 10 00 2B 7E"}
{"ts":"2026-04-05T05:36:13.280Z","level":"INFO","device":"100000000010","event":"RX_MSG","detail":"0x8001 bodyLen=5"}
{"ts":"2026-04-05T05:36:13.280Z","level":"INFO","device":"100000000010","event":"SERVER_ACK","detail":"0x0200 result=OK"}
{"ts":"2026-04-05T05:36:13.289Z","level":"INFO","device":"200000000010","event":"SERVER_ACK","detail":"0x8001 Universal Reply Received"}
{"ts":"2026-04-05T05:36:13.467Z","level":"INFO","device":"868120100005","event":"FILE_START","detail":"[2/2] 02_64_6401_03_86812001868100260405053612010200.mp4 (65536 bytes)"}
{"ts":"2026-04-05T05:36:13.468Z","level":"INFO","device":"868120100005","event":"SENT_1210","detail":"02_64_6401_03_86812001868100260405053612010200.mp4"}
{"ts":"2026-04-05T05:36:13.475Z","level":"INFO","device":"200000000009","event":"SERVER_ACK","detail":"0x8001 Universal Reply Received"}
{"ts":"2026-04-05T05:36:13.533Z","level":"INFO","device":"868120100005","event":"MEDIA_RX","detail":"7E 92 12 00 36 86 81 20 01 86 81 B5 CF 32 30 30 5F 36 34 5F 36 34 30 31 5F 30 30 5F 38 36 38 31 32 30 30 31 38 36 38 31 30 30 32 36 30 34 30 35 30 35 33 36 31 32 30 31 30 32 30 30 2E 6A 70 67 00 00 00 8B 7E"}
{"ts":"2026-04-05T05:36:13.569Z","level":"INFO","device":"868120100005","event":"SENT_RAW_MARKER","detail":"02_64_6401_03_86812001868100260405053612010200.mp4 packet=65598 bytes data=65536 bytes"}
{"ts":"2026-04-05T05:36:13.570Z","level":"INFO","device":"868120100005","event":"SENT_1212","detail":"02_64_6401_03_86812001868100260405053612010200.mp4 type=2"}
{"ts":"2026-04-05T05:36:13.591Z","level":"INFO","device":"100000000010","event":"RX_MSG","detail":"0x8001 bodyLen=5"}
{"ts":"2026-04-05T05:36:13.591Z","level":"INFO","device":"100000000010","event":"SERVER_ACK","detail":"0x0200 result=OK"}
{"ts":"2026-04-05T05:36:13.591Z","level":"INFO","device":"100000000010","event":"RX_MSG","detail":"0x8001 bodyLen=5"}
{"ts":"2026-04-05T05:36:13.591Z","level":"INFO","device":"100000000010","event":"SERVER_ACK","detail":"0x0800 result=OK"}
{"ts":"2026-04-05T05:36:13.591Z","level":"INFO","device":"100000000010","event":"RX_MSG","detail":"0x9208 bodyLen=81"}
{"ts":"2026-04-05T05:36:13.591Z","level":"INFO","device":"100000000010","event":"9208_RAW","detail":"0C35342E33372E3232352E36350D3C000086812001100000260405053613010200383638313230303131303030303032363034303530353336313330313032303000000000000000000000000000000000"}
{"ts":"2026-04-05T05:36:13.591Z","level":"INFO","device":"100000000010","event":"UPLOAD_TRIGGERED","detail":"media: 54.37.225.65:3388 | alarmId: 86812001100000260405053613010200"}
{"ts":"2026-04-05T05:36:13.592Z","level":"INFO","device":"100000000010","event":"MEDIA_CONNECTING","detail":"54.37.225.65:3388 files=2"}
{"ts":"2026-04-05T05:36:13.599Z","level":"INFO","device":"200000000010","event":"SERVER_ACK","detail":"0x8001 Universal Reply Received"}
{"ts":"2026-04-05T05:36:13.780Z","level":"INFO","device":"868120100005","event":"MEDIA_RX","detail":"7E 80 01 00 05 86 81 20 01 86 81 7F FE 00 02 12 10 00 24 7E"}
{"ts":"2026-04-05T05:36:13.802Z","level":"INFO","device":"100000000010","event":"MEDIA_CONNECTED","detail":"54.37.225.65:3388"}
{"ts":"2026-04-05T05:36:13.803Z","level":"INFO","device":"100000000010","event":"FILE_START","detail":"[1/2] 00_64_6401_00_86812001100000260405053613010200.jpg (215 bytes)"}
{"ts":"2026-04-05T05:36:13.803Z","level":"INFO","device":"100000000010","event":"SENT_1210","detail":"00_64_6401_00_86812001100000260405053613010200.jpg"}
{"ts":"2026-04-05T05:36:13.870Z","level":"INFO","device":"868120100005","event":"BATCH_COMPLETE","detail":"All 2 files sent"}
{"ts":"2026-04-05T05:36:13.903Z","level":"INFO","device":"100000000010","event":"SENT_RAW_MARKER","detail":"00_64_6401_00_86812001100000260405053613010200.jpg packet=277 bytes data=215 bytes"}
{"ts":"2026-04-05T05:36:13.904Z","level":"INFO","device":"100000000010","event":"SENT_1212","detail":"00_64_6401_00_86812001100000260405053613010200.jpg type=0"}
{"ts":"2026-04-05T05:36:14.014Z","level":"INFO","device":"100000000010","event":"MEDIA_RX","detail":"7E 80 01 00 05 86 81 20 01 10 00 FB D6 00 00 12 10 00 9D 7E"}
{"ts":"2026-04-05T05:36:14.206Z","level":"INFO","device":"100000000010","event":"FILE_START","detail":"[2/2] 02_64_6401_03_86812001100000260405053613010200.mp4 (65536 bytes)"}
{"ts":"2026-04-05T05:36:14.206Z","level":"INFO","device":"100000000010","event":"SENT_1210","detail":"02_64_6401_03_86812001100000260405053613010200.mp4"}
{"ts":"2026-04-05T05:36:14.223Z","level":"INFO","device":"100000000010","event":"MEDIA_RX","detail":"7E 92 12 00 36 86 81 20 01 10 00 C9 62 32 30 30 5F 36 34 5F 36 34 30 31 5F 30 30 5F 38 36 38 31 32 30 30 31 31 30 30 30 30 30 32 36 30 34 30 35 30 35 33 36 31 33 30 31 30 32 30 30 2E 6A 70 67 00 00 00 4A 7E"}
{"ts":"2026-04-05T05:36:14.301Z","level":"ERROR","device":"868120100005","event":"MEDIA_ERROR","detail":"54.37.225.65:3388 — read ECONNRESET"}
{"ts":"2026-04-05T05:36:14.302Z","level":"INFO","device":"868120100005","event":"MEDIA_CLOSED","detail":""}
{"ts":"2026-04-05T05:36:14.307Z","level":"INFO","device":"100000000010","event":"SENT_RAW_MARKER","detail":"02_64_6401_03_86812001100000260405053613010200.mp4 packet=65598 bytes data=65536 bytes"}
{"ts":"2026-04-05T05:36:14.307Z","level":"INFO","device":"100000000010","event":"SENT_1212","detail":"02_64_6401_03_86812001100000260405053613010200.mp4 type=2"}
{"ts":"2026-04-05T05:36:14.517Z","level":"INFO","device":"100000000010","event":"MEDIA_RX","detail":"7E 80 01 00 05 86 81 20 01 10 00 03 5C 00 02 12 10 00 ED 7E"}
{"ts":"2026-04-05T05:36:14.607Z","level":"INFO","device":"100000000010","event":"BATCH_COMPLETE","detail":"All 2 files sent"}
{"ts":"2026-04-05T05:36:15.027Z","level":"ERROR","device":"100000000010","event":"MEDIA_ERROR","detail":"54.37.225.65:3388 — read ECONNRESET"}
{"ts":"2026-04-05T05:36:15.027Z","level":"INFO","device":"100000000010","event":"MEDIA_CLOSED","detail":""}
{"ts":"2026-04-05T05:36:17.455Z","level":"INFO","device":"868120100009","event":"RX_MSG","detail":"0x9101 bodyLen=20"}
{"ts":"2026-04-05T05:36:17.458Z","level":"INFO","device":"868120100009","event":"SENT_ACK","detail":"0x0001 acknowledging Live Stream Request"}
{"ts":"2026-04-05T05:36:17.459Z","level":"INFO","device":"868120100009","event":"LIVE_STREAM_REQ","detail":"Target: 54.37.225.65:3388 | Channel: 2"}
{"ts":"2026-04-05T05:36:17.459Z","level":"INFO","device":"868120100009","event":"LIVE_STREAM_CONNECTING","detail":"54.37.225.65:3388"}
{"ts":"2026-04-05T05:36:17.460Z","level":"INFO","device":"868120100009","event":"LIVE_STREAM_CLOSED","detail":"Stream ended."}
{"ts":"2026-04-05T05:36:17.461Z","level":"INFO","device":"868120100009","event":"LIVE_STREAM_CLOSED","detail":"Stream ended."}
{"ts":"2026-04-05T05:36:26.756Z","level":"INFO","device":"200000000001","event":"OBD2_SENT_0x0200","detail":"Lat: 51.737554, Lng: 0.478383 | Speed: 31km/h | RPM: 2047"}
{"ts":"2026-04-05T05:36:26.881Z","level":"INFO","device":"200000000002","event":"OBD2_SENT_0x0200","detail":"Lat: 51.737374, Lng: 0.479066 | Speed: 34km/h | RPM: 2159"}
{"ts":"2026-04-05T05:36:26.960Z","level":"INFO","device":"200000000001","event":"SERVER_ACK","detail":"0x8001 Universal Reply Received"}
{"ts":"2026-04-05T05:36:27.037Z","level":"INFO","device":"200000000003","event":"OBD2_SENT_0x0200","detail":"Lat: 51.737207, Lng: 0.479482 | Speed: 40km/h | RPM: 2413"}
{"ts":"2026-04-05T05:36:27.085Z","level":"INFO","device":"200000000002","event":"SERVER_ACK","detail":"0x8001 Universal Reply Received"}
{"ts":"2026-04-05T05:36:27.181Z","level":"INFO","device":"200000000004","event":"OBD2_SENT_0x0200","detail":"Lat: 51.737377, Lng: 0.479058 | Speed: 39km/h | RPM: 2379"}
{"ts":"2026-04-05T05:36:27.221Z","level":"INFO","device":"200000000003","event":"SERVER_ACK","detail":"0x8001 Universal Reply Received"}
{"ts":"2026-04-05T05:36:27.330Z","level":"INFO","device":"200000000005","event":"OBD2_SENT_0x0200","detail":"Lat: 51.737594, Lng: 0.478225 | Speed: 41km/h | RPM: 2436"}
{"ts":"2026-04-05T05:36:27.393Z","level":"INFO","device":"200000000004","event":"SERVER_ACK","detail":"0x8001 Universal Reply Received"}
{"ts":"2026-04-05T05:36:27.484Z","level":"INFO","device":"200000000006","event":"OBD2_SENT_0x0200","detail":"Lat: 51.736706, Lng: 0.480392 | Speed: 46km/h | RPM: 2659"}
{"ts":"2026-04-05T05:36:27.532Z","level":"INFO","device":"200000000005","event":"SERVER_ACK","detail":"0x8001 Universal Reply Received"}
{"ts":"2026-04-05T05:36:27.633Z","level":"INFO","device":"200000000007","event":"OBD2_SENT_0x0200","detail":"Lat: 51.736546, Lng: 0.480606 | Speed: 49km/h | RPM: 2778"}
{"ts":"2026-04-05T05:36:27.678Z","level":"INFO","device":"200000000006","event":"SERVER_ACK","detail":"0x8001 Universal Reply Received"}
{"ts":"2026-04-05T05:36:27.779Z","level":"INFO","device":"200000000008","event":"OBD2_SENT_0x0200","detail":"Lat: 51.736278, Lng: 0.480942 | Speed: 48km/h | RPM: 2708"}
{"ts":"2026-04-05T05:36:27.843Z","level":"INFO","device":"200000000007","event":"SERVER_ACK","detail":"0x8001 Universal Reply Received"}
{"ts":"2026-04-05T05:36:27.934Z","level":"INFO","device":"200000000009","event":"OBD2_SENT_0x0200","detail":"Lat: 51.737281, Lng: 0.479297 | Speed: 41km/h | RPM: 2441"}
{"ts":"2026-04-05T05:36:27.967Z","level":"INFO","device":"200000000008","event":"SERVER_ACK","detail":"0x8001 Universal Reply Received"}
{"ts":"2026-04-05T05:36:28.080Z","level":"INFO","device":"200000000010","event":"OBD2_SENT_0x0200","detail":"Lat: 51.737215, Lng: 0.479463 | Speed: 43km/h | RPM: 2518"}
{"ts":"2026-04-05T05:36:28.146Z","level":"INFO","device":"200000000009","event":"SERVER_ACK","detail":"0x8001 Universal Reply Received"}
{"ts":"2026-04-05T05:36:28.292Z","level":"INFO","device":"200000000010","event":"SERVER_ACK","detail":"0x8001 Universal Reply Received"}
{"ts":"2026-04-05T05:36:31.750Z","level":"INFO","device":"868120018681","event":"GPS_SENT","detail":""}
{"ts":"2026-04-05T05:36:31.878Z","level":"INFO","device":"868120100002","event":"GPS_SENT","detail":""}
{"ts":"2026-04-05T05:36:31.962Z","level":"INFO","device":"868120018681","event":"RX_MSG","detail":"0x8001 bodyLen=5"}
{"ts":"2026-04-05T05:36:31.962Z","level":"INFO","device":"868120018681","event":"SERVER_ACK","detail":"0x0200 result=OK"}
{"ts":"2026-04-05T05:36:32.032Z","level":"INFO","device":"868120100003","event":"GPS_SENT","detail":""}
{"ts":"2026-04-05T05:36:32.079Z","level":"INFO","device":"868120100002","event":"RX_MSG","detail":"0x8001 bodyLen=5"}
{"ts":"2026-04-05T05:36:32.082Z","level":"INFO","device":"868120100002","event":"SERVER_ACK","detail":"0x0200 result=OK"}
{"ts":"2026-04-05T05:36:32.177Z","level":"INFO","device":"868120100004","event":"GPS_SENT","detail":""}
{"ts":"2026-04-05T05:36:32.219Z","level":"INFO","device":"868120100003","event":"RX_MSG","detail":"0x8001 bodyLen=5"}
{"ts":"2026-04-05T05:36:32.219Z","level":"INFO","device":"868120100003","event":"SERVER_ACK","detail":"0x0200 result=OK"}
{"ts":"2026-04-05T05:36:32.330Z","level":"INFO","device":"868120100005","event":"GPS_SENT","detail":""}
{"ts":"2026-04-05T05:36:32.363Z","level":"INFO","device":"868120100004","event":"RX_MSG","detail":"0x8001 bodyLen=5"}
{"ts":"2026-04-05T05:36:32.364Z","level":"INFO","device":"868120100004","event":"SERVER_ACK","detail":"0x0200 result=OK"}
{"ts":"2026-04-05T05:36:32.482Z","level":"INFO","device":"868120100006","event":"GPS_SENT","detail":""}
{"ts":"2026-04-05T05:36:32.531Z","level":"INFO","device":"868120100005","event":"RX_MSG","detail":"0x8001 bodyLen=5"}
{"ts":"2026-04-05T05:36:32.532Z","level":"INFO","device":"868120100005","event":"SERVER_ACK","detail":"0x0200 result=OK"}
{"ts":"2026-04-05T05:36:32.631Z","level":"INFO","device":"868120100007","event":"GPS_SENT","detail":""}
{"ts":"2026-04-05T05:36:32.694Z","level":"INFO","device":"868120100006","event":"RX_MSG","detail":"0x8001 bodyLen=5"}
{"ts":"2026-04-05T05:36:32.694Z","level":"INFO","device":"868120100006","event":"SERVER_ACK","detail":"0x0200 result=OK"}
{"ts":"2026-04-05T05:36:32.780Z","level":"INFO","device":"868120100008","event":"GPS_SENT","detail":""}
{"ts":"2026-04-05T05:36:32.835Z","level":"INFO","device":"868120100007","event":"RX_MSG","detail":"0x8001 bodyLen=5"}
{"ts":"2026-04-05T05:36:32.836Z","level":"INFO","device":"868120100007","event":"SERVER_ACK","detail":"0x0200 result=OK"}
{"ts":"2026-04-05T05:36:32.930Z","level":"INFO","device":"868120100009","event":"GPS_SENT","detail":""}
{"ts":"2026-04-05T05:36:32.991Z","level":"INFO","device":"868120100008","event":"RX_MSG","detail":"0x8001 bodyLen=5"}
{"ts":"2026-04-05T05:36:32.991Z","level":"INFO","device":"868120100008","event":"SERVER_ACK","detail":"0x0200 result=OK"}
{"ts":"2026-04-05T05:36:33.080Z","level":"INFO","device":"100000000010","event":"GPS_SENT","detail":""}
{"ts":"2026-04-05T05:36:33.140Z","level":"INFO","device":"868120100009","event":"RX_MSG","detail":"0x8001 bodyLen=5"}
{"ts":"2026-04-05T05:36:33.140Z","level":"INFO","device":"868120100009","event":"SERVER_ACK","detail":"0x0200 result=OK"}
{"ts":"2026-04-05T05:36:33.283Z","level":"INFO","device":"100000000010","event":"RX_MSG","detail":"0x8001 bodyLen=5"}
{"ts":"2026-04-05T05:36:33.283Z","level":"INFO","device":"100000000010","event":"SERVER_ACK","detail":"0x0200 result=OK"}
{"ts":"2026-04-05T05:36:41.745Z","level":"INFO","device":"200000000001","event":"HEARTBEAT_SENT","detail":"0x0002"}
{"ts":"2026-04-05T05:36:41.756Z","level":"INFO","device":"200000000001","event":"OBD2_SENT_0x0200","detail":"Lat: 51.736940, Lng: 0.480079 | Speed: 35km/h | RPM: 2180"}
{"ts":"2026-04-05T05:36:41.881Z","level":"INFO","device":"200000000002","event":"HEARTBEAT_SENT","detail":"0x0002"}
{"ts":"2026-04-05T05:36:41.883Z","level":"INFO","device":"200000000002","event":"OBD2_SENT_0x0200","detail":"Lat: 51.736625, Lng: 0.480499 | Speed: 31km/h | RPM: 2026"}
{"ts":"2026-04-05T05:36:41.948Z","level":"INFO","device":"200000000001","event":"SERVER_ACK","detail":"0x8001 Universal Reply Received"}
{"ts":"2026-04-05T05:36:42.034Z","level":"INFO","device":"200000000003","event":"HEARTBEAT_SENT","detail":"0x0002"}
{"ts":"2026-04-05T05:36:42.037Z","level":"INFO","device":"200000000003","event":"OBD2_SENT_0x0200","detail":"Lat: 51.735942, Lng: 0.481335 | Speed: 45km/h | RPM: 2596"}
{"ts":"2026-04-05T05:36:42.082Z","level":"INFO","device":"200000000002","event":"SERVER_ACK","detail":"0x8001 Universal Reply Received"}
{"ts":"2026-04-05T05:36:42.180Z","level":"INFO","device":"200000000004","event":"HEARTBEAT_SENT","detail":"0x0002"}
{"ts":"2026-04-05T05:36:42.182Z","level":"INFO","device":"200000000004","event":"OBD2_SENT_0x0200","detail":"Lat: 51.736352, Lng: 0.480855 | Speed: 40km/h | RPM: 2391"}
{"ts":"2026-04-05T05:36:42.218Z","level":"INFO","device":"200000000003","event":"SERVER_ACK","detail":"0x8001 Universal Reply Received"}
{"ts":"2026-04-05T05:36:42.270Z","level":"INFO","device":"200000000001","event":"SERVER_ACK","detail":"0x8001 Universal Reply Received"}
{"ts":"2026-04-05T05:36:42.331Z","level":"INFO","device":"200000000005","event":"HEARTBEAT_SENT","detail":"0x0002"}
{"ts":"2026-04-05T05:36:42.331Z","level":"INFO","device":"200000000005","event":"OBD2_SENT_0x0200","detail":"Lat: 51.736734, Lng: 0.480354 | Speed: 45km/h | RPM: 2587"}
{"ts":"2026-04-05T05:36:42.393Z","level":"INFO","device":"200000000004","event":"SERVER_ACK","detail":"0x8001 Universal Reply Received"}
{"ts":"2026-04-05T05:36:42.426Z","level":"INFO","device":"200000000002","event":"SERVER_ACK","detail":"0x8001 Universal Reply Received"}
{"ts":"2026-04-05T05:36:42.484Z","level":"INFO","device":"200000000006","event":"OBD2_SENT_0x0200","detail":"Lat: 51.735499, Lng: 0.481851 | Speed: 42km/h | RPM: 2471"}
{"ts":"2026-04-05T05:36:42.485Z","level":"INFO","device":"200000000006","event":"HEARTBEAT_SENT","detail":"0x0002"}
{"ts":"2026-04-05T05:36:42.533Z","level":"INFO","device":"200000000003","event":"SERVER_ACK","detail":"0x8001 Universal Reply Received"}
{"ts":"2026-04-05T05:36:42.533Z","level":"INFO","device":"200000000005","event":"SERVER_ACK","detail":"0x8001 Universal Reply Received"}
{"ts":"2026-04-05T05:36:42.631Z","level":"INFO","device":"200000000007","event":"HEARTBEAT_SENT","detail":"0x0002"}
{"ts":"2026-04-05T05:36:42.633Z","level":"INFO","device":"200000000007","event":"OBD2_SENT_0x0200","detail":"Lat: 51.735026, Lng: 0.482403 | Speed: 53km/h | RPM: 2904"}
{"ts":"2026-04-05T05:36:42.681Z","level":"INFO","device":"200000000006","event":"SERVER_ACK","detail":"0x8001 Universal Reply Received"}
{"ts":"2026-04-05T05:36:42.747Z","level":"INFO","device":"200000000004","event":"SERVER_ACK","detail":"0x8001 Universal Reply Received"}
{"ts":"2026-04-05T05:36:42.780Z","level":"INFO","device":"200000000008","event":"HEARTBEAT_SENT","detail":"0x0002"}
{"ts":"2026-04-05T05:36:42.780Z","level":"INFO","device":"200000000008","event":"OBD2_SENT_0x0200","detail":"Lat: 51.734960, Lng: 0.482480 | Speed: 43km/h | RPM: 2536"}
{"ts":"2026-04-05T05:36:42.842Z","level":"INFO","device":"200000000007","event":"SERVER_ACK","detail":"0x8001 Universal Reply Received"}
{"ts":"2026-04-05T05:36:42.860Z","level":"INFO","device":"200000000005","event":"SERVER_ACK","detail":"0x8001 Universal Reply Received"}
{"ts":"2026-04-05T05:36:42.933Z","level":"INFO","device":"200000000009","event":"HEARTBEAT_SENT","detail":"0x0002"}
{"ts":"2026-04-05T05:36:42.934Z","level":"INFO","device":"200000000009","event":"OBD2_SENT_0x0200","detail":"Lat: 51.736061, Lng: 0.481196 | Speed: 45km/h | RPM: 2585"}
{"ts":"2026-04-05T05:36:42.966Z","level":"INFO","device":"200000000008","event":"SERVER_ACK","detail":"0x8001 Universal Reply Received"}
{"ts":"2026-04-05T05:36:43.008Z","level":"INFO","device":"200000000006","event":"SERVER_ACK","detail":"0x8001 Universal Reply Received"}
{"ts":"2026-04-05T05:36:43.079Z","level":"INFO","device":"200000000010","event":"HEARTBEAT_SENT","detail":"0x0002"}
{"ts":"2026-04-05T05:36:43.081Z","level":"INFO","device":"200000000010","event":"OBD2_SENT_0x0200","detail":"Lat: 51.735956, Lng: 0.481317 | Speed: 45km/h | RPM: 2591"}
{"ts":"2026-04-05T05:36:43.143Z","level":"INFO","device":"200000000009","event":"SERVER_ACK","detail":"0x8001 Universal Reply Received"}
{"ts":"2026-04-05T05:36:43.180Z","level":"INFO","device":"200000000007","event":"SERVER_ACK","detail":"0x8001 Universal Reply Received"}
{"ts":"2026-04-05T05:36:43.280Z","level":"INFO","device":"200000000008","event":"SERVER_ACK","detail":"0x8001 Universal Reply Received"}
{"ts":"2026-04-05T05:36:43.290Z","level":"INFO","device":"200000000010","event":"SERVER_ACK","detail":"0x8001 Universal Reply Received"}
{"ts":"2026-04-05T05:36:43.492Z","level":"INFO","device":"200000000009","event":"SERVER_ACK","detail":"0x8001 Universal Reply Received"}
{"ts":"2026-04-05T05:36:43.616Z","level":"INFO","device":"200000000010","event":"SERVER_ACK","detail":"0x8001 Universal Reply Received"}
{"ts":"2026-04-05T05:36:51.759Z","level":"INFO","device":"868120018681","event":"GPS_SENT","detail":""}
{"ts":"2026-04-05T05:36:51.879Z","level":"INFO","device":"868120100002","event":"GPS_SENT","detail":""}
{"ts":"2026-04-05T05:36:51.968Z","level":"INFO","device":"868120018681","event":"RX_MSG","detail":"0x8001 bodyLen=5"}
{"ts":"2026-04-05T05:36:51.969Z","level":"INFO","device":"868120018681","event":"SERVER_ACK","detail":"0x0200 result=OK"}
{"ts":"2026-04-05T05:36:52.032Z","level":"INFO","device":"868120100003","event":"GPS_SENT","detail":""}
{"ts":"2026-04-05T05:36:52.079Z","level":"INFO","device":"868120100002","event":"RX_MSG","detail":"0x8001 bodyLen=5"}
{"ts":"2026-04-05T05:36:52.080Z","level":"INFO","device":"868120100002","event":"SERVER_ACK","detail":"0x0200 result=OK"}
{"ts":"2026-04-05T05:36:52.177Z","level":"INFO","device":"868120100004","event":"GPS_SENT","detail":""}
{"ts":"2026-04-05T05:36:52.218Z","level":"INFO","device":"868120100003","event":"RX_MSG","detail":"0x8001 bodyLen=5"}
{"ts":"2026-04-05T05:36:52.219Z","level":"INFO","device":"868120100003","event":"SERVER_ACK","detail":"0x0200 result=OK"}
{"ts":"2026-04-05T05:36:52.330Z","level":"INFO","device":"868120100005","event":"GPS_SENT","detail":""}
{"ts":"2026-04-05T05:36:52.363Z","level":"INFO","device":"868120100004","event":"RX_MSG","detail":"0x8001 bodyLen=5"}
{"ts":"2026-04-05T05:36:52.364Z","level":"INFO","device":"868120100004","event":"SERVER_ACK","detail":"0x0200 result=OK"}
{"ts":"2026-04-05T05:36:52.482Z","level":"INFO","device":"868120100006","event":"GPS_SENT","detail":""}
{"ts":"2026-04-05T05:36:52.531Z","level":"INFO","device":"868120100005","event":"RX_MSG","detail":"0x8001 bodyLen=5"}
{"ts":"2026-04-05T05:36:52.531Z","level":"INFO","device":"868120100005","event":"SERVER_ACK","detail":"0x0200 result=OK"}
{"ts":"2026-04-05T05:36:52.631Z","level":"INFO","device":"868120100007","event":"GPS_SENT","detail":""}
{"ts":"2026-04-05T05:36:52.694Z","level":"INFO","device":"868120100006","event":"RX_MSG","detail":"0x8001 bodyLen=5"}
{"ts":"2026-04-05T05:36:52.695Z","level":"INFO","device":"868120100006","event":"SERVER_ACK","detail":"0x0200 result=OK"}
{"ts":"2026-04-05T05:36:52.779Z","level":"INFO","device":"868120100008","event":"GPS_SENT","detail":""}
{"ts":"2026-04-05T05:36:52.790Z","level":"ERROR","device":"300000000001","event":"SOCKET_ERROR","detail":"ECONNREFUSED"}
{"ts":"2026-04-05T05:36:52.834Z","level":"INFO","device":"868120100007","event":"RX_MSG","detail":"0x8001 bodyLen=5"}
{"ts":"2026-04-05T05:36:52.835Z","level":"INFO","device":"868120100007","event":"SERVER_ACK","detail":"0x0200 result=OK"}
{"ts":"2026-04-05T05:36:52.929Z","level":"INFO","device":"868120100009","event":"GPS_SENT","detail":""}
{"ts":"2026-04-05T05:36:52.989Z","level":"INFO","device":"868120100008","event":"RX_MSG","detail":"0x8001 bodyLen=5"}
{"ts":"2026-04-05T05:36:52.989Z","level":"INFO","device":"868120100008","event":"SERVER_ACK","detail":"0x0200 result=OK"}
{"ts":"2026-04-05T05:36:53.079Z","level":"INFO","device":"100000000010","event":"GPS_SENT","detail":""}
{"ts":"2026-04-05T05:36:53.139Z","level":"INFO","device":"868120100009","event":"RX_MSG","detail":"0x8001 bodyLen=5"}
{"ts":"2026-04-05T05:36:53.140Z","level":"INFO","device":"868120100009","event":"SERVER_ACK","detail":"0x0200 result=OK"}
{"ts":"2026-04-05T05:36:53.281Z","level":"INFO","device":"100000000010","event":"RX_MSG","detail":"0x8001 bodyLen=5"}
{"ts":"2026-04-05T05:36:53.281Z","level":"INFO","device":"100000000010","event":"SERVER_ACK","detail":"0x0200 result=OK"}
{"ts":"2026-04-05T05:36:54.153Z","level":"ERROR","device":"300000000010","event":"SOCKET_ERROR","detail":"ECONNREFUSED"}
{"ts":"2026-04-05T05:36:56.759Z","level":"INFO","device":"200000000001","event":"OBD2_SENT_0x0200","detail":"Lat: 51.736072, Lng: 0.481183 | Speed: 30km/h | RPM: 2003"}
{"ts":"2026-04-05T05:36:56.883Z","level":"INFO","device":"200000000002","event":"OBD2_SENT_0x0200","detail":"Lat: 51.735789, Lng: 0.481513 | Speed: 29km/h | RPM: 1958"}
{"ts":"2026-04-05T05:36:56.966Z","level":"INFO","device":"200000000001","event":"SERVER_ACK","detail":"0x8001 Universal Reply Received"}
{"ts":"2026-04-05T05:36:57.036Z","level":"INFO","device":"200000000003","event":"OBD2_SENT_0x0200","detail":"Lat: 51.734681, Lng: 0.482805 | Speed: 41km/h | RPM: 2460"}
{"ts":"2026-04-05T05:36:57.085Z","level":"INFO","device":"200000000002","event":"SERVER_ACK","detail":"0x8001 Universal Reply Received"}
{"ts":"2026-04-05T05:36:57.182Z","level":"INFO","device":"200000000004","event":"OBD2_SENT_0x0200","detail":"Lat: 51.735096, Lng: 0.482321 | Speed: 41km/h | RPM: 2454"}
{"ts":"2026-04-05T05:36:57.221Z","level":"INFO","device":"200000000003","event":"SERVER_ACK","detail":"0x8001 Universal Reply Received"}
{"ts":"2026-04-05T05:36:57.331Z","level":"INFO","device":"200000000005","event":"OBD2_SENT_0x0200","detail":"Lat: 51.735412, Lng: 0.481953 | Speed: 46km/h | RPM: 2630"}
{"ts":"2026-04-05T05:36:57.395Z","level":"INFO","device":"200000000004","event":"SERVER_ACK","detail":"0x8001 Universal Reply Received"}
{"ts":"2026-04-05T05:36:57.484Z","level":"INFO","device":"200000000006","event":"OBD2_SENT_0x0200","detail":"Lat: 51.734344, Lng: 0.483310 | Speed: 40km/h | RPM: 2389"}
{"ts":"2026-04-05T05:36:57.534Z","level":"INFO","device":"200000000005","event":"SERVER_ACK","detail":"0x8001 Universal Reply Received"}
{"ts":"2026-04-05T05:36:57.632Z","level":"INFO","device":"200000000007","event":"OBD2_SENT_0x0200","detail":"Lat: 51.733806, Lng: 0.484362 | Speed: 48km/h | RPM: 2733"}
{"ts":"2026-04-05T05:36:57.679Z","level":"INFO","device":"200000000006","event":"SERVER_ACK","detail":"0x8001 Universal Reply Received"}
{"ts":"2026-04-05T05:36:57.781Z","level":"INFO","device":"200000000008","event":"OBD2_SENT_0x0200","detail":"Lat: 51.733845, Lng: 0.484274 | Speed: 44km/h | RPM: 2569"}
{"ts":"2026-04-05T05:36:57.843Z","level":"INFO","device":"200000000007","event":"SERVER_ACK","detail":"0x8001 Universal Reply Received"}
{"ts":"2026-04-05T05:36:57.935Z","level":"INFO","device":"200000000009","event":"OBD2_SENT_0x0200","detail":"Lat: 51.734585, Lng: 0.482923 | Speed: 49km/h | RPM: 2746"}
{"ts":"2026-04-05T05:36:57.968Z","level":"INFO","device":"200000000008","event":"SERVER_ACK","detail":"0x8001 Universal Reply Received"}
{"ts":"2026-04-05T05:36:58.081Z","level":"INFO","device":"200000000010","event":"OBD2_SENT_0x0200","detail":"Lat: 51.734604, Lng: 0.482895 | Speed: 45km/h | RPM: 2581"}
{"ts":"2026-04-05T05:36:58.146Z","level":"INFO","device":"200000000009","event":"SERVER_ACK","detail":"0x8001 Universal Reply Received"}
{"ts":"2026-04-05T05:36:58.291Z","level":"INFO","device":"200000000010","event":"SERVER_ACK","detail":"0x8001 Universal Reply Received"}
{"ts":"2026-04-05T05:37:04.900Z","level":"ERROR","device":"300000000002","event":"SOCKET_ERROR","detail":"ECONNREFUSED"}
{"ts":"2026-04-05T05:37:11.745Z","level":"INFO","device":"200000000001","event":"HEARTBEAT_SENT","detail":"0x0002"}
{"ts":"2026-04-05T05:37:11.759Z","level":"INFO","device":"868120018681","event":"GPS_SENT","detail":""}
{"ts":"2026-04-05T05:37:11.759Z","level":"INFO","device":"200000000001","event":"OBD2_SENT_0x0200","detail":"Lat: 51.735051, Lng: 0.482374 | Speed: 34km/h | RPM: 2144"}
{"ts":"2026-04-05T05:37:11.879Z","level":"INFO","device":"868120100002","event":"GPS_SENT","detail":""}
{"ts":"2026-04-05T05:37:11.882Z","level":"INFO","device":"200000000002","event":"HEARTBEAT_SENT","detail":"0x0002"}
{"ts":"2026-04-05T05:37:11.883Z","level":"INFO","device":"200000000002","event":"OBD2_SENT_0x0200","detail":"Lat: 51.735013, Lng: 0.482418 | Speed: 26km/h | RPM: 1822"}
{"ts":"2026-04-05T05:37:11.947Z","level":"INFO","device":"200000000001","event":"SERVER_ACK","detail":"0x8001 Universal Reply Received"}
{"ts":"2026-04-05T05:37:11.969Z","level":"INFO","device":"868120018681","event":"RX_MSG","detail":"0x8001 bodyLen=5"}
{"ts":"2026-04-05T05:37:11.969Z","level":"INFO","device":"868120018681","event":"SERVER_ACK","detail":"0x0200 result=OK"}
{"ts":"2026-04-05T05:37:12.031Z","level":"INFO","device":"200000000003","event":"DTC_SENT_0x0900","detail":"Injected Fault Code: C1234"}
{"ts":"2026-04-05T05:37:12.032Z","level":"INFO","device":"868120100003","event":"GPS_SENT","detail":""}
{"ts":"2026-04-05T05:37:12.035Z","level":"INFO","device":"200000000003","event":"HEARTBEAT_SENT","detail":"0x0002"}
{"ts":"2026-04-05T05:37:12.037Z","level":"INFO","device":"200000000003","event":"OBD2_SENT_0x0200","detail":"Lat: 51.733734, Lng: 0.484523 | Speed: 40km/h | RPM: 2420"}
{"ts":"2026-04-05T05:37:12.079Z","level":"INFO","device":"868120100002","event":"RX_MSG","detail":"0x8001 bodyLen=5"}
{"ts":"2026-04-05T05:37:12.080Z","level":"INFO","device":"868120100002","event":"SERVER_ACK","detail":"0x0200 result=OK"}
{"ts":"2026-04-05T05:37:12.083Z","level":"INFO","device":"200000000002","event":"SERVER_ACK","detail":"0x8001 Universal Reply Received"}
{"ts":"2026-04-05T05:37:12.178Z","level":"INFO","device":"868120100004","event":"GPS_SENT","detail":""}
{"ts":"2026-04-05T05:37:12.180Z","level":"INFO","device":"200000000004","event":"HEARTBEAT_SENT","detail":"0x0002"}
{"ts":"2026-04-05T05:37:12.182Z","level":"INFO","device":"200000000004","event":"OBD2_SENT_0x0200","detail":"Lat: 51.733968, Lng: 0.483997 | Speed: 43km/h | RPM: 2505"}
{"ts":"2026-04-05T05:37:12.218Z","level":"INFO","device":"868120100003","event":"RX_MSG","detail":"0x8001 bodyLen=5"}
{"ts":"2026-04-05T05:37:12.218Z","level":"INFO","device":"868120100003","event":"SERVER_ACK","detail":"0x0200 result=OK"}
{"ts":"2026-04-05T05:37:12.220Z","level":"INFO","device":"200000000003","event":"SERVER_ACK","detail":"0x8001 Universal Reply Received"}
{"ts":"2026-04-05T05:37:12.257Z","level":"INFO","device":"200000000001","event":"SERVER_ACK","detail":"0x8001 Universal Reply Received"}
{"ts":"2026-04-05T05:37:12.330Z","level":"INFO","device":"868120100005","event":"GPS_SENT","detail":""}
{"ts":"2026-04-05T05:37:12.331Z","level":"INFO","device":"200000000005","event":"HEARTBEAT_SENT","detail":"0x0002"}
{"ts":"2026-04-05T05:37:12.331Z","level":"INFO","device":"200000000005","event":"OBD2_SENT_0x0200","detail":"Lat: 51.734195, Lng: 0.483549 | Speed: 43km/h | RPM: 2510"}
{"ts":"2026-04-05T05:37:12.362Z","level":"INFO","device":"868120100004","event":"RX_MSG","detail":"0x8001 bodyLen=5"}
{"ts":"2026-04-05T05:37:12.362Z","level":"INFO","device":"868120100004","event":"SERVER_ACK","detail":"0x0200 result=OK"}
{"ts":"2026-04-05T05:37:12.392Z","level":"INFO","device":"200000000004","event":"SERVER_ACK","detail":"0x8001 Universal Reply Received"}
{"ts":"2026-04-05T05:37:12.413Z","level":"INFO","device":"200000000002","event":"SERVER_ACK","detail":"0x8001 Universal Reply Received"}
{"ts":"2026-04-05T05:37:12.482Z","level":"INFO","device":"868120100006","event":"GPS_SENT","detail":""}
{"ts":"2026-04-05T05:37:12.483Z","level":"INFO","device":"200000000006","event":"OBD2_SENT_0x0200","detail":"Lat: 51.733487, Lng: 0.485311 | Speed: 41km/h | RPM: 2452"}
{"ts":"2026-04-05T05:37:12.485Z","level":"INFO","device":"200000000006","event":"HEARTBEAT_SENT","detail":"0x0002"}
{"ts":"2026-04-05T05:37:12.520Z","level":"INFO","device":"200000000003","event":"SERVER_ACK","detail":"0x8001 Universal Reply Received"}
{"ts":"2026-04-05T05:37:12.531Z","level":"INFO","device":"868120100005","event":"RX_MSG","detail":"0x8001 bodyLen=5"}
{"ts":"2026-04-05T05:37:12.532Z","level":"INFO","device":"868120100005","event":"SERVER_ACK","detail":"0x0200 result=OK"}
{"ts":"2026-04-05T05:37:12.532Z","level":"INFO","device":"200000000005","event":"SERVER_ACK","detail":"0x8001 Universal Reply Received"}
{"ts":"2026-04-05T05:37:12.631Z","level":"INFO","device":"868120100007","event":"GPS_SENT","detail":""}
{"ts":"2026-04-05T05:37:12.631Z","level":"INFO","device":"200000000007","event":"HEARTBEAT_SENT","detail":"0x0002"}
{"ts":"2026-04-05T05:37:12.632Z","level":"INFO","device":"200000000007","event":"OBD2_SENT_0x0200","detail":"Lat: 51.733011, Lng: 0.487354 | Speed: 53km/h | RPM: 2919"}
{"ts":"2026-04-05T05:37:12.677Z","level":"INFO","device":"200000000006","event":"SERVER_ACK","detail":"0x8001 Universal Reply Received"}
{"ts":"2026-04-05T05:37:12.693Z","level":"INFO","device":"868120100006","event":"RX_MSG","detail":"0x8001 bodyLen=5"}
{"ts":"2026-04-05T05:37:12.694Z","level":"INFO","device":"868120100006","event":"SERVER_ACK","detail":"0x0200 result=OK"}
{"ts":"2026-04-05T05:37:12.734Z","level":"INFO","device":"200000000004","event":"SERVER_ACK","detail":"0x8001 Universal Reply Received"}
{"ts":"2026-04-05T05:37:12.781Z","level":"INFO","device":"868120100008","event":"GPS_SENT","detail":""}
{"ts":"2026-04-05T05:37:12.782Z","level":"INFO","device":"200000000008","event":"DTC_SENT_0x0900","detail":"Injected Fault Code: P0300"}
{"ts":"2026-04-05T05:37:12.782Z","level":"INFO","device":"200000000008","event":"HEARTBEAT_SENT","detail":"0x0002"}
{"ts":"2026-04-05T05:37:12.783Z","level":"INFO","device":"200000000008","event":"OBD2_SENT_0x0200","detail":"Lat: 51.733184, Lng: 0.486666 | Speed: 44km/h | RPM: 2570"}
{"ts":"2026-04-05T05:37:12.835Z","level":"INFO","device":"868120100007","event":"RX_MSG","detail":"0x8001 bodyLen=5"}
{"ts":"2026-04-05T05:37:12.835Z","level":"INFO","device":"868120100007","event":"SERVER_ACK","detail":"0x0200 result=OK"}
{"ts":"2026-04-05T05:37:12.843Z","level":"INFO","device":"200000000007","event":"SERVER_ACK","detail":"0x8001 Universal Reply Received"}
{"ts":"2026-04-05T05:37:12.849Z","level":"INFO","device":"200000000005","event":"SERVER_ACK","detail":"0x8001 Universal Reply Received"}
{"ts":"2026-04-05T05:37:12.929Z","level":"INFO","device":"868120100009","event":"GPS_SENT","detail":""}
{"ts":"2026-04-05T05:37:12.932Z","level":"INFO","device":"200000000009","event":"HEARTBEAT_SENT","detail":"0x0002"}
{"ts":"2026-04-05T05:37:12.936Z","level":"INFO","device":"200000000009","event":"OBD2_SENT_0x0200","detail":"Lat: 51.733541, Lng: 0.485129 | Speed: 47km/h | RPM: 2678"}
{"ts":"2026-04-05T05:37:12.972Z","level":"INFO","device":"200000000008","event":"SERVER_ACK","detail":"0x8001 Universal Reply Received"}
{"ts":"2026-04-05T05:37:12.992Z","level":"INFO","device":"868120100008","event":"RX_MSG","detail":"0x8001 bodyLen=5"}
{"ts":"2026-04-05T05:37:12.992Z","level":"INFO","device":"868120100008","event":"SERVER_ACK","detail":"0x0200 result=OK"}
{"ts":"2026-04-05T05:37:12.996Z","level":"INFO","device":"200000000006","event":"SERVER_ACK","detail":"0x8001 Universal Reply Received"}
{"ts":"2026-04-05T05:37:13.080Z","level":"INFO","device":"100000000010","event":"GPS_SENT","detail":""}
{"ts":"2026-04-05T05:37:13.080Z","level":"INFO","device":"200000000010","event":"HEARTBEAT_SENT","detail":"0x0002"}
{"ts":"2026-04-05T05:37:13.083Z","level":"INFO","device":"200000000010","event":"OBD2_SENT_0x0200","detail":"Lat: 51.733624, Lng: 0.484854 | Speed: 45km/h | RPM: 2586"}
{"ts":"2026-04-05T05:37:13.138Z","level":"INFO","device":"868120100009","event":"RX_MSG","detail":"0x8001 bodyLen=5"}
{"ts":"2026-04-05T05:37:13.139Z","level":"INFO","device":"868120100009","event":"SERVER_ACK","detail":"0x0200 result=OK"}
{"ts":"2026-04-05T05:37:13.143Z","level":"INFO","device":"200000000009","event":"SERVER_ACK","detail":"0x8001 Universal Reply Received"}
{"ts":"2026-04-05T05:37:13.172Z","level":"INFO","device":"200000000007","event":"SERVER_ACK","detail":"0x8001 Universal Reply Received"}
{"ts":"2026-04-05T05:37:13.271Z","level":"INFO","device":"200000000008","event":"SERVER_ACK","detail":"0x8001 Universal Reply Received"}
{"ts":"2026-04-05T05:37:13.281Z","level":"INFO","device":"100000000010","event":"RX_MSG","detail":"0x8001 bodyLen=5"}
{"ts":"2026-04-05T05:37:13.281Z","level":"INFO","device":"100000000010","event":"SERVER_ACK","detail":"0x0200 result=OK"}
{"ts":"2026-04-05T05:37:13.292Z","level":"INFO","device":"200000000010","event":"SERVER_ACK","detail":"0x8001 Universal Reply Received"}
{"ts":"2026-04-05T05:37:13.483Z","level":"INFO","device":"200000000009","event":"SERVER_ACK","detail":"0x8001 Universal Reply Received"}
{"ts":"2026-04-05T05:37:13.608Z","level":"INFO","device":"200000000010","event":"SERVER_ACK","detail":"0x8001 Universal Reply Received"}
{"ts":"2026-04-05T05:37:17.039Z","level":"ERROR","device":"300000000003","event":"SOCKET_ERROR","detail":"ECONNREFUSED"}
{"ts":"2026-04-05T05:37:26.769Z","level":"INFO","device":"200000000001","event":"OBD2_SENT_0x0200","detail":"Lat: 51.734019, Lng: 0.483882 | Speed: 39km/h | RPM: 2344"}
{"ts":"2026-04-05T05:37:26.883Z","level":"INFO","device":"200000000002","event":"OBD2_SENT_0x0200","detail":"Lat: 51.734174, Lng: 0.483581 | Speed: 30km/h | RPM: 2016"}
{"ts":"2026-04-05T05:37:26.974Z","level":"INFO","device":"200000000001","event":"SERVER_ACK","detail":"0x8001 Universal Reply Received"}
{"ts":"2026-04-05T05:37:27.037Z","level":"INFO","device":"200000000003","event":"OBD2_SENT_0x0200","detail":"Lat: 51.733120, Lng: 0.486921 | Speed: 43km/h | RPM: 2523"}
{"ts":"2026-04-05T05:37:27.086Z","level":"INFO","device":"200000000002","event":"SERVER_ACK","detail":"0x8001 Universal Reply Received"}
{"ts":"2026-04-05T05:37:27.183Z","level":"INFO","device":"200000000004","event":"OBD2_SENT_0x0200","detail":"Lat: 51.733224, Lng: 0.486482 | Speed: 47km/h | RPM: 2668"}
{"ts":"2026-04-05T05:37:27.224Z","level":"INFO","device":"200000000003","event":"SERVER_ACK","detail":"0x8001 Universal Reply Received"}
{"ts":"2026-04-05T05:37:27.332Z","level":"INFO","device":"200000000005","event":"OBD2_SENT_0x0200","detail":"Lat: 51.733377, Lng: 0.485714 | Speed: 43km/h | RPM: 2531"}
{"ts":"2026-04-05T05:37:27.397Z","level":"INFO","device":"200000000004","event":"SERVER_ACK","detail":"0x8001 Universal Reply Received"}
{"ts":"2026-04-05T05:37:27.484Z","level":"INFO","device":"200000000006","event":"OBD2_SENT_0x0200","detail":"Lat: 51.732848, Lng: 0.487957 | Speed: 44km/h | RPM: 2577"}
{"ts":"2026-04-05T05:37:27.534Z","level":"INFO","device":"200000000005","event":"SERVER_ACK","detail":"0x8001 Universal Reply Received"}
{"ts":"2026-04-05T05:37:27.634Z","level":"INFO","device":"200000000007","event":"OBD2_SENT_0x0200","detail":"Lat: 51.732110, Lng: 0.489974 | Speed: 50km/h | RPM: 2807"}
{"ts":"2026-04-05T05:37:27.679Z","level":"INFO","device":"200000000006","event":"SERVER_ACK","detail":"0x8001 Universal Reply Received"}
{"ts":"2026-04-05T05:37:27.783Z","level":"INFO","device":"200000000008","event":"OBD2_SENT_0x0200","detail":"Lat: 51.732418, Lng: 0.489205 | Speed: 46km/h | RPM: 2639"}
{"ts":"2026-04-05T05:37:27.847Z","level":"INFO","device":"200000000007","event":"SERVER_ACK","detail":"0x8001 Universal Reply Received"}
{"ts":"2026-04-05T05:37:27.937Z","level":"INFO","device":"200000000009","event":"OBD2_SENT_0x0200","detail":"Lat: 51.732831, Lng: 0.488008 | Speed: 49km/h | RPM: 2742"}
{"ts":"2026-04-05T05:37:27.976Z","level":"INFO","device":"200000000008","event":"SERVER_ACK","detail":"0x8001 Universal Reply Received"}
{"ts":"2026-04-05T05:37:28.083Z","level":"INFO","device":"200000000010","event":"OBD2_SENT_0x0200","detail":"Lat: 51.733046, Lng: 0.487215 | Speed: 41km/h | RPM: 2459"}
{"ts":"2026-04-05T05:37:28.149Z","level":"INFO","device":"200000000009","event":"SERVER_ACK","detail":"0x8001 Universal Reply Received"}
{"ts":"2026-04-05T05:37:28.296Z","level":"INFO","device":"200000000010","event":"SERVER_ACK","detail":"0x8001 Universal Reply Received"}
{"ts":"2026-04-05T05:37:29.118Z","level":"ERROR","device":"300000000004","event":"SOCKET_ERROR","detail":"ECONNREFUSED"}
{"ts":"2026-04-05T05:37:31.761Z","level":"INFO","device":"868120018681","event":"GPS_SENT","detail":""}
{"ts":"2026-04-05T05:37:31.879Z","level":"INFO","device":"868120100002","event":"GPS_SENT","detail":""}
{"ts":"2026-04-05T05:37:31.975Z","level":"INFO","device":"868120018681","event":"RX_MSG","detail":"0x8001 bodyLen=5"}
{"ts":"2026-04-05T05:37:31.975Z","level":"INFO","device":"868120018681","event":"SERVER_ACK","detail":"0x0200 result=OK"}
{"ts":"2026-04-05T05:37:32.032Z","level":"INFO","device":"868120100003","event":"GPS_SENT","detail":""}
{"ts":"2026-04-05T05:37:32.080Z","level":"INFO","device":"868120100002","event":"RX_MSG","detail":"0x8001 bodyLen=5"}
{"ts":"2026-04-05T05:37:32.080Z","level":"INFO","device":"868120100002","event":"SERVER_ACK","detail":"0x0200 result=OK"}
{"ts":"2026-04-05T05:37:32.177Z","level":"INFO","device":"868120100004","event":"GPS_SENT","detail":""}
{"ts":"2026-04-05T05:37:32.218Z","level":"INFO","device":"868120100003","event":"RX_MSG","detail":"0x8001 bodyLen=5"}
{"ts":"2026-04-05T05:37:32.218Z","level":"INFO","device":"868120100003","event":"SERVER_ACK","detail":"0x0200 result=OK"}
{"ts":"2026-04-05T05:37:32.331Z","level":"INFO","device":"868120100005","event":"GPS_SENT","detail":""}
{"ts":"2026-04-05T05:37:32.364Z","level":"INFO","device":"868120100004","event":"RX_MSG","detail":"0x8001 bodyLen=5"}
{"ts":"2026-04-05T05:37:32.364Z","level":"INFO","device":"868120100004","event":"SERVER_ACK","detail":"0x0200 result=OK"}
{"ts":"2026-04-05T05:37:32.482Z","level":"INFO","device":"868120100006","event":"GPS_SENT","detail":""}
{"ts":"2026-04-05T05:37:32.532Z","level":"INFO","device":"868120100005","event":"RX_MSG","detail":"0x8001 bodyLen=5"}
{"ts":"2026-04-05T05:37:32.533Z","level":"INFO","device":"868120100005","event":"SERVER_ACK","detail":"0x0200 result=OK"}
{"ts":"2026-04-05T05:37:32.630Z","level":"INFO","device":"868120100007","event":"GPS_SENT","detail":""}
{"ts":"2026-04-05T05:37:32.694Z","level":"INFO","device":"868120100006","event":"RX_MSG","detail":"0x8001 bodyLen=5"}
{"ts":"2026-04-05T05:37:32.694Z","level":"INFO","device":"868120100006","event":"SERVER_ACK","detail":"0x0200 result=OK"}
{"ts":"2026-04-05T05:37:32.780Z","level":"INFO","device":"868120100008","event":"GPS_SENT","detail":""}
{"ts":"2026-04-05T05:37:32.835Z","level":"INFO","device":"868120100007","event":"RX_MSG","detail":"0x8001 bodyLen=5"}
{"ts":"2026-04-05T05:37:32.840Z","level":"INFO","device":"868120100007","event":"SERVER_ACK","detail":"0x0200 result=OK"}
{"ts":"2026-04-05T05:37:32.929Z","level":"INFO","device":"868120100009","event":"GPS_SENT","detail":""}
{"ts":"2026-04-05T05:37:32.990Z","level":"INFO","device":"868120100008","event":"RX_MSG","detail":"0x8001 bodyLen=5"}
{"ts":"2026-04-05T05:37:32.991Z","level":"INFO","device":"868120100008","event":"SERVER_ACK","detail":"0x0200 result=OK"}
{"ts":"2026-04-05T05:37:33.080Z","level":"INFO","device":"100000000010","event":"GPS_SENT","detail":""}
{"ts":"2026-04-05T05:37:33.140Z","level":"INFO","device":"868120100009","event":"RX_MSG","detail":"0x8001 bodyLen=5"}
{"ts":"2026-04-05T05:37:33.140Z","level":"INFO","device":"868120100009","event":"SERVER_ACK","detail":"0x0200 result=OK"}
{"ts":"2026-04-05T05:37:33.281Z","level":"INFO","device":"100000000010","event":"RX_MSG","detail":"0x8001 bodyLen=5"}
{"ts":"2026-04-05T05:37:33.281Z","level":"INFO","device":"100000000010","event":"SERVER_ACK","detail":"0x0200 result=OK"}
{"ts":"2026-04-05T05:37:41.240Z","level":"ERROR","device":"300000000005","event":"SOCKET_ERROR","detail":"ECONNREFUSED"}
{"ts":"2026-04-05T05:37:41.746Z","level":"INFO","device":"200000000001","event":"HEARTBEAT_SENT","detail":"0x0002"}
{"ts":"2026-04-05T05:37:41.770Z","level":"INFO","device":"200000000001","event":"OBD2_SENT_0x0200","detail":"Lat: 51.733344, Lng: 0.485881 | Speed: 38km/h | RPM: 2322"}
{"ts":"2026-04-05T05:37:41.883Z","level":"INFO","device":"200000000002","event":"HEARTBEAT_SENT","detail":"0x0002"}
{"ts":"2026-04-05T05:37:41.884Z","level":"INFO","device":"200000000002","event":"OBD2_SENT_0x0200","detail":"Lat: 51.733638, Lng: 0.484806 | Speed: 25km/h | RPM: 1818"}
{"ts":"2026-04-05T05:37:41.955Z","level":"INFO","device":"200000000001","event":"SERVER_ACK","detail":"0x8001 Universal Reply Received"}
{"ts":"2026-04-05T05:37:42.034Z","level":"INFO","device":"200000000003","event":"HEARTBEAT_SENT","detail":"0x0002"}
{"ts":"2026-04-05T05:37:42.038Z","level":"INFO","device":"200000000003","event":"OBD2_SENT_0x0200","detail":"Lat: 51.732477, Lng: 0.489057 | Speed: 38km/h | RPM: 2331"}
{"ts":"2026-04-05T05:37:42.084Z","level":"INFO","device":"200000000002","event":"SERVER_ACK","detail":"0x8001 Universal Reply Received"}
{"ts":"2026-04-05T05:37:42.180Z","level":"INFO","device":"200000000004","event":"HEARTBEAT_SENT","detail":"0x0002"}
{"ts":"2026-04-05T05:37:42.184Z","level":"INFO","device":"200000000004","event":"OBD2_SENT_0x0200","detail":"Lat: 51.732214, Lng: 0.489714 | Speed: 49km/h | RPM: 2768"}
{"ts":"2026-04-05T05:37:42.220Z","level":"INFO","device":"200000000003","event":"SERVER_ACK","detail":"0x8001 Universal Reply Received"}
{"ts":"2026-04-05T05:37:42.288Z","level":"INFO","device":"200000000001","event":"SERVER_ACK","detail":"0x8001 Universal Reply Received"}
{"ts":"2026-04-05T05:37:42.331Z","level":"INFO","device":"200000000005","event":"HEARTBEAT_SENT","detail":"0x0002"}
{"ts":"2026-04-05T05:37:42.331Z","level":"INFO","device":"200000000005","event":"OBD2_SENT_0x0200","detail":"Lat: 51.732717, Lng: 0.488349 | Speed: 41km/h | RPM: 2428"}
{"ts":"2026-04-05T05:37:42.393Z","level":"INFO","device":"200000000004","event":"SERVER_ACK","detail":"0x8001 Universal Reply Received"}
{"ts":"2026-04-05T05:37:42.412Z","level":"INFO","device":"200000000002","event":"SERVER_ACK","detail":"0x8001 Universal Reply Received"}
{"ts":"2026-04-05T05:37:42.486Z","level":"INFO","device":"200000000006","event":"OBD2_SENT_0x0200","detail":"Lat: 51.732021, Lng: 0.490159 | Speed: 46km/h | RPM: 2627"}
{"ts":"2026-04-05T05:37:42.486Z","level":"INFO","device":"200000000006","event":"HEARTBEAT_SENT","detail":"0x0002"}
{"ts":"2026-04-05T05:37:42.519Z","level":"INFO","device":"200000000003","event":"SERVER_ACK","detail":"0x8001 Universal Reply Received"}
{"ts":"2026-04-05T05:37:42.533Z","level":"INFO","device":"200000000005","event":"SERVER_ACK","detail":"0x8001 Universal Reply Received"}
{"ts":"2026-04-05T05:37:42.632Z","level":"INFO","device":"200000000007","event":"HEARTBEAT_SENT","detail":"0x0002"}
{"ts":"2026-04-05T05:37:42.634Z","level":"INFO","device":"200000000007","event":"OBD2_SENT_0x0200","detail":"Lat: 51.730631, Lng: 0.492475 | Speed: 50km/h | RPM: 2810"}
{"ts":"2026-04-05T05:37:42.682Z","level":"INFO","device":"200000000006","event":"SERVER_ACK","detail":"0x8001 Universal Reply Received"}
{"ts":"2026-04-05T05:37:42.734Z","level":"INFO","device":"200000000004","event":"SERVER_ACK","detail":"0x8001 Universal Reply Received"}
{"ts":"2026-04-05T05:37:42.783Z","level":"INFO","device":"200000000008","event":"HEARTBEAT_SENT","detail":"0x0002"}
{"ts":"2026-04-05T05:37:42.784Z","level":"INFO","device":"200000000008","event":"OBD2_SENT_0x0200","detail":"Lat: 51.731368, Lng: 0.491386 | Speed: 43km/h | RPM: 2517"}
{"ts":"2026-04-05T05:37:42.844Z","level":"INFO","device":"200000000007","event":"SERVER_ACK","detail":"0x8001 Universal Reply Received"}
{"ts":"2026-04-05T05:37:42.848Z","level":"INFO","device":"200000000005","event":"SERVER_ACK","detail":"0x8001 Universal Reply Received"}
{"ts":"2026-04-05T05:37:42.932Z","level":"INFO","device":"200000000009","event":"HEARTBEAT_SENT","detail":"0x0002"}
{"ts":"2026-04-05T05:37:42.938Z","level":"INFO","device":"200000000009","event":"OBD2_SENT_0x0200","detail":"Lat: 51.731848, Lng: 0.490504 | Speed: 53km/h | RPM: 2900"}
{"ts":"2026-04-05T05:37:42.969Z","level":"INFO","device":"200000000008","event":"SERVER_ACK","detail":"0x8001 Universal Reply Received"}
{"ts":"2026-04-05T05:37:42.996Z","level":"INFO","device":"200000000006","event":"SERVER_ACK","detail":"0x8001 Universal Reply Received"}
{"ts":"2026-04-05T05:37:43.081Z","level":"INFO","device":"200000000010","event":"HEARTBEAT_SENT","detail":"0x0002"}
{"ts":"2026-04-05T05:37:43.083Z","level":"INFO","device":"200000000010","event":"OBD2_SENT_0x0200","detail":"Lat: 51.732229, Lng: 0.489677 | Speed: 46km/h | RPM: 2651"}
{"ts":"2026-04-05T05:37:43.144Z","level":"INFO","device":"200000000009","event":"SERVER_ACK","detail":"0x8001 Universal Reply Received"}
{"ts":"2026-04-05T05:37:43.168Z","level":"INFO","device":"200000000007","event":"SERVER_ACK","detail":"0x8001 Universal Reply Received"}
{"ts":"2026-04-05T05:37:43.267Z","level":"INFO","device":"200000000008","event":"SERVER_ACK","detail":"0x8001 Universal Reply Received"}
{"ts":"2026-04-05T05:37:43.292Z","level":"INFO","device":"200000000010","event":"SERVER_ACK","detail":"0x8001 Universal Reply Received"}
{"ts":"2026-04-05T05:37:43.479Z","level":"INFO","device":"200000000009","event":"SERVER_ACK","detail":"0x8001 Universal Reply Received"}
{"ts":"2026-04-05T05:37:43.603Z","level":"INFO","device":"200000000010","event":"SERVER_ACK","detail":"0x8001 Universal Reply Received"}
{"ts":"2026-04-05T05:37:51.768Z","level":"INFO","device":"868120018681","event":"GPS_SENT","detail":""}
{"ts":"2026-04-05T05:37:51.879Z","level":"INFO","device":"868120100002","event":"GPS_SENT","detail":""}
{"ts":"2026-04-05T05:37:51.978Z","level":"INFO","device":"868120018681","event":"RX_MSG","detail":"0x8001 bodyLen=5"}
{"ts":"2026-04-05T05:37:51.979Z","level":"INFO","device":"868120018681","event":"SERVER_ACK","detail":"0x0200 result=OK"}
{"ts":"2026-04-05T05:37:52.033Z","level":"INFO","device":"868120100003","event":"GPS_SENT","detail":""}
{"ts":"2026-04-05T05:37:52.080Z","level":"INFO","device":"868120100002","event":"RX_MSG","detail":"0x8001 bodyLen=5"}
{"ts":"2026-04-05T05:37:52.080Z","level":"INFO","device":"868120100002","event":"SERVER_ACK","detail":"0x0200 result=OK"}
{"ts":"2026-04-05T05:37:52.177Z","level":"INFO","device":"868120100004","event":"GPS_SENT","detail":""}
{"ts":"2026-04-05T05:37:52.221Z","level":"INFO","device":"868120100003","event":"RX_MSG","detail":"0x8001 bodyLen=5"}
{"ts":"2026-04-05T05:37:52.221Z","level":"INFO","device":"868120100003","event":"SERVER_ACK","detail":"0x0200 result=OK"}
{"ts":"2026-04-05T05:37:52.331Z","level":"INFO","device":"868120100005","event":"GPS_SENT","detail":""}
{"ts":"2026-04-05T05:37:52.362Z","level":"INFO","device":"868120100004","event":"RX_MSG","detail":"0x8001 bodyLen=5"}
{"ts":"2026-04-05T05:37:52.362Z","level":"INFO","device":"868120100004","event":"SERVER_ACK","detail":"0x0200 result=OK"}
{"ts":"2026-04-05T05:37:52.483Z","level":"INFO","device":"868120100006","event":"GPS_SENT","detail":""}
{"ts":"2026-04-05T05:37:52.533Z","level":"INFO","device":"868120100005","event":"RX_MSG","detail":"0x8001 bodyLen=5"}
{"ts":"2026-04-05T05:37:52.533Z","level":"INFO","device":"868120100005","event":"SERVER_ACK","detail":"0x0200 result=OK"}
{"ts":"2026-04-05T05:37:52.631Z","level":"INFO","device":"868120100007","event":"GPS_SENT","detail":""}
{"ts":"2026-04-05T05:37:52.695Z","level":"INFO","device":"868120100006","event":"RX_MSG","detail":"0x8001 bodyLen=5"}
{"ts":"2026-04-05T05:37:52.695Z","level":"INFO","device":"868120100006","event":"SERVER_ACK","detail":"0x0200 result=OK"}
{"ts":"2026-04-05T05:37:52.781Z","level":"INFO","device":"868120100008","event":"GPS_SENT","detail":""}
{"ts":"2026-04-05T05:37:52.835Z","level":"INFO","device":"868120100007","event":"RX_MSG","detail":"0x8001 bodyLen=5"}
{"ts":"2026-04-05T05:37:52.835Z","level":"INFO","device":"868120100007","event":"SERVER_ACK","detail":"0x0200 result=OK"}
{"ts":"2026-04-05T05:37:52.930Z","level":"INFO","device":"868120100009","event":"GPS_SENT","detail":""}
{"ts":"2026-04-05T05:37:52.991Z","level":"INFO","device":"868120100008","event":"RX_MSG","detail":"0x8001 bodyLen=5"}
{"ts":"2026-04-05T05:37:52.991Z","level":"INFO","device":"868120100008","event":"SERVER_ACK","detail":"0x0200 result=OK"}
{"ts":"2026-04-05T05:37:53.082Z","level":"INFO","device":"100000000010","event":"GPS_SENT","detail":""}
{"ts":"2026-04-05T05:37:53.140Z","level":"INFO","device":"868120100009","event":"RX_MSG","detail":"0x8001 bodyLen=5"}
{"ts":"2026-04-05T05:37:53.141Z","level":"INFO","device":"868120100009","event":"SERVER_ACK","detail":"0x0200 result=OK"}
{"ts":"2026-04-05T05:37:53.283Z","level":"INFO","device":"100000000010","event":"RX_MSG","detail":"0x8001 bodyLen=5"}
{"ts":"2026-04-05T05:37:53.283Z","level":"INFO","device":"100000000010","event":"SERVER_ACK","detail":"0x0200 result=OK"}
{"ts":"2026-04-05T05:37:53.341Z","level":"ERROR","device":"300000000006","event":"SOCKET_ERROR","detail":"ECONNREFUSED"}
{"ts":"2026-04-05T05:37:56.773Z","level":"INFO","device":"200000000001","event":"OBD2_SENT_0x0200","detail":"Lat: 51.732792, Lng: 0.488123 | Speed: 35km/h | RPM: 2181"}
{"ts":"2026-04-05T05:37:56.884Z","level":"INFO","device":"200000000002","event":"OBD2_SENT_0x0200","detail":"Lat: 51.733242, Lng: 0.486388 | Speed: 29km/h | RPM: 1962"}
{"ts":"2026-04-05T05:37:56.977Z","level":"INFO","device":"200000000001","event":"SERVER_ACK","detail":"0x8001 Universal Reply Received"}
{"ts":"2026-04-05T05:37:57.042Z","level":"INFO","device":"200000000003","event":"OBD2_SENT_0x0200","detail":"Lat: 51.731552, Lng: 0.491079 | Speed: 40km/h | RPM: 2392"}
{"ts":"2026-04-05T05:37:57.088Z","level":"INFO","device":"200000000002","event":"SERVER_ACK","detail":"0x8001 Universal Reply Received"}
{"ts":"2026-04-05T05:37:57.183Z","level":"INFO","device":"200000000004","event":"OBD2_SENT_0x0200","detail":"Lat: 51.730786, Lng: 0.492276 | Speed: 51km/h | RPM: 2840"}
{"ts":"2026-04-05T05:37:57.230Z","level":"INFO","device":"200000000003","event":"SERVER_ACK","detail":"0x8001 Universal Reply Received"}
{"ts":"2026-04-05T05:37:57.332Z","level":"INFO","device":"200000000005","event":"OBD2_SENT_0x0200","detail":"Lat: 51.732078, Lng: 0.490044 | Speed: 36km/h | RPM: 2230"}
{"ts":"2026-04-05T05:37:57.396Z","level":"INFO","device":"200000000004","event":"SERVER_ACK","detail":"0x8001 Universal Reply Received"}
{"ts":"2026-04-05T05:37:57.486Z","level":"INFO","device":"200000000006","event":"OBD2_SENT_0x0200","detail":"Lat: 51.730731, Lng: 0.492346 | Speed: 47km/h | RPM: 2691"}
{"ts":"2026-04-05T05:37:57.536Z","level":"INFO","device":"200000000005","event":"SERVER_ACK","detail":"0x8001 Universal Reply Received"}
{"ts":"2026-04-05T05:37:57.635Z","level":"INFO","device":"200000000007","event":"OBD2_SENT_0x0200","detail":"Lat: 51.728873, Lng: 0.494357 | Speed: 52km/h | RPM: 2872"}
{"ts":"2026-04-05T05:37:57.689Z","level":"INFO","device":"200000000006","event":"SERVER_ACK","detail":"0x8001 Universal Reply Received"}
{"ts":"2026-04-05T05:37:57.785Z","level":"INFO","device":"200000000008","event":"OBD2_SENT_0x0200","detail":"Lat: 51.730180, Lng: 0.493035 | Speed: 41km/h | RPM: 2424"}
{"ts":"2026-04-05T05:37:57.849Z","level":"INFO","device":"200000000007","event":"SERVER_ACK","detail":"0x8001 Universal Reply Received"}
{"ts":"2026-04-05T05:37:57.938Z","level":"INFO","device":"200000000009","event":"OBD2_SENT_0x0200","detail":"Lat: 51.730190, Lng: 0.493024 | Speed: 56km/h | RPM: 3038"}
{"ts":"2026-04-05T05:37:57.972Z","level":"INFO","device":"200000000008","event":"SERVER_ACK","detail":"0x8001 Universal Reply Received"}
{"ts":"2026-04-05T05:37:58.083Z","level":"INFO","device":"200000000010","event":"OBD2_SENT_0x0200","detail":"Lat: 51.731128, Lng: 0.491787 | Speed: 42km/h | RPM: 2461"}
{"ts":"2026-04-05T05:37:58.149Z","level":"INFO","device":"200000000009","event":"SERVER_ACK","detail":"0x8001 Universal Reply Received"}
{"ts":"2026-04-05T05:37:58.294Z","level":"INFO","device":"200000000010","event":"SERVER_ACK","detail":"0x8001 Universal Reply Received"}
{"ts":"2026-04-05T05:38:05.485Z","level":"ERROR","device":"300000000007","event":"SOCKET_ERROR","detail":"ECONNREFUSED"}
{"ts":"2026-04-05T05:38:11.748Z","level":"INFO","device":"200000000001","event":"HEARTBEAT_SENT","detail":"0x0002"}
{"ts":"2026-04-05T05:38:11.769Z","level":"INFO","device":"868120018681","event":"GPS_SENT","detail":""}
{"ts":"2026-04-05T05:38:11.774Z","level":"INFO","device":"200000000001","event":"OBD2_SENT_0x0200","detail":"Lat: 51.732154, Lng: 0.489866 | Speed: 36km/h | RPM: 2239"}
{"ts":"2026-04-05T05:38:11.881Z","level":"INFO","device":"868120100002","event":"GPS_SENT","detail":""}
{"ts":"2026-04-05T05:38:11.885Z","level":"INFO","device":"200000000002","event":"HEARTBEAT_SENT","detail":"0x0002"}
{"ts":"2026-04-05T05:38:11.886Z","level":"INFO","device":"200000000002","event":"OBD2_SENT_0x0200","detail":"Lat: 51.732810, Lng: 0.488069 | Speed: 25km/h | RPM: 1798"}
{"ts":"2026-04-05T05:38:11.951Z","level":"INFO","device":"200000000001","event":"SERVER_ACK","detail":"0x8001 Universal Reply Received"}
{"ts":"2026-04-05T05:38:11.978Z","level":"INFO","device":"868120018681","event":"RX_MSG","detail":"0x8001 bodyLen=5"}
{"ts":"2026-04-05T05:38:11.981Z","level":"INFO","device":"868120018681","event":"SERVER_ACK","detail":"0x0200 result=OK"}
{"ts":"2026-04-05T05:38:12.033Z","level":"INFO","device":"868120100003","event":"GPS_SENT","detail":""}
{"ts":"2026-04-05T05:38:12.035Z","level":"INFO","device":"200000000003","event":"HEARTBEAT_SENT","detail":"0x0002"}
{"ts":"2026-04-05T05:38:12.044Z","level":"INFO","device":"200000000003","event":"OBD2_SENT_0x0200","detail":"Lat: 51.730385, Lng: 0.492790 | Speed: 41km/h | RPM: 2456"}
{"ts":"2026-04-05T05:38:12.082Z","level":"INFO","device":"868120100002","event":"RX_MSG","detail":"0x8001 bodyLen=5"}
{"ts":"2026-04-05T05:38:12.084Z","level":"INFO","device":"868120100002","event":"SERVER_ACK","detail":"0x0200 result=OK"}
{"ts":"2026-04-05T05:38:12.087Z","level":"INFO","device":"200000000002","event":"SERVER_ACK","detail":"0x8001 Universal Reply Received"}
{"ts":"2026-04-05T05:38:12.179Z","level":"INFO","device":"868120100004","event":"GPS_SENT","detail":""}
{"ts":"2026-04-05T05:38:12.181Z","level":"INFO","device":"200000000004","event":"HEARTBEAT_SENT","detail":"0x0002"}
{"ts":"2026-04-05T05:38:12.184Z","level":"INFO","device":"200000000004","event":"OBD2_SENT_0x0200","detail":"Lat: 51.729199, Lng: 0.494068 | Speed: 48km/h | RPM: 2738"}
{"ts":"2026-04-05T05:38:12.220Z","level":"INFO","device":"868120100003","event":"RX_MSG","detail":"0x8001 bodyLen=5"}
{"ts":"2026-04-05T05:38:12.220Z","level":"INFO","device":"868120100003","event":"SERVER_ACK","detail":"0x0200 result=OK"}
{"ts":"2026-04-05T05:38:12.222Z","level":"INFO","device":"200000000003","event":"SERVER_ACK","detail":"0x8001 Universal Reply Received"}
{"ts":"2026-04-05T05:38:12.269Z","level":"INFO","device":"200000000001","event":"SERVER_ACK","detail":"0x8001 Universal Reply Received"}
{"ts":"2026-04-05T05:38:12.331Z","level":"INFO","device":"868120100005","event":"GPS_SENT","detail":""}
{"ts":"2026-04-05T05:38:12.333Z","level":"INFO","device":"200000000005","event":"HEARTBEAT_SENT","detail":"0x0002"}
{"ts":"2026-04-05T05:38:12.333Z","level":"INFO","device":"200000000005","event":"OBD2_SENT_0x0200","detail":"Lat: 51.731162, Lng: 0.491730 | Speed: 36km/h | RPM: 2232"}
{"ts":"2026-04-05T05:38:12.364Z","level":"INFO","device":"868120100004","event":"RX_MSG","detail":"0x8001 bodyLen=5"}
{"ts":"2026-04-05T05:38:12.365Z","level":"INFO","device":"868120100004","event":"SERVER_ACK","detail":"0x0200 result=OK"}
{"ts":"2026-04-05T05:38:12.393Z","level":"INFO","device":"200000000004","event":"SERVER_ACK","detail":"0x8001 Universal Reply Received"}
{"ts":"2026-04-05T05:38:12.425Z","level":"INFO","device":"200000000002","event":"SERVER_ACK","detail":"0x8001 Universal Reply Received"}
{"ts":"2026-04-05T05:38:12.482Z","level":"INFO","device":"868120100006","event":"GPS_SENT","detail":""}
{"ts":"2026-04-05T05:38:12.487Z","level":"INFO","device":"200000000006","event":"HEARTBEAT_SENT","detail":"0x0002"}
{"ts":"2026-04-05T05:38:12.487Z","level":"INFO","device":"200000000006","event":"OBD2_SENT_0x0200","detail":"Lat: 51.729071, Lng: 0.494181 | Speed: 50km/h | RPM: 2799"}
{"ts":"2026-04-05T05:38:12.530Z","level":"INFO","device":"200000000003","event":"SERVER_ACK","detail":"0x8001 Universal Reply Received"}
{"ts":"2026-04-05T05:38:12.532Z","level":"INFO","device":"868120100005","event":"RX_MSG","detail":"0x8001 bodyLen=5"}
{"ts":"2026-04-05T05:38:12.532Z","level":"INFO","device":"868120100005","event":"SERVER_ACK","detail":"0x0200 result=OK"}
{"ts":"2026-04-05T05:38:12.534Z","level":"INFO","device":"200000000005","event":"SERVER_ACK","detail":"0x8001 Universal Reply Received"}
{"ts":"2026-04-05T05:38:12.631Z","level":"INFO","device":"868120100007","event":"GPS_SENT","detail":""}
{"ts":"2026-04-05T05:38:12.633Z","level":"INFO","device":"200000000007","event":"HEARTBEAT_SENT","detail":"0x0002"}
{"ts":"2026-04-05T05:38:12.635Z","level":"INFO","device":"200000000007","event":"OBD2_SENT_0x0200","detail":"Lat: 51.727045, Lng: 0.495478 | Speed: 51km/h | RPM: 2839"}
{"ts":"2026-04-05T05:38:12.681Z","level":"INFO","device":"200000000006","event":"SERVER_ACK","detail":"0x8001 Universal Reply Received"}
{"ts":"2026-04-05T05:38:12.695Z","level":"INFO","device":"868120100006","event":"RX_MSG","detail":"0x8001 bodyLen=5"}
{"ts":"2026-04-05T05:38:12.696Z","level":"INFO","device":"868120100006","event":"SERVER_ACK","detail":"0x0200 result=OK"}
{"ts":"2026-04-05T05:38:12.745Z","level":"INFO","device":"200000000004","event":"SERVER_ACK","detail":"0x8001 Universal Reply Received"}
{"ts":"2026-04-05T05:38:12.782Z","level":"INFO","device":"868120100008","event":"GPS_SENT","detail":""}
{"ts":"2026-04-05T05:38:12.782Z","level":"INFO","device":"200000000008","event":"HEARTBEAT_SENT","detail":"0x0002"}
{"ts":"2026-04-05T05:38:12.786Z","level":"INFO","device":"200000000008","event":"OBD2_SENT_0x0200","detail":"Lat: 51.728714, Lng: 0.494499 | Speed: 45km/h | RPM: 2594"}
{"ts":"2026-04-05T05:38:12.835Z","level":"INFO","device":"868120100007","event":"RX_MSG","detail":"0x8001 bodyLen=5"}
{"ts":"2026-04-05T05:38:12.835Z","level":"INFO","device":"868120100007","event":"SERVER_ACK","detail":"0x0200 result=OK"}
{"ts":"2026-04-05T05:38:12.843Z","level":"INFO","device":"200000000007","event":"SERVER_ACK","detail":"0x8001 Universal Reply Received"}
{"ts":"2026-04-05T05:38:12.858Z","level":"INFO","device":"200000000005","event":"SERVER_ACK","detail":"0x8001 Universal Reply Received"}
{"ts":"2026-04-05T05:38:12.932Z","level":"INFO","device":"868120100009","event":"GPS_SENT","detail":""}
{"ts":"2026-04-05T05:38:12.934Z","level":"INFO","device":"200000000009","event":"HEARTBEAT_SENT","detail":"0x0002"}
{"ts":"2026-04-05T05:38:12.938Z","level":"INFO","device":"200000000009","event":"OBD2_SENT_0x0200","detail":"Lat: 51.728401, Lng: 0.494720 | Speed: 54km/h | RPM: 2946"}
{"ts":"2026-04-05T05:38:12.968Z","level":"INFO","device":"200000000008","event":"SERVER_ACK","detail":"0x8001 Universal Reply Received"}
{"ts":"2026-04-05T05:38:12.992Z","level":"INFO","device":"868120100008","event":"RX_MSG","detail":"0x8001 bodyLen=5"}
{"ts":"2026-04-05T05:38:12.993Z","level":"INFO","device":"868120100008","event":"SERVER_ACK","detail":"0x0200 result=OK"}
{"ts":"2026-04-05T05:38:13.006Z","level":"INFO","device":"200000000006","event":"SERVER_ACK","detail":"0x8001 Universal Reply Received"}
{"ts":"2026-04-05T05:38:13.082Z","level":"INFO","device":"200000000010","event":"HEARTBEAT_SENT","detail":"0x0002"}
{"ts":"2026-04-05T05:38:13.082Z","level":"INFO","device":"100000000010","event":"GPS_SENT","detail":""}
{"ts":"2026-04-05T05:38:13.082Z","level":"INFO","device":"200000000010","event":"OBD2_SENT_0x0200","detail":"Lat: 51.729963, Lng: 0.493279 | Speed: 38km/h | RPM: 2304"}
{"ts":"2026-04-05T05:38:13.141Z","level":"INFO","device":"868120100009","event":"RX_MSG","detail":"0x8001 bodyLen=5"}
{"ts":"2026-04-05T05:38:13.141Z","level":"INFO","device":"868120100009","event":"SERVER_ACK","detail":"0x0200 result=OK"}
{"ts":"2026-04-05T05:38:13.145Z","level":"INFO","device":"200000000009","event":"SERVER_ACK","detail":"0x8001 Universal Reply Received"}
{"ts":"2026-04-05T05:38:13.180Z","level":"INFO","device":"200000000007","event":"SERVER_ACK","detail":"0x8001 Universal Reply Received"}
{"ts":"2026-04-05T05:38:13.279Z","level":"INFO","device":"200000000008","event":"SERVER_ACK","detail":"0x8001 Universal Reply Received"}
{"ts":"2026-04-05T05:38:13.284Z","level":"INFO","device":"100000000010","event":"RX_MSG","detail":"0x8001 bodyLen=5"}
{"ts":"2026-04-05T05:38:13.285Z","level":"INFO","device":"100000000010","event":"SERVER_ACK","detail":"0x0200 result=OK"}
{"ts":"2026-04-05T05:38:13.292Z","level":"INFO","device":"200000000010","event":"SERVER_ACK","detail":"0x8001 Universal Reply Received"}
{"ts":"2026-04-05T05:38:13.489Z","level":"INFO","device":"200000000009","event":"SERVER_ACK","detail":"0x8001 Universal Reply Received"}
{"ts":"2026-04-05T05:38:13.614Z","level":"INFO","device":"200000000010","event":"SERVER_ACK","detail":"0x8001 Universal Reply Received"}
{"ts":"2026-04-05T05:38:17.584Z","level":"ERROR","device":"300000000008","event":"SOCKET_ERROR","detail":"ECONNREFUSED"}
{"ts":"2026-04-05T05:38:20.979Z","level":"INFO","device":"868120018681","event":"DISCONNECTED","detail":"clean stop"}
{"ts":"2026-04-05T05:38:20.979Z","level":"INFO","device":"200000000001","event":"DISCONNECTED","detail":"clean stop"}
{"ts":"2026-04-05T05:38:20.979Z","level":"INFO","device":"300000000001","event":"DISCONNECTED","detail":"clean stop"}
{"ts":"2026-04-05T05:38:20.979Z","level":"INFO","device":"868120100002","event":"DISCONNECTED","detail":"clean stop"}
{"ts":"2026-04-05T05:38:20.979Z","level":"INFO","device":"200000000002","event":"DISCONNECTED","detail":"clean stop"}
{"ts":"2026-04-05T05:38:20.979Z","level":"INFO","device":"300000000002","event":"DISCONNECTED","detail":"clean stop"}
{"ts":"2026-04-05T05:38:20.979Z","level":"INFO","device":"868120100003","event":"DISCONNECTED","detail":"clean stop"}
{"ts":"2026-04-05T05:38:20.979Z","level":"INFO","device":"200000000003","event":"DISCONNECTED","detail":"clean stop"}
{"ts":"2026-04-05T05:38:20.979Z","level":"INFO","device":"300000000003","event":"DISCONNECTED","detail":"clean stop"}
{"ts":"2026-04-05T05:38:20.979Z","level":"INFO","device":"868120100004","event":"DISCONNECTED","detail":"clean stop"}
{"ts":"2026-04-05T05:38:20.979Z","level":"INFO","device":"200000000004","event":"DISCONNECTED","detail":"clean stop"}
{"ts":"2026-04-05T05:38:20.979Z","level":"INFO","device":"300000000004","event":"DISCONNECTED","detail":"clean stop"}
{"ts":"2026-04-05T05:38:20.979Z","level":"INFO","device":"868120100005","event":"DISCONNECTED","detail":"clean stop"}
{"ts":"2026-04-05T05:38:20.980Z","level":"INFO","device":"200000000005","event":"DISCONNECTED","detail":"clean stop"}
{"ts":"2026-04-05T05:38:20.980Z","level":"INFO","device":"300000000005","event":"DISCONNECTED","detail":"clean stop"}
{"ts":"2026-04-05T05:38:20.980Z","level":"INFO","device":"868120100006","event":"DISCONNECTED","detail":"clean stop"}
{"ts":"2026-04-05T05:38:20.980Z","level":"INFO","device":"200000000006","event":"DISCONNECTED","detail":"clean stop"}
{"ts":"2026-04-05T05:38:20.980Z","level":"INFO","device":"300000000006","event":"DISCONNECTED","detail":"clean stop"}
{"ts":"2026-04-05T05:38:20.980Z","level":"INFO","device":"868120100007","event":"DISCONNECTED","detail":"clean stop"}
{"ts":"2026-04-05T05:38:20.980Z","level":"INFO","device":"200000000007","event":"DISCONNECTED","detail":"clean stop"}
{"ts":"2026-04-05T05:38:20.980Z","level":"INFO","device":"300000000007","event":"DISCONNECTED","detail":"clean stop"}
{"ts":"2026-04-05T05:38:20.980Z","level":"INFO","device":"868120100008","event":"DISCONNECTED","detail":"clean stop"}
{"ts":"2026-04-05T05:38:20.980Z","level":"INFO","device":"200000000008","event":"DISCONNECTED","detail":"clean stop"}
{"ts":"2026-04-05T05:38:20.980Z","level":"INFO","device":"300000000008","event":"DISCONNECTED","detail":"clean stop"}
{"ts":"2026-04-05T05:38:20.980Z","level":"INFO","device":"868120100009","event":"DISCONNECTED","detail":"clean stop"}
{"ts":"2026-04-05T05:38:20.980Z","level":"INFO","device":"200000000009","event":"DISCONNECTED","detail":"clean stop"}
{"ts":"2026-04-05T05:38:20.980Z","level":"INFO","device":"300000000009","event":"DISCONNECTED","detail":"clean stop"}
{"ts":"2026-04-05T05:38:20.981Z","level":"INFO","device":"100000000010","event":"DISCONNECTED","detail":"clean stop"}
{"ts":"2026-04-05T05:38:20.981Z","level":"INFO","device":"200000000010","event":"DISCONNECTED","detail":"clean stop"}
{"ts":"2026-04-05T05:38:20.981Z","level":"INFO","device":"300000000010","event":"DISCONNECTED","detail":"clean stop"}

[SUMMARY] Run duration: 191s
[SUMMARY] GPS packets sent: 210
[SUMMARY] OBD2 packets sent: 120
[SUMMARY] DTC faults sent: 2
[SUMMARY] Incidents fired: 2
[SUMMARY] Videos uploaded OK: 2
[SUMMARY] Videos failed: 2
[SUMMARY] Tracker pings sent: 0
[SUMMARY] Reconnections: 0
[SUMMARY] Log file: logs/sim-2026-04-05T05-35-11.log
