{"ts":"2026-04-05T23:39:35.754Z","level":"INFO","device":"291078985963","event":"CONNECTED","detail":"id:291078985963"}
{"ts":"2026-04-05T23:39:35.759Z","level":"INFO","device":"291078985963","event":"OBD2_CONNECTED","detail":"Binary Mode"}
{"ts":"2026-04-05T23:39:35.898Z","level":"INFO","device":"200000000002","event":"OBD2_CONNECTED","detail":"Binary Mode"}
{"ts":"2026-04-05T23:39:35.899Z","level":"INFO","device":"868120100002","event":"CONNECTED","detail":"id:868120100002"}
{"ts":"2026-04-05T23:39:35.971Z","level":"INFO","device":"291078985963","event":"RX_MSG","detail":"0x8001 bodyLen=5"}
{"ts":"2026-04-05T23:39:35.972Z","level":"INFO","device":"291078985963","event":"SERVER_ACK","detail":"0x0102 result=OK"}
{"ts":"2026-04-05T23:39:35.974Z","level":"INFO","device":"291078985963","event":"SERVER_ACK","detail":"0x8100 Registration Reply Received"}
{"ts":"2026-04-05T23:39:36.047Z","level":"INFO","device":"868120100003","event":"CONNECTED","detail":"id:868120100003"}
{"ts":"2026-04-05T23:39:36.050Z","level":"INFO","device":"200000000003","event":"OBD2_CONNECTED","detail":"Binary Mode"}
{"ts":"2026-04-05T23:39:36.109Z","level":"INFO","device":"200000000002","event":"SERVER_ACK","detail":"0x8100 Registration Reply Received"}
{"ts":"2026-04-05T23:39:36.111Z","level":"INFO","device":"868120100002","event":"RX_MSG","detail":"0x8001 bodyLen=5"}
{"ts":"2026-04-05T23:39:36.112Z","level":"INFO","device":"868120100002","event":"SERVER_ACK","detail":"0x0102 result=OK"}
{"ts":"2026-04-05T23:39:36.190Z","level":"INFO","device":"200000000004","event":"OBD2_CONNECTED","detail":"Binary Mode"}
{"ts":"2026-04-05T23:39:36.198Z","level":"INFO","device":"868120100004","event":"CONNECTED","detail":"id:868120100004"}
{"ts":"2026-04-05T23:39:36.258Z","level":"INFO","device":"868120100003","event":"RX_MSG","detail":"0x8001 bodyLen=5"}
{"ts":"2026-04-05T23:39:36.258Z","level":"INFO","device":"868120100003","event":"SERVER_ACK","detail":"0x0102 result=OK"}
{"ts":"2026-04-05T23:39:36.262Z","level":"INFO","device":"200000000003","event":"SERVER_ACK","detail":"0x8100 Registration Reply Received"}
{"ts":"2026-04-05T23:39:36.340Z","level":"INFO","device":"868120100005","event":"CONNECTED","detail":"id:868120100005"}
{"ts":"2026-04-05T23:39:36.341Z","level":"INFO","device":"200000000005","event":"OBD2_CONNECTED","detail":"Binary Mode"}
{"ts":"2026-04-05T23:39:36.392Z","level":"INFO","device":"200000000004","event":"SERVER_ACK","detail":"0x8100 Registration Reply Received"}
{"ts":"2026-04-05T23:39:36.433Z","level":"INFO","device":"868120100004","event":"RX_MSG","detail":"0x8001 bodyLen=5"}
{"ts":"2026-04-05T23:39:36.434Z","level":"INFO","device":"868120100004","event":"SERVER_ACK","detail":"0x0102 result=OK"}
{"ts":"2026-04-05T23:39:36.473Z","level":"INFO","device":"291078985963","event":"SERVER_ACK","detail":"0x8001 Universal Reply Received"}
{"ts":"2026-04-05T23:39:36.482Z","level":"INFO","device":"200000000006","event":"OBD2_CONNECTED","detail":"Binary Mode"}
{"ts":"2026-04-05T23:39:36.491Z","level":"INFO","device":"868120100006","event":"CONNECTED","detail":"id:868120100006"}
{"ts":"2026-04-05T23:39:36.542Z","level":"INFO","device":"868120100005","event":"RX_MSG","detail":"0x8001 bodyLen=5"}
{"ts":"2026-04-05T23:39:36.542Z","level":"INFO","device":"868120100005","event":"SERVER_ACK","detail":"0x0102 result=OK"}
{"ts":"2026-04-05T23:39:36.545Z","level":"INFO","device":"200000000005","event":"SERVER_ACK","detail":"0x8100 Registration Reply Received"}
{"ts":"2026-04-05T23:39:36.609Z","level":"INFO","device":"200000000002","event":"SERVER_ACK","detail":"0x8001 Universal Reply Received"}
{"ts":"2026-04-05T23:39:36.623Z","level":"INFO","device":"200000000007","event":"OBD2_CONNECTED","detail":"Binary Mode"}
{"ts":"2026-04-05T23:39:36.632Z","level":"INFO","device":"868120100007","event":"CONNECTED","detail":"id:868120100007"}
{"ts":"2026-04-05T23:39:36.676Z","level":"INFO","device":"200000000006","event":"SERVER_ACK","detail":"0x8100 Registration Reply Received"}
{"ts":"2026-04-05T23:39:36.695Z","level":"INFO","device":"868120100006","event":"RX_MSG","detail":"0x8001 bodyLen=5"}
{"ts":"2026-04-05T23:39:36.695Z","level":"INFO","device":"868120100006","event":"SERVER_ACK","detail":"0x0102 result=OK"}
{"ts":"2026-04-05T23:39:36.762Z","level":"INFO","device":"200000000003","event":"SERVER_ACK","detail":"0x8001 Universal Reply Received"}
{"ts":"2026-04-05T23:39:36.773Z","level":"INFO","device":"200000000008","event":"OBD2_CONNECTED","detail":"Binary Mode"}
{"ts":"2026-04-05T23:39:36.797Z","level":"INFO","device":"868120100008","event":"CONNECTED","detail":"id:868120100008"}
{"ts":"2026-04-05T23:39:36.808Z","level":"INFO","device":"200000000007","event":"SERVER_ACK","detail":"0x8100 Registration Reply Received"}
{"ts":"2026-04-05T23:39:36.826Z","level":"INFO","device":"868120100007","event":"RX_MSG","detail":"0x8001 bodyLen=5"}
{"ts":"2026-04-05T23:39:36.826Z","level":"INFO","device":"868120100007","event":"SERVER_ACK","detail":"0x0102 result=OK"}
{"ts":"2026-04-05T23:39:36.892Z","level":"INFO","device":"200000000004","event":"SERVER_ACK","detail":"0x8001 Universal Reply Received"}
{"ts":"2026-04-05T23:39:36.922Z","level":"INFO","device":"200000000009","event":"OBD2_CONNECTED","detail":"Binary Mode"}
{"ts":"2026-04-05T23:39:36.957Z","level":"INFO","device":"868120100009","event":"CONNECTED","detail":"id:868120100009"}
{"ts":"2026-04-05T23:39:36.959Z","level":"INFO","device":"200000000008","event":"SERVER_ACK","detail":"0x8100 Registration Reply Received"}
{"ts":"2026-04-05T23:39:37.009Z","level":"INFO","device":"868120100008","event":"RX_MSG","detail":"0x8001 bodyLen=5"}
{"ts":"2026-04-05T23:39:37.009Z","level":"INFO","device":"868120100008","event":"SERVER_ACK","detail":"0x0102 result=OK"}
{"ts":"2026-04-05T23:39:37.044Z","level":"INFO","device":"200000000005","event":"SERVER_ACK","detail":"0x8001 Universal Reply Received"}
{"ts":"2026-04-05T23:39:37.099Z","level":"INFO","device":"100000000010","event":"CONNECTED","detail":"id:100000000010"}
{"ts":"2026-04-05T23:39:37.100Z","level":"INFO","device":"200000000010","event":"OBD2_CONNECTED","detail":"Binary Mode"}
{"ts":"2026-04-05T23:39:37.106Z","level":"INFO","device":"200000000009","event":"SERVER_ACK","detail":"0x8100 Registration Reply Received"}
{"ts":"2026-04-05T23:39:37.177Z","level":"INFO","device":"200000000006","event":"SERVER_ACK","detail":"0x8001 Universal Reply Received"}
{"ts":"2026-04-05T23:39:37.177Z","level":"INFO","device":"868120100009","event":"RX_MSG","detail":"0x8001 bodyLen=5"}
{"ts":"2026-04-05T23:39:37.177Z","level":"INFO","device":"868120100009","event":"SERVER_ACK","detail":"0x0102 result=OK"}
{"ts":"2026-04-05T23:39:37.311Z","level":"INFO","device":"100000000010","event":"RX_MSG","detail":"0x8001 bodyLen=5"}
{"ts":"2026-04-05T23:39:37.312Z","level":"INFO","device":"100000000010","event":"SERVER_ACK","detail":"0x0102 result=OK"}
{"ts":"2026-04-05T23:39:37.381Z","level":"INFO","device":"200000000007","event":"SERVER_ACK","detail":"0x8001 Universal Reply Received"}
{"ts":"2026-04-05T23:39:37.390Z","level":"INFO","device":"200000000010","event":"SERVER_ACK","detail":"0x8100 Registration Reply Received"}
{"ts":"2026-04-05T23:39:37.460Z","level":"INFO","device":"200000000008","event":"SERVER_ACK","detail":"0x8001 Universal Reply Received"}
{"ts":"2026-04-05T23:39:37.607Z","level":"INFO","device":"200000000009","event":"SERVER_ACK","detail":"0x8001 Universal Reply Received"}
{"ts":"2026-04-05T23:39:37.811Z","level":"INFO","device":"200000000010","event":"SERVER_ACK","detail":"0x8001 Universal Reply Received"}
{"ts":"2026-04-05T23:39:39.994Z","level":"INFO","device":"868120100005","event":"RECONNECTING","detail":"attempt 1, backoff 1286ms"}
{"ts":"2026-04-05T23:39:39.995Z","level":"INFO","device":"868120100006","event":"RECONNECTING","detail":"attempt 1, backoff 1139ms"}
{"ts":"2026-04-05T23:39:40.000Z","level":"INFO","device":"100000000010","event":"RECONNECTING","detail":"attempt 1, backoff 1969ms"}
{"ts":"2026-04-05T23:39:40.000Z","level":"INFO","device":"868120100008","event":"RECONNECTING","detail":"attempt 1, backoff 1319ms"}
{"ts":"2026-04-05T23:39:40.001Z","level":"INFO","device":"868120100003","event":"RECONNECTING","detail":"attempt 1, backoff 1605ms"}
{"ts":"2026-04-05T23:39:40.001Z","level":"INFO","device":"868120100007","event":"RECONNECTING","detail":"attempt 1, backoff 1968ms"}
{"ts":"2026-04-05T23:39:40.001Z","level":"INFO","device":"868120100002","event":"RECONNECTING","detail":"attempt 1, backoff 1838ms"}
{"ts":"2026-04-05T23:39:40.001Z","level":"INFO","device":"291078985963","event":"RECONNECTING","detail":"attempt 1, backoff 1686ms"}
{"ts":"2026-04-05T23:39:40.002Z","level":"INFO","device":"868120100004","event":"RECONNECTING","detail":"attempt 1, backoff 1477ms"}
{"ts":"2026-04-05T23:39:40.003Z","level":"INFO","device":"868120100009","event":"RECONNECTING","detail":"attempt 1, backoff 1408ms"}
{"ts":"2026-04-05T23:39:41.346Z","level":"INFO","device":"868120100006","event":"CONNECTED","detail":"id:868120100006"}
{"ts":"2026-04-05T23:39:41.491Z","level":"INFO","device":"868120100005","event":"CONNECTED","detail":"id:868120100005"}
{"ts":"2026-04-05T23:39:41.535Z","level":"INFO","device":"868120100008","event":"CONNECTED","detail":"id:868120100008"}
{"ts":"2026-04-05T23:39:41.573Z","level":"INFO","device":"868120100006","event":"RX_MSG","detail":"0x8001 bodyLen=5"}
{"ts":"2026-04-05T23:39:41.573Z","level":"INFO","device":"868120100006","event":"SERVER_ACK","detail":"0x0102 result=OK"}
{"ts":"2026-04-05T23:39:41.615Z","level":"INFO","device":"868120100009","event":"CONNECTED","detail":"id:868120100009"}
{"ts":"2026-04-05T23:39:41.689Z","level":"INFO","device":"868120100004","event":"CONNECTED","detail":"id:868120100004"}
{"ts":"2026-04-05T23:39:41.724Z","level":"INFO","device":"868120100005","event":"RX_MSG","detail":"0x8001 bodyLen=5"}
{"ts":"2026-04-05T23:39:41.725Z","level":"INFO","device":"868120100005","event":"SERVER_ACK","detail":"0x0102 result=OK"}
{"ts":"2026-04-05T23:39:41.759Z","level":"INFO","device":"868120100008","event":"RX_MSG","detail":"0x8001 bodyLen=5"}
{"ts":"2026-04-05T23:39:41.759Z","level":"INFO","device":"868120100008","event":"SERVER_ACK","detail":"0x0102 result=OK"}
{"ts":"2026-04-05T23:39:41.816Z","level":"INFO","device":"868120100003","event":"CONNECTED","detail":"id:868120100003"}
{"ts":"2026-04-05T23:39:41.824Z","level":"INFO","device":"868120100009","event":"RX_MSG","detail":"0x8001 bodyLen=5"}
{"ts":"2026-04-05T23:39:41.824Z","level":"INFO","device":"868120100009","event":"SERVER_ACK","detail":"0x0102 result=OK"}
{"ts":"2026-04-05T23:39:41.900Z","level":"INFO","device":"291078985963","event":"CONNECTED","detail":"id:291078985963"}
{"ts":"2026-04-05T23:39:41.904Z","level":"INFO","device":"868120100004","event":"RX_MSG","detail":"0x8001 bodyLen=5"}
{"ts":"2026-04-05T23:39:41.904Z","level":"INFO","device":"868120100004","event":"SERVER_ACK","detail":"0x0102 result=OK"}
{"ts":"2026-04-05T23:39:42.031Z","level":"INFO","device":"868120100003","event":"RX_MSG","detail":"0x8001 bodyLen=5"}
{"ts":"2026-04-05T23:39:42.031Z","level":"INFO","device":"868120100003","event":"SERVER_ACK","detail":"0x0102 result=OK"}
{"ts":"2026-04-05T23:39:42.040Z","level":"INFO","device":"868120100002","event":"CONNECTED","detail":"id:868120100002"}
{"ts":"2026-04-05T23:39:42.116Z","level":"INFO","device":"291078985963","event":"RX_MSG","detail":"0x8001 bodyLen=5"}
{"ts":"2026-04-05T23:39:42.116Z","level":"INFO","device":"291078985963","event":"SERVER_ACK","detail":"0x0102 result=OK"}
{"ts":"2026-04-05T23:39:42.169Z","level":"INFO","device":"100000000010","event":"CONNECTED","detail":"id:100000000010"}
{"ts":"2026-04-05T23:39:42.170Z","level":"INFO","device":"868120100007","event":"CONNECTED","detail":"id:868120100007"}
{"ts":"2026-04-05T23:39:42.248Z","level":"INFO","device":"868120100002","event":"RX_MSG","detail":"0x8001 bodyLen=5"}
{"ts":"2026-04-05T23:39:42.249Z","level":"INFO","device":"868120100002","event":"SERVER_ACK","detail":"0x0102 result=OK"}
{"ts":"2026-04-05T23:39:42.375Z","level":"INFO","device":"100000000010","event":"RX_MSG","detail":"0x8001 bodyLen=5"}
{"ts":"2026-04-05T23:39:42.376Z","level":"INFO","device":"100000000010","event":"SERVER_ACK","detail":"0x0102 result=OK"}
{"ts":"2026-04-05T23:39:42.380Z","level":"INFO","device":"868120100007","event":"RX_MSG","detail":"0x8001 bodyLen=5"}
{"ts":"2026-04-05T23:39:42.380Z","level":"INFO","device":"868120100007","event":"SERVER_ACK","detail":"0x0102 result=OK"}
{"ts":"2026-04-05T23:39:50.550Z","level":"INFO","device":"291078985963","event":"OBD2_SENT_0x0200","detail":"Lat: 51.736685, Lng: 0.470284 | Speed: 40km/h | RPM: 2419"}
{"ts":"2026-04-05T23:39:50.690Z","level":"INFO","device":"200000000002","event":"OBD2_SENT_0x0200","detail":"Lat: 51.736683, Lng: 0.470276 | Speed: 40km/h | RPM: 2412"}
{"ts":"2026-04-05T23:39:50.762Z","level":"INFO","device":"291078985963","event":"SERVER_ACK","detail":"0x8001 Universal Reply Received"}
{"ts":"2026-04-05T23:39:50.840Z","level":"INFO","device":"200000000003","event":"OBD2_SENT_0x0200","detail":"Lat: 51.736732, Lng: 0.470441 | Speed: 44km/h | RPM: 2554"}
{"ts":"2026-04-05T23:39:50.899Z","level":"INFO","device":"200000000002","event":"SERVER_ACK","detail":"0x8001 Universal Reply Received"}
{"ts":"2026-04-05T23:39:50.990Z","level":"INFO","device":"200000000004","event":"OBD2_SENT_0x0200","detail":"Lat: 51.736684, Lng: 0.470280 | Speed: 40km/h | RPM: 2415"}
{"ts":"2026-04-05T23:39:51.052Z","level":"INFO","device":"200000000003","event":"SERVER_ACK","detail":"0x8001 Universal Reply Received"}
{"ts":"2026-04-05T23:39:51.140Z","level":"INFO","device":"200000000005","event":"OBD2_SENT_0x0200","detail":"Lat: 51.736635, Lng: 0.470116 | Speed: 37km/h | RPM: 2275"}
{"ts":"2026-04-05T23:39:51.192Z","level":"INFO","device":"200000000004","event":"SERVER_ACK","detail":"0x8001 Universal Reply Received"}
{"ts":"2026-04-05T23:39:51.289Z","level":"INFO","device":"200000000006","event":"OBD2_SENT_0x0200","detail":"Lat: 51.736671, Lng: 0.470237 | Speed: 39km/h | RPM: 2379"}
{"ts":"2026-04-05T23:39:51.342Z","level":"INFO","device":"200000000005","event":"SERVER_ACK","detail":"0x8001 Universal Reply Received"}
{"ts":"2026-04-05T23:39:51.440Z","level":"INFO","device":"200000000007","event":"OBD2_SENT_0x0200","detail":"Lat: 51.736623, Lng: 0.470077 | Speed: 36km/h | RPM: 2241"}
{"ts":"2026-04-05T23:39:51.483Z","level":"INFO","device":"200000000006","event":"SERVER_ACK","detail":"0x8001 Universal Reply Received"}
{"ts":"2026-04-05T23:39:51.589Z","level":"INFO","device":"200000000008","event":"OBD2_SENT_0x0200","detail":"Lat: 51.736617, Lng: 0.470056 | Speed: 36km/h | RPM: 2223"}
{"ts":"2026-04-05T23:39:51.625Z","level":"INFO","device":"200000000007","event":"SERVER_ACK","detail":"0x8001 Universal Reply Received"}
{"ts":"2026-04-05T23:39:51.739Z","level":"INFO","device":"200000000009","event":"OBD2_SENT_0x0200","detail":"Lat: 51.736694, Lng: 0.470313 | Speed: 41km/h | RPM: 2444"}
{"ts":"2026-04-05T23:39:51.773Z","level":"INFO","device":"200000000008","event":"SERVER_ACK","detail":"0x8001 Universal Reply Received"}
{"ts":"2026-04-05T23:39:51.890Z","level":"INFO","device":"200000000010","event":"OBD2_SENT_0x0200","detail":"Lat: 51.736639, Lng: 0.470129 | Speed: 37km/h | RPM: 2286"}
{"ts":"2026-04-05T23:39:51.923Z","level":"INFO","device":"200000000009","event":"SERVER_ACK","detail":"0x8001 Universal Reply Received"}
{"ts":"2026-04-05T23:39:52.101Z","level":"INFO","device":"200000000010","event":"SERVER_ACK","detail":"0x8001 Universal Reply Received"}
{"ts":"2026-04-05T23:40:01.358Z","level":"INFO","device":"868120100006","event":"GPS_SENT","detail":""}
{"ts":"2026-04-05T23:40:01.492Z","level":"INFO","device":"868120100005","event":"GPS_SENT","detail":""}
{"ts":"2026-04-05T23:40:01.536Z","level":"INFO","device":"868120100008","event":"GPS_SENT","detail":""}
{"ts":"2026-04-05T23:40:01.572Z","level":"INFO","device":"868120100006","event":"RX_MSG","detail":"0x8001 bodyLen=5"}
{"ts":"2026-04-05T23:40:01.573Z","level":"INFO","device":"868120100006","event":"SERVER_ACK","detail":"0x0200 result=OK"}
{"ts":"2026-04-05T23:40:01.616Z","level":"INFO","device":"868120100009","event":"GPS_SENT","detail":""}
{"ts":"2026-04-05T23:40:01.690Z","level":"INFO","device":"868120100004","event":"GPS_SENT","detail":""}
{"ts":"2026-04-05T23:40:01.704Z","level":"INFO","device":"868120100005","event":"RX_MSG","detail":"0x8001 bodyLen=5"}
{"ts":"2026-04-05T23:40:01.704Z","level":"INFO","device":"868120100005","event":"SERVER_ACK","detail":"0x0200 result=OK"}
{"ts":"2026-04-05T23:40:01.753Z","level":"INFO","device":"868120100008","event":"RX_MSG","detail":"0x8001 bodyLen=5"}
{"ts":"2026-04-05T23:40:01.753Z","level":"INFO","device":"868120100008","event":"SERVER_ACK","detail":"0x0200 result=OK"}
{"ts":"2026-04-05T23:40:01.816Z","level":"INFO","device":"868120100003","event":"GPS_SENT","detail":""}
{"ts":"2026-04-05T23:40:01.818Z","level":"INFO","device":"868120100009","event":"RX_MSG","detail":"0x8001 bodyLen=5"}
{"ts":"2026-04-05T23:40:01.818Z","level":"INFO","device":"868120100009","event":"SERVER_ACK","detail":"0x0200 result=OK"}
{"ts":"2026-04-05T23:40:01.898Z","level":"INFO","device":"868120100006","event":"RX_MSG","detail":"0x9208 bodyLen=81"}
{"ts":"2026-04-05T23:40:01.899Z","level":"INFO","device":"868120100006","event":"9208_RAW","detail":"0C35342E33372E3232352E36350D32000086812010000600260405233736080200383638313230313030303036303032363034303532333337333630383032303000000000000000000000000000000000"}
{"ts":"2026-04-05T23:40:01.900Z","level":"INFO","device":"868120100006","event":"UPLOAD_TRIGGERED","detail":"media: 54.37.225.65:3378 | alarmId: 86812010000600260405233736080200"}
{"ts":"2026-04-05T23:40:01.900Z","level":"INFO","device":"868120100006","event":"MEDIA_CONNECTING","detail":"54.37.225.65:3378 files=2"}
{"ts":"2026-04-05T23:40:01.901Z","level":"INFO","device":"291078985963","event":"GPS_SENT","detail":""}
{"ts":"2026-04-05T23:40:01.901Z","level":"INFO","device":"868120100004","event":"RX_MSG","detail":"0x8001 bodyLen=5"}
{"ts":"2026-04-05T23:40:01.902Z","level":"INFO","device":"868120100004","event":"SERVER_ACK","detail":"0x0200 result=OK"}
{"ts":"2026-04-05T23:40:02.022Z","level":"INFO","device":"868120100005","event":"RX_MSG","detail":"0x9208 bodyLen=81"}
{"ts":"2026-04-05T23:40:02.022Z","level":"INFO","device":"868120100005","event":"9208_RAW","detail":"0C35342E33372E3232352E36350D32000086812010000500260405233736080200383638313230313030303035303032363034303532333337333630383032303000000000000000000000000000000000"}
{"ts":"2026-04-05T23:40:02.022Z","level":"INFO","device":"868120100005","event":"UPLOAD_TRIGGERED","detail":"media: 54.37.225.65:3378 | alarmId: 86812010000500260405233736080200"}
{"ts":"2026-04-05T23:40:02.023Z","level":"INFO","device":"868120100005","event":"MEDIA_CONNECTING","detail":"54.37.225.65:3378 files=2"}
{"ts":"2026-04-05T23:40:02.027Z","level":"INFO","device":"868120100003","event":"RX_MSG","detail":"0x8001 bodyLen=5"}
{"ts":"2026-04-05T23:40:02.028Z","level":"INFO","device":"868120100003","event":"SERVER_ACK","detail":"0x0200 result=OK"}
{"ts":"2026-04-05T23:40:02.040Z","level":"INFO","device":"868120100002","event":"GPS_SENT","detail":""}
{"ts":"2026-04-05T23:40:02.091Z","level":"INFO","device":"868120100008","event":"RX_MSG","detail":"0x9208 bodyLen=81"}
{"ts":"2026-04-05T23:40:02.092Z","level":"INFO","device":"868120100008","event":"9208_RAW","detail":"0C35342E33372E3232352E36350D32000086812010000800260405233737080200383638313230313030303038303032363034303532333337333730383032303000000000000000000000000000000000"}
{"ts":"2026-04-05T23:40:02.092Z","level":"INFO","device":"868120100008","event":"UPLOAD_TRIGGERED","detail":"media: 54.37.225.65:3378 | alarmId: 86812010000800260405233737080200"}
{"ts":"2026-04-05T23:40:02.092Z","level":"INFO","device":"868120100008","event":"MEDIA_CONNECTING","detail":"54.37.225.65:3378 files=2"}
{"ts":"2026-04-05T23:40:02.112Z","level":"INFO","device":"868120100006","event":"MEDIA_CONNECTED","detail":"54.37.225.65:3378"}
{"ts":"2026-04-05T23:40:02.112Z","level":"INFO","device":"868120100006","event":"FILE_START","detail":"[1/2] 00_64_6401_00_86812010000600260405233736080200.jpg (215 bytes)"}
{"ts":"2026-04-05T23:40:02.113Z","level":"INFO","device":"868120100006","event":"SENT_1210","detail":"00_64_6401_00_86812010000600260405233736080200.jpg"}
{"ts":"2026-04-05T23:40:02.116Z","level":"INFO","device":"291078985963","event":"RX_MSG","detail":"0x8001 bodyLen=5"}
{"ts":"2026-04-05T23:40:02.116Z","level":"INFO","device":"291078985963","event":"SERVER_ACK","detail":"0x0200 result=OK"}
{"ts":"2026-04-05T23:40:02.137Z","level":"INFO","device":"868120100009","event":"RX_MSG","detail":"0x9208 bodyLen=81"}
{"ts":"2026-04-05T23:40:02.137Z","level":"INFO","device":"868120100009","event":"9208_RAW","detail":"0C35342E33372E3232352E36350D32000086812010000900260405233737080200383638313230313030303039303032363034303532333337333730383032303000000000000000000000000000000000"}
{"ts":"2026-04-05T23:40:02.137Z","level":"INFO","device":"868120100009","event":"UPLOAD_TRIGGERED","detail":"media: 54.37.225.65:3378 | alarmId: 86812010000900260405233737080200"}
{"ts":"2026-04-05T23:40:02.137Z","level":"INFO","device":"868120100009","event":"MEDIA_CONNECTING","detail":"54.37.225.65:3378 files=2"}
{"ts":"2026-04-05T23:40:02.170Z","level":"INFO","device":"100000000010","event":"GPS_SENT","detail":""}
{"ts":"2026-04-05T23:40:02.171Z","level":"INFO","device":"868120100007","event":"GPS_SENT","detail":""}
{"ts":"2026-04-05T23:40:02.209Z","level":"INFO","device":"868120100004","event":"RX_MSG","detail":"0x9208 bodyLen=81"}
{"ts":"2026-04-05T23:40:02.209Z","level":"INFO","device":"868120100004","event":"9208_RAW","detail":"0C35342E33372E3232352E36350D32000086812010000400260405233736080200383638313230313030303034303032363034303532333337333630383032303000000000000000000000000000000000"}
{"ts":"2026-04-05T23:40:02.209Z","level":"INFO","device":"868120100004","event":"UPLOAD_TRIGGERED","detail":"media: 54.37.225.65:3378 | alarmId: 86812010000400260405233736080200"}
{"ts":"2026-04-05T23:40:02.209Z","level":"INFO","device":"868120100004","event":"MEDIA_CONNECTING","detail":"54.37.225.65:3378 files=2"}
{"ts":"2026-04-05T23:40:02.226Z","level":"INFO","device":"868120100005","event":"MEDIA_CONNECTED","detail":"54.37.225.65:3378"}
{"ts":"2026-04-05T23:40:02.226Z","level":"INFO","device":"868120100005","event":"FILE_START","detail":"[1/2] 00_64_6401_00_86812010000500260405233736080200.jpg (215 bytes)"}
{"ts":"2026-04-05T23:40:02.226Z","level":"INFO","device":"868120100005","event":"SENT_1210","detail":"00_64_6401_00_86812010000500260405233736080200.jpg"}
{"ts":"2026-04-05T23:40:02.242Z","level":"INFO","device":"868120100002","event":"RX_MSG","detail":"0x8001 bodyLen=5"}
{"ts":"2026-04-05T23:40:02.242Z","level":"INFO","device":"868120100002","event":"SERVER_ACK","detail":"0x0200 result=OK"}
{"ts":"2026-04-05T23:40:02.285Z","level":"INFO","device":"868120100008","event":"MEDIA_CONNECTED","detail":"54.37.225.65:3378"}
{"ts":"2026-04-05T23:40:02.286Z","level":"INFO","device":"868120100008","event":"FILE_START","detail":"[1/2] 00_64_6401_00_86812010000800260405233737080200.jpg (215 bytes)"}
{"ts":"2026-04-05T23:40:02.287Z","level":"INFO","device":"868120100008","event":"SENT_1210","detail":"00_64_6401_00_86812010000800260405233737080200.jpg"}
{"ts":"2026-04-05T23:40:02.323Z","level":"INFO","device":"868120100009","event":"MEDIA_CONNECTED","detail":"54.37.225.65:3378"}
{"ts":"2026-04-05T23:40:02.324Z","level":"INFO","device":"868120100009","event":"FILE_START","detail":"[1/2] 00_64_6401_00_86812010000900260405233737080200.jpg (215 bytes)"}
{"ts":"2026-04-05T23:40:02.324Z","level":"INFO","device":"868120100009","event":"SENT_1210","detail":"00_64_6401_00_86812010000900260405233737080200.jpg"}
{"ts":"2026-04-05T23:40:02.330Z","level":"INFO","device":"868120100006","event":"MEDIA_RX","detail":"7E 80 01 00 05 86 81 20 10 00 06 EA 25 00 00 12 10 00 78 7E"}
{"ts":"2026-04-05T23:40:02.364Z","level":"INFO","device":"868120100003","event":"RX_MSG","detail":"0x9208 bodyLen=81"}
{"ts":"2026-04-05T23:40:02.364Z","level":"INFO","device":"868120100003","event":"9208_RAW","detail":"0C35342E33372E3232352E36350D32000086812010000300260405233736080200383638313230313030303033303032363034303532333337333630383032303000000000000000000000000000000000"}
{"ts":"2026-04-05T23:40:02.365Z","level":"INFO","device":"868120100003","event":"UPLOAD_TRIGGERED","detail":"media: 54.37.225.65:3378 | alarmId: 86812010000300260405233736080200"}
{"ts":"2026-04-05T23:40:02.365Z","level":"INFO","device":"868120100003","event":"MEDIA_CONNECTING","detail":"54.37.225.65:3378 files=2"}
{"ts":"2026-04-05T23:40:02.371Z","level":"INFO","device":"100000000010","event":"RX_MSG","detail":"0x8001 bodyLen=5"}
{"ts":"2026-04-05T23:40:02.371Z","level":"INFO","device":"100000000010","event":"SERVER_ACK","detail":"0x0200 result=OK"}
{"ts":"2026-04-05T23:40:02.374Z","level":"INFO","device":"868120100007","event":"RX_MSG","detail":"0x8001 bodyLen=5"}
{"ts":"2026-04-05T23:40:02.374Z","level":"INFO","device":"868120100007","event":"SERVER_ACK","detail":"0x0200 result=OK"}
{"ts":"2026-04-05T23:40:02.416Z","level":"INFO","device":"868120100006","event":"SENT_1212","detail":"00_64_6401_00_86812010000600260405233736080200.jpg"}
{"ts":"2026-04-05T23:40:02.420Z","level":"INFO","device":"868120100004","event":"MEDIA_CONNECTED","detail":"54.37.225.65:3378"}
{"ts":"2026-04-05T23:40:02.421Z","level":"INFO","device":"868120100004","event":"FILE_START","detail":"[1/2] 00_64_6401_00_86812010000400260405233736080200.jpg (215 bytes)"}
{"ts":"2026-04-05T23:40:02.421Z","level":"INFO","device":"868120100004","event":"SENT_1210","detail":"00_64_6401_00_86812010000400260405233736080200.jpg"}
{"ts":"2026-04-05T23:40:02.427Z","level":"INFO","device":"291078985963","event":"RX_MSG","detail":"0x9208 bodyLen=81"}
{"ts":"2026-04-05T23:40:02.428Z","level":"INFO","device":"291078985963","event":"9208_RAW","detail":"0C35342E33372E3232352E36350D32000029107898596300260405233736080200323931303738393835393633303032363034303532333337333630383032303000000000000000000000000000000000"}
{"ts":"2026-04-05T23:40:02.428Z","level":"INFO","device":"291078985963","event":"UPLOAD_TRIGGERED","detail":"media: 54.37.225.65:3378 | alarmId: 29107898596300260405233736080200"}
{"ts":"2026-04-05T23:40:02.428Z","level":"INFO","device":"291078985963","event":"MEDIA_CONNECTING","detail":"54.37.225.65:3378 files=2"}
{"ts":"2026-04-05T23:40:02.429Z","level":"INFO","device":"868120100005","event":"MEDIA_RX","detail":"7E 80 01 00 05 86 81 20 10 00 05 6D 1C 00 00 12 10 00 C5 7E"}
{"ts":"2026-04-05T23:40:02.480Z","level":"INFO","device":"868120100008","event":"MEDIA_RX","detail":"7E 80 01 00 05 86 81 20 10 00 08 F8 F1 00 00 12 10 00 B0 7E"}
{"ts":"2026-04-05T23:40:02.512Z","level":"INFO","device":"868120100009","event":"MEDIA_RX","detail":"7E 80 01 00 05 86 81 20 10 00 09 F4 55 00 00 12 10 00 19 7E"}
{"ts":"2026-04-05T23:40:02.526Z","level":"INFO","device":"868120100005","event":"SENT_1212","detail":"00_64_6401_00_86812010000500260405233736080200.jpg"}
{"ts":"2026-04-05T23:40:02.536Z","level":"INFO","device":"868120100006","event":"MEDIA_RX","detail":"7E 80 01 00 05 86 81 20 10 00 06 19 FB 00 01 12 11 00 55 7E"}
{"ts":"2026-04-05T23:40:02.542Z","level":"INFO","device":"868120100002","event":"RX_MSG","detail":"0x9208 bodyLen=81"}
{"ts":"2026-04-05T23:40:02.542Z","level":"INFO","device":"868120100002","event":"9208_RAW","detail":"0C35342E33372E3232352E36350D32000086812010000200260405233736080200383638313230313030303032303032363034303532333337333630383032303000000000000000000000000000000000"}
{"ts":"2026-04-05T23:40:02.542Z","level":"INFO","device":"868120100002","event":"UPLOAD_TRIGGERED","detail":"media: 54.37.225.65:3378 | alarmId: 86812010000200260405233736080200"}
{"ts":"2026-04-05T23:40:02.543Z","level":"INFO","device":"868120100002","event":"MEDIA_CONNECTING","detail":"54.37.225.65:3378 files=2"}
{"ts":"2026-04-05T23:40:02.574Z","level":"INFO","device":"868120100003","event":"MEDIA_CONNECTED","detail":"54.37.225.65:3378"}
{"ts":"2026-04-05T23:40:02.575Z","level":"INFO","device":"868120100003","event":"FILE_START","detail":"[1/2] 00_64_6401_00_86812010000300260405233736080200.jpg (215 bytes)"}
{"ts":"2026-04-05T23:40:02.575Z","level":"INFO","device":"868120100003","event":"SENT_1210","detail":"00_64_6401_00_86812010000300260405233736080200.jpg"}
{"ts":"2026-04-05T23:40:02.587Z","level":"INFO","device":"868120100008","event":"SENT_1212","detail":"00_64_6401_00_86812010000800260405233737080200.jpg"}
{"ts":"2026-04-05T23:40:02.614Z","level":"INFO","device":"291078985963","event":"MEDIA_CONNECTED","detail":"54.37.225.65:3378"}
{"ts":"2026-04-05T23:40:02.614Z","level":"INFO","device":"291078985963","event":"FILE_START","detail":"[1/2] 00_64_6401_00_29107898596300260405233736080200.jpg (215 bytes)"}
{"ts":"2026-04-05T23:40:02.615Z","level":"INFO","device":"291078985963","event":"SENT_1210","detail":"00_64_6401_00_29107898596300260405233736080200.jpg"}
{"ts":"2026-04-05T23:40:02.626Z","level":"INFO","device":"868120100009","event":"SENT_1212","detail":"00_64_6401_00_86812010000900260405233737080200.jpg"}
{"ts":"2026-04-05T23:40:02.629Z","level":"INFO","device":"868120100005","event":"MEDIA_RX","detail":"7E 80 01 00 05 86 81 20 10 00 05 4E 74 00 01 12 11 00 8E 7E"}
{"ts":"2026-04-05T23:40:02.633Z","level":"INFO","device":"868120100004","event":"MEDIA_RX","detail":"7E 80 01 00 05 86 81 20 10 00 04 AF 5A 00 00 12 10 00 40 7E"}
{"ts":"2026-04-05T23:40:02.671Z","level":"INFO","device":"868120100008","event":"MEDIA_RX","detail":"7E 80 01 00 05 86 81 20 10 00 08 24 31 00 01 12 11 00 AC 7E"}
{"ts":"2026-04-05T23:40:02.696Z","level":"INFO","device":"868120100009","event":"MEDIA_RX","detail":"7E 80 01 00 05 86 81 20 10 00 09 DA D9 00 01 12 11 00 BB 7E"}
{"ts":"2026-04-05T23:40:02.697Z","level":"INFO","device":"100000000010","event":"RX_MSG","detail":"0x9208 bodyLen=81"}
{"ts":"2026-04-05T23:40:02.697Z","level":"INFO","device":"100000000010","event":"9208_RAW","detail":"0C35342E33372E3232352E36350D32000010000000001000260405233737080200313030303030303030303130303032363034303532333337333730383032303000000000000000000000000000000000"}
{"ts":"2026-04-05T23:40:02.698Z","level":"INFO","device":"100000000010","event":"UPLOAD_TRIGGERED","detail":"media: 54.37.225.65:3378 | alarmId: 10000000001000260405233737080200"}
{"ts":"2026-04-05T23:40:02.698Z","level":"INFO","device":"100000000010","event":"MEDIA_CONNECTING","detail":"54.37.225.65:3378 files=2"}
{"ts":"2026-04-05T23:40:02.699Z","level":"INFO","device":"868120100007","event":"RX_MSG","detail":"0x9208 bodyLen=81"}
{"ts":"2026-04-05T23:40:02.699Z","level":"INFO","device":"868120100007","event":"9208_RAW","detail":"0C35342E33372E3232352E36350D32000086812010000700260405233737080200383638313230313030303037303032363034303532333337333730383032303000000000000000000000000000000000"}
{"ts":"2026-04-05T23:40:02.701Z","level":"INFO","device":"868120100007","event":"UPLOAD_TRIGGERED","detail":"media: 54.37.225.65:3378 | alarmId: 86812010000700260405233737080200"}
{"ts":"2026-04-05T23:40:02.702Z","level":"INFO","device":"868120100007","event":"MEDIA_CONNECTING","detail":"54.37.225.65:3378 files=2"}
{"ts":"2026-04-05T23:40:02.717Z","level":"INFO","device":"868120100006","event":"FILE_START","detail":"[2/2] 02_64_6401_03_86812010000600260405233736080200.mp4 (65536 bytes)"}
{"ts":"2026-04-05T23:40:02.718Z","level":"INFO","device":"868120100006","event":"SENT_1210","detail":"02_64_6401_03_86812010000600260405233736080200.mp4"}
{"ts":"2026-04-05T23:40:02.725Z","level":"INFO","device":"868120100004","event":"SENT_1212","detail":"00_64_6401_00_86812010000400260405233736080200.jpg"}
{"ts":"2026-04-05T23:40:02.728Z","level":"INFO","device":"868120100002","event":"MEDIA_CONNECTED","detail":"54.37.225.65:3378"}
{"ts":"2026-04-05T23:40:02.729Z","level":"INFO","device":"868120100002","event":"FILE_START","detail":"[1/2] 00_64_6401_00_86812010000200260405233736080200.jpg (215 bytes)"}
{"ts":"2026-04-05T23:40:02.729Z","level":"INFO","device":"868120100002","event":"SENT_1210","detail":"00_64_6401_00_86812010000200260405233736080200.jpg"}
{"ts":"2026-04-05T23:40:02.789Z","level":"INFO","device":"868120100003","event":"MEDIA_RX","detail":"7E 80 01 00 05 86 81 20 10 00 03 C9 EA 00 00 12 10 00 91 7E"}
{"ts":"2026-04-05T23:40:02.802Z","level":"INFO","device":"291078985963","event":"MEDIA_RX","detail":"7E 80 01 00 05 29 10 78 98 59 63 B1 4C 00 00 12 10 00 98 7E"}
{"ts":"2026-04-05T23:40:02.875Z","level":"INFO","device":"868120100005","event":"FILE_START","detail":"[2/2] 02_64_6401_03_86812010000500260405233736080200.mp4 (65536 bytes)"}
{"ts":"2026-04-05T23:40:02.876Z","level":"INFO","device":"868120100005","event":"SENT_1210","detail":"02_64_6401_03_86812010000500260405233736080200.mp4"}
{"ts":"2026-04-05T23:40:02.876Z","level":"INFO","device":"868120100003","event":"SENT_1212","detail":"00_64_6401_00_86812010000300260405233736080200.jpg"}
{"ts":"2026-04-05T23:40:02.876Z","level":"INFO","device":"868120100004","event":"MEDIA_RX","detail":"7E 80 01 00 05 86 81 20 10 00 04 12 C7 00 01 12 11 00 60 7E"}
{"ts":"2026-04-05T23:40:02.876Z","level":"INFO","device":"868120100006","event":"MEDIA_RX","detail":"7E 92 12 00 36 86 81 20 10 00 06 05 BE 32 30 30 5F 36 34 5F 36 34 30 31 5F 30 30 5F 38 36 38 31 32 30 31 30 30 30 30 36 30 30 32 36 30 34 30 35 32 33 33 37 33 36 30 38 30 32 30 30 2E 6A 70 67 00 00 00 51 7E"}
{"ts":"2026-04-05T23:40:02.888Z","level":"INFO","device":"868120100008","event":"FILE_START","detail":"[2/2] 02_64_6401_03_86812010000800260405233737080200.mp4 (65536 bytes)"}
{"ts":"2026-04-05T23:40:02.889Z","level":"INFO","device":"868120100008","event":"SENT_1210","detail":"02_64_6401_03_86812010000800260405233737080200.mp4"}
{"ts":"2026-04-05T23:40:02.900Z","level":"INFO","device":"100000000010","event":"MEDIA_CONNECTED","detail":"54.37.225.65:3378"}
{"ts":"2026-04-05T23:40:02.900Z","level":"INFO","device":"100000000010","event":"FILE_START","detail":"[1/2] 00_64_6401_00_10000000001000260405233737080200.jpg (215 bytes)"}
{"ts":"2026-04-05T23:40:02.900Z","level":"INFO","device":"100000000010","event":"SENT_1210","detail":"00_64_6401_00_10000000001000260405233737080200.jpg"}
{"ts":"2026-04-05T23:40:02.913Z","level":"INFO","device":"868120100007","event":"MEDIA_CONNECTED","detail":"54.37.225.65:3378"}
{"ts":"2026-04-05T23:40:02.913Z","level":"INFO","device":"868120100007","event":"FILE_START","detail":"[1/2] 00_64_6401_00_86812010000700260405233737080200.jpg (215 bytes)"}
{"ts":"2026-04-05T23:40:02.913Z","level":"INFO","device":"868120100007","event":"SENT_1210","detail":"00_64_6401_00_86812010000700260405233737080200.jpg"}
{"ts":"2026-04-05T23:40:02.915Z","level":"INFO","device":"291078985963","event":"SENT_1212","detail":"00_64_6401_00_29107898596300260405233736080200.jpg"}
{"ts":"2026-04-05T23:40:02.926Z","level":"INFO","device":"868120100009","event":"FILE_START","detail":"[2/2] 02_64_6401_03_86812010000900260405233737080200.mp4 (65536 bytes)"}
{"ts":"2026-04-05T23:40:02.927Z","level":"INFO","device":"868120100009","event":"SENT_1210","detail":"02_64_6401_03_86812010000900260405233737080200.mp4"}
{"ts":"2026-04-05T23:40:02.946Z","level":"INFO","device":"868120100005","event":"MEDIA_RX","detail":"7E 92 12 00 36 86 81 20 10 00 05 98 48 32 30 30 5F 36 34 5F 36 34 30 31 5F 30 30 5F 38 36 38 31 32 30 31 30 30 30 30 35 30 30 32 36 30 34 30 35 32 33 33 37 33 36 30 38 30 32 30 30 2E 6A 70 67 00 00 00 3A 7E"}
{"ts":"2026-04-05T23:40:02.968Z","level":"INFO","device":"868120100008","event":"MEDIA_RX","detail":"7E 92 12 00 36 86 81 20 10 00 08 27 2B 32 30 30 5F 36 34 5F 36 34 30 31 5F 30 30 5F 38 36 38 31 32 30 31 30 30 30 30 38 30 30 32 36 30 34 30 35 32 33 33 37 33 37 30 38 30 32 30 30 2E 6A 70 67 00 00 00 E7 7E"}
{"ts":"2026-04-05T23:40:02.987Z","level":"INFO","device":"291078985963","event":"MEDIA_RX","detail":"7E 80 01 00 05 29 10 78 98 59 63 D5 E5 00 01 12 11 00 55 7E"}
{"ts":"2026-04-05T23:40:02.995Z","level":"INFO","device":"868120100009","event":"MEDIA_RX","detail":"7E 92 12 00 36 86 81 20 10 00 09 56 A1 32 30 30 5F 36 34 5F 36 34 30 31 5F 30 30 5F 38 36 38 31 32 30 31 30 30 30 30 39 30 30 32 36 30 34 30 35 32 33 33 37 33 37 30 38 30 32 30 30 2E 6A 70 67 00 00 00 1C 7E"}
{"ts":"2026-04-05T23:40:02.996Z","level":"INFO","device":"868120100003","event":"MEDIA_RX","detail":"7E 80 01 00 05 86 81 20 10 00 03 E9 5E 00 01 12 11 00 05 7E"}
{"ts":"2026-04-05T23:40:03.025Z","level":"INFO","device":"868120100004","event":"FILE_START","detail":"[2/2] 02_64_6401_03_86812010000400260405233736080200.mp4 (65536 bytes)"}
{"ts":"2026-04-05T23:40:03.026Z","level":"INFO","device":"868120100004","event":"SENT_1210","detail":"02_64_6401_03_86812010000400260405233736080200.mp4"}
{"ts":"2026-04-05T23:40:03.076Z","level":"INFO","device":"868120100006","event":"SENT_1212","detail":"02_64_6401_03_86812010000600260405233736080200.mp4"}
{"ts":"2026-04-05T23:40:03.076Z","level":"INFO","device":"868120100002","event":"SENT_1212","detail":"00_64_6401_00_86812010000200260405233736080200.jpg"}
{"ts":"2026-04-05T23:40:03.104Z","level":"INFO","device":"100000000010","event":"MEDIA_RX","detail":"7E 80 01 00 05 10 00 00 00 00 10 BD A9 00 00 12 10 00 92 7E"}
{"ts":"2026-04-05T23:40:03.126Z","level":"INFO","device":"868120100007","event":"MEDIA_RX","detail":"7E 80 01 00 05 86 81 20 10 00 07 3F 3A 00 00 12 10 00 B3 7E"}
{"ts":"2026-04-05T23:40:03.140Z","level":"INFO","device":"868120100006","event":"MEDIA_RX","detail":"7E 80 01 00 05 86 81 20 10 00 06 65 AC 00 03 12 10 00 7D 01 7E 7E 80 01 00 05 86 81 20 10 00 06 55 04 00 04 12 11 00 E3 7E 7E 80 01 00 05 86 81 20 10 00 06 A0 5C 00 05 12 11 00 4F 7E 7E 80 01 00 05 86 81 20 10 00 06 A8 72 00 06 12 11 00 6A 7E 7E 80 01 00 05 86 81 20 10 00 06 DB 80 00 07 12 11 00 EA 7E 7E 80 01 00 05 86 81 20 10 00 06 3F EE 00 08 12 11 00 6F 7E 7E 80 01 00 05 86 81 20 10 00 06 E5 35 00 09 12 11 00 6F 7E 7E 80 01 00 05 86 81 20 10 00 06 4B 78 00 0A 12 11 00 8F 7E 7E 80 01 00 05 86 81 20 10 00 06 28 C9 00 0B 12 11 00 5C 7E 7E 80 01 00 05 86 81 20 10 00 06 2E 70 00 0C 12 11 00 E4 7E 7E 80 01 00 05 86 81 20 10 00 06 BE C1 00 0D 12 11 00 C4 7E 7E 80 01 00 05 86 81 20 10 00 06 0B 0A 00 0E 12 11 00 B9 7E 7E 80 01 00 05 86 81 20 10 00 06 3E 3F 00 0F 12 11 00 B8 7E 7E 80 01 00 05 86 81 20 10 00 06 00 3E 00 10 12 11 00 98 7E 7E 80 01 00 05 86 81 20 10 00 06 1E DA 00 11 12 11 00 63 7E 7E 80 01 00 05 86 81 20 10 00 06 40 35 00 12 12 11 00 D1 7E 7E 80 01 00 05 86 81 20 10 00 06 E8 3A 00 13 12 11 00 77 7E 7E 80 01 00 05 86 81 20 10 00 06 65 A4 00 14 12 11 00 63 7E 7E 80 01 00 05 86 81 20 10 00 06 02 00 00 15 12 11 00 A1 7E 7E 80 01 00 05 86 81 20 10 00 06 6A E3 00 16 12 11 00 29 7E 7E 80 01 00 05 86 81 20 10 00 06 36 2F 00 17 12 11 00 B8 7E 7E 80 01 00 05 86 81 20 10 00 06 8C DA 00 18 12 11 00 F8 7E 7E 80 01 00 05 86 81 20 10 00 06 4B C7 00 19 12 11 00 23 7E 7E 80 01 00 05 86 81 20 10 00 06 B8 E6 00 1A 12 11 00 F2 7E 7E 80 01 00 05 86 81 20 10 00 06 4C 92 00 1B 12 11 00 73 7E 7E 80 01 00 05 86 81 20 10 00 06 63 85 00 1C 12 11 00 4C 7E 7E 80 01 00 05 86 81 20 10 00 06 96 7C 00 1D 12 11 00 41 7E 7E 80 01 00 05 86 81 20 10 00 06 FB E1 00 1E 12 11 00 B2 7E 7E 80 01 00 05 86 81 20 10 00 06 82 0C 00 1F 12 11 00 27 7E 7E 80 01 00 05 86 81 20 10 00 06 A4 D1 00 20 12 11 00 E3 7E 7E 80 01 00 05 86 81 20 10 00 06 E6 62 00 21 12 11 00 13 7E 7E 80 01 00 05 86 81 20 10 00 06 B1 D0 00 22 12 11 00 F5 7E 7E 80 01 00 05 86 81 20 10 00 06 B6 C6 00 23 12 11 00 E5 7E 7E 80 01 00 05 86 81 20 10 00 06 BF 6A 00 24 12 11 00 47 7E"}
{"ts":"2026-04-05T23:40:03.172Z","level":"INFO","device":"868120100004","event":"MEDIA_RX","detail":"7E 92 12 00 36 86 81 20 10 00 04 E0 13 32 30 30 5F 36 34 5F 36 34 30 31 5F 30 30 5F 38 36 38 31 32 30 31 30 30 30 30 34 30 30 32 36 30 34 30 35 32 33 33 37 33 36 30 38 30 32 30 30 2E 6A 70 67 00 00 00 19 7E"}
{"ts":"2026-04-05T23:40:03.175Z","level":"INFO","device":"868120100003","event":"FILE_START","detail":"[2/2] 02_64_6401_03_86812010000300260405233736080200.mp4 (65536 bytes)"}
{"ts":"2026-04-05T23:40:03.176Z","level":"INFO","device":"868120100003","event":"SENT_1210","detail":"02_64_6401_03_86812010000300260405233736080200.mp4"}
{"ts":"2026-04-05T23:40:03.177Z","level":"INFO","device":"868120100005","event":"MEDIA_RX","detail":"7E 80 01 00 05 86 81 20 10 00 05 0D 31 00 03 12 10 00 8B 7E"}
{"ts":"2026-04-05T23:40:03.181Z","level":"INFO","device":"868120100008","event":"MEDIA_RX","detail":"7E 80 01 00 05 86 81 20 10 00 08 26 64 00 03 12 10 00 F8 7E"}
{"ts":"2026-04-05T23:40:03.187Z","level":"INFO","device":"868120100005","event":"SENT_1212","detail":"02_64_6401_03_86812010000500260405233736080200.mp4"}
{"ts":"2026-04-05T23:40:03.195Z","level":"INFO","device":"868120100008","event":"SENT_1212","detail":"02_64_6401_03_86812010000800260405233737080200.mp4"}
{"ts":"2026-04-05T23:40:03.201Z","level":"INFO","device":"100000000010","event":"SENT_1212","detail":"00_64_6401_00_10000000001000260405233737080200.jpg"}
{"ts":"2026-04-05T23:40:03.212Z","level":"INFO","device":"868120100009","event":"MEDIA_RX","detail":"7E 80 01 00 05 86 81 20 10 00 09 1E 08 00 03 12 10 00 AD 7E"}
{"ts":"2026-04-05T23:40:03.214Z","level":"INFO","device":"868120100007","event":"SENT_1212","detail":"00_64_6401_00_86812010000700260405233737080200.jpg"}
{"ts":"2026-04-05T23:40:03.215Z","level":"INFO","device":"291078985963","event":"FILE_START","detail":"[2/2] 02_64_6401_03_29107898596300260405233736080200.mp4 (65536 bytes)"}
{"ts":"2026-04-05T23:40:03.215Z","level":"INFO","device":"291078985963","event":"SENT_1210","detail":"02_64_6401_03_29107898596300260405233736080200.mp4"}
{"ts":"2026-04-05T23:40:03.240Z","level":"INFO","device":"868120100009","event":"SENT_1212","detail":"02_64_6401_03_86812010000900260405233737080200.mp4"}
{"ts":"2026-04-05T23:40:03.302Z","level":"INFO","device":"291078985963","event":"MEDIA_RX","detail":"7E 92 12 00 36 29 10 78 98 59 63 77 21 32 30 30 5F 36 34 5F 36 34 30 31 5F 30 30 5F 32 39 31 30 37 38 39 38 35 39 36 33 30 30 32 36 30 34 30 35 32 33 33 37 33 36 30 38 30 32 30 30 2E 6A 70 67 00 00 00 61 7E"}
{"ts":"2026-04-05T23:40:03.303Z","level":"INFO","device":"100000000010","event":"MEDIA_RX","detail":"7E 80 01 00 05 10 00 00 00 00 10 70 B6 00 01 12 11 00 40 7E"}
{"ts":"2026-04-05T23:40:03.335Z","level":"INFO","device":"868120100007","event":"MEDIA_RX","detail":"7E 80 01 00 05 86 81 20 10 00 07 2D 89 00 01 12 11 00 12 7E"}
{"ts":"2026-04-05T23:40:03.338Z","level":"INFO","device":"868120100004","event":"SENT_1212","detail":"02_64_6401_03_86812010000400260405233736080200.mp4"}
{"ts":"2026-04-05T23:40:03.358Z","level":"INFO","device":"868120100003","event":"MEDIA_RX","detail":"7E 92 12 00 36 86 81 20 10 00 03 91 B8 32 30 30 5F 36 34 5F 36 34 30 31 5F 30 30 5F 38 36 38 31 32 30 31 30 30 30 30 33 30 30 32 36 30 34 30 35 32 33 33 37 33 36 30 38 30 32 30 30 2E 6A 70 67 00 00 00 C3 7E"}
{"ts":"2026-04-05T23:40:03.374Z","level":"INFO","device":"868120100008","event":"MEDIA_RX","detail":"7E 80 01 00 05 86 81 20 10 00 08 09 9B 00 04 12 11 00 2E 7E 7E 80 01 00 05 86 81 20 10 00 08 D6 79 00 05 12 11 00 12 7E 7E 80 01 00 05 86 81 20 10 00 08 9F D8 00 06 12 11 00 F9 7E 7E 80 01 00 05 86 81 20 10 00 08 0D F9 00 07 12 11 00 4B 7E 7E 80 01 00 05 86 81 20 10 00 08 1F 9F 00 08 12 11 00 30 7E 7E 80 01 00 05 86 81 20 10 00 08 2F C9 00 09 12 11 00 57 7E 7E 80 01 00 05 86 81 20 10 00 08 62 2D 00 0A 12 11 00 FD 7E 7E 80 01 00 05 86 81 20 10 00 08 E4 13 00 0B 12 11 00 44 7E 7E 80 01 00 05 86 81 20 10 00 08 89 84 00 0C 12 11 00 B9 7E 7E 80 01 00 05 86 81 20 10 00 08 6F 30 00 0D 12 11 00 EA 7E 7E 80 01 00 05 86 81 20 10 00 08 99 1B 00 0E 12 11 00 34 7E 7E 80 01 00 05 86 81 20 10 00 08 DD BE 00 0F 12 11 00 D4 7E 7E 80 01 00 05 86 81 20 10 00 08 67 6C 00 10 12 11 00 A3 7E 7E 80 01 00 05 86 81 20 10 00 08 FD A5 00 11 12 11 00 F1 7E 7E 80 01 00 05 86 81 20 10 00 08 69 D2 00 12 12 11 00 11 7E 7E 80 01 00 05 86 81 20 10 00 08 09 AD 00 13 12 11 00 0F 7E 7E 80 01 00 05 86 81 20 10 00 08 FE C1 00 14 12 11 00 93 7E 7E 80 01 00 05 86 81 20 10 00 08 4B F7 00 15 12 11 00 11 7E 7E 80 01 00 05 86 81 20 10 00 08 1C 36 00 16 12 11 00 84 7E 7E 80 01 00 05 86 81 20 10 00 08 0A C4 00 17 12 11 00 61 7E 7E 80 01 00 05 86 81 20 10 00 08 3F 21 00 18 12 11 00 BE 7E 7E 80 01 00 05 86 81 20 10 00 08 BF 70 00 19 12 11 00 6E 7E 7E 80 01 00 05 86 81 20 10 00 08 19 29 00 1A 12 11 00 92 7E 7E 80 01 00 05 86 81 20 10 00 08 12 67 00 1B 12 11 00 D6 7E 7E 80 01 00 05 86 81 20 10 00 08 6F 02 00 1C 12 11 00 C9 7E 7E 80 01 00 05 86 81 20 10 00 08 7D 02 8A 00 1D 12 11 00 51 7E 7E 80 01 00 05 86 81 20 10 00 08 C1 27 00 1E 12 11 00 40 7E 7E 80 01 00 05 86 81 20 10 00 08 E3 44 00 1F 12 11 00 00 7E 7E 80 01 00 05 86 81 20 10 00 08 53 6D 00 20 12 11 00 A6 7E 7E 80 01 00 05 86 81 20 10 00 08 80 82 00 21 12 11 00 9B 7E 7E 80 01 00 05 86 81 20 10 00 08 65 58 00 22 12 11 00 A7 7E 7E 80 01 00 05 86 81 20 10 00 08 F3 53 00 23 12 11 00 3B 7E 7E 80 01 00 05 86 81 20 10 00 08 CE 8B 00 24 12 11 00 D9 7E 7E 80 01 00 05 86 81 20 10 00 08 91 78 00 25 12 11 00 74 7E"}
{"ts":"2026-04-05T23:40:03.376Z","level":"INFO","device":"868120100006","event":"BATCH_COMPLETE","detail":"All 2 files sent"}
{"ts":"2026-04-05T23:40:03.376Z","level":"INFO","device":"868120100002","event":"FILE_START","detail":"[2/2] 02_64_6401_03_86812010000200260405233736080200.mp4 (65536 bytes)"}
{"ts":"2026-04-05T23:40:03.376Z","level":"INFO","device":"868120100002","event":"SENT_1210","detail":"02_64_6401_03_86812010000200260405233736080200.mp4"}
{"ts":"2026-04-05T23:40:03.378Z","level":"INFO","device":"868120100005","event":"MEDIA_RX","detail":"7E 80 01 00 05 86 81 20 10 00 05 73 08 00 04 12 11 00 CA 7E 7E 80 01 00 05 86 81 20 10 00 05 76 76 00 05 12 11 00 B0 7E 7E 80 01 00 05 86 81 20 10 00 05 4B 4A 00 06 12 11 00 B2 7E 7E 80 01 00 05 86 81 20 10 00 05 43 97 00 07 12 11 00 66 7E 7E 80 01 00 05 86 81 20 10 00 05 FD 78 00 08 12 11 00 38 7E 7E 80 01 00 05 86 81 20 10 00 05 E2 BF 00 09 12 11 00 E1 7E 7E 80 01 00 05 86 81 20 10 00 05 9D B6 00 0A 12 11 00 94 7E 7E 80 01 00 05 86 81 20 10 00 05 91 62 00 0B 12 11 00 4D 7E 7E 80 01 00 05 86 81 20 10 00 05 4B 1D 00 0C 12 11 00 EF 7E 7E 80 01 00 05 86 81 20 10 00 05 0C F0 00 0D 12 11 00 44 7E 7E 80 01 00 05 86 81 20 10 00 05 93 2B 00 0E 12 11 00 03 7E 7E 80 01 00 05 86 81 20 10 00 05 47 A0 00 0F 12 11 00 5D 7E 7E 80 01 00 05 86 81 20 10 00 05 FF 10 00 10 12 11 00 4A 7E 7E 80 01 00 05 86 81 20 10 00 05 8B 6C 00 11 12 11 00 43 7E 7E 80 01 00 05 86 81 20 10 00 05 AF CB 00 12 12 11 00 C3 7E 7E 80 01 00 05 86 81 20 10 00 05 A1 A0 00 13 12 11 00 A7 7E 7E 80 01 00 05 86 81 20 10 00 05 96 90 00 14 12 11 00 A7 7E 7E 80 01 00 05 86 81 20 10 00 05 9F BB 00 15 12 11 00 84 7E 7E 80 01 00 05 86 81 20 10 00 05 AD A7 00 16 12 11 00 A9 7E 7E 80 01 00 05 86 81 20 10 00 05 32 8F 00 17 12 11 00 1F 7E 7E 80 01 00 05 86 81 20 10 00 05 E6 78 00 18 12 11 00 33 7E 7E 80 01 00 05 86 81 20 10 00 05 6F 7C 00 19 12 11 00 BF 7E 7E 80 01 00 05 86 81 20 10 00 05 47 14 00 1A 12 11 00 FC 7E 7E 80 01 00 05 86 81 20 10 00 05 D3 56 00 1B 12 11 00 2B 7E 7E 80 01 00 05 86 81 20 10 00 05 61 01 00 1C 12 11 00 C9 7E 7E 80 01 00 05 86 81 20 10 00 05 13 08 00 1D 12 11 00 B3 7E 7E 80 01 00 05 86 81 20 10 00 05 AF ED 00 1E 12 11 00 E9 7E 7E 80 01 00 05 86 81 20 10 00 05 DA C8 00 1F 12 11 00 B8 7E 7E 80 01 00 05 86 81 20 10 00 05 14 BD 00 20 12 11 00 3C 7E 7E 80 01 00 05 86 81 20 10 00 05 CC 40 00 21 12 11 00 18 7E 7E 80 01 00 05 86 81 20 10 00 05 F3 54 00 22 12 11 00 30 7E 7E 80 01 00 05 86 81 20 10 00 05 13 F8 00 23 12 11 00 7D 01 7E 7E 80 01 00 05 86 81 20 10 00 05 24 01 00 24 12 11 00 B4 7E 7E 80 01 00 05 86 81 20 10 00 05 56 A9 00 25 12 11 00 6F 7E"}
{"ts":"2026-04-05T23:40:03.396Z","level":"INFO","device":"868120100009","event":"MEDIA_RX","detail":"7E 80 01 00 05 86 81 20 10 00 09 F4 75 00 04 12 11 00 3C 7E 7E 80 01 00 05 86 81 20 10 00 09 E5 65 00 05 12 11 00 3C 7E 7E 80 01 00 05 86 81 20 10 00 09 EF BA 00 06 12 11 00 EA 7E 7E 80 01 00 05 86 81 20 10 00 09 2A 2D 00 07 12 11 00 B9 7E 7E 80 01 00 05 86 81 20 10 00 09 08 60 00 08 12 11 00 D9 7E 7E 80 01 00 05 86 81 20 10 00 09 BC 76 00 09 12 11 00 7A 7E 7E 80 01 00 05 86 81 20 10 00 09 1D CB 00 0A 12 11 00 65 7E 7E 80 01 00 05 86 81 20 10 00 09 C4 8D 00 0B 12 11 00 FB 7E 7E 80 01 00 05 86 81 20 10 00 09 D8 36 00 0C 12 11 00 5B 7E 7E 80 01 00 05 86 81 20 10 00 09 3A 02 00 0D 12 11 00 8C 7E 7E 80 01 00 05 86 81 20 10 00 09 4E 86 00 0E 12 11 00 7F 7E 7E 80 01 00 05 86 81 20 10 00 09 6F 62 00 0F 12 11 00 BB 7E 7E 80 01 00 05 86 81 20 10 00 09 C6 24 00 10 12 11 00 4B 7E 7E 80 01 00 05 86 81 20 10 00 09 5B 9D 00 11 12 11 00 6E 7E 7E 80 01 00 05 86 81 20 10 00 09 A7 46 00 12 12 11 00 4A 7E 7E 80 01 00 05 86 81 20 10 00 09 F4 78 00 13 12 11 00 26 7E 7E 80 01 00 05 86 81 20 10 00 09 A3 7D 01 00 14 12 11 00 73 7E 7E 80 01 00 05 86 81 20 10 00 09 05 83 00 15 12 11 00 2A 7E 7E 80 01 00 05 86 81 20 10 00 09 FE C7 00 16 12 11 00 96 7E 7E 80 01 00 05 86 81 20 10 00 09 49 2B 00 17 12 11 00 CC 7E 7E 80 01 00 05 86 81 20 10 00 09 EC 5E 00 18 12 11 00 13 7E 7E 80 01 00 05 86 81 20 10 00 09 8C 2A 00 19 12 11 00 06 7E 7E 80 01 00 05 86 81 20 10 00 09 79 67 00 1A 12 11 00 BD 7E 7E 80 01 00 05 86 81 20 10 00 09 6C 4F 00 1B 12 11 00 81 7E 7E 80 01 00 05 86 81 20 10 00 09 0D E0 00 1C 12 11 00 48 7E 7E 80 01 00 05 86 81 20 10 00 09 6A 8A 00 1D 12 11 00 44 7E 7E 80 01 00 05 86 81 20 10 00 09 52 32 00 1E 12 11 00 C7 7E 7E 80 01 00 05 86 81 20 10 00 09 5A E2 00 1F 12 11 00 1E 7E 7E 80 01 00 05 86 81 20 10 00 09 D6 D7 00 20 12 11 00 98 7E 7E 80 01 00 05 86 81 20 10 00 09 20 91 00 21 12 11 00 29 7E 7E 80 01 00 05 86 81 20 10 00 09 D6 AF 00 22 12 11 00 E2 7E 7E 80 01 00 05 86 81 20 10 00 09 18 C0 00 23 12 11 00 42 7E 7E 80 01 00 05 86 81 20 10 00 09 52 D1 00 24 12 11 00 1E 7E 7E 80 01 00 05 86 81 20 10 00 09 93 1B 00 25 12 11 00 14 7E"}
{"ts":"2026-04-05T23:40:03.443Z","level":"INFO","device":"868120100004","event":"MEDIA_RX","detail":"7E 80 01 00 05 86 81 20 10 00 04 84 AA 00 03 12 10 00 98 7E 7E 80 01 00 05 86 81 20 10 00 04 87 1B 00 04 12 11 00 2C 7E 7E 80 01 00 05 86 81 20 10 00 04 A9 11 00 05 12 11 00 09 7E 7E 80 01 00 05 86 81 20 10 00 04 D4 5E 00 06 12 11 00 38 7E 7E 80 01 00 05 86 81 20 10 00 04 3F 0C 00 07 12 11 00 80 7E 7E 80 01 00 05 86 81 20 10 00 04 BF 3C 00 08 12 11 00 3F 7E 7E 80 01 00 05 86 81 20 10 00 04 94 B9 00 09 12 11 00 90 7E 7E 80 01 00 05 86 81 20 10 00 04 B7 DD 00 0A 12 11 00 D4 7E 7E 80 01 00 05 86 81 20 10 00 04 2D 13 00 0B 12 11 00 81 7E 7E 80 01 00 05 86 81 20 10 00 04 02 F2 00 0C 12 11 00 48 7E 7E 80 01 00 05 86 81 20 10 00 04 FE C3 00 0D 12 11 00 84 7E 7E 80 01 00 05 86 81 20 10 00 04 C6 E1 00 0E 12 11 00 9D 7E 7E 80 01 00 05 86 81 20 10 00 04 D1 7A 00 0F 12 11 00 10 7E 7E 80 01 00 05 86 81 20 10 00 04 FD 22 00 10 12 11 00 7B 7E 7E 80 01 00 05 86 81 20 10 00 04 C6 BD 00 11 12 11 00 DE 7E 7E 80 01 00 05 86 81 20 10 00 04 0F 78 00 12 12 11 00 D1 7E 7E 80 01 00 05 86 81 20 10 00 04 50 70 00 13 12 11 00 87 7E 7E 80 01 00 05 86 81 20 10 00 04 0B 35 00 14 12 11 00 9E 7E 7E 80 01 00 05 86 81 20 10 00 04 6E B5 00 15 12 11 00 7A 7E 7E 80 01 00 05 86 81 20 10 00 04 C3 03 00 16 12 11 00 62 7E 7E 80 01 00 05 86 81 20 10 00 04 11 1A 00 17 12 11 00 A8 7E 7E 80 01 00 05 86 81 20 10 00 04 C0 5D 00 18 12 11 00 31 7E 7E 80 01 00 05 86 81 20 10 00 04 B2 4D 00 19 12 11 00 52 7E 7E 80 01 00 05 86 81 20 10 00 04 02 E8 00 1A 12 11 00 44 7E 7E 80 01 00 05 86 81 20 10 00 04 AE 31 00 1B 12 11 00 30 7E 7E 80 01 00 05 86 81 20 10 00 04 52 4E 00 1C 12 11 00 B4 7E 7E 80 01 00 05 86 81 20 10 00 04 1C F4 00 1D 12 11 00 41 7E 7E 80 01 00 05 86 81 20 10 00 04 EC A8 00 1E 12 11 00 EE 7E 7E 80 01 00 05 86 81 20 10 00 04 53 19 00 1F 12 11 00 E1 7E 7E 80 01 00 05 86 81 20 10 00 04 39 B2 00 20 12 11 00 1F 7E 7E 80 01 00 05 86 81 20 10 00 04 8B 22 00 21 12 11 00 3C 7E 7E 80 01 00 05 86 81 20 10 00 04 CB D5 00 22 12 11 00 88 7E 7E 80 01 00 05 86 81 20 10 00 04 D1 69 00 23 12 11 00 2F 7E 7E 80 01 00 05 86 81 20 10 00 04 79 64 00 24 12 11 00 8D 7E"}
{"ts":"2026-04-05T23:40:03.485Z","level":"INFO","device":"868120100003","event":"SENT_1212","detail":"02_64_6401_03_86812010000300260405233736080200.mp4"}
{"ts":"2026-04-05T23:40:03.488Z","level":"INFO","device":"868120100005","event":"BATCH_COMPLETE","detail":"All 2 files sent"}
{"ts":"2026-04-05T23:40:03.496Z","level":"INFO","device":"868120100008","event":"BATCH_COMPLETE","detail":"All 2 files sent"}
{"ts":"2026-04-05T23:40:03.500Z","level":"INFO","device":"291078985963","event":"MEDIA_RX","detail":"7E 80 01 00 05 29 10 78 98 59 63 8B 4F 00 03 12 10 00 A2 7E"}
{"ts":"2026-04-05T23:40:03.501Z","level":"INFO","device":"100000000010","event":"FILE_START","detail":"[2/2] 02_64_6401_03_10000000001000260405233737080200.mp4 (65536 bytes)"}
{"ts":"2026-04-05T23:40:03.501Z","level":"INFO","device":"100000000010","event":"SENT_1210","detail":"02_64_6401_03_10000000001000260405233737080200.mp4"}
{"ts":"2026-04-05T23:40:03.513Z","level":"INFO","device":"868120100007","event":"FILE_START","detail":"[2/2] 02_64_6401_03_86812010000700260405233737080200.mp4 (65536 bytes)"}
{"ts":"2026-04-05T23:40:03.514Z","level":"INFO","device":"868120100007","event":"SENT_1210","detail":"02_64_6401_03_86812010000700260405233737080200.mp4"}
{"ts":"2026-04-05T23:40:03.518Z","level":"INFO","device":"868120100002","event":"MEDIA_RX","detail":"7E 80 01 00 05 86 81 20 10 00 02 E4 E4 00 00 12 10 00 B3 7E"}
{"ts":"2026-04-05T23:40:03.525Z","level":"INFO","device":"291078985963","event":"SENT_1212","detail":"02_64_6401_03_29107898596300260405233736080200.mp4"}
{"ts":"2026-04-05T23:40:03.540Z","level":"INFO","device":"868120100009","event":"BATCH_COMPLETE","detail":"All 2 files sent"}
{"ts":"2026-04-05T23:40:03.592Z","level":"INFO","device":"868120100003","event":"MEDIA_RX","detail":"7E 80 01 00 05 86 81 20 10 00 03 B7 4E 00 03 12 10 00 48 7E 7E 80 01 00 05 86 81 20 10 00 03 E2 2F 00 04 12 11 00 7A 7E 7E 80 01 00 05 86 81 20 10 00 03 B0 28 00 05 12 11 00 2E 7E 7E 80 01 00 05 86 81 20 10 00 03 42 4C 00 06 12 11 00 BB 7E 7E 80 01 00 05 86 81 20 10 00 03 CC 84 00 07 12 11 00 FC 7E 7E 80 01 00 05 86 81 20 10 00 03 77 87 00 08 12 11 00 4B 7E 7E 80 01 00 05 86 81 20 10 00 03 CA FE 00 09 12 11 00 8E 7E 7E 80 01 00 05 86 81 20 10 00 03 88 9A 00 0A 12 11 00 AB 7E 7E 80 01 00 05 86 81 20 10 00 03 0A 51 00 0B 12 11 00 E3 7E 7E 80 01 00 05 86 81 20 10 00 03 EB 9F 00 0C 12 11 00 CB 7E 7E 80 01 00 05 86 81 20 10 00 03 BE 41 00 0D 12 11 00 41 7E 7E 80 01 00 05 86 81 20 10 00 03 51 70 00 0E 12 11 00 9C 7E 7E 80 01 00 05 86 81 20 10 00 03 30 BC 00 0F 12 11 00 30 7E 7E 80 01 00 05 86 81 20 10 00 03 04 ED 00 10 12 11 00 4A 7E 7E 80 01 00 05 86 81 20 10 00 03 0A 72 00 11 12 11 00 DA 7E 7E 80 01 00 05 86 81 20 10 00 03 C6 41 00 12 12 11 00 26 7E 7E 80 01 00 05 86 81 20 10 00 03 FF 0A 00 13 12 11 00 55 7E 7E 80 01 00 05 86 81 20 10 00 03 F0 D8 00 14 12 11 00 8F 7E 7E 80 01 00 05 86 81 20 10 00 03 E7 24 00 15 12 11 00 65 7E 7E 80 01 00 05 86 81 20 10 00 03 80 FF 00 16 12 11 00 DA 7E 7E 80 01 00 05 86 81 20 10 00 03 7D 02 69 00 17 12 11 00 B3 7E 7E 80 01 00 05 86 81 20 10 00 03 0D D0 00 18 12 11 00 76 7E 7E 80 01 00 05 86 81 20 10 00 03 B3 78 00 19 12 11 00 61 7E 7E 80 01 00 05 86 81 20 10 00 03 26 0A 00 1A 12 11 00 85 7E 7E 80 01 00 05 86 81 20 10 00 03 2E 2C 00 1B 12 11 00 AA 7E 7E 80 01 00 05 86 81 20 10 00 03 80 49 00 1C 12 11 00 66 7E 7E 80 01 00 05 86 81 20 10 00 03 23 D7 00 1D 12 11 00 5A 7E 7E 80 01 00 05 86 81 20 10 00 03 6C 64 00 1E 12 11 00 A5 7E 7E 80 01 00 05 86 81 20 10 00 03 8D 86 00 1F 12 11 00 A7 7E 7E 80 01 00 05 86 81 20 10 00 03 72 7D 01 00 20 12 11 00 9C 7E 7E 80 01 00 05 86 81 20 10 00 03 2F 59 00 21 12 11 00 E4 7E 7E 80 01 00 05 86 81 20 10 00 03 9B 65 00 22 12 11 00 6F 7E 7E 80 01 00 05 86 81 20 10 00 03 1B 32 00 23 12 11 00 B9 7E 7E 80 01 00 05 86 81 20 10 00 03 13 C4 00 24 12 11 00 40 7E"}
{"ts":"2026-04-05T23:40:03.630Z","level":"INFO","device":"100000000010","event":"MEDIA_RX","detail":"7E 92 12 00 36 10 00 00 00 00 10 8C 9C 32 30 30 5F 36 34 5F 36 34 30 31 5F 30 30 5F 31 30 30 30 30 30 30 30 30 30 31 30 30 30 32 36 30 34 30 35 32 33 33 37 33 37 30 38 30 32 30 30 2E 6A 70 67 00 00 00 C8 7E"}
{"ts":"2026-04-05T23:40:03.638Z","level":"INFO","device":"868120100004","event":"BATCH_COMPLETE","detail":"All 2 files sent"}
{"ts":"2026-04-05T23:40:03.670Z","level":"INFO","device":"868120100007","event":"MEDIA_RX","detail":"7E 92 12 00 36 86 81 20 10 00 07 01 24 32 30 30 5F 36 34 5F 36 34 30 31 5F 30 30 5F 38 36 38 31 32 30 31 30 30 30 30 37 30 30 32 36 30 34 30 35 32 33 33 37 33 37 30 38 30 32 30 30 2E 6A 70 67 00 00 00 CE 7E"}
{"ts":"2026-04-05T23:40:03.683Z","level":"INFO","device":"291078985963","event":"MEDIA_RX","detail":"7E 80 01 00 05 29 10 78 98 59 63 E6 3D 00 04 12 11 00 BB 7E 7E 80 01 00 05 29 10 78 98 59 63 3F 04 00 05 12 11 00 5A 7E 7E 80 01 00 05 29 10 78 98 59 63 15 C2 00 06 12 11 00 B5 7E 7E 80 01 00 05 29 10 78 98 59 63 E1 6E 00 07 12 11 00 EC 7E 7E 80 01 00 05 29 10 78 98 59 63 EE F8 00 08 12 11 00 7A 7E 7E 80 01 00 05 29 10 78 98 59 63 BB 28 00 09 12 11 00 FE 7E 7E 80 01 00 05 29 10 78 98 59 63 B1 C5 00 0A 12 11 00 1A 7E 7E 80 01 00 05 29 10 78 98 59 63 CD B4 00 0B 12 11 00 16 7E 7E 80 01 00 05 29 10 78 98 59 63 59 32 00 0C 12 11 00 03 7E 7E 80 01 00 05 29 10 78 98 59 63 49 CF 00 0D 12 11 00 EF 7E 7E 80 01 00 05 29 10 78 98 59 63 AE AE 00 0E 12 11 00 6A 7E 7E 80 01 00 05 29 10 78 98 59 63 24 6E 00 0F 12 11 00 21 7E 7E 80 01 00 05 29 10 78 98 59 63 94 10 00 10 12 11 00 F0 7E 7E 80 01 00 05 29 10 78 98 59 63 30 5C 00 11 12 11 00 19 7E 7E 80 01 00 05 29 10 78 98 59 63 DA 50 00 12 12 11 00 FC 7E 7E 80 01 00 05 29 10 78 98 59 63 E7 26 00 13 12 11 00 B6 7E 7E 80 01 00 05 29 10 78 98 59 63 E1 BF 00 14 12 11 00 2E 7E 7E 80 01 00 05 29 10 78 98 59 63 F7 22 00 15 12 11 00 A4 7E 7E 80 01 00 05 29 10 78 98 59 63 B1 67 00 16 12 11 00 A4 7E 7E 80 01 00 05 29 10 78 98 59 63 55 06 00 17 12 11 00 20 7E 7E 80 01 00 05 29 10 78 98 59 63 E5 AE 00 18 12 11 00 37 7E 7E 80 01 00 05 29 10 78 98 59 63 68 7F 00 19 12 11 00 6A 7E 7E 80 01 00 05 29 10 78 98 59 63 15 05 00 1A 12 11 00 6E 7E 7E 80 01 00 05 29 10 78 98 59 63 61 88 00 1B 12 11 00 96 7E 7E 80 01 00 05 29 10 78 98 59 63 4F D9 00 1C 12 11 00 EE 7E 7E 80 01 00 05 29 10 78 98 59 63 D8 EA 00 1D 12 11 00 4B 7E 7E 80 01 00 05 29 10 78 98 59 63 F8 C6 00 1E 12 11 00 44 7E 7E 80 01 00 05 29 10 78 98 59 63 CF 93 00 1F 12 11 00 27 7E 7E 80 01 00 05 29 10 78 98 59 63 42 97 00 20 12 11 00 91 7E 7E 80 01 00 05 29 10 78 98 59 63 6E E4 00 21 12 11 00 CF 7E 7E 80 01 00 05 29 10 78 98 59 63 D6 7B 00 22 12 11 00 EB 7E 7E 80 01 00 05 29 10 78 98 59 63 B2 99 00 23 12 11 00 6C 7E 7E 80 01 00 05 29 10 78 98 59 63 65 B6 00 24 12 11 00 93 7E 7E 80 01 00 05 29 10 78 98 59 63 8E 2A 00 25 12 11 00 E5 7E"}
{"ts":"2026-04-05T23:40:03.686Z","level":"INFO","device":"868120100002","event":"SENT_1212","detail":"02_64_6401_03_86812010000200260405233736080200.mp4"}
{"ts":"2026-04-05T23:40:03.700Z","level":"INFO","device":"868120100002","event":"MEDIA_RX","detail":"7E 80 01 00 05 86 81 20 10 00 02 1F B4 00 01 12 11 00 18 7E 7E 92 12 00 36 86 81 20 10 00 02 F0 67 32 30 30 5F 36 34 5F 36 34 30 31 5F 30 30 5F 38 36 38 31 32 30 31 30 30 30 30 32 30 30 32 36 30 34 30 35 32 33 33 37 33 36 30 38 30 32 30 30 2E 6A 70 67 00 00 00 7D 01 7E 7E 80 01 00 05 86 81 20 10 00 02 79 C5 00 03 12 10 00 0C 7E 7E 80 01 00 05 86 81 20 10 00 02 45 66 00 04 12 11 00 95 7E 7E 80 01 00 05 86 81 20 10 00 02 F5 4B 00 05 12 11 00 09 7E 7E 80 01 00 05 86 81 20 10 00 02 62 6F 00 06 12 11 00 B9 7E 7E 80 01 00 05 86 81 20 10 00 02 FA 20 00 07 12 11 00 6F 7E 7E 80 01 00 05 86 81 20 10 00 02 61 01 00 08 12 11 00 DA 7E 7E 80 01 00 05 86 81 20 10 00 02 B1 56 00 09 12 11 00 5C 7E 7E 80 01 00 05 86 81 20 10 00 02 D4 A5 00 0A 12 11 00 C9 7E 7E 80 01 00 05 86 81 20 10 00 02 39 F5 00 0B 12 11 00 75 7E 7E 80 01 00 05 86 81 20 10 00 02 2F 5F 00 0C 12 11 00 CE 7E 7E 80 01 00 05 86 81 20 10 00 02 7D 02 80 00 0D 12 11 00 41 7E 7E 80 01 00 05 86 81 20 10 00 02 96 74 00 0E 12 11 00 5E 7E 7E 80 01 00 05 86 81 20 10 00 02 11 1C 00 0F 12 11 00 B0 7E 7E 80 01 00 05 86 81 20 10 00 02 97 24 00 10 12 11 00 11 7E 7E 80 01 00 05 86 81 20 10 00 02 93 4E 00 11 12 11 00 7D 02 7E 7E 80 01 00 05 86 81 20 10 00 02 B2 3A 00 12 12 11 00 28 7E 7E 80 01 00 05 86 81 20 10 00 02 02 6A 00 13 12 11 00 C9 7E 7E 80 01 00 05 86 81 20 10 00 02 37 B7 00 14 12 11 00 26 7E 7E 80 01 00 05 86 81 20 10 00 02 59 26 00 15 12 11 00 D8 7E 7E 80 01 00 05 86 81 20 10 00 02 9A 54 00 16 12 11 00 6A 7E 7E 80 01 00 05 86 81 20 10 00 02 2E 85 00 17 12 11 00 0E 7E 7E 80 01 00 05 86 81 20 10 00 02 0F B2 00 18 12 11 00 17 7E 7E 80 01 00 05 86 81 20 10 00 02 98 20 00 19 12 11 00 13 7E 7E 80 01 00 05 86 81 20 10 00 02 B0 10 00 1A 12 11 00 08 7E 7E 80 01 00 05 86 81 20 10 00 02 3B 43 00 1B 12 11 00 D1 7E 7E 80 01 00 05 86 81 20 10 00 02 DA 02 00 1C 12 11 00 76 7E 7E 80 01 00 05 86 81 20 10 00 02 52 C3 00 1D 12 11 00 3E 7E 7E 80 01 00 05 86 81 20 10 00 02 C7 23 00 1E 12 11 00 48 7E 7E 80 01 00 05 86 81 20 10 00 02 92 D7 00 1F 12 11 00 E8 7E 7E 80 01 00 05 86 81 20 10 00 02 06 54 00 20 12 11 00 C0 7E 7E 80 01 00 05 86 81 20 10 00 02 2D CB 00 21 12 11 00 75 7E 7E 80 01 00 05 86 81 20 10 00 02 BB 9D 00 22 12 11 00 B6 7E 7E 80 01 00 05 86 81 20 10 00 02 73 BA 00 23 12 11 00 58 7E"}
{"ts":"2026-04-05T23:40:03.785Z","level":"INFO","device":"868120100003","event":"BATCH_COMPLETE","detail":"All 2 files sent"}
{"ts":"2026-04-05T23:40:03.797Z","level":"ERROR","device":"868120100006","event":"MEDIA_ERROR","detail":"54.37.225.65:3378 — read ECONNRESET"}
{"ts":"2026-04-05T23:40:03.797Z","level":"INFO","device":"868120100006","event":"MEDIA_CLOSED","detail":""}
{"ts":"2026-04-05T23:40:03.807Z","level":"INFO","device":"100000000010","event":"SENT_1212","detail":"02_64_6401_03_10000000001000260405233737080200.mp4"}
{"ts":"2026-04-05T23:40:03.820Z","level":"INFO","device":"868120100007","event":"SENT_1212","detail":"02_64_6401_03_86812010000700260405233737080200.mp4"}
{"ts":"2026-04-05T23:40:03.830Z","level":"INFO","device":"291078985963","event":"BATCH_COMPLETE","detail":"All 2 files sent"}
{"ts":"2026-04-05T23:40:03.901Z","level":"INFO","device":"100000000010","event":"MEDIA_RX","detail":"7E 80 01 00 05 10 00 00 00 00 10 5E D9 00 03 12 10 00 02 7E 7E 80 01 00 05 10 00 00 00 00 10 52 3F 00 04 12 11 00 EE 7E 7E 80 01 00 05 10 00 00 00 00 10 87 83 00 05 12 11 00 86 7E 7E 80 01 00 05 10 00 00 00 00 10 4A 26 00 06 12 11 00 ED 7E 7E 80 01 00 05 10 00 00 00 00 10 F7 1B 00 07 12 11 00 6C 7E 7E 80 01 00 05 10 00 00 00 00 10 B2 DB 00 08 12 11 00 E6 7E 7E 80 01 00 05 10 00 00 00 00 10 3D D0 00 09 12 11 00 63 7E 7E 80 01 00 05 10 00 00 00 00 10 FA A5 00 0A 12 11 00 D2 7E 7E 80 01 00 05 10 00 00 00 00 10 C7 8D 00 0B 12 11 00 C6 7E 7E 80 01 00 05 10 00 00 00 00 10 DC 34 00 0C 12 11 00 63 7E 7E 80 01 00 05 10 00 00 00 00 10 78 5B 00 0D 12 11 00 A9 7E 7E 80 01 00 05 10 00 00 00 00 10 B4 C6 00 0E 12 11 00 FB 7E 7E 80 01 00 05 10 00 00 00 00 10 3F 81 00 0F 12 11 00 36 7E 7E 80 01 00 05 10 00 00 00 00 10 2C B6 00 10 12 11 00 0D 7E 7E 80 01 00 05 10 00 00 00 00 10 8E 2E 00 11 12 11 00 36 7E 7E 80 01 00 05 10 00 00 00 00 10 C5 B1 00 12 12 11 00 E1 7E 7E 80 01 00 05 10 00 00 00 00 10 39 BC 00 13 12 11 00 11 7E 7E 80 01 00 05 10 00 00 00 00 10 C0 EE 00 14 12 11 00 BD 7E 7E 80 01 00 05 10 00 00 00 00 10 EC EB 00 15 12 11 00 95 7E 7E 80 01 00 05 10 00 00 00 00 10 C2 EA 00 16 12 11 00 B9 7E 7E 80 01 00 05 10 00 00 00 00 10 EE 89 00 17 12 11 00 F7 7E 7E 80 01 00 05 10 00 00 00 00 10 50 5E 00 18 12 11 00 91 7E 7E 80 01 00 05 10 00 00 00 00 10 EC 63 00 19 12 11 00 11 7E 7E 80 01 00 05 10 00 00 00 00 10 41 DC 00 1A 12 11 00 00 7E 7E 80 01 00 05 10 00 00 00 00 10 FD EB 00 1B 12 11 00 8A 7E 7E 80 01 00 05 10 00 00 00 00 10 FF 07 00 1C 12 11 00 63 7E 7E 80 01 00 05 10 00 00 00 00 10 5F 93 00 1D 12 11 00 56 7E 7E 80 01 00 05 10 00 00 00 00 10 07 32 00 1E 12 11 00 AC 7E 7E 80 01 00 05 10 00 00 00 00 10 44 A3 00 1F 12 11 00 7F 7E 7E 80 01 00 05 10 00 00 00 00 10 6D E3 00 20 12 11 00 29 7E 7E 80 01 00 05 10 00 00 00 00 10 DC 40 00 21 12 11 00 3A 7E 7E 80 01 00 05 10 00 00 00 00 10 94 32 00 22 12 11 00 03 7E 7E 80 01 00 05 10 00 00 00 00 10 02 FD 00 23 12 11 00 5B 7E 7E 80 01 00 05 10 00 00 00 00 10 A3 8B 00 24 12 11 00 8B 7E"}
{"ts":"2026-04-05T23:40:03.903Z","level":"ERROR","device":"868120100008","event":"MEDIA_ERROR","detail":"54.37.225.65:3378 — read ECONNRESET"}
{"ts":"2026-04-05T23:40:03.903Z","level":"INFO","device":"868120100008","event":"MEDIA_CLOSED","detail":""}
{"ts":"2026-04-05T23:40:03.911Z","level":"ERROR","device":"868120100009","event":"MEDIA_ERROR","detail":"54.37.225.65:3378 — read ECONNRESET"}
{"ts":"2026-04-05T23:40:03.911Z","level":"INFO","device":"868120100009","event":"MEDIA_CLOSED","detail":""}
{"ts":"2026-04-05T23:40:03.911Z","level":"ERROR","device":"868120100005","event":"MEDIA_ERROR","detail":"54.37.225.65:3378 — read ECONNRESET"}
{"ts":"2026-04-05T23:40:03.911Z","level":"INFO","device":"868120100005","event":"MEDIA_CLOSED","detail":""}
{"ts":"2026-04-05T23:40:03.933Z","level":"INFO","device":"868120100007","event":"MEDIA_RX","detail":"7E 80 01 00 05 86 81 20 10 00 07 C8 39 00 03 12 10 00 44 7E 7E 80 01 00 05 86 81 20 10 00 07 F1 AD 00 04 12 11 00 EF 7E 7E 80 01 00 05 86 81 20 10 00 07 22 36 00 05 12 11 00 A6 7E 7E 80 01 00 05 86 81 20 10 00 07 FF 98 00 06 12 11 00 D6 7E 7E 80 01 00 05 86 81 20 10 00 07 77 8E 00 07 12 11 00 49 7E 7E 80 01 00 05 86 81 20 10 00 07 99 B9 00 08 12 11 00 9F 7E 7E 80 01 00 05 86 81 20 10 00 07 3D 8A 00 09 12 11 00 09 7E 7E 80 01 00 05 86 81 20 10 00 07 1C 05 00 0A 12 11 00 A4 7E 7E 80 01 00 05 86 81 20 10 00 07 62 7C 00 0B 12 11 00 A2 7E 7E 80 01 00 05 86 81 20 10 00 07 FA 63 00 0C 12 11 00 22 7E 7E 80 01 00 05 86 81 20 10 00 07 BB F7 00 0D 12 11 00 F6 7E 7E 80 01 00 05 86 81 20 10 00 07 29 C6 00 0E 12 11 00 56 7E 7E 80 01 00 05 86 81 20 10 00 07 69 FF 00 0F 12 11 00 2E 7E 7E 80 01 00 05 86 81 20 10 00 07 84 5E 00 10 12 11 00 7D 01 7E 7E 80 01 00 05 86 81 20 10 00 07 6D 82 00 11 12 11 00 49 7E 7E 80 01 00 05 86 81 20 10 00 07 8D 4E 00 12 12 11 00 66 7E 7E 80 01 00 05 86 81 20 10 00 07 99 45 00 13 12 11 00 78 7E 7E 80 01 00 05 86 81 20 10 00 07 85 64 00 14 12 11 00 42 7E 7E 80 01 00 05 86 81 20 10 00 07 15 AD 00 15 12 11 00 1A 7E 7E 80 01 00 05 86 81 20 10 00 07 51 E5 00 16 12 11 00 15 7E 7E 80 01 00 05 86 81 20 10 00 07 A3 F1 00 17 12 11 00 F2 7E 7E 80 01 00 05 86 81 20 10 00 07 A4 8C 00 18 12 11 00 87 7E 7E 80 01 00 05 86 81 20 10 00 07 9A CE 00 19 12 11 00 FA 7E 7E 80 01 00 05 86 81 20 10 00 07 20 AF 00 1A 12 11 00 22 7E 7E 80 01 00 05 86 81 20 10 00 07 58 27 00 1B 12 11 00 D3 7E 7E 80 01 00 05 86 81 20 10 00 07 11 F0 00 1C 12 11 00 4A 7E 7E 80 01 00 05 86 81 20 10 00 07 4D 15 00 1D 12 11 00 F2 7E 7E 80 01 00 05 86 81 20 10 00 07 A0 22 00 1E 12 11 00 2B 7E 7E 80 01 00 05 86 81 20 10 00 07 C1 CB 00 1F 12 11 00 A2 7E 7E 80 01 00 05 86 81 20 10 00 07 BD 0B 00 20 12 11 00 21 7E 7E 80 01 00 05 86 81 20 10 00 07 BC C8 00 21 12 11 00 E2 7E 7E 80 01 00 05 86 81 20 10 00 07 F4 BF 00 22 12 11 00 DE 7E 7E 80 01 00 05 86 81 20 10 00 07 3F 77 00 23 12 11 00 DC 7E 7E 80 01 00 05 86 81 20 10 00 07 A0 D7 00 24 12 11 00 E4 7E"}
{"ts":"2026-04-05T23:40:03.987Z","level":"INFO","device":"868120100002","event":"BATCH_COMPLETE","detail":"All 2 files sent"}
{"ts":"2026-04-05T23:40:04.058Z","level":"ERROR","device":"868120100004","event":"MEDIA_ERROR","detail":"54.37.225.65:3378 — read ECONNRESET"}
{"ts":"2026-04-05T23:40:04.058Z","level":"INFO","device":"868120100004","event":"MEDIA_CLOSED","detail":""}
{"ts":"2026-04-05T23:40:04.107Z","level":"INFO","device":"100000000010","event":"BATCH_COMPLETE","detail":"All 2 files sent"}
{"ts":"2026-04-05T23:40:04.121Z","level":"INFO","device":"868120100007","event":"BATCH_COMPLETE","detail":"All 2 files sent"}
{"ts":"2026-04-05T23:40:04.198Z","level":"ERROR","device":"291078985963","event":"MEDIA_ERROR","detail":"54.37.225.65:3378 — read ECONNRESET"}
{"ts":"2026-04-05T23:40:04.199Z","level":"INFO","device":"291078985963","event":"MEDIA_CLOSED","detail":""}
{"ts":"2026-04-05T23:40:04.203Z","level":"ERROR","device":"868120100003","event":"MEDIA_ERROR","detail":"54.37.225.65:3378 — read ECONNRESET"}
{"ts":"2026-04-05T23:40:04.204Z","level":"INFO","device":"868120100003","event":"MEDIA_CLOSED","detail":""}
{"ts":"2026-04-05T23:40:04.356Z","level":"ERROR","device":"868120100002","event":"MEDIA_ERROR","detail":"54.37.225.65:3378 — read ECONNRESET"}
{"ts":"2026-04-05T23:40:04.357Z","level":"INFO","device":"868120100002","event":"MEDIA_CLOSED","detail":""}
{"ts":"2026-04-05T23:40:04.512Z","level":"ERROR","device":"100000000010","event":"MEDIA_ERROR","detail":"54.37.225.65:3378 — read ECONNRESET"}
{"ts":"2026-04-05T23:40:04.513Z","level":"INFO","device":"100000000010","event":"MEDIA_CLOSED","detail":""}
{"ts":"2026-04-05T23:40:04.544Z","level":"ERROR","device":"868120100007","event":"MEDIA_ERROR","detail":"54.37.225.65:3378 — read ECONNRESET"}
{"ts":"2026-04-05T23:40:04.545Z","level":"INFO","device":"868120100007","event":"MEDIA_CLOSED","detail":""}
{"ts":"2026-04-05T23:40:05.543Z","level":"INFO","device":"291078985963","event":"HEARTBEAT_SENT","detail":"0x0002"}
{"ts":"2026-04-05T23:40:05.549Z","level":"INFO","device":"291078985963","event":"OBD2_SENT_0x0200","detail":"Lat: 51.737375, Lng: 0.472895 | Speed: 44km/h | RPM: 2578"}
{"ts":"2026-04-05T23:40:05.689Z","level":"INFO","device":"200000000002","event":"HEARTBEAT_SENT","detail":"0x0002"}
{"ts":"2026-04-05T23:40:05.690Z","level":"INFO","device":"200000000002","event":"OBD2_SENT_0x0200","detail":"Lat: 51.737298, Lng: 0.472579 | Speed: 39km/h | RPM: 2371"}
{"ts":"2026-04-05T23:40:05.753Z","level":"INFO","device":"291078985963","event":"SERVER_ACK","detail":"0x8001 Universal Reply Received"}
{"ts":"2026-04-05T23:40:05.839Z","level":"INFO","device":"200000000003","event":"HEARTBEAT_SENT","detail":"0x0002"}
{"ts":"2026-04-05T23:40:05.839Z","level":"INFO","device":"200000000003","event":"OBD2_SENT_0x0200","detail":"Lat: 51.737397, Lng: 0.472989 | Speed: 43km/h | RPM: 2525"}
{"ts":"2026-04-05T23:40:05.903Z","level":"INFO","device":"200000000002","event":"SERVER_ACK","detail":"0x8001 Universal Reply Received"}
{"ts":"2026-04-05T23:40:05.988Z","level":"INFO","device":"200000000004","event":"HEARTBEAT_SENT","detail":"0x0002"}
{"ts":"2026-04-05T23:40:05.990Z","level":"INFO","device":"200000000004","event":"OBD2_SENT_0x0200","detail":"Lat: 51.737308, Lng: 0.472618 | Speed: 40km/h | RPM: 2394"}
{"ts":"2026-04-05T23:40:06.096Z","level":"INFO","device":"291078985963","event":"SERVER_ACK","detail":"0x8001 Universal Reply Received"}
{"ts":"2026-04-05T23:40:06.139Z","level":"INFO","device":"200000000005","event":"HEARTBEAT_SENT","detail":"0x0002"}
{"ts":"2026-04-05T23:40:06.140Z","level":"INFO","device":"200000000005","event":"OBD2_SENT_0x0200","detail":"Lat: 51.737160, Lng: 0.472009 | Speed: 33km/h | RPM: 2104"}
{"ts":"2026-04-05T23:40:06.250Z","level":"INFO","device":"200000000002","event":"SERVER_ACK","detail":"0x8001 Universal Reply Received"}
{"ts":"2026-04-05T23:40:06.289Z","level":"INFO","device":"200000000006","event":"HEARTBEAT_SENT","detail":"0x0002"}
{"ts":"2026-04-05T23:40:06.290Z","level":"INFO","device":"200000000006","event":"OBD2_SENT_0x0200","detail":"Lat: 51.737236, Lng: 0.472321 | Speed: 36km/h | RPM: 2226"}
{"ts":"2026-04-05T23:40:06.339Z","level":"INFO","device":"200000000003","event":"SERVER_ACK","detail":"0x8001 Universal Reply Received"}
{"ts":"2026-04-05T23:40:06.345Z","level":"INFO","device":"200000000004","event":"SERVER_ACK","detail":"0x8001 Universal Reply Received"}
{"ts":"2026-04-05T23:40:06.351Z","level":"INFO","device":"200000000005","event":"SERVER_ACK","detail":"0x8001 Universal Reply Received"}
{"ts":"2026-04-05T23:40:06.439Z","level":"INFO","device":"200000000007","event":"HEARTBEAT_SENT","detail":"0x0002"}
{"ts":"2026-04-05T23:40:06.439Z","level":"INFO","device":"200000000007","event":"OBD2_SENT_0x0200","detail":"Lat: 51.737189, Lng: 0.472128 | Speed: 35km/h | RPM: 2213"}
{"ts":"2026-04-05T23:40:06.484Z","level":"INFO","device":"200000000006","event":"SERVER_ACK","detail":"0x8001 Universal Reply Received"}
{"ts":"2026-04-05T23:40:06.588Z","level":"INFO","device":"200000000008","event":"HEARTBEAT_SENT","detail":"0x0002"}
{"ts":"2026-04-05T23:40:06.589Z","level":"INFO","device":"200000000008","event":"OBD2_SENT_0x0200","detail":"Lat: 51.737119, Lng: 0.471836 | Speed: 31km/h | RPM: 2032"}
{"ts":"2026-04-05T23:40:06.623Z","level":"INFO","device":"200000000007","event":"SERVER_ACK","detail":"0x8001 Universal Reply Received"}
{"ts":"2026-04-05T23:40:06.671Z","level":"INFO","device":"200000000003","event":"SERVER_ACK","detail":"0x8001 Universal Reply Received"}
{"ts":"2026-04-05T23:40:06.691Z","level":"INFO","device":"200000000004","event":"SERVER_ACK","detail":"0x8001 Universal Reply Received"}
{"ts":"2026-04-05T23:40:06.692Z","level":"INFO","device":"200000000005","event":"SERVER_ACK","detail":"0x8001 Universal Reply Received"}
{"ts":"2026-04-05T23:40:06.739Z","level":"INFO","device":"200000000009","event":"HEARTBEAT_SENT","detail":"0x0002"}
{"ts":"2026-04-05T23:40:06.740Z","level":"INFO","device":"200000000009","event":"OBD2_SENT_0x0200","detail":"Lat: 51.737313, Lng: 0.472640 | Speed: 40km/h | RPM: 2385"}
{"ts":"2026-04-05T23:40:06.774Z","level":"INFO","device":"200000000008","event":"SERVER_ACK","detail":"0x8001 Universal Reply Received"}
{"ts":"2026-04-05T23:40:06.807Z","level":"INFO","device":"200000000006","event":"SERVER_ACK","detail":"0x8001 Universal Reply Received"}
{"ts":"2026-04-05T23:40:06.889Z","level":"INFO","device":"200000000010","event":"HEARTBEAT_SENT","detail":"0x0002"}
{"ts":"2026-04-05T23:40:06.890Z","level":"INFO","device":"200000000010","event":"OBD2_SENT_0x0200","detail":"Lat: 51.737280, Lng: 0.472505 | Speed: 41km/h | RPM: 2429"}
{"ts":"2026-04-05T23:40:06.923Z","level":"INFO","device":"200000000009","event":"SERVER_ACK","detail":"0x8001 Universal Reply Received"}
{"ts":"2026-04-05T23:40:06.940Z","level":"INFO","device":"200000000007","event":"SERVER_ACK","detail":"0x8001 Universal Reply Received"}
{"ts":"2026-04-05T23:40:07.101Z","level":"INFO","device":"200000000010","event":"SERVER_ACK","detail":"0x8001 Universal Reply Received"}
{"ts":"2026-04-05T23:40:07.220Z","level":"INFO","device":"200000000009","event":"SERVER_ACK","detail":"0x8001 Universal Reply Received"}
{"ts":"2026-04-05T23:40:07.385Z","level":"INFO","device":"200000000008","event":"SERVER_ACK","detail":"0x8001 Universal Reply Received"}
{"ts":"2026-04-05T23:40:07.433Z","level":"INFO","device":"200000000010","event":"SERVER_ACK","detail":"0x8001 Universal Reply Received"}
{"ts":"2026-04-05T23:40:20.550Z","level":"INFO","device":"291078985963","event":"OBD2_SENT_0x0200","detail":"Lat: 51.737761, Lng: 0.475669 | Speed: 49km/h | RPM: 2768"}
{"ts":"2026-04-05T23:40:20.691Z","level":"INFO","device":"200000000002","event":"OBD2_SENT_0x0200","detail":"Lat: 51.737678, Lng: 0.474823 | Speed: 40km/h | RPM: 2392"}
{"ts":"2026-04-05T23:40:20.763Z","level":"INFO","device":"291078985963","event":"SERVER_ACK","detail":"0x8001 Universal Reply Received"}
{"ts":"2026-04-05T23:40:20.841Z","level":"INFO","device":"200000000003","event":"OBD2_SENT_0x0200","detail":"Lat: 51.737740, Lng: 0.475321 | Speed: 41km/h | RPM: 2455"}
{"ts":"2026-04-05T23:40:20.909Z","level":"INFO","device":"200000000002","event":"SERVER_ACK","detail":"0x8001 Universal Reply Received"}
{"ts":"2026-04-05T23:40:20.990Z","level":"INFO","device":"200000000004","event":"OBD2_SENT_0x0200","detail":"Lat: 51.737702, Lng: 0.475015 | Speed: 43km/h | RPM: 2501"}
{"ts":"2026-04-05T23:40:21.054Z","level":"INFO","device":"200000000003","event":"SERVER_ACK","detail":"0x8001 Universal Reply Received"}
{"ts":"2026-04-05T23:40:21.140Z","level":"INFO","device":"200000000005","event":"OBD2_SENT_0x0200","detail":"Lat: 51.737522, Lng: 0.473730 | Speed: 31km/h | RPM: 2021"}
{"ts":"2026-04-05T23:40:21.191Z","level":"INFO","device":"200000000004","event":"SERVER_ACK","detail":"0x8001 Universal Reply Received"}
{"ts":"2026-04-05T23:40:21.291Z","level":"INFO","device":"200000000006","event":"OBD2_SENT_0x0200","detail":"Lat: 51.737626, Lng: 0.474406 | Speed: 37km/h | RPM: 2279"}
{"ts":"2026-04-05T23:40:21.343Z","level":"INFO","device":"200000000005","event":"SERVER_ACK","detail":"0x8001 Universal Reply Received"}
{"ts":"2026-04-05T23:40:21.348Z","level":"INFO","device":"868120100006","event":"INCIDENT_SENT","detail":"mediaId=1 alarmId=86812010000600260405234021010200"}
{"ts":"2026-04-05T23:40:21.357Z","level":"INFO","device":"868120100006","event":"GPS_SENT","detail":""}
{"ts":"2026-04-05T23:40:21.439Z","level":"INFO","device":"200000000007","event":"OBD2_SENT_0x0200","detail":"Lat: 51.737602, Lng: 0.474216 | Speed: 37km/h | RPM: 2282"}
{"ts":"2026-04-05T23:40:21.486Z","level":"INFO","device":"200000000006","event":"SERVER_ACK","detail":"0x8001 Universal Reply Received"}
{"ts":"2026-04-05T23:40:21.492Z","level":"INFO","device":"868120100005","event":"INCIDENT_SENT","detail":"mediaId=1 alarmId=86812010000500260405234021010200"}
{"ts":"2026-04-05T23:40:21.493Z","level":"INFO","device":"868120100005","event":"GPS_SENT","detail":""}
{"ts":"2026-04-05T23:40:21.536Z","level":"INFO","device":"868120100008","event":"INCIDENT_SENT","detail":"mediaId=1 alarmId=86812010000800260405234021010200"}
{"ts":"2026-04-05T23:40:21.537Z","level":"INFO","device":"868120100008","event":"GPS_SENT","detail":""}
{"ts":"2026-04-05T23:40:21.561Z","level":"INFO","device":"868120100006","event":"RX_MSG","detail":"0x8001 bodyLen=5"}
{"ts":"2026-04-05T23:40:21.561Z","level":"INFO","device":"868120100006","event":"SERVER_ACK","detail":"0x0200 result=OK"}
{"ts":"2026-04-05T23:40:21.589Z","level":"INFO","device":"200000000008","event":"OBD2_SENT_0x0200","detail":"Lat: 51.737541, Lng: 0.473845 | Speed: 36km/h | RPM: 2225"}
{"ts":"2026-04-05T23:40:21.616Z","level":"INFO","device":"868120100009","event":"INCIDENT_SENT","detail":"mediaId=1 alarmId=86812010000900260405234021010200"}
{"ts":"2026-04-05T23:40:21.616Z","level":"INFO","device":"868120100009","event":"GPS_SENT","detail":""}
{"ts":"2026-04-05T23:40:21.625Z","level":"INFO","device":"200000000007","event":"SERVER_ACK","detail":"0x8001 Universal Reply Received"}
{"ts":"2026-04-05T23:40:21.690Z","level":"INFO","device":"868120100004","event":"INCIDENT_SENT","detail":"mediaId=1 alarmId=86812010000400260405234021010200"}
{"ts":"2026-04-05T23:40:21.691Z","level":"INFO","device":"868120100004","event":"GPS_SENT","detail":""}
{"ts":"2026-04-05T23:40:21.703Z","level":"INFO","device":"868120100005","event":"RX_MSG","detail":"0x8001 bodyLen=5"}
{"ts":"2026-04-05T23:40:21.703Z","level":"INFO","device":"868120100005","event":"SERVER_ACK","detail":"0x0200 result=OK"}
{"ts":"2026-04-05T23:40:21.741Z","level":"INFO","device":"200000000009","event":"OBD2_SENT_0x0200","detail":"Lat: 51.737659, Lng: 0.474676 | Speed: 36km/h | RPM: 2244"}
{"ts":"2026-04-05T23:40:21.752Z","level":"INFO","device":"868120100008","event":"RX_MSG","detail":"0x8001 bodyLen=5"}
{"ts":"2026-04-05T23:40:21.753Z","level":"INFO","device":"868120100008","event":"SERVER_ACK","detail":"0x0200 result=OK"}
{"ts":"2026-04-05T23:40:21.775Z","level":"INFO","device":"200000000008","event":"SERVER_ACK","detail":"0x8001 Universal Reply Received"}
{"ts":"2026-04-05T23:40:21.816Z","level":"INFO","device":"868120100003","event":"INCIDENT_SENT","detail":"mediaId=1 alarmId=86812010000300260405234021010200"}
{"ts":"2026-04-05T23:40:21.816Z","level":"INFO","device":"868120100003","event":"GPS_SENT","detail":""}
{"ts":"2026-04-05T23:40:21.817Z","level":"INFO","device":"868120100009","event":"RX_MSG","detail":"0x8001 bodyLen=5"}
{"ts":"2026-04-05T23:40:21.817Z","level":"INFO","device":"868120100009","event":"SERVER_ACK","detail":"0x0200 result=OK"}
{"ts":"2026-04-05T23:40:21.890Z","level":"INFO","device":"200000000010","event":"OBD2_SENT_0x0200","detail":"Lat: 51.737664, Lng: 0.474713 | Speed: 39km/h | RPM: 2367"}
{"ts":"2026-04-05T23:40:21.897Z","level":"INFO","device":"868120100006","event":"RX_MSG","detail":"0x8001 bodyLen=5"}
{"ts":"2026-04-05T23:40:21.898Z","level":"INFO","device":"868120100006","event":"SERVER_ACK","detail":"0x0800 result=OK"}
{"ts":"2026-04-05T23:40:21.898Z","level":"INFO","device":"868120100006","event":"RX_MSG","detail":"0x8001 bodyLen=5"}
{"ts":"2026-04-05T23:40:21.898Z","level":"INFO","device":"868120100006","event":"SERVER_ACK","detail":"0x0200 result=OK"}
{"ts":"2026-04-05T23:40:21.899Z","level":"INFO","device":"868120100004","event":"RX_MSG","detail":"0x8001 bodyLen=5"}
{"ts":"2026-04-05T23:40:21.899Z","level":"INFO","device":"868120100004","event":"SERVER_ACK","detail":"0x0200 result=OK"}
{"ts":"2026-04-05T23:40:21.900Z","level":"INFO","device":"291078985963","event":"INCIDENT_SENT","detail":"mediaId=1 alarmId=29107898596300260405234021010200"}
{"ts":"2026-04-05T23:40:21.902Z","level":"INFO","device":"291078985963","event":"GPS_SENT","detail":""}
{"ts":"2026-04-05T23:40:21.928Z","level":"INFO","device":"200000000009","event":"SERVER_ACK","detail":"0x8001 Universal Reply Received"}
{"ts":"2026-04-05T23:40:22.020Z","level":"INFO","device":"868120100005","event":"RX_MSG","detail":"0x8001 bodyLen=5"}
{"ts":"2026-04-05T23:40:22.021Z","level":"INFO","device":"868120100005","event":"SERVER_ACK","detail":"0x0800 result=OK"}
{"ts":"2026-04-05T23:40:22.021Z","level":"INFO","device":"868120100005","event":"RX_MSG","detail":"0x8001 bodyLen=5"}
{"ts":"2026-04-05T23:40:22.021Z","level":"INFO","device":"868120100005","event":"SERVER_ACK","detail":"0x0200 result=OK"}
{"ts":"2026-04-05T23:40:22.029Z","level":"INFO","device":"868120100003","event":"RX_MSG","detail":"0x8001 bodyLen=5"}
{"ts":"2026-04-05T23:40:22.029Z","level":"INFO","device":"868120100003","event":"SERVER_ACK","detail":"0x0200 result=OK"}
{"ts":"2026-04-05T23:40:22.041Z","level":"INFO","device":"868120100002","event":"INCIDENT_SENT","detail":"mediaId=1 alarmId=86812010000200260405234022010200"}
{"ts":"2026-04-05T23:40:22.041Z","level":"INFO","device":"868120100002","event":"GPS_SENT","detail":""}
{"ts":"2026-04-05T23:40:22.089Z","level":"INFO","device":"868120100008","event":"RX_MSG","detail":"0x8001 bodyLen=5"}
{"ts":"2026-04-05T23:40:22.089Z","level":"INFO","device":"868120100008","event":"SERVER_ACK","detail":"0x0800 result=OK"}
{"ts":"2026-04-05T23:40:22.089Z","level":"INFO","device":"868120100008","event":"RX_MSG","detail":"0x8001 bodyLen=5"}
{"ts":"2026-04-05T23:40:22.089Z","level":"INFO","device":"868120100008","event":"SERVER_ACK","detail":"0x0200 result=OK"}
{"ts":"2026-04-05T23:40:22.101Z","level":"INFO","device":"200000000010","event":"SERVER_ACK","detail":"0x8001 Universal Reply Received"}
{"ts":"2026-04-05T23:40:22.112Z","level":"INFO","device":"291078985963","event":"RX_MSG","detail":"0x8001 bodyLen=5"}
{"ts":"2026-04-05T23:40:22.112Z","level":"INFO","device":"291078985963","event":"SERVER_ACK","detail":"0x0200 result=OK"}
{"ts":"2026-04-05T23:40:22.137Z","level":"INFO","device":"868120100009","event":"RX_MSG","detail":"0x8001 bodyLen=5"}
{"ts":"2026-04-05T23:40:22.137Z","level":"INFO","device":"868120100009","event":"SERVER_ACK","detail":"0x0800 result=OK"}
{"ts":"2026-04-05T23:40:22.137Z","level":"INFO","device":"868120100009","event":"RX_MSG","detail":"0x8001 bodyLen=5"}
{"ts":"2026-04-05T23:40:22.137Z","level":"INFO","device":"868120100009","event":"SERVER_ACK","detail":"0x0200 result=OK"}
{"ts":"2026-04-05T23:40:22.170Z","level":"INFO","device":"100000000010","event":"INCIDENT_SENT","detail":"mediaId=1 alarmId=10000000001000260405234022010200"}
{"ts":"2026-04-05T23:40:22.171Z","level":"INFO","device":"100000000010","event":"GPS_SENT","detail":""}
{"ts":"2026-04-05T23:40:22.172Z","level":"INFO","device":"868120100007","event":"INCIDENT_SENT","detail":"mediaId=1 alarmId=86812010000700260405234022010200"}
{"ts":"2026-04-05T23:40:22.172Z","level":"INFO","device":"868120100007","event":"GPS_SENT","detail":""}
{"ts":"2026-04-05T23:40:22.206Z","level":"INFO","device":"868120100004","event":"RX_MSG","detail":"0x8001 bodyLen=5"}
{"ts":"2026-04-05T23:40:22.206Z","level":"INFO","device":"868120100004","event":"SERVER_ACK","detail":"0x0800 result=OK"}
{"ts":"2026-04-05T23:40:22.206Z","level":"INFO","device":"868120100004","event":"RX_MSG","detail":"0x8001 bodyLen=5"}
{"ts":"2026-04-05T23:40:22.206Z","level":"INFO","device":"868120100004","event":"SERVER_ACK","detail":"0x0200 result=OK"}
{"ts":"2026-04-05T23:40:22.243Z","level":"INFO","device":"868120100002","event":"RX_MSG","detail":"0x8001 bodyLen=5"}
{"ts":"2026-04-05T23:40:22.243Z","level":"INFO","device":"868120100002","event":"SERVER_ACK","detail":"0x0200 result=OK"}
{"ts":"2026-04-05T23:40:22.363Z","level":"INFO","device":"868120100003","event":"RX_MSG","detail":"0x8001 bodyLen=5"}
{"ts":"2026-04-05T23:40:22.363Z","level":"INFO","device":"868120100003","event":"SERVER_ACK","detail":"0x0800 result=OK"}
{"ts":"2026-04-05T23:40:22.363Z","level":"INFO","device":"868120100003","event":"RX_MSG","detail":"0x8001 bodyLen=5"}
{"ts":"2026-04-05T23:40:22.363Z","level":"INFO","device":"868120100003","event":"SERVER_ACK","detail":"0x0200 result=OK"}
{"ts":"2026-04-05T23:40:22.371Z","level":"INFO","device":"100000000010","event":"RX_MSG","detail":"0x8001 bodyLen=5"}
{"ts":"2026-04-05T23:40:22.372Z","level":"INFO","device":"100000000010","event":"SERVER_ACK","detail":"0x0200 result=OK"}
{"ts":"2026-04-05T23:40:22.374Z","level":"INFO","device":"868120100007","event":"RX_MSG","detail":"0x8001 bodyLen=5"}
{"ts":"2026-04-05T23:40:22.374Z","level":"INFO","device":"868120100007","event":"SERVER_ACK","detail":"0x0200 result=OK"}
{"ts":"2026-04-05T23:40:22.426Z","level":"INFO","device":"291078985963","event":"RX_MSG","detail":"0x8001 bodyLen=5"}
{"ts":"2026-04-05T23:40:22.426Z","level":"INFO","device":"291078985963","event":"SERVER_ACK","detail":"0x0800 result=OK"}
{"ts":"2026-04-05T23:40:22.426Z","level":"INFO","device":"291078985963","event":"RX_MSG","detail":"0x8001 bodyLen=5"}
{"ts":"2026-04-05T23:40:22.426Z","level":"INFO","device":"291078985963","event":"SERVER_ACK","detail":"0x0200 result=OK"}
{"ts":"2026-04-05T23:40:22.540Z","level":"INFO","device":"868120100002","event":"RX_MSG","detail":"0x8001 bodyLen=5"}
{"ts":"2026-04-05T23:40:22.542Z","level":"INFO","device":"868120100002","event":"SERVER_ACK","detail":"0x0800 result=OK"}
{"ts":"2026-04-05T23:40:22.543Z","level":"INFO","device":"868120100002","event":"RX_MSG","detail":"0x8001 bodyLen=5"}
{"ts":"2026-04-05T23:40:22.545Z","level":"INFO","device":"868120100002","event":"SERVER_ACK","detail":"0x0200 result=OK"}
{"ts":"2026-04-05T23:40:22.726Z","level":"INFO","device":"100000000010","event":"RX_MSG","detail":"0x8001 bodyLen=5"}
{"ts":"2026-04-05T23:40:22.726Z","level":"INFO","device":"100000000010","event":"SERVER_ACK","detail":"0x0800 result=OK"}
{"ts":"2026-04-05T23:40:22.726Z","level":"INFO","device":"100000000010","event":"RX_MSG","detail":"0x8001 bodyLen=5"}
{"ts":"2026-04-05T23:40:22.727Z","level":"INFO","device":"100000000010","event":"SERVER_ACK","detail":"0x0200 result=OK"}
{"ts":"2026-04-05T23:40:22.727Z","level":"INFO","device":"868120100007","event":"RX_MSG","detail":"0x8001 bodyLen=5"}
{"ts":"2026-04-05T23:40:22.727Z","level":"INFO","device":"868120100007","event":"SERVER_ACK","detail":"0x0800 result=OK"}
{"ts":"2026-04-05T23:40:22.727Z","level":"INFO","device":"868120100007","event":"RX_MSG","detail":"0x8001 bodyLen=5"}
{"ts":"2026-04-05T23:40:22.727Z","level":"INFO","device":"868120100007","event":"SERVER_ACK","detail":"0x0200 result=OK"}
{"ts":"2026-04-05T23:40:35.551Z","level":"INFO","device":"291078985963","event":"HEARTBEAT_SENT","detail":"0x0002"}
{"ts":"2026-04-05T23:40:35.552Z","level":"INFO","device":"291078985963","event":"OBD2_SENT_0x0200","detail":"Lat: 51.737506, Lng: 0.478577 | Speed: 48km/h | RPM: 2727"}
{"ts":"2026-04-05T23:40:35.689Z","level":"INFO","device":"200000000002","event":"DTC_SENT_0x0900","detail":"Injected Fault Code: P0171"}
{"ts":"2026-04-05T23:40:35.690Z","level":"INFO","device":"200000000002","event":"HEARTBEAT_SENT","detail":"0x0002"}
{"ts":"2026-04-05T23:40:35.690Z","level":"INFO","device":"200000000002","event":"OBD2_SENT_0x0200","detail":"Lat: 51.737754, Lng: 0.477158 | Speed: 39km/h | RPM: 2375"}
{"ts":"2026-04-05T23:40:35.761Z","level":"INFO","device":"291078985963","event":"SERVER_ACK","detail":"0x8001 Universal Reply Received"}
{"ts":"2026-04-05T23:40:35.839Z","level":"INFO","device":"200000000003","event":"HEARTBEAT_SENT","detail":"0x0002"}
{"ts":"2026-04-05T23:40:35.841Z","level":"INFO","device":"200000000003","event":"OBD2_SENT_0x0200","detail":"Lat: 51.737647, Lng: 0.478011 | Speed: 45km/h | RPM: 2614"}
{"ts":"2026-04-05T23:40:35.902Z","level":"INFO","device":"200000000002","event":"SERVER_ACK","detail":"0x8001 Universal Reply Received"}
{"ts":"2026-04-05T23:40:35.989Z","level":"INFO","device":"200000000004","event":"HEARTBEAT_SENT","detail":"0x0002"}
{"ts":"2026-04-05T23:40:35.991Z","level":"INFO","device":"200000000004","event":"OBD2_SENT_0x0200","detail":"Lat: 51.737733, Lng: 0.477407 | Speed: 40km/h | RPM: 2413"}
{"ts":"2026-04-05T23:40:36.068Z","level":"INFO","device":"200000000003","event":"SERVER_ACK","detail":"0x8001 Universal Reply Received"}
{"ts":"2026-04-05T23:40:36.101Z","level":"INFO","device":"291078985963","event":"SERVER_ACK","detail":"0x8001 Universal Reply Received"}
{"ts":"2026-04-05T23:40:36.139Z","level":"INFO","device":"200000000005","event":"HEARTBEAT_SENT","detail":"0x0002"}
{"ts":"2026-04-05T23:40:36.140Z","level":"INFO","device":"200000000005","event":"OBD2_SENT_0x0200","detail":"Lat: 51.737745, Lng: 0.475362 | Speed: 28km/h | RPM: 1917"}
{"ts":"2026-04-05T23:40:36.191Z","level":"INFO","device":"200000000004","event":"SERVER_ACK","detail":"0x8001 Universal Reply Received"}
{"ts":"2026-04-05T23:40:36.256Z","level":"INFO","device":"200000000002","event":"SERVER_ACK","detail":"0x8001 Universal Reply Received"}
{"ts":"2026-04-05T23:40:36.289Z","level":"INFO","device":"200000000006","event":"HEARTBEAT_SENT","detail":"0x0002"}
{"ts":"2026-04-05T23:40:36.291Z","level":"INFO","device":"200000000006","event":"OBD2_SENT_0x0200","detail":"Lat: 51.737798, Lng: 0.476628 | Speed: 37km/h | RPM: 2298"}
{"ts":"2026-04-05T23:40:36.341Z","level":"INFO","device":"200000000005","event":"SERVER_ACK","detail":"0x8001 Universal Reply Received"}
{"ts":"2026-04-05T23:40:36.424Z","level":"INFO","device":"200000000003","event":"SERVER_ACK","detail":"0x8001 Universal Reply Received"}
{"ts":"2026-04-05T23:40:36.439Z","level":"INFO","device":"200000000007","event":"HEARTBEAT_SENT","detail":"0x0002"}
{"ts":"2026-04-05T23:40:36.439Z","level":"INFO","device":"200000000007","event":"OBD2_SENT_0x0200","detail":"Lat: 51.737786, Lng: 0.476271 | Speed: 35km/h | RPM: 2186"}
{"ts":"2026-04-05T23:40:36.483Z","level":"INFO","device":"200000000006","event":"SERVER_ACK","detail":"0x8001 Universal Reply Received"}
{"ts":"2026-04-05T23:40:36.537Z","level":"INFO","device":"200000000004","event":"SERVER_ACK","detail":"0x8001 Universal Reply Received"}
{"ts":"2026-04-05T23:40:36.588Z","level":"INFO","device":"200000000008","event":"HEARTBEAT_SENT","detail":"0x0002"}
{"ts":"2026-04-05T23:40:36.589Z","level":"INFO","device":"200000000008","event":"OBD2_SENT_0x0200","detail":"Lat: 51.737771, Lng: 0.475909 | Speed: 35km/h | RPM: 2213"}
{"ts":"2026-04-05T23:40:36.623Z","level":"INFO","device":"200000000007","event":"SERVER_ACK","detail":"0x8001 Universal Reply Received"}
{"ts":"2026-04-05T23:40:36.694Z","level":"INFO","device":"200000000005","event":"SERVER_ACK","detail":"0x8001 Universal Reply Received"}
{"ts":"2026-04-05T23:40:36.739Z","level":"INFO","device":"200000000009","event":"HEARTBEAT_SENT","detail":"0x0002"}
{"ts":"2026-04-05T23:40:36.741Z","level":"INFO","device":"200000000009","event":"OBD2_SENT_0x0200","detail":"Lat: 51.737791, Lng: 0.476709 | Speed: 34km/h | RPM: 2171"}
{"ts":"2026-04-05T23:40:36.774Z","level":"INFO","device":"200000000008","event":"SERVER_ACK","detail":"0x8001 Universal Reply Received"}
{"ts":"2026-04-05T23:40:36.809Z","level":"INFO","device":"200000000006","event":"SERVER_ACK","detail":"0x8001 Universal Reply Received"}
{"ts":"2026-04-05T23:40:36.889Z","level":"INFO","device":"200000000010","event":"HEARTBEAT_SENT","detail":"0x0002"}
{"ts":"2026-04-05T23:40:36.889Z","level":"INFO","device":"200000000010","event":"OBD2_SENT_0x0200","detail":"Lat: 51.737781, Lng: 0.476823 | Speed: 36km/h | RPM: 2223"}
{"ts":"2026-04-05T23:40:36.924Z","level":"INFO","device":"200000000009","event":"SERVER_ACK","detail":"0x8001 Universal Reply Received"}
{"ts":"2026-04-05T23:40:36.955Z","level":"INFO","device":"200000000007","event":"SERVER_ACK","detail":"0x8001 Universal Reply Received"}
{"ts":"2026-04-05T23:40:37.080Z","level":"INFO","device":"200000000008","event":"SERVER_ACK","detail":"0x8001 Universal Reply Received"}
{"ts":"2026-04-05T23:40:37.100Z","level":"INFO","device":"200000000010","event":"SERVER_ACK","detail":"0x8001 Universal Reply Received"}
{"ts":"2026-04-05T23:40:37.235Z","level":"INFO","device":"200000000009","event":"SERVER_ACK","detail":"0x8001 Universal Reply Received"}
{"ts":"2026-04-05T23:40:37.448Z","level":"INFO","device":"200000000010","event":"SERVER_ACK","detail":"0x8001 Universal Reply Received"}
{"ts":"2026-04-05T23:40:41.361Z","level":"INFO","device":"868120100006","event":"GPS_SENT","detail":""}
{"ts":"2026-04-05T23:40:41.494Z","level":"INFO","device":"868120100005","event":"GPS_SENT","detail":""}
{"ts":"2026-04-05T23:40:41.537Z","level":"INFO","device":"868120100008","event":"GPS_SENT","detail":""}
{"ts":"2026-04-05T23:40:41.573Z","level":"INFO","device":"868120100006","event":"RX_MSG","detail":"0x8001 bodyLen=5"}
{"ts":"2026-04-05T23:40:41.573Z","level":"INFO","device":"868120100006","event":"SERVER_ACK","detail":"0x0200 result=OK"}
{"ts":"2026-04-05T23:40:41.617Z","level":"INFO","device":"868120100009","event":"GPS_SENT","detail":""}
{"ts":"2026-04-05T23:40:41.691Z","level":"INFO","device":"868120100004","event":"GPS_SENT","detail":""}
{"ts":"2026-04-05T23:40:41.704Z","level":"INFO","device":"868120100005","event":"RX_MSG","detail":"0x8001 bodyLen=5"}
{"ts":"2026-04-05T23:40:41.704Z","level":"INFO","device":"868120100005","event":"SERVER_ACK","detail":"0x0200 result=OK"}
{"ts":"2026-04-05T23:40:41.755Z","level":"INFO","device":"868120100008","event":"RX_MSG","detail":"0x8001 bodyLen=5"}
{"ts":"2026-04-05T23:40:41.755Z","level":"INFO","device":"868120100008","event":"SERVER_ACK","detail":"0x0200 result=OK"}
{"ts":"2026-04-05T23:40:41.817Z","level":"INFO","device":"868120100003","event":"GPS_SENT","detail":""}
{"ts":"2026-04-05T23:40:41.818Z","level":"INFO","device":"868120100009","event":"RX_MSG","detail":"0x8001 bodyLen=5"}
{"ts":"2026-04-05T23:40:41.819Z","level":"INFO","device":"868120100009","event":"SERVER_ACK","detail":"0x0200 result=OK"}
{"ts":"2026-04-05T23:40:41.901Z","level":"INFO","device":"868120100004","event":"RX_MSG","detail":"0x8001 bodyLen=5"}
{"ts":"2026-04-05T23:40:41.901Z","level":"INFO","device":"868120100004","event":"SERVER_ACK","detail":"0x0200 result=OK"}
{"ts":"2026-04-05T23:40:41.904Z","level":"INFO","device":"291078985963","event":"GPS_SENT","detail":""}
{"ts":"2026-04-05T23:40:42.028Z","level":"INFO","device":"868120100003","event":"RX_MSG","detail":"0x8001 bodyLen=5"}
{"ts":"2026-04-05T23:40:42.028Z","level":"INFO","device":"868120100003","event":"SERVER_ACK","detail":"0x0200 result=OK"}
{"ts":"2026-04-05T23:40:42.042Z","level":"INFO","device":"868120100002","event":"GPS_SENT","detail":""}
{"ts":"2026-04-05T23:40:42.116Z","level":"INFO","device":"291078985963","event":"RX_MSG","detail":"0x8001 bodyLen=5"}
{"ts":"2026-04-05T23:40:42.116Z","level":"INFO","device":"291078985963","event":"SERVER_ACK","detail":"0x0200 result=OK"}
{"ts":"2026-04-05T23:40:42.171Z","level":"INFO","device":"100000000010","event":"GPS_SENT","detail":""}
{"ts":"2026-04-05T23:40:42.174Z","level":"INFO","device":"868120100007","event":"GPS_SENT","detail":""}
{"ts":"2026-04-05T23:40:42.244Z","level":"INFO","device":"868120100002","event":"RX_MSG","detail":"0x8001 bodyLen=5"}
{"ts":"2026-04-05T23:40:42.244Z","level":"INFO","device":"868120100002","event":"SERVER_ACK","detail":"0x0200 result=OK"}
{"ts":"2026-04-05T23:40:42.373Z","level":"INFO","device":"100000000010","event":"RX_MSG","detail":"0x8001 bodyLen=5"}
{"ts":"2026-04-05T23:40:42.374Z","level":"INFO","device":"100000000010","event":"SERVER_ACK","detail":"0x0200 result=OK"}
{"ts":"2026-04-05T23:40:42.376Z","level":"INFO","device":"868120100007","event":"RX_MSG","detail":"0x8001 bodyLen=5"}
{"ts":"2026-04-05T23:40:42.376Z","level":"INFO","device":"868120100007","event":"SERVER_ACK","detail":"0x0200 result=OK"}
{"ts":"2026-04-05T23:40:50.560Z","level":"INFO","device":"291078985963","event":"OBD2_SENT_0x0200","detail":"Lat: 51.736506, Lng: 0.480659 | Speed: 47km/h | RPM: 2662"}
{"ts":"2026-04-05T23:40:50.691Z","level":"INFO","device":"200000000002","event":"OBD2_SENT_0x0200","detail":"Lat: 51.737206, Lng: 0.479486 | Speed: 40km/h | RPM: 2418"}
{"ts":"2026-04-05T23:40:50.775Z","level":"INFO","device":"291078985963","event":"SERVER_ACK","detail":"0x8001 Universal Reply Received"}
{"ts":"2026-04-05T23:40:50.841Z","level":"INFO","device":"200000000003","event":"OBD2_SENT_0x0200","detail":"Lat: 51.736833, Lng: 0.480222 | Speed: 45km/h | RPM: 2598"}
{"ts":"2026-04-05T23:40:50.903Z","level":"INFO","device":"200000000002","event":"SERVER_ACK","detail":"0x8001 Universal Reply Received"}
{"ts":"2026-04-05T23:40:50.991Z","level":"INFO","device":"200000000004","event":"OBD2_SENT_0x0200","detail":"Lat: 51.737131, Lng: 0.479673 | Speed: 40km/h | RPM: 2401"}
{"ts":"2026-04-05T23:40:51.053Z","level":"INFO","device":"200000000003","event":"SERVER_ACK","detail":"0x8001 Universal Reply Received"}
{"ts":"2026-04-05T23:40:51.141Z","level":"INFO","device":"200000000005","event":"OBD2_SENT_0x0200","detail":"Lat: 51.737756, Lng: 0.477126 | Speed: 30km/h | RPM: 1990"}
{"ts":"2026-04-05T23:40:51.196Z","level":"INFO","device":"200000000004","event":"SERVER_ACK","detail":"0x8001 Universal Reply Received"}
{"ts":"2026-04-05T23:40:51.291Z","level":"INFO","device":"200000000006","event":"OBD2_SENT_0x0200","detail":"Lat: 51.737409, Lng: 0.478966 | Speed: 39km/h | RPM: 2359"}
{"ts":"2026-04-05T23:40:51.345Z","level":"INFO","device":"200000000005","event":"SERVER_ACK","detail":"0x8001 Universal Reply Received"}
{"ts":"2026-04-05T23:40:51.441Z","level":"INFO","device":"200000000007","event":"OBD2_SENT_0x0200","detail":"Lat: 51.737615, Lng: 0.478141 | Speed: 31km/h | RPM: 2039"}
{"ts":"2026-04-05T23:40:51.487Z","level":"INFO","device":"200000000006","event":"SERVER_ACK","detail":"0x8001 Universal Reply Received"}
{"ts":"2026-04-05T23:40:51.589Z","level":"INFO","device":"200000000008","event":"OBD2_SENT_0x0200","detail":"Lat: 51.737665, Lng: 0.477940 | Speed: 34km/h | RPM: 2146"}
{"ts":"2026-04-05T23:40:51.628Z","level":"INFO","device":"200000000007","event":"SERVER_ACK","detail":"0x8001 Universal Reply Received"}
{"ts":"2026-04-05T23:40:51.742Z","level":"INFO","device":"200000000009","event":"OBD2_SENT_0x0200","detail":"Lat: 51.737400, Lng: 0.478998 | Speed: 38km/h | RPM: 2327"}
{"ts":"2026-04-05T23:40:51.776Z","level":"INFO","device":"200000000008","event":"SERVER_ACK","detail":"0x8001 Universal Reply Received"}
{"ts":"2026-04-05T23:40:51.890Z","level":"INFO","device":"200000000010","event":"OBD2_SENT_0x0200","detail":"Lat: 51.737345, Lng: 0.479138 | Speed: 39km/h | RPM: 2362"}
{"ts":"2026-04-05T23:40:51.926Z","level":"INFO","device":"200000000009","event":"SERVER_ACK","detail":"0x8001 Universal Reply Received"}
{"ts":"2026-04-05T23:40:52.101Z","level":"INFO","device":"200000000010","event":"SERVER_ACK","detail":"0x8001 Universal Reply Received"}
{"ts":"2026-04-05T23:41:01.356Z","level":"INFO","device":"868120100006","event":"INCIDENT_SENT","detail":"mediaId=2 alarmId=86812010000600260405234101020200"}
{"ts":"2026-04-05T23:41:01.360Z","level":"INFO","device":"868120100006","event":"GPS_SENT","detail":""}
{"ts":"2026-04-05T23:41:01.492Z","level":"INFO","device":"868120100005","event":"INCIDENT_SENT","detail":"mediaId=2 alarmId=86812010000500260405234101020200"}
{"ts":"2026-04-05T23:41:01.493Z","level":"INFO","device":"868120100005","event":"GPS_SENT","detail":""}
{"ts":"2026-04-05T23:41:01.536Z","level":"INFO","device":"868120100008","event":"INCIDENT_SENT","detail":"mediaId=2 alarmId=86812010000800260405234101020200"}
{"ts":"2026-04-05T23:41:01.536Z","level":"INFO","device":"868120100008","event":"GPS_SENT","detail":""}
{"ts":"2026-04-05T23:41:01.568Z","level":"INFO","device":"868120100006","event":"RX_MSG","detail":"0x8001 bodyLen=5"}
{"ts":"2026-04-05T23:41:01.569Z","level":"INFO","device":"868120100006","event":"SERVER_ACK","detail":"0x0200 result=OK"}
{"ts":"2026-04-05T23:41:01.618Z","level":"INFO","device":"868120100009","event":"INCIDENT_SENT","detail":"mediaId=2 alarmId=86812010000900260405234101020200"}
{"ts":"2026-04-05T23:41:01.618Z","level":"INFO","device":"868120100009","event":"GPS_SENT","detail":""}
{"ts":"2026-04-05T23:41:01.690Z","level":"INFO","device":"868120100004","event":"INCIDENT_SENT","detail":"mediaId=2 alarmId=86812010000400260405234101020200"}
{"ts":"2026-04-05T23:41:01.690Z","level":"INFO","device":"868120100004","event":"GPS_SENT","detail":""}
{"ts":"2026-04-05T23:41:01.701Z","level":"INFO","device":"868120100005","event":"RX_MSG","detail":"0x8001 bodyLen=5"}
{"ts":"2026-04-05T23:41:01.702Z","level":"INFO","device":"868120100005","event":"SERVER_ACK","detail":"0x0200 result=OK"}
{"ts":"2026-04-05T23:41:01.753Z","level":"INFO","device":"868120100008","event":"RX_MSG","detail":"0x8001 bodyLen=5"}
{"ts":"2026-04-05T23:41:01.753Z","level":"INFO","device":"868120100008","event":"SERVER_ACK","detail":"0x0200 result=OK"}
{"ts":"2026-04-05T23:41:01.816Z","level":"INFO","device":"868120100003","event":"INCIDENT_SENT","detail":"mediaId=2 alarmId=86812010000300260405234101020200"}
{"ts":"2026-04-05T23:41:01.817Z","level":"INFO","device":"868120100003","event":"GPS_SENT","detail":""}
{"ts":"2026-04-05T23:41:01.819Z","level":"INFO","device":"868120100009","event":"RX_MSG","detail":"0x8001 bodyLen=5"}
{"ts":"2026-04-05T23:41:01.819Z","level":"INFO","device":"868120100009","event":"SERVER_ACK","detail":"0x0200 result=OK"}
{"ts":"2026-04-05T23:41:01.902Z","level":"INFO","device":"868120100004","event":"RX_MSG","detail":"0x8001 bodyLen=5"}
{"ts":"2026-04-05T23:41:01.902Z","level":"INFO","device":"868120100004","event":"SERVER_ACK","detail":"0x0200 result=OK"}
{"ts":"2026-04-05T23:41:01.902Z","level":"INFO","device":"291078985963","event":"INCIDENT_SENT","detail":"mediaId=2 alarmId=29107898596300260405234101020200"}
{"ts":"2026-04-05T23:41:01.906Z","level":"INFO","device":"291078985963","event":"GPS_SENT","detail":""}
{"ts":"2026-04-05T23:41:01.914Z","level":"INFO","device":"868120100006","event":"RX_MSG","detail":"0x8001 bodyLen=5"}
{"ts":"2026-04-05T23:41:01.914Z","level":"INFO","device":"868120100006","event":"SERVER_ACK","detail":"0x0800 result=OK"}
{"ts":"2026-04-05T23:41:01.914Z","level":"INFO","device":"868120100006","event":"RX_MSG","detail":"0x8001 bodyLen=5"}
{"ts":"2026-04-05T23:41:01.914Z","level":"INFO","device":"868120100006","event":"SERVER_ACK","detail":"0x0200 result=OK"}
{"ts":"2026-04-05T23:41:02.028Z","level":"INFO","device":"868120100003","event":"RX_MSG","detail":"0x8001 bodyLen=5"}
{"ts":"2026-04-05T23:41:02.029Z","level":"INFO","device":"868120100003","event":"SERVER_ACK","detail":"0x0200 result=OK"}
{"ts":"2026-04-05T23:41:02.040Z","level":"INFO","device":"868120100005","event":"RX_MSG","detail":"0x8001 bodyLen=5"}
{"ts":"2026-04-05T23:41:02.040Z","level":"INFO","device":"868120100005","event":"SERVER_ACK","detail":"0x0800 result=OK"}
{"ts":"2026-04-05T23:41:02.040Z","level":"INFO","device":"868120100005","event":"RX_MSG","detail":"0x8001 bodyLen=5"}
{"ts":"2026-04-05T23:41:02.040Z","level":"INFO","device":"868120100005","event":"SERVER_ACK","detail":"0x0200 result=OK"}
{"ts":"2026-04-05T23:41:02.040Z","level":"INFO","device":"868120100002","event":"INCIDENT_SENT","detail":"mediaId=2 alarmId=86812010000200260405234102020200"}
{"ts":"2026-04-05T23:41:02.045Z","level":"INFO","device":"868120100002","event":"GPS_SENT","detail":""}
{"ts":"2026-04-05T23:41:02.106Z","level":"INFO","device":"868120100008","event":"RX_MSG","detail":"0x8001 bodyLen=5"}
{"ts":"2026-04-05T23:41:02.108Z","level":"INFO","device":"868120100008","event":"SERVER_ACK","detail":"0x0800 result=OK"}
{"ts":"2026-04-05T23:41:02.108Z","level":"INFO","device":"868120100008","event":"RX_MSG","detail":"0x8001 bodyLen=5"}
{"ts":"2026-04-05T23:41:02.108Z","level":"INFO","device":"868120100008","event":"SERVER_ACK","detail":"0x0200 result=OK"}
{"ts":"2026-04-05T23:41:02.113Z","level":"INFO","device":"291078985963","event":"RX_MSG","detail":"0x8001 bodyLen=5"}
{"ts":"2026-04-05T23:41:02.113Z","level":"INFO","device":"291078985963","event":"SERVER_ACK","detail":"0x0200 result=OK"}
{"ts":"2026-04-05T23:41:02.153Z","level":"INFO","device":"868120100009","event":"RX_MSG","detail":"0x8001 bodyLen=5"}
{"ts":"2026-04-05T23:41:02.154Z","level":"INFO","device":"868120100009","event":"SERVER_ACK","detail":"0x0800 result=OK"}
{"ts":"2026-04-05T23:41:02.154Z","level":"INFO","device":"868120100009","event":"RX_MSG","detail":"0x8001 bodyLen=5"}
{"ts":"2026-04-05T23:41:02.154Z","level":"INFO","device":"868120100009","event":"SERVER_ACK","detail":"0x0200 result=OK"}
{"ts":"2026-04-05T23:41:02.171Z","level":"INFO","device":"100000000010","event":"INCIDENT_SENT","detail":"mediaId=2 alarmId=10000000001000260405234102020200"}
{"ts":"2026-04-05T23:41:02.171Z","level":"INFO","device":"100000000010","event":"GPS_SENT","detail":""}
{"ts":"2026-04-05T23:41:02.171Z","level":"INFO","device":"868120100007","event":"INCIDENT_SENT","detail":"mediaId=2 alarmId=86812010000700260405234102020200"}
{"ts":"2026-04-05T23:41:02.174Z","level":"INFO","device":"868120100007","event":"GPS_SENT","detail":""}
{"ts":"2026-04-05T23:41:02.226Z","level":"INFO","device":"868120100004","event":"RX_MSG","detail":"0x8001 bodyLen=5"}
{"ts":"2026-04-05T23:41:02.226Z","level":"INFO","device":"868120100004","event":"SERVER_ACK","detail":"0x0800 result=OK"}
{"ts":"2026-04-05T23:41:02.226Z","level":"INFO","device":"868120100004","event":"RX_MSG","detail":"0x8001 bodyLen=5"}
{"ts":"2026-04-05T23:41:02.226Z","level":"INFO","device":"868120100004","event":"SERVER_ACK","detail":"0x0200 result=OK"}
{"ts":"2026-04-05T23:41:02.242Z","level":"INFO","device":"868120100002","event":"RX_MSG","detail":"0x8001 bodyLen=5"}
{"ts":"2026-04-05T23:41:02.242Z","level":"INFO","device":"868120100002","event":"SERVER_ACK","detail":"0x0200 result=OK"}
{"ts":"2026-04-05T23:41:02.373Z","level":"INFO","device":"100000000010","event":"RX_MSG","detail":"0x8001 bodyLen=5"}
{"ts":"2026-04-05T23:41:02.373Z","level":"INFO","device":"100000000010","event":"SERVER_ACK","detail":"0x0200 result=OK"}
{"ts":"2026-04-05T23:41:02.374Z","level":"INFO","device":"868120100007","event":"RX_MSG","detail":"0x8001 bodyLen=5"}
{"ts":"2026-04-05T23:41:02.374Z","level":"INFO","device":"868120100007","event":"SERVER_ACK","detail":"0x0200 result=OK"}
{"ts":"2026-04-05T23:41:02.380Z","level":"INFO","device":"868120100003","event":"RX_MSG","detail":"0x8001 bodyLen=5"}
{"ts":"2026-04-05T23:41:02.380Z","level":"INFO","device":"868120100003","event":"SERVER_ACK","detail":"0x0800 result=OK"}
{"ts":"2026-04-05T23:41:02.380Z","level":"INFO","device":"868120100003","event":"RX_MSG","detail":"0x8001 bodyLen=5"}
{"ts":"2026-04-05T23:41:02.380Z","level":"INFO","device":"868120100003","event":"SERVER_ACK","detail":"0x0200 result=OK"}
{"ts":"2026-04-05T23:41:02.445Z","level":"INFO","device":"291078985963","event":"RX_MSG","detail":"0x8001 bodyLen=5"}
{"ts":"2026-04-05T23:41:02.446Z","level":"INFO","device":"291078985963","event":"SERVER_ACK","detail":"0x0800 result=OK"}
{"ts":"2026-04-05T23:41:02.446Z","level":"INFO","device":"291078985963","event":"RX_MSG","detail":"0x8001 bodyLen=5"}
{"ts":"2026-04-05T23:41:02.446Z","level":"INFO","device":"291078985963","event":"SERVER_ACK","detail":"0x0200 result=OK"}
{"ts":"2026-04-05T23:41:02.557Z","level":"INFO","device":"868120100002","event":"RX_MSG","detail":"0x8001 bodyLen=5"}
{"ts":"2026-04-05T23:41:02.558Z","level":"INFO","device":"868120100002","event":"SERVER_ACK","detail":"0x0800 result=OK"}
{"ts":"2026-04-05T23:41:02.558Z","level":"INFO","device":"868120100002","event":"RX_MSG","detail":"0x8001 bodyLen=5"}
{"ts":"2026-04-05T23:41:02.558Z","level":"INFO","device":"868120100002","event":"SERVER_ACK","detail":"0x0200 result=OK"}
{"ts":"2026-04-05T23:41:02.681Z","level":"INFO","device":"100000000010","event":"RX_MSG","detail":"0x8001 bodyLen=5"}
{"ts":"2026-04-05T23:41:02.681Z","level":"INFO","device":"100000000010","event":"SERVER_ACK","detail":"0x0800 result=OK"}
{"ts":"2026-04-05T23:41:02.681Z","level":"INFO","device":"100000000010","event":"RX_MSG","detail":"0x8001 bodyLen=5"}
{"ts":"2026-04-05T23:41:02.682Z","level":"INFO","device":"100000000010","event":"SERVER_ACK","detail":"0x0200 result=OK"}
{"ts":"2026-04-05T23:41:02.713Z","level":"INFO","device":"868120100007","event":"RX_MSG","detail":"0x8001 bodyLen=5"}
{"ts":"2026-04-05T23:41:02.713Z","level":"INFO","device":"868120100007","event":"SERVER_ACK","detail":"0x0800 result=OK"}
{"ts":"2026-04-05T23:41:02.713Z","level":"INFO","device":"868120100007","event":"RX_MSG","detail":"0x8001 bodyLen=5"}
{"ts":"2026-04-05T23:41:02.713Z","level":"INFO","device":"868120100007","event":"SERVER_ACK","detail":"0x0200 result=OK"}
{"ts":"2026-04-05T23:41:05.554Z","level":"INFO","device":"291078985963","event":"HEARTBEAT_SENT","detail":"0x0002"}
{"ts":"2026-04-05T23:41:05.563Z","level":"INFO","device":"291078985963","event":"OBD2_SENT_0x0200","detail":"Lat: 51.735236, Lng: 0.482158 | Speed: 44km/h | RPM: 2557"}
{"ts":"2026-04-05T23:41:05.691Z","level":"INFO","device":"200000000002","event":"HEARTBEAT_SENT","detail":"0x0002"}
{"ts":"2026-04-05T23:41:05.691Z","level":"INFO","device":"200000000002","event":"OBD2_SENT_0x0200","detail":"Lat: 51.735956, Lng: 0.481318 | Speed: 44km/h | RPM: 2574"}
{"ts":"2026-04-05T23:41:05.765Z","level":"INFO","device":"291078985963","event":"SERVER_ACK","detail":"0x8001 Universal Reply Received"}
{"ts":"2026-04-05T23:41:05.839Z","level":"INFO","device":"200000000003","event":"HEARTBEAT_SENT","detail":"0x0002"}
{"ts":"2026-04-05T23:41:05.841Z","level":"INFO","device":"200000000003","event":"OBD2_SENT_0x0200","detail":"Lat: 51.735641, Lng: 0.481686 | Speed: 41km/h | RPM: 2451"}
{"ts":"2026-04-05T23:41:05.901Z","level":"INFO","device":"200000000002","event":"SERVER_ACK","detail":"0x8001 Universal Reply Received"}
{"ts":"2026-04-05T23:41:05.990Z","level":"INFO","device":"200000000004","event":"HEARTBEAT_SENT","detail":"0x0002"}
{"ts":"2026-04-05T23:41:05.992Z","level":"INFO","device":"200000000004","event":"OBD2_SENT_0x0200","detail":"Lat: 51.736015, Lng: 0.481249 | Speed: 39km/h | RPM: 2350"}
{"ts":"2026-04-05T23:41:06.051Z","level":"INFO","device":"200000000003","event":"SERVER_ACK","detail":"0x8001 Universal Reply Received"}
{"ts":"2026-04-05T23:41:06.080Z","level":"INFO","device":"291078985963","event":"SERVER_ACK","detail":"0x8001 Universal Reply Received"}
{"ts":"2026-04-05T23:41:06.140Z","level":"INFO","device":"200000000005","event":"HEARTBEAT_SENT","detail":"0x0002"}
{"ts":"2026-04-05T23:41:06.141Z","level":"INFO","device":"200000000005","event":"OBD2_SENT_0x0200","detail":"Lat: 51.737426, Lng: 0.478897 | Speed: 30km/h | RPM: 1981"}
{"ts":"2026-04-05T23:41:06.192Z","level":"INFO","device":"200000000004","event":"SERVER_ACK","detail":"0x8001 Universal Reply Received"}
{"ts":"2026-04-05T23:41:06.235Z","level":"INFO","device":"200000000002","event":"SERVER_ACK","detail":"0x8001 Universal Reply Received"}
{"ts":"2026-04-05T23:41:06.290Z","level":"INFO","device":"200000000006","event":"HEARTBEAT_SENT","detail":"0x0002"}
{"ts":"2026-04-05T23:41:06.292Z","level":"INFO","device":"200000000006","event":"OBD2_SENT_0x0200","detail":"Lat: 51.736498, Lng: 0.480669 | Speed: 40km/h | RPM: 2395"}
{"ts":"2026-04-05T23:41:06.343Z","level":"INFO","device":"200000000005","event":"SERVER_ACK","detail":"0x8001 Universal Reply Received"}
{"ts":"2026-04-05T23:41:06.387Z","level":"INFO","device":"200000000003","event":"SERVER_ACK","detail":"0x8001 Universal Reply Received"}
{"ts":"2026-04-05T23:41:06.439Z","level":"INFO","device":"200000000007","event":"HEARTBEAT_SENT","detail":"0x0002"}
{"ts":"2026-04-05T23:41:06.441Z","level":"INFO","device":"200000000007","event":"OBD2_SENT_0x0200","detail":"Lat: 51.737147, Lng: 0.479631 | Speed: 29km/h | RPM: 1952"}
{"ts":"2026-04-05T23:41:06.484Z","level":"INFO","device":"200000000006","event":"SERVER_ACK","detail":"0x8001 Universal Reply Received"}
{"ts":"2026-04-05T23:41:06.539Z","level":"INFO","device":"200000000004","event":"SERVER_ACK","detail":"0x8001 Universal Reply Received"}
{"ts":"2026-04-05T23:41:06.588Z","level":"INFO","device":"200000000008","event":"HEARTBEAT_SENT","detail":"0x0002"}
{"ts":"2026-04-05T23:41:06.589Z","level":"INFO","device":"200000000008","event":"OBD2_SENT_0x0200","detail":"Lat: 51.737186, Lng: 0.479535 | Speed: 30km/h | RPM: 2013"}
{"ts":"2026-04-05T23:41:06.623Z","level":"INFO","device":"200000000007","event":"SERVER_ACK","detail":"0x8001 Universal Reply Received"}
{"ts":"2026-04-05T23:41:06.696Z","level":"INFO","device":"200000000005","event":"SERVER_ACK","detail":"0x8001 Universal Reply Received"}
{"ts":"2026-04-05T23:41:06.740Z","level":"INFO","device":"200000000009","event":"HEARTBEAT_SENT","detail":"0x0002"}
{"ts":"2026-04-05T23:41:06.743Z","level":"INFO","device":"200000000009","event":"OBD2_SENT_0x0200","detail":"Lat: 51.736519, Lng: 0.480642 | Speed: 39km/h | RPM: 2343"}
{"ts":"2026-04-05T23:41:06.773Z","level":"INFO","device":"200000000008","event":"SERVER_ACK","detail":"0x8001 Universal Reply Received"}
{"ts":"2026-04-05T23:41:06.810Z","level":"INFO","device":"200000000006","event":"SERVER_ACK","detail":"0x8001 Universal Reply Received"}
{"ts":"2026-04-05T23:41:06.889Z","level":"INFO","device":"200000000010","event":"HEARTBEAT_SENT","detail":"0x0002"}
{"ts":"2026-04-05T23:41:06.890Z","level":"INFO","device":"200000000010","event":"OBD2_SENT_0x0200","detail":"Lat: 51.736256, Lng: 0.480968 | Speed: 41km/h | RPM: 2455"}
{"ts":"2026-04-05T23:41:06.924Z","level":"INFO","device":"200000000009","event":"SERVER_ACK","detail":"0x8001 Universal Reply Received"}
{"ts":"2026-04-05T23:41:06.957Z","level":"INFO","device":"200000000007","event":"SERVER_ACK","detail":"0x8001 Universal Reply Received"}
{"ts":"2026-04-05T23:41:07.081Z","level":"INFO","device":"200000000008","event":"SERVER_ACK","detail":"0x8001 Universal Reply Received"}
{"ts":"2026-04-05T23:41:07.100Z","level":"INFO","device":"200000000010","event":"SERVER_ACK","detail":"0x8001 Universal Reply Received"}
{"ts":"2026-04-05T23:41:07.236Z","level":"INFO","device":"200000000009","event":"SERVER_ACK","detail":"0x8001 Universal Reply Received"}
{"ts":"2026-04-05T23:41:07.449Z","level":"INFO","device":"200000000010","event":"SERVER_ACK","detail":"0x8001 Universal Reply Received"}
{"ts":"2026-04-05T23:41:17.987Z","level":"ERROR","device":"300000000010","event":"SOCKET_ERROR","detail":"ECONNREFUSED"}
{"ts":"2026-04-05T23:41:20.566Z","level":"INFO","device":"291078985963","event":"OBD2_SENT_0x0200","detail":"Lat: 51.734135, Lng: 0.483643 | Speed: 39km/h | RPM: 2372"}
{"ts":"2026-04-05T23:41:20.692Z","level":"INFO","device":"200000000002","event":"OBD2_SENT_0x0200","detail":"Lat: 51.734717, Lng: 0.482763 | Speed: 41km/h | RPM: 2432"}
{"ts":"2026-04-05T23:41:20.784Z","level":"INFO","device":"291078985963","event":"SERVER_ACK","detail":"0x8001 Universal Reply Received"}
{"ts":"2026-04-05T23:41:20.841Z","level":"INFO","device":"200000000003","event":"OBD2_SENT_0x0200","detail":"Lat: 51.734523, Lng: 0.483024 | Speed: 37km/h | RPM: 2293"}
{"ts":"2026-04-05T23:41:20.903Z","level":"INFO","device":"200000000002","event":"SERVER_ACK","detail":"0x8001 Universal Reply Received"}
{"ts":"2026-04-05T23:41:20.992Z","level":"INFO","device":"200000000004","event":"OBD2_SENT_0x0200","detail":"Lat: 51.734691, Lng: 0.482794 | Speed: 44km/h | RPM: 2544"}
{"ts":"2026-04-05T23:41:21.055Z","level":"INFO","device":"200000000003","event":"SERVER_ACK","detail":"0x8001 Universal Reply Received"}
{"ts":"2026-04-05T23:41:21.142Z","level":"INFO","device":"200000000005","event":"OBD2_SENT_0x0200","detail":"Lat: 51.736782, Lng: 0.480290 | Speed: 31km/h | RPM: 2039"}
{"ts":"2026-04-05T23:41:21.196Z","level":"INFO","device":"200000000004","event":"SERVER_ACK","detail":"0x8001 Universal Reply Received"}
{"ts":"2026-04-05T23:41:21.293Z","level":"INFO","device":"200000000006","event":"OBD2_SENT_0x0200","detail":"Lat: 51.735350, Lng: 0.482025 | Speed: 40km/h | RPM: 2389"}
{"ts":"2026-04-05T23:41:21.346Z","level":"INFO","device":"200000000005","event":"SERVER_ACK","detail":"0x8001 Universal Reply Received"}
{"ts":"2026-04-05T23:41:21.361Z","level":"INFO","device":"868120100006","event":"GPS_SENT","detail":""}
{"ts":"2026-04-05T23:41:21.442Z","level":"INFO","device":"200000000007","event":"OBD2_SENT_0x0200","detail":"Lat: 51.736449, Lng: 0.480734 | Speed: 25km/h | RPM: 1813"}
{"ts":"2026-04-05T23:41:21.487Z","level":"INFO","device":"200000000006","event":"SERVER_ACK","detail":"0x8001 Universal Reply Received"}
{"ts":"2026-04-05T23:41:21.495Z","level":"INFO","device":"868120100005","event":"GPS_SENT","detail":""}
{"ts":"2026-04-05T23:41:21.537Z","level":"INFO","device":"868120100008","event":"GPS_SENT","detail":""}
{"ts":"2026-04-05T23:41:21.573Z","level":"INFO","device":"868120100006","event":"RX_MSG","detail":"0x8001 bodyLen=5"}
{"ts":"2026-04-05T23:41:21.573Z","level":"INFO","device":"868120100006","event":"SERVER_ACK","detail":"0x0200 result=OK"}
{"ts":"2026-04-05T23:41:21.589Z","level":"INFO","device":"200000000008","event":"OBD2_SENT_0x0200","detail":"Lat: 51.736376, Lng: 0.480828 | Speed: 30km/h | RPM: 1984"}
{"ts":"2026-04-05T23:41:21.619Z","level":"INFO","device":"868120100009","event":"GPS_SENT","detail":""}
{"ts":"2026-04-05T23:41:21.627Z","level":"INFO","device":"200000000007","event":"SERVER_ACK","detail":"0x8001 Universal Reply Received"}
{"ts":"2026-04-05T23:41:21.691Z","level":"INFO","device":"868120100004","event":"GPS_SENT","detail":""}
{"ts":"2026-04-05T23:41:21.706Z","level":"INFO","device":"868120100005","event":"RX_MSG","detail":"0x8001 bodyLen=5"}
{"ts":"2026-04-05T23:41:21.706Z","level":"INFO","device":"868120100005","event":"SERVER_ACK","detail":"0x0200 result=OK"}
{"ts":"2026-04-05T23:41:21.743Z","level":"INFO","device":"200000000009","event":"OBD2_SENT_0x0200","detail":"Lat: 51.735405, Lng: 0.481960 | Speed: 39km/h | RPM: 2341"}
{"ts":"2026-04-05T23:41:21.754Z","level":"INFO","device":"868120100008","event":"RX_MSG","detail":"0x8001 bodyLen=5"}
{"ts":"2026-04-05T23:41:21.754Z","level":"INFO","device":"868120100008","event":"SERVER_ACK","detail":"0x0200 result=OK"}
{"ts":"2026-04-05T23:41:21.776Z","level":"INFO","device":"200000000008","event":"SERVER_ACK","detail":"0x8001 Universal Reply Received"}
{"ts":"2026-04-05T23:41:21.817Z","level":"INFO","device":"868120100003","event":"GPS_SENT","detail":""}
{"ts":"2026-04-05T23:41:21.821Z","level":"INFO","device":"868120100009","event":"RX_MSG","detail":"0x8001 bodyLen=5"}
{"ts":"2026-04-05T23:41:21.821Z","level":"INFO","device":"868120100009","event":"SERVER_ACK","detail":"0x0200 result=OK"}
{"ts":"2026-04-05T23:41:21.890Z","level":"INFO","device":"200000000010","event":"OBD2_SENT_0x0200","detail":"Lat: 51.734890, Lng: 0.482562 | Speed: 45km/h | RPM: 2599"}
{"ts":"2026-04-05T23:41:21.901Z","level":"INFO","device":"868120100004","event":"RX_MSG","detail":"0x8001 bodyLen=5"}
{"ts":"2026-04-05T23:41:21.901Z","level":"INFO","device":"868120100004","event":"SERVER_ACK","detail":"0x0200 result=OK"}
{"ts":"2026-04-05T23:41:21.907Z","level":"INFO","device":"291078985963","event":"GPS_SENT","detail":""}
{"ts":"2026-04-05T23:41:21.928Z","level":"INFO","device":"200000000009","event":"SERVER_ACK","detail":"0x8001 Universal Reply Received"}
{"ts":"2026-04-05T23:41:22.029Z","level":"INFO","device":"868120100003","event":"RX_MSG","detail":"0x8001 bodyLen=5"}
{"ts":"2026-04-05T23:41:22.029Z","level":"INFO","device":"868120100003","event":"SERVER_ACK","detail":"0x0200 result=OK"}
{"ts":"2026-04-05T23:41:22.045Z","level":"INFO","device":"868120100002","event":"GPS_SENT","detail":""}
{"ts":"2026-04-05T23:41:22.105Z","level":"INFO","device":"200000000010","event":"SERVER_ACK","detail":"0x8001 Universal Reply Received"}
{"ts":"2026-04-05T23:41:22.120Z","level":"INFO","device":"291078985963","event":"RX_MSG","detail":"0x8001 bodyLen=5"}
{"ts":"2026-04-05T23:41:22.120Z","level":"INFO","device":"291078985963","event":"SERVER_ACK","detail":"0x0200 result=OK"}
{"ts":"2026-04-05T23:41:22.171Z","level":"INFO","device":"100000000010","event":"GPS_SENT","detail":""}
{"ts":"2026-04-05T23:41:22.174Z","level":"INFO","device":"868120100007","event":"GPS_SENT","detail":""}
{"ts":"2026-04-05T23:41:22.247Z","level":"INFO","device":"868120100002","event":"RX_MSG","detail":"0x8001 bodyLen=5"}
{"ts":"2026-04-05T23:41:22.247Z","level":"INFO","device":"868120100002","event":"SERVER_ACK","detail":"0x0200 result=OK"}
{"ts":"2026-04-05T23:41:22.373Z","level":"INFO","device":"100000000010","event":"RX_MSG","detail":"0x8001 bodyLen=5"}
{"ts":"2026-04-05T23:41:22.373Z","level":"INFO","device":"100000000010","event":"SERVER_ACK","detail":"0x0200 result=OK"}
{"ts":"2026-04-05T23:41:22.375Z","level":"INFO","device":"868120100007","event":"RX_MSG","detail":"0x8001 bodyLen=5"}
{"ts":"2026-04-05T23:41:22.375Z","level":"INFO","device":"868120100007","event":"SERVER_ACK","detail":"0x0200 result=OK"}
{"ts":"2026-04-05T23:41:28.728Z","level":"ERROR","device":"300000000002","event":"SOCKET_ERROR","detail":"ECONNREFUSED"}
{"ts":"2026-04-05T23:41:35.557Z","level":"INFO","device":"291078985963","event":"HEARTBEAT_SENT","detail":"0x0002"}
{"ts":"2026-04-05T23:41:35.567Z","level":"INFO","device":"291078985963","event":"OBD2_SENT_0x0200","detail":"Lat: 51.733473, Lng: 0.485358 | Speed: 34km/h | RPM: 2174"}
{"ts":"2026-04-05T23:41:35.691Z","level":"INFO","device":"200000000002","event":"HEARTBEAT_SENT","detail":"0x0002"}
{"ts":"2026-04-05T23:41:35.693Z","level":"INFO","device":"200000000002","event":"OBD2_SENT_0x0200","detail":"Lat: 51.733724, Lng: 0.484547 | Speed: 42km/h | RPM: 2488"}
{"ts":"2026-04-05T23:41:35.768Z","level":"INFO","device":"291078985963","event":"SERVER_ACK","detail":"0x8001 Universal Reply Received"}
{"ts":"2026-04-05T23:41:35.839Z","level":"INFO","device":"200000000003","event":"HEARTBEAT_SENT","detail":"0x0002"}
{"ts":"2026-04-05T23:41:35.842Z","level":"INFO","device":"200000000003","event":"OBD2_SENT_0x0200","detail":"Lat: 51.733580, Lng: 0.485000 | Speed: 42km/h | RPM: 2488"}
{"ts":"2026-04-05T23:41:35.900Z","level":"INFO","device":"200000000002","event":"SERVER_ACK","detail":"0x8001 Universal Reply Received"}
{"ts":"2026-04-05T23:41:35.990Z","level":"INFO","device":"200000000004","event":"HEARTBEAT_SENT","detail":"0x0002"}
{"ts":"2026-04-05T23:41:35.992Z","level":"INFO","device":"200000000004","event":"OBD2_SENT_0x0200","detail":"Lat: 51.733636, Lng: 0.484815 | Speed: 47km/h | RPM: 2670"}
{"ts":"2026-04-05T23:41:36.056Z","level":"INFO","device":"200000000003","event":"SERVER_ACK","detail":"0x8001 Universal Reply Received"}
{"ts":"2026-04-05T23:41:36.099Z","level":"INFO","device":"291078985963","event":"SERVER_ACK","detail":"0x8001 Universal Reply Received"}
{"ts":"2026-04-05T23:41:36.140Z","level":"INFO","device":"200000000005","event":"HEARTBEAT_SENT","detail":"0x0002"}
{"ts":"2026-04-05T23:41:36.143Z","level":"INFO","device":"200000000005","event":"OBD2_SENT_0x0200","detail":"Lat: 51.735922, Lng: 0.481357 | Speed: 30km/h | RPM: 1991"}
{"ts":"2026-04-05T23:41:36.190Z","level":"INFO","device":"200000000004","event":"SERVER_ACK","detail":"0x8001 Universal Reply Received"}
{"ts":"2026-04-05T23:41:36.222Z","level":"INFO","device":"200000000002","event":"SERVER_ACK","detail":"0x8001 Universal Reply Received"}
{"ts":"2026-04-05T23:41:36.290Z","level":"INFO","device":"200000000006","event":"HEARTBEAT_SENT","detail":"0x0002"}
{"ts":"2026-04-05T23:41:36.294Z","level":"INFO","device":"200000000006","event":"OBD2_SENT_0x0200","detail":"Lat: 51.734113, Lng: 0.483679 | Speed: 44km/h | RPM: 2558"}
{"ts":"2026-04-05T23:41:36.343Z","level":"INFO","device":"200000000005","event":"SERVER_ACK","detail":"0x8001 Universal Reply Received"}
{"ts":"2026-04-05T23:41:36.379Z","level":"INFO","device":"200000000003","event":"SERVER_ACK","detail":"0x8001 Universal Reply Received"}
{"ts":"2026-04-05T23:41:36.439Z","level":"INFO","device":"200000000007","event":"HEARTBEAT_SENT","detail":"0x0002"}
{"ts":"2026-04-05T23:41:36.442Z","level":"INFO","device":"200000000007","event":"OBD2_SENT_0x0200","detail":"Lat: 51.735725, Lng: 0.481587 | Speed: 25km/h | RPM: 1802"}
{"ts":"2026-04-05T23:41:36.483Z","level":"INFO","device":"200000000006","event":"SERVER_ACK","detail":"0x8001 Universal Reply Received"}
{"ts":"2026-04-05T23:41:36.537Z","level":"INFO","device":"200000000004","event":"SERVER_ACK","detail":"0x8001 Universal Reply Received"}
{"ts":"2026-04-05T23:41:36.588Z","level":"INFO","device":"200000000008","event":"HEARTBEAT_SENT","detail":"0x0002"}
{"ts":"2026-04-05T23:41:36.590Z","level":"INFO","device":"200000000008","event":"OBD2_SENT_0x0200","detail":"Lat: 51.735562, Lng: 0.481777 | Speed: 27km/h | RPM: 1872"}
{"ts":"2026-04-05T23:41:36.623Z","level":"INFO","device":"200000000007","event":"SERVER_ACK","detail":"0x8001 Universal Reply Received"}
{"ts":"2026-04-05T23:41:36.667Z","level":"INFO","device":"868120100006","event":"RX_MSG","detail":"0x9208 bodyLen=81"}
{"ts":"2026-04-05T23:41:36.667Z","level":"INFO","device":"868120100006","event":"9208_RAW","detail":"0C35342E33372E3232352E36350D32000086812010000600260405233656070200383638313230313030303036303032363034303532333336353630373032303000000000000000000000000000000000"}
{"ts":"2026-04-05T23:41:36.667Z","level":"INFO","device":"868120100006","event":"UPLOAD_TRIGGERED","detail":"media: 54.37.225.65:3378 | alarmId: 86812010000600260405233656070200"}
{"ts":"2026-04-05T23:41:36.668Z","level":"INFO","device":"868120100006","event":"MEDIA_CONNECTING","detail":"54.37.225.65:3378 files=2"}
{"ts":"2026-04-05T23:41:36.694Z","level":"INFO","device":"200000000005","event":"SERVER_ACK","detail":"0x8001 Universal Reply Received"}
{"ts":"2026-04-05T23:41:36.729Z","level":"INFO","device":"868120100005","event":"RX_MSG","detail":"0x9208 bodyLen=81"}
{"ts":"2026-04-05T23:41:36.729Z","level":"INFO","device":"868120100005","event":"9208_RAW","detail":"0C35342E33372E3232352E36350D32000086812010000500260405233656070200383638313230313030303035303032363034303532333336353630373032303000000000000000000000000000000000"}
{"ts":"2026-04-05T23:41:36.729Z","level":"INFO","device":"868120100005","event":"UPLOAD_TRIGGERED","detail":"media: 54.37.225.65:3378 | alarmId: 86812010000500260405233656070200"}
{"ts":"2026-04-05T23:41:36.729Z","level":"INFO","device":"868120100005","event":"MEDIA_CONNECTING","detail":"54.37.225.65:3378 files=2"}
{"ts":"2026-04-05T23:41:36.741Z","level":"INFO","device":"200000000009","event":"HEARTBEAT_SENT","detail":"0x0002"}
{"ts":"2026-04-05T23:41:36.743Z","level":"INFO","device":"200000000009","event":"OBD2_SENT_0x0200","detail":"Lat: 51.734282, Lng: 0.483409 | Speed: 39km/h | RPM: 2364"}
{"ts":"2026-04-05T23:41:36.765Z","level":"INFO","device":"868120100008","event":"RX_MSG","detail":"0x9208 bodyLen=81"}
{"ts":"2026-04-05T23:41:36.766Z","level":"INFO","device":"868120100008","event":"9208_RAW","detail":"0C35342E33372E3232352E36350D32000086812010000800260405233657070200383638313230313030303038303032363034303532333336353730373032303000000000000000000000000000000000"}
{"ts":"2026-04-05T23:41:36.766Z","level":"INFO","device":"868120100008","event":"UPLOAD_TRIGGERED","detail":"media: 54.37.225.65:3378 | alarmId: 86812010000800260405233657070200"}
{"ts":"2026-04-05T23:41:36.766Z","level":"INFO","device":"868120100008","event":"MEDIA_CONNECTING","detail":"54.37.225.65:3378 files=2"}
{"ts":"2026-04-05T23:41:36.772Z","level":"INFO","device":"200000000008","event":"SERVER_ACK","detail":"0x8001 Universal Reply Received"}
{"ts":"2026-04-05T23:41:36.809Z","level":"INFO","device":"200000000006","event":"SERVER_ACK","detail":"0x8001 Universal Reply Received"}
{"ts":"2026-04-05T23:41:36.838Z","level":"INFO","device":"868120100009","event":"RX_MSG","detail":"0x9208 bodyLen=81"}
{"ts":"2026-04-05T23:41:36.839Z","level":"INFO","device":"868120100009","event":"9208_RAW","detail":"0C35342E33372E3232352E36350D32000086812010000900260405233657070200383638313230313030303039303032363034303532333336353730373032303000000000000000000000000000000000"}
{"ts":"2026-04-05T23:41:36.839Z","level":"INFO","device":"868120100009","event":"UPLOAD_TRIGGERED","detail":"media: 54.37.225.65:3378 | alarmId: 86812010000900260405233657070200"}
{"ts":"2026-04-05T23:41:36.839Z","level":"INFO","device":"868120100009","event":"MEDIA_CONNECTING","detail":"54.37.225.65:3378 files=2"}
{"ts":"2026-04-05T23:41:36.852Z","level":"INFO","device":"868120100006","event":"MEDIA_CONNECTED","detail":"54.37.225.65:3378"}
{"ts":"2026-04-05T23:41:36.852Z","level":"INFO","device":"868120100006","event":"FILE_START","detail":"[1/2] 00_64_6401_00_86812010000600260405233656070200.jpg (215 bytes)"}
{"ts":"2026-04-05T23:41:36.853Z","level":"INFO","device":"868120100006","event":"SENT_1210","detail":"00_64_6401_00_86812010000600260405233656070200.jpg"}
{"ts":"2026-04-05T23:41:36.889Z","level":"INFO","device":"200000000010","event":"HEARTBEAT_SENT","detail":"0x0002"}
{"ts":"2026-04-05T23:41:36.891Z","level":"INFO","device":"200000000010","event":"OBD2_SENT_0x0200","detail":"Lat: 51.733714, Lng: 0.484568 | Speed: 48km/h | RPM: 2734"}
{"ts":"2026-04-05T23:41:36.912Z","level":"INFO","device":"200000000007","event":"SERVER_ACK","detail":"0x8001 Universal Reply Received"}
{"ts":"2026-04-05T23:41:36.913Z","level":"INFO","device":"868120100004","event":"RX_MSG","detail":"0x9208 bodyLen=81"}
{"ts":"2026-04-05T23:41:36.913Z","level":"INFO","device":"868120100004","event":"9208_RAW","detail":"0C35342E33372E3232352E36350D32000086812010000400260405233656070200383638313230313030303034303032363034303532333336353630373032303000000000000000000000000000000000"}
{"ts":"2026-04-05T23:41:36.913Z","level":"INFO","device":"868120100004","event":"UPLOAD_TRIGGERED","detail":"media: 54.37.225.65:3378 | alarmId: 86812010000400260405233656070200"}
{"ts":"2026-04-05T23:41:36.913Z","level":"INFO","device":"868120100004","event":"MEDIA_CONNECTING","detail":"54.37.225.65:3378 files=2"}
{"ts":"2026-04-05T23:41:36.924Z","level":"INFO","device":"200000000009","event":"SERVER_ACK","detail":"0x8001 Universal Reply Received"}
{"ts":"2026-04-05T23:41:36.939Z","level":"INFO","device":"868120100005","event":"MEDIA_CONNECTED","detail":"54.37.225.65:3378"}
{"ts":"2026-04-05T23:41:36.939Z","level":"INFO","device":"868120100005","event":"FILE_START","detail":"[1/2] 00_64_6401_00_86812010000500260405233656070200.jpg (215 bytes)"}
{"ts":"2026-04-05T23:41:36.940Z","level":"INFO","device":"868120100005","event":"SENT_1210","detail":"00_64_6401_00_86812010000500260405233656070200.jpg"}
{"ts":"2026-04-05T23:41:36.959Z","level":"INFO","device":"868120100008","event":"MEDIA_CONNECTED","detail":"54.37.225.65:3378"}
{"ts":"2026-04-05T23:41:36.959Z","level":"INFO","device":"868120100008","event":"FILE_START","detail":"[1/2] 00_64_6401_00_86812010000800260405233657070200.jpg (215 bytes)"}
{"ts":"2026-04-05T23:41:36.959Z","level":"INFO","device":"868120100008","event":"SENT_1210","detail":"00_64_6401_00_86812010000800260405233657070200.jpg"}
{"ts":"2026-04-05T23:41:37.039Z","level":"INFO","device":"868120100006","event":"MEDIA_RX","detail":"7E 80 01 00 05 86 81 20 10 00 06 36 0B 00 00 12 10 00 8A 7E"}
{"ts":"2026-04-05T23:41:37.042Z","level":"INFO","device":"868120100003","event":"RX_MSG","detail":"0x9208 bodyLen=81"}
{"ts":"2026-04-05T23:41:37.042Z","level":"INFO","device":"868120100003","event":"9208_RAW","detail":"0C35342E33372E3232352E36350D32000086812010000300260405233656070200383638313230313030303033303032363034303532333336353630373032303000000000000000000000000000000000"}
{"ts":"2026-04-05T23:41:37.042Z","level":"INFO","device":"868120100003","event":"UPLOAD_TRIGGERED","detail":"media: 54.37.225.65:3378 | alarmId: 86812010000300260405233656070200"}
{"ts":"2026-04-05T23:41:37.042Z","level":"INFO","device":"868120100003","event":"MEDIA_CONNECTING","detail":"54.37.225.65:3378 files=2"}
{"ts":"2026-04-05T23:41:37.043Z","level":"INFO","device":"868120100009","event":"MEDIA_CONNECTED","detail":"54.37.225.65:3378"}
{"ts":"2026-04-05T23:41:37.043Z","level":"INFO","device":"868120100009","event":"FILE_START","detail":"[1/2] 00_64_6401_00_86812010000900260405233657070200.jpg (215 bytes)"}
{"ts":"2026-04-05T23:41:37.043Z","level":"INFO","device":"868120100009","event":"SENT_1210","detail":"00_64_6401_00_86812010000900260405233657070200.jpg"}
{"ts":"2026-04-05T23:41:37.068Z","level":"INFO","device":"200000000008","event":"SERVER_ACK","detail":"0x8001 Universal Reply Received"}
{"ts":"2026-04-05T23:41:37.099Z","level":"INFO","device":"200000000010","event":"SERVER_ACK","detail":"0x8001 Universal Reply Received"}
{"ts":"2026-04-05T23:41:37.122Z","level":"INFO","device":"868120100004","event":"MEDIA_CONNECTED","detail":"54.37.225.65:3378"}
{"ts":"2026-04-05T23:41:37.122Z","level":"INFO","device":"868120100004","event":"FILE_START","detail":"[1/2] 00_64_6401_00_86812010000400260405233656070200.jpg (215 bytes)"}
{"ts":"2026-04-05T23:41:37.122Z","level":"INFO","device":"868120100004","event":"SENT_1210","detail":"00_64_6401_00_86812010000400260405233656070200.jpg"}
{"ts":"2026-04-05T23:41:37.129Z","level":"INFO","device":"291078985963","event":"RX_MSG","detail":"0x9208 bodyLen=81"}
{"ts":"2026-04-05T23:41:37.129Z","level":"INFO","device":"291078985963","event":"9208_RAW","detail":"0C35342E33372E3232352E36350D32000029107898596300260405233656070200323931303738393835393633303032363034303532333336353630373032303000000000000000000000000000000000"}
{"ts":"2026-04-05T23:41:37.129Z","level":"INFO","device":"291078985963","event":"UPLOAD_TRIGGERED","detail":"media: 54.37.225.65:3378 | alarmId: 29107898596300260405233656070200"}
{"ts":"2026-04-05T23:41:37.129Z","level":"INFO","device":"291078985963","event":"MEDIA_CONNECTING","detail":"54.37.225.65:3378 files=2"}
{"ts":"2026-04-05T23:41:37.152Z","level":"INFO","device":"868120100005","event":"MEDIA_RX","detail":"7E 80 01 00 05 86 81 20 10 00 05 CE CD 00 00 12 10 00 B7 7E"}
{"ts":"2026-04-05T23:41:37.153Z","level":"INFO","device":"868120100006","event":"SENT_1212","detail":"00_64_6401_00_86812010000600260405233656070200.jpg"}
{"ts":"2026-04-05T23:41:37.155Z","level":"INFO","device":"868120100008","event":"MEDIA_RX","detail":"7E 80 01 00 05 86 81 20 10 00 08 2A 3A 00 00 12 10 00 A9 7E"}
{"ts":"2026-04-05T23:41:37.221Z","level":"INFO","device":"868120100006","event":"MEDIA_RX","detail":"7E 80 01 00 05 86 81 20 10 00 06 C8 24 00 01 12 11 00 5B 7E"}
{"ts":"2026-04-05T23:41:37.223Z","level":"INFO","device":"200000000009","event":"SERVER_ACK","detail":"0x8001 Universal Reply Received"}
{"ts":"2026-04-05T23:41:37.240Z","level":"INFO","device":"868120100005","event":"SENT_1212","detail":"00_64_6401_00_86812010000500260405233656070200.jpg"}
{"ts":"2026-04-05T23:41:37.249Z","level":"INFO","device":"868120100009","event":"MEDIA_RX","detail":"7E 80 01 00 05 86 81 20 10 00 09 FD BF 00 00 12 10 00 FA 7E"}
{"ts":"2026-04-05T23:41:37.252Z","level":"INFO","device":"868120100003","event":"MEDIA_CONNECTED","detail":"54.37.225.65:3378"}
{"ts":"2026-04-05T23:41:37.252Z","level":"INFO","device":"868120100003","event":"FILE_START","detail":"[1/2] 00_64_6401_00_86812010000300260405233656070200.jpg (215 bytes)"}
{"ts":"2026-04-05T23:41:37.252Z","level":"INFO","device":"868120100003","event":"SENT_1210","detail":"00_64_6401_00_86812010000300260405233656070200.jpg"}
{"ts":"2026-04-05T23:41:37.258Z","level":"INFO","device":"868120100002","event":"RX_MSG","detail":"0x9208 bodyLen=81"}
{"ts":"2026-04-05T23:41:37.258Z","level":"INFO","device":"868120100002","event":"9208_RAW","detail":"0C35342E33372E3232352E36350D32000086812010000200260405233656070200383638313230313030303032303032363034303532333336353630373032303000000000000000000000000000000000"}
{"ts":"2026-04-05T23:41:37.258Z","level":"INFO","device":"868120100002","event":"UPLOAD_TRIGGERED","detail":"media: 54.37.225.65:3378 | alarmId: 86812010000200260405233656070200"}
{"ts":"2026-04-05T23:41:37.258Z","level":"INFO","device":"868120100002","event":"MEDIA_CONNECTING","detail":"54.37.225.65:3378 files=2"}
{"ts":"2026-04-05T23:41:37.260Z","level":"INFO","device":"868120100008","event":"SENT_1212","detail":"00_64_6401_00_86812010000800260405233657070200.jpg"}
{"ts":"2026-04-05T23:41:37.331Z","level":"INFO","device":"291078985963","event":"MEDIA_CONNECTED","detail":"54.37.225.65:3378"}
{"ts":"2026-04-05T23:41:37.331Z","level":"INFO","device":"291078985963","event":"FILE_START","detail":"[1/2] 00_64_6401_00_29107898596300260405233656070200.jpg (215 bytes)"}
{"ts":"2026-04-05T23:41:37.331Z","level":"INFO","device":"291078985963","event":"SENT_1210","detail":"00_64_6401_00_29107898596300260405233656070200.jpg"}
{"ts":"2026-04-05T23:41:37.334Z","level":"INFO","device":"868120100004","event":"MEDIA_RX","detail":"7E 80 01 00 05 86 81 20 10 00 04 75 D4 00 00 12 10 00 14 7E"}
{"ts":"2026-04-05T23:41:37.344Z","level":"INFO","device":"868120100009","event":"SENT_1212","detail":"00_64_6401_00_86812010000900260405233657070200.jpg"}
{"ts":"2026-04-05T23:41:37.346Z","level":"INFO","device":"868120100008","event":"MEDIA_RX","detail":"7E 80 01 00 05 86 81 20 10 00 08 68 F9 00 01 12 11 00 28 7E"}
{"ts":"2026-04-05T23:41:37.359Z","level":"INFO","device":"868120100005","event":"MEDIA_RX","detail":"7E 80 01 00 05 86 81 20 10 00 05 5B 43 00 01 12 11 00 AC 7E"}
{"ts":"2026-04-05T23:41:37.383Z","level":"INFO","device":"100000000010","event":"RX_MSG","detail":"0x9208 bodyLen=81"}
{"ts":"2026-04-05T23:41:37.384Z","level":"INFO","device":"100000000010","event":"9208_RAW","detail":"0C35342E33372E3232352E36350D32000010000000001000260405233657070200313030303030303030303130303032363034303532333336353730373032303000000000000000000000000000000000"}
{"ts":"2026-04-05T23:41:37.384Z","level":"INFO","device":"100000000010","event":"UPLOAD_TRIGGERED","detail":"media: 54.37.225.65:3378 | alarmId: 10000000001000260405233657070200"}
{"ts":"2026-04-05T23:41:37.384Z","level":"INFO","device":"100000000010","event":"MEDIA_CONNECTING","detail":"54.37.225.65:3378 files=2"}
{"ts":"2026-04-05T23:41:37.393Z","level":"INFO","device":"868120100007","event":"RX_MSG","detail":"0x9208 bodyLen=81"}
{"ts":"2026-04-05T23:41:37.393Z","level":"INFO","device":"868120100007","event":"9208_RAW","detail":"0C35342E33372E3232352E36350D32000086812010000700260405233657070200383638313230313030303037303032363034303532333336353730373032303000000000000000000000000000000000"}
{"ts":"2026-04-05T23:41:37.393Z","level":"INFO","device":"868120100007","event":"UPLOAD_TRIGGERED","detail":"media: 54.37.225.65:3378 | alarmId: 86812010000700260405233657070200"}
{"ts":"2026-04-05T23:41:37.393Z","level":"INFO","device":"868120100007","event":"MEDIA_CONNECTING","detail":"54.37.225.65:3378 files=2"}
{"ts":"2026-04-05T23:41:37.424Z","level":"INFO","device":"868120100004","event":"SENT_1212","detail":"00_64_6401_00_86812010000400260405233656070200.jpg"}
{"ts":"2026-04-05T23:41:37.436Z","level":"INFO","device":"200000000010","event":"SERVER_ACK","detail":"0x8001 Universal Reply Received"}
{"ts":"2026-04-05T23:41:37.449Z","level":"INFO","device":"868120100009","event":"MEDIA_RX","detail":"7E 80 01 00 05 86 81 20 10 00 09 76 B4 00 01 12 11 00 7A 7E"}
{"ts":"2026-04-05T23:41:37.454Z","level":"INFO","device":"868120100006","event":"FILE_START","detail":"[2/2] 02_64_6401_03_86812010000600260405233656070200.mp4 (65536 bytes)"}
{"ts":"2026-04-05T23:41:37.454Z","level":"INFO","device":"868120100006","event":"SENT_1210","detail":"02_64_6401_03_86812010000600260405233656070200.mp4"}
{"ts":"2026-04-05T23:41:37.469Z","level":"INFO","device":"868120100003","event":"MEDIA_RX","detail":"7E 80 01 00 05 86 81 20 10 00 03 A9 94 00 00 12 10 00 8F 7E"}
{"ts":"2026-04-05T23:41:37.470Z","level":"INFO","device":"868120100002","event":"MEDIA_CONNECTED","detail":"54.37.225.65:3378"}
{"ts":"2026-04-05T23:41:37.470Z","level":"INFO","device":"868120100002","event":"FILE_START","detail":"[1/2] 00_64_6401_00_86812010000200260405233656070200.jpg (215 bytes)"}
{"ts":"2026-04-05T23:41:37.470Z","level":"INFO","device":"868120100002","event":"SENT_1210","detail":"00_64_6401_00_86812010000200260405233656070200.jpg"}
{"ts":"2026-04-05T23:41:37.534Z","level":"INFO","device":"291078985963","event":"MEDIA_RX","detail":"7E 80 01 00 05 29 10 78 98 59 63 63 29 00 00 12 10 00 2F 7E"}
{"ts":"2026-04-05T23:41:37.535Z","level":"INFO","device":"868120100006","event":"MEDIA_RX","detail":"7E 92 12 00 36 86 81 20 10 00 06 1A F7 32 30 30 5F 36 34 5F 36 34 30 31 5F 30 30 5F 38 36 38 31 32 30 31 30 30 30 30 36 30 30 32 36 30 34 30 35 32 33 33 36 35 36 30 37 30 32 30 30 2E 6A 70 67 00 00 00 0F 7E"}
{"ts":"2026-04-05T23:41:37.540Z","level":"INFO","device":"868120100004","event":"MEDIA_RX","detail":"7E 80 01 00 05 86 81 20 10 00 04 38 BE 00 01 12 11 00 33 7E"}
{"ts":"2026-04-05T23:41:37.541Z","level":"INFO","device":"868120100005","event":"FILE_START","detail":"[2/2] 02_64_6401_03_86812010000500260405233656070200.mp4 (65536 bytes)"}
{"ts":"2026-04-05T23:41:37.541Z","level":"INFO","device":"868120100005","event":"SENT_1210","detail":"02_64_6401_03_86812010000500260405233656070200.mp4"}
{"ts":"2026-04-05T23:41:37.553Z","level":"INFO","device":"868120100003","event":"SENT_1212","detail":"00_64_6401_00_86812010000300260405233656070200.jpg"}
{"ts":"2026-04-05T23:41:37.568Z","level":"INFO","device":"868120100008","event":"FILE_START","detail":"[2/2] 02_64_6401_03_86812010000800260405233657070200.mp4 (65536 bytes)"}
{"ts":"2026-04-05T23:41:37.568Z","level":"INFO","device":"868120100008","event":"SENT_1210","detail":"02_64_6401_03_86812010000800260405233657070200.mp4"}
{"ts":"2026-04-05T23:41:37.594Z","level":"INFO","device":"100000000010","event":"MEDIA_CONNECTED","detail":"54.37.225.65:3378"}
{"ts":"2026-04-05T23:41:37.594Z","level":"INFO","device":"100000000010","event":"FILE_START","detail":"[1/2] 00_64_6401_00_10000000001000260405233657070200.jpg (215 bytes)"}
{"ts":"2026-04-05T23:41:37.594Z","level":"INFO","device":"100000000010","event":"SENT_1210","detail":"00_64_6401_00_10000000001000260405233657070200.jpg"}
{"ts":"2026-04-05T23:41:37.595Z","level":"INFO","device":"868120100007","event":"MEDIA_CONNECTED","detail":"54.37.225.65:3378"}
{"ts":"2026-04-05T23:41:37.595Z","level":"INFO","device":"868120100007","event":"FILE_START","detail":"[1/2] 00_64_6401_00_86812010000700260405233657070200.jpg (215 bytes)"}
{"ts":"2026-04-05T23:41:37.595Z","level":"INFO","device":"868120100007","event":"SENT_1210","detail":"00_64_6401_00_86812010000700260405233657070200.jpg"}
{"ts":"2026-04-05T23:41:37.631Z","level":"INFO","device":"291078985963","event":"SENT_1212","detail":"00_64_6401_00_29107898596300260405233656070200.jpg"}
{"ts":"2026-04-05T23:41:37.650Z","level":"INFO","device":"868120100009","event":"FILE_START","detail":"[2/2] 02_64_6401_03_86812010000900260405233657070200.mp4 (65536 bytes)"}
{"ts":"2026-04-05T23:41:37.650Z","level":"INFO","device":"868120100009","event":"SENT_1210","detail":"02_64_6401_03_86812010000900260405233657070200.mp4"}
{"ts":"2026-04-05T23:41:37.667Z","level":"INFO","device":"868120100008","event":"MEDIA_RX","detail":"7E 92 12 00 36 86 81 20 10 00 08 C0 4F 32 30 30 5F 36 34 5F 36 34 30 31 5F 30 30 5F 38 36 38 31 32 30 31 30 30 30 30 38 30 30 32 36 30 34 30 35 32 33 33 36 35 37 30 37 30 32 30 30 2E 6A 70 67 00 00 00 6C 7E"}
{"ts":"2026-04-05T23:41:37.673Z","level":"INFO","device":"868120100003","event":"MEDIA_RX","detail":"7E 80 01 00 05 86 81 20 10 00 03 ED 06 00 01 12 11 00 59 7E"}
{"ts":"2026-04-05T23:41:37.683Z","level":"INFO","device":"868120100002","event":"MEDIA_RX","detail":"7E 80 01 00 05 86 81 20 10 00 02 B1 99 00 00 12 10 00 9B 7E"}
{"ts":"2026-04-05T23:41:37.684Z","level":"INFO","device":"868120100005","event":"MEDIA_RX","detail":"7E 92 12 00 36 86 81 20 10 00 05 4A 4B 32 30 30 5F 36 34 5F 36 34 30 31 5F 30 30 5F 38 36 38 31 32 30 31 30 30 30 30 35 30 30 32 36 30 34 30 35 32 33 33 36 35 36 30 37 30 32 30 30 2E 6A 70 67 00 00 00 E3 7E"}
{"ts":"2026-04-05T23:41:37.724Z","level":"INFO","device":"868120100004","event":"FILE_START","detail":"[2/2] 02_64_6401_03_86812010000400260405233656070200.mp4 (65536 bytes)"}
{"ts":"2026-04-05T23:41:37.725Z","level":"INFO","device":"868120100004","event":"SENT_1210","detail":"02_64_6401_03_86812010000400260405233656070200.mp4"}
{"ts":"2026-04-05T23:41:37.734Z","level":"INFO","device":"291078985963","event":"MEDIA_RX","detail":"7E 80 01 00 05 29 10 78 98 59 63 0F 61 00 01 12 11 00 0B 7E"}
{"ts":"2026-04-05T23:41:37.738Z","level":"INFO","device":"868120100006","event":"MEDIA_RX","detail":"7E 80 01 00 05 86 81 20 10 00 06 6A 38 00 03 12 10 00 E6 7E"}
{"ts":"2026-04-05T23:41:37.769Z","level":"INFO","device":"868120100006","event":"SENT_1212","detail":"02_64_6401_03_86812010000600260405233656070200.mp4"}
{"ts":"2026-04-05T23:41:37.770Z","level":"INFO","device":"868120100002","event":"SENT_1212","detail":"00_64_6401_00_86812010000200260405233656070200.jpg"}
{"ts":"2026-04-05T23:41:37.770Z","level":"INFO","device":"868120100009","event":"MEDIA_RX","detail":"7E 92 12 00 36 86 81 20 10 00 09 6C 98 32 30 30 5F 36 34 5F 36 34 30 31 5F 30 30 5F 38 36 38 31 32 30 31 30 30 30 30 39 30 30 32 36 30 34 30 35 32 33 33 36 35 37 30 37 30 32 30 30 2E 6A 70 67 00 00 00 17 7E"}
{"ts":"2026-04-05T23:41:37.798Z","level":"INFO","device":"868120100007","event":"MEDIA_RX","detail":"7E 80 01 00 05 86 81 20 10 00 07 9E 6B 00 00 12 10 00 43 7E"}
{"ts":"2026-04-05T23:41:37.805Z","level":"INFO","device":"100000000010","event":"MEDIA_RX","detail":"7E 80 01 00 05 10 00 00 00 00 10 03 06 00 00 12 10 00 83 7E"}
{"ts":"2026-04-05T23:41:37.850Z","level":"INFO","device":"868120100005","event":"SENT_1212","detail":"02_64_6401_03_86812010000500260405233656070200.mp4"}
{"ts":"2026-04-05T23:41:37.853Z","level":"INFO","device":"868120100003","event":"FILE_START","detail":"[2/2] 02_64_6401_03_86812010000300260405233656070200.mp4 (65536 bytes)"}
{"ts":"2026-04-05T23:41:37.853Z","level":"INFO","device":"868120100003","event":"SENT_1210","detail":"02_64_6401_03_86812010000300260405233656070200.mp4"}
{"ts":"2026-04-05T23:41:37.860Z","level":"INFO","device":"868120100008","event":"MEDIA_RX","detail":"7E 80 01 00 05 86 81 20 10 00 08 AD 6C 00 03 12 10 00 7B 7E"}
{"ts":"2026-04-05T23:41:37.870Z","level":"INFO","device":"868120100004","event":"MEDIA_RX","detail":"7E 92 12 00 36 86 81 20 10 00 04 B4 99 32 30 30 5F 36 34 5F 36 34 30 31 5F 30 30 5F 38 36 38 31 32 30 31 30 30 30 30 34 30 30 32 36 30 34 30 35 32 33 33 36 35 36 30 37 30 32 30 30 2E 6A 70 67 00 00 00 CF 7E"}
{"ts":"2026-04-05T23:41:37.871Z","level":"INFO","device":"868120100008","event":"SENT_1212","detail":"02_64_6401_03_86812010000800260405233657070200.mp4"}
{"ts":"2026-04-05T23:41:37.892Z","level":"INFO","device":"868120100002","event":"MEDIA_RX","detail":"7E 80 01 00 05 86 81 20 10 00 02 05 EC 00 01 12 11 00 5A 7E"}
{"ts":"2026-04-05T23:41:37.895Z","level":"INFO","device":"100000000010","event":"SENT_1212","detail":"00_64_6401_00_10000000001000260405233657070200.jpg"}
{"ts":"2026-04-05T23:41:37.895Z","level":"INFO","device":"868120100007","event":"SENT_1212","detail":"00_64_6401_00_86812010000700260405233657070200.jpg"}
{"ts":"2026-04-05T23:41:37.921Z","level":"INFO","device":"868120100006","event":"MEDIA_RX","detail":"7E 80 01 00 05 86 81 20 10 00 06 FA 1B 00 04 12 11 00 53 7E 7E 80 01 00 05 86 81 20 10 00 06 CF 24 00 05 12 11 00 58 7E 7E 80 01 00 05 86 81 20 10 00 06 99 E1 00 06 12 11 00 C8 7E 7E 80 01 00 05 86 81 20 10 00 06 CC 2B 00 07 12 11 00 56 7E 7E 80 01 00 05 86 81 20 10 00 06 44 D4 00 08 12 11 00 2E 7E 7E 80 01 00 05 86 81 20 10 00 06 17 D3 00 09 12 11 00 7B 7E 7E 80 01 00 05 86 81 20 10 00 06 0D DE 00 0A 12 11 00 6F 7E 7E 80 01 00 05 86 81 20 10 00 06 94 FF 00 0B 12 11 00 D6 7E 7E 80 01 00 05 86 81 20 10 00 06 FB 7D 02 00 0C 12 11 00 3F 7E 7E 80 01 00 05 86 81 20 10 00 06 AB 4D 00 0D 12 11 00 5D 7E 7E 80 01 00 05 86 81 20 10 00 06 01 78 00 0E 12 11 00 C1 7E 7E 80 01 00 05 86 81 20 10 00 06 A7 99 00 0F 12 11 00 87 7E 7E 80 01 00 05 86 81 20 10 00 06 A2 0E 00 10 12 11 00 0A 7E 7E 80 01 00 05 86 81 20 10 00 06 F0 EE 00 11 12 11 00 B9 7E 7E 80 01 00 05 86 81 20 10 00 06 B6 F7 00 12 12 11 00 E5 7E 7E 80 01 00 05 86 81 20 10 00 06 3A 5B 00 13 12 11 00 C4 7E 7E 80 01 00 05 86 81 20 10 00 06 73 16 00 14 12 11 00 C7 7E 7E 80 01 00 05 86 81 20 10 00 06 97 7D 01 00 15 12 11 00 49 7E 7E 80 01 00 05 86 81 20 10 00 06 08 A9 00 16 12 11 00 01 7E 7E 80 01 00 05 86 81 20 10 00 06 8F 49 00 17 12 11 00 67 7E 7E 80 01 00 05 86 81 20 10 00 06 85 0C 00 18 12 11 00 27 7E 7E 80 01 00 05 86 81 20 10 00 06 7B 79 00 19 12 11 00 AD 7E 7E 80 01 00 05 86 81 20 10 00 06 85 89 00 1A 12 11 00 A0 7E 7E 80 01 00 05 86 81 20 10 00 06 D5 A7 00 1B 12 11 00 DF 7E 7E 80 01 00 05 86 81 20 10 00 06 09 35 00 1C 12 11 00 96 7E 7E 80 01 00 05 86 81 20 10 00 06 5B 46 00 1D 12 11 00 B6 7E 7E 80 01 00 05 86 81 20 10 00 06 01 E2 00 1E 12 11 00 4B 7E 7E 80 01 00 05 86 81 20 10 00 06 2C F0 00 1F 12 11 00 75 7E 7E 80 01 00 05 86 81 20 10 00 06 E8 7A 00 20 12 11 00 04 7E 7E 80 01 00 05 86 81 20 10 00 06 CB 76 00 21 12 11 00 2A 7E 7E 80 01 00 05 86 81 20 10 00 06 63 0E 00 22 12 11 00 F9 7E 7E 80 01 00 05 86 81 20 10 00 06 26 D5 00 23 12 11 00 66 7E 7E 80 01 00 05 86 81 20 10 00 06 46 7C 00 24 12 11 00 A8 7E 7E 80 01 00 05 86 81 20 10 00 06 42 7B 00 25 12 11 00 AA 7E"}
{"ts":"2026-04-05T23:41:37.931Z","level":"INFO","device":"291078985963","event":"FILE_START","detail":"[2/2] 02_64_6401_03_29107898596300260405233656070200.mp4 (65536 bytes)"}
{"ts":"2026-04-05T23:41:37.932Z","level":"INFO","device":"291078985963","event":"SENT_1210","detail":"02_64_6401_03_29107898596300260405233656070200.mp4"}
{"ts":"2026-04-05T23:41:37.955Z","level":"INFO","device":"868120100009","event":"SENT_1212","detail":"02_64_6401_03_86812010000900260405233657070200.mp4"}
{"ts":"2026-04-05T23:41:37.957Z","level":"INFO","device":"868120100005","event":"MEDIA_RX","detail":"7E 80 01 00 05 86 81 20 10 00 05 B9 E4 00 03 12 10 00 EA 7E 7E 80 01 00 05 86 81 20 10 00 05 A7 64 00 04 12 11 00 72 7E 7E 80 01 00 05 86 81 20 10 00 05 CE 9A 00 05 12 11 00 E4 7E 7E 80 01 00 05 86 81 20 10 00 05 FB 3A 00 06 12 11 00 72 7E 7E 80 01 00 05 86 81 20 10 00 05 85 3B 00 07 12 11 00 0C 7E 7E 80 01 00 05 86 81 20 10 00 05 B2 AC 00 08 12 11 00 A3 7E 7E 80 01 00 05 86 81 20 10 00 05 B9 92 00 09 12 11 00 97 7E 7E 80 01 00 05 86 81 20 10 00 05 61 59 00 0A 12 11 00 87 7E 7E 80 01 00 05 86 81 20 10 00 05 DD E3 00 0B 12 11 00 80 7E 7E 80 01 00 05 86 81 20 10 00 05 31 2D 00 0C 12 11 00 A5 7E 7E 80 01 00 05 86 81 20 10 00 05 2E BF 00 0D 12 11 00 29 7E 7E 80 01 00 05 86 81 20 10 00 05 50 CD 00 0E 12 11 00 26 7E 7E 80 01 00 05 86 81 20 10 00 05 39 4B 00 0F 12 11 00 C8 7E 7E 80 01 00 05 86 81 20 10 00 05 0D 70 00 10 12 11 00 D8 7E 7E 80 01 00 05 86 81 20 10 00 05 A7 90 00 11 12 11 00 93 7E 7E 80 01 00 05 86 81 20 10 00 05 3E D3 00 12 12 11 00 4A 7E 7E 80 01 00 05 86 81 20 10 00 05 81 6A 00 13 12 11 00 4D 7E 7E 80 01 00 05 86 81 20 10 00 05 87 BD 00 14 12 11 00 9B 7E 7E 80 01 00 05 86 81 20 10 00 05 E9 99 00 15 12 11 00 D0 7E 7E 80 01 00 05 86 81 20 10 00 05 E0 7D 02 00 16 12 11 00 3D 7E 7E 80 01 00 05 86 81 20 10 00 05 7C 07 00 17 12 11 00 D9 7E 7E 80 01 00 05 86 81 20 10 00 05 E2 E8 00 18 12 11 00 A7 7E 7E 80 01 00 05 86 81 20 10 00 05 BC 80 00 19 12 11 00 90 7E 7E 80 01 00 05 86 81 20 10 00 05 E9 D8 00 1A 12 11 00 9E 7E 7E 80 01 00 05 86 81 20 10 00 05 3B 68 00 1B 12 11 00 FD 7E 7E 80 01 00 05 86 81 20 10 00 05 3B 48 00 1C 12 11 00 DA 7E 7E 80 01 00 05 86 81 20 10 00 05 7C 25 00 1D 12 11 00 F1 7E 7E 80 01 00 05 86 81 20 10 00 05 12 D3 00 1E 12 11 00 6A 7E 7E 80 01 00 05 86 81 20 10 00 05 CD 19 00 1F 12 11 00 7D 02 7E 7E 80 01 00 05 86 81 20 10 00 05 CF 83 00 20 12 11 00 D9 7E 7E 80 01 00 05 86 81 20 10 00 05 85 B2 00 21 12 11 00 A3 7E 7E 80 01 00 05 86 81 20 10 00 05 6A 5F 00 22 12 11 00 A2 7E 7E 80 01 00 05 86 81 20 10 00 05 0D F2 00 23 12 11 00 69 7E 7E 80 01 00 05 86 81 20 10 00 05 DB 91 00 24 12 11 00 DB 7E"}
{"ts":"2026-04-05T23:41:37.996Z","level":"INFO","device":"868120100003","event":"MEDIA_RX","detail":"7E 92 12 00 36 86 81 20 10 00 03 8B D5 32 30 30 5F 36 34 5F 36 34 30 31 5F 30 30 5F 38 36 38 31 32 30 31 30 30 30 30 33 30 30 32 36 30 34 30 35 32 33 33 36 35 36 30 37 30 32 30 30 2E 6A 70 67 00 00 00 BC 7E"}
{"ts":"2026-04-05T23:41:37.997Z","level":"INFO","device":"868120100007","event":"MEDIA_RX","detail":"7E 80 01 00 05 86 81 20 10 00 07 72 FA 00 01 12 11 00 3E 7E"}
{"ts":"2026-04-05T23:41:38.013Z","level":"INFO","device":"100000000010","event":"MEDIA_RX","detail":"7E 80 01 00 05 10 00 00 00 00 10 46 FF 00 01 12 11 00 3F 7E"}
{"ts":"2026-04-05T23:41:38.029Z","level":"INFO","device":"868120100004","event":"SENT_1212","detail":"02_64_6401_03_86812010000400260405233656070200.mp4"}
{"ts":"2026-04-05T23:41:38.049Z","level":"INFO","device":"291078985963","event":"MEDIA_RX","detail":"7E 92 12 00 36 29 10 78 98 59 63 0B 33 32 30 30 5F 36 34 5F 36 34 30 31 5F 30 30 5F 32 39 31 30 37 38 39 38 35 39 36 33 30 30 32 36 30 34 30 35 32 33 33 36 35 36 30 37 30 32 30 30 2E 6A 70 67 00 00 00 07 7E"}
{"ts":"2026-04-05T23:41:38.051Z","level":"INFO","device":"868120100008","event":"MEDIA_RX","detail":"7E 80 01 00 05 86 81 20 10 00 08 EF 77 00 04 12 11 00 24 7E 7E 80 01 00 05 86 81 20 10 00 08 DC F6 00 05 12 11 00 97 7E 7E 80 01 00 05 86 81 20 10 00 08 C1 1E 00 06 12 11 00 61 7E 7E 80 01 00 05 86 81 20 10 00 08 58 24 00 07 12 11 00 C3 7E 7E 80 01 00 05 86 81 20 10 00 08 B3 F4 00 08 12 11 00 F7 7E 7E 80 01 00 05 86 81 20 10 00 08 BF E8 00 09 12 11 00 E6 7E 7E 80 01 00 05 86 81 20 10 00 08 70 67 00 0A 12 11 00 A5 7E 7E 80 01 00 05 86 81 20 10 00 08 2F 27 00 0B 12 11 00 BB 7E 7E 80 01 00 05 86 81 20 10 00 08 13 CA 00 0C 12 11 00 6D 7E 7E 80 01 00 05 86 81 20 10 00 08 02 7F 00 0D 12 11 00 C8 7E 7E 80 01 00 05 86 81 20 10 00 08 89 1D 00 0E 12 11 00 22 7E 7E 80 01 00 05 86 81 20 10 00 08 89 94 00 0F 12 11 00 AA 7E 7E 80 01 00 05 86 81 20 10 00 08 45 F3 00 10 12 11 00 1E 7E 7E 80 01 00 05 86 81 20 10 00 08 7C 4C 00 11 12 11 00 99 7E 7E 80 01 00 05 86 81 20 10 00 08 4C B3 00 12 12 11 00 55 7E 7E 80 01 00 05 86 81 20 10 00 08 89 05 00 13 12 11 00 27 7E 7E 80 01 00 05 86 81 20 10 00 08 9E 02 00 14 12 11 00 30 7E 7E 80 01 00 05 86 81 20 10 00 08 AA 0E 00 15 12 11 00 09 7E 7E 80 01 00 05 86 81 20 10 00 08 FC 39 00 16 12 11 00 6B 7E 7E 80 01 00 05 86 81 20 10 00 08 12 27 00 17 12 11 00 9A 7E 7E 80 01 00 05 86 81 20 10 00 08 19 1C 00 18 12 11 00 A5 7E 7E 80 01 00 05 86 81 20 10 00 08 AF 8A 00 19 12 11 00 84 7E 7E 80 01 00 05 86 81 20 10 00 08 C9 31 00 1A 12 11 00 5A 7E 7E 80 01 00 05 86 81 20 10 00 08 5E EB 00 1B 12 11 00 16 7E 7E 80 01 00 05 86 81 20 10 00 08 B1 46 00 1C 12 11 00 53 7E 7E 80 01 00 05 86 81 20 10 00 08 4C B9 00 1D 12 11 00 50 7E 7E 80 01 00 05 86 81 20 10 00 08 B4 0A 00 1E 12 11 00 18 7E 7E 80 01 00 05 86 81 20 10 00 08 96 86 00 1F 12 11 00 B7 7E 7E 80 01 00 05 86 81 20 10 00 08 4F CC 00 20 12 11 00 1B 7E 7E 80 01 00 05 86 81 20 10 00 08 46 33 00 21 12 11 00 EC 7E 7E 80 01 00 05 86 81 20 10 00 08 93 63 00 22 12 11 00 6A 7E 7E 80 01 00 05 86 81 20 10 00 08 25 08 00 23 12 11 00 B6 7E 7E 80 01 00 05 86 81 20 10 00 08 AA BC 00 24 12 11 00 8A 7E"}
{"ts":"2026-04-05T23:41:38.055Z","level":"INFO","device":"868120100009","event":"MEDIA_RX","detail":"7E 80 01 00 05 86 81 20 10 00 09 5D F5 00 03 12 10 00 13 7E"}
{"ts":"2026-04-05T23:41:38.069Z","level":"INFO","device":"868120100006","event":"BATCH_COMPLETE","detail":"All 2 files sent"}
{"ts":"2026-04-05T23:41:38.069Z","level":"INFO","device":"868120100002","event":"FILE_START","detail":"[2/2] 02_64_6401_03_86812010000200260405233656070200.mp4 (65536 bytes)"}
{"ts":"2026-04-05T23:41:38.069Z","level":"INFO","device":"868120100002","event":"SENT_1210","detail":"02_64_6401_03_86812010000200260405233656070200.mp4"}
{"ts":"2026-04-05T23:41:38.150Z","level":"INFO","device":"868120100005","event":"BATCH_COMPLETE","detail":"All 2 files sent"}
{"ts":"2026-04-05T23:41:38.156Z","level":"INFO","device":"868120100003","event":"SENT_1212","detail":"02_64_6401_03_86812010000300260405233656070200.mp4"}
{"ts":"2026-04-05T23:41:38.173Z","level":"INFO","device":"868120100008","event":"BATCH_COMPLETE","detail":"All 2 files sent"}
{"ts":"2026-04-05T23:41:38.174Z","level":"INFO","device":"868120100004","event":"MEDIA_RX","detail":"7E 80 01 00 05 86 81 20 10 00 04 F0 FF 00 03 12 10 00 B9 7E"}
{"ts":"2026-04-05T23:41:38.195Z","level":"INFO","device":"100000000010","event":"FILE_START","detail":"[2/2] 02_64_6401_03_10000000001000260405233657070200.mp4 (65536 bytes)"}
{"ts":"2026-04-05T23:41:38.195Z","level":"INFO","device":"100000000010","event":"SENT_1210","detail":"02_64_6401_03_10000000001000260405233657070200.mp4"}
{"ts":"2026-04-05T23:41:38.195Z","level":"INFO","device":"868120100007","event":"FILE_START","detail":"[2/2] 02_64_6401_03_86812010000700260405233657070200.mp4 (65536 bytes)"}
{"ts":"2026-04-05T23:41:38.195Z","level":"INFO","device":"868120100007","event":"SENT_1210","detail":"02_64_6401_03_86812010000700260405233657070200.mp4"}
{"ts":"2026-04-05T23:41:38.225Z","level":"INFO","device":"868120100009","event":"MEDIA_RX","detail":"7E 80 01 00 05 86 81 20 10 00 09 7B EB 00 04 12 11 00 2D 7E 7E 80 01 00 05 86 81 20 10 00 09 19 39 00 05 12 11 00 9C 7E 7E 80 01 00 05 86 81 20 10 00 09 ED 3E 00 06 12 11 00 6C 7E 7E 80 01 00 05 86 81 20 10 00 09 72 90 00 07 12 11 00 5C 7E 7E 80 01 00 05 86 81 20 10 00 09 CD 77 00 08 12 11 00 0B 7E 7E 80 01 00 05 86 81 20 10 00 09 43 74 00 09 12 11 00 87 7E 7E 80 01 00 05 86 81 20 10 00 09 46 E8 00 0A 12 11 00 1D 7E 7E 80 01 00 05 86 81 20 10 00 09 11 76 00 0B 12 11 00 D5 7E 7E 80 01 00 05 86 81 20 10 00 09 C4 00 00 0C 12 11 00 71 7E 7E 80 01 00 05 86 81 20 10 00 09 86 D4 00 0D 12 11 00 E6 7E 7E 80 01 00 05 86 81 20 10 00 09 F2 3D 00 0E 12 11 00 78 7E 7E 80 01 00 05 86 81 20 10 00 09 72 27 00 0F 12 11 00 E3 7E 7E 80 01 00 05 86 81 20 10 00 09 4A F3 00 10 12 11 00 10 7E 7E 80 01 00 05 86 81 20 10 00 09 83 A5 00 11 12 11 00 8E 7E 7E 80 01 00 05 86 81 20 10 00 09 68 59 00 12 12 11 00 9A 7E 7E 80 01 00 05 86 81 20 10 00 09 8D 49 00 13 12 11 00 6E 7E 7E 80 01 00 05 86 81 20 10 00 09 1D 28 00 14 12 11 00 98 7E 7E 80 01 00 05 86 81 20 10 00 09 54 69 00 15 12 11 00 91 7E 7E 80 01 00 05 86 81 20 10 00 09 5F 5A 00 16 12 11 00 AA 7E 7E 80 01 00 05 86 81 20 10 00 09 DE 57 00 17 12 11 00 27 7E 7E 80 01 00 05 86 81 20 10 00 09 34 51 00 18 12 11 00 C4 7E 7E 80 01 00 05 86 81 20 10 00 09 5A A5 00 19 12 11 00 5F 7E 7E 80 01 00 05 86 81 20 10 00 09 B6 61 00 1A 12 11 00 74 7E 7E 80 01 00 05 86 81 20 10 00 09 CC 05 00 1B 12 11 00 6B 7E 7E 80 01 00 05 86 81 20 10 00 09 52 BF 00 1C 12 11 00 48 7E 7E 80 01 00 05 86 81 20 10 00 09 E7 40 00 1D 12 11 00 03 7E 7E 80 01 00 05 86 81 20 10 00 09 3F 4D 00 1E 12 11 00 D5 7E 7E 80 01 00 05 86 81 20 10 00 09 76 FA 00 1F 12 11 00 2A 7E 7E 80 01 00 05 86 81 20 10 00 09 1B A6 00 20 12 11 00 24 7E 7E 80 01 00 05 86 81 20 10 00 09 FC 7D 02 00 21 12 11 00 1A 7E 7E 80 01 00 05 86 81 20 10 00 09 05 B9 00 22 12 11 00 27 7E 7E 80 01 00 05 86 81 20 10 00 09 E9 23 00 23 12 11 00 50 7E 7E 80 01 00 05 86 81 20 10 00 09 25 29 00 24 12 11 00 91 7E 7E 80 01 00 05 86 81 20 10 00 09 87 1D 00 25 12 11 00 06 7E 7E 80 01 00 05 86 81 20 10 00 09 08 D8 00 26 12 11 00 4F 7E 7E 80 01 00 05 86 81 20 10 00 09 85 01 00 27 12 11 00 1A 7E 7E 80 01 00 05 86 81 20 10 00 09 54 A5 00 28 12 11 00 60 7E 7E 80 01 00 05 86 81 20 10 00 09 73 D2 00 29 12 11 00 31 7E 7E 80 01 00 05 86 81 20 10 00 09 1D E3 00 2A 12 11 00 6D 7E 7E 80 01 00 05 86 81 20 10 00 09 5E 30 00 2B 12 11 00 FC 7E 7E 80 01 00 05 86 81 20 10 00 09 83 28 00 2C 12 11 00 3E 7E 7E 80 01 00 05 86 81 20 10 00 09 6D 8B 00 2D 12 11 00 72 7E 7E 80 01 00 05 86 81 20 10 00 09 37 35 00 2E 12 11 00 95 7E 7E 80 01 00 05 86 81 20 10 00 09 EE 56 00 2F 12 11 00 2E 7E 7E 80 01 00 05 86 81 20 10 00 09 3D AB 00 30 12 11 00 1F 7E 7E 80 01 00 05 86 81 20 10 00 09 24 6E 00 31 12 11 00 C2 7E 7E 80 01 00 05 86 81 20 10 00 09 68 C2 00 32 12 11 00 21 7E 7E 80 01 00 05 86 81 20 10 00 09 4D 38 00 33 12 11 00 FF 7E 7E 80 01 00 05 86 81 20 10 00 09 D4 B3 00 34 12 11 00 EA 7E 7E 80 01 00 05 86 81 20 10 00 09 57 57 00 35 12 11 00 8C 7E 7E 80 01 00 05 86 81 20 10 00 09 1D DB 00 36 12 11 00 49 7E 7E 80 01 00 05 86 81 20 10 00 09 0E 0F 00 37 12 11 00 8F 7E 7E 80 01 00 05 86 81 20 10 00 09 2A 9A 00 38 12 11 00 31 7E 7E 80 01 00 05 86 81 20 10 00 09 6F 8F 00 39 12 11 00 60 7E 7E 80 01 00 05 86 81 20 10 00 09 D6 F3 00 3A 12 11 00 A6 7E 7E 80 01 00 05 86 81 20 10 00 09 61 44 00 3B 12 11 00 A7 7E 7E 80 01 00 05 86 81 20 10 00 09 1E A7 00 3C 12 11 00 3C 7E 7E 80 01 00 05 86 81 20 10 00 09 C3 DF 00 3D 12 11 00 98 7E 7E 80 01 00 05 86 81 20 10 00 09 8F BD 00 3E 12 11 00 B5 7E 7E 80 01 00 05 86 81 20 10 00 09 34 78 00 3F 12 11 00 CA 7E 7E 80 01 00 05 86 81 20 10 00 09 C1 E5 00 40 12 11 00 DD 7E 7E 80 01 00 05 86 81 20 10 00 09 9C 39 00 41 12 11 00 5D 7E 7E 80 01 00 05 86 81 20 10 00 09 D0 F2 00 42 12 11 00 D9 7E 7E 80 01 00 05 86 81 20 10 00 09 46 27 00 43 12 11 00 9B 7E 7E 80 01 00 05 86 81 20 10 00 09 B8 F3 00 44 12 11 00 B6 7E 7E 80 01 00 05 86 81 20 10 00 09 6B 77 00 45 12 11 00 E0 7E 7E 80 01 00 05 86 81 20 10 00 09 59 E7 00 46 12 11 00 41 7E 7E 80 01 00 05 86 81 20 10 00 09 E3 B0 00 47 12 11 00 AD 7E 7E 80 01 00 05 86 81 20 10 00 09 04 B5 00 48 12 11 00 40 7E 7E 80 01 00 05 86 81 20 10 00 09 A6 00 00 49 12 11 00 56 7E 7E 80 01 00 05 86 81 20 10 00 09 41 6B 00 4A 12 11 00 D9 7E 7E 80 01 00 05 86 81 20 10 00 09 4C 0A 00 4B 12 11 00 B4"}
{"ts":"2026-04-05T23:41:38.234Z","level":"INFO","device":"291078985963","event":"SENT_1212","detail":"02_64_6401_03_29107898596300260405233656070200.mp4"}
{"ts":"2026-04-05T23:41:38.247Z","level":"INFO","device":"868120100002","event":"MEDIA_RX","detail":"7E 92 12 00 36 86 81 20 10 00 02 1D DE 32 30 30 5F 36 34 5F 36 34 30 31 5F 30 30 5F 38 36 38 31 32 30 31 30 30 30 30 32 30 30 32 36 30 34 30 35 32 33 33 36 35 36 30 37 30 32 30 30 2E 6A 70 67 00 00 00 21 7E"}
{"ts":"2026-04-05T23:41:38.257Z","level":"INFO","device":"868120100009","event":"BATCH_COMPLETE","detail":"All 2 files sent"}
{"ts":"2026-04-05T23:41:38.271Z","level":"INFO","device":"868120100003","event":"MEDIA_RX","detail":"7E 80 01 00 05 86 81 20 10 00 03 09 85 00 03 12 10 00 3D 7E 7E 80 01 00 05 86 81 20 10 00 03 A2 6F 00 04 12 11 00 7A 7E 7E 80 01 00 05 86 81 20 10 00 03 33 A1 00 05 12 11 00 24 7E 7E 80 01 00 05 86 81 20 10 00 03 9A 26 00 06 12 11 00 09 7E 7E 80 01 00 05 86 81 20 10 00 03 2C 8A 00 07 12 11 00 12 7E 7E 80 01 00 05 86 81 20 10 00 03 F4 B4 00 08 12 11 00 FB 7E 7E 80 01 00 05 86 81 20 10 00 03 5E 8D 00 09 12 11 00 69 7E 7E 80 01 00 05 86 81 20 10 00 03 38 85 00 0A 12 11 00 04 7E 7E 80 01 00 05 86 81 20 10 00 03 27 03 00 0B 12 11 00 9C 7E 7E 80 01 00 05 86 81 20 10 00 03 0F 01 00 0C 12 11 00 B1 7E 7E 80 01 00 05 86 81 20 10 00 03 0B DA 00 0D 12 11 00 6F 7E 7E 80 01 00 05 86 81 20 10 00 03 AA 10 00 0E 12 11 00 07 7E 7E 80 01 00 05 86 81 20 10 00 03 8D FA 00 0F 12 11 00 CB 7E 7E 80 01 00 05 86 81 20 10 00 03 F0 4F 00 10 12 11 00 1C 7E 7E 80 01 00 05 86 81 20 10 00 03 2D FC 00 11 12 11 00 73 7E 7E 80 01 00 05 86 81 20 10 00 03 47 F9 00 12 12 11 00 1F 7E 7E 80 01 00 05 86 81 20 10 00 03 16 CA 00 13 12 11 00 7C 7E 7E 80 01 00 05 86 81 20 10 00 03 79 95 00 14 12 11 00 4B 7E 7E 80 01 00 05 86 81 20 10 00 03 3A 08 00 15 12 11 00 94 7E 7E 80 01 00 05 86 81 20 10 00 03 57 87 00 16 12 11 00 75 7E 7E 80 01 00 05 86 81 20 10 00 03 10 CE 00 17 12 11 00 7A 7E 7E 80 01 00 05 86 81 20 10 00 03 32 68 00 18 12 11 00 F1 7E 7E 80 01 00 05 86 81 20 10 00 03 D5 94 00 19 12 11 00 EB 7E 7E 80 01 00 05 86 81 20 10 00 03 89 BC 00 1A 12 11 00 9C 7E 7E 80 01 00 05 86 81 20 10 00 03 C1 88 00 1B 12 11 00 E1 7E 7E 80 01 00 05 86 81 20 10 00 03 25 A4 00 1C 12 11 00 2E 7E 7E 80 01 00 05 86 81 20 10 00 03 60 94 00 1D 12 11 00 5A 7E 7E 80 01 00 05 86 81 20 10 00 03 1A 38 00 1E 12 11 00 8F 7E 7E 80 01 00 05 86 81 20 10 00 03 F0 6F 00 1F 12 11 00 33 7E 7E 80 01 00 05 86 81 20 10 00 03 9D C2 00 20 12 11 00 CC 7E 7E 80 01 00 05 86 81 20 10 00 03 0E 5E 00 21 12 11 00 C2 7E 7E 80 01 00 05 86 81 20 10 00 03 AD 66 00 22 12 11 00 5A 7E 7E 80 01 00 05 86 81 20 10 00 03 E1 DA 00 23 12 11 00 AB 7E 7E 80 01 00 05 86 81 20 10 00 03 15 F4 00 24 12 11 00 76 7E"}
{"ts":"2026-04-05T23:41:38.272Z","level":"INFO","device":"868120100004","event":"MEDIA_RX","detail":"7E 80 01 00 05 86 81 20 10 00 04 47 D4 00 04 12 11 00 23 7E 7E 80 01 00 05 86 81 20 10 00 04 1B DF 00 05 12 11 00 75 7E 7E 80 01 00 05 86 81 20 10 00 04 ED B8 00 06 12 11 00 E7 7E 7E 80 01 00 05 86 81 20 10 00 04 28 30 00 07 12 11 00 AB 7E 7E 80 01 00 05 86 81 20 10 00 04 2D DB 00 08 12 11 00 4A 7E 7E 80 01 00 05 86 81 20 10 00 04 EF 62 00 09 12 11 00 30 7E 7E 80 01 00 05 86 81 20 10 00 04 4B 2C 00 0A 12 11 00 D9 7E 7E 80 01 00 05 86 81 20 10 00 04 95 4D 00 0B 12 11 00 67 7E 7E 80 01 00 05 86 81 20 10 00 04 46 D7 00 0C 12 11 00 29 7E 7E 80 01 00 05 86 81 20 10 00 04 5C BC 00 0D 12 11 00 59 7E 7E 80 01 00 05 86 81 20 10 00 04 A1 53 00 0E 12 11 00 48 7E 7E 80 01 00 05 86 81 20 10 00 04 45 A2 00 0F 12 11 00 5C 7E 7E 80 01 00 05 86 81 20 10 00 04 5D 10 00 10 12 11 00 E9 7E 7E 80 01 00 05 86 81 20 10 00 04 18 D4 00 11 12 11 00 69 7E 7E 80 01 00 05 86 81 20 10 00 04 27 84 00 12 12 11 00 05 7E 7E 80 01 00 05 86 81 20 10 00 04 20 CF 00 13 12 11 00 48 7E 7E 80 01 00 05 86 81 20 10 00 04 EC 9F 00 14 12 11 00 D3 7E 7E 80 01 00 05 86 81 20 10 00 04 83 26 00 15 12 11 00 04 7E 7E 80 01 00 05 86 81 20 10 00 04 B1 16 00 16 12 11 00 05 7E 7E 80 01 00 05 86 81 20 10 00 04 3A 1B 00 17 12 11 00 82 7E 7E 80 01 00 05 86 81 20 10 00 04 80 7D 01 00 18 12 11 00 51 7E 7E 80 01 00 05 86 81 20 10 00 04 CC 29 00 19 12 11 00 48 7E 7E 80 01 00 05 86 81 20 10 00 04 7B A4 00 1A 12 11 00 71 7E 7E 80 01 00 05 86 81 20 10 00 04 8F 82 00 1B 12 11 00 A2 7E 7E 80 01 00 05 86 81 20 10 00 04 2A 8F 00 1C 12 11 00 0D 7E 7E 80 01 00 05 86 81 20 10 00 04 21 B5 00 1D 12 11 00 3D 7E 7E 80 01 00 05 86 81 20 10 00 04 8C 1B 00 1E 12 11 00 3D 7E 7E 80 01 00 05 86 81 20 10 00 04 1D FE 00 1F 12 11 00 48 7E 7E 80 01 00 05 86 81 20 10 00 04 51 A1 00 20 12 11 00 64 7E 7E 80 01 00 05 86 81 20 10 00 04 83 7D 02 00 21 12 11 00 68 7E 7E 80 01 00 05 86 81 20 10 00 04 68 47 00 22 12 11 00 B9 7E 7E 80 01 00 05 86 81 20 10 00 04 89 6C 00 23 12 11 00 72 7E 7E 80 01 00 05 86 81 20 10 00 04 B9 9C 00 24 12 11 00 B5 7E 7E 80 01 00 05 86 81 20 10 00 04 ED 66 00 25 12 11 00 1A 7E 7E 80 01 00 05 86 81 20 10 00 04 0D 6E 00 26 12 11 00 F1 7E 7E 80 01 00 05 86 81 20 10 00 04 A1 7D 01 00 27 12 11 00 4F 7E 7E 80 01 00 05 86 81 20 10 00 04 FA F8 00 28 12 11 00 9E 7E 7E 80 01 00 05 86 81 20 10 00 04 07 23 00 29 12 11 00 B9 7E 7E 80 01 00 05 86 81 20 10 00 04 2F 3B 00 2A 12 11 00 8A 7E 7E 80 01 00 05 86 81 20 10 00 04 C1 0C 00 2B 12 11 00 52 7E 7E 80 01 00 05 86 81 20 10 00 04 CA F2 00 2C 12 11 00 A0 7E 7E 80 01 00 05 86 81 20 10 00 04 77 57 00 2D 12 11 00 B9 7E 7E 80 01 00 05 86 81 20 10 00 04 9B 8D 00 2E 12 11 00 8C 7E 7E 80 01 00 05 86 81 20 10 00 04 FC 7F 00 2F 12 11 00 18 7E 7E 80 01 00 05 86 81 20 10 00 04 E7 93 00 30 12 11 00 F0 7E 7E 80 01 00 05 86 81 20 10 00 04 C4 C9 00 31 12 11 00 88 7E 7E 80 01 00 05 86 81 20 10 00 04 AB 4F 00 32 12 11 00 62 7E 7E 80 01 00 05 86 81 20 10 00 04 8D 30 00 33 12 11 00 3A 7E 7E 80 01 00 05 86 81 20 10 00 04 92 8C 00 34 12 11 00 9E 7E 7E 80 01 00 05 86 81 20 10 00 04 FD 50 00 35 12 11 00 2C 7E 7E 80 01 00 05 86 81 20 10 00 04 FF F5 00 36 12 11 00 88 7E 7E 80 01 00 05 86 81 20 10 00 04 D7 1B 00 37 12 11 00 4F 7E 7E 80 01 00 05 86 81 20 10 00 04 F5 57 00 38 12 11 00 2E 7E 7E 80 01 00 05 86 81 20 10 00 04 5E 84 00 39 12 11 00 57 7E 7E 80 01 00 05 86 81 20 10 00 04 E4 AF 00 3A 12 11 00 C5 7E 7E 80 01 00 05 86 81 20 10 00 04 82 CE 00 3B 12 11 00 C3 7E 7E 80 01 00 05 86 81 20 10 00 04 EB E5 00 3C 12 11 00 86 7E 7E 80 01 00 05 86 81 20 10 00 04 01 4F 00 3D 12 11 00 C7 7E 7E 80 01 00 05 86 81 20 10 00 04 0C 33 00 3E 12 11 00 B5 7E 7E 80 01 00 05 86 81 20 10 00 04 5F 22 00 3F 12 11 00 F6 7E 7E 80 01 00 05 86 81 20 10 00 04 FF 01 00 40 12 11 00 0A 7E 7E 80 01 00 05 86 81 20 10 00 04 47 06 00 41 12 11 00 B4 7E 7E 80 01 00 05 86 81 20 10 00 04 B4 68 00 42 12 11 00 2A 7E 7E 80 01 00 05 86 81 20 10 00 04 86 65 00 43 12 11 00 14 7E 7E 80 01 00 05 86 81 20 10 00 04 F5 F9 00 44 12 11 00 FC 7E 7E 80 01 00 05 86 81 20 10 00 04 C9 06 00 45 12 11 00 3E 7E 7E 80 01 00 05 86 81 20 10 00 04 C3 55 00 46 12 11 00 64 7E 7E 80 01 00 05 86 81 20 10 00 04 5A 35 00 47 12 11 00 9C 7E 7E 80 01 00 05 86 81 20 10 00 04 C9 62 00 48 12 11 00 57 7E 7E 80 01 00 05 86 81 20 10 00 04 42 9A 00 49 12 11 00 25 7E 7E 80 01 00 05 86 81 20 10 00 04 26 7C 00 4A 12 11 00 A4 7E 7E 80 01 00 05 86 81 20 10 00 04 17 AA 00 4B 12 11"}
{"ts":"2026-04-05T23:41:38.299Z","level":"INFO","device":"868120100007","event":"MEDIA_RX","detail":"7E 92 12 00 36 86 81 20 10 00 07 6E EF 32 30 30 5F 36 34 5F 36 34 30 31 5F 30 30 5F 38 36 38 31 32 30 31 30 30 30 30 37 30 30 32 36 30 34 30 35 32 33 33 36 35 37 30 37 30 32 30 30 2E 6A 70 67 00 00 00 62 7E"}
{"ts":"2026-04-05T23:41:38.329Z","level":"INFO","device":"868120100004","event":"BATCH_COMPLETE","detail":"All 2 files sent"}
{"ts":"2026-04-05T23:41:38.331Z","level":"INFO","device":"291078985963","event":"MEDIA_RX","detail":"7E 80 01 00 05 29 10 78 98 59 63 64 C1 00 03 12 10 00 C3 7E 7E 80 01 00 05 29 10 78 98 59 63 26 71 00 04 12 11 00 37 7E 7E 80 01 00 05 29 10 78 98 59 63 54 8A 00 05 12 11 00 BF 7E 7E 80 01 00 05 29 10 78 98 59 63 E7 08 00 06 12 11 00 8D 7E 7E 80 01 00 05 29 10 78 98 59 63 A2 5A 00 07 12 11 00 9B 7E 7E 80 01 00 05 29 10 78 98 59 63 B4 F7 00 08 12 11 00 2F 7E 7E 80 01 00 05 29 10 78 98 59 63 51 8D 00 09 12 11 00 B1 7E 7E 80 01 00 05 29 10 78 98 59 63 C4 1D 00 0A 12 11 00 B7 7E 7E 80 01 00 05 29 10 78 98 59 63 8A E0 00 0B 12 11 00 05 7E 7E 80 01 00 05 29 10 78 98 59 63 29 23 00 0C 12 11 00 62 7E 7E 80 01 00 05 29 10 78 98 59 63 2B 21 00 0D 12 11 00 63 7E 7E 80 01 00 05 29 10 78 98 59 63 D0 F7 00 0E 12 11 00 4D 7E 7E 80 01 00 05 29 10 78 98 59 63 2B 72 00 0F 12 11 00 32 7E 7E 80 01 00 05 29 10 78 98 59 63 7D 02 77 00 10 12 11 00 7D 01 7E 7E 80 01 00 05 29 10 78 98 59 63 B2 74 00 11 12 11 00 B3 7E 7E 80 01 00 05 29 10 78 98 59 63 6B 9D 00 12 12 11 00 80 7E 7E 80 01 00 05 29 10 78 98 59 63 4B 10 00 13 12 11 00 2C 7E 7E 80 01 00 05 29 10 78 98 59 63 D6 41 00 14 12 11 00 E7 7E 7E 80 01 00 05 29 10 78 98 59 63 74 5E 00 15 12 11 00 5B 7E 7E 80 01 00 05 29 10 78 98 59 63 82 B0 00 16 12 11 00 40 7E 7E 80 01 00 05 29 10 78 98 59 63 FA A1 00 17 12 11 00 28 7E 7E 80 01 00 05 29 10 78 98 59 63 46 2D 00 18 12 11 00 17 7E 7E 80 01 00 05 29 10 78 98 59 63 34 F1 00 19 12 11 00 B8 7E 7E 80 01 00 05 29 10 78 98 59 63 8A 69 00 1A 12 11 00 9D 7E 7E 80 01 00 05 29 10 78 98 59 63 FC B3 00 1B 12 11 00 30 7E 7E 80 01 00 05 29 10 78 98 59 63 10 DB 00 1C 12 11 00 B3 7E 7E 80 01 00 05 29 10 78 98 59 63 D2 BE 00 1D 12 11 00 15 7E 7E 80 01 00 05 29 10 78 98 59 63 88 AB 00 1E 12 11 00 59 7E 7E 80 01 00 05 29 10 78 98 59 63 F4 F8 00 1F 12 11 00 77 7E 7E 80 01 00 05 29 10 78 98 59 63 0B A7 00 20 12 11 00 E8 7E 7E 80 01 00 05 29 10 78 98 59 63 F6 25 00 21 12 11 00 96 7E 7E 80 01 00 05 29 10 78 98 59 63 4C 75 00 22 12 11 00 7F 7E 7E 80 01 00 05 29 10 78 98 59 63 47 9D 00 23 12 11 00 9D 7E 7E 80 01 00 05 29 10 78 98 59 63 F8 D2 00 24 12 11 00 6A 7E"}
{"ts":"2026-04-05T23:41:38.338Z","level":"INFO","device":"100000000010","event":"MEDIA_RX","detail":"7E 92 12 00 36 10 00 00 00 00 10 8C FC 32 30 30 5F 36 34 5F 36 34 30 31 5F 30 30 5F 31 30 30 30 30 30 30 30 30 30 31 30 30 30 32 36 30 34 30 35 32 33 33 36 35 37 30 37 30 32 30 30 2E 6A 70 67 00 00 00 A0 7E"}
{"ts":"2026-04-05T23:41:38.373Z","level":"INFO","device":"868120100002","event":"SENT_1212","detail":"02_64_6401_03_86812010000200260405233656070200.mp4"}
{"ts":"2026-04-05T23:41:38.451Z","level":"ERROR","device":"868120100006","event":"MEDIA_ERROR","detail":"54.37.225.65:3378 — read ECONNRESET"}
{"ts":"2026-04-05T23:41:38.451Z","level":"INFO","device":"868120100006","event":"MEDIA_CLOSED","detail":""}
{"ts":"2026-04-05T23:41:38.457Z","level":"INFO","device":"868120100003","event":"BATCH_COMPLETE","detail":"All 2 files sent"}
{"ts":"2026-04-05T23:41:38.498Z","level":"INFO","device":"100000000010","event":"SENT_1212","detail":"02_64_6401_03_10000000001000260405233657070200.mp4"}
{"ts":"2026-04-05T23:41:38.500Z","level":"INFO","device":"868120100007","event":"SENT_1212","detail":"02_64_6401_03_86812010000700260405233657070200.mp4"}
{"ts":"2026-04-05T23:41:38.533Z","level":"INFO","device":"291078985963","event":"BATCH_COMPLETE","detail":"All 2 files sent"}
{"ts":"2026-04-05T23:41:38.673Z","level":"INFO","device":"868120100002","event":"BATCH_COMPLETE","detail":"All 2 files sent"}
{"ts":"2026-04-05T23:41:38.798Z","level":"INFO","device":"100000000010","event":"BATCH_COMPLETE","detail":"All 2 files sent"}
{"ts":"2026-04-05T23:41:38.800Z","level":"INFO","device":"868120100007","event":"BATCH_COMPLETE","detail":"All 2 files sent"}
{"ts":"2026-04-05T23:41:38.999Z","level":"ERROR","device":"291078985963","event":"MEDIA_ERROR","detail":"54.37.225.65:3378 — read ECONNRESET"}
{"ts":"2026-04-05T23:41:39.000Z","level":"INFO","device":"291078985963","event":"MEDIA_CLOSED","detail":""}
{"ts":"2026-04-05T23:41:39.066Z","level":"INFO","device":"868120100002","event":"MEDIA_CLOSED","detail":""}
{"ts":"2026-04-05T23:41:39.088Z","level":"INFO","device":"868120100007","event":"MEDIA_CLOSED","detail":""}
{"ts":"2026-04-05T23:41:39.115Z","level":"INFO","device":"100000000010","event":"MEDIA_CLOSED","detail":""}
{"ts":"2026-04-05T23:41:40.817Z","level":"ERROR","device":"300000000003","event":"SOCKET_ERROR","detail":"ECONNREFUSED"}
{"ts":"2026-04-05T23:41:41.358Z","level":"INFO","device":"868120100006","event":"INCIDENT_SENT","detail":"mediaId=3 alarmId=86812010000600260405234141030200"}
{"ts":"2026-04-05T23:41:41.361Z","level":"INFO","device":"868120100006","event":"GPS_SENT","detail":""}
{"ts":"2026-04-05T23:41:41.494Z","level":"INFO","device":"868120100005","event":"INCIDENT_SENT","detail":"mediaId=3 alarmId=86812010000500260405234141030200"}
{"ts":"2026-04-05T23:41:41.494Z","level":"INFO","device":"868120100005","event":"GPS_SENT","detail":""}
{"ts":"2026-04-05T23:41:41.536Z","level":"INFO","device":"868120100008","event":"INCIDENT_SENT","detail":"mediaId=3 alarmId=86812010000800260405234141030200"}
{"ts":"2026-04-05T23:41:41.537Z","level":"INFO","device":"868120100008","event":"GPS_SENT","detail":""}
{"ts":"2026-04-05T23:41:41.570Z","level":"INFO","device":"868120100006","event":"RX_MSG","detail":"0x8001 bodyLen=5"}
{"ts":"2026-04-05T23:41:41.570Z","level":"INFO","device":"868120100006","event":"SERVER_ACK","detail":"0x0200 result=OK"}
{"ts":"2026-04-05T23:41:41.619Z","level":"INFO","device":"868120100009","event":"INCIDENT_SENT","detail":"mediaId=3 alarmId=86812010000900260405234141030200"}
{"ts":"2026-04-05T23:41:41.619Z","level":"INFO","device":"868120100009","event":"GPS_SENT","detail":""}
{"ts":"2026-04-05T23:41:41.690Z","level":"INFO","device":"868120100004","event":"INCIDENT_SENT","detail":"mediaId=3 alarmId=86812010000400260405234141030200"}
{"ts":"2026-04-05T23:41:41.690Z","level":"INFO","device":"868120100004","event":"GPS_SENT","detail":""}
{"ts":"2026-04-05T23:41:41.704Z","level":"INFO","device":"868120100005","event":"RX_MSG","detail":"0x8001 bodyLen=5"}
{"ts":"2026-04-05T23:41:41.704Z","level":"INFO","device":"868120100005","event":"SERVER_ACK","detail":"0x0200 result=OK"}
{"ts":"2026-04-05T23:41:41.754Z","level":"INFO","device":"868120100008","event":"RX_MSG","detail":"0x8001 bodyLen=5"}
{"ts":"2026-04-05T23:41:41.754Z","level":"INFO","device":"868120100008","event":"SERVER_ACK","detail":"0x0200 result=OK"}
{"ts":"2026-04-05T23:41:41.818Z","level":"INFO","device":"868120100003","event":"INCIDENT_SENT","detail":"mediaId=3 alarmId=86812010000300260405234141030200"}
{"ts":"2026-04-05T23:41:41.819Z","level":"INFO","device":"868120100003","event":"GPS_SENT","detail":""}
{"ts":"2026-04-05T23:41:41.823Z","level":"INFO","device":"868120100009","event":"RX_MSG","detail":"0x8001 bodyLen=5"}
{"ts":"2026-04-05T23:41:41.823Z","level":"INFO","device":"868120100009","event":"SERVER_ACK","detail":"0x0200 result=OK"}
{"ts":"2026-04-05T23:41:41.900Z","level":"INFO","device":"868120100004","event":"RX_MSG","detail":"0x8001 bodyLen=5"}
{"ts":"2026-04-05T23:41:41.900Z","level":"INFO","device":"868120100004","event":"SERVER_ACK","detail":"0x0200 result=OK"}
{"ts":"2026-04-05T23:41:41.902Z","level":"INFO","device":"291078985963","event":"INCIDENT_SENT","detail":"mediaId=3 alarmId=29107898596300260405234141030200"}
{"ts":"2026-04-05T23:41:41.909Z","level":"INFO","device":"291078985963","event":"GPS_SENT","detail":""}
{"ts":"2026-04-05T23:41:41.916Z","level":"INFO","device":"868120100006","event":"RX_MSG","detail":"0x8001 bodyLen=5"}
{"ts":"2026-04-05T23:41:41.916Z","level":"INFO","device":"868120100006","event":"SERVER_ACK","detail":"0x0800 result=OK"}
{"ts":"2026-04-05T23:41:41.916Z","level":"INFO","device":"868120100006","event":"RX_MSG","detail":"0x8001 bodyLen=5"}
{"ts":"2026-04-05T23:41:41.916Z","level":"INFO","device":"868120100006","event":"SERVER_ACK","detail":"0x0200 result=OK"}
{"ts":"2026-04-05T23:41:42.030Z","level":"INFO","device":"868120100003","event":"RX_MSG","detail":"0x8001 bodyLen=5"}
{"ts":"2026-04-05T23:41:42.030Z","level":"INFO","device":"868120100003","event":"SERVER_ACK","detail":"0x0200 result=OK"}
{"ts":"2026-04-05T23:41:42.039Z","level":"INFO","device":"868120100005","event":"RX_MSG","detail":"0x8001 bodyLen=5"}
{"ts":"2026-04-05T23:41:42.039Z","level":"INFO","device":"868120100005","event":"SERVER_ACK","detail":"0x0800 result=OK"}
{"ts":"2026-04-05T23:41:42.039Z","level":"INFO","device":"868120100005","event":"RX_MSG","detail":"0x8001 bodyLen=5"}
{"ts":"2026-04-05T23:41:42.039Z","level":"INFO","device":"868120100005","event":"SERVER_ACK","detail":"0x0200 result=OK"}
{"ts":"2026-04-05T23:41:42.041Z","level":"INFO","device":"868120100002","event":"INCIDENT_SENT","detail":"mediaId=3 alarmId=86812010000200260405234142030200"}
{"ts":"2026-04-05T23:41:42.045Z","level":"INFO","device":"868120100002","event":"GPS_SENT","detail":""}
{"ts":"2026-04-05T23:41:42.108Z","level":"INFO","device":"868120100008","event":"RX_MSG","detail":"0x8001 bodyLen=5"}
{"ts":"2026-04-05T23:41:42.111Z","level":"INFO","device":"868120100008","event":"SERVER_ACK","detail":"0x0800 result=OK"}
{"ts":"2026-04-05T23:41:42.111Z","level":"INFO","device":"868120100008","event":"RX_MSG","detail":"0x8001 bodyLen=5"}
{"ts":"2026-04-05T23:41:42.112Z","level":"INFO","device":"868120100008","event":"SERVER_ACK","detail":"0x0200 result=OK"}
{"ts":"2026-04-05T23:41:42.114Z","level":"INFO","device":"291078985963","event":"RX_MSG","detail":"0x8001 bodyLen=5"}
{"ts":"2026-04-05T23:41:42.114Z","level":"INFO","device":"291078985963","event":"SERVER_ACK","detail":"0x0200 result=OK"}
{"ts":"2026-04-05T23:41:42.155Z","level":"INFO","device":"868120100009","event":"RX_MSG","detail":"0x8001 bodyLen=5"}
{"ts":"2026-04-05T23:41:42.157Z","level":"INFO","device":"868120100009","event":"SERVER_ACK","detail":"0x0800 result=OK"}
{"ts":"2026-04-05T23:41:42.157Z","level":"INFO","device":"868120100009","event":"RX_MSG","detail":"0x8001 bodyLen=5"}
{"ts":"2026-04-05T23:41:42.157Z","level":"INFO","device":"868120100009","event":"SERVER_ACK","detail":"0x0200 result=OK"}
{"ts":"2026-04-05T23:41:42.171Z","level":"INFO","device":"100000000010","event":"INCIDENT_SENT","detail":"mediaId=3 alarmId=10000000001000260405234142030200"}
{"ts":"2026-04-05T23:41:42.172Z","level":"INFO","device":"100000000010","event":"GPS_SENT","detail":""}
{"ts":"2026-04-05T23:41:42.174Z","level":"INFO","device":"868120100007","event":"INCIDENT_SENT","detail":"mediaId=3 alarmId=86812010000700260405234142030200"}
{"ts":"2026-04-05T23:41:42.175Z","level":"INFO","device":"868120100007","event":"GPS_SENT","detail":""}
{"ts":"2026-04-05T23:41:42.227Z","level":"INFO","device":"868120100004","event":"RX_MSG","detail":"0x8001 bodyLen=5"}
{"ts":"2026-04-05T23:41:42.229Z","level":"INFO","device":"868120100004","event":"SERVER_ACK","detail":"0x0800 result=OK"}
{"ts":"2026-04-05T23:41:42.229Z","level":"INFO","device":"868120100004","event":"RX_MSG","detail":"0x8001 bodyLen=5"}
{"ts":"2026-04-05T23:41:42.229Z","level":"INFO","device":"868120100004","event":"SERVER_ACK","detail":"0x0200 result=OK"}
{"ts":"2026-04-05T23:41:42.242Z","level":"INFO","device":"868120100002","event":"RX_MSG","detail":"0x8001 bodyLen=5"}
{"ts":"2026-04-05T23:41:42.242Z","level":"INFO","device":"868120100002","event":"SERVER_ACK","detail":"0x0200 result=OK"}
{"ts":"2026-04-05T23:41:42.351Z","level":"INFO","device":"868120100003","event":"RX_MSG","detail":"0x8001 bodyLen=5"}
{"ts":"2026-04-05T23:41:42.351Z","level":"INFO","device":"868120100003","event":"SERVER_ACK","detail":"0x0800 result=OK"}
{"ts":"2026-04-05T23:41:42.351Z","level":"INFO","device":"868120100003","event":"RX_MSG","detail":"0x8001 bodyLen=5"}
{"ts":"2026-04-05T23:41:42.351Z","level":"INFO","device":"868120100003","event":"SERVER_ACK","detail":"0x0200 result=OK"}
{"ts":"2026-04-05T23:41:42.373Z","level":"INFO","device":"100000000010","event":"RX_MSG","detail":"0x8001 bodyLen=5"}
{"ts":"2026-04-05T23:41:42.374Z","level":"INFO","device":"100000000010","event":"SERVER_ACK","detail":"0x0200 result=OK"}
{"ts":"2026-04-05T23:41:42.379Z","level":"INFO","device":"868120100007","event":"RX_MSG","detail":"0x8001 bodyLen=5"}
{"ts":"2026-04-05T23:41:42.385Z","level":"INFO","device":"868120100007","event":"SERVER_ACK","detail":"0x0200 result=OK"}
{"ts":"2026-04-05T23:41:42.445Z","level":"INFO","device":"291078985963","event":"RX_MSG","detail":"0x8001 bodyLen=5"}
{"ts":"2026-04-05T23:41:42.446Z","level":"INFO","device":"291078985963","event":"SERVER_ACK","detail":"0x0800 result=OK"}
{"ts":"2026-04-05T23:41:42.446Z","level":"INFO","device":"291078985963","event":"RX_MSG","detail":"0x8001 bodyLen=5"}
{"ts":"2026-04-05T23:41:42.446Z","level":"INFO","device":"291078985963","event":"SERVER_ACK","detail":"0x0200 result=OK"}
{"ts":"2026-04-05T23:41:42.559Z","level":"INFO","device":"868120100002","event":"RX_MSG","detail":"0x8001 bodyLen=5"}
{"ts":"2026-04-05T23:41:42.560Z","level":"INFO","device":"868120100002","event":"SERVER_ACK","detail":"0x0800 result=OK"}
{"ts":"2026-04-05T23:41:42.560Z","level":"INFO","device":"868120100002","event":"RX_MSG","detail":"0x8001 bodyLen=5"}
{"ts":"2026-04-05T23:41:42.560Z","level":"INFO","device":"868120100002","event":"SERVER_ACK","detail":"0x0200 result=OK"}
{"ts":"2026-04-05T23:41:42.683Z","level":"INFO","device":"100000000010","event":"RX_MSG","detail":"0x8001 bodyLen=5"}
{"ts":"2026-04-05T23:41:42.684Z","level":"INFO","device":"100000000010","event":"SERVER_ACK","detail":"0x0800 result=OK"}
{"ts":"2026-04-05T23:41:42.684Z","level":"INFO","device":"100000000010","event":"RX_MSG","detail":"0x8001 bodyLen=5"}
{"ts":"2026-04-05T23:41:42.684Z","level":"INFO","device":"100000000010","event":"SERVER_ACK","detail":"0x0200 result=OK"}
{"ts":"2026-04-05T23:41:42.715Z","level":"INFO","device":"868120100007","event":"RX_MSG","detail":"0x8001 bodyLen=5"}
{"ts":"2026-04-05T23:41:42.716Z","level":"INFO","device":"868120100007","event":"SERVER_ACK","detail":"0x0800 result=OK"}
{"ts":"2026-04-05T23:41:42.716Z","level":"INFO","device":"868120100007","event":"RX_MSG","detail":"0x8001 bodyLen=5"}
{"ts":"2026-04-05T23:41:42.716Z","level":"INFO","device":"868120100007","event":"SERVER_ACK","detail":"0x0200 result=OK"}
{"ts":"2026-04-05T23:41:50.575Z","level":"INFO","device":"291078985963","event":"OBD2_SENT_0x0200","detail":"Lat: 51.732978, Lng: 0.487489 | Speed: 36km/h | RPM: 2257"}
{"ts":"2026-04-05T23:41:50.693Z","level":"INFO","device":"200000000002","event":"OBD2_SENT_0x0200","detail":"Lat: 51.733175, Lng: 0.486700 | Speed: 39km/h | RPM: 2369"}
{"ts":"2026-04-05T23:41:50.786Z","level":"INFO","device":"291078985963","event":"SERVER_ACK","detail":"0x8001 Universal Reply Received"}
{"ts":"2026-04-05T23:41:50.842Z","level":"INFO","device":"200000000003","event":"OBD2_SENT_0x0200","detail":"Lat: 51.732962, Lng: 0.487553 | Speed: 44km/h | RPM: 2558"}
{"ts":"2026-04-05T23:41:50.903Z","level":"INFO","device":"200000000002","event":"SERVER_ACK","detail":"0x8001 Universal Reply Received"}
{"ts":"2026-04-05T23:41:50.992Z","level":"INFO","device":"200000000004","event":"OBD2_SENT_0x0200","detail":"Lat: 51.733001, Lng: 0.487397 | Speed: 45km/h | RPM: 2599"}
{"ts":"2026-04-05T23:41:51.054Z","level":"INFO","device":"200000000003","event":"SERVER_ACK","detail":"0x8001 Universal Reply Received"}
{"ts":"2026-04-05T23:41:51.143Z","level":"INFO","device":"200000000005","event":"OBD2_SENT_0x0200","detail":"Lat: 51.735096, Lng: 0.482321 | Speed: 27km/h | RPM: 1888"}
{"ts":"2026-04-05T23:41:51.196Z","level":"INFO","device":"200000000004","event":"SERVER_ACK","detail":"0x8001 Universal Reply Received"}
{"ts":"2026-04-05T23:41:51.295Z","level":"INFO","device":"200000000006","event":"OBD2_SENT_0x0200","detail":"Lat: 51.733291, Lng: 0.486145 | Speed: 48km/h | RPM: 2731"}
{"ts":"2026-04-05T23:41:51.345Z","level":"INFO","device":"200000000005","event":"SERVER_ACK","detail":"0x8001 Universal Reply Received"}
{"ts":"2026-04-05T23:41:51.442Z","level":"INFO","device":"200000000007","event":"OBD2_SENT_0x0200","detail":"Lat: 51.735005, Lng: 0.482428 | Speed: 24km/h | RPM: 1749"}
{"ts":"2026-04-05T23:41:51.488Z","level":"INFO","device":"200000000006","event":"SERVER_ACK","detail":"0x8001 Universal Reply Received"}
{"ts":"2026-04-05T23:41:51.590Z","level":"INFO","device":"200000000008","event":"OBD2_SENT_0x0200","detail":"Lat: 51.734745, Lng: 0.482731 | Speed: 27km/h | RPM: 1876"}
{"ts":"2026-04-05T23:41:51.634Z","level":"INFO","device":"200000000007","event":"SERVER_ACK","detail":"0x8001 Universal Reply Received"}
{"ts":"2026-04-05T23:41:51.744Z","level":"INFO","device":"200000000009","event":"OBD2_SENT_0x0200","detail":"Lat: 51.733508, Lng: 0.485241 | Speed: 38km/h | RPM: 2306"}
{"ts":"2026-04-05T23:41:51.774Z","level":"INFO","device":"200000000008","event":"SERVER_ACK","detail":"0x8001 Universal Reply Received"}
{"ts":"2026-04-05T23:41:51.891Z","level":"INFO","device":"200000000010","event":"OBD2_SENT_0x0200","detail":"Lat: 51.733033, Lng: 0.487269 | Speed: 47km/h | RPM: 2699"}
{"ts":"2026-04-05T23:41:51.928Z","level":"INFO","device":"200000000009","event":"SERVER_ACK","detail":"0x8001 Universal Reply Received"}
{"ts":"2026-04-05T23:41:52.100Z","level":"INFO","device":"200000000010","event":"SERVER_ACK","detail":"0x8001 Universal Reply Received"}
{"ts":"2026-04-05T23:41:52.946Z","level":"ERROR","device":"300000000004","event":"SOCKET_ERROR","detail":"ECONNREFUSED"}
{"ts":"2026-04-05T23:42:01.369Z","level":"INFO","device":"868120100006","event":"GPS_SENT","detail":""}
{"ts":"2026-04-05T23:42:01.495Z","level":"INFO","device":"868120100005","event":"GPS_SENT","detail":""}
{"ts":"2026-04-05T23:42:01.537Z","level":"INFO","device":"868120100008","event":"GPS_SENT","detail":""}
{"ts":"2026-04-05T23:42:01.584Z","level":"INFO","device":"868120100006","event":"RX_MSG","detail":"0x8001 bodyLen=5"}
{"ts":"2026-04-05T23:42:01.584Z","level":"INFO","device":"868120100006","event":"SERVER_ACK","detail":"0x0200 result=OK"}
{"ts":"2026-04-05T23:42:01.620Z","level":"INFO","device":"868120100009","event":"GPS_SENT","detail":""}
{"ts":"2026-04-05T23:42:01.691Z","level":"INFO","device":"868120100004","event":"GPS_SENT","detail":""}
{"ts":"2026-04-05T23:42:01.705Z","level":"INFO","device":"868120100005","event":"RX_MSG","detail":"0x8001 bodyLen=5"}
{"ts":"2026-04-05T23:42:01.708Z","level":"INFO","device":"868120100005","event":"SERVER_ACK","detail":"0x0200 result=OK"}
{"ts":"2026-04-05T23:42:01.754Z","level":"INFO","device":"868120100008","event":"RX_MSG","detail":"0x8001 bodyLen=5"}
{"ts":"2026-04-05T23:42:01.754Z","level":"INFO","device":"868120100008","event":"SERVER_ACK","detail":"0x0200 result=OK"}
{"ts":"2026-04-05T23:42:01.818Z","level":"INFO","device":"868120100003","event":"GPS_SENT","detail":""}
{"ts":"2026-04-05T23:42:01.821Z","level":"INFO","device":"868120100009","event":"RX_MSG","detail":"0x8001 bodyLen=5"}
{"ts":"2026-04-05T23:42:01.821Z","level":"INFO","device":"868120100009","event":"SERVER_ACK","detail":"0x0200 result=OK"}
{"ts":"2026-04-05T23:42:01.902Z","level":"INFO","device":"868120100004","event":"RX_MSG","detail":"0x8001 bodyLen=5"}
{"ts":"2026-04-05T23:42:01.902Z","level":"INFO","device":"868120100004","event":"SERVER_ACK","detail":"0x0200 result=OK"}
{"ts":"2026-04-05T23:42:01.909Z","level":"INFO","device":"291078985963","event":"GPS_SENT","detail":""}
{"ts":"2026-04-05T23:42:02.030Z","level":"INFO","device":"868120100003","event":"RX_MSG","detail":"0x8001 bodyLen=5"}
{"ts":"2026-04-05T23:42:02.030Z","level":"INFO","device":"868120100003","event":"SERVER_ACK","detail":"0x0200 result=OK"}
{"ts":"2026-04-05T23:42:02.045Z","level":"INFO","device":"868120100002","event":"GPS_SENT","detail":""}
{"ts":"2026-04-05T23:42:02.120Z","level":"INFO","device":"291078985963","event":"RX_MSG","detail":"0x8001 bodyLen=5"}
{"ts":"2026-04-05T23:42:02.120Z","level":"INFO","device":"291078985963","event":"SERVER_ACK","detail":"0x0200 result=OK"}
{"ts":"2026-04-05T23:42:02.172Z","level":"INFO","device":"100000000010","event":"GPS_SENT","detail":""}
{"ts":"2026-04-05T23:42:02.175Z","level":"INFO","device":"868120100007","event":"GPS_SENT","detail":""}
{"ts":"2026-04-05T23:42:02.247Z","level":"INFO","device":"868120100002","event":"RX_MSG","detail":"0x8001 bodyLen=5"}
{"ts":"2026-04-05T23:42:02.247Z","level":"INFO","device":"868120100002","event":"SERVER_ACK","detail":"0x0200 result=OK"}
{"ts":"2026-04-05T23:42:02.373Z","level":"INFO","device":"100000000010","event":"RX_MSG","detail":"0x8001 bodyLen=5"}
{"ts":"2026-04-05T23:42:02.374Z","level":"INFO","device":"100000000010","event":"SERVER_ACK","detail":"0x0200 result=OK"}
{"ts":"2026-04-05T23:42:02.379Z","level":"INFO","device":"868120100007","event":"RX_MSG","detail":"0x8001 bodyLen=5"}
{"ts":"2026-04-05T23:42:02.379Z","level":"INFO","device":"868120100007","event":"SERVER_ACK","detail":"0x0200 result=OK"}
{"ts":"2026-04-05T23:42:05.066Z","level":"ERROR","device":"300000000005","event":"SOCKET_ERROR","detail":"ECONNREFUSED"}
{"ts":"2026-04-05T23:42:05.557Z","level":"INFO","device":"291078985963","event":"HEARTBEAT_SENT","detail":"0x0002"}
{"ts":"2026-04-05T23:42:05.575Z","level":"INFO","device":"291078985963","event":"OBD2_SENT_0x0200","detail":"Lat: 51.732317, Lng: 0.489457 | Speed: 37km/h | RPM: 2268"}
{"ts":"2026-04-05T23:42:05.693Z","level":"INFO","device":"200000000002","event":"HEARTBEAT_SENT","detail":"0x0002"}
{"ts":"2026-04-05T23:42:05.694Z","level":"INFO","device":"200000000002","event":"OBD2_SENT_0x0200","detail":"Lat: 51.732488, Lng: 0.489029 | Speed: 42km/h | RPM: 2465"}
{"ts":"2026-04-05T23:42:05.768Z","level":"INFO","device":"291078985963","event":"SERVER_ACK","detail":"0x8001 Universal Reply Received"}
{"ts":"2026-04-05T23:42:05.839Z","level":"INFO","device":"200000000003","event":"HEARTBEAT_SENT","detail":"0x0002"}
{"ts":"2026-04-05T23:42:05.844Z","level":"INFO","device":"200000000003","event":"OBD2_SENT_0x0200","detail":"Lat: 51.732201, Lng: 0.489748 | Speed: 42km/h | RPM: 2472"}
{"ts":"2026-04-05T23:42:05.902Z","level":"INFO","device":"200000000002","event":"SERVER_ACK","detail":"0x8001 Universal Reply Received"}
{"ts":"2026-04-05T23:42:05.990Z","level":"INFO","device":"200000000004","event":"HEARTBEAT_SENT","detail":"0x0002"}
{"ts":"2026-04-05T23:42:05.992Z","level":"INFO","device":"200000000004","event":"OBD2_SENT_0x0200","detail":"Lat: 51.732280, Lng: 0.489550 | Speed: 40km/h | RPM: 2413"}
{"ts":"2026-04-05T23:42:06.051Z","level":"INFO","device":"200000000003","event":"SERVER_ACK","detail":"0x8001 Universal Reply Received"}
{"ts":"2026-04-05T23:42:06.088Z","level":"INFO","device":"291078985963","event":"SERVER_ACK","detail":"0x8001 Universal Reply Received"}
{"ts":"2026-04-05T23:42:06.140Z","level":"INFO","device":"200000000005","event":"HEARTBEAT_SENT","detail":"0x0002"}
{"ts":"2026-04-05T23:42:06.143Z","level":"INFO","device":"200000000005","event":"OBD2_SENT_0x0200","detail":"Lat: 51.734293, Lng: 0.483391 | Speed: 28km/h | RPM: 1939"}
{"ts":"2026-04-05T23:42:06.190Z","level":"INFO","device":"200000000004","event":"SERVER_ACK","detail":"0x8001 Universal Reply Received"}
{"ts":"2026-04-05T23:42:06.211Z","level":"INFO","device":"200000000002","event":"SERVER_ACK","detail":"0x8001 Universal Reply Received"}
{"ts":"2026-04-05T23:42:06.290Z","level":"INFO","device":"200000000006","event":"HEARTBEAT_SENT","detail":"0x0002"}
{"ts":"2026-04-05T23:42:06.295Z","level":"INFO","device":"200000000006","event":"OBD2_SENT_0x0200","detail":"Lat: 51.732455, Lng: 0.489113 | Speed: 45km/h | RPM: 2584"}
{"ts":"2026-04-05T23:42:06.342Z","level":"INFO","device":"200000000005","event":"SERVER_ACK","detail":"0x8001 Universal Reply Received"}
{"ts":"2026-04-05T23:42:06.369Z","level":"INFO","device":"200000000003","event":"SERVER_ACK","detail":"0x8001 Universal Reply Received"}
{"ts":"2026-04-05T23:42:06.440Z","level":"INFO","device":"200000000007","event":"HEARTBEAT_SENT","detail":"0x0002"}
{"ts":"2026-04-05T23:42:06.443Z","level":"INFO","device":"200000000007","event":"OBD2_SENT_0x0200","detail":"Lat: 51.734240, Lng: 0.483476 | Speed: 28km/h | RPM: 1902"}
{"ts":"2026-04-05T23:42:06.484Z","level":"INFO","device":"200000000006","event":"SERVER_ACK","detail":"0x8001 Universal Reply Received"}
{"ts":"2026-04-05T23:42:06.538Z","level":"INFO","device":"200000000004","event":"SERVER_ACK","detail":"0x8001 Universal Reply Received"}
{"ts":"2026-04-05T23:42:06.589Z","level":"INFO","device":"200000000008","event":"HEARTBEAT_SENT","detail":"0x0002"}
{"ts":"2026-04-05T23:42:06.590Z","level":"INFO","device":"200000000008","event":"OBD2_SENT_0x0200","detail":"Lat: 51.734114, Lng: 0.483677 | Speed: 24km/h | RPM: 1759"}
{"ts":"2026-04-05T23:42:06.630Z","level":"INFO","device":"200000000007","event":"SERVER_ACK","detail":"0x8001 Universal Reply Received"}
{"ts":"2026-04-05T23:42:06.664Z","level":"INFO","device":"200000000005","event":"SERVER_ACK","detail":"0x8001 Universal Reply Received"}
{"ts":"2026-04-05T23:42:06.743Z","level":"INFO","device":"200000000009","event":"HEARTBEAT_SENT","detail":"0x0002"}
{"ts":"2026-04-05T23:42:06.744Z","level":"INFO","device":"200000000009","event":"OBD2_SENT_0x0200","detail":"Lat: 51.733039, Lng: 0.487242 | Speed: 35km/h | RPM: 2192"}
{"ts":"2026-04-05T23:42:06.785Z","level":"INFO","device":"200000000008","event":"SERVER_ACK","detail":"0x8001 Universal Reply Received"}
{"ts":"2026-04-05T23:42:06.810Z","level":"INFO","device":"200000000006","event":"SERVER_ACK","detail":"0x8001 Universal Reply Received"}
{"ts":"2026-04-05T23:42:06.889Z","level":"INFO","device":"200000000010","event":"HEARTBEAT_SENT","detail":"0x0002"}
{"ts":"2026-04-05T23:42:06.890Z","level":"INFO","device":"200000000010","event":"OBD2_SENT_0x0200","detail":"Lat: 51.732110, Lng: 0.489975 | Speed: 52km/h | RPM: 2868"}
{"ts":"2026-04-05T23:42:06.928Z","level":"INFO","device":"200000000009","event":"SERVER_ACK","detail":"0x8001 Universal Reply Received"}
{"ts":"2026-04-05T23:42:06.933Z","level":"INFO","device":"200000000007","event":"SERVER_ACK","detail":"0x8001 Universal Reply Received"}
{"ts":"2026-04-05T23:42:07.058Z","level":"INFO","device":"200000000008","event":"SERVER_ACK","detail":"0x8001 Universal Reply Received"}
{"ts":"2026-04-05T23:42:07.102Z","level":"INFO","device":"200000000010","event":"SERVER_ACK","detail":"0x8001 Universal Reply Received"}
{"ts":"2026-04-05T23:42:07.212Z","level":"INFO","device":"200000000009","event":"SERVER_ACK","detail":"0x8001 Universal Reply Received"}
{"ts":"2026-04-05T23:42:07.456Z","level":"INFO","device":"200000000010","event":"SERVER_ACK","detail":"0x8001 Universal Reply Received"}
{"ts":"2026-04-05T23:42:17.170Z","level":"ERROR","device":"300000000006","event":"SOCKET_ERROR","detail":"ECONNREFUSED"}
{"ts":"2026-04-05T23:42:20.579Z","level":"INFO","device":"291078985963","event":"OBD2_SENT_0x0200","detail":"Lat: 51.731282, Lng: 0.491530 | Speed: 41km/h | RPM: 2432"}
{"ts":"2026-04-05T23:42:20.694Z","level":"INFO","device":"200000000002","event":"OBD2_SENT_0x0200","detail":"Lat: 51.731429, Lng: 0.491285 | Speed: 44km/h | RPM: 2576"}
{"ts":"2026-04-05T23:42:20.791Z","level":"INFO","device":"291078985963","event":"SERVER_ACK","detail":"0x8001 Universal Reply Received"}
{"ts":"2026-04-05T23:42:20.843Z","level":"INFO","device":"200000000003","event":"OBD2_SENT_0x0200","detail":"Lat: 51.731035, Lng: 0.491941 | Speed: 43km/h | RPM: 2526"}
{"ts":"2026-04-05T23:42:20.904Z","level":"INFO","device":"200000000002","event":"SERVER_ACK","detail":"0x8001 Universal Reply Received"}
{"ts":"2026-04-05T23:42:20.993Z","level":"INFO","device":"200000000004","event":"OBD2_SENT_0x0200","detail":"Lat: 51.731350, Lng: 0.491416 | Speed: 37km/h | RPM: 2269"}
{"ts":"2026-04-05T23:42:21.056Z","level":"INFO","device":"200000000003","event":"SERVER_ACK","detail":"0x8001 Universal Reply Received"}
{"ts":"2026-04-05T23:42:21.143Z","level":"INFO","device":"200000000005","event":"OBD2_SENT_0x0200","detail":"Lat: 51.733752, Lng: 0.484482 | Speed: 24km/h | RPM: 1743"}
{"ts":"2026-04-05T23:42:21.195Z","level":"INFO","device":"200000000004","event":"SERVER_ACK","detail":"0x8001 Universal Reply Received"}
{"ts":"2026-04-05T23:42:21.295Z","level":"INFO","device":"200000000006","event":"OBD2_SENT_0x0200","detail":"Lat: 51.731456, Lng: 0.491239 | Speed: 42km/h | RPM: 2474"}
{"ts":"2026-04-05T23:42:21.348Z","level":"INFO","device":"200000000005","event":"SERVER_ACK","detail":"0x8001 Universal Reply Received"}
{"ts":"2026-04-05T23:42:21.358Z","level":"INFO","device":"868120100006","event":"INCIDENT_SENT","detail":"mediaId=4 alarmId=86812010000600260405234221040200"}
{"ts":"2026-04-05T23:42:21.369Z","level":"INFO","device":"868120100006","event":"GPS_SENT","detail":""}
{"ts":"2026-04-05T23:42:21.443Z","level":"INFO","device":"200000000007","event":"OBD2_SENT_0x0200","detail":"Lat: 51.733616, Lng: 0.484878 | Speed: 29km/h | RPM: 1971"}
{"ts":"2026-04-05T23:42:21.490Z","level":"INFO","device":"200000000006","event":"SERVER_ACK","detail":"0x8001 Universal Reply Received"}
{"ts":"2026-04-05T23:42:21.494Z","level":"INFO","device":"868120100005","event":"INCIDENT_SENT","detail":"mediaId=4 alarmId=86812010000500260405234221040200"}
{"ts":"2026-04-05T23:42:21.496Z","level":"INFO","device":"868120100005","event":"GPS_SENT","detail":""}
{"ts":"2026-04-05T23:42:21.536Z","level":"INFO","device":"868120100008","event":"INCIDENT_SENT","detail":"mediaId=4 alarmId=86812010000800260405234221040200"}
{"ts":"2026-04-05T23:42:21.536Z","level":"INFO","device":"868120100008","event":"GPS_SENT","detail":""}
{"ts":"2026-04-05T23:42:21.569Z","level":"INFO","device":"868120100006","event":"RX_MSG","detail":"0x8001 bodyLen=5"}
{"ts":"2026-04-05T23:42:21.569Z","level":"INFO","device":"868120100006","event":"SERVER_ACK","detail":"0x0200 result=OK"}
{"ts":"2026-04-05T23:42:21.590Z","level":"INFO","device":"200000000008","event":"OBD2_SENT_0x0200","detail":"Lat: 51.733584, Lng: 0.484986 | Speed: 27km/h | RPM: 1862"}
{"ts":"2026-04-05T23:42:21.620Z","level":"INFO","device":"868120100009","event":"INCIDENT_SENT","detail":"mediaId=4 alarmId=86812010000900260405234221040200"}
{"ts":"2026-04-05T23:42:21.621Z","level":"INFO","device":"868120100009","event":"GPS_SENT","detail":""}
{"ts":"2026-04-05T23:42:21.628Z","level":"INFO","device":"200000000007","event":"SERVER_ACK","detail":"0x8001 Universal Reply Received"}
{"ts":"2026-04-05T23:42:21.691Z","level":"INFO","device":"868120100004","event":"INCIDENT_SENT","detail":"mediaId=4 alarmId=86812010000400260405234221040200"}
{"ts":"2026-04-05T23:42:21.691Z","level":"INFO","device":"868120100004","event":"GPS_SENT","detail":""}
{"ts":"2026-04-05T23:42:21.705Z","level":"INFO","device":"868120100005","event":"RX_MSG","detail":"0x8001 bodyLen=5"}
{"ts":"2026-04-05T23:42:21.706Z","level":"INFO","device":"868120100005","event":"SERVER_ACK","detail":"0x0200 result=OK"}
{"ts":"2026-04-05T23:42:21.744Z","level":"INFO","device":"200000000009","event":"OBD2_SENT_0x0200","detail":"Lat: 51.732371, Lng: 0.489322 | Speed: 38km/h | RPM: 2329"}
{"ts":"2026-04-05T23:42:21.755Z","level":"INFO","device":"868120100008","event":"RX_MSG","detail":"0x8001 bodyLen=5"}
{"ts":"2026-04-05T23:42:21.759Z","level":"INFO","device":"868120100008","event":"SERVER_ACK","detail":"0x0200 result=OK"}
{"ts":"2026-04-05T23:42:21.775Z","level":"INFO","device":"200000000008","event":"SERVER_ACK","detail":"0x8001 Universal Reply Received"}
{"ts":"2026-04-05T23:42:21.819Z","level":"INFO","device":"868120100003","event":"INCIDENT_SENT","detail":"mediaId=4 alarmId=86812010000300260405234221040200"}
{"ts":"2026-04-05T23:42:21.822Z","level":"INFO","device":"868120100003","event":"GPS_SENT","detail":""}
{"ts":"2026-04-05T23:42:21.822Z","level":"INFO","device":"868120100009","event":"RX_MSG","detail":"0x8001 bodyLen=5"}
{"ts":"2026-04-05T23:42:21.822Z","level":"INFO","device":"868120100009","event":"SERVER_ACK","detail":"0x0200 result=OK"}
{"ts":"2026-04-05T23:42:21.891Z","level":"INFO","device":"200000000010","event":"OBD2_SENT_0x0200","detail":"Lat: 51.730745, Lng: 0.492328 | Speed: 47km/h | RPM: 2681"}
{"ts":"2026-04-05T23:42:21.905Z","level":"INFO","device":"868120100004","event":"RX_MSG","detail":"0x8001 bodyLen=5"}
{"ts":"2026-04-05T23:42:21.905Z","level":"INFO","device":"868120100004","event":"SERVER_ACK","detail":"0x0200 result=OK"}
{"ts":"2026-04-05T23:42:21.906Z","level":"INFO","device":"291078985963","event":"INCIDENT_SENT","detail":"mediaId=4 alarmId=29107898596300260405234221040200"}
{"ts":"2026-04-05T23:42:21.909Z","level":"INFO","device":"291078985963","event":"GPS_SENT","detail":""}
{"ts":"2026-04-05T23:42:21.922Z","level":"INFO","device":"868120100006","event":"RX_MSG","detail":"0x8001 bodyLen=5"}
{"ts":"2026-04-05T23:42:21.922Z","level":"INFO","device":"868120100006","event":"SERVER_ACK","detail":"0x0800 result=OK"}
{"ts":"2026-04-05T23:42:21.925Z","level":"INFO","device":"868120100006","event":"RX_MSG","detail":"0x8001 bodyLen=5"}
{"ts":"2026-04-05T23:42:21.926Z","level":"INFO","device":"868120100006","event":"SERVER_ACK","detail":"0x0200 result=OK"}
{"ts":"2026-04-05T23:42:21.927Z","level":"INFO","device":"200000000009","event":"SERVER_ACK","detail":"0x8001 Universal Reply Received"}
{"ts":"2026-04-05T23:42:22.030Z","level":"INFO","device":"868120100003","event":"RX_MSG","detail":"0x8001 bodyLen=5"}
{"ts":"2026-04-05T23:42:22.030Z","level":"INFO","device":"868120100003","event":"SERVER_ACK","detail":"0x0200 result=OK"}
{"ts":"2026-04-05T23:42:22.041Z","level":"INFO","device":"868120100002","event":"INCIDENT_SENT","detail":"mediaId=4 alarmId=86812010000200260405234222040200"}
{"ts":"2026-04-05T23:42:22.044Z","level":"INFO","device":"868120100005","event":"RX_MSG","detail":"0x8001 bodyLen=5"}
{"ts":"2026-04-05T23:42:22.045Z","level":"INFO","device":"868120100005","event":"SERVER_ACK","detail":"0x0800 result=OK"}
{"ts":"2026-04-05T23:42:22.045Z","level":"INFO","device":"868120100005","event":"RX_MSG","detail":"0x8001 bodyLen=5"}
{"ts":"2026-04-05T23:42:22.045Z","level":"INFO","device":"868120100005","event":"SERVER_ACK","detail":"0x0200 result=OK"}
{"ts":"2026-04-05T23:42:22.045Z","level":"INFO","device":"868120100002","event":"GPS_SENT","detail":""}
{"ts":"2026-04-05T23:42:22.103Z","level":"INFO","device":"200000000010","event":"SERVER_ACK","detail":"0x8001 Universal Reply Received"}
{"ts":"2026-04-05T23:42:22.120Z","level":"INFO","device":"868120100008","event":"RX_MSG","detail":"0x8001 bodyLen=5"}
{"ts":"2026-04-05T23:42:22.120Z","level":"INFO","device":"868120100008","event":"SERVER_ACK","detail":"0x0800 result=OK"}
{"ts":"2026-04-05T23:42:22.120Z","level":"INFO","device":"868120100008","event":"RX_MSG","detail":"0x8001 bodyLen=5"}
{"ts":"2026-04-05T23:42:22.120Z","level":"INFO","device":"868120100008","event":"SERVER_ACK","detail":"0x0200 result=OK"}
{"ts":"2026-04-05T23:42:22.120Z","level":"INFO","device":"291078985963","event":"RX_MSG","detail":"0x8001 bodyLen=5"}
{"ts":"2026-04-05T23:42:22.120Z","level":"INFO","device":"291078985963","event":"SERVER_ACK","detail":"0x0200 result=OK"}
{"ts":"2026-04-05T23:42:22.161Z","level":"INFO","device":"868120100009","event":"RX_MSG","detail":"0x8001 bodyLen=5"}
{"ts":"2026-04-05T23:42:22.161Z","level":"INFO","device":"868120100009","event":"SERVER_ACK","detail":"0x0800 result=OK"}
{"ts":"2026-04-05T23:42:22.162Z","level":"INFO","device":"868120100009","event":"RX_MSG","detail":"0x8001 bodyLen=5"}
{"ts":"2026-04-05T23:42:22.162Z","level":"INFO","device":"868120100009","event":"SERVER_ACK","detail":"0x0200 result=OK"}
{"ts":"2026-04-05T23:42:22.171Z","level":"INFO","device":"100000000010","event":"INCIDENT_SENT","detail":"mediaId=4 alarmId=10000000001000260405234222040200"}
{"ts":"2026-04-05T23:42:22.171Z","level":"INFO","device":"100000000010","event":"GPS_SENT","detail":""}
{"ts":"2026-04-05T23:42:22.176Z","level":"INFO","device":"868120100007","event":"INCIDENT_SENT","detail":"mediaId=4 alarmId=86812010000700260405234222040200"}
{"ts":"2026-04-05T23:42:22.177Z","level":"INFO","device":"868120100007","event":"GPS_SENT","detail":""}
{"ts":"2026-04-05T23:42:22.231Z","level":"INFO","device":"868120100004","event":"RX_MSG","detail":"0x8001 bodyLen=5"}
{"ts":"2026-04-05T23:42:22.231Z","level":"INFO","device":"868120100004","event":"SERVER_ACK","detail":"0x0800 result=OK"}
{"ts":"2026-04-05T23:42:22.231Z","level":"INFO","device":"868120100004","event":"RX_MSG","detail":"0x8001 bodyLen=5"}
{"ts":"2026-04-05T23:42:22.231Z","level":"INFO","device":"868120100004","event":"SERVER_ACK","detail":"0x0200 result=OK"}
{"ts":"2026-04-05T23:42:22.244Z","level":"INFO","device":"868120100002","event":"RX_MSG","detail":"0x8001 bodyLen=5"}
{"ts":"2026-04-05T23:42:22.245Z","level":"INFO","device":"868120100002","event":"SERVER_ACK","detail":"0x0200 result=OK"}
{"ts":"2026-04-05T23:42:22.356Z","level":"INFO","device":"868120100003","event":"RX_MSG","detail":"0x8001 bodyLen=5"}
{"ts":"2026-04-05T23:42:22.356Z","level":"INFO","device":"868120100003","event":"SERVER_ACK","detail":"0x0800 result=OK"}
{"ts":"2026-04-05T23:42:22.356Z","level":"INFO","device":"868120100003","event":"RX_MSG","detail":"0x8001 bodyLen=5"}
{"ts":"2026-04-05T23:42:22.356Z","level":"INFO","device":"868120100003","event":"SERVER_ACK","detail":"0x0200 result=OK"}
{"ts":"2026-04-05T23:42:22.372Z","level":"INFO","device":"100000000010","event":"RX_MSG","detail":"0x8001 bodyLen=5"}
{"ts":"2026-04-05T23:42:22.372Z","level":"INFO","device":"100000000010","event":"SERVER_ACK","detail":"0x0200 result=OK"}
{"ts":"2026-04-05T23:42:22.383Z","level":"INFO","device":"868120100007","event":"RX_MSG","detail":"0x8001 bodyLen=5"}
{"ts":"2026-04-05T23:42:22.383Z","level":"INFO","device":"868120100007","event":"SERVER_ACK","detail":"0x0200 result=OK"}
{"ts":"2026-04-05T23:42:22.450Z","level":"INFO","device":"291078985963","event":"RX_MSG","detail":"0x8001 bodyLen=5"}
{"ts":"2026-04-05T23:42:22.451Z","level":"INFO","device":"291078985963","event":"SERVER_ACK","detail":"0x0800 result=OK"}
{"ts":"2026-04-05T23:42:22.451Z","level":"INFO","device":"291078985963","event":"RX_MSG","detail":"0x8001 bodyLen=5"}
{"ts":"2026-04-05T23:42:22.451Z","level":"INFO","device":"291078985963","event":"SERVER_ACK","detail":"0x0200 result=OK"}
{"ts":"2026-04-05T23:42:22.564Z","level":"INFO","device":"868120100002","event":"RX_MSG","detail":"0x8001 bodyLen=5"}
{"ts":"2026-04-05T23:42:22.564Z","level":"INFO","device":"868120100002","event":"SERVER_ACK","detail":"0x0800 result=OK"}
{"ts":"2026-04-05T23:42:22.564Z","level":"INFO","device":"868120100002","event":"RX_MSG","detail":"0x8001 bodyLen=5"}
{"ts":"2026-04-05T23:42:22.564Z","level":"INFO","device":"868120100002","event":"SERVER_ACK","detail":"0x0200 result=OK"}
{"ts":"2026-04-05T23:42:22.688Z","level":"INFO","device":"100000000010","event":"RX_MSG","detail":"0x8001 bodyLen=5"}
{"ts":"2026-04-05T23:42:22.688Z","level":"INFO","device":"100000000010","event":"SERVER_ACK","detail":"0x0800 result=OK"}
{"ts":"2026-04-05T23:42:22.688Z","level":"INFO","device":"100000000010","event":"RX_MSG","detail":"0x8001 bodyLen=5"}
{"ts":"2026-04-05T23:42:22.689Z","level":"INFO","device":"100000000010","event":"SERVER_ACK","detail":"0x0200 result=OK"}
{"ts":"2026-04-05T23:42:22.719Z","level":"INFO","device":"868120100007","event":"RX_MSG","detail":"0x8001 bodyLen=5"}
{"ts":"2026-04-05T23:42:22.720Z","level":"INFO","device":"868120100007","event":"SERVER_ACK","detail":"0x0800 result=OK"}
{"ts":"2026-04-05T23:42:22.720Z","level":"INFO","device":"868120100007","event":"RX_MSG","detail":"0x8001 bodyLen=5"}
{"ts":"2026-04-05T23:42:22.720Z","level":"INFO","device":"868120100007","event":"SERVER_ACK","detail":"0x0200 result=OK"}
{"ts":"2026-04-05T23:42:29.284Z","level":"ERROR","device":"300000000007","event":"SOCKET_ERROR","detail":"ECONNREFUSED"}
{"ts":"2026-04-05T23:42:35.563Z","level":"INFO","device":"291078985963","event":"HEARTBEAT_SENT","detail":"0x0002"}
{"ts":"2026-04-05T23:42:35.579Z","level":"INFO","device":"291078985963","event":"OBD2_SENT_0x0200","detail":"Lat: 51.730171, Lng: 0.493045 | Speed: 38km/h | RPM: 2302"}
{"ts":"2026-04-05T23:42:35.693Z","level":"INFO","device":"200000000002","event":"HEARTBEAT_SENT","detail":"0x0002"}
{"ts":"2026-04-05T23:42:35.695Z","level":"INFO","device":"200000000002","event":"OBD2_SENT_0x0200","detail":"Lat: 51.729967, Lng: 0.493275 | Speed: 49km/h | RPM: 2762"}
{"ts":"2026-04-05T23:42:35.774Z","level":"INFO","device":"291078985963","event":"SERVER_ACK","detail":"0x8001 Universal Reply Received"}
{"ts":"2026-04-05T23:42:35.840Z","level":"INFO","device":"200000000003","event":"HEARTBEAT_SENT","detail":"0x0002"}
{"ts":"2026-04-05T23:42:35.843Z","level":"INFO","device":"200000000003","event":"OBD2_SENT_0x0200","detail":"Lat: 51.729480, Lng: 0.493818 | Speed: 48km/h | RPM: 2715"}
{"ts":"2026-04-05T23:42:35.905Z","level":"INFO","device":"200000000002","event":"SERVER_ACK","detail":"0x8001 Universal Reply Received"}
{"ts":"2026-04-05T23:42:35.990Z","level":"INFO","device":"200000000004","event":"DTC_SENT_0x0900","detail":"Injected Fault Code: P0300"}
{"ts":"2026-04-05T23:42:35.990Z","level":"INFO","device":"200000000004","event":"HEARTBEAT_SENT","detail":"0x0002"}
{"ts":"2026-04-05T23:42:35.993Z","level":"INFO","device":"200000000004","event":"OBD2_SENT_0x0200","detail":"Lat: 51.730276, Lng: 0.492927 | Speed: 37km/h | RPM: 2286"}
{"ts":"2026-04-05T23:42:36.051Z","level":"INFO","device":"200000000003","event":"SERVER_ACK","detail":"0x8001 Universal Reply Received"}
{"ts":"2026-04-05T23:42:36.103Z","level":"INFO","device":"291078985963","event":"SERVER_ACK","detail":"0x8001 Universal Reply Received"}
{"ts":"2026-04-05T23:42:36.140Z","level":"INFO","device":"200000000005","event":"HEARTBEAT_SENT","detail":"0x0002"}
{"ts":"2026-04-05T23:42:36.143Z","level":"INFO","device":"200000000005","event":"OBD2_SENT_0x0200","detail":"Lat: 51.733315, Lng: 0.486026 | Speed: 29km/h | RPM: 1940"}
{"ts":"2026-04-05T23:42:36.198Z","level":"INFO","device":"200000000004","event":"SERVER_ACK","detail":"0x8001 Universal Reply Received"}
{"ts":"2026-04-05T23:42:36.226Z","level":"INFO","device":"200000000002","event":"SERVER_ACK","detail":"0x8001 Universal Reply Received"}
{"ts":"2026-04-05T23:42:36.291Z","level":"INFO","device":"200000000006","event":"HEARTBEAT_SENT","detail":"0x0002"}
{"ts":"2026-04-05T23:42:36.294Z","level":"INFO","device":"200000000006","event":"OBD2_SENT_0x0200","detail":"Lat: 51.730091, Lng: 0.493135 | Speed: 47km/h | RPM: 2661"}
{"ts":"2026-04-05T23:42:36.343Z","level":"INFO","device":"200000000005","event":"SERVER_ACK","detail":"0x8001 Universal Reply Received"}
{"ts":"2026-04-05T23:42:36.383Z","level":"INFO","device":"200000000003","event":"SERVER_ACK","detail":"0x8001 Universal Reply Received"}
{"ts":"2026-04-05T23:42:36.440Z","level":"INFO","device":"200000000007","event":"HEARTBEAT_SENT","detail":"0x0002"}
{"ts":"2026-04-05T23:42:36.443Z","level":"INFO","device":"200000000007","event":"OBD2_SENT_0x0200","detail":"Lat: 51.733193, Lng: 0.486629 | Speed: 32km/h | RPM: 2082"}
{"ts":"2026-04-05T23:42:36.488Z","level":"INFO","device":"200000000006","event":"SERVER_ACK","detail":"0x8001 Universal Reply Received"}
{"ts":"2026-04-05T23:42:36.537Z","level":"INFO","device":"200000000004","event":"SERVER_ACK","detail":"0x8001 Universal Reply Received"}
{"ts":"2026-04-05T23:42:36.589Z","level":"INFO","device":"200000000008","event":"HEARTBEAT_SENT","detail":"0x0002"}
{"ts":"2026-04-05T23:42:36.589Z","level":"INFO","device":"200000000008","event":"OBD2_SENT_0x0200","detail":"Lat: 51.733201, Lng: 0.486596 | Speed: 30km/h | RPM: 1983"}
{"ts":"2026-04-05T23:42:36.624Z","level":"INFO","device":"200000000007","event":"SERVER_ACK","detail":"0x8001 Universal Reply Received"}
{"ts":"2026-04-05T23:42:36.663Z","level":"INFO","device":"200000000005","event":"SERVER_ACK","detail":"0x8001 Universal Reply Received"}
{"ts":"2026-04-05T23:42:36.743Z","level":"INFO","device":"200000000009","event":"HEARTBEAT_SENT","detail":"0x0002"}
{"ts":"2026-04-05T23:42:36.744Z","level":"INFO","device":"200000000009","event":"OBD2_SENT_0x0200","detail":"Lat: 51.731407, Lng: 0.491321 | Speed: 39km/h | RPM: 2373"}
{"ts":"2026-04-05T23:42:36.774Z","level":"INFO","device":"200000000008","event":"SERVER_ACK","detail":"0x8001 Universal Reply Received"}
{"ts":"2026-04-05T23:42:36.809Z","level":"INFO","device":"200000000006","event":"SERVER_ACK","detail":"0x8001 Universal Reply Received"}
{"ts":"2026-04-05T23:42:36.889Z","level":"INFO","device":"200000000010","event":"HEARTBEAT_SENT","detail":"0x0002"}
{"ts":"2026-04-05T23:42:36.891Z","level":"INFO","device":"200000000010","event":"OBD2_SENT_0x0200","detail":"Lat: 51.729098, Lng: 0.494158 | Speed: 50km/h | RPM: 2790"}
{"ts":"2026-04-05T23:42:36.916Z","level":"INFO","device":"200000000007","event":"SERVER_ACK","detail":"0x8001 Universal Reply Received"}
{"ts":"2026-04-05T23:42:36.928Z","level":"INFO","device":"200000000009","event":"SERVER_ACK","detail":"0x8001 Universal Reply Received"}
{"ts":"2026-04-05T23:42:37.072Z","level":"INFO","device":"200000000008","event":"SERVER_ACK","detail":"0x8001 Universal Reply Received"}
{"ts":"2026-04-05T23:42:37.101Z","level":"INFO","device":"200000000010","event":"SERVER_ACK","detail":"0x8001 Universal Reply Received"}
{"ts":"2026-04-05T23:42:37.227Z","level":"INFO","device":"200000000009","event":"SERVER_ACK","detail":"0x8001 Universal Reply Received"}
{"ts":"2026-04-05T23:42:37.440Z","level":"INFO","device":"200000000010","event":"SERVER_ACK","detail":"0x8001 Universal Reply Received"}
{"ts":"2026-04-05T23:42:41.370Z","level":"INFO","device":"868120100006","event":"GPS_SENT","detail":""}
{"ts":"2026-04-05T23:42:41.391Z","level":"ERROR","device":"300000000008","event":"SOCKET_ERROR","detail":"ECONNREFUSED"}
{"ts":"2026-04-05T23:42:41.496Z","level":"INFO","device":"868120100005","event":"GPS_SENT","detail":""}
{"ts":"2026-04-05T23:42:41.537Z","level":"INFO","device":"868120100008","event":"GPS_SENT","detail":""}
{"ts":"2026-04-05T23:42:41.589Z","level":"INFO","device":"868120100006","event":"RX_MSG","detail":"0x8001 bodyLen=5"}
{"ts":"2026-04-05T23:42:41.589Z","level":"INFO","device":"868120100006","event":"SERVER_ACK","detail":"0x0200 result=OK"}
{"ts":"2026-04-05T23:42:41.621Z","level":"INFO","device":"868120100009","event":"GPS_SENT","detail":""}
{"ts":"2026-04-05T23:42:41.691Z","level":"INFO","device":"868120100004","event":"GPS_SENT","detail":""}
{"ts":"2026-04-05T23:42:41.706Z","level":"INFO","device":"868120100005","event":"RX_MSG","detail":"0x8001 bodyLen=5"}
{"ts":"2026-04-05T23:42:41.707Z","level":"INFO","device":"868120100005","event":"SERVER_ACK","detail":"0x0200 result=OK"}
{"ts":"2026-04-05T23:42:41.754Z","level":"INFO","device":"868120100008","event":"RX_MSG","detail":"0x8001 bodyLen=5"}
{"ts":"2026-04-05T23:42:41.755Z","level":"INFO","device":"868120100008","event":"SERVER_ACK","detail":"0x0200 result=OK"}
{"ts":"2026-04-05T23:42:41.820Z","level":"INFO","device":"868120100003","event":"GPS_SENT","detail":""}
{"ts":"2026-04-05T23:42:41.822Z","level":"INFO","device":"868120100009","event":"RX_MSG","detail":"0x8001 bodyLen=5"}
{"ts":"2026-04-05T23:42:41.822Z","level":"INFO","device":"868120100009","event":"SERVER_ACK","detail":"0x0200 result=OK"}
{"ts":"2026-04-05T23:42:41.902Z","level":"INFO","device":"868120100004","event":"RX_MSG","detail":"0x8001 bodyLen=5"}
{"ts":"2026-04-05T23:42:41.902Z","level":"INFO","device":"868120100004","event":"SERVER_ACK","detail":"0x0200 result=OK"}
{"ts":"2026-04-05T23:42:41.909Z","level":"INFO","device":"291078985963","event":"GPS_SENT","detail":""}
{"ts":"2026-04-05T23:42:42.031Z","level":"INFO","device":"868120100003","event":"RX_MSG","detail":"0x8001 bodyLen=5"}
{"ts":"2026-04-05T23:42:42.031Z","level":"INFO","device":"868120100003","event":"SERVER_ACK","detail":"0x0200 result=OK"}
{"ts":"2026-04-05T23:42:42.045Z","level":"INFO","device":"868120100002","event":"GPS_SENT","detail":""}
{"ts":"2026-04-05T23:42:42.126Z","level":"INFO","device":"291078985963","event":"RX_MSG","detail":"0x8001 bodyLen=5"}
{"ts":"2026-04-05T23:42:42.126Z","level":"INFO","device":"291078985963","event":"SERVER_ACK","detail":"0x0200 result=OK"}
{"ts":"2026-04-05T23:42:42.173Z","level":"INFO","device":"100000000010","event":"GPS_SENT","detail":""}
{"ts":"2026-04-05T23:42:42.178Z","level":"INFO","device":"868120100007","event":"GPS_SENT","detail":""}
{"ts":"2026-04-05T23:42:42.247Z","level":"INFO","device":"868120100002","event":"RX_MSG","detail":"0x8001 bodyLen=5"}
{"ts":"2026-04-05T23:42:42.247Z","level":"INFO","device":"868120100002","event":"SERVER_ACK","detail":"0x0200 result=OK"}
{"ts":"2026-04-05T23:42:42.376Z","level":"INFO","device":"100000000010","event":"RX_MSG","detail":"0x8001 bodyLen=5"}
{"ts":"2026-04-05T23:42:42.377Z","level":"INFO","device":"100000000010","event":"SERVER_ACK","detail":"0x0200 result=OK"}
{"ts":"2026-04-05T23:42:42.382Z","level":"INFO","device":"868120100007","event":"RX_MSG","detail":"0x8001 bodyLen=5"}
{"ts":"2026-04-05T23:42:42.382Z","level":"INFO","device":"868120100007","event":"SERVER_ACK","detail":"0x0200 result=OK"}
{"ts":"2026-04-05T23:42:50.588Z","level":"INFO","device":"291078985963","event":"OBD2_SENT_0x0200","detail":"Lat: 51.728924, Lng: 0.494312 | Speed: 38km/h | RPM: 2339"}
{"ts":"2026-04-05T23:42:50.694Z","level":"INFO","device":"200000000002","event":"OBD2_SENT_0x0200","detail":"Lat: 51.728391, Lng: 0.494725 | Speed: 47km/h | RPM: 2666"}
{"ts":"2026-04-05T23:42:50.802Z","level":"INFO","device":"291078985963","event":"SERVER_ACK","detail":"0x8001 Universal Reply Received"}
{"ts":"2026-04-05T23:42:50.843Z","level":"INFO","device":"200000000003","event":"OBD2_SENT_0x0200","detail":"Lat: 51.727817, Lng: 0.495070 | Speed: 48km/h | RPM: 2731"}
{"ts":"2026-04-05T23:42:50.906Z","level":"INFO","device":"200000000002","event":"SERVER_ACK","detail":"0x8001 Universal Reply Received"}
{"ts":"2026-04-05T23:42:50.993Z","level":"INFO","device":"200000000004","event":"OBD2_SENT_0x0200","detail":"Lat: 51.729104, Lng: 0.494152 | Speed: 37km/h | RPM: 2268"}
{"ts":"2026-04-05T23:42:51.056Z","level":"INFO","device":"200000000003","event":"SERVER_ACK","detail":"0x8001 Universal Reply Received"}
{"ts":"2026-04-05T23:42:51.143Z","level":"INFO","device":"200000000005","event":"OBD2_SENT_0x0200","detail":"Lat: 51.732883, Lng: 0.487851 | Speed: 28km/h | RPM: 1923"}
{"ts":"2026-04-05T23:42:51.195Z","level":"INFO","device":"200000000004","event":"SERVER_ACK","detail":"0x8001 Universal Reply Received"}
{"ts":"2026-04-05T23:42:51.295Z","level":"INFO","device":"200000000006","event":"OBD2_SENT_0x0200","detail":"Lat: 51.728502, Lng: 0.494659 | Speed: 48km/h | RPM: 2712"}
{"ts":"2026-04-05T23:42:51.346Z","level":"INFO","device":"200000000005","event":"SERVER_ACK","detail":"0x8001 Universal Reply Received"}
{"ts":"2026-04-05T23:42:51.445Z","level":"INFO","device":"200000000007","event":"OBD2_SENT_0x0200","detail":"Lat: 51.732655, Lng: 0.488536 | Speed: 34km/h | RPM: 2159"}
{"ts":"2026-04-05T23:42:51.492Z","level":"INFO","device":"200000000006","event":"SERVER_ACK","detail":"0x8001 Universal Reply Received"}
{"ts":"2026-04-05T23:42:51.592Z","level":"INFO","device":"200000000008","event":"OBD2_SENT_0x0200","detail":"Lat: 51.732547, Lng: 0.488858 | Speed: 33km/h | RPM: 2110"}
{"ts":"2026-04-05T23:42:51.630Z","level":"INFO","device":"200000000007","event":"SERVER_ACK","detail":"0x8001 Universal Reply Received"}
{"ts":"2026-04-05T23:42:51.744Z","level":"INFO","device":"200000000009","event":"OBD2_SENT_0x0200","detail":"Lat: 51.730152, Lng: 0.493067 | Speed: 43km/h | RPM: 2516"}
{"ts":"2026-04-05T23:42:51.778Z","level":"INFO","device":"200000000008","event":"SERVER_ACK","detail":"0x8001 Universal Reply Received"}
{"ts":"2026-04-05T23:42:51.891Z","level":"INFO","device":"200000000010","event":"OBD2_SENT_0x0200","detail":"Lat: 51.727402, Lng: 0.495299 | Speed: 48km/h | RPM: 2721"}
{"ts":"2026-04-05T23:42:51.929Z","level":"INFO","device":"200000000009","event":"SERVER_ACK","detail":"0x8001 Universal Reply Received"}
{"ts":"2026-04-05T23:42:52.103Z","level":"INFO","device":"200000000010","event":"SERVER_ACK","detail":"0x8001 Universal Reply Received"}
{"ts":"2026-04-05T23:42:53.492Z","level":"ERROR","device":"300000000009","event":"SOCKET_ERROR","detail":"ECONNREFUSED"}
{"ts":"2026-04-05T23:43:01.365Z","level":"INFO","device":"868120100006","event":"INCIDENT_SENT","detail":"mediaId=5 alarmId=86812010000600260405234301050200"}
{"ts":"2026-04-05T23:43:01.370Z","level":"INFO","device":"868120100006","event":"GPS_SENT","detail":""}
{"ts":"2026-04-05T23:43:01.494Z","level":"INFO","device":"868120100005","event":"INCIDENT_SENT","detail":"mediaId=5 alarmId=86812010000500260405234301050200"}
{"ts":"2026-04-05T23:43:01.497Z","level":"INFO","device":"868120100005","event":"GPS_SENT","detail":""}
{"ts":"2026-04-05T23:43:01.536Z","level":"INFO","device":"868120100008","event":"INCIDENT_SENT","detail":"mediaId=5 alarmId=86812010000800260405234301050200"}
{"ts":"2026-04-05T23:43:01.537Z","level":"INFO","device":"868120100008","event":"GPS_SENT","detail":""}
{"ts":"2026-04-05T23:43:01.577Z","level":"INFO","device":"868120100006","event":"RX_MSG","detail":"0x8001 bodyLen=5"}
{"ts":"2026-04-05T23:43:01.577Z","level":"INFO","device":"868120100006","event":"SERVER_ACK","detail":"0x0200 result=OK"}
{"ts":"2026-04-05T23:43:01.620Z","level":"INFO","device":"868120100009","event":"INCIDENT_SENT","detail":"mediaId=5 alarmId=86812010000900260405234301050200"}
{"ts":"2026-04-05T23:43:01.620Z","level":"INFO","device":"868120100009","event":"GPS_SENT","detail":""}
{"ts":"2026-04-05T23:43:01.690Z","level":"INFO","device":"868120100004","event":"INCIDENT_SENT","detail":"mediaId=5 alarmId=86812010000400260405234301050200"}
{"ts":"2026-04-05T23:43:01.691Z","level":"INFO","device":"868120100004","event":"GPS_SENT","detail":""}
{"ts":"2026-04-05T23:43:01.705Z","level":"INFO","device":"868120100005","event":"RX_MSG","detail":"0x8001 bodyLen=5"}
{"ts":"2026-04-05T23:43:01.705Z","level":"INFO","device":"868120100005","event":"SERVER_ACK","detail":"0x0200 result=OK"}
{"ts":"2026-04-05T23:43:01.756Z","level":"INFO","device":"868120100008","event":"RX_MSG","detail":"0x8001 bodyLen=5"}
{"ts":"2026-04-05T23:43:01.756Z","level":"INFO","device":"868120100008","event":"SERVER_ACK","detail":"0x0200 result=OK"}
{"ts":"2026-04-05T23:43:01.819Z","level":"INFO","device":"868120100003","event":"INCIDENT_SENT","detail":"mediaId=5 alarmId=86812010000300260405234301050200"}
{"ts":"2026-04-05T23:43:01.819Z","level":"INFO","device":"868120100003","event":"GPS_SENT","detail":""}
{"ts":"2026-04-05T23:43:01.821Z","level":"INFO","device":"868120100009","event":"RX_MSG","detail":"0x8001 bodyLen=5"}
{"ts":"2026-04-05T23:43:01.822Z","level":"INFO","device":"868120100009","event":"SERVER_ACK","detail":"0x0200 result=OK"}
{"ts":"2026-04-05T23:43:01.901Z","level":"INFO","device":"868120100004","event":"RX_MSG","detail":"0x8001 bodyLen=5"}
{"ts":"2026-04-05T23:43:01.901Z","level":"INFO","device":"868120100004","event":"SERVER_ACK","detail":"0x0200 result=OK"}
{"ts":"2026-04-05T23:43:01.906Z","level":"INFO","device":"291078985963","event":"INCIDENT_SENT","detail":"mediaId=5 alarmId=29107898596300260405234301050200"}
{"ts":"2026-04-05T23:43:01.909Z","level":"INFO","device":"291078985963","event":"GPS_SENT","detail":""}
{"ts":"2026-04-05T23:43:01.910Z","level":"INFO","device":"868120100006","event":"RX_MSG","detail":"0x8001 bodyLen=5"}
{"ts":"2026-04-05T23:43:01.910Z","level":"INFO","device":"868120100006","event":"SERVER_ACK","detail":"0x0800 result=OK"}
{"ts":"2026-04-05T23:43:01.910Z","level":"INFO","device":"868120100006","event":"RX_MSG","detail":"0x8001 bodyLen=5"}
{"ts":"2026-04-05T23:43:01.910Z","level":"INFO","device":"868120100006","event":"SERVER_ACK","detail":"0x0200 result=OK"}
{"ts":"2026-04-05T23:43:02.030Z","level":"INFO","device":"868120100003","event":"RX_MSG","detail":"0x8001 bodyLen=5"}
{"ts":"2026-04-05T23:43:02.031Z","level":"INFO","device":"868120100003","event":"SERVER_ACK","detail":"0x0200 result=OK"}
{"ts":"2026-04-05T23:43:02.033Z","level":"INFO","device":"868120100005","event":"RX_MSG","detail":"0x8001 bodyLen=5"}
{"ts":"2026-04-05T23:43:02.033Z","level":"INFO","device":"868120100005","event":"SERVER_ACK","detail":"0x0800 result=OK"}
{"ts":"2026-04-05T23:43:02.034Z","level":"INFO","device":"868120100005","event":"RX_MSG","detail":"0x8001 bodyLen=5"}
{"ts":"2026-04-05T23:43:02.036Z","level":"INFO","device":"868120100005","event":"SERVER_ACK","detail":"0x0200 result=OK"}
{"ts":"2026-04-05T23:43:02.041Z","level":"INFO","device":"868120100002","event":"INCIDENT_SENT","detail":"mediaId=5 alarmId=86812010000200260405234302050200"}
{"ts":"2026-04-05T23:43:02.045Z","level":"INFO","device":"868120100002","event":"GPS_SENT","detail":""}
{"ts":"2026-04-05T23:43:02.102Z","level":"INFO","device":"868120100008","event":"RX_MSG","detail":"0x8001 bodyLen=5"}
{"ts":"2026-04-05T23:43:02.102Z","level":"INFO","device":"868120100008","event":"SERVER_ACK","detail":"0x0800 result=OK"}
{"ts":"2026-04-05T23:43:02.102Z","level":"INFO","device":"868120100008","event":"RX_MSG","detail":"0x8001 bodyLen=5"}
{"ts":"2026-04-05T23:43:02.102Z","level":"INFO","device":"868120100008","event":"SERVER_ACK","detail":"0x0200 result=OK"}
{"ts":"2026-04-05T23:43:02.117Z","level":"INFO","device":"291078985963","event":"RX_MSG","detail":"0x8001 bodyLen=5"}
{"ts":"2026-04-05T23:43:02.118Z","level":"INFO","device":"291078985963","event":"SERVER_ACK","detail":"0x0200 result=OK"}
{"ts":"2026-04-05T23:43:02.149Z","level":"INFO","device":"868120100009","event":"RX_MSG","detail":"0x8001 bodyLen=5"}
{"ts":"2026-04-05T23:43:02.150Z","level":"INFO","device":"868120100009","event":"SERVER_ACK","detail":"0x0800 result=OK"}
{"ts":"2026-04-05T23:43:02.150Z","level":"INFO","device":"868120100009","event":"RX_MSG","detail":"0x8001 bodyLen=5"}
{"ts":"2026-04-05T23:43:02.150Z","level":"INFO","device":"868120100009","event":"SERVER_ACK","detail":"0x0200 result=OK"}
{"ts":"2026-04-05T23:43:02.171Z","level":"INFO","device":"100000000010","event":"INCIDENT_SENT","detail":"mediaId=5 alarmId=10000000001000260405234302050200"}
{"ts":"2026-04-05T23:43:02.172Z","level":"INFO","device":"100000000010","event":"GPS_SENT","detail":""}
{"ts":"2026-04-05T23:43:02.178Z","level":"INFO","device":"868120100007","event":"INCIDENT_SENT","detail":"mediaId=5 alarmId=86812010000700260405234302050200"}
{"ts":"2026-04-05T23:43:02.178Z","level":"INFO","device":"868120100007","event":"GPS_SENT","detail":""}
{"ts":"2026-04-05T23:43:02.220Z","level":"INFO","device":"868120100004","event":"RX_MSG","detail":"0x8001 bodyLen=5"}
{"ts":"2026-04-05T23:43:02.220Z","level":"INFO","device":"868120100004","event":"SERVER_ACK","detail":"0x0800 result=OK"}
{"ts":"2026-04-05T23:43:02.220Z","level":"INFO","device":"868120100004","event":"RX_MSG","detail":"0x8001 bodyLen=5"}
{"ts":"2026-04-05T23:43:02.220Z","level":"INFO","device":"868120100004","event":"SERVER_ACK","detail":"0x0200 result=OK"}
{"ts":"2026-04-05T23:43:02.242Z","level":"INFO","device":"868120100002","event":"RX_MSG","detail":"0x8001 bodyLen=5"}
{"ts":"2026-04-05T23:43:02.242Z","level":"INFO","device":"868120100002","event":"SERVER_ACK","detail":"0x0200 result=OK"}
{"ts":"2026-04-05T23:43:02.344Z","level":"INFO","device":"868120100003","event":"RX_MSG","detail":"0x8001 bodyLen=5"}
{"ts":"2026-04-05T23:43:02.345Z","level":"INFO","device":"868120100003","event":"SERVER_ACK","detail":"0x0800 result=OK"}
{"ts":"2026-04-05T23:43:02.345Z","level":"INFO","device":"868120100003","event":"RX_MSG","detail":"0x8001 bodyLen=5"}
{"ts":"2026-04-05T23:43:02.345Z","level":"INFO","device":"868120100003","event":"SERVER_ACK","detail":"0x0200 result=OK"}
{"ts":"2026-04-05T23:43:02.372Z","level":"INFO","device":"100000000010","event":"RX_MSG","detail":"0x8001 bodyLen=5"}
{"ts":"2026-04-05T23:43:02.372Z","level":"INFO","device":"100000000010","event":"SERVER_ACK","detail":"0x0200 result=OK"}
{"ts":"2026-04-05T23:43:02.379Z","level":"INFO","device":"868120100007","event":"RX_MSG","detail":"0x8001 bodyLen=5"}
{"ts":"2026-04-05T23:43:02.381Z","level":"INFO","device":"868120100007","event":"SERVER_ACK","detail":"0x0200 result=OK"}
{"ts":"2026-04-05T23:43:02.439Z","level":"INFO","device":"291078985963","event":"RX_MSG","detail":"0x8001 bodyLen=5"}
{"ts":"2026-04-05T23:43:02.439Z","level":"INFO","device":"291078985963","event":"SERVER_ACK","detail":"0x0800 result=OK"}
{"ts":"2026-04-05T23:43:02.440Z","level":"INFO","device":"291078985963","event":"RX_MSG","detail":"0x8001 bodyLen=5"}
{"ts":"2026-04-05T23:43:02.440Z","level":"INFO","device":"291078985963","event":"SERVER_ACK","detail":"0x0200 result=OK"}
{"ts":"2026-04-05T23:43:02.553Z","level":"INFO","device":"868120100002","event":"RX_MSG","detail":"0x8001 bodyLen=5"}
{"ts":"2026-04-05T23:43:02.553Z","level":"INFO","device":"868120100002","event":"SERVER_ACK","detail":"0x0800 result=OK"}
{"ts":"2026-04-05T23:43:02.553Z","level":"INFO","device":"868120100002","event":"RX_MSG","detail":"0x8001 bodyLen=5"}
{"ts":"2026-04-05T23:43:02.553Z","level":"INFO","device":"868120100002","event":"SERVER_ACK","detail":"0x0200 result=OK"}
{"ts":"2026-04-05T23:43:02.677Z","level":"INFO","device":"100000000010","event":"RX_MSG","detail":"0x8001 bodyLen=5"}
{"ts":"2026-04-05T23:43:02.677Z","level":"INFO","device":"100000000010","event":"SERVER_ACK","detail":"0x0800 result=OK"}
{"ts":"2026-04-05T23:43:02.678Z","level":"INFO","device":"100000000010","event":"RX_MSG","detail":"0x8001 bodyLen=5"}
{"ts":"2026-04-05T23:43:02.678Z","level":"INFO","device":"100000000010","event":"SERVER_ACK","detail":"0x0200 result=OK"}
{"ts":"2026-04-05T23:43:02.708Z","level":"INFO","device":"868120100007","event":"RX_MSG","detail":"0x8001 bodyLen=5"}
{"ts":"2026-04-05T23:43:02.709Z","level":"INFO","device":"868120100007","event":"SERVER_ACK","detail":"0x0800 result=OK"}
{"ts":"2026-04-05T23:43:02.709Z","level":"INFO","device":"868120100007","event":"RX_MSG","detail":"0x8001 bodyLen=5"}
{"ts":"2026-04-05T23:43:02.709Z","level":"INFO","device":"868120100007","event":"SERVER_ACK","detail":"0x0200 result=OK"}
{"ts":"2026-04-05T23:43:05.567Z","level":"INFO","device":"291078985963","event":"HEARTBEAT_SENT","detail":"0x0002"}
{"ts":"2026-04-05T23:43:05.589Z","level":"INFO","device":"291078985963","event":"OBD2_SENT_0x0200","detail":"Lat: 51.727547, Lng: 0.495226 | Speed: 39km/h | RPM: 2349"}
{"ts":"2026-04-05T23:43:05.693Z","level":"INFO","device":"200000000002","event":"HEARTBEAT_SENT","detail":"0x0002"}
{"ts":"2026-04-05T23:43:05.695Z","level":"INFO","device":"200000000002","event":"OBD2_SENT_0x0200","detail":"Lat: 51.726710, Lng: 0.495645 | Speed: 48km/h | RPM: 2714"}
{"ts":"2026-04-05T23:43:05.778Z","level":"INFO","device":"291078985963","event":"SERVER_ACK","detail":"0x8001 Universal Reply Received"}
{"ts":"2026-04-05T23:43:05.840Z","level":"INFO","device":"200000000003","event":"HEARTBEAT_SENT","detail":"0x0002"}
{"ts":"2026-04-05T23:43:05.844Z","level":"INFO","device":"200000000003","event":"OBD2_SENT_0x0200","detail":"Lat: 51.726191, Lng: 0.495823 | Speed: 46km/h | RPM: 2652"}
{"ts":"2026-04-05T23:43:05.903Z","level":"INFO","device":"200000000002","event":"SERVER_ACK","detail":"0x8001 Universal Reply Received"}
{"ts":"2026-04-05T23:43:05.992Z","level":"INFO","device":"200000000004","event":"HEARTBEAT_SENT","detail":"0x0002"}
{"ts":"2026-04-05T23:43:05.995Z","level":"INFO","device":"200000000004","event":"OBD2_SENT_0x0200","detail":"Lat: 51.727957, Lng: 0.494986 | Speed: 33km/h | RPM: 2119"}
{"ts":"2026-04-05T23:43:06.051Z","level":"INFO","device":"200000000003","event":"SERVER_ACK","detail":"0x8001 Universal Reply Received"}
{"ts":"2026-04-05T23:43:06.108Z","level":"INFO","device":"291078985963","event":"SERVER_ACK","detail":"0x8001 Universal Reply Received"}
{"ts":"2026-04-05T23:43:06.140Z","level":"INFO","device":"200000000005","event":"HEARTBEAT_SENT","detail":"0x0002"}
{"ts":"2026-04-05T23:43:06.143Z","level":"INFO","device":"200000000005","event":"OBD2_SENT_0x0200","detail":"Lat: 51.732466, Lng: 0.489085 | Speed: 23km/h | RPM: 1739"}
{"ts":"2026-04-05T23:43:06.193Z","level":"INFO","device":"200000000004","event":"SERVER_ACK","detail":"0x8001 Universal Reply Received"}
{"ts":"2026-04-05T23:43:06.231Z","level":"INFO","device":"200000000002","event":"SERVER_ACK","detail":"0x8001 Universal Reply Received"}
{"ts":"2026-04-05T23:43:06.293Z","level":"INFO","device":"200000000006","event":"HEARTBEAT_SENT","detail":"0x0002"}
{"ts":"2026-04-05T23:43:06.295Z","level":"INFO","device":"200000000006","event":"OBD2_SENT_0x0200","detail":"Lat: 51.726648, Lng: 0.495676 | Speed: 53km/h | RPM: 2911"}
{"ts":"2026-04-05T23:43:06.342Z","level":"INFO","device":"200000000005","event":"SERVER_ACK","detail":"0x8001 Universal Reply Received"}
{"ts":"2026-04-05T23:43:06.388Z","level":"INFO","device":"200000000003","event":"SERVER_ACK","detail":"0x8001 Universal Reply Received"}
{"ts":"2026-04-05T23:43:06.440Z","level":"INFO","device":"200000000007","event":"HEARTBEAT_SENT","detail":"0x0002"}
{"ts":"2026-04-05T23:43:06.445Z","level":"INFO","device":"200000000007","event":"OBD2_SENT_0x0200","detail":"Lat: 51.732002, Lng: 0.490197 | Speed: 36km/h | RPM: 2227"}
{"ts":"2026-04-05T23:43:06.486Z","level":"INFO","device":"200000000006","event":"SERVER_ACK","detail":"0x8001 Universal Reply Received"}
{"ts":"2026-04-05T23:43:06.538Z","level":"INFO","device":"200000000004","event":"SERVER_ACK","detail":"0x8001 Universal Reply Received"}
{"ts":"2026-04-05T23:43:06.589Z","level":"INFO","device":"200000000008","event":"HEARTBEAT_SENT","detail":"0x0002"}
{"ts":"2026-04-05T23:43:06.593Z","level":"INFO","device":"200000000008","event":"OBD2_SENT_0x0200","detail":"Lat: 51.731827, Lng: 0.490546 | Speed: 37km/h | RPM: 2299"}
{"ts":"2026-04-05T23:43:06.624Z","level":"INFO","device":"200000000007","event":"SERVER_ACK","detail":"0x8001 Universal Reply Received"}
{"ts":"2026-04-05T23:43:06.664Z","level":"INFO","device":"200000000005","event":"SERVER_ACK","detail":"0x8001 Universal Reply Received"}
{"ts":"2026-04-05T23:43:06.744Z","level":"INFO","device":"200000000009","event":"HEARTBEAT_SENT","detail":"0x0002"}
{"ts":"2026-04-05T23:43:06.745Z","level":"INFO","device":"200000000009","event":"OBD2_SENT_0x0200","detail":"Lat: 51.728780, Lng: 0.494440 | Speed: 42km/h | RPM: 2481"}
{"ts":"2026-04-05T23:43:06.779Z","level":"INFO","device":"200000000008","event":"SERVER_ACK","detail":"0x8001 Universal Reply Received"}
{"ts":"2026-04-05T23:43:06.810Z","level":"INFO","device":"200000000006","event":"SERVER_ACK","detail":"0x8001 Universal Reply Received"}
{"ts":"2026-04-05T23:43:06.890Z","level":"INFO","device":"200000000010","event":"HEARTBEAT_SENT","detail":"0x0002"}
{"ts":"2026-04-05T23:43:06.891Z","level":"INFO","device":"200000000010","event":"OBD2_SENT_0x0200","detail":"Lat: 51.725653, Lng: 0.495984 | Speed: 49km/h | RPM: 2754"}
{"ts":"2026-04-05T23:43:06.921Z","level":"INFO","device":"200000000007","event":"SERVER_ACK","detail":"0x8001 Universal Reply Received"}
{"ts":"2026-04-05T23:43:06.927Z","level":"INFO","device":"200000000009","event":"SERVER_ACK","detail":"0x8001 Universal Reply Received"}
{"ts":"2026-04-05T23:43:07.077Z","level":"INFO","device":"200000000008","event":"SERVER_ACK","detail":"0x8001 Universal Reply Received"}
{"ts":"2026-04-05T23:43:07.102Z","level":"INFO","device":"200000000010","event":"SERVER_ACK","detail":"0x8001 Universal Reply Received"}
{"ts":"2026-04-05T23:43:07.232Z","level":"INFO","device":"200000000009","event":"SERVER_ACK","detail":"0x8001 Universal Reply Received"}
{"ts":"2026-04-05T23:43:07.445Z","level":"INFO","device":"200000000010","event":"SERVER_ACK","detail":"0x8001 Universal Reply Received"}
{"ts":"2026-04-05T23:43:11.673Z","level":"INFO","device":"868120100006","event":"RX_MSG","detail":"0x9208 bodyLen=81"}
{"ts":"2026-04-05T23:43:11.674Z","level":"INFO","device":"868120100006","event":"9208_RAW","detail":"0C35342E33372E3232352E36350D32000086812010000600260405233616060200383638313230313030303036303032363034303532333336313630363032303000000000000000000000000000000000"}
{"ts":"2026-04-05T23:43:11.674Z","level":"INFO","device":"868120100006","event":"UPLOAD_TRIGGERED","detail":"media: 54.37.225.65:3378 | alarmId: 86812010000600260405233616060200"}
{"ts":"2026-04-05T23:43:11.674Z","level":"INFO","device":"868120100006","event":"MEDIA_CONNECTING","detail":"54.37.225.65:3378 files=2"}
{"ts":"2026-04-05T23:43:11.733Z","level":"INFO","device":"868120100005","event":"RX_MSG","detail":"0x9208 bodyLen=81"}
{"ts":"2026-04-05T23:43:11.733Z","level":"INFO","device":"868120100005","event":"9208_RAW","detail":"0C35342E33372E3232352E36350D32000086812010000500260405233616060200383638313230313030303035303032363034303532333336313630363032303000000000000000000000000000000000"}
{"ts":"2026-04-05T23:43:11.733Z","level":"INFO","device":"868120100005","event":"UPLOAD_TRIGGERED","detail":"media: 54.37.225.65:3378 | alarmId: 86812010000500260405233616060200"}
{"ts":"2026-04-05T23:43:11.733Z","level":"INFO","device":"868120100005","event":"MEDIA_CONNECTING","detail":"54.37.225.65:3378 files=2"}
{"ts":"2026-04-05T23:43:11.771Z","level":"INFO","device":"868120100008","event":"RX_MSG","detail":"0x9208 bodyLen=81"}
{"ts":"2026-04-05T23:43:11.771Z","level":"INFO","device":"868120100008","event":"9208_RAW","detail":"0C35342E33372E3232352E36350D32000086812010000800260405233617060200383638313230313030303038303032363034303532333336313730363032303000000000000000000000000000000000"}
{"ts":"2026-04-05T23:43:11.771Z","level":"INFO","device":"868120100008","event":"UPLOAD_TRIGGERED","detail":"media: 54.37.225.65:3378 | alarmId: 86812010000800260405233617060200"}
{"ts":"2026-04-05T23:43:11.771Z","level":"INFO","device":"868120100008","event":"MEDIA_CONNECTING","detail":"54.37.225.65:3378 files=2"}
{"ts":"2026-04-05T23:43:11.842Z","level":"INFO","device":"868120100009","event":"RX_MSG","detail":"0x9208 bodyLen=81"}
{"ts":"2026-04-05T23:43:11.843Z","level":"INFO","device":"868120100009","event":"9208_RAW","detail":"0C35342E33372E3232352E36350D32000086812010000900260405233617060200383638313230313030303039303032363034303532333336313730363032303000000000000000000000000000000000"}
{"ts":"2026-04-05T23:43:11.843Z","level":"INFO","device":"868120100009","event":"UPLOAD_TRIGGERED","detail":"media: 54.37.225.65:3378 | alarmId: 86812010000900260405233617060200"}
{"ts":"2026-04-05T23:43:11.843Z","level":"INFO","device":"868120100009","event":"MEDIA_CONNECTING","detail":"54.37.225.65:3378 files=2"}
{"ts":"2026-04-05T23:43:11.876Z","level":"INFO","device":"868120100006","event":"MEDIA_CONNECTED","detail":"54.37.225.65:3378"}
{"ts":"2026-04-05T23:43:11.876Z","level":"INFO","device":"868120100006","event":"FILE_START","detail":"[1/2] 00_64_6401_00_86812010000600260405233616060200.jpg (215 bytes)"}
{"ts":"2026-04-05T23:43:11.876Z","level":"INFO","device":"868120100006","event":"SENT_1210","detail":"00_64_6401_00_86812010000600260405233616060200.jpg"}
{"ts":"2026-04-05T23:43:11.916Z","level":"INFO","device":"868120100004","event":"RX_MSG","detail":"0x9208 bodyLen=81"}
{"ts":"2026-04-05T23:43:11.916Z","level":"INFO","device":"868120100004","event":"9208_RAW","detail":"0C35342E33372E3232352E36350D32000086812010000400260405233616060200383638313230313030303034303032363034303532333336313630363032303000000000000000000000000000000000"}
{"ts":"2026-04-05T23:43:11.916Z","level":"INFO","device":"868120100004","event":"UPLOAD_TRIGGERED","detail":"media: 54.37.225.65:3378 | alarmId: 86812010000400260405233616060200"}
{"ts":"2026-04-05T23:43:11.916Z","level":"INFO","device":"868120100004","event":"MEDIA_CONNECTING","detail":"54.37.225.65:3378 files=2"}
{"ts":"2026-04-05T23:43:11.964Z","level":"INFO","device":"868120100008","event":"MEDIA_CONNECTED","detail":"54.37.225.65:3378"}
{"ts":"2026-04-05T23:43:11.964Z","level":"INFO","device":"868120100008","event":"FILE_START","detail":"[1/2] 00_64_6401_00_86812010000800260405233617060200.jpg (215 bytes)"}
{"ts":"2026-04-05T23:43:11.964Z","level":"INFO","device":"868120100008","event":"SENT_1210","detail":"00_64_6401_00_86812010000800260405233617060200.jpg"}
{"ts":"2026-04-05T23:43:12.027Z","level":"INFO","device":"868120100009","event":"MEDIA_CONNECTED","detail":"54.37.225.65:3378"}
{"ts":"2026-04-05T23:43:12.028Z","level":"INFO","device":"868120100009","event":"FILE_START","detail":"[1/2] 00_64_6401_00_86812010000900260405233617060200.jpg (215 bytes)"}
{"ts":"2026-04-05T23:43:12.028Z","level":"INFO","device":"868120100009","event":"SENT_1210","detail":"00_64_6401_00_86812010000900260405233617060200.jpg"}
{"ts":"2026-04-05T23:43:12.046Z","level":"INFO","device":"868120100003","event":"RX_MSG","detail":"0x9208 bodyLen=81"}
{"ts":"2026-04-05T23:43:12.046Z","level":"INFO","device":"868120100003","event":"9208_RAW","detail":"0C35342E33372E3232352E36350D32000086812010000300260405233616060200383638313230313030303033303032363034303532333336313630363032303000000000000000000000000000000000"}
{"ts":"2026-04-05T23:43:12.047Z","level":"INFO","device":"868120100003","event":"UPLOAD_TRIGGERED","detail":"media: 54.37.225.65:3378 | alarmId: 86812010000300260405233616060200"}
{"ts":"2026-04-05T23:43:12.047Z","level":"INFO","device":"868120100003","event":"MEDIA_CONNECTING","detail":"54.37.225.65:3378 files=2"}
{"ts":"2026-04-05T23:43:12.078Z","level":"INFO","device":"868120100006","event":"MEDIA_RX","detail":"7E 80 01 00 05 86 81 20 10 00 06 AB 61 00 00 12 10 00 7D 01 7E"}
{"ts":"2026-04-05T23:43:12.126Z","level":"INFO","device":"868120100004","event":"MEDIA_CONNECTED","detail":"54.37.225.65:3378"}
{"ts":"2026-04-05T23:43:12.126Z","level":"INFO","device":"868120100004","event":"FILE_START","detail":"[1/2] 00_64_6401_00_86812010000400260405233616060200.jpg (215 bytes)"}
{"ts":"2026-04-05T23:43:12.126Z","level":"INFO","device":"868120100004","event":"SENT_1210","detail":"00_64_6401_00_86812010000400260405233616060200.jpg"}
{"ts":"2026-04-05T23:43:12.132Z","level":"INFO","device":"291078985963","event":"RX_MSG","detail":"0x9208 bodyLen=81"}
{"ts":"2026-04-05T23:43:12.133Z","level":"INFO","device":"291078985963","event":"9208_RAW","detail":"0C35342E33372E3232352E36350D32000029107898596300260405233616060200323931303738393835393633303032363034303532333336313630363032303000000000000000000000000000000000"}
{"ts":"2026-04-05T23:43:12.133Z","level":"INFO","device":"291078985963","event":"UPLOAD_TRIGGERED","detail":"media: 54.37.225.65:3378 | alarmId: 29107898596300260405233616060200"}
{"ts":"2026-04-05T23:43:12.133Z","level":"INFO","device":"291078985963","event":"MEDIA_CONNECTING","detail":"54.37.225.65:3378 files=2"}
{"ts":"2026-04-05T23:43:12.158Z","level":"INFO","device":"868120100008","event":"MEDIA_RX","detail":"7E 80 01 00 05 86 81 20 10 00 08 4D AA 00 00 12 10 00 5E 7E"}
{"ts":"2026-04-05T23:43:12.177Z","level":"INFO","device":"868120100006","event":"SENT_1212","detail":"00_64_6401_00_86812010000600260405233616060200.jpg"}
{"ts":"2026-04-05T23:43:12.214Z","level":"INFO","device":"868120100009","event":"MEDIA_RX","detail":"7E 80 01 00 05 86 81 20 10 00 09 C7 B6 00 00 12 10 00 C9 7E"}
{"ts":"2026-04-05T23:43:12.251Z","level":"INFO","device":"868120100003","event":"MEDIA_CONNECTED","detail":"54.37.225.65:3378"}
{"ts":"2026-04-05T23:43:12.251Z","level":"INFO","device":"868120100003","event":"FILE_START","detail":"[1/2] 00_64_6401_00_86812010000300260405233616060200.jpg (215 bytes)"}
{"ts":"2026-04-05T23:43:12.252Z","level":"INFO","device":"868120100003","event":"SENT_1210","detail":"00_64_6401_00_86812010000300260405233616060200.jpg"}
{"ts":"2026-04-05T23:43:12.262Z","level":"INFO","device":"868120100002","event":"RX_MSG","detail":"0x9208 bodyLen=81"}
{"ts":"2026-04-05T23:43:12.262Z","level":"INFO","device":"868120100002","event":"9208_RAW","detail":"0C35342E33372E3232352E36350D32000086812010000200260405233616060200383638313230313030303032303032363034303532333336313630363032303000000000000000000000000000000000"}
{"ts":"2026-04-05T23:43:12.262Z","level":"INFO","device":"868120100002","event":"UPLOAD_TRIGGERED","detail":"media: 54.37.225.65:3378 | alarmId: 86812010000200260405233616060200"}
{"ts":"2026-04-05T23:43:12.263Z","level":"INFO","device":"868120100002","event":"MEDIA_CONNECTING","detail":"54.37.225.65:3378 files=2"}
{"ts":"2026-04-05T23:43:12.265Z","level":"INFO","device":"868120100008","event":"SENT_1212","detail":"00_64_6401_00_86812010000800260405233617060200.jpg"}
{"ts":"2026-04-05T23:43:12.277Z","level":"INFO","device":"868120100006","event":"MEDIA_RX","detail":"7E 80 01 00 05 86 81 20 10 00 06 9F C7 00 01 12 11 00 EF 7E"}
{"ts":"2026-04-05T23:43:12.329Z","level":"INFO","device":"868120100009","event":"SENT_1212","detail":"00_64_6401_00_86812010000900260405233617060200.jpg"}
{"ts":"2026-04-05T23:43:12.337Z","level":"INFO","device":"868120100004","event":"MEDIA_RX","detail":"7E 80 01 00 05 86 81 20 10 00 04 B5 F9 00 00 12 10 00 F9 7E"}
{"ts":"2026-04-05T23:43:12.343Z","level":"INFO","device":"291078985963","event":"MEDIA_CONNECTED","detail":"54.37.225.65:3378"}
{"ts":"2026-04-05T23:43:12.343Z","level":"INFO","device":"291078985963","event":"FILE_START","detail":"[1/2] 00_64_6401_00_29107898596300260405233616060200.jpg (215 bytes)"}
{"ts":"2026-04-05T23:43:12.343Z","level":"INFO","device":"291078985963","event":"SENT_1210","detail":"00_64_6401_00_29107898596300260405233616060200.jpg"}
{"ts":"2026-04-05T23:43:12.349Z","level":"INFO","device":"868120100008","event":"MEDIA_RX","detail":"7E 80 01 00 05 86 81 20 10 00 08 EC 39 00 01 12 11 00 6C 7E"}
{"ts":"2026-04-05T23:43:12.389Z","level":"INFO","device":"100000000010","event":"RX_MSG","detail":"0x9208 bodyLen=81"}
{"ts":"2026-04-05T23:43:12.392Z","level":"INFO","device":"100000000010","event":"9208_RAW","detail":"0C35342E33372E3232352E36350D32000010000000001000260405233617060200313030303030303030303130303032363034303532333336313730363032303000000000000000000000000000000000"}
{"ts":"2026-04-05T23:43:12.393Z","level":"INFO","device":"100000000010","event":"UPLOAD_TRIGGERED","detail":"media: 54.37.225.65:3378 | alarmId: 10000000001000260405233617060200"}
{"ts":"2026-04-05T23:43:12.393Z","level":"INFO","device":"100000000010","event":"MEDIA_CONNECTING","detail":"54.37.225.65:3378 files=2"}
{"ts":"2026-04-05T23:43:12.396Z","level":"INFO","device":"868120100009","event":"MEDIA_RX","detail":"7E 80 01 00 05 86 81 20 10 00 09 77 18 00 01 12 11 00 D7 7E"}
{"ts":"2026-04-05T23:43:12.396Z","level":"INFO","device":"868120100007","event":"RX_MSG","detail":"0x9208 bodyLen=81"}
{"ts":"2026-04-05T23:43:12.397Z","level":"INFO","device":"868120100007","event":"9208_RAW","detail":"0C35342E33372E3232352E36350D32000086812010000700260405233617060200383638313230313030303037303032363034303532333336313730363032303000000000000000000000000000000000"}
{"ts":"2026-04-05T23:43:12.397Z","level":"INFO","device":"868120100007","event":"UPLOAD_TRIGGERED","detail":"media: 54.37.225.65:3378 | alarmId: 86812010000700260405233617060200"}
{"ts":"2026-04-05T23:43:12.397Z","level":"INFO","device":"868120100007","event":"MEDIA_CONNECTING","detail":"54.37.225.65:3378 files=2"}
{"ts":"2026-04-05T23:43:12.427Z","level":"INFO","device":"868120100004","event":"SENT_1212","detail":"00_64_6401_00_86812010000400260405233616060200.jpg"}
{"ts":"2026-04-05T23:43:12.457Z","level":"INFO","device":"868120100003","event":"MEDIA_RX","detail":"7E 80 01 00 05 86 81 20 10 00 03 54 F7 00 00 12 10 00 11 7E"}
{"ts":"2026-04-05T23:43:12.473Z","level":"INFO","device":"868120100002","event":"MEDIA_CONNECTED","detail":"54.37.225.65:3378"}
{"ts":"2026-04-05T23:43:12.473Z","level":"INFO","device":"868120100002","event":"FILE_START","detail":"[1/2] 00_64_6401_00_86812010000200260405233616060200.jpg (215 bytes)"}
{"ts":"2026-04-05T23:43:12.473Z","level":"INFO","device":"868120100002","event":"SENT_1210","detail":"00_64_6401_00_86812010000200260405233616060200.jpg"}
{"ts":"2026-04-05T23:43:12.477Z","level":"INFO","device":"868120100006","event":"FILE_START","detail":"[2/2] 02_64_6401_03_86812010000600260405233616060200.mp4 (65536 bytes)"}
{"ts":"2026-04-05T23:43:12.478Z","level":"INFO","device":"868120100006","event":"SENT_1210","detail":"02_64_6401_03_86812010000600260405233616060200.mp4"}
{"ts":"2026-04-05T23:43:12.544Z","level":"INFO","device":"868120100004","event":"MEDIA_RX","detail":"7E 80 01 00 05 86 81 20 10 00 04 07 06 00 01 12 11 00 B4 7E"}
{"ts":"2026-04-05T23:43:12.552Z","level":"INFO","device":"868120100003","event":"SENT_1212","detail":"00_64_6401_00_86812010000300260405233616060200.jpg"}
{"ts":"2026-04-05T23:43:12.556Z","level":"INFO","device":"291078985963","event":"MEDIA_RX","detail":"7E 80 01 00 05 29 10 78 98 59 63 46 93 00 00 12 10 00 B0 7E"}
{"ts":"2026-04-05T23:43:12.565Z","level":"INFO","device":"868120100008","event":"FILE_START","detail":"[2/2] 02_64_6401_03_86812010000800260405233617060200.mp4 (65536 bytes)"}
{"ts":"2026-04-05T23:43:12.565Z","level":"INFO","device":"868120100008","event":"SENT_1210","detail":"02_64_6401_03_86812010000800260405233617060200.mp4"}
{"ts":"2026-04-05T23:43:12.585Z","level":"INFO","device":"868120100007","event":"MEDIA_CONNECTED","detail":"54.37.225.65:3378"}
{"ts":"2026-04-05T23:43:12.586Z","level":"INFO","device":"868120100007","event":"FILE_START","detail":"[1/2] 00_64_6401_00_86812010000700260405233617060200.jpg (215 bytes)"}
{"ts":"2026-04-05T23:43:12.586Z","level":"INFO","device":"868120100007","event":"SENT_1210","detail":"00_64_6401_00_86812010000700260405233617060200.jpg"}
{"ts":"2026-04-05T23:43:12.595Z","level":"INFO","device":"100000000010","event":"MEDIA_CONNECTED","detail":"54.37.225.65:3378"}
{"ts":"2026-04-05T23:43:12.596Z","level":"INFO","device":"100000000010","event":"FILE_START","detail":"[1/2] 00_64_6401_00_10000000001000260405233617060200.jpg (215 bytes)"}
{"ts":"2026-04-05T23:43:12.596Z","level":"INFO","device":"100000000010","event":"SENT_1210","detail":"00_64_6401_00_10000000001000260405233617060200.jpg"}
{"ts":"2026-04-05T23:43:12.598Z","level":"INFO","device":"868120100006","event":"MEDIA_RX","detail":"7E 92 12 00 36 86 81 20 10 00 06 DF 5E 32 30 30 5F 36 34 5F 36 34 30 31 5F 30 30 5F 38 36 38 31 32 30 31 30 30 30 30 36 30 30 32 36 30 34 30 35 32 33 33 36 31 36 30 36 30 32 30 30 2E 6A 70 67 00 00 00 66 7E"}
{"ts":"2026-04-05T23:43:12.629Z","level":"INFO","device":"868120100009","event":"FILE_START","detail":"[2/2] 02_64_6401_03_86812010000900260405233617060200.mp4 (65536 bytes)"}
{"ts":"2026-04-05T23:43:12.630Z","level":"INFO","device":"868120100009","event":"SENT_1210","detail":"02_64_6401_03_86812010000900260405233617060200.mp4"}
{"ts":"2026-04-05T23:43:12.644Z","level":"INFO","device":"291078985963","event":"SENT_1212","detail":"00_64_6401_00_29107898596300260405233616060200.jpg"}
{"ts":"2026-04-05T23:43:12.655Z","level":"INFO","device":"868120100003","event":"MEDIA_RX","detail":"7E 80 01 00 05 86 81 20 10 00 03 6B F6 00 01 12 11 00 2F 7E"}
{"ts":"2026-04-05T23:43:12.684Z","level":"INFO","device":"868120100002","event":"MEDIA_RX","detail":"7E 80 01 00 05 86 81 20 10 00 02 88 DD 00 00 12 10 00 E6 7E"}
{"ts":"2026-04-05T23:43:12.684Z","level":"INFO","device":"868120100008","event":"MEDIA_RX","detail":"7E 92 12 00 36 86 81 20 10 00 08 CC 7A 32 30 30 5F 36 34 5F 36 34 30 31 5F 30 30 5F 38 36 38 31 32 30 31 30 30 30 30 38 30 30 32 36 30 34 30 35 32 33 33 36 31 37 30 36 30 32 30 30 2E 6A 70 67 00 00 00 50 7E"}
{"ts":"2026-04-05T23:43:12.706Z","level":"INFO","device":"868120100009","event":"MEDIA_RX","detail":"7E 92 12 00 36 86 81 20 10 00 09 AD 36 32 30 30 5F 36 34 5F 36 34 30 31 5F 30 30 5F 38 36 38 31 32 30 31 30 30 30 30 39 30 30 32 36 30 34 30 35 32 33 33 36 31 37 30 36 30 32 30 30 2E 6A 70 67 00 00 00 7D 01 7E"}
{"ts":"2026-04-05T23:43:12.727Z","level":"INFO","device":"868120100004","event":"FILE_START","detail":"[2/2] 02_64_6401_03_86812010000400260405233616060200.mp4 (65536 bytes)"}
{"ts":"2026-04-05T23:43:12.727Z","level":"INFO","device":"868120100004","event":"SENT_1210","detail":"02_64_6401_03_86812010000400260405233616060200.mp4"}
{"ts":"2026-04-05T23:43:12.761Z","level":"INFO","device":"291078985963","event":"MEDIA_RX","detail":"7E 80 01 00 05 29 10 78 98 59 63 96 A1 00 01 12 11 00 52 7E"}
{"ts":"2026-04-05T23:43:12.773Z","level":"INFO","device":"868120100002","event":"SENT_1212","detail":"00_64_6401_00_86812010000200260405233616060200.jpg"}
{"ts":"2026-04-05T23:43:12.774Z","level":"INFO","device":"868120100007","event":"MEDIA_RX","detail":"7E 80 01 00 05 86 81 20 10 00 07 D9 D6 00 00 12 10 00 B9 7E"}
{"ts":"2026-04-05T23:43:12.785Z","level":"INFO","device":"868120100006","event":"SENT_1212","detail":"02_64_6401_03_86812010000600260405233616060200.mp4"}
{"ts":"2026-04-05T23:43:12.809Z","level":"INFO","device":"100000000010","event":"MEDIA_RX","detail":"7E 80 01 00 05 10 00 00 00 00 10 FD 3C 00 00 12 10 00 47 7E"}
{"ts":"2026-04-05T23:43:12.853Z","level":"INFO","device":"868120100003","event":"FILE_START","detail":"[2/2] 02_64_6401_03_86812010000300260405233616060200.mp4 (65536 bytes)"}
{"ts":"2026-04-05T23:43:12.855Z","level":"INFO","device":"868120100003","event":"SENT_1210","detail":"02_64_6401_03_86812010000300260405233616060200.mp4"}
{"ts":"2026-04-05T23:43:12.869Z","level":"INFO","device":"868120100008","event":"SENT_1212","detail":"02_64_6401_03_86812010000800260405233617060200.mp4"}
{"ts":"2026-04-05T23:43:12.877Z","level":"INFO","device":"868120100006","event":"MEDIA_RX","detail":"7E 80 01 00 05 86 81 20 10 00 06 53 F3 00 03 12 10 00 14 7E 7E 80 01 00 05 86 81 20 10 00 06 23 86 00 04 12 11 00 17 7E 7E 80 01 00 05 86 81 20 10 00 06 5B 33 00 05 12 11 00 DB 7E 7E 80 01 00 05 86 81 20 10 00 06 4E C4 00 06 12 11 00 3A 7E 7E 80 01 00 05 86 81 20 10 00 06 61 2E 00 07 12 11 00 FE 7E 7E 80 01 00 05 86 81 20 10 00 06 11 3A 00 08 12 11 00 95 7E 7E 80 01 00 05 86 81 20 10 00 06 09 71 00 09 12 11 00 C7 7E 7E 80 01 00 05 86 81 20 10 00 06 0F AF 00 0A 12 11 00 1C 7E 7E 80 01 00 05 86 81 20 10 00 06 9D BF 00 0B 12 11 00 9F 7E 7E 80 01 00 05 86 81 20 10 00 06 A3 C8 00 0C 12 11 00 D1 7E 7E 80 01 00 05 86 81 20 10 00 06 EC 74 00 0D 12 11 00 23 7E 7E 80 01 00 05 86 81 20 10 00 06 7B 3A 00 0E 12 11 00 F9 7E 7E 80 01 00 05 86 81 20 10 00 06 4A 41 00 0F 12 11 00 B2 7E 7E 80 01 00 05 86 81 20 10 00 06 12 98 00 10 12 11 00 2C 7E 7E 80 01 00 05 86 81 20 10 00 06 D1 F0 00 11 12 11 00 86 7E 7E 80 01 00 05 86 81 20 10 00 06 22 DD 00 12 12 11 00 5B 7E 7E 80 01 00 05 86 81 20 10 00 06 8F 6A 00 13 12 11 00 40 7E 7E 80 01 00 05 86 81 20 10 00 06 D4 92 00 14 12 11 00 E4 7E 7E 80 01 00 05 86 81 20 10 00 06 54 B4 00 15 12 11 00 43 7E 7E 80 01 00 05 86 81 20 10 00 06 50 4A 00 16 12 11 00 BA 7E 7E 80 01 00 05 86 81 20 10 00 06 E2 F0 00 17 12 11 00 B3 7E 7E 80 01 00 05 86 81 20 10 00 06 0A BC 00 18 12 11 00 18 7E 7E 80 01 00 05 86 81 20 10 00 06 6C FB 00 19 12 11 00 38 7E 7E 80 01 00 05 86 81 20 10 00 06 66 13 00 1A 12 11 00 D9 7E 7E 80 01 00 05 86 81 20 10 00 06 65 48 00 1B 12 11 00 80 7E 7E 80 01 00 05 86 81 20 10 00 06 B8 12 00 1C 12 11 00 00 7E 7E 80 01 00 05 86 81 20 10 00 06 14 FC 00 1D 12 11 00 43 7E 7E 80 01 00 05 86 81 20 10 00 06 EC 8C 00 1E 12 11 00 C8 7E 7E 80 01 00 05 86 81 20 10 00 06 68 31 00 1F 12 11 00 F0 7E 7E 80 01 00 05 86 81 20 10 00 06 7D 01 F3 00 20 12 11 00 18 7E 7E 80 01 00 05 86 81 20 10 00 06 BB E2 00 21 12 11 00 CE 7E 7E 80 01 00 05 86 81 20 10 00 06 49 C9 00 22 12 11 00 14 7E 7E 80 01 00 05 86 81 20 10 00 06 2A 34 00 23 12 11 00 8B 7E 7E 80 01 00 05 86 81 20 10 00 06 E2 AF 00 24 12 11 00 DF 7E"}
{"ts":"2026-04-05T23:43:12.886Z","level":"INFO","device":"868120100007","event":"SENT_1212","detail":"00_64_6401_00_86812010000700260405233617060200.jpg"}
{"ts":"2026-04-05T23:43:12.887Z","level":"INFO","device":"868120100004","event":"MEDIA_RX","detail":"7E 92 12 00 36 86 81 20 10 00 04 E5 50 32 30 30 5F 36 34 5F 36 34 30 31 5F 30 30 5F 38 36 38 31 32 30 31 30 30 30 30 34 30 30 32 36 30 34 30 35 32 33 33 36 31 36 30 36 30 32 30 30 2E 6A 70 67 00 00 00 52 7E"}
{"ts":"2026-04-05T23:43:12.892Z","level":"INFO","device":"868120100002","event":"MEDIA_RX","detail":"7E 80 01 00 05 86 81 20 10 00 02 44 B9 00 01 12 11 00 4E 7E"}
{"ts":"2026-04-05T23:43:12.896Z","level":"INFO","device":"100000000010","event":"SENT_1212","detail":"00_64_6401_00_10000000001000260405233617060200.jpg"}
{"ts":"2026-04-05T23:43:12.914Z","level":"INFO","device":"868120100009","event":"MEDIA_RX","detail":"7E 80 01 00 05 86 81 20 10 00 09 08 DB 00 03 12 10 00 68 7E"}
{"ts":"2026-04-05T23:43:12.935Z","level":"INFO","device":"868120100009","event":"SENT_1212","detail":"02_64_6401_03_86812010000900260405233617060200.mp4"}
{"ts":"2026-04-05T23:43:12.945Z","level":"INFO","device":"291078985963","event":"FILE_START","detail":"[2/2] 02_64_6401_03_29107898596300260405233616060200.mp4 (65536 bytes)"}
{"ts":"2026-04-05T23:43:12.945Z","level":"INFO","device":"291078985963","event":"SENT_1210","detail":"02_64_6401_03_29107898596300260405233616060200.mp4"}
{"ts":"2026-04-05T23:43:12.949Z","level":"INFO","device":"868120100008","event":"MEDIA_RX","detail":"7E 80 01 00 05 86 81 20 10 00 08 A4 C2 00 03 12 10 00 DC 7E 7E 80 01 00 05 86 81 20 10 00 08 9E A5 00 04 12 11 00 87 7E 7E 80 01 00 05 86 81 20 10 00 08 36 31 00 05 12 11 00 BA 7E 7E 80 01 00 05 86 81 20 10 00 08 2D FF 00 06 12 11 00 6C 7E 7E 80 01 00 05 86 81 20 10 00 08 88 81 00 07 12 11 00 B6 7E 7E 80 01 00 05 86 81 20 10 00 08 FC 1F 00 08 12 11 00 53 7E 7E 80 01 00 05 86 81 20 10 00 08 84 CC 00 09 12 11 00 F9 7E 7E 80 01 00 05 86 81 20 10 00 08 6E 60 00 0A 12 11 00 BC 7E 7E 80 01 00 05 86 81 20 10 00 08 25 0F 00 0B 12 11 00 99 7E 7E 80 01 00 05 86 81 20 10 00 08 6B D1 00 0C 12 11 00 0E 7E 7E 80 01 00 05 86 81 20 10 00 08 66 FD 00 0D 12 11 00 2E 7E 7E 80 01 00 05 86 81 20 10 00 08 8B 79 00 0E 12 11 00 44 7E 7E 80 01 00 05 86 81 20 10 00 08 75 8D 00 0F 12 11 00 4F 7E 7E 80 01 00 05 86 81 20 10 00 08 57 18 00 10 12 11 00 E7 7E 7E 80 01 00 05 86 81 20 10 00 08 35 CB 00 11 12 11 00 57 7E 7E 80 01 00 05 86 81 20 10 00 08 D8 77 00 12 12 11 00 05 7E 7E 80 01 00 05 86 81 20 10 00 08 66 97 00 13 12 11 00 5A 7E 7E 80 01 00 05 86 81 20 10 00 08 DF 26 00 14 12 11 00 55 7E 7E 80 01 00 05 86 81 20 10 00 08 46 F0 00 15 12 11 00 1B 7E 7E 80 01 00 05 86 81 20 10 00 08 A8 9E 00 16 12 11 00 98 7E 7E 80 01 00 05 86 81 20 10 00 08 B8 F7 00 17 12 11 00 E0 7E 7E 80 01 00 05 86 81 20 10 00 08 4B 30 00 18 12 11 00 DB 7E 7E 80 01 00 05 86 81 20 10 00 08 5E 7C 00 19 12 11 00 83 7E 7E 80 01 00 05 86 81 20 10 00 08 A1 CE 00 1A 12 11 00 CD 7E 7E 80 01 00 05 86 81 20 10 00 08 94 49 00 1B 12 11 00 7D 02 7E 7E 80 01 00 05 86 81 20 10 00 08 6E 5F 00 1C 12 11 00 95 7E 7E 80 01 00 05 86 81 20 10 00 08 D0 DF 00 1D 12 11 00 AA 7E 7E 80 01 00 05 86 81 20 10 00 08 25 CD 00 1E 12 11 00 4E 7E 7E 80 01 00 05 86 81 20 10 00 08 AE 0C 00 1F 12 11 00 05 7E 7E 80 01 00 05 86 81 20 10 00 08 5F D0 00 20 12 11 00 17 7E 7E 80 01 00 05 86 81 20 10 00 08 EA 2B 00 21 12 11 00 58 7E 7E 80 01 00 05 86 81 20 10 00 08 C6 BC 00 22 12 11 00 E0 7E 7E 80 01 00 05 86 81 20 10 00 08 CD E4 00 23 12 11 00 B2 7E 7E 80 01 00 05 86 81 20 10 00 08 EF 4E 00 24 12 11 00 3D 7E"}
{"ts":"2026-04-05T23:43:12.961Z","level":"INFO","device":"868120100007","event":"MEDIA_RX","detail":"7E 80 01 00 05 86 81 20 10 00 07 AB 44 00 01 12 11 00 59 7E"}
{"ts":"2026-04-05T23:43:12.974Z","level":"INFO","device":"868120100003","event":"MEDIA_RX","detail":"7E 92 12 00 36 86 81 20 10 00 03 30 BA 32 30 30 5F 36 34 5F 36 34 30 31 5F 30 30 5F 38 36 38 31 32 30 31 30 30 30 30 33 30 30 32 36 30 34 30 35 32 33 33 36 31 36 30 36 30 32 30 30 2E 6A 70 67 00 00 00 6D 7E"}
{"ts":"2026-04-05T23:43:12.984Z","level":"INFO","device":"868120100005","event":"MEDIA_CONNECTED","detail":"54.37.225.65:3378"}
{"ts":"2026-04-05T23:43:12.984Z","level":"INFO","device":"868120100005","event":"FILE_START","detail":"[1/2] 00_64_6401_00_86812010000500260405233616060200.jpg (215 bytes)"}
{"ts":"2026-04-05T23:43:12.984Z","level":"INFO","device":"868120100005","event":"SENT_1210","detail":"00_64_6401_00_86812010000500260405233616060200.jpg"}
{"ts":"2026-04-05T23:43:13.008Z","level":"INFO","device":"100000000010","event":"MEDIA_RX","detail":"7E 80 01 00 05 10 00 00 00 00 10 E3 6C 00 01 12 11 00 09 7E"}
{"ts":"2026-04-05T23:43:13.033Z","level":"INFO","device":"868120100004","event":"SENT_1212","detail":"02_64_6401_03_86812010000400260405233616060200.mp4"}
{"ts":"2026-04-05T23:43:13.074Z","level":"INFO","device":"868120100002","event":"FILE_START","detail":"[2/2] 02_64_6401_03_86812010000200260405233616060200.mp4 (65536 bytes)"}
{"ts":"2026-04-05T23:43:13.074Z","level":"INFO","device":"868120100002","event":"SENT_1210","detail":"02_64_6401_03_86812010000200260405233616060200.mp4"}
{"ts":"2026-04-05T23:43:13.087Z","level":"INFO","device":"868120100006","event":"BATCH_COMPLETE","detail":"All 2 files sent"}
{"ts":"2026-04-05T23:43:13.096Z","level":"INFO","device":"868120100009","event":"MEDIA_RX","detail":"7E 80 01 00 05 86 81 20 10 00 09 7A 7A 00 04 12 11 00 BD 7E 7E 80 01 00 05 86 81 20 10 00 09 72 D8 00 05 12 11 00 16 7E 7E 80 01 00 05 86 81 20 10 00 09 E1 03 00 06 12 11 00 5D 7E 7E 80 01 00 05 86 81 20 10 00 09 B7 F5 00 07 12 11 00 FC 7E 7E 80 01 00 05 86 81 20 10 00 09 41 03 00 08 12 11 00 F3 7E 7E 80 01 00 05 86 81 20 10 00 09 06 05 00 09 12 11 00 B3 7E 7E 80 01 00 05 86 81 20 10 00 09 C2 12 00 0A 12 11 00 63 7E 7E 80 01 00 05 86 81 20 10 00 09 C0 E4 00 0B 12 11 00 96 7E 7E 80 01 00 05 86 81 20 10 00 09 BF DE 00 0C 12 11 00 D4 7E 7E 80 01 00 05 86 81 20 10 00 09 74 C1 00 0D 12 11 00 01 7E 7E 80 01 00 05 86 81 20 10 00 09 21 65 00 0E 12 11 00 F3 7E 7E 80 01 00 05 86 81 20 10 00 09 11 84 00 0F 12 11 00 23 7E 7E 80 01 00 05 86 81 20 10 00 09 49 85 00 10 12 11 00 65 7E 7E 80 01 00 05 86 81 20 10 00 09 43 B8 00 11 12 11 00 53 7E 7E 80 01 00 05 86 81 20 10 00 09 17 F8 00 12 12 11 00 44 7E 7E 80 01 00 05 86 81 20 10 00 09 CC 97 00 13 12 11 00 F1 7E 7E 80 01 00 05 86 81 20 10 00 09 86 F3 00 14 12 11 00 D8 7E 7E 80 01 00 05 86 81 20 10 00 09 35 AC 00 15 12 11 00 35 7E 7E 80 01 00 05 86 81 20 10 00 09 C8 E7 00 16 12 11 00 80 7E 7E 80 01 00 05 86 81 20 10 00 09 C9 29 00 17 12 11 00 4E 7E 7E 80 01 00 05 86 81 20 10 00 09 04 36 00 18 12 11 00 93 7E 7E 80 01 00 05 86 81 20 10 00 09 E7 B1 00 19 12 11 00 F6 7E 7E 80 01 00 05 86 81 20 10 00 09 4F 74 00 1A 12 11 00 98 7E 7E 80 01 00 05 86 81 20 10 00 09 C5 1F 00 1B 12 11 00 78 7E 7E 80 01 00 05 86 81 20 10 00 09 03 2B 00 1C 12 11 00 8D 7E 7E 80 01 00 05 86 81 20 10 00 09 6D 2C 00 1D 12 11 00 E5 7E 7E 80 01 00 05 86 81 20 10 00 09 02 9A 00 1E 12 11 00 3F 7E 7E 80 01 00 05 86 81 20 10 00 09 40 0B 00 1F 12 11 00 ED 7E 7E 80 01 00 05 86 81 20 10 00 09 D3 D7 00 20 12 11 00 9D 7E 7E 80 01 00 05 86 81 20 10 00 09 D8 14 00 21 12 11 00 54 7E 7E 80 01 00 05 86 81 20 10 00 09 D3 B8 00 22 12 11 00 F0 7E 7E 80 01 00 05 86 81 20 10 00 09 4D 13 00 23 12 11 00 C4 7E 7E 80 01 00 05 86 81 20 10 00 09 F3 7D 01 00 24 12 11 00 13 7E 7E 80 01 00 05 86 81 20 10 00 09 E8 EA 00 25 12 11 00 9E 7E"}
{"ts":"2026-04-05T23:43:13.108Z","level":"INFO","device":"291078985963","event":"MEDIA_RX","detail":"7E 92 12 00 36 29 10 78 98 59 63 2D DB 32 30 30 5F 36 34 5F 36 34 30 31 5F 30 30 5F 32 39 31 30 37 38 39 38 35 39 36 33 30 30 32 36 30 34 30 35 32 33 33 36 31 36 30 36 30 32 30 30 2E 6A 70 67 00 00 00 CC 7E"}
{"ts":"2026-04-05T23:43:13.144Z","level":"INFO","device":"868120100004","event":"MEDIA_RX","detail":"7E 80 01 00 05 86 81 20 10 00 04 D8 BF 00 03 12 10 00 D1 7E 7E 80 01 00 05 86 81 20 10 00 04 F2 19 00 04 12 11 00 5B 7E 7E 80 01 00 05 86 81 20 10 00 04 80 B0 00 05 12 11 00 81 7E 7E 80 01 00 05 86 81 20 10 00 04 11 18 00 06 12 11 00 BB 7E 7E 80 01 00 05 86 81 20 10 00 04 AA 56 00 07 12 11 00 4F 7E 7E 80 01 00 05 86 81 20 10 00 04 ED FA 00 08 12 11 00 AB 7E 7E 80 01 00 05 86 81 20 10 00 04 3E 15 00 09 12 11 00 96 7E 7E 80 01 00 05 86 81 20 10 00 04 53 05 00 0A 12 11 00 E8 7E 7E 80 01 00 05 86 81 20 10 00 04 74 61 00 0B 12 11 00 AA 7E 7E 80 01 00 05 86 81 20 10 00 04 37 F8 00 0C 12 11 00 77 7E 7E 80 01 00 05 86 81 20 10 00 04 E7 45 00 0D 12 11 00 1B 7E 7E 80 01 00 05 86 81 20 10 00 04 D1 D5 00 0E 12 11 00 BE 7E 7E 80 01 00 05 86 81 20 10 00 04 CE AA 00 0F 12 11 00 DF 7E 7E 80 01 00 05 86 81 20 10 00 04 0B 55 00 10 12 11 00 FA 7E 7E 80 01 00 05 86 81 20 10 00 04 03 1B 00 11 12 11 00 BD 7E 7E 80 01 00 05 86 81 20 10 00 04 0D 48 00 12 12 11 00 E3 7E 7E 80 01 00 05 86 81 20 10 00 04 EC C2 00 13 12 11 00 89 7E 7E 80 01 00 05 86 81 20 10 00 04 F7 FB 00 14 12 11 00 AC 7E 7E 80 01 00 05 86 81 20 10 00 04 C7 08 00 15 12 11 00 6E 7E 7E 80 01 00 05 86 81 20 10 00 04 E9 52 00 16 12 11 00 19 7E 7E 80 01 00 05 86 81 20 10 00 04 9B D5 00 17 12 11 00 ED 7E 7E 80 01 00 05 86 81 20 10 00 04 44 4C 00 18 12 11 00 A4 7E 7E 80 01 00 05 86 81 20 10 00 04 A8 54 00 19 12 11 00 51 7E 7E 80 01 00 05 86 81 20 10 00 04 F4 28 00 1A 12 11 00 72 7E 7E 80 01 00 05 86 81 20 10 00 04 52 15 00 1B 12 11 00 E8 7E 7E 80 01 00 05 86 81 20 10 00 04 BE 8C 00 1C 12 11 00 9A 7E 7E 80 01 00 05 86 81 20 10 00 04 A7 09 00 1D 12 11 00 07 7E 7E 80 01 00 05 86 81 20 10 00 04 E5 4D 00 1E 12 11 00 02 7E 7E 80 01 00 05 86 81 20 10 00 04 EF DB 00 1F 12 11 00 9F 7E 7E 80 01 00 05 86 81 20 10 00 04 C4 8F 00 20 12 11 00 DF 7E 7E 80 01 00 05 86 81 20 10 00 04 40 48 00 21 12 11 00 9D 7E 7E 80 01 00 05 86 81 20 10 00 04 35 91 00 22 12 11 00 32 7E 7E 80 01 00 05 86 81 20 10 00 04 68 15 00 23 12 11 00 EA 7E 7E 80 01 00 05 86 81 20 10 00 04 C9 E3 00 24 12 11 00 BA 7E"}
{"ts":"2026-04-05T23:43:13.161Z","level":"INFO","device":"868120100003","event":"SENT_1212","detail":"02_64_6401_03_86812010000300260405233616060200.mp4"}
{"ts":"2026-04-05T23:43:13.169Z","level":"INFO","device":"868120100008","event":"BATCH_COMPLETE","detail":"All 2 files sent"}
{"ts":"2026-04-05T23:43:13.188Z","level":"INFO","device":"868120100007","event":"FILE_START","detail":"[2/2] 02_64_6401_03_86812010000700260405233617060200.mp4 (65536 bytes)"}
{"ts":"2026-04-05T23:43:13.190Z","level":"INFO","device":"868120100007","event":"SENT_1210","detail":"02_64_6401_03_86812010000700260405233617060200.mp4"}
{"ts":"2026-04-05T23:43:13.196Z","level":"INFO","device":"100000000010","event":"FILE_START","detail":"[2/2] 02_64_6401_03_10000000001000260405233617060200.mp4 (65536 bytes)"}
{"ts":"2026-04-05T23:43:13.196Z","level":"INFO","device":"100000000010","event":"SENT_1210","detail":"02_64_6401_03_10000000001000260405233617060200.mp4"}
{"ts":"2026-04-05T23:43:13.197Z","level":"INFO","device":"868120100005","event":"MEDIA_RX","detail":"7E 80 01 00 05 86 81 20 10 00 05 DF 59 00 00 12 10 00 32 7E"}
{"ts":"2026-04-05T23:43:13.230Z","level":"INFO","device":"868120100002","event":"MEDIA_RX","detail":"7E 92 12 00 36 86 81 20 10 00 02 7D 02 39 32 30 30 5F 36 34 5F 36 34 30 31 5F 30 30 5F 38 36 38 31 32 30 31 30 30 30 30 32 30 30 32 36 30 34 30 35 32 33 33 36 31 36 30 36 30 32 30 30 2E 6A 70 67 00 00 00 A0 7E"}
{"ts":"2026-04-05T23:43:13.237Z","level":"INFO","device":"868120100009","event":"BATCH_COMPLETE","detail":"All 2 files sent"}
{"ts":"2026-04-05T23:43:13.247Z","level":"INFO","device":"291078985963","event":"SENT_1212","detail":"02_64_6401_03_29107898596300260405233616060200.mp4"}
{"ts":"2026-04-05T23:43:13.258Z","level":"INFO","device":"868120100003","event":"MEDIA_RX","detail":"7E 80 01 00 05 86 81 20 10 00 03 FF F4 00 03 12 10 00 BA 7E 7E 80 01 00 05 86 81 20 10 00 03 5A CC 00 04 12 11 00 21 7E 7E 80 01 00 05 86 81 20 10 00 03 7F 7C 00 05 12 11 00 B5 7E 7E 80 01 00 05 86 81 20 10 00 03 4A B7 00 06 12 11 00 48 7E 7E 80 01 00 05 86 81 20 10 00 03 84 B6 00 07 12 11 00 86 7E 7E 80 01 00 05 86 81 20 10 00 03 C9 96 00 08 12 11 00 E4 7E 7E 80 01 00 05 86 81 20 10 00 03 25 17 00 09 12 11 00 88 7E 7E 80 01 00 05 86 81 20 10 00 03 22 D8 00 0A 12 11 00 43 7E 7E 80 01 00 05 86 81 20 10 00 03 21 E6 00 0B 12 11 00 7F 7E 7E 80 01 00 05 86 81 20 10 00 03 73 85 00 0C 12 11 00 49 7E 7E 80 01 00 05 86 81 20 10 00 03 86 9B 00 0D 12 11 00 A3 7E 7E 80 01 00 05 86 81 20 10 00 03 FD 98 00 0E 12 11 00 D8 7E 7E 80 01 00 05 86 81 20 10 00 03 7D 01 AF 00 0F 12 11 00 6E 7E 7E 80 01 00 05 86 81 20 10 00 03 89 BF 00 10 12 11 00 95 7E 7E 80 01 00 05 86 81 20 10 00 03 89 65 00 11 12 11 00 4E 7E 7E 80 01 00 05 86 81 20 10 00 03 2F 16 00 12 12 11 00 98 7E 7E 80 01 00 05 86 81 20 10 00 03 20 CD 00 13 12 11 00 4D 7E 7E 80 01 00 05 86 81 20 10 00 03 B3 24 00 14 12 11 00 30 7E 7E 80 01 00 05 86 81 20 10 00 03 FF 42 00 15 12 11 00 1B 7E 7E 80 01 00 05 86 81 20 10 00 03 27 A2 00 16 12 11 00 20 7E 7E 80 01 00 05 86 81 20 10 00 03 08 52 00 17 12 11 00 FE 7E 7E 80 01 00 05 86 81 20 10 00 03 0A 97 00 18 12 11 00 36 7E 7E 80 01 00 05 86 81 20 10 00 03 F9 8C 00 19 12 11 00 DF 7E 7E 80 01 00 05 86 81 20 10 00 03 D3 0B 00 1A 12 11 00 71 7E 7E 80 01 00 05 86 81 20 10 00 03 ED 32 00 1B 12 11 00 77 7E 7E 80 01 00 05 86 81 20 10 00 03 82 7F 00 1C 12 11 00 52 7E 7E 80 01 00 05 86 81 20 10 00 03 4E D3 00 1D 12 11 00 33 7E 7E 80 01 00 05 86 81 20 10 00 03 0B 2E 00 1E 12 11 00 88 7E 7E 80 01 00 05 86 81 20 10 00 03 26 7D 01 00 1F 12 11 00 F7 7E 7E 80 01 00 05 86 81 20 10 00 03 2F 59 00 20 12 11 00 E5 7E 7E 80 01 00 05 86 81 20 10 00 03 02 B6 00 21 12 11 00 26 7E 7E 80 01 00 05 86 81 20 10 00 03 AA 5D 00 22 12 11 00 66 7E 7E 80 01 00 05 86 81 20 10 00 03 09 D5 00 23 12 11 00 4C 7E 7E 80 01 00 05 86 81 20 10 00 03 09 50 00 24 12 11 00 CE 7E"}
{"ts":"2026-04-05T23:43:13.268Z","level":"INFO","device":"868120100007","event":"MEDIA_RX","detail":"7E 92 12 00 36 86 81 20 10 00 07 26 25 32 30 30 5F 36 34 5F 36 34 30 31 5F 30 30 5F 38 36 38 31 32 30 31 30 30 30 30 37 30 30 32 36 30 34 30 35 32 33 33 36 31 37 30 36 30 32 30 30 2E 6A 70 67 00 00 00 E5 7E"}
{"ts":"2026-04-05T23:43:13.284Z","level":"INFO","device":"868120100005","event":"SENT_1212","detail":"00_64_6401_00_86812010000500260405233616060200.jpg"}
{"ts":"2026-04-05T23:43:13.334Z","level":"INFO","device":"868120100004","event":"BATCH_COMPLETE","detail":"All 2 files sent"}
{"ts":"2026-04-05T23:43:13.346Z","level":"INFO","device":"100000000010","event":"MEDIA_RX","detail":"7E 92 12 00 36 10 00 00 00 00 10 A3 FE 32 30 30 5F 36 34 5F 36 34 30 31 5F 30 30 5F 31 30 30 30 30 30 30 30 30 30 31 30 30 30 32 36 30 34 30 35 32 33 33 36 31 37 30 36 30 32 30 30 2E 6A 70 67 00 00 00 88 7E"}
{"ts":"2026-04-05T23:43:13.362Z","level":"INFO","device":"291078985963","event":"MEDIA_RX","detail":"7E 80 01 00 05 29 10 78 98 59 63 30 D6 00 03 12 10 00 80 7E 7E 80 01 00 05 29 10 78 98 59 63 7D 01 1F 00 04 12 11 00 02 7E 7E 80 01 00 05 29 10 78 98 59 63 7F A9 00 05 12 11 00 B7 7E 7E 80 01 00 05 29 10 78 98 59 63 C2 7C 00 06 12 11 00 DC 7E 7E 80 01 00 05 29 10 78 98 59 63 45 CB 00 07 12 11 00 ED 7E 7E 80 01 00 05 29 10 78 98 59 63 84 37 00 08 12 11 00 DF 7E 7E 80 01 00 05 29 10 78 98 59 63 6B 54 00 09 12 11 00 52 7E 7E 80 01 00 05 29 10 78 98 59 63 FD 04 00 0A 12 11 00 97 7E 7E 80 01 00 05 29 10 78 98 59 63 5E 4F 00 0B 12 11 00 7D 02 7E 7E 80 01 00 05 29 10 78 98 59 63 DA 82 00 0C 12 11 00 30 7E 7E 80 01 00 05 29 10 78 98 59 63 82 09 00 0D 12 11 00 E2 7E 7E 80 01 00 05 29 10 78 98 59 63 6F D8 00 0E 12 11 00 DD 7E 7E 80 01 00 05 29 10 78 98 59 63 ED F9 00 0F 12 11 00 7F 7E 7E 80 01 00 05 29 10 78 98 59 63 42 14 00 10 12 11 00 22 7E 7E 80 01 00 05 29 10 78 98 59 63 58 08 00 11 12 11 00 25 7E 7E 80 01 00 05 29 10 78 98 59 63 4D 48 00 12 12 11 00 73 7E 7E 80 01 00 05 29 10 78 98 59 63 48 14 00 13 12 11 00 2B 7E 7E 80 01 00 05 29 10 78 98 59 63 B1 D1 00 14 12 11 00 10 7E 7E 80 01 00 05 29 10 78 98 59 63 CE D5 00 15 12 11 00 6A 7E 7E 80 01 00 05 29 10 78 98 59 63 51 09 00 16 12 11 00 2A 7E 7E 80 01 00 05 29 10 78 98 59 63 27 5B 00 17 12 11 00 0F 7E 7E 80 01 00 05 29 10 78 98 59 63 50 A1 00 18 12 11 00 8D 7E 7E 80 01 00 05 29 10 78 98 59 63 3F 80 00 19 12 11 00 C2 7E 7E 80 01 00 05 29 10 78 98 59 63 E2 25 00 1A 12 11 00 B9 7E 7E 80 01 00 05 29 10 78 98 59 63 9B 25 00 1B 12 11 00 C1 7E 7E 80 01 00 05 29 10 78 98 59 63 A6 7C 00 1C 12 11 00 A2 7E 7E 80 01 00 05 29 10 78 98 59 63 05 BA 00 1D 12 11 00 C6 7E 7E 80 01 00 05 29 10 78 98 59 63 F1 98 00 1E 12 11 00 13 7E 7E 80 01 00 05 29 10 78 98 59 63 5C 1E 00 1F 12 11 00 39 7E 7E 80 01 00 05 29 10 78 98 59 63 73 B3 00 20 12 11 00 84 7E 7E 80 01 00 05 29 10 78 98 59 63 BB B1 00 21 12 11 00 4F 7E 7E 80 01 00 05 29 10 78 98 59 63 93 F6 00 22 12 11 00 23 7E 7E 80 01 00 05 29 10 78 98 59 63 7D 01 11 00 23 12 11 00 2B 7E 7E 80 01 00 05 29 10 78 98 59 63 69 93 00 24 12 11 00 BA 7E"}
{"ts":"2026-04-05T23:43:13.379Z","level":"INFO","device":"868120100002","event":"SENT_1212","detail":"02_64_6401_03_86812010000200260405233616060200.mp4"}
{"ts":"2026-04-05T23:43:13.407Z","level":"INFO","device":"868120100005","event":"MEDIA_RX","detail":"7E 80 01 00 05 86 81 20 10 00 05 7D 01 84 00 01 12 11 00 4D 7E"}
{"ts":"2026-04-05T23:43:13.461Z","level":"INFO","device":"868120100003","event":"BATCH_COMPLETE","detail":"All 2 files sent"}
{"ts":"2026-04-05T23:43:13.474Z","level":"INFO","device":"868120100007","event":"MEDIA_RX","detail":"7E 80 01 00 05 86 81 20 10 00 07 52 BD 00 03 12 10 00 5A 7E"}
{"ts":"2026-04-05T23:43:13.491Z","level":"ERROR","device":"868120100006","event":"MEDIA_ERROR","detail":"54.37.225.65:3378 — read ECONNRESET"}
{"ts":"2026-04-05T23:43:13.492Z","level":"INFO","device":"868120100006","event":"MEDIA_CLOSED","detail":""}
{"ts":"2026-04-05T23:43:13.492Z","level":"INFO","device":"868120100002","event":"MEDIA_RX","detail":"7E 80 01 00 05 86 81 20 10 00 02 6C A4 00 03 12 10 00 78 7E 7E 80 01 00 05 86 81 20 10 00 02 B3 2F 00 04 12 11 00 2A 7E 7E 80 01 00 05 86 81 20 10 00 02 6B 2F 00 05 12 11 00 F3 7E 7E 80 01 00 05 86 81 20 10 00 02 E7 8F 00 06 12 11 00 DC 7E 7E 80 01 00 05 86 81 20 10 00 02 3E 75 00 07 12 11 00 FE 7E 7E 80 01 00 05 86 81 20 10 00 02 BE 94 00 08 12 11 00 90 7E 7E 80 01 00 05 86 81 20 10 00 02 6F 8A 00 09 12 11 00 5E 7E 7E 80 01 00 05 86 81 20 10 00 02 78 65 00 0A 12 11 00 A5 7E 7E 80 01 00 05 86 81 20 10 00 02 26 EA 00 0B 12 11 00 75 7E 7E 80 01 00 05 86 81 20 10 00 02 B4 9D 00 0C 12 11 00 97 7E 7E 80 01 00 05 86 81 20 10 00 02 68 56 00 0D 12 11 00 81 7E 7E 80 01 00 05 86 81 20 10 00 02 80 E4 00 0E 12 11 00 D8 7E 7E 80 01 00 05 86 81 20 10 00 02 1E 3D 00 0F 12 11 00 9E 7E 7E 80 01 00 05 86 81 20 10 00 02 4C F9 00 10 12 11 00 17 7E 7E 80 01 00 05 86 81 20 10 00 02 C0 A0 00 11 12 11 00 C3 7E 7E 80 01 00 05 86 81 20 10 00 02 1E 06 00 12 12 11 00 B8 7E 7E 80 01 00 05 86 81 20 10 00 02 32 59 00 13 12 11 00 CA 7E 7E 80 01 00 05 86 81 20 10 00 02 0C E5 00 14 12 11 00 4F 7E 7E 80 01 00 05 86 81 20 10 00 02 37 71 00 15 12 11 00 E1 7E 7E 80 01 00 05 86 81 20 10 00 02 7A 00 00 16 12 11 00 DE 7E 7E 80 01 00 05 86 81 20 10 00 02 EC 4C 00 17 12 11 00 05 7E 7E 80 01 00 05 86 81 20 10 00 02 BE 2F 00 18 12 11 00 3B 7E 7E 80 01 00 05 86 81 20 10 00 02 F3 45 00 19 12 11 00 1D 7E 7E 80 01 00 05 86 81 20 10 00 02 F8 DB 00 1A 12 11 00 8B 7E 7E 80 01 00 05 86 81 20 10 00 02 E8 80 00 1B 12 11 00 C1 7E 7E 80 01 00 05 86 81 20 10 00 02 77 EB 00 1C 12 11 00 32 7E 7E 80 01 00 05 86 81 20 10 00 02 F9 F4 00 1D 12 11 00 A2 7E 7E 80 01 00 05 86 81 20 10 00 02 A4 28 00 1E 12 11 00 20 7E 7E 80 01 00 05 86 81 20 10 00 02 05 77 00 1F 12 11 00 DF 7E 7E 80 01 00 05 86 81 20 10 00 02 1F 76 00 20 12 11 00 FB 7E 7E 80 01 00 05 86 81 20 10 00 02 48 ED 00 21 12 11 00 36 7E 7E 80 01 00 05 86 81 20 10 00 02 20 FA 00 22 12 11 00 4A 7E 7E 80 01 00 05 86 81 20 10 00 02 94 41 00 23 12 11 00 44 7E 7E 80 01 00 05 86 81 20 10 00 02 54 DF 00 24 12 11 00 1D 7E"}
{"ts":"2026-04-05T23:43:13.493Z","level":"INFO","device":"868120100007","event":"SENT_1212","detail":"02_64_6401_03_86812010000700260405233617060200.mp4"}
{"ts":"2026-04-05T23:43:13.498Z","level":"INFO","device":"100000000010","event":"SENT_1212","detail":"02_64_6401_03_10000000001000260405233617060200.mp4"}
{"ts":"2026-04-05T23:43:13.546Z","level":"INFO","device":"291078985963","event":"BATCH_COMPLETE","detail":"All 2 files sent"}
{"ts":"2026-04-05T23:43:13.555Z","level":"ERROR","device":"868120100008","event":"MEDIA_ERROR","detail":"54.37.225.65:3378 — read ECONNRESET"}
{"ts":"2026-04-05T23:43:13.557Z","level":"INFO","device":"868120100008","event":"MEDIA_CLOSED","detail":""}
{"ts":"2026-04-05T23:43:13.584Z","level":"INFO","device":"868120100005","event":"FILE_START","detail":"[2/2] 02_64_6401_03_86812010000500260405233616060200.mp4 (65536 bytes)"}
{"ts":"2026-04-05T23:43:13.585Z","level":"INFO","device":"868120100005","event":"SENT_1210","detail":"02_64_6401_03_86812010000500260405233616060200.mp4"}
{"ts":"2026-04-05T23:43:13.596Z","level":"INFO","device":"100000000010","event":"MEDIA_RX","detail":"7E 80 01 00 05 10 00 00 00 00 10 0F C4 00 03 12 10 00 4E 7E 7E 80 01 00 05 10 00 00 00 00 10 A4 5D 00 04 12 11 00 7A 7E 7E 80 01 00 05 10 00 00 00 00 10 66 A7 00 05 12 11 00 43 7E 7E 80 01 00 05 10 00 00 00 00 10 55 2A 00 06 12 11 00 FE 7E 7E 80 01 00 05 10 00 00 00 00 10 28 26 00 07 12 11 00 8E 7E 7E 80 01 00 05 10 00 00 00 00 10 AA 13 00 08 12 11 00 36 7E 7E 80 01 00 05 10 00 00 00 00 10 4B DD 00 09 12 11 00 18 7E 7E 80 01 00 05 10 00 00 00 00 10 00 72 00 0A 12 11 00 FF 7E 7E 80 01 00 05 10 00 00 00 00 10 65 43 00 0B 12 11 00 AA 7E 7E 80 01 00 05 10 00 00 00 00 10 5C CA 00 0C 12 11 00 1D 7E 7E 80 01 00 05 10 00 00 00 00 10 BA 30 00 0D 12 11 00 00 7E 7E 80 01 00 05 10 00 00 00 00 10 D7 ED 00 0E 12 11 00 B3 7E 7E 80 01 00 05 10 00 00 00 00 10 AF 28 00 0F 12 11 00 0F 7E 7E 80 01 00 05 10 00 00 00 00 10 AF 5D 00 10 12 11 00 65 7E 7E 80 01 00 05 10 00 00 00 00 10 C9 AF 00 11 12 11 00 F0 7E 7E 80 01 00 05 10 00 00 00 00 10 9B FB 00 12 12 11 00 F5 7E 7E 80 01 00 05 10 00 00 00 00 10 EA 20 00 13 12 11 00 5E 7E 7E 80 01 00 05 10 00 00 00 00 10 75 D0 00 14 12 11 00 36 7E 7E 80 01 00 05 10 00 00 00 00 10 68 A9 00 15 12 11 00 53 7E 7E 80 01 00 05 10 00 00 00 00 10 69 BC 00 16 12 11 00 44 7E 7E 80 01 00 05 10 00 00 00 00 10 AD 70 00 17 12 11 00 4D 7E 7E 80 01 00 05 10 00 00 00 00 10 9C C7 00 18 12 11 00 C4 7E 7E 80 01 00 05 10 00 00 00 00 10 78 B1 00 19 12 11 00 57 7E 7E 80 01 00 05 10 00 00 00 00 10 AB 76 00 1A 12 11 00 40 7E 7E 80 01 00 05 10 00 00 00 00 10 3F 97 00 1B 12 11 00 34 7E 7E 80 01 00 05 10 00 00 00 00 10 52 D6 00 1C 12 11 00 1F 7E 7E 80 01 00 05 10 00 00 00 00 10 67 C7 00 1D 12 11 00 3A 7E 7E 80 01 00 05 10 00 00 00 00 10 67 F1 00 1E 12 11 00 0F 7E 7E 80 01 00 05 10 00 00 00 00 10 7B 7A 00 1F 12 11 00 99 7E 7E 80 01 00 05 10 00 00 00 00 10 D8 63 00 20 12 11 00 1C 7E 7E 80 01 00 05 10 00 00 00 00 10 F8 EB 00 21 12 11 00 B5 7E 7E 80 01 00 05 10 00 00 00 00 10 DD DC 00 22 12 11 00 A4 7E 7E 80 01 00 05 10 00 00 00 00 10 7A F4 00 23 12 11 00 2A 7E 7E 80 01 00 05 10 00 00 00 00 10 3B 6E 00 24 12 11 00 F6 7E"}
{"ts":"2026-04-05T23:43:13.606Z","level":"ERROR","device":"868120100009","event":"MEDIA_ERROR","detail":"54.37.225.65:3378 — read ECONNRESET"}
{"ts":"2026-04-05T23:43:13.607Z","level":"INFO","device":"868120100009","event":"MEDIA_CLOSED","detail":""}
{"ts":"2026-04-05T23:43:13.656Z","level":"INFO","device":"868120100007","event":"MEDIA_RX","detail":"7E 80 01 00 05 86 81 20 10 00 07 94 FD 00 04 12 11 00 DA 7E 7E 80 01 00 05 86 81 20 10 00 07 8F F6 00 05 12 11 00 CB 7E 7E 80 01 00 05 86 81 20 10 00 07 7A 09 00 06 12 11 00 C2 7E 7E 80 01 00 05 86 81 20 10 00 07 72 41 00 07 12 11 00 83 7E 7E 80 01 00 05 86 81 20 10 00 07 3F A9 00 08 12 11 00 29 7E 7E 80 01 00 05 86 81 20 10 00 07 3E 44 00 09 12 11 00 C4 7E 7E 80 01 00 05 86 81 20 10 00 07 08 2E 00 0A 12 11 00 9B 7E 7E 80 01 00 05 86 81 20 10 00 07 5D EA 00 0B 12 11 00 0B 7E 7E 80 01 00 05 86 81 20 10 00 07 02 1B 00 0C 12 11 00 A2 7E 7E 80 01 00 05 86 81 20 10 00 07 3A 3C 00 0D 12 11 00 BC 7E 7E 80 01 00 05 86 81 20 10 00 07 E4 3B 00 0E 12 11 00 66 7E 7E 80 01 00 05 86 81 20 10 00 07 73 F5 00 0F 12 11 00 3E 7E 7E 80 01 00 05 86 81 20 10 00 07 2B 9E 00 10 12 11 00 12 7E 7E 80 01 00 05 86 81 20 10 00 07 AF 89 00 11 12 11 00 80 7E 7E 80 01 00 05 86 81 20 10 00 07 BD B2 00 12 12 11 00 AA 7E 7E 80 01 00 05 86 81 20 10 00 07 4C 32 00 13 12 11 00 DA 7E 7E 80 01 00 05 86 81 20 10 00 07 16 19 00 14 12 11 00 AC 7E 7E 80 01 00 05 86 81 20 10 00 07 1A 27 00 15 12 11 00 9F 7E 7E 80 01 00 05 86 81 20 10 00 07 8E C9 00 16 12 11 00 E6 7E 7E 80 01 00 05 86 81 20 10 00 07 27 74 00 17 12 11 00 F3 7E 7E 80 01 00 05 86 81 20 10 00 07 35 0D 00 18 12 11 00 97 7E 7E 80 01 00 05 86 81 20 10 00 07 AF 6B 00 19 12 11 00 6A 7E 7E 80 01 00 05 86 81 20 10 00 07 06 59 00 1A 12 11 00 F2 7E 7E 80 01 00 05 86 81 20 10 00 07 12 2D 00 1B 12 11 00 93 7E 7E 80 01 00 05 86 81 20 10 00 07 E5 B1 00 1C 12 11 00 FF 7E 7E 80 01 00 05 86 81 20 10 00 07 E9 4E 00 1D 12 11 00 0D 7E 7E 80 01 00 05 86 81 20 10 00 07 3B 01 00 1E 12 11 00 93 7E 7E 80 01 00 05 86 81 20 10 00 07 A9 22 00 1F 12 11 00 23 7E 7E 80 01 00 05 86 81 20 10 00 07 E8 A6 00 20 12 11 00 D9 7E 7E 80 01 00 05 86 81 20 10 00 07 53 9F 00 21 12 11 00 5A 7E 7E 80 01 00 05 86 81 20 10 00 07 52 9C 00 22 12 11 00 5B 7E 7E 80 01 00 05 86 81 20 10 00 07 DA 21 00 23 12 11 00 6F 7E 7E 80 01 00 05 86 81 20 10 00 07 57 5B 00 24 12 11 00 9F 7E 7E 80 01 00 05 86 81 20 10 00 07 26 1C 00 25 12 11 00 A8 7E"}
{"ts":"2026-04-05T23:43:13.680Z","level":"INFO","device":"868120100002","event":"BATCH_COMPLETE","detail":"All 2 files sent"}
{"ts":"2026-04-05T23:43:13.730Z","level":"INFO","device":"868120100005","event":"MEDIA_RX","detail":"7E 92 12 00 36 86 81 20 10 00 05 8B C4 32 30 30 5F 36 34 5F 36 34 30 31 5F 30 30 5F 38 36 38 31 32 30 31 30 30 30 30 35 30 30 32 36 30 34 30 35 32 33 33 36 31 36 30 36 30 32 30 30 2E 6A 70 67 00 00 00 A8 7E"}
{"ts":"2026-04-05T23:43:13.754Z","level":"ERROR","device":"868120100004","event":"MEDIA_ERROR","detail":"54.37.225.65:3378 — read ECONNRESET"}
{"ts":"2026-04-05T23:43:13.755Z","level":"INFO","device":"868120100004","event":"MEDIA_CLOSED","detail":""}
{"ts":"2026-04-05T23:43:13.792Z","level":"INFO","device":"868120100007","event":"BATCH_COMPLETE","detail":"All 2 files sent"}
{"ts":"2026-04-05T23:43:13.798Z","level":"INFO","device":"100000000010","event":"BATCH_COMPLETE","detail":"All 2 files sent"}
{"ts":"2026-04-05T23:43:13.871Z","level":"ERROR","device":"868120100003","event":"MEDIA_ERROR","detail":"54.37.225.65:3378 — read ECONNRESET"}
{"ts":"2026-04-05T23:43:13.871Z","level":"INFO","device":"868120100003","event":"MEDIA_CLOSED","detail":""}
{"ts":"2026-04-05T23:43:13.889Z","level":"INFO","device":"868120100005","event":"SENT_1212","detail":"02_64_6401_03_86812010000500260405233616060200.mp4"}
{"ts":"2026-04-05T23:43:13.968Z","level":"ERROR","device":"291078985963","event":"MEDIA_ERROR","detail":"54.37.225.65:3378 — read ECONNRESET"}
{"ts":"2026-04-05T23:43:13.968Z","level":"INFO","device":"291078985963","event":"MEDIA_CLOSED","detail":""}
{"ts":"2026-04-05T23:43:14.006Z","level":"INFO","device":"868120100005","event":"MEDIA_RX","detail":"7E 80 01 00 05 86 81 20 10 00 05 1A 40 00 03 12 10 00 ED 7E 7E 80 01 00 05 86 81 20 10 00 05 6D D0 00 04 12 11 00 0C 7E 7E 80 01 00 05 86 81 20 10 00 05 22 78 00 05 12 11 00 EA 7E 7E 80 01 00 05 86 81 20 10 00 05 4E 07 00 06 12 11 00 FA 7E 7E 80 01 00 05 86 81 20 10 00 05 59 BF 00 07 12 11 00 54 7E 7E 80 01 00 05 86 81 20 10 00 05 4B 5B 00 08 12 11 00 AD 7E 7E 80 01 00 05 86 81 20 10 00 05 7F B0 00 09 12 11 00 73 7E 7E 80 01 00 05 86 81 20 10 00 05 0D 52 00 0A 12 11 00 E0 7E 7E 80 01 00 05 86 81 20 10 00 05 BC AB 00 0B 12 11 00 A9 7E 7E 80 01 00 05 86 81 20 10 00 05 C2 73 00 0C 12 11 00 08 7E 7E 80 01 00 05 86 81 20 10 00 05 A9 94 00 0D 12 11 00 85 7E 7E 80 01 00 05 86 81 20 10 00 05 3A 9A 00 0E 12 11 00 1B 7E 7E 80 01 00 05 86 81 20 10 00 05 9F FF 00 0F 12 11 00 DA 7E 7E 80 01 00 05 86 81 20 10 00 05 12 A4 00 10 12 11 00 13 7E 7E 80 01 00 05 86 81 20 10 00 05 AB 71 00 11 12 11 00 7D 02 7E 7E 80 01 00 05 86 81 20 10 00 05 B5 07 00 12 12 11 00 15 7E 7E 80 01 00 05 86 81 20 10 00 05 9C 50 00 13 12 11 00 6A 7E 7E 80 01 00 05 86 81 20 10 00 05 F8 EC 00 14 12 11 00 B5 7E 7E 80 01 00 05 86 81 20 10 00 05 06 C7 00 15 12 11 00 61 7E 7E 80 01 00 05 86 81 20 10 00 05 0F C1 00 16 12 11 00 6D 7E 7E 80 01 00 05 86 81 20 10 00 05 B4 E3 00 17 12 11 00 F5 7E 7E 80 01 00 05 86 81 20 10 00 05 C8 7D 02 00 18 12 11 00 1B 7E 7E 80 01 00 05 86 81 20 10 00 05 13 EA 00 19 12 11 00 55 7E 7E 80 01 00 05 86 81 20 10 00 05 75 12 00 1A 12 11 00 C8 7E 7E 80 01 00 05 86 81 20 10 00 05 08 B1 00 1B 12 11 00 17 7E 7E 80 01 00 05 86 81 20 10 00 05 4E 08 00 1C 12 11 00 EF 7E 7E 80 01 00 05 86 81 20 10 00 05 7D 01 BF 00 1D 12 11 00 6A 7E 7E 80 01 00 05 86 81 20 10 00 05 2C 3E 00 1E 12 11 00 B9 7E 7E 80 01 00 05 86 81 20 10 00 05 BF 7D 01 00 1F 12 11 00 68 7E 7E 80 01 00 05 86 81 20 10 00 05 61 E4 00 20 12 11 00 10 7E 7E 80 01 00 05 86 81 20 10 00 05 33 04 00 21 12 11 00 A3 7E 7E 80 01 00 05 86 81 20 10 00 05 DB 16 00 22 12 11 00 5A 7E 7E 80 01 00 05 86 81 20 10 00 05 EA 9A 00 23 12 11 00 E6 7E 7E 80 01 00 05 86 81 20 10 00 05 72 DA 00 24 12 11 00 39 7E"}
{"ts":"2026-04-05T23:43:14.103Z","level":"ERROR","device":"868120100002","event":"MEDIA_ERROR","detail":"54.37.225.65:3378 — read ECONNRESET"}
{"ts":"2026-04-05T23:43:14.103Z","level":"INFO","device":"868120100002","event":"MEDIA_CLOSED","detail":""}
{"ts":"2026-04-05T23:43:14.162Z","level":"ERROR","device":"868120100007","event":"MEDIA_ERROR","detail":"54.37.225.65:3378 — read ECONNRESET"}
{"ts":"2026-04-05T23:43:14.162Z","level":"INFO","device":"868120100007","event":"MEDIA_CLOSED","detail":""}
{"ts":"2026-04-05T23:43:14.190Z","level":"INFO","device":"868120100005","event":"BATCH_COMPLETE","detail":"All 2 files sent"}
{"ts":"2026-04-05T23:43:14.201Z","level":"ERROR","device":"100000000010","event":"MEDIA_ERROR","detail":"54.37.225.65:3378 — read ECONNRESET"}
{"ts":"2026-04-05T23:43:14.201Z","level":"INFO","device":"100000000010","event":"MEDIA_CLOSED","detail":""}
{"ts":"2026-04-05T23:43:14.615Z","level":"ERROR","device":"868120100005","event":"MEDIA_ERROR","detail":"54.37.225.65:3378 — read ECONNRESET"}
{"ts":"2026-04-05T23:43:14.615Z","level":"INFO","device":"868120100005","event":"MEDIA_CLOSED","detail":""}
{"ts":"2026-04-05T23:43:20.595Z","level":"INFO","device":"291078985963","event":"OBD2_SENT_0x0200","detail":"Lat: 51.726023, Lng: 0.495873 | Speed: 43km/h | RPM: 2503"}
{"ts":"2026-04-05T23:43:20.695Z","level":"INFO","device":"200000000002","event":"OBD2_SENT_0x0200","detail":"Lat: 51.725129, Lng: 0.496094 | Speed: 44km/h | RPM: 2566"}
{"ts":"2026-04-05T23:43:20.810Z","level":"INFO","device":"291078985963","event":"SERVER_ACK","detail":"0x8001 Universal Reply Received"}
{"ts":"2026-04-05T23:43:20.844Z","level":"INFO","device":"200000000003","event":"OBD2_SENT_0x0200","detail":"Lat: 51.724427, Lng: 0.496252 | Speed: 48km/h | RPM: 2715"}
{"ts":"2026-04-05T23:43:20.905Z","level":"INFO","device":"200000000002","event":"SERVER_ACK","detail":"0x8001 Universal Reply Received"}
{"ts":"2026-04-05T23:43:20.995Z","level":"INFO","device":"200000000004","event":"OBD2_SENT_0x0200","detail":"Lat: 51.726687, Lng: 0.495656 | Speed: 36km/h | RPM: 2246"}
{"ts":"2026-04-05T23:43:21.059Z","level":"INFO","device":"200000000003","event":"SERVER_ACK","detail":"0x8001 Universal Reply Received"}
{"ts":"2026-04-05T23:43:21.143Z","level":"INFO","device":"200000000005","event":"OBD2_SENT_0x0200","detail":"Lat: 51.731963, Lng: 0.490273 | Speed: 23km/h | RPM: 1735"}
{"ts":"2026-04-05T23:43:21.198Z","level":"INFO","device":"200000000004","event":"SERVER_ACK","detail":"0x8001 Universal Reply Received"}
{"ts":"2026-04-05T23:43:21.296Z","level":"INFO","device":"200000000006","event":"OBD2_SENT_0x0200","detail":"Lat: 51.724747, Lng: 0.496171 | Speed: 53km/h | RPM: 2925"}
{"ts":"2026-04-05T23:43:21.352Z","level":"INFO","device":"200000000005","event":"SERVER_ACK","detail":"0x8001 Universal Reply Received"}
{"ts":"2026-04-05T23:43:21.371Z","level":"INFO","device":"868120100006","event":"GPS_SENT","detail":""}
{"ts":"2026-04-05T23:43:21.445Z","level":"INFO","device":"200000000007","event":"OBD2_SENT_0x0200","detail":"Lat: 51.731125, Lng: 0.491791 | Speed: 34km/h | RPM: 2154"}
{"ts":"2026-04-05T23:43:21.489Z","level":"INFO","device":"200000000006","event":"SERVER_ACK","detail":"0x8001 Universal Reply Received"}
{"ts":"2026-04-05T23:43:21.497Z","level":"INFO","device":"868120100005","event":"GPS_SENT","detail":""}
{"ts":"2026-04-05T23:43:21.537Z","level":"INFO","device":"868120100008","event":"GPS_SENT","detail":""}
{"ts":"2026-04-05T23:43:21.582Z","level":"INFO","device":"868120100006","event":"RX_MSG","detail":"0x8001 bodyLen=5"}
{"ts":"2026-04-05T23:43:21.582Z","level":"INFO","device":"868120100006","event":"SERVER_ACK","detail":"0x0200 result=OK"}
{"ts":"2026-04-05T23:43:21.592Z","level":"INFO","device":"200000000008","event":"OBD2_SENT_0x0200","detail":"Lat: 51.730879, Lng: 0.492155 | Speed: 35km/h | RPM: 2182"}
{"ts":"2026-04-05T23:43:21.621Z","level":"INFO","device":"868120100009","event":"GPS_SENT","detail":""}
{"ts":"2026-04-05T23:43:21.631Z","level":"INFO","device":"200000000007","event":"SERVER_ACK","detail":"0x8001 Universal Reply Received"}
{"ts":"2026-04-05T23:43:21.691Z","level":"INFO","device":"868120100004","event":"GPS_SENT","detail":""}
{"ts":"2026-04-05T23:43:21.707Z","level":"INFO","device":"868120100005","event":"RX_MSG","detail":"0x8001 bodyLen=5"}
{"ts":"2026-04-05T23:43:21.707Z","level":"INFO","device":"868120100005","event":"SERVER_ACK","detail":"0x0200 result=OK"}
{"ts":"2026-04-05T23:43:21.746Z","level":"INFO","device":"200000000009","event":"OBD2_SENT_0x0200","detail":"Lat: 51.727159, Lng: 0.495421 | Speed: 45km/h | RPM: 2600"}
{"ts":"2026-04-05T23:43:21.754Z","level":"INFO","device":"868120100008","event":"RX_MSG","detail":"0x8001 bodyLen=5"}
{"ts":"2026-04-05T23:43:21.755Z","level":"INFO","device":"868120100008","event":"SERVER_ACK","detail":"0x0200 result=OK"}
{"ts":"2026-04-05T23:43:21.780Z","level":"INFO","device":"200000000008","event":"SERVER_ACK","detail":"0x8001 Universal Reply Received"}
{"ts":"2026-04-05T23:43:21.820Z","level":"INFO","device":"868120100003","event":"GPS_SENT","detail":""}
{"ts":"2026-04-05T23:43:21.823Z","level":"INFO","device":"868120100009","event":"RX_MSG","detail":"0x8001 bodyLen=5"}
{"ts":"2026-04-05T23:43:21.823Z","level":"INFO","device":"868120100009","event":"SERVER_ACK","detail":"0x0200 result=OK"}
{"ts":"2026-04-05T23:43:21.891Z","level":"INFO","device":"200000000010","event":"OBD2_SENT_0x0200","detail":"Lat: 51.723791, Lng: 0.496443 | Speed: 51km/h | RPM: 2821"}
{"ts":"2026-04-05T23:43:21.901Z","level":"INFO","device":"868120100004","event":"RX_MSG","detail":"0x8001 bodyLen=5"}
{"ts":"2026-04-05T23:43:21.901Z","level":"INFO","device":"868120100004","event":"SERVER_ACK","detail":"0x0200 result=OK"}
{"ts":"2026-04-05T23:43:21.910Z","level":"INFO","device":"291078985963","event":"GPS_SENT","detail":""}
{"ts":"2026-04-05T23:43:21.931Z","level":"INFO","device":"200000000009","event":"SERVER_ACK","detail":"0x8001 Universal Reply Received"}
{"ts":"2026-04-05T23:43:22.031Z","level":"INFO","device":"868120100003","event":"RX_MSG","detail":"0x8001 bodyLen=5"}
{"ts":"2026-04-05T23:43:22.031Z","level":"INFO","device":"868120100003","event":"SERVER_ACK","detail":"0x0200 result=OK"}
{"ts":"2026-04-05T23:43:22.045Z","level":"INFO","device":"868120100002","event":"GPS_SENT","detail":""}
{"ts":"2026-04-05T23:43:22.103Z","level":"INFO","device":"200000000010","event":"SERVER_ACK","detail":"0x8001 Universal Reply Received"}
{"ts":"2026-04-05T23:43:22.122Z","level":"INFO","device":"291078985963","event":"RX_MSG","detail":"0x8001 bodyLen=5"}
{"ts":"2026-04-05T23:43:22.122Z","level":"INFO","device":"291078985963","event":"SERVER_ACK","detail":"0x0200 result=OK"}
{"ts":"2026-04-05T23:43:22.173Z","level":"INFO","device":"100000000010","event":"GPS_SENT","detail":""}
{"ts":"2026-04-05T23:43:22.181Z","level":"INFO","device":"868120100007","event":"GPS_SENT","detail":""}
{"ts":"2026-04-05T23:43:22.247Z","level":"INFO","device":"868120100002","event":"RX_MSG","detail":"0x8001 bodyLen=5"}
{"ts":"2026-04-05T23:43:22.247Z","level":"INFO","device":"868120100002","event":"SERVER_ACK","detail":"0x0200 result=OK"}
{"ts":"2026-04-05T23:43:22.374Z","level":"INFO","device":"100000000010","event":"RX_MSG","detail":"0x8001 bodyLen=5"}
{"ts":"2026-04-05T23:43:22.374Z","level":"INFO","device":"100000000010","event":"SERVER_ACK","detail":"0x0200 result=OK"}
{"ts":"2026-04-05T23:43:22.382Z","level":"INFO","device":"868120100007","event":"RX_MSG","detail":"0x8001 bodyLen=5"}
{"ts":"2026-04-05T23:43:22.382Z","level":"INFO","device":"868120100007","event":"SERVER_ACK","detail":"0x0200 result=OK"}
{"ts":"2026-04-05T23:43:26.352Z","level":"INFO","device":"291078985963","event":"DISCONNECTED","detail":"clean stop"}
{"ts":"2026-04-05T23:43:26.352Z","level":"INFO","device":"291078985963","event":"DISCONNECTED","detail":"clean stop"}
{"ts":"2026-04-05T23:43:26.352Z","level":"INFO","device":"291078985963","event":"DISCONNECTED","detail":"clean stop"}
{"ts":"2026-04-05T23:43:26.353Z","level":"INFO","device":"868120100002","event":"DISCONNECTED","detail":"clean stop"}
{"ts":"2026-04-05T23:43:26.353Z","level":"INFO","device":"200000000002","event":"DISCONNECTED","detail":"clean stop"}
{"ts":"2026-04-05T23:43:26.353Z","level":"INFO","device":"300000000002","event":"DISCONNECTED","detail":"clean stop"}
{"ts":"2026-04-05T23:43:26.353Z","level":"INFO","device":"868120100003","event":"DISCONNECTED","detail":"clean stop"}
{"ts":"2026-04-05T23:43:26.353Z","level":"INFO","device":"200000000003","event":"DISCONNECTED","detail":"clean stop"}
{"ts":"2026-04-05T23:43:26.353Z","level":"INFO","device":"300000000003","event":"DISCONNECTED","detail":"clean stop"}
{"ts":"2026-04-05T23:43:26.353Z","level":"INFO","device":"868120100004","event":"DISCONNECTED","detail":"clean stop"}
{"ts":"2026-04-05T23:43:26.353Z","level":"INFO","device":"200000000004","event":"DISCONNECTED","detail":"clean stop"}
{"ts":"2026-04-05T23:43:26.353Z","level":"INFO","device":"300000000004","event":"DISCONNECTED","detail":"clean stop"}
{"ts":"2026-04-05T23:43:26.353Z","level":"INFO","device":"868120100005","event":"DISCONNECTED","detail":"clean stop"}
{"ts":"2026-04-05T23:43:26.353Z","level":"INFO","device":"200000000005","event":"DISCONNECTED","detail":"clean stop"}
{"ts":"2026-04-05T23:43:26.353Z","level":"INFO","device":"300000000005","event":"DISCONNECTED","detail":"clean stop"}
{"ts":"2026-04-05T23:43:26.353Z","level":"INFO","device":"868120100006","event":"DISCONNECTED","detail":"clean stop"}
{"ts":"2026-04-05T23:43:26.353Z","level":"INFO","device":"200000000006","event":"DISCONNECTED","detail":"clean stop"}
{"ts":"2026-04-05T23:43:26.354Z","level":"INFO","device":"300000000006","event":"DISCONNECTED","detail":"clean stop"}
{"ts":"2026-04-05T23:43:26.354Z","level":"INFO","device":"868120100007","event":"DISCONNECTED","detail":"clean stop"}
{"ts":"2026-04-05T23:43:26.354Z","level":"INFO","device":"200000000007","event":"DISCONNECTED","detail":"clean stop"}
{"ts":"2026-04-05T23:43:26.354Z","level":"INFO","device":"300000000007","event":"DISCONNECTED","detail":"clean stop"}
{"ts":"2026-04-05T23:43:26.354Z","level":"INFO","device":"868120100008","event":"DISCONNECTED","detail":"clean stop"}
{"ts":"2026-04-05T23:43:26.354Z","level":"INFO","device":"200000000008","event":"DISCONNECTED","detail":"clean stop"}
{"ts":"2026-04-05T23:43:26.354Z","level":"INFO","device":"300000000008","event":"DISCONNECTED","detail":"clean stop"}
{"ts":"2026-04-05T23:43:26.354Z","level":"INFO","device":"868120100009","event":"DISCONNECTED","detail":"clean stop"}
{"ts":"2026-04-05T23:43:26.354Z","level":"INFO","device":"200000000009","event":"DISCONNECTED","detail":"clean stop"}
{"ts":"2026-04-05T23:43:26.354Z","level":"INFO","device":"300000000009","event":"DISCONNECTED","detail":"clean stop"}
{"ts":"2026-04-05T23:43:26.354Z","level":"INFO","device":"100000000010","event":"DISCONNECTED","detail":"clean stop"}
{"ts":"2026-04-05T23:43:26.355Z","level":"INFO","device":"200000000010","event":"DISCONNECTED","detail":"clean stop"}
{"ts":"2026-04-05T23:43:26.355Z","level":"INFO","device":"300000000010","event":"DISCONNECTED","detail":"clean stop"}

[SUMMARY] Run duration: 233s
[SUMMARY] GPS packets sent: 260
[SUMMARY] OBD2 packets sent: 150
[SUMMARY] DTC faults sent: 2
[SUMMARY] Incidents fired: 50
[SUMMARY] Videos uploaded OK: 30
[SUMMARY] Videos failed: 22
[SUMMARY] Tracker pings sent: 0
[SUMMARY] Reconnections: 0
[SUMMARY] Log file: logs/sim-2026-04-05T23-39-35.log
