{"ts":"2026-04-05T21:47:23.694Z","level":"INFO","device":"200000000001","event":"OBD2_CONNECTED","detail":"Binary Mode"}
{"ts":"2026-04-05T21:47:23.703Z","level":"INFO","device":"868120018681","event":"CONNECTED","detail":"id:868120018681"}
{"ts":"2026-04-05T21:47:23.845Z","level":"INFO","device":"868120100002","event":"CONNECTED","detail":"id:868120100002"}
{"ts":"2026-04-05T21:47:23.855Z","level":"INFO","device":"200000000002","event":"OBD2_CONNECTED","detail":"Binary Mode"}
{"ts":"2026-04-05T21:47:23.910Z","level":"INFO","device":"200000000001","event":"SERVER_ACK","detail":"0x8100 Registration Reply Received"}
{"ts":"2026-04-05T21:47:23.916Z","level":"INFO","device":"868120018681","event":"RX_MSG","detail":"0x8001 bodyLen=5"}
{"ts":"2026-04-05T21:47:23.916Z","level":"INFO","device":"868120018681","event":"SERVER_ACK","detail":"0x0102 result=OK"}
{"ts":"2026-04-05T21:47:23.997Z","level":"INFO","device":"200000000003","event":"OBD2_CONNECTED","detail":"Binary Mode"}
{"ts":"2026-04-05T21:47:24.007Z","level":"INFO","device":"868120100003","event":"CONNECTED","detail":"id:868120100003"}
{"ts":"2026-04-05T21:47:24.050Z","level":"INFO","device":"868120100002","event":"RX_MSG","detail":"0x8001 bodyLen=5"}
{"ts":"2026-04-05T21:47:24.050Z","level":"INFO","device":"868120100002","event":"SERVER_ACK","detail":"0x0102 result=OK"}
{"ts":"2026-04-05T21:47:24.070Z","level":"INFO","device":"200000000002","event":"SERVER_ACK","detail":"0x8100 Registration Reply Received"}
{"ts":"2026-04-05T21:47:24.156Z","level":"INFO","device":"200000000004","event":"OBD2_CONNECTED","detail":"Binary Mode"}
{"ts":"2026-04-05T21:47:24.162Z","level":"INFO","device":"868120100004","event":"CONNECTED","detail":"id:868120100004"}
{"ts":"2026-04-05T21:47:24.206Z","level":"INFO","device":"200000000003","event":"SERVER_ACK","detail":"0x8100 Registration Reply Received"}
{"ts":"2026-04-05T21:47:24.218Z","level":"INFO","device":"868120100003","event":"RX_MSG","detail":"0x8001 bodyLen=5"}
{"ts":"2026-04-05T21:47:24.218Z","level":"INFO","device":"868120100003","event":"SERVER_ACK","detail":"0x0102 result=OK"}
{"ts":"2026-04-05T21:47:24.296Z","level":"INFO","device":"200000000005","event":"OBD2_CONNECTED","detail":"Binary Mode"}
{"ts":"2026-04-05T21:47:24.305Z","level":"INFO","device":"868120100005","event":"CONNECTED","detail":"id:868120100005"}
{"ts":"2026-04-05T21:47:24.372Z","level":"INFO","device":"200000000004","event":"SERVER_ACK","detail":"0x8100 Registration Reply Received"}
{"ts":"2026-04-05T21:47:24.380Z","level":"INFO","device":"868120100004","event":"RX_MSG","detail":"0x8001 bodyLen=5"}
{"ts":"2026-04-05T21:47:24.381Z","level":"INFO","device":"868120100004","event":"SERVER_ACK","detail":"0x0102 result=OK"}
{"ts":"2026-04-05T21:47:24.392Z","level":"INFO","device":"200000000001","event":"SERVER_ACK","detail":"0x8001 Universal Reply Received"}
{"ts":"2026-04-05T21:47:24.454Z","level":"INFO","device":"868120100006","event":"CONNECTED","detail":"id:868120100006"}
{"ts":"2026-04-05T21:47:24.457Z","level":"INFO","device":"200000000006","event":"OBD2_CONNECTED","detail":"Binary Mode"}
{"ts":"2026-04-05T21:47:24.507Z","level":"INFO","device":"200000000005","event":"SERVER_ACK","detail":"0x8100 Registration Reply Received"}
{"ts":"2026-04-05T21:47:24.532Z","level":"INFO","device":"868120100005","event":"RX_MSG","detail":"0x8001 bodyLen=5"}
{"ts":"2026-04-05T21:47:24.532Z","level":"INFO","device":"868120100005","event":"SERVER_ACK","detail":"0x0102 result=OK"}
{"ts":"2026-04-05T21:47:24.570Z","level":"INFO","device":"200000000002","event":"SERVER_ACK","detail":"0x8001 Universal Reply Received"}
{"ts":"2026-04-05T21:47:24.595Z","level":"INFO","device":"868120100007","event":"CONNECTED","detail":"id:868120100007"}
{"ts":"2026-04-05T21:47:24.596Z","level":"INFO","device":"200000000007","event":"OBD2_CONNECTED","detail":"Binary Mode"}
{"ts":"2026-04-05T21:47:24.686Z","level":"INFO","device":"868120100006","event":"RX_MSG","detail":"0x8001 bodyLen=5"}
{"ts":"2026-04-05T21:47:24.686Z","level":"INFO","device":"868120100006","event":"SERVER_ACK","detail":"0x0102 result=OK"}
{"ts":"2026-04-05T21:47:24.700Z","level":"INFO","device":"200000000006","event":"SERVER_ACK","detail":"0x8100 Registration Reply Received"}
{"ts":"2026-04-05T21:47:24.701Z","level":"INFO","device":"200000000003","event":"SERVER_ACK","detail":"0x8001 Universal Reply Received"}
{"ts":"2026-04-05T21:47:24.730Z","level":"INFO","device":"200000000008","event":"OBD2_CONNECTED","detail":"Binary Mode"}
{"ts":"2026-04-05T21:47:24.745Z","level":"INFO","device":"868120100008","event":"CONNECTED","detail":"id:868120100008"}
{"ts":"2026-04-05T21:47:24.803Z","level":"INFO","device":"868120100007","event":"RX_MSG","detail":"0x8001 bodyLen=5"}
{"ts":"2026-04-05T21:47:24.805Z","level":"INFO","device":"868120100007","event":"SERVER_ACK","detail":"0x0102 result=OK"}
{"ts":"2026-04-05T21:47:24.809Z","level":"INFO","device":"200000000007","event":"SERVER_ACK","detail":"0x8100 Registration Reply Received"}
{"ts":"2026-04-05T21:47:24.872Z","level":"INFO","device":"200000000004","event":"SERVER_ACK","detail":"0x8001 Universal Reply Received"}
{"ts":"2026-04-05T21:47:24.900Z","level":"INFO","device":"868120100009","event":"CONNECTED","detail":"id:868120100009"}
{"ts":"2026-04-05T21:47:24.910Z","level":"INFO","device":"200000000009","event":"OBD2_CONNECTED","detail":"Binary Mode"}
{"ts":"2026-04-05T21:47:24.925Z","level":"INFO","device":"200000000008","event":"SERVER_ACK","detail":"0x8100 Registration Reply Received"}
{"ts":"2026-04-05T21:47:24.949Z","level":"INFO","device":"868120100008","event":"RX_MSG","detail":"0x8001 bodyLen=5"}
{"ts":"2026-04-05T21:47:24.949Z","level":"INFO","device":"868120100008","event":"SERVER_ACK","detail":"0x0102 result=OK"}
{"ts":"2026-04-05T21:47:25.006Z","level":"INFO","device":"200000000005","event":"SERVER_ACK","detail":"0x8001 Universal Reply Received"}
{"ts":"2026-04-05T21:47:25.051Z","level":"INFO","device":"100000000010","event":"CONNECTED","detail":"id:100000000010"}
{"ts":"2026-04-05T21:47:25.068Z","level":"INFO","device":"200000000010","event":"OBD2_CONNECTED","detail":"Binary Mode"}
{"ts":"2026-04-05T21:47:25.106Z","level":"INFO","device":"868120100009","event":"RX_MSG","detail":"0x8001 bodyLen=5"}
{"ts":"2026-04-05T21:47:25.108Z","level":"INFO","device":"868120100009","event":"SERVER_ACK","detail":"0x0102 result=OK"}
{"ts":"2026-04-05T21:47:25.128Z","level":"INFO","device":"200000000009","event":"SERVER_ACK","detail":"0x8100 Registration Reply Received"}
{"ts":"2026-04-05T21:47:25.179Z","level":"INFO","device":"200000000006","event":"SERVER_ACK","detail":"0x8001 Universal Reply Received"}
{"ts":"2026-04-05T21:47:25.257Z","level":"INFO","device":"100000000010","event":"RX_MSG","detail":"0x8001 bodyLen=5"}
{"ts":"2026-04-05T21:47:25.258Z","level":"INFO","device":"100000000010","event":"SERVER_ACK","detail":"0x0102 result=OK"}
{"ts":"2026-04-05T21:47:25.295Z","level":"INFO","device":"200000000010","event":"SERVER_ACK","detail":"0x8100 Registration Reply Received"}
{"ts":"2026-04-05T21:47:25.300Z","level":"INFO","device":"200000000007","event":"SERVER_ACK","detail":"0x8001 Universal Reply Received"}
{"ts":"2026-04-05T21:47:25.419Z","level":"INFO","device":"200000000008","event":"SERVER_ACK","detail":"0x8001 Universal Reply Received"}
{"ts":"2026-04-05T21:47:25.624Z","level":"INFO","device":"200000000009","event":"SERVER_ACK","detail":"0x8001 Universal Reply Received"}
{"ts":"2026-04-05T21:47:25.790Z","level":"INFO","device":"200000000010","event":"SERVER_ACK","detail":"0x8001 Universal Reply Received"}
{"ts":"2026-04-05T21:47:38.508Z","level":"INFO","device":"200000000001","event":"OBD2_SENT_0x0200","detail":"Lat: 51.736722, Lng: 0.470405 | Speed: 43km/h | RPM: 2523"}
{"ts":"2026-04-05T21:47:38.645Z","level":"INFO","device":"200000000002","event":"OBD2_SENT_0x0200","detail":"Lat: 51.736699, Lng: 0.470330 | Speed: 41km/h | RPM: 2458"}
{"ts":"2026-04-05T21:47:38.708Z","level":"INFO","device":"200000000001","event":"SERVER_ACK","detail":"0x8001 Universal Reply Received"}
{"ts":"2026-04-05T21:47:38.796Z","level":"INFO","device":"200000000003","event":"OBD2_SENT_0x0200","detail":"Lat: 51.736695, Lng: 0.470316 | Speed: 41km/h | RPM: 2447"}
{"ts":"2026-04-05T21:47:38.857Z","level":"INFO","device":"200000000002","event":"SERVER_ACK","detail":"0x8001 Universal Reply Received"}
{"ts":"2026-04-05T21:47:38.946Z","level":"INFO","device":"200000000004","event":"OBD2_SENT_0x0200","detail":"Lat: 51.736657, Lng: 0.470191 | Speed: 38km/h | RPM: 2339"}
{"ts":"2026-04-05T21:47:39.002Z","level":"INFO","device":"200000000003","event":"SERVER_ACK","detail":"0x8001 Universal Reply Received"}
{"ts":"2026-04-05T21:47:39.095Z","level":"INFO","device":"200000000005","event":"OBD2_SENT_0x0200","detail":"Lat: 51.736618, Lng: 0.470059 | Speed: 36km/h | RPM: 2225"}
{"ts":"2026-04-05T21:47:39.157Z","level":"INFO","device":"200000000004","event":"SERVER_ACK","detail":"0x8001 Universal Reply Received"}
{"ts":"2026-04-05T21:47:39.244Z","level":"INFO","device":"200000000006","event":"OBD2_SENT_0x0200","detail":"Lat: 51.736663, Lng: 0.470210 | Speed: 39km/h | RPM: 2356"}
{"ts":"2026-04-05T21:47:39.301Z","level":"INFO","device":"200000000005","event":"SERVER_ACK","detail":"0x8001 Universal Reply Received"}
{"ts":"2026-04-05T21:47:39.395Z","level":"INFO","device":"200000000007","event":"OBD2_SENT_0x0200","detail":"Lat: 51.736639, Lng: 0.470131 | Speed: 37km/h | RPM: 2288"}
{"ts":"2026-04-05T21:47:39.457Z","level":"INFO","device":"200000000006","event":"SERVER_ACK","detail":"0x8001 Universal Reply Received"}
{"ts":"2026-04-05T21:47:39.544Z","level":"INFO","device":"200000000008","event":"OBD2_SENT_0x0200","detail":"Lat: 51.736657, Lng: 0.470191 | Speed: 38km/h | RPM: 2339"}
{"ts":"2026-04-05T21:47:39.598Z","level":"INFO","device":"200000000007","event":"SERVER_ACK","detail":"0x8001 Universal Reply Received"}
{"ts":"2026-04-05T21:47:39.697Z","level":"INFO","device":"200000000009","event":"OBD2_SENT_0x0200","detail":"Lat: 51.736620, Lng: 0.470067 | Speed: 36km/h | RPM: 2233"}
{"ts":"2026-04-05T21:47:39.734Z","level":"INFO","device":"200000000008","event":"SERVER_ACK","detail":"0x8001 Universal Reply Received"}
{"ts":"2026-04-05T21:47:39.849Z","level":"INFO","device":"200000000010","event":"OBD2_SENT_0x0200","detail":"Lat: 51.736742, Lng: 0.470473 | Speed: 45km/h | RPM: 2581"}
{"ts":"2026-04-05T21:47:39.908Z","level":"INFO","device":"200000000009","event":"SERVER_ACK","detail":"0x8001 Universal Reply Received"}
{"ts":"2026-04-05T21:47:40.075Z","level":"INFO","device":"200000000010","event":"SERVER_ACK","detail":"0x8001 Universal Reply Received"}
{"ts":"2026-04-05T21:47:43.503Z","level":"INFO","device":"868120018681","event":"GPS_SENT","detail":""}
{"ts":"2026-04-05T21:47:43.644Z","level":"INFO","device":"868120100002","event":"GPS_SENT","detail":""}
{"ts":"2026-04-05T21:47:43.706Z","level":"INFO","device":"868120018681","event":"RX_MSG","detail":"0x8001 bodyLen=5"}
{"ts":"2026-04-05T21:47:43.706Z","level":"INFO","device":"868120018681","event":"SERVER_ACK","detail":"0x0200 result=OK"}
{"ts":"2026-04-05T21:47:43.794Z","level":"INFO","device":"868120100003","event":"GPS_SENT","detail":""}
{"ts":"2026-04-05T21:47:43.847Z","level":"INFO","device":"868120100002","event":"RX_MSG","detail":"0x8001 bodyLen=5"}
{"ts":"2026-04-05T21:47:43.848Z","level":"INFO","device":"868120100002","event":"SERVER_ACK","detail":"0x0200 result=OK"}
{"ts":"2026-04-05T21:47:43.946Z","level":"INFO","device":"868120100004","event":"GPS_SENT","detail":""}
{"ts":"2026-04-05T21:47:44.003Z","level":"INFO","device":"868120100003","event":"RX_MSG","detail":"0x8001 bodyLen=5"}
{"ts":"2026-04-05T21:47:44.004Z","level":"INFO","device":"868120100003","event":"SERVER_ACK","detail":"0x0200 result=OK"}
{"ts":"2026-04-05T21:47:44.095Z","level":"INFO","device":"868120100005","event":"GPS_SENT","detail":""}
{"ts":"2026-04-05T21:47:44.165Z","level":"INFO","device":"868120100004","event":"RX_MSG","detail":"0x8001 bodyLen=5"}
{"ts":"2026-04-05T21:47:44.165Z","level":"INFO","device":"868120100004","event":"SERVER_ACK","detail":"0x0200 result=OK"}
{"ts":"2026-04-05T21:47:44.243Z","level":"INFO","device":"868120100006","event":"GPS_SENT","detail":""}
{"ts":"2026-04-05T21:47:44.304Z","level":"INFO","device":"868120100005","event":"RX_MSG","detail":"0x8001 bodyLen=5"}
{"ts":"2026-04-05T21:47:44.304Z","level":"INFO","device":"868120100005","event":"SERVER_ACK","detail":"0x0200 result=OK"}
{"ts":"2026-04-05T21:47:44.394Z","level":"INFO","device":"868120100007","event":"GPS_SENT","detail":""}
{"ts":"2026-04-05T21:47:44.453Z","level":"INFO","device":"868120100006","event":"RX_MSG","detail":"0x8001 bodyLen=5"}
{"ts":"2026-04-05T21:47:44.454Z","level":"INFO","device":"868120100006","event":"SERVER_ACK","detail":"0x0200 result=OK"}
{"ts":"2026-04-05T21:47:44.544Z","level":"INFO","device":"868120100008","event":"GPS_SENT","detail":""}
{"ts":"2026-04-05T21:47:44.597Z","level":"INFO","device":"868120100007","event":"RX_MSG","detail":"0x8001 bodyLen=5"}
{"ts":"2026-04-05T21:47:44.598Z","level":"INFO","device":"868120100007","event":"SERVER_ACK","detail":"0x0200 result=OK"}
{"ts":"2026-04-05T21:47:44.696Z","level":"INFO","device":"868120100009","event":"GPS_SENT","detail":""}
{"ts":"2026-04-05T21:47:44.748Z","level":"INFO","device":"868120100008","event":"RX_MSG","detail":"0x8001 bodyLen=5"}
{"ts":"2026-04-05T21:47:44.748Z","level":"INFO","device":"868120100008","event":"SERVER_ACK","detail":"0x0200 result=OK"}
{"ts":"2026-04-05T21:47:44.848Z","level":"INFO","device":"100000000010","event":"GPS_SENT","detail":""}
{"ts":"2026-04-05T21:47:44.898Z","level":"INFO","device":"868120100009","event":"RX_MSG","detail":"0x8001 bodyLen=5"}
{"ts":"2026-04-05T21:47:44.898Z","level":"INFO","device":"868120100009","event":"SERVER_ACK","detail":"0x0200 result=OK"}
{"ts":"2026-04-05T21:47:45.050Z","level":"INFO","device":"100000000010","event":"RX_MSG","detail":"0x8001 bodyLen=5"}
{"ts":"2026-04-05T21:47:45.051Z","level":"INFO","device":"100000000010","event":"SERVER_ACK","detail":"0x0200 result=OK"}
{"ts":"2026-04-05T21:47:53.508Z","level":"INFO","device":"200000000001","event":"HEARTBEAT_SENT","detail":"0x0002"}
{"ts":"2026-04-05T21:47:53.511Z","level":"INFO","device":"200000000001","event":"OBD2_SENT_0x0200","detail":"Lat: 51.737406, Lng: 0.473036 | Speed: 45km/h | RPM: 2583"}
{"ts":"2026-04-05T21:47:53.645Z","level":"INFO","device":"200000000002","event":"HEARTBEAT_SENT","detail":"0x0002"}
{"ts":"2026-04-05T21:47:53.646Z","level":"INFO","device":"200000000002","event":"OBD2_SENT_0x0200","detail":"Lat: 51.737288, Lng: 0.472535 | Speed: 38km/h | RPM: 2301"}
{"ts":"2026-04-05T21:47:53.702Z","level":"INFO","device":"200000000001","event":"SERVER_ACK","detail":"0x8001 Universal Reply Received"}
{"ts":"2026-04-05T21:47:53.795Z","level":"INFO","device":"200000000003","event":"HEARTBEAT_SENT","detail":"0x0002"}
{"ts":"2026-04-05T21:47:53.796Z","level":"INFO","device":"200000000003","event":"OBD2_SENT_0x0200","detail":"Lat: 51.737375, Lng: 0.472895 | Speed: 44km/h | RPM: 2554"}
{"ts":"2026-04-05T21:47:53.856Z","level":"INFO","device":"200000000002","event":"SERVER_ACK","detail":"0x8001 Universal Reply Received"}
{"ts":"2026-04-05T21:47:53.946Z","level":"INFO","device":"200000000004","event":"HEARTBEAT_SENT","detail":"0x0002"}
{"ts":"2026-04-05T21:47:53.946Z","level":"INFO","device":"200000000004","event":"OBD2_SENT_0x0200","detail":"Lat: 51.737310, Lng: 0.472629 | Speed: 42km/h | RPM: 2467"}
{"ts":"2026-04-05T21:47:53.997Z","level":"INFO","device":"200000000003","event":"SERVER_ACK","detail":"0x8001 Universal Reply Received"}
{"ts":"2026-04-05T21:47:54.008Z","level":"INFO","device":"200000000001","event":"SERVER_ACK","detail":"0x8001 Universal Reply Received"}
{"ts":"2026-04-05T21:47:54.094Z","level":"INFO","device":"200000000005","event":"HEARTBEAT_SENT","detail":"0x0002"}
{"ts":"2026-04-05T21:47:54.095Z","level":"INFO","device":"200000000005","event":"OBD2_SENT_0x0200","detail":"Lat: 51.737223, Lng: 0.472266 | Speed: 38km/h | RPM: 2319"}
{"ts":"2026-04-05T21:47:54.157Z","level":"INFO","device":"200000000004","event":"SERVER_ACK","detail":"0x8001 Universal Reply Received"}
{"ts":"2026-04-05T21:47:54.179Z","level":"INFO","device":"200000000002","event":"SERVER_ACK","detail":"0x8001 Universal Reply Received"}
{"ts":"2026-04-05T21:47:54.246Z","level":"INFO","device":"200000000006","event":"HEARTBEAT_SENT","detail":"0x0002"}
{"ts":"2026-04-05T21:47:54.247Z","level":"INFO","device":"200000000006","event":"OBD2_SENT_0x0200","detail":"Lat: 51.737329, Lng: 0.472704 | Speed: 43km/h | RPM: 2503"}
{"ts":"2026-04-05T21:47:54.297Z","level":"INFO","device":"200000000005","event":"SERVER_ACK","detail":"0x8001 Universal Reply Received"}
{"ts":"2026-04-05T21:47:54.328Z","level":"INFO","device":"200000000003","event":"SERVER_ACK","detail":"0x8001 Universal Reply Received"}
{"ts":"2026-04-05T21:47:54.394Z","level":"INFO","device":"200000000007","event":"HEARTBEAT_SENT","detail":"0x0002"}
{"ts":"2026-04-05T21:47:54.395Z","level":"INFO","device":"200000000007","event":"OBD2_SENT_0x0200","detail":"Lat: 51.737234, Lng: 0.472311 | Speed: 37km/h | RPM: 2297"}
{"ts":"2026-04-05T21:47:54.462Z","level":"INFO","device":"200000000006","event":"SERVER_ACK","detail":"0x8001 Universal Reply Received"}
{"ts":"2026-04-05T21:47:54.491Z","level":"INFO","device":"200000000004","event":"SERVER_ACK","detail":"0x8001 Universal Reply Received"}
{"ts":"2026-04-05T21:47:54.544Z","level":"INFO","device":"200000000008","event":"HEARTBEAT_SENT","detail":"0x0002"}
{"ts":"2026-04-05T21:47:54.545Z","level":"INFO","device":"200000000008","event":"OBD2_SENT_0x0200","detail":"Lat: 51.737283, Lng: 0.472514 | Speed: 40km/h | RPM: 2389"}
{"ts":"2026-04-05T21:47:54.596Z","level":"INFO","device":"200000000007","event":"SERVER_ACK","detail":"0x8001 Universal Reply Received"}
{"ts":"2026-04-05T21:47:54.607Z","level":"INFO","device":"200000000005","event":"SERVER_ACK","detail":"0x8001 Universal Reply Received"}
{"ts":"2026-04-05T21:47:54.696Z","level":"INFO","device":"200000000009","event":"HEARTBEAT_SENT","detail":"0x0002"}
{"ts":"2026-04-05T21:47:54.697Z","level":"INFO","device":"200000000009","event":"OBD2_SENT_0x0200","detail":"Lat: 51.737221, Lng: 0.472259 | Speed: 38km/h | RPM: 2308"}
{"ts":"2026-04-05T21:47:54.742Z","level":"INFO","device":"200000000008","event":"SERVER_ACK","detail":"0x8001 Universal Reply Received"}
{"ts":"2026-04-05T21:47:54.799Z","level":"INFO","device":"200000000006","event":"SERVER_ACK","detail":"0x8001 Universal Reply Received"}
{"ts":"2026-04-05T21:47:54.850Z","level":"INFO","device":"200000000010","event":"HEARTBEAT_SENT","detail":"0x0002"}
{"ts":"2026-04-05T21:47:54.850Z","level":"INFO","device":"200000000010","event":"OBD2_SENT_0x0200","detail":"Lat: 51.737465, Lng: 0.473390 | Speed: 49km/h | RPM: 2772"}
{"ts":"2026-04-05T21:47:54.910Z","level":"INFO","device":"200000000009","event":"SERVER_ACK","detail":"0x8001 Universal Reply Received"}
{"ts":"2026-04-05T21:47:54.913Z","level":"INFO","device":"200000000007","event":"SERVER_ACK","detail":"0x8001 Universal Reply Received"}
{"ts":"2026-04-05T21:47:55.053Z","level":"INFO","device":"200000000008","event":"SERVER_ACK","detail":"0x8001 Universal Reply Received"}
{"ts":"2026-04-05T21:47:55.070Z","level":"INFO","device":"200000000010","event":"SERVER_ACK","detail":"0x8001 Universal Reply Received"}
{"ts":"2026-04-05T21:47:55.233Z","level":"INFO","device":"200000000009","event":"SERVER_ACK","detail":"0x8001 Universal Reply Received"}
{"ts":"2026-04-05T21:47:55.396Z","level":"INFO","device":"200000000010","event":"SERVER_ACK","detail":"0x8001 Universal Reply Received"}
{"ts":"2026-04-05T21:48:03.506Z","level":"INFO","device":"868120018681","event":"GPS_SENT","detail":""}
{"ts":"2026-04-05T21:48:03.645Z","level":"INFO","device":"868120100002","event":"GPS_SENT","detail":""}
{"ts":"2026-04-05T21:48:03.708Z","level":"INFO","device":"868120018681","event":"RX_MSG","detail":"0x8001 bodyLen=5"}
{"ts":"2026-04-05T21:48:03.709Z","level":"INFO","device":"868120018681","event":"SERVER_ACK","detail":"0x0200 result=OK"}
{"ts":"2026-04-05T21:48:03.794Z","level":"INFO","device":"868120100003","event":"GPS_SENT","detail":""}
{"ts":"2026-04-05T21:48:03.846Z","level":"INFO","device":"868120100002","event":"RX_MSG","detail":"0x8001 bodyLen=5"}
{"ts":"2026-04-05T21:48:03.847Z","level":"INFO","device":"868120100002","event":"SERVER_ACK","detail":"0x0200 result=OK"}
{"ts":"2026-04-05T21:48:03.947Z","level":"INFO","device":"868120100004","event":"GPS_SENT","detail":""}
{"ts":"2026-04-05T21:48:04.002Z","level":"INFO","device":"868120100003","event":"RX_MSG","detail":"0x8001 bodyLen=5"}
{"ts":"2026-04-05T21:48:04.003Z","level":"INFO","device":"868120100003","event":"SERVER_ACK","detail":"0x0200 result=OK"}
{"ts":"2026-04-05T21:48:04.095Z","level":"INFO","device":"868120100005","event":"GPS_SENT","detail":""}
{"ts":"2026-04-05T21:48:04.164Z","level":"INFO","device":"868120100004","event":"RX_MSG","detail":"0x8001 bodyLen=5"}
{"ts":"2026-04-05T21:48:04.165Z","level":"INFO","device":"868120100004","event":"SERVER_ACK","detail":"0x0200 result=OK"}
{"ts":"2026-04-05T21:48:04.243Z","level":"INFO","device":"868120100006","event":"GPS_SENT","detail":""}
{"ts":"2026-04-05T21:48:04.306Z","level":"INFO","device":"868120100005","event":"RX_MSG","detail":"0x8001 bodyLen=5"}
{"ts":"2026-04-05T21:48:04.307Z","level":"INFO","device":"868120100005","event":"SERVER_ACK","detail":"0x0200 result=OK"}
{"ts":"2026-04-05T21:48:04.395Z","level":"INFO","device":"868120100007","event":"GPS_SENT","detail":""}
{"ts":"2026-04-05T21:48:04.455Z","level":"INFO","device":"868120100006","event":"RX_MSG","detail":"0x8001 bodyLen=5"}
{"ts":"2026-04-05T21:48:04.455Z","level":"INFO","device":"868120100006","event":"SERVER_ACK","detail":"0x0200 result=OK"}
{"ts":"2026-04-05T21:48:04.544Z","level":"INFO","device":"868120100008","event":"GPS_SENT","detail":""}
{"ts":"2026-04-05T21:48:04.597Z","level":"INFO","device":"868120100007","event":"RX_MSG","detail":"0x8001 bodyLen=5"}
{"ts":"2026-04-05T21:48:04.597Z","level":"INFO","device":"868120100007","event":"SERVER_ACK","detail":"0x0200 result=OK"}
{"ts":"2026-04-05T21:48:04.697Z","level":"INFO","device":"868120100009","event":"GPS_SENT","detail":""}
{"ts":"2026-04-05T21:48:04.751Z","level":"INFO","device":"868120100008","event":"RX_MSG","detail":"0x8001 bodyLen=5"}
{"ts":"2026-04-05T21:48:04.751Z","level":"INFO","device":"868120100008","event":"SERVER_ACK","detail":"0x0200 result=OK"}
{"ts":"2026-04-05T21:48:04.848Z","level":"INFO","device":"100000000010","event":"GPS_SENT","detail":""}
{"ts":"2026-04-05T21:48:04.900Z","level":"INFO","device":"868120100009","event":"RX_MSG","detail":"0x8001 bodyLen=5"}
{"ts":"2026-04-05T21:48:04.900Z","level":"INFO","device":"868120100009","event":"SERVER_ACK","detail":"0x0200 result=OK"}
{"ts":"2026-04-05T21:48:05.048Z","level":"INFO","device":"100000000010","event":"RX_MSG","detail":"0x8001 bodyLen=5"}
{"ts":"2026-04-05T21:48:05.049Z","level":"INFO","device":"100000000010","event":"SERVER_ACK","detail":"0x0200 result=OK"}
{"ts":"2026-04-05T21:48:08.513Z","level":"INFO","device":"200000000001","event":"OBD2_SENT_0x0200","detail":"Lat: 51.737746, Lng: 0.475364 | Speed: 40km/h | RPM: 2394"}
{"ts":"2026-04-05T21:48:08.646Z","level":"INFO","device":"200000000002","event":"OBD2_SENT_0x0200","detail":"Lat: 51.737651, Lng: 0.474611 | Speed: 37km/h | RPM: 2274"}
{"ts":"2026-04-05T21:48:08.710Z","level":"INFO","device":"200000000001","event":"SERVER_ACK","detail":"0x8001 Universal Reply Received"}
{"ts":"2026-04-05T21:48:08.796Z","level":"INFO","device":"200000000003","event":"OBD2_SENT_0x0200","detail":"Lat: 51.737747, Lng: 0.475378 | Speed: 44km/h | RPM: 2562"}
{"ts":"2026-04-05T21:48:08.857Z","level":"INFO","device":"200000000002","event":"SERVER_ACK","detail":"0x8001 Universal Reply Received"}
{"ts":"2026-04-05T21:48:08.947Z","level":"INFO","device":"200000000004","event":"OBD2_SENT_0x0200","detail":"Lat: 51.737719, Lng: 0.475153 | Speed: 45km/h | RPM: 2591"}
{"ts":"2026-04-05T21:48:08.998Z","level":"INFO","device":"200000000003","event":"SERVER_ACK","detail":"0x8001 Universal Reply Received"}
{"ts":"2026-04-05T21:48:09.095Z","level":"INFO","device":"200000000005","event":"OBD2_SENT_0x0200","detail":"Lat: 51.737649, Lng: 0.474593 | Speed: 41km/h | RPM: 2452"}
{"ts":"2026-04-05T21:48:09.182Z","level":"INFO","device":"200000000004","event":"SERVER_ACK","detail":"0x8001 Universal Reply Received"}
{"ts":"2026-04-05T21:48:09.247Z","level":"INFO","device":"200000000006","event":"OBD2_SENT_0x0200","detail":"Lat: 51.737721, Lng: 0.475164 | Speed: 44km/h | RPM: 2546"}
{"ts":"2026-04-05T21:48:09.300Z","level":"INFO","device":"200000000005","event":"SERVER_ACK","detail":"0x8001 Universal Reply Received"}
{"ts":"2026-04-05T21:48:09.395Z","level":"INFO","device":"200000000007","event":"OBD2_SENT_0x0200","detail":"Lat: 51.737641, Lng: 0.474527 | Speed: 39km/h | RPM: 2372"}
{"ts":"2026-04-05T21:48:09.465Z","level":"INFO","device":"200000000006","event":"SERVER_ACK","detail":"0x8001 Universal Reply Received"}
{"ts":"2026-04-05T21:48:09.546Z","level":"INFO","device":"200000000008","event":"OBD2_SENT_0x0200","detail":"Lat: 51.737656, Lng: 0.474649 | Speed: 38km/h | RPM: 2315"}
{"ts":"2026-04-05T21:48:09.599Z","level":"INFO","device":"200000000007","event":"SERVER_ACK","detail":"0x8001 Universal Reply Received"}
{"ts":"2026-04-05T21:48:09.698Z","level":"INFO","device":"200000000009","event":"OBD2_SENT_0x0200","detail":"Lat: 51.737592, Lng: 0.474149 | Speed: 34km/h | RPM: 2141"}
{"ts":"2026-04-05T21:48:09.734Z","level":"INFO","device":"200000000008","event":"SERVER_ACK","detail":"0x8001 Universal Reply Received"}
{"ts":"2026-04-05T21:48:09.851Z","level":"INFO","device":"200000000010","event":"OBD2_SENT_0x0200","detail":"Lat: 51.737782, Lng: 0.476170 | Speed: 48km/h | RPM: 2703"}
{"ts":"2026-04-05T21:48:09.909Z","level":"INFO","device":"200000000009","event":"SERVER_ACK","detail":"0x8001 Universal Reply Received"}
{"ts":"2026-04-05T21:48:10.072Z","level":"INFO","device":"200000000010","event":"SERVER_ACK","detail":"0x8001 Universal Reply Received"}
{"ts":"2026-04-05T21:48:23.506Z","level":"INFO","device":"868120018681","event":"GPS_SENT","detail":""}
{"ts":"2026-04-05T21:48:23.508Z","level":"INFO","device":"200000000001","event":"HEARTBEAT_SENT","detail":"0x0002"}
{"ts":"2026-04-05T21:48:23.514Z","level":"INFO","device":"200000000001","event":"OBD2_SENT_0x0200","detail":"Lat: 51.737711, Lng: 0.477662 | Speed: 39km/h | RPM: 2350"}
{"ts":"2026-04-05T21:48:23.645Z","level":"INFO","device":"868120100002","event":"GPS_SENT","detail":""}
{"ts":"2026-04-05T21:48:23.648Z","level":"INFO","device":"200000000002","event":"HEARTBEAT_SENT","detail":"0x0002"}
{"ts":"2026-04-05T21:48:23.649Z","level":"INFO","device":"200000000002","event":"OBD2_SENT_0x0200","detail":"Lat: 51.737777, Lng: 0.476880 | Speed: 38km/h | RPM: 2330"}
{"ts":"2026-04-05T21:48:23.703Z","level":"INFO","device":"200000000001","event":"SERVER_ACK","detail":"0x8001 Universal Reply Received"}
{"ts":"2026-04-05T21:48:23.710Z","level":"INFO","device":"868120018681","event":"RX_MSG","detail":"0x8001 bodyLen=5"}
{"ts":"2026-04-05T21:48:23.710Z","level":"INFO","device":"868120018681","event":"SERVER_ACK","detail":"0x0200 result=OK"}
{"ts":"2026-04-05T21:48:23.794Z","level":"INFO","device":"868120100003","event":"GPS_SENT","detail":""}
{"ts":"2026-04-05T21:48:23.795Z","level":"INFO","device":"200000000003","event":"HEARTBEAT_SENT","detail":"0x0002"}
{"ts":"2026-04-05T21:48:23.796Z","level":"INFO","device":"200000000003","event":"OBD2_SENT_0x0200","detail":"Lat: 51.737620, Lng: 0.478120 | Speed: 46km/h | RPM: 2649"}
{"ts":"2026-04-05T21:48:23.846Z","level":"INFO","device":"868120100002","event":"RX_MSG","detail":"0x8001 bodyLen=5"}
{"ts":"2026-04-05T21:48:23.846Z","level":"INFO","device":"868120100002","event":"SERVER_ACK","detail":"0x0200 result=OK"}
{"ts":"2026-04-05T21:48:23.857Z","level":"INFO","device":"200000000002","event":"SERVER_ACK","detail":"0x8001 Universal Reply Received"}
{"ts":"2026-04-05T21:48:23.945Z","level":"INFO","device":"200000000004","event":"HEARTBEAT_SENT","detail":"0x0002"}
{"ts":"2026-04-05T21:48:23.946Z","level":"INFO","device":"200000000004","event":"OBD2_SENT_0x0200","detail":"Lat: 51.737677, Lng: 0.477893 | Speed: 46km/h | RPM: 2648"}
{"ts":"2026-04-05T21:48:23.946Z","level":"INFO","device":"868120100004","event":"GPS_SENT","detail":""}
{"ts":"2026-04-05T21:48:24.001Z","level":"INFO","device":"200000000003","event":"SERVER_ACK","detail":"0x8001 Universal Reply Received"}
{"ts":"2026-04-05T21:48:24.008Z","level":"INFO","device":"868120100003","event":"RX_MSG","detail":"0x8001 bodyLen=5"}
{"ts":"2026-04-05T21:48:24.008Z","level":"INFO","device":"868120100003","event":"SERVER_ACK","detail":"0x0200 result=OK"}
{"ts":"2026-04-05T21:48:24.011Z","level":"INFO","device":"200000000001","event":"SERVER_ACK","detail":"0x8001 Universal Reply Received"}
{"ts":"2026-04-05T21:48:24.095Z","level":"INFO","device":"200000000005","event":"HEARTBEAT_SENT","detail":"0x0002"}
{"ts":"2026-04-05T21:48:24.098Z","level":"INFO","device":"200000000005","event":"OBD2_SENT_0x0200","detail":"Lat: 51.737741, Lng: 0.477313 | Speed: 46km/h | RPM: 2634"}
{"ts":"2026-04-05T21:48:24.100Z","level":"INFO","device":"868120100005","event":"GPS_SENT","detail":""}
{"ts":"2026-04-05T21:48:24.155Z","level":"INFO","device":"200000000004","event":"SERVER_ACK","detail":"0x8001 Universal Reply Received"}
{"ts":"2026-04-05T21:48:24.164Z","level":"INFO","device":"868120100004","event":"RX_MSG","detail":"0x8001 bodyLen=5"}
{"ts":"2026-04-05T21:48:24.164Z","level":"INFO","device":"868120100004","event":"SERVER_ACK","detail":"0x0200 result=OK"}
{"ts":"2026-04-05T21:48:24.182Z","level":"INFO","device":"200000000002","event":"SERVER_ACK","detail":"0x8001 Universal Reply Received"}
{"ts":"2026-04-05T21:48:24.244Z","level":"INFO","device":"868120100006","event":"GPS_SENT","detail":""}
{"ts":"2026-04-05T21:48:24.246Z","level":"INFO","device":"200000000006","event":"HEARTBEAT_SENT","detail":"0x0002"}
{"ts":"2026-04-05T21:48:24.248Z","level":"INFO","device":"200000000006","event":"OBD2_SENT_0x0200","detail":"Lat: 51.737701, Lng: 0.477786 | Speed: 44km/h | RPM: 2568"}
{"ts":"2026-04-05T21:48:24.297Z","level":"INFO","device":"200000000005","event":"SERVER_ACK","detail":"0x8001 Universal Reply Received"}
{"ts":"2026-04-05T21:48:24.310Z","level":"INFO","device":"868120100005","event":"RX_MSG","detail":"0x8001 bodyLen=5"}
{"ts":"2026-04-05T21:48:24.310Z","level":"INFO","device":"868120100005","event":"SERVER_ACK","detail":"0x0200 result=OK"}
{"ts":"2026-04-05T21:48:24.331Z","level":"INFO","device":"200000000003","event":"SERVER_ACK","detail":"0x8001 Universal Reply Received"}
{"ts":"2026-04-05T21:48:24.395Z","level":"INFO","device":"200000000007","event":"HEARTBEAT_SENT","detail":"0x0002"}
{"ts":"2026-04-05T21:48:24.396Z","level":"INFO","device":"868120100007","event":"GPS_SENT","detail":""}
{"ts":"2026-04-05T21:48:24.396Z","level":"INFO","device":"200000000007","event":"OBD2_SENT_0x0200","detail":"Lat: 51.737755, Lng: 0.477139 | Speed: 44km/h | RPM: 2562"}
{"ts":"2026-04-05T21:48:24.453Z","level":"INFO","device":"868120100006","event":"RX_MSG","detail":"0x8001 bodyLen=5"}
{"ts":"2026-04-05T21:48:24.454Z","level":"INFO","device":"868120100006","event":"SERVER_ACK","detail":"0x0200 result=OK"}
{"ts":"2026-04-05T21:48:24.458Z","level":"INFO","device":"200000000006","event":"SERVER_ACK","detail":"0x8001 Universal Reply Received"}
{"ts":"2026-04-05T21:48:24.494Z","level":"INFO","device":"200000000004","event":"SERVER_ACK","detail":"0x8001 Universal Reply Received"}
{"ts":"2026-04-05T21:48:24.545Z","level":"INFO","device":"200000000008","event":"HEARTBEAT_SENT","detail":"0x0002"}
{"ts":"2026-04-05T21:48:24.546Z","level":"INFO","device":"868120100008","event":"GPS_SENT","detail":""}
{"ts":"2026-04-05T21:48:24.548Z","level":"INFO","device":"200000000008","event":"OBD2_SENT_0x0200","detail":"Lat: 51.737768, Lng: 0.476979 | Speed: 39km/h | RPM: 2372"}
{"ts":"2026-04-05T21:48:24.596Z","level":"INFO","device":"200000000007","event":"SERVER_ACK","detail":"0x8001 Universal Reply Received"}
{"ts":"2026-04-05T21:48:24.597Z","level":"INFO","device":"868120100007","event":"RX_MSG","detail":"0x8001 bodyLen=5"}
{"ts":"2026-04-05T21:48:24.597Z","level":"INFO","device":"868120100007","event":"SERVER_ACK","detail":"0x0200 result=OK"}
{"ts":"2026-04-05T21:48:24.611Z","level":"INFO","device":"200000000005","event":"SERVER_ACK","detail":"0x8001 Universal Reply Received"}
{"ts":"2026-04-05T21:48:24.697Z","level":"INFO","device":"200000000009","event":"HEARTBEAT_SENT","detail":"0x0002"}
{"ts":"2026-04-05T21:48:24.698Z","level":"INFO","device":"868120100009","event":"GPS_SENT","detail":""}
{"ts":"2026-04-05T21:48:24.699Z","level":"INFO","device":"200000000009","event":"OBD2_SENT_0x0200","detail":"Lat: 51.737772, Lng: 0.475930 | Speed: 30km/h | RPM: 2019"}
{"ts":"2026-04-05T21:48:24.731Z","level":"INFO","device":"200000000008","event":"SERVER_ACK","detail":"0x8001 Universal Reply Received"}
{"ts":"2026-04-05T21:48:24.747Z","level":"INFO","device":"868120100008","event":"RX_MSG","detail":"0x8001 bodyLen=5"}
{"ts":"2026-04-05T21:48:24.747Z","level":"INFO","device":"868120100008","event":"SERVER_ACK","detail":"0x0200 result=OK"}
{"ts":"2026-04-05T21:48:24.807Z","level":"INFO","device":"200000000006","event":"SERVER_ACK","detail":"0x8001 Universal Reply Received"}
{"ts":"2026-04-05T21:48:24.848Z","level":"INFO","device":"100000000010","event":"GPS_SENT","detail":""}
{"ts":"2026-04-05T21:48:24.850Z","level":"INFO","device":"200000000010","event":"HEARTBEAT_SENT","detail":"0x0002"}
{"ts":"2026-04-05T21:48:24.851Z","level":"INFO","device":"200000000010","event":"OBD2_SENT_0x0200","detail":"Lat: 51.737440, Lng: 0.478842 | Speed: 44km/h | RPM: 2570"}
{"ts":"2026-04-05T21:48:24.900Z","level":"INFO","device":"868120100009","event":"RX_MSG","detail":"0x8001 bodyLen=5"}
{"ts":"2026-04-05T21:48:24.900Z","level":"INFO","device":"868120100009","event":"SERVER_ACK","detail":"0x0200 result=OK"}
{"ts":"2026-04-05T21:48:24.907Z","level":"INFO","device":"200000000009","event":"SERVER_ACK","detail":"0x8001 Universal Reply Received"}
{"ts":"2026-04-05T21:48:24.921Z","level":"INFO","device":"200000000007","event":"SERVER_ACK","detail":"0x8001 Universal Reply Received"}
{"ts":"2026-04-05T21:48:25.031Z","level":"INFO","device":"200000000008","event":"SERVER_ACK","detail":"0x8001 Universal Reply Received"}
{"ts":"2026-04-05T21:48:25.049Z","level":"INFO","device":"100000000010","event":"RX_MSG","detail":"0x8001 bodyLen=5"}
{"ts":"2026-04-05T21:48:25.049Z","level":"INFO","device":"100000000010","event":"SERVER_ACK","detail":"0x0200 result=OK"}
{"ts":"2026-04-05T21:48:25.068Z","level":"INFO","device":"200000000010","event":"SERVER_ACK","detail":"0x8001 Universal Reply Received"}
{"ts":"2026-04-05T21:48:25.241Z","level":"INFO","device":"200000000009","event":"SERVER_ACK","detail":"0x8001 Universal Reply Received"}
{"ts":"2026-04-05T21:48:25.404Z","level":"INFO","device":"200000000010","event":"SERVER_ACK","detail":"0x8001 Universal Reply Received"}
{"ts":"2026-04-05T21:48:38.527Z","level":"INFO","device":"200000000001","event":"OBD2_SENT_0x0200","detail":"Lat: 51.737143, Lng: 0.479641 | Speed: 35km/h | RPM: 2206"}
{"ts":"2026-04-05T21:48:38.648Z","level":"INFO","device":"200000000002","event":"OBD2_SENT_0x0200","detail":"Lat: 51.737331, Lng: 0.479174 | Speed: 39km/h | RPM: 2353"}
{"ts":"2026-04-05T21:48:38.725Z","level":"INFO","device":"200000000001","event":"SERVER_ACK","detail":"0x8001 Universal Reply Received"}
{"ts":"2026-04-05T21:48:38.798Z","level":"INFO","device":"200000000003","event":"OBD2_SENT_0x0200","detail":"Lat: 51.736710, Lng: 0.480387 | Speed: 47km/h | RPM: 2696"}
{"ts":"2026-04-05T21:48:38.858Z","level":"INFO","device":"200000000002","event":"SERVER_ACK","detail":"0x8001 Universal Reply Received"}
{"ts":"2026-04-05T21:48:38.946Z","level":"INFO","device":"200000000004","event":"OBD2_SENT_0x0200","detail":"Lat: 51.736965, Lng: 0.480046 | Speed: 42km/h | RPM: 2494"}
{"ts":"2026-04-05T21:48:39.003Z","level":"INFO","device":"200000000003","event":"SERVER_ACK","detail":"0x8001 Universal Reply Received"}
{"ts":"2026-04-05T21:48:39.098Z","level":"INFO","device":"200000000005","event":"OBD2_SENT_0x0200","detail":"Lat: 51.737115, Lng: 0.479712 | Speed: 42km/h | RPM: 2495"}
{"ts":"2026-04-05T21:48:39.157Z","level":"INFO","device":"200000000004","event":"SERVER_ACK","detail":"0x8001 Universal Reply Received"}
{"ts":"2026-04-05T21:48:39.249Z","level":"INFO","device":"200000000006","event":"OBD2_SENT_0x0200","detail":"Lat: 51.736957, Lng: 0.480058 | Speed: 42km/h | RPM: 2468"}
{"ts":"2026-04-05T21:48:39.303Z","level":"INFO","device":"200000000005","event":"SERVER_ACK","detail":"0x8001 Universal Reply Received"}
{"ts":"2026-04-05T21:48:39.397Z","level":"INFO","device":"200000000007","event":"OBD2_SENT_0x0200","detail":"Lat: 51.737143, Lng: 0.479642 | Speed: 44km/h | RPM: 2555"}
{"ts":"2026-04-05T21:48:39.462Z","level":"INFO","device":"200000000006","event":"SERVER_ACK","detail":"0x8001 Universal Reply Received"}
{"ts":"2026-04-05T21:48:39.549Z","level":"INFO","device":"200000000008","event":"OBD2_SENT_0x0200","detail":"Lat: 51.737279, Lng: 0.479302 | Speed: 40km/h | RPM: 2390"}
{"ts":"2026-04-05T21:48:39.601Z","level":"INFO","device":"200000000007","event":"SERVER_ACK","detail":"0x8001 Universal Reply Received"}
{"ts":"2026-04-05T21:48:39.699Z","level":"INFO","device":"200000000009","event":"OBD2_SENT_0x0200","detail":"Lat: 51.737672, Lng: 0.477912 | Speed: 33km/h | RPM: 2114"}
{"ts":"2026-04-05T21:48:39.737Z","level":"INFO","device":"200000000008","event":"SERVER_ACK","detail":"0x8001 Universal Reply Received"}
{"ts":"2026-04-05T21:48:39.852Z","level":"INFO","device":"200000000010","event":"OBD2_SENT_0x0200","detail":"Lat: 51.736505, Lng: 0.480660 | Speed: 42km/h | RPM: 2474"}
{"ts":"2026-04-05T21:48:39.913Z","level":"INFO","device":"200000000009","event":"SERVER_ACK","detail":"0x8001 Universal Reply Received"}
{"ts":"2026-04-05T21:48:40.071Z","level":"INFO","device":"200000000010","event":"SERVER_ACK","detail":"0x8001 Universal Reply Received"}
{"ts":"2026-04-05T21:48:43.510Z","level":"INFO","device":"868120018681","event":"GPS_SENT","detail":""}
{"ts":"2026-04-05T21:48:43.646Z","level":"INFO","device":"868120100002","event":"GPS_SENT","detail":""}
{"ts":"2026-04-05T21:48:43.714Z","level":"INFO","device":"868120018681","event":"RX_MSG","detail":"0x8001 bodyLen=5"}
{"ts":"2026-04-05T21:48:43.714Z","level":"INFO","device":"868120018681","event":"SERVER_ACK","detail":"0x0200 result=OK"}
{"ts":"2026-04-05T21:48:43.795Z","level":"INFO","device":"868120100003","event":"GPS_SENT","detail":""}
{"ts":"2026-04-05T21:48:43.849Z","level":"INFO","device":"868120100002","event":"RX_MSG","detail":"0x8001 bodyLen=5"}
{"ts":"2026-04-05T21:48:43.849Z","level":"INFO","device":"868120100002","event":"SERVER_ACK","detail":"0x0200 result=OK"}
{"ts":"2026-04-05T21:48:43.947Z","level":"INFO","device":"868120100004","event":"GPS_SENT","detail":""}
{"ts":"2026-04-05T21:48:44.004Z","level":"INFO","device":"868120100003","event":"RX_MSG","detail":"0x8001 bodyLen=5"}
{"ts":"2026-04-05T21:48:44.007Z","level":"INFO","device":"868120100003","event":"SERVER_ACK","detail":"0x0200 result=OK"}
{"ts":"2026-04-05T21:48:44.101Z","level":"INFO","device":"868120100005","event":"GPS_SENT","detail":""}
{"ts":"2026-04-05T21:48:44.166Z","level":"INFO","device":"868120100004","event":"RX_MSG","detail":"0x8001 bodyLen=5"}
{"ts":"2026-04-05T21:48:44.166Z","level":"INFO","device":"868120100004","event":"SERVER_ACK","detail":"0x0200 result=OK"}
{"ts":"2026-04-05T21:48:44.245Z","level":"INFO","device":"868120100006","event":"GPS_SENT","detail":""}
{"ts":"2026-04-05T21:48:44.312Z","level":"INFO","device":"868120100005","event":"RX_MSG","detail":"0x8001 bodyLen=5"}
{"ts":"2026-04-05T21:48:44.312Z","level":"INFO","device":"868120100005","event":"SERVER_ACK","detail":"0x0200 result=OK"}
{"ts":"2026-04-05T21:48:44.396Z","level":"INFO","device":"868120100007","event":"GPS_SENT","detail":""}
{"ts":"2026-04-05T21:48:44.455Z","level":"INFO","device":"868120100006","event":"RX_MSG","detail":"0x8001 bodyLen=5"}
{"ts":"2026-04-05T21:48:44.455Z","level":"INFO","device":"868120100006","event":"SERVER_ACK","detail":"0x0200 result=OK"}
{"ts":"2026-04-05T21:48:44.546Z","level":"INFO","device":"868120100008","event":"GPS_SENT","detail":""}
{"ts":"2026-04-05T21:48:44.598Z","level":"INFO","device":"868120100007","event":"RX_MSG","detail":"0x8001 bodyLen=5"}
{"ts":"2026-04-05T21:48:44.598Z","level":"INFO","device":"868120100007","event":"SERVER_ACK","detail":"0x0200 result=OK"}
{"ts":"2026-04-05T21:48:44.702Z","level":"INFO","device":"868120100009","event":"GPS_SENT","detail":""}
{"ts":"2026-04-05T21:48:44.749Z","level":"INFO","device":"868120100008","event":"RX_MSG","detail":"0x8001 bodyLen=5"}
{"ts":"2026-04-05T21:48:44.750Z","level":"INFO","device":"868120100008","event":"SERVER_ACK","detail":"0x0200 result=OK"}
{"ts":"2026-04-05T21:48:44.849Z","level":"INFO","device":"100000000010","event":"GPS_SENT","detail":""}
{"ts":"2026-04-05T21:48:44.904Z","level":"INFO","device":"868120100009","event":"RX_MSG","detail":"0x8001 bodyLen=5"}
{"ts":"2026-04-05T21:48:44.904Z","level":"INFO","device":"868120100009","event":"SERVER_ACK","detail":"0x0200 result=OK"}
{"ts":"2026-04-05T21:48:45.051Z","level":"INFO","device":"100000000010","event":"RX_MSG","detail":"0x8001 bodyLen=5"}
{"ts":"2026-04-05T21:48:45.051Z","level":"INFO","device":"100000000010","event":"SERVER_ACK","detail":"0x0200 result=OK"}
{"ts":"2026-04-05T21:48:53.516Z","level":"INFO","device":"200000000001","event":"HEARTBEAT_SENT","detail":"0x0002"}
{"ts":"2026-04-05T21:48:53.527Z","level":"INFO","device":"200000000001","event":"OBD2_SENT_0x0200","detail":"Lat: 51.736296, Lng: 0.480921 | Speed: 30km/h | RPM: 2006"}
{"ts":"2026-04-05T21:48:53.648Z","level":"INFO","device":"200000000002","event":"HEARTBEAT_SENT","detail":"0x0002"}
{"ts":"2026-04-05T21:48:53.649Z","level":"INFO","device":"200000000002","event":"OBD2_SENT_0x0200","detail":"Lat: 51.736306, Lng: 0.480910 | Speed: 39km/h | RPM: 2361"}
{"ts":"2026-04-05T21:48:53.714Z","level":"INFO","device":"200000000001","event":"SERVER_ACK","detail":"0x8001 Universal Reply Received"}
{"ts":"2026-04-05T21:48:53.797Z","level":"INFO","device":"200000000003","event":"HEARTBEAT_SENT","detail":"0x0002"}
{"ts":"2026-04-05T21:48:53.799Z","level":"INFO","device":"200000000003","event":"OBD2_SENT_0x0200","detail":"Lat: 51.735268, Lng: 0.482120 | Speed: 50km/h | RPM: 2796"}
{"ts":"2026-04-05T21:48:53.859Z","level":"INFO","device":"200000000002","event":"SERVER_ACK","detail":"0x8001 Universal Reply Received"}
{"ts":"2026-04-05T21:48:53.946Z","level":"INFO","device":"200000000004","event":"HEARTBEAT_SENT","detail":"0x0002"}
{"ts":"2026-04-05T21:48:53.947Z","level":"INFO","device":"200000000004","event":"OBD2_SENT_0x0200","detail":"Lat: 51.735785, Lng: 0.481518 | Speed: 41km/h | RPM: 2434"}
{"ts":"2026-04-05T21:48:54.005Z","level":"INFO","device":"200000000003","event":"SERVER_ACK","detail":"0x8001 Universal Reply Received"}
{"ts":"2026-04-05T21:48:54.025Z","level":"INFO","device":"200000000001","event":"SERVER_ACK","detail":"0x8001 Universal Reply Received"}
{"ts":"2026-04-05T21:48:54.095Z","level":"INFO","device":"200000000005","event":"HEARTBEAT_SENT","detail":"0x0002"}
{"ts":"2026-04-05T21:48:54.097Z","level":"INFO","device":"200000000005","event":"OBD2_SENT_0x0200","detail":"Lat: 51.735745, Lng: 0.481565 | Speed: 47km/h | RPM: 2673"}
{"ts":"2026-04-05T21:48:54.159Z","level":"INFO","device":"200000000004","event":"SERVER_ACK","detail":"0x8001 Universal Reply Received"}
{"ts":"2026-04-05T21:48:54.196Z","level":"INFO","device":"200000000002","event":"SERVER_ACK","detail":"0x8001 Universal Reply Received"}
{"ts":"2026-04-05T21:48:54.246Z","level":"INFO","device":"200000000006","event":"HEARTBEAT_SENT","detail":"0x0002"}
{"ts":"2026-04-05T21:48:54.249Z","level":"INFO","device":"200000000006","event":"OBD2_SENT_0x0200","detail":"Lat: 51.735710, Lng: 0.481605 | Speed: 43km/h | RPM: 2526"}
{"ts":"2026-04-05T21:48:54.297Z","level":"INFO","device":"200000000005","event":"SERVER_ACK","detail":"0x8001 Universal Reply Received"}
{"ts":"2026-04-05T21:48:54.344Z","level":"INFO","device":"200000000003","event":"SERVER_ACK","detail":"0x8001 Universal Reply Received"}
{"ts":"2026-04-05T21:48:54.395Z","level":"INFO","device":"200000000007","event":"HEARTBEAT_SENT","detail":"0x0002"}
{"ts":"2026-04-05T21:48:54.396Z","level":"INFO","device":"200000000007","event":"OBD2_SENT_0x0200","detail":"Lat: 51.735894, Lng: 0.481390 | Speed: 43km/h | RPM: 2532"}
{"ts":"2026-04-05T21:48:54.459Z","level":"INFO","device":"200000000006","event":"SERVER_ACK","detail":"0x8001 Universal Reply Received"}
{"ts":"2026-04-05T21:48:54.508Z","level":"INFO","device":"200000000004","event":"SERVER_ACK","detail":"0x8001 Universal Reply Received"}
{"ts":"2026-04-05T21:48:54.545Z","level":"INFO","device":"200000000008","event":"HEARTBEAT_SENT","detail":"0x0002"}
{"ts":"2026-04-05T21:48:54.549Z","level":"INFO","device":"200000000008","event":"OBD2_SENT_0x0200","detail":"Lat: 51.736287, Lng: 0.480932 | Speed: 37km/h | RPM: 2285"}
{"ts":"2026-04-05T21:48:54.598Z","level":"INFO","device":"200000000007","event":"SERVER_ACK","detail":"0x8001 Universal Reply Received"}
{"ts":"2026-04-05T21:48:54.624Z","level":"INFO","device":"200000000005","event":"SERVER_ACK","detail":"0x8001 Universal Reply Received"}
{"ts":"2026-04-05T21:48:54.697Z","level":"INFO","device":"200000000009","event":"HEARTBEAT_SENT","detail":"0x0002"}
{"ts":"2026-04-05T21:48:54.699Z","level":"INFO","device":"200000000009","event":"OBD2_SENT_0x0200","detail":"Lat: 51.737187, Lng: 0.479532 | Speed: 31km/h | RPM: 2031"}
{"ts":"2026-04-05T21:48:54.731Z","level":"INFO","device":"200000000008","event":"SERVER_ACK","detail":"0x8001 Universal Reply Received"}
{"ts":"2026-04-05T21:48:54.821Z","level":"INFO","device":"200000000006","event":"SERVER_ACK","detail":"0x8001 Universal Reply Received"}
{"ts":"2026-04-05T21:48:54.850Z","level":"INFO","device":"200000000010","event":"HEARTBEAT_SENT","detail":"0x0002"}
{"ts":"2026-04-05T21:48:54.851Z","level":"INFO","device":"200000000010","event":"OBD2_SENT_0x0200","detail":"Lat: 51.735175, Lng: 0.482229 | Speed: 46km/h | RPM: 2641"}
{"ts":"2026-04-05T21:48:54.908Z","level":"INFO","device":"200000000009","event":"SERVER_ACK","detail":"0x8001 Universal Reply Received"}
{"ts":"2026-04-05T21:48:54.935Z","level":"INFO","device":"200000000007","event":"SERVER_ACK","detail":"0x8001 Universal Reply Received"}
{"ts":"2026-04-05T21:48:55.044Z","level":"INFO","device":"200000000008","event":"SERVER_ACK","detail":"0x8001 Universal Reply Received"}
{"ts":"2026-04-05T21:48:55.069Z","level":"INFO","device":"200000000010","event":"SERVER_ACK","detail":"0x8001 Universal Reply Received"}
{"ts":"2026-04-05T21:48:55.255Z","level":"INFO","device":"200000000009","event":"SERVER_ACK","detail":"0x8001 Universal Reply Received"}
{"ts":"2026-04-05T21:48:55.418Z","level":"INFO","device":"200000000010","event":"SERVER_ACK","detail":"0x8001 Universal Reply Received"}
{"ts":"2026-04-05T21:49:03.518Z","level":"INFO","device":"868120018681","event":"GPS_SENT","detail":""}
{"ts":"2026-04-05T21:49:03.646Z","level":"INFO","device":"868120100002","event":"GPS_SENT","detail":""}
{"ts":"2026-04-05T21:49:03.722Z","level":"INFO","device":"868120018681","event":"RX_MSG","detail":"0x8001 bodyLen=5"}
{"ts":"2026-04-05T21:49:03.723Z","level":"INFO","device":"868120018681","event":"SERVER_ACK","detail":"0x0200 result=OK"}
{"ts":"2026-04-05T21:49:03.795Z","level":"INFO","device":"868120100003","event":"GPS_SENT","detail":""}
{"ts":"2026-04-05T21:49:03.847Z","level":"INFO","device":"868120100002","event":"RX_MSG","detail":"0x8001 bodyLen=5"}
{"ts":"2026-04-05T21:49:03.847Z","level":"INFO","device":"868120100002","event":"SERVER_ACK","detail":"0x0200 result=OK"}
{"ts":"2026-04-05T21:49:03.948Z","level":"INFO","device":"868120100004","event":"GPS_SENT","detail":""}
{"ts":"2026-04-05T21:49:04.004Z","level":"INFO","device":"868120100003","event":"RX_MSG","detail":"0x8001 bodyLen=5"}
{"ts":"2026-04-05T21:49:04.005Z","level":"INFO","device":"868120100003","event":"SERVER_ACK","detail":"0x0200 result=OK"}
{"ts":"2026-04-05T21:49:04.103Z","level":"INFO","device":"868120100005","event":"GPS_SENT","detail":""}
{"ts":"2026-04-05T21:49:04.166Z","level":"INFO","device":"868120100004","event":"RX_MSG","detail":"0x8001 bodyLen=5"}
{"ts":"2026-04-05T21:49:04.166Z","level":"INFO","device":"868120100004","event":"SERVER_ACK","detail":"0x0200 result=OK"}
{"ts":"2026-04-05T21:49:04.246Z","level":"INFO","device":"868120100006","event":"GPS_SENT","detail":""}
{"ts":"2026-04-05T21:49:04.340Z","level":"INFO","device":"868120100005","event":"RX_MSG","detail":"0x8001 bodyLen=5"}
{"ts":"2026-04-05T21:49:04.340Z","level":"INFO","device":"868120100005","event":"SERVER_ACK","detail":"0x0200 result=OK"}
{"ts":"2026-04-05T21:49:04.398Z","level":"INFO","device":"868120100007","event":"GPS_SENT","detail":""}
{"ts":"2026-04-05T21:49:04.455Z","level":"INFO","device":"868120100006","event":"RX_MSG","detail":"0x8001 bodyLen=5"}
{"ts":"2026-04-05T21:49:04.455Z","level":"INFO","device":"868120100006","event":"SERVER_ACK","detail":"0x0200 result=OK"}
{"ts":"2026-04-05T21:49:04.546Z","level":"INFO","device":"868120100008","event":"GPS_SENT","detail":""}
{"ts":"2026-04-05T21:49:04.592Z","level":"ERROR","device":"300000000001","event":"SOCKET_ERROR","detail":"ECONNREFUSED"}
{"ts":"2026-04-05T21:49:04.599Z","level":"INFO","device":"868120100007","event":"RX_MSG","detail":"0x8001 bodyLen=5"}
{"ts":"2026-04-05T21:49:04.600Z","level":"INFO","device":"868120100007","event":"SERVER_ACK","detail":"0x0200 result=OK"}
{"ts":"2026-04-05T21:49:04.704Z","level":"INFO","device":"868120100009","event":"GPS_SENT","detail":""}
{"ts":"2026-04-05T21:49:04.748Z","level":"INFO","device":"868120100008","event":"RX_MSG","detail":"0x8001 bodyLen=5"}
{"ts":"2026-04-05T21:49:04.748Z","level":"INFO","device":"868120100008","event":"SERVER_ACK","detail":"0x0200 result=OK"}
{"ts":"2026-04-05T21:49:04.849Z","level":"INFO","device":"100000000010","event":"GPS_SENT","detail":""}
{"ts":"2026-04-05T21:49:04.905Z","level":"INFO","device":"868120100009","event":"RX_MSG","detail":"0x8001 bodyLen=5"}
{"ts":"2026-04-05T21:49:04.905Z","level":"INFO","device":"868120100009","event":"SERVER_ACK","detail":"0x0200 result=OK"}
{"ts":"2026-04-05T21:49:05.052Z","level":"INFO","device":"100000000010","event":"RX_MSG","detail":"0x8001 bodyLen=5"}
{"ts":"2026-04-05T21:49:05.052Z","level":"INFO","device":"100000000010","event":"SERVER_ACK","detail":"0x0200 result=OK"}
{"ts":"2026-04-05T21:49:05.923Z","level":"ERROR","device":"300000000010","event":"SOCKET_ERROR","detail":"ECONNREFUSED"}
{"ts":"2026-04-05T21:49:08.529Z","level":"INFO","device":"200000000001","event":"OBD2_SENT_0x0200","detail":"Lat: 51.735500, Lng: 0.481850 | Speed: 26km/h | RPM: 1849"}
{"ts":"2026-04-05T21:49:08.649Z","level":"INFO","device":"200000000002","event":"OBD2_SENT_0x0200","detail":"Lat: 51.734972, Lng: 0.482466 | Speed: 44km/h | RPM: 2556"}
{"ts":"2026-04-05T21:49:08.724Z","level":"INFO","device":"200000000001","event":"SERVER_ACK","detail":"0x8001 Universal Reply Received"}
{"ts":"2026-04-05T21:49:08.800Z","level":"INFO","device":"200000000003","event":"OBD2_SENT_0x0200","detail":"Lat: 51.733969, Lng: 0.483995 | Speed: 48km/h | RPM: 2729"}
{"ts":"2026-04-05T21:49:08.861Z","level":"INFO","device":"200000000002","event":"SERVER_ACK","detail":"0x8001 Universal Reply Received"}
{"ts":"2026-04-05T21:49:08.947Z","level":"INFO","device":"200000000004","event":"OBD2_SENT_0x0200","detail":"Lat: 51.734431, Lng: 0.483170 | Speed: 46km/h | RPM: 2627"}
{"ts":"2026-04-05T21:49:09.005Z","level":"INFO","device":"200000000003","event":"SERVER_ACK","detail":"0x8001 Universal Reply Received"}
{"ts":"2026-04-05T21:49:09.098Z","level":"INFO","device":"200000000005","event":"OBD2_SENT_0x0200","detail":"Lat: 51.734295, Lng: 0.483389 | Speed: 50km/h | RPM: 2790"}
{"ts":"2026-04-05T21:49:09.158Z","level":"INFO","device":"200000000004","event":"SERVER_ACK","detail":"0x8001 Universal Reply Received"}
{"ts":"2026-04-05T21:49:09.249Z","level":"INFO","device":"200000000006","event":"OBD2_SENT_0x0200","detail":"Lat: 51.734355, Lng: 0.483292 | Speed: 46km/h | RPM: 2649"}
{"ts":"2026-04-05T21:49:09.303Z","level":"INFO","device":"200000000005","event":"SERVER_ACK","detail":"0x8001 Universal Reply Received"}
{"ts":"2026-04-05T21:49:09.396Z","level":"INFO","device":"200000000007","event":"OBD2_SENT_0x0200","detail":"Lat: 51.734481, Lng: 0.483091 | Speed: 47km/h | RPM: 2693"}
{"ts":"2026-04-05T21:49:09.461Z","level":"INFO","device":"200000000006","event":"SERVER_ACK","detail":"0x8001 Universal Reply Received"}
{"ts":"2026-04-05T21:49:09.550Z","level":"INFO","device":"200000000008","event":"OBD2_SENT_0x0200","detail":"Lat: 51.735290, Lng: 0.482095 | Speed: 33km/h | RPM: 2113"}
{"ts":"2026-04-05T21:49:09.601Z","level":"INFO","device":"200000000007","event":"SERVER_ACK","detail":"0x8001 Universal Reply Received"}
{"ts":"2026-04-05T21:49:09.699Z","level":"INFO","device":"200000000009","event":"OBD2_SENT_0x0200","detail":"Lat: 51.736277, Lng: 0.480944 | Speed: 33km/h | RPM: 2116"}
{"ts":"2026-04-05T21:49:09.739Z","level":"INFO","device":"200000000008","event":"SERVER_ACK","detail":"0x8001 Universal Reply Received"}
{"ts":"2026-04-05T21:49:09.851Z","level":"INFO","device":"200000000010","event":"OBD2_SENT_0x0200","detail":"Lat: 51.733981, Lng: 0.483968 | Speed: 45km/h | RPM: 2583"}
{"ts":"2026-04-05T21:49:09.912Z","level":"INFO","device":"200000000009","event":"SERVER_ACK","detail":"0x8001 Universal Reply Received"}
{"ts":"2026-04-05T21:49:10.073Z","level":"INFO","device":"200000000010","event":"SERVER_ACK","detail":"0x8001 Universal Reply Received"}
{"ts":"2026-04-05T21:49:16.683Z","level":"ERROR","device":"300000000002","event":"SOCKET_ERROR","detail":"ECONNREFUSED"}
{"ts":"2026-04-05T21:49:23.516Z","level":"INFO","device":"200000000001","event":"HEARTBEAT_SENT","detail":"0x0002"}
{"ts":"2026-04-05T21:49:23.518Z","level":"INFO","device":"868120018681","event":"GPS_SENT","detail":""}
{"ts":"2026-04-05T21:49:23.530Z","level":"INFO","device":"200000000001","event":"OBD2_SENT_0x0200","detail":"Lat: 51.734808, Lng: 0.482657 | Speed: 23km/h | RPM: 1711"}
{"ts":"2026-04-05T21:49:23.647Z","level":"INFO","device":"868120100002","event":"GPS_SENT","detail":""}
{"ts":"2026-04-05T21:49:23.648Z","level":"INFO","device":"200000000002","event":"HEARTBEAT_SENT","detail":"0x0002"}
{"ts":"2026-04-05T21:49:23.651Z","level":"INFO","device":"200000000002","event":"OBD2_SENT_0x0200","detail":"Lat: 51.733946, Lng: 0.484046 | Speed: 40km/h | RPM: 2384"}
{"ts":"2026-04-05T21:49:23.711Z","level":"INFO","device":"200000000001","event":"SERVER_ACK","detail":"0x8001 Universal Reply Received"}
{"ts":"2026-04-05T21:49:23.723Z","level":"INFO","device":"868120018681","event":"RX_MSG","detail":"0x8001 bodyLen=5"}
{"ts":"2026-04-05T21:49:23.723Z","level":"INFO","device":"868120018681","event":"SERVER_ACK","detail":"0x0200 result=OK"}
{"ts":"2026-04-05T21:49:23.795Z","level":"INFO","device":"868120100003","event":"GPS_SENT","detail":""}
{"ts":"2026-04-05T21:49:23.796Z","level":"INFO","device":"200000000003","event":"HEARTBEAT_SENT","detail":"0x0002"}
{"ts":"2026-04-05T21:49:23.801Z","level":"INFO","device":"200000000003","event":"OBD2_SENT_0x0200","detail":"Lat: 51.733133, Lng: 0.486869 | Speed: 53km/h | RPM: 2921"}
{"ts":"2026-04-05T21:49:23.851Z","level":"INFO","device":"868120100002","event":"RX_MSG","detail":"0x8001 bodyLen=5"}
{"ts":"2026-04-05T21:49:23.851Z","level":"INFO","device":"868120100002","event":"SERVER_ACK","detail":"0x0200 result=OK"}
{"ts":"2026-04-05T21:49:23.859Z","level":"INFO","device":"200000000002","event":"SERVER_ACK","detail":"0x8001 Universal Reply Received"}
{"ts":"2026-04-05T21:49:23.947Z","level":"INFO","device":"200000000004","event":"HEARTBEAT_SENT","detail":"0x0002"}
{"ts":"2026-04-05T21:49:23.949Z","level":"INFO","device":"200000000004","event":"OBD2_SENT_0x0200","detail":"Lat: 51.733498, Lng: 0.485272 | Speed: 44km/h | RPM: 2554"}
{"ts":"2026-04-05T21:49:23.949Z","level":"INFO","device":"868120100004","event":"GPS_SENT","detail":""}
{"ts":"2026-04-05T21:49:23.999Z","level":"INFO","device":"200000000003","event":"SERVER_ACK","detail":"0x8001 Universal Reply Received"}
{"ts":"2026-04-05T21:49:24.004Z","level":"INFO","device":"868120100003","event":"RX_MSG","detail":"0x8001 bodyLen=5"}
{"ts":"2026-04-05T21:49:24.004Z","level":"INFO","device":"868120100003","event":"SERVER_ACK","detail":"0x0200 result=OK"}
{"ts":"2026-04-05T21:49:24.034Z","level":"INFO","device":"200000000001","event":"SERVER_ACK","detail":"0x8001 Universal Reply Received"}
{"ts":"2026-04-05T21:49:24.095Z","level":"INFO","device":"200000000005","event":"HEARTBEAT_SENT","detail":"0x0002"}
{"ts":"2026-04-05T21:49:24.099Z","level":"INFO","device":"200000000005","event":"OBD2_SENT_0x0200","detail":"Lat: 51.733350, Lng: 0.485851 | Speed: 50km/h | RPM: 2784"}
{"ts":"2026-04-05T21:49:24.104Z","level":"INFO","device":"868120100005","event":"GPS_SENT","detail":""}
{"ts":"2026-04-05T21:49:24.159Z","level":"INFO","device":"200000000004","event":"SERVER_ACK","detail":"0x8001 Universal Reply Received"}
{"ts":"2026-04-05T21:49:24.167Z","level":"INFO","device":"868120100004","event":"RX_MSG","detail":"0x8001 bodyLen=5"}
{"ts":"2026-04-05T21:49:24.167Z","level":"INFO","device":"868120100004","event":"SERVER_ACK","detail":"0x0200 result=OK"}
{"ts":"2026-04-05T21:49:24.173Z","level":"INFO","device":"200000000002","event":"SERVER_ACK","detail":"0x8001 Universal Reply Received"}
{"ts":"2026-04-05T21:49:24.246Z","level":"INFO","device":"200000000006","event":"HEARTBEAT_SENT","detail":"0x0002"}
{"ts":"2026-04-05T21:49:24.246Z","level":"INFO","device":"868120100006","event":"GPS_SENT","detail":""}
{"ts":"2026-04-05T21:49:24.249Z","level":"INFO","device":"200000000006","event":"OBD2_SENT_0x0200","detail":"Lat: 51.733387, Lng: 0.485664 | Speed: 48km/h | RPM: 2734"}
{"ts":"2026-04-05T21:49:24.299Z","level":"INFO","device":"200000000005","event":"SERVER_ACK","detail":"0x8001 Universal Reply Received"}
{"ts":"2026-04-05T21:49:24.315Z","level":"INFO","device":"868120100005","event":"RX_MSG","detail":"0x8001 bodyLen=5"}
{"ts":"2026-04-05T21:49:24.316Z","level":"INFO","device":"868120100005","event":"SERVER_ACK","detail":"0x0200 result=OK"}
{"ts":"2026-04-05T21:49:24.321Z","level":"INFO","device":"200000000003","event":"SERVER_ACK","detail":"0x8001 Universal Reply Received"}
{"ts":"2026-04-05T21:49:24.395Z","level":"INFO","device":"200000000007","event":"HEARTBEAT_SENT","detail":"0x0002"}
{"ts":"2026-04-05T21:49:24.396Z","level":"INFO","device":"200000000007","event":"OBD2_SENT_0x0200","detail":"Lat: 51.733444, Lng: 0.485452 | Speed: 49km/h | RPM: 2764"}
{"ts":"2026-04-05T21:49:24.399Z","level":"INFO","device":"868120100007","event":"GPS_SENT","detail":""}
{"ts":"2026-04-05T21:49:24.457Z","level":"INFO","device":"868120100006","event":"RX_MSG","detail":"0x8001 bodyLen=5"}
{"ts":"2026-04-05T21:49:24.457Z","level":"INFO","device":"868120100006","event":"SERVER_ACK","detail":"0x0200 result=OK"}
{"ts":"2026-04-05T21:49:24.461Z","level":"INFO","device":"200000000006","event":"SERVER_ACK","detail":"0x8001 Universal Reply Received"}
{"ts":"2026-04-05T21:49:24.485Z","level":"INFO","device":"200000000004","event":"SERVER_ACK","detail":"0x8001 Universal Reply Received"}
{"ts":"2026-04-05T21:49:24.545Z","level":"INFO","device":"200000000008","event":"HEARTBEAT_SENT","detail":"0x0002"}
{"ts":"2026-04-05T21:49:24.546Z","level":"INFO","device":"868120100008","event":"GPS_SENT","detail":""}
{"ts":"2026-04-05T21:49:24.551Z","level":"INFO","device":"200000000008","event":"OBD2_SENT_0x0200","detail":"Lat: 51.734257, Lng: 0.483449 | Speed: 36km/h | RPM: 2250"}
{"ts":"2026-04-05T21:49:24.596Z","level":"INFO","device":"200000000007","event":"SERVER_ACK","detail":"0x8001 Universal Reply Received"}
{"ts":"2026-04-05T21:49:24.601Z","level":"INFO","device":"868120100007","event":"RX_MSG","detail":"0x8001 bodyLen=5"}
{"ts":"2026-04-05T21:49:24.601Z","level":"INFO","device":"868120100007","event":"SERVER_ACK","detail":"0x0200 result=OK"}
{"ts":"2026-04-05T21:49:24.602Z","level":"INFO","device":"200000000005","event":"SERVER_ACK","detail":"0x8001 Universal Reply Received"}
{"ts":"2026-04-05T21:49:24.697Z","level":"INFO","device":"200000000009","event":"HEARTBEAT_SENT","detail":"0x0002"}
{"ts":"2026-04-05T21:49:24.699Z","level":"INFO","device":"200000000009","event":"OBD2_SENT_0x0200","detail":"Lat: 51.735181, Lng: 0.482222 | Speed: 36km/h | RPM: 2243"}
{"ts":"2026-04-05T21:49:24.703Z","level":"INFO","device":"868120100009","event":"GPS_SENT","detail":""}
{"ts":"2026-04-05T21:49:24.732Z","level":"INFO","device":"200000000008","event":"SERVER_ACK","detail":"0x8001 Universal Reply Received"}
{"ts":"2026-04-05T21:49:24.747Z","level":"INFO","device":"868120100008","event":"RX_MSG","detail":"0x8001 bodyLen=5"}
{"ts":"2026-04-05T21:49:24.747Z","level":"INFO","device":"868120100008","event":"SERVER_ACK","detail":"0x0200 result=OK"}
{"ts":"2026-04-05T21:49:24.799Z","level":"INFO","device":"200000000006","event":"SERVER_ACK","detail":"0x8001 Universal Reply Received"}
{"ts":"2026-04-05T21:49:24.849Z","level":"INFO","device":"200000000010","event":"HEARTBEAT_SENT","detail":"0x0002"}
{"ts":"2026-04-05T21:49:24.851Z","level":"INFO","device":"100000000010","event":"GPS_SENT","detail":""}
{"ts":"2026-04-05T21:49:24.852Z","level":"INFO","device":"200000000010","event":"OBD2_SENT_0x0200","detail":"Lat: 51.733306, Lng: 0.486070 | Speed: 40km/h | RPM: 2391"}
{"ts":"2026-04-05T21:49:24.905Z","level":"INFO","device":"868120100009","event":"RX_MSG","detail":"0x8001 bodyLen=5"}
{"ts":"2026-04-05T21:49:24.905Z","level":"INFO","device":"868120100009","event":"SERVER_ACK","detail":"0x0200 result=OK"}
{"ts":"2026-04-05T21:49:24.908Z","level":"INFO","device":"200000000009","event":"SERVER_ACK","detail":"0x8001 Universal Reply Received"}
{"ts":"2026-04-05T21:49:24.912Z","level":"INFO","device":"200000000007","event":"SERVER_ACK","detail":"0x8001 Universal Reply Received"}
{"ts":"2026-04-05T21:49:25.021Z","level":"INFO","device":"200000000008","event":"SERVER_ACK","detail":"0x8001 Universal Reply Received"}
{"ts":"2026-04-05T21:49:25.051Z","level":"INFO","device":"100000000010","event":"RX_MSG","detail":"0x8001 bodyLen=5"}
{"ts":"2026-04-05T21:49:25.052Z","level":"INFO","device":"100000000010","event":"SERVER_ACK","detail":"0x0200 result=OK"}
{"ts":"2026-04-05T21:49:25.074Z","level":"INFO","device":"200000000010","event":"SERVER_ACK","detail":"0x8001 Universal Reply Received"}
{"ts":"2026-04-05T21:49:25.233Z","level":"INFO","device":"200000000009","event":"SERVER_ACK","detail":"0x8001 Universal Reply Received"}
{"ts":"2026-04-05T21:49:25.395Z","level":"INFO","device":"200000000010","event":"SERVER_ACK","detail":"0x8001 Universal Reply Received"}
{"ts":"2026-04-05T21:49:28.792Z","level":"ERROR","device":"300000000003","event":"SOCKET_ERROR","detail":"ECONNREFUSED"}
{"ts":"2026-04-05T21:49:38.540Z","level":"INFO","device":"200000000001","event":"OBD2_SENT_0x0200","detail":"Lat: 51.734277, Lng: 0.483416 | Speed: 20km/h | RPM: 1584"}
{"ts":"2026-04-05T21:49:38.651Z","level":"INFO","device":"200000000002","event":"OBD2_SENT_0x0200","detail":"Lat: 51.733300, Lng: 0.486101 | Speed: 39km/h | RPM: 2350"}
{"ts":"2026-04-05T21:49:38.742Z","level":"INFO","device":"200000000001","event":"SERVER_ACK","detail":"0x8001 Universal Reply Received"}
{"ts":"2026-04-05T21:49:38.801Z","level":"INFO","device":"200000000003","event":"OBD2_SENT_0x0200","detail":"Lat: 51.732250, Lng: 0.489626 | Speed: 51km/h | RPM: 2855"}
{"ts":"2026-04-05T21:49:38.864Z","level":"INFO","device":"200000000002","event":"SERVER_ACK","detail":"0x8001 Universal Reply Received"}
{"ts":"2026-04-05T21:49:38.949Z","level":"INFO","device":"200000000004","event":"OBD2_SENT_0x0200","detail":"Lat: 51.732777, Lng: 0.488169 | Speed: 48km/h | RPM: 2736"}
{"ts":"2026-04-05T21:49:39.004Z","level":"INFO","device":"200000000003","event":"SERVER_ACK","detail":"0x8001 Universal Reply Received"}
{"ts":"2026-04-05T21:49:39.101Z","level":"INFO","device":"200000000005","event":"OBD2_SENT_0x0200","detail":"Lat: 51.732369, Lng: 0.489329 | Speed: 53km/h | RPM: 2938"}
{"ts":"2026-04-05T21:49:39.161Z","level":"INFO","device":"200000000004","event":"SERVER_ACK","detail":"0x8001 Universal Reply Received"}
{"ts":"2026-04-05T21:49:39.250Z","level":"INFO","device":"200000000006","event":"OBD2_SENT_0x0200","detail":"Lat: 51.732575, Lng: 0.488776 | Speed: 48km/h | RPM: 2710"}
{"ts":"2026-04-05T21:49:39.305Z","level":"INFO","device":"200000000005","event":"SERVER_ACK","detail":"0x8001 Universal Reply Received"}
{"ts":"2026-04-05T21:49:39.399Z","level":"INFO","device":"200000000007","event":"OBD2_SENT_0x0200","detail":"Lat: 51.732668, Lng: 0.488495 | Speed: 50km/h | RPM: 2803"}
{"ts":"2026-04-05T21:49:39.463Z","level":"INFO","device":"200000000006","event":"SERVER_ACK","detail":"0x8001 Universal Reply Received"}
{"ts":"2026-04-05T21:49:39.551Z","level":"INFO","device":"200000000008","event":"OBD2_SENT_0x0200","detail":"Lat: 51.733560, Lng: 0.485065 | Speed: 33km/h | RPM: 2137"}
{"ts":"2026-04-05T21:49:39.603Z","level":"INFO","device":"200000000007","event":"SERVER_ACK","detail":"0x8001 Universal Reply Received"}
{"ts":"2026-04-05T21:49:39.700Z","level":"INFO","device":"200000000009","event":"OBD2_SENT_0x0200","detail":"Lat: 51.734175, Lng: 0.483580 | Speed: 36km/h | RPM: 2238"}
{"ts":"2026-04-05T21:49:39.738Z","level":"INFO","device":"200000000008","event":"SERVER_ACK","detail":"0x8001 Universal Reply Received"}
{"ts":"2026-04-05T21:49:39.852Z","level":"INFO","device":"200000000010","event":"OBD2_SENT_0x0200","detail":"Lat: 51.732635, Lng: 0.488596 | Speed: 38km/h | RPM: 2323"}
{"ts":"2026-04-05T21:49:39.910Z","level":"INFO","device":"200000000009","event":"SERVER_ACK","detail":"0x8001 Universal Reply Received"}
{"ts":"2026-04-05T21:49:40.071Z","level":"INFO","device":"200000000010","event":"SERVER_ACK","detail":"0x8001 Universal Reply Received"}
{"ts":"2026-04-05T21:49:40.910Z","level":"ERROR","device":"300000000004","event":"SOCKET_ERROR","detail":"ECONNREFUSED"}
{"ts":"2026-04-05T21:49:43.519Z","level":"INFO","device":"868120018681","event":"GPS_SENT","detail":""}
{"ts":"2026-04-05T21:49:43.647Z","level":"INFO","device":"868120100002","event":"GPS_SENT","detail":""}
{"ts":"2026-04-05T21:49:43.722Z","level":"INFO","device":"868120018681","event":"RX_MSG","detail":"0x8001 bodyLen=5"}
{"ts":"2026-04-05T21:49:43.722Z","level":"INFO","device":"868120018681","event":"SERVER_ACK","detail":"0x0200 result=OK"}
{"ts":"2026-04-05T21:49:43.796Z","level":"INFO","device":"868120100003","event":"GPS_SENT","detail":""}
{"ts":"2026-04-05T21:49:43.848Z","level":"INFO","device":"868120100002","event":"RX_MSG","detail":"0x8001 bodyLen=5"}
{"ts":"2026-04-05T21:49:43.848Z","level":"INFO","device":"868120100002","event":"SERVER_ACK","detail":"0x0200 result=OK"}
{"ts":"2026-04-05T21:49:43.952Z","level":"INFO","device":"868120100004","event":"GPS_SENT","detail":""}
{"ts":"2026-04-05T21:49:44.004Z","level":"INFO","device":"868120100003","event":"RX_MSG","detail":"0x8001 bodyLen=5"}
{"ts":"2026-04-05T21:49:44.005Z","level":"INFO","device":"868120100003","event":"SERVER_ACK","detail":"0x0200 result=OK"}
{"ts":"2026-04-05T21:49:44.110Z","level":"INFO","device":"868120100005","event":"GPS_SENT","detail":""}
{"ts":"2026-04-05T21:49:44.168Z","level":"INFO","device":"868120100004","event":"RX_MSG","detail":"0x8001 bodyLen=5"}
{"ts":"2026-04-05T21:49:44.169Z","level":"INFO","device":"868120100004","event":"SERVER_ACK","detail":"0x0200 result=OK"}
{"ts":"2026-04-05T21:49:44.246Z","level":"INFO","device":"868120100006","event":"GPS_SENT","detail":""}
{"ts":"2026-04-05T21:49:44.321Z","level":"INFO","device":"868120100005","event":"RX_MSG","detail":"0x8001 bodyLen=5"}
{"ts":"2026-04-05T21:49:44.321Z","level":"INFO","device":"868120100005","event":"SERVER_ACK","detail":"0x0200 result=OK"}
{"ts":"2026-04-05T21:49:44.400Z","level":"INFO","device":"868120100007","event":"GPS_SENT","detail":""}
{"ts":"2026-04-05T21:49:44.456Z","level":"INFO","device":"868120100006","event":"RX_MSG","detail":"0x8001 bodyLen=5"}
{"ts":"2026-04-05T21:49:44.456Z","level":"INFO","device":"868120100006","event":"SERVER_ACK","detail":"0x0200 result=OK"}
{"ts":"2026-04-05T21:49:44.546Z","level":"INFO","device":"868120100008","event":"GPS_SENT","detail":""}
{"ts":"2026-04-05T21:49:44.601Z","level":"INFO","device":"868120100007","event":"RX_MSG","detail":"0x8001 bodyLen=5"}
{"ts":"2026-04-05T21:49:44.601Z","level":"INFO","device":"868120100007","event":"SERVER_ACK","detail":"0x0200 result=OK"}
{"ts":"2026-04-05T21:49:44.703Z","level":"INFO","device":"868120100009","event":"GPS_SENT","detail":""}
{"ts":"2026-04-05T21:49:44.747Z","level":"INFO","device":"868120100008","event":"RX_MSG","detail":"0x8001 bodyLen=5"}
{"ts":"2026-04-05T21:49:44.750Z","level":"INFO","device":"868120100008","event":"SERVER_ACK","detail":"0x0200 result=OK"}
{"ts":"2026-04-05T21:49:44.851Z","level":"INFO","device":"100000000010","event":"GPS_SENT","detail":""}
{"ts":"2026-04-05T21:49:44.906Z","level":"INFO","device":"868120100009","event":"RX_MSG","detail":"0x8001 bodyLen=5"}
{"ts":"2026-04-05T21:49:44.906Z","level":"INFO","device":"868120100009","event":"SERVER_ACK","detail":"0x0200 result=OK"}
{"ts":"2026-04-05T21:49:45.051Z","level":"INFO","device":"100000000010","event":"RX_MSG","detail":"0x8001 bodyLen=5"}
{"ts":"2026-04-05T21:49:45.052Z","level":"INFO","device":"100000000010","event":"SERVER_ACK","detail":"0x0200 result=OK"}
{"ts":"2026-04-05T21:49:53.027Z","level":"ERROR","device":"300000000005","event":"SOCKET_ERROR","detail":"ECONNREFUSED"}
{"ts":"2026-04-05T21:49:53.517Z","level":"INFO","device":"200000000001","event":"HEARTBEAT_SENT","detail":"0x0002"}
{"ts":"2026-04-05T21:49:53.541Z","level":"INFO","device":"200000000001","event":"OBD2_SENT_0x0200","detail":"Lat: 51.733853, Lng: 0.484256 | Speed: 18km/h | RPM: 1531"}
{"ts":"2026-04-05T21:49:53.648Z","level":"INFO","device":"200000000002","event":"HEARTBEAT_SENT","detail":"0x0002"}
{"ts":"2026-04-05T21:49:53.652Z","level":"INFO","device":"200000000002","event":"OBD2_SENT_0x0200","detail":"Lat: 51.732688, Lng: 0.488435 | Speed: 35km/h | RPM: 2209"}
{"ts":"2026-04-05T21:49:53.713Z","level":"INFO","device":"200000000001","event":"SERVER_ACK","detail":"0x8001 Universal Reply Received"}
{"ts":"2026-04-05T21:49:53.796Z","level":"INFO","device":"200000000003","event":"HEARTBEAT_SENT","detail":"0x0002"}
{"ts":"2026-04-05T21:49:53.802Z","level":"INFO","device":"200000000003","event":"OBD2_SENT_0x0200","detail":"Lat: 51.730920, Lng: 0.492103 | Speed: 49km/h | RPM: 2758"}
{"ts":"2026-04-05T21:49:53.859Z","level":"INFO","device":"200000000002","event":"SERVER_ACK","detail":"0x8001 Universal Reply Received"}
{"ts":"2026-04-05T21:49:53.947Z","level":"INFO","device":"200000000004","event":"HEARTBEAT_SENT","detail":"0x0002"}
{"ts":"2026-04-05T21:49:53.952Z","level":"INFO","device":"200000000004","event":"OBD2_SENT_0x0200","detail":"Lat: 51.731909, Lng: 0.490381 | Speed: 47km/h | RPM: 2668"}
{"ts":"2026-04-05T21:49:54.003Z","level":"INFO","device":"200000000003","event":"SERVER_ACK","detail":"0x8001 Universal Reply Received"}
{"ts":"2026-04-05T21:49:54.052Z","level":"INFO","device":"200000000001","event":"SERVER_ACK","detail":"0x8001 Universal Reply Received"}
{"ts":"2026-04-05T21:49:54.095Z","level":"INFO","device":"200000000005","event":"HEARTBEAT_SENT","detail":"0x0002"}
{"ts":"2026-04-05T21:49:54.100Z","level":"INFO","device":"200000000005","event":"OBD2_SENT_0x0200","detail":"Lat: 51.731001, Lng: 0.491998 | Speed: 53km/h | RPM: 2901"}
{"ts":"2026-04-05T21:49:54.158Z","level":"INFO","device":"200000000004","event":"SERVER_ACK","detail":"0x8001 Universal Reply Received"}
{"ts":"2026-04-05T21:49:54.191Z","level":"INFO","device":"200000000002","event":"SERVER_ACK","detail":"0x8001 Universal Reply Received"}
{"ts":"2026-04-05T21:49:54.246Z","level":"INFO","device":"200000000006","event":"HEARTBEAT_SENT","detail":"0x0002"}
{"ts":"2026-04-05T21:49:54.256Z","level":"INFO","device":"200000000006","event":"OBD2_SENT_0x0200","detail":"Lat: 51.731523, Lng: 0.491128 | Speed: 52km/h | RPM: 2885"}
{"ts":"2026-04-05T21:49:54.298Z","level":"INFO","device":"200000000005","event":"SERVER_ACK","detail":"0x8001 Universal Reply Received"}
{"ts":"2026-04-05T21:49:54.339Z","level":"INFO","device":"200000000003","event":"SERVER_ACK","detail":"0x8001 Universal Reply Received"}
{"ts":"2026-04-05T21:49:54.395Z","level":"INFO","device":"200000000007","event":"HEARTBEAT_SENT","detail":"0x0002"}
{"ts":"2026-04-05T21:49:54.399Z","level":"INFO","device":"200000000007","event":"OBD2_SENT_0x0200","detail":"Lat: 51.731636, Lng: 0.490929 | Speed: 53km/h | RPM: 2917"}
{"ts":"2026-04-05T21:49:54.458Z","level":"INFO","device":"200000000006","event":"SERVER_ACK","detail":"0x8001 Universal Reply Received"}
{"ts":"2026-04-05T21:49:54.503Z","level":"INFO","device":"200000000004","event":"SERVER_ACK","detail":"0x8001 Universal Reply Received"}
{"ts":"2026-04-05T21:49:54.545Z","level":"INFO","device":"200000000008","event":"HEARTBEAT_SENT","detail":"0x0002"}
{"ts":"2026-04-05T21:49:54.552Z","level":"INFO","device":"200000000008","event":"OBD2_SENT_0x0200","detail":"Lat: 51.733083, Lng: 0.487067 | Speed: 35km/h | RPM: 2213"}
{"ts":"2026-04-05T21:49:54.597Z","level":"INFO","device":"200000000007","event":"SERVER_ACK","detail":"0x8001 Universal Reply Received"}
{"ts":"2026-04-05T21:49:54.619Z","level":"INFO","device":"200000000005","event":"SERVER_ACK","detail":"0x8001 Universal Reply Received"}
{"ts":"2026-04-05T21:49:54.697Z","level":"INFO","device":"200000000009","event":"HEARTBEAT_SENT","detail":"0x0002"}
{"ts":"2026-04-05T21:49:54.700Z","level":"INFO","device":"200000000009","event":"OBD2_SENT_0x0200","detail":"Lat: 51.733518, Lng: 0.485208 | Speed: 33km/h | RPM: 2120"}
{"ts":"2026-04-05T21:49:54.731Z","level":"INFO","device":"200000000008","event":"SERVER_ACK","detail":"0x8001 Universal Reply Received"}
{"ts":"2026-04-05T21:49:54.786Z","level":"INFO","device":"200000000006","event":"SERVER_ACK","detail":"0x8001 Universal Reply Received"}
{"ts":"2026-04-05T21:49:54.850Z","level":"INFO","device":"200000000010","event":"HEARTBEAT_SENT","detail":"0x0002"}
{"ts":"2026-04-05T21:49:54.853Z","level":"INFO","device":"200000000010","event":"OBD2_SENT_0x0200","detail":"Lat: 51.731933, Lng: 0.490335 | Speed: 38km/h | RPM: 2306"}
{"ts":"2026-04-05T21:49:54.908Z","level":"INFO","device":"200000000009","event":"SERVER_ACK","detail":"0x8001 Universal Reply Received"}
{"ts":"2026-04-05T21:49:54.930Z","level":"INFO","device":"200000000007","event":"SERVER_ACK","detail":"0x8001 Universal Reply Received"}
{"ts":"2026-04-05T21:49:55.039Z","level":"INFO","device":"200000000008","event":"SERVER_ACK","detail":"0x8001 Universal Reply Received"}
{"ts":"2026-04-05T21:49:55.069Z","level":"INFO","device":"200000000010","event":"SERVER_ACK","detail":"0x8001 Universal Reply Received"}
{"ts":"2026-04-05T21:49:55.250Z","level":"INFO","device":"200000000009","event":"SERVER_ACK","detail":"0x8001 Universal Reply Received"}
{"ts":"2026-04-05T21:49:55.412Z","level":"INFO","device":"200000000010","event":"SERVER_ACK","detail":"0x8001 Universal Reply Received"}
{"ts":"2026-04-05T21:50:03.528Z","level":"INFO","device":"868120018681","event":"GPS_SENT","detail":""}
{"ts":"2026-04-05T21:50:03.647Z","level":"INFO","device":"868120100002","event":"GPS_SENT","detail":""}
{"ts":"2026-04-05T21:50:03.731Z","level":"INFO","device":"868120018681","event":"RX_MSG","detail":"0x8001 bodyLen=5"}
{"ts":"2026-04-05T21:50:03.732Z","level":"INFO","device":"868120018681","event":"SERVER_ACK","detail":"0x0200 result=OK"}
{"ts":"2026-04-05T21:50:03.796Z","level":"INFO","device":"868120100003","event":"GPS_SENT","detail":""}
{"ts":"2026-04-05T21:50:03.849Z","level":"INFO","device":"868120100002","event":"RX_MSG","detail":"0x8001 bodyLen=5"}
{"ts":"2026-04-05T21:50:03.849Z","level":"INFO","device":"868120100002","event":"SERVER_ACK","detail":"0x0200 result=OK"}
{"ts":"2026-04-05T21:50:03.953Z","level":"INFO","device":"868120100004","event":"GPS_SENT","detail":""}
{"ts":"2026-04-05T21:50:04.006Z","level":"INFO","device":"868120100003","event":"RX_MSG","detail":"0x8001 bodyLen=5"}
{"ts":"2026-04-05T21:50:04.006Z","level":"INFO","device":"868120100003","event":"SERVER_ACK","detail":"0x0200 result=OK"}
{"ts":"2026-04-05T21:50:04.110Z","level":"INFO","device":"868120100005","event":"GPS_SENT","detail":""}
{"ts":"2026-04-05T21:50:04.169Z","level":"INFO","device":"868120100004","event":"RX_MSG","detail":"0x8001 bodyLen=5"}
{"ts":"2026-04-05T21:50:04.169Z","level":"INFO","device":"868120100004","event":"SERVER_ACK","detail":"0x0200 result=OK"}
{"ts":"2026-04-05T21:50:04.247Z","level":"INFO","device":"868120100006","event":"GPS_SENT","detail":""}
{"ts":"2026-04-05T21:50:04.320Z","level":"INFO","device":"868120100005","event":"RX_MSG","detail":"0x8001 bodyLen=5"}
{"ts":"2026-04-05T21:50:04.322Z","level":"INFO","device":"868120100005","event":"SERVER_ACK","detail":"0x0200 result=OK"}
{"ts":"2026-04-05T21:50:04.399Z","level":"INFO","device":"868120100007","event":"GPS_SENT","detail":""}
{"ts":"2026-04-05T21:50:04.456Z","level":"INFO","device":"868120100006","event":"RX_MSG","detail":"0x8001 bodyLen=5"}
{"ts":"2026-04-05T21:50:04.456Z","level":"INFO","device":"868120100006","event":"SERVER_ACK","detail":"0x0200 result=OK"}
{"ts":"2026-04-05T21:50:04.546Z","level":"INFO","device":"868120100008","event":"GPS_SENT","detail":""}
{"ts":"2026-04-05T21:50:04.599Z","level":"INFO","device":"868120100007","event":"RX_MSG","detail":"0x8001 bodyLen=5"}
{"ts":"2026-04-05T21:50:04.600Z","level":"INFO","device":"868120100007","event":"SERVER_ACK","detail":"0x0200 result=OK"}
{"ts":"2026-04-05T21:50:04.703Z","level":"INFO","device":"868120100009","event":"GPS_SENT","detail":""}
{"ts":"2026-04-05T21:50:04.747Z","level":"INFO","device":"868120100008","event":"RX_MSG","detail":"0x8001 bodyLen=5"}
{"ts":"2026-04-05T21:50:04.748Z","level":"INFO","device":"868120100008","event":"SERVER_ACK","detail":"0x0200 result=OK"}
{"ts":"2026-04-05T21:50:04.851Z","level":"INFO","device":"100000000010","event":"GPS_SENT","detail":""}
{"ts":"2026-04-05T21:50:04.905Z","level":"INFO","device":"868120100009","event":"RX_MSG","detail":"0x8001 bodyLen=5"}
{"ts":"2026-04-05T21:50:04.905Z","level":"INFO","device":"868120100009","event":"SERVER_ACK","detail":"0x0200 result=OK"}
{"ts":"2026-04-05T21:50:05.051Z","level":"INFO","device":"100000000010","event":"RX_MSG","detail":"0x8001 bodyLen=5"}
{"ts":"2026-04-05T21:50:05.052Z","level":"INFO","device":"100000000010","event":"SERVER_ACK","detail":"0x0200 result=OK"}
{"ts":"2026-04-05T21:50:05.115Z","level":"ERROR","device":"300000000006","event":"SOCKET_ERROR","detail":"ECONNREFUSED"}
{"ts":"2026-04-05T21:50:08.543Z","level":"INFO","device":"200000000001","event":"OBD2_SENT_0x0200","detail":"Lat: 51.733532, Lng: 0.485160 | Speed: 17km/h | RPM: 1490"}
{"ts":"2026-04-05T21:50:08.652Z","level":"INFO","device":"200000000002","event":"OBD2_SENT_0x0200","detail":"Lat: 51.732142, Lng: 0.489895 | Speed: 31km/h | RPM: 2031"}
{"ts":"2026-04-05T21:50:08.741Z","level":"INFO","device":"200000000001","event":"SERVER_ACK","detail":"0x8001 Universal Reply Received"}
{"ts":"2026-04-05T21:50:08.803Z","level":"INFO","device":"200000000003","event":"OBD2_SENT_0x0200","detail":"Lat: 51.729375, Lng: 0.493911 | Speed: 48km/h | RPM: 2734"}
{"ts":"2026-04-05T21:50:08.861Z","level":"INFO","device":"200000000002","event":"SERVER_ACK","detail":"0x8001 Universal Reply Received"}
{"ts":"2026-04-05T21:50:08.952Z","level":"INFO","device":"200000000004","event":"OBD2_SENT_0x0200","detail":"Lat: 51.730658, Lng: 0.492440 | Speed: 45km/h | RPM: 2591"}
{"ts":"2026-04-05T21:50:09.006Z","level":"INFO","device":"200000000003","event":"SERVER_ACK","detail":"0x8001 Universal Reply Received"}
{"ts":"2026-04-05T21:50:09.101Z","level":"INFO","device":"200000000005","event":"OBD2_SENT_0x0200","detail":"Lat: 51.729333, Lng: 0.493949 | Speed: 50km/h | RPM: 2814"}
{"ts":"2026-04-05T21:50:09.168Z","level":"INFO","device":"200000000004","event":"SERVER_ACK","detail":"0x8001 Universal Reply Received"}
{"ts":"2026-04-05T21:50:09.251Z","level":"INFO","device":"200000000006","event":"OBD2_SENT_0x0200","detail":"Lat: 51.730068, Lng: 0.493161 | Speed: 50km/h | RPM: 2791"}
{"ts":"2026-04-05T21:50:09.308Z","level":"INFO","device":"200000000005","event":"SERVER_ACK","detail":"0x8001 Universal Reply Received"}
{"ts":"2026-04-05T21:50:09.399Z","level":"INFO","device":"200000000007","event":"OBD2_SENT_0x0200","detail":"Lat: 51.729880, Lng: 0.493373 | Speed: 55km/h | RPM: 3006"}
{"ts":"2026-04-05T21:50:09.468Z","level":"INFO","device":"200000000006","event":"SERVER_ACK","detail":"0x8001 Universal Reply Received"}
{"ts":"2026-04-05T21:50:09.551Z","level":"INFO","device":"200000000008","event":"OBD2_SENT_0x0200","detail":"Lat: 51.732522, Lng: 0.488935 | Speed: 33km/h | RPM: 2132"}
{"ts":"2026-04-05T21:50:09.603Z","level":"INFO","device":"200000000007","event":"SERVER_ACK","detail":"0x8001 Universal Reply Received"}
{"ts":"2026-04-05T21:50:09.700Z","level":"INFO","device":"200000000009","event":"OBD2_SENT_0x0200","detail":"Lat: 51.733079, Lng: 0.487085 | Speed: 33km/h | RPM: 2119"}
{"ts":"2026-04-05T21:50:09.737Z","level":"INFO","device":"200000000008","event":"SERVER_ACK","detail":"0x8001 Universal Reply Received"}
{"ts":"2026-04-05T21:50:09.853Z","level":"INFO","device":"200000000010","event":"OBD2_SENT_0x0200","detail":"Lat: 51.730767, Lng: 0.492300 | Speed: 42km/h | RPM: 2498"}
{"ts":"2026-04-05T21:50:09.912Z","level":"INFO","device":"200000000009","event":"SERVER_ACK","detail":"0x8001 Universal Reply Received"}
{"ts":"2026-04-05T21:50:10.071Z","level":"INFO","device":"200000000010","event":"SERVER_ACK","detail":"0x8001 Universal Reply Received"}
{"ts":"2026-04-05T21:50:18.263Z","level":"ERROR","device":"300000000007","event":"SOCKET_ERROR","detail":"ECONNREFUSED"}
{"ts":"2026-04-05T21:50:23.519Z","level":"INFO","device":"200000000001","event":"DTC_SENT_0x0900","detail":"Injected Fault Code: P0300"}
{"ts":"2026-04-05T21:50:23.520Z","level":"INFO","device":"200000000001","event":"HEARTBEAT_SENT","detail":"0x0002"}
{"ts":"2026-04-05T21:50:23.529Z","level":"INFO","device":"868120018681","event":"GPS_SENT","detail":""}
{"ts":"2026-04-05T21:50:23.544Z","level":"INFO","device":"200000000001","event":"OBD2_SENT_0x0200","detail":"Lat: 51.733344, Lng: 0.485879 | Speed: 13km/h | RPM: 1328"}
{"ts":"2026-04-05T21:50:23.647Z","level":"INFO","device":"868120100002","event":"GPS_SENT","detail":""}
{"ts":"2026-04-05T21:50:23.648Z","level":"INFO","device":"200000000002","event":"HEARTBEAT_SENT","detail":"0x0002"}
{"ts":"2026-04-05T21:50:23.652Z","level":"INFO","device":"200000000002","event":"OBD2_SENT_0x0200","detail":"Lat: 51.731357, Lng: 0.491405 | Speed: 30km/h | RPM: 1988"}
{"ts":"2026-04-05T21:50:23.723Z","level":"INFO","device":"200000000001","event":"SERVER_ACK","detail":"0x8001 Universal Reply Received"}
{"ts":"2026-04-05T21:50:23.733Z","level":"INFO","device":"868120018681","event":"RX_MSG","detail":"0x8001 bodyLen=5"}
{"ts":"2026-04-05T21:50:23.733Z","level":"INFO","device":"868120018681","event":"SERVER_ACK","detail":"0x0200 result=OK"}
{"ts":"2026-04-05T21:50:23.796Z","level":"INFO","device":"868120100003","event":"GPS_SENT","detail":""}
{"ts":"2026-04-05T21:50:23.796Z","level":"INFO","device":"200000000003","event":"HEARTBEAT_SENT","detail":"0x0002"}
{"ts":"2026-04-05T21:50:23.803Z","level":"INFO","device":"200000000003","event":"OBD2_SENT_0x0200","detail":"Lat: 51.727766, Lng: 0.495100 | Speed: 46km/h | RPM: 2659"}
{"ts":"2026-04-05T21:50:23.849Z","level":"INFO","device":"868120100002","event":"RX_MSG","detail":"0x8001 bodyLen=5"}
{"ts":"2026-04-05T21:50:23.849Z","level":"INFO","device":"868120100002","event":"SERVER_ACK","detail":"0x0200 result=OK"}
{"ts":"2026-04-05T21:50:23.857Z","level":"INFO","device":"200000000002","event":"SERVER_ACK","detail":"0x8001 Universal Reply Received"}
{"ts":"2026-04-05T21:50:23.948Z","level":"INFO","device":"200000000004","event":"HEARTBEAT_SENT","detail":"0x0002"}
{"ts":"2026-04-05T21:50:23.953Z","level":"INFO","device":"200000000004","event":"OBD2_SENT_0x0200","detail":"Lat: 51.729249, Lng: 0.494023 | Speed: 43km/h | RPM: 2510"}
{"ts":"2026-04-05T21:50:23.953Z","level":"INFO","device":"868120100004","event":"GPS_SENT","detail":""}
{"ts":"2026-04-05T21:50:24.002Z","level":"INFO","device":"200000000003","event":"SERVER_ACK","detail":"0x8001 Universal Reply Received"}
{"ts":"2026-04-05T21:50:24.004Z","level":"INFO","device":"868120100003","event":"RX_MSG","detail":"0x8001 bodyLen=5"}
{"ts":"2026-04-05T21:50:24.004Z","level":"INFO","device":"868120100003","event":"SERVER_ACK","detail":"0x0200 result=OK"}
{"ts":"2026-04-05T21:50:24.051Z","level":"INFO","device":"200000000001","event":"SERVER_ACK","detail":"0x8001 Universal Reply Received"}
{"ts":"2026-04-05T21:50:24.096Z","level":"INFO","device":"200000000005","event":"HEARTBEAT_SENT","detail":"0x0002"}
{"ts":"2026-04-05T21:50:24.099Z","level":"INFO","device":"868120100005","event":"INCIDENT_SENT","detail":"mediaId=1 alarmId=86812010000500260405215024010200"}
{"ts":"2026-04-05T21:50:24.101Z","level":"INFO","device":"200000000005","event":"OBD2_SENT_0x0200","detail":"Lat: 51.727652, Lng: 0.495169 | Speed: 48km/h | RPM: 2732"}
{"ts":"2026-04-05T21:50:24.110Z","level":"INFO","device":"868120100005","event":"GPS_SENT","detail":""}
{"ts":"2026-04-05T21:50:24.157Z","level":"INFO","device":"200000000004","event":"SERVER_ACK","detail":"0x8001 Universal Reply Received"}
{"ts":"2026-04-05T21:50:24.172Z","level":"INFO","device":"868120100004","event":"RX_MSG","detail":"0x8001 bodyLen=5"}
{"ts":"2026-04-05T21:50:24.173Z","level":"INFO","device":"868120100004","event":"SERVER_ACK","detail":"0x0200 result=OK"}
{"ts":"2026-04-05T21:50:24.191Z","level":"INFO","device":"200000000002","event":"SERVER_ACK","detail":"0x8001 Universal Reply Received"}
{"ts":"2026-04-05T21:50:24.246Z","level":"INFO","device":"868120100006","event":"GPS_SENT","detail":""}
{"ts":"2026-04-05T21:50:24.246Z","level":"INFO","device":"200000000006","event":"HEARTBEAT_SENT","detail":"0x0002"}
{"ts":"2026-04-05T21:50:24.251Z","level":"INFO","device":"200000000006","event":"OBD2_SENT_0x0200","detail":"Lat: 51.728259, Lng: 0.494805 | Speed: 53km/h | RPM: 2934"}
{"ts":"2026-04-05T21:50:24.299Z","level":"INFO","device":"200000000005","event":"SERVER_ACK","detail":"0x8001 Universal Reply Received"}
{"ts":"2026-04-05T21:50:24.308Z","level":"INFO","device":"868120100005","event":"RX_MSG","detail":"0x8001 bodyLen=5"}
{"ts":"2026-04-05T21:50:24.308Z","level":"INFO","device":"868120100005","event":"SERVER_ACK","detail":"0x0200 result=OK"}
{"ts":"2026-04-05T21:50:24.339Z","level":"INFO","device":"200000000003","event":"SERVER_ACK","detail":"0x8001 Universal Reply Received"}
{"ts":"2026-04-05T21:50:24.396Z","level":"INFO","device":"200000000007","event":"HEARTBEAT_SENT","detail":"0x0002"}
{"ts":"2026-04-05T21:50:24.399Z","level":"INFO","device":"868120100007","event":"GPS_SENT","detail":""}
{"ts":"2026-04-05T21:50:24.400Z","level":"INFO","device":"200000000007","event":"OBD2_SENT_0x0200","detail":"Lat: 51.727797, Lng: 0.495082 | Speed: 59km/h | RPM: 3170"}
{"ts":"2026-04-05T21:50:24.456Z","level":"INFO","device":"868120100006","event":"RX_MSG","detail":"0x8001 bodyLen=5"}
{"ts":"2026-04-05T21:50:24.456Z","level":"INFO","device":"868120100006","event":"SERVER_ACK","detail":"0x0200 result=OK"}
{"ts":"2026-04-05T21:50:24.458Z","level":"INFO","device":"200000000006","event":"SERVER_ACK","detail":"0x8001 Universal Reply Received"}
{"ts":"2026-04-05T21:50:24.503Z","level":"INFO","device":"200000000004","event":"SERVER_ACK","detail":"0x8001 Universal Reply Received"}
{"ts":"2026-04-05T21:50:24.546Z","level":"INFO","device":"200000000008","event":"HEARTBEAT_SENT","detail":"0x0002"}
{"ts":"2026-04-05T21:50:24.547Z","level":"INFO","device":"868120100008","event":"GPS_SENT","detail":""}
{"ts":"2026-04-05T21:50:24.551Z","level":"INFO","device":"200000000008","event":"OBD2_SENT_0x0200","detail":"Lat: 51.731959, Lng: 0.490281 | Speed: 30km/h | RPM: 2003"}
{"ts":"2026-04-05T21:50:24.597Z","level":"INFO","device":"200000000007","event":"SERVER_ACK","detail":"0x8001 Universal Reply Received"}
{"ts":"2026-04-05T21:50:24.600Z","level":"INFO","device":"868120100007","event":"RX_MSG","detail":"0x8001 bodyLen=5"}
{"ts":"2026-04-05T21:50:24.600Z","level":"INFO","device":"868120100007","event":"SERVER_ACK","detail":"0x0200 result=OK"}
{"ts":"2026-04-05T21:50:24.619Z","level":"INFO","device":"200000000005","event":"SERVER_ACK","detail":"0x8001 Universal Reply Received"}
{"ts":"2026-04-05T21:50:24.658Z","level":"INFO","device":"868120100005","event":"RX_MSG","detail":"0x9208 bodyLen=81"}
{"ts":"2026-04-05T21:50:24.659Z","level":"INFO","device":"868120100005","event":"9208_RAW","detail":"0C35342E33372E3232352E36350D32000086812010000500260405215024010200383638313230313030303035303032363034303532313530323430313032303000000000000000000000000000000000"}
{"ts":"2026-04-05T21:50:24.659Z","level":"INFO","device":"868120100005","event":"UPLOAD_TRIGGERED","detail":"media: 54.37.225.65:3378 | alarmId: 86812010000500260405215024010200"}
{"ts":"2026-04-05T21:50:24.659Z","level":"INFO","device":"868120100005","event":"MEDIA_CONNECTING","detail":"54.37.225.65:3378 files=2"}
{"ts":"2026-04-05T21:50:24.659Z","level":"INFO","device":"868120100005","event":"RX_MSG","detail":"0x8001 bodyLen=5"}
{"ts":"2026-04-05T21:50:24.659Z","level":"INFO","device":"868120100005","event":"SERVER_ACK","detail":"0x0800 result=OK"}
{"ts":"2026-04-05T21:50:24.659Z","level":"INFO","device":"868120100005","event":"RX_MSG","detail":"0x8001 bodyLen=5"}
{"ts":"2026-04-05T21:50:24.659Z","level":"INFO","device":"868120100005","event":"SERVER_ACK","detail":"0x0200 result=OK"}
{"ts":"2026-04-05T21:50:24.697Z","level":"INFO","device":"200000000009","event":"HEARTBEAT_SENT","detail":"0x0002"}
{"ts":"2026-04-05T21:50:24.700Z","level":"INFO","device":"200000000009","event":"OBD2_SENT_0x0200","detail":"Lat: 51.732586, Lng: 0.488743 | Speed: 30km/h | RPM: 1982"}
{"ts":"2026-04-05T21:50:24.706Z","level":"INFO","device":"868120100009","event":"GPS_SENT","detail":""}
{"ts":"2026-04-05T21:50:24.733Z","level":"INFO","device":"200000000008","event":"SERVER_ACK","detail":"0x8001 Universal Reply Received"}
{"ts":"2026-04-05T21:50:24.747Z","level":"INFO","device":"868120100008","event":"RX_MSG","detail":"0x8001 bodyLen=5"}
{"ts":"2026-04-05T21:50:24.747Z","level":"INFO","device":"868120100008","event":"SERVER_ACK","detail":"0x0200 result=OK"}
{"ts":"2026-04-05T21:50:24.784Z","level":"INFO","device":"200000000006","event":"SERVER_ACK","detail":"0x8001 Universal Reply Received"}
{"ts":"2026-04-05T21:50:24.850Z","level":"INFO","device":"200000000010","event":"HEARTBEAT_SENT","detail":"0x0002"}
{"ts":"2026-04-05T21:50:24.852Z","level":"INFO","device":"100000000010","event":"GPS_SENT","detail":""}
{"ts":"2026-04-05T21:50:24.855Z","level":"INFO","device":"200000000010","event":"OBD2_SENT_0x0200","detail":"Lat: 51.729436, Lng: 0.493857 | Speed: 42km/h | RPM: 2460"}
{"ts":"2026-04-05T21:50:24.867Z","level":"INFO","device":"868120100005","event":"MEDIA_CONNECTED","detail":"54.37.225.65:3378"}
{"ts":"2026-04-05T21:50:24.867Z","level":"INFO","device":"868120100005","event":"FILE_START","detail":"[1/2] 00_64_6401_00_86812010000500260405215024010200.jpg (215 bytes)"}
{"ts":"2026-04-05T21:50:24.867Z","level":"INFO","device":"868120100005","event":"SENT_1210","detail":"00_64_6401_00_86812010000500260405215024010200.jpg"}
{"ts":"2026-04-05T21:50:24.908Z","level":"INFO","device":"868120100009","event":"RX_MSG","detail":"0x8001 bodyLen=5"}
{"ts":"2026-04-05T21:50:24.908Z","level":"INFO","device":"868120100009","event":"SERVER_ACK","detail":"0x0200 result=OK"}
{"ts":"2026-04-05T21:50:24.908Z","level":"INFO","device":"200000000009","event":"SERVER_ACK","detail":"0x8001 Universal Reply Received"}
{"ts":"2026-04-05T21:50:24.930Z","level":"INFO","device":"200000000007","event":"SERVER_ACK","detail":"0x8001 Universal Reply Received"}
{"ts":"2026-04-05T21:50:24.968Z","level":"INFO","device":"868120100005","event":"SENT_RAW_MARKER","detail":"00_64_6401_00_86812010000500260405215024010200.jpg packet=277 bytes data=215 bytes"}
{"ts":"2026-04-05T21:50:24.969Z","level":"INFO","device":"868120100005","event":"SENT_1212","detail":"00_64_6401_00_86812010000500260405215024010200.jpg type=0"}
{"ts":"2026-04-05T21:50:25.040Z","level":"INFO","device":"200000000008","event":"SERVER_ACK","detail":"0x8001 Universal Reply Received"}
{"ts":"2026-04-05T21:50:25.053Z","level":"INFO","device":"100000000010","event":"RX_MSG","detail":"0x8001 bodyLen=5"}
{"ts":"2026-04-05T21:50:25.053Z","level":"INFO","device":"100000000010","event":"SERVER_ACK","detail":"0x0200 result=OK"}
{"ts":"2026-04-05T21:50:25.068Z","level":"INFO","device":"200000000010","event":"SERVER_ACK","detail":"0x8001 Universal Reply Received"}
{"ts":"2026-04-05T21:50:25.077Z","level":"INFO","device":"868120100005","event":"MEDIA_RX","detail":"7E 80 01 00 05 86 81 20 10 00 05 3D A2 00 00 12 10 00 2B 7E"}
{"ts":"2026-04-05T21:50:25.251Z","level":"INFO","device":"200000000009","event":"SERVER_ACK","detail":"0x8001 Universal Reply Received"}
{"ts":"2026-04-05T21:50:25.269Z","level":"INFO","device":"868120100005","event":"FILE_START","detail":"[2/2] 02_64_6401_03_86812010000500260405215024010200.mp4 (65536 bytes)"}
{"ts":"2026-04-05T21:50:25.269Z","level":"INFO","device":"868120100005","event":"SENT_1210","detail":"02_64_6401_03_86812010000500260405215024010200.mp4"}
{"ts":"2026-04-05T21:50:25.282Z","level":"INFO","device":"868120100005","event":"MEDIA_RX","detail":"7E 92 12 00 36 86 81 20 10 00 05 BB EA 32 30 30 5F 36 34 5F 36 34 30 31 5F 30 30 5F 38 36 38 31 32 30 31 30 30 30 30 35 30 30 32 36 30 34 30 35 32 31 35 30 32 34 30 31 30 32 30 30 2E 6A 70 67 00 00 00 B2 7E"}
{"ts":"2026-04-05T21:50:25.370Z","level":"INFO","device":"868120100005","event":"SENT_RAW_MARKER","detail":"02_64_6401_03_86812010000500260405215024010200.mp4 packet=65598 bytes data=65536 bytes"}
{"ts":"2026-04-05T21:50:25.370Z","level":"INFO","device":"868120100005","event":"SENT_1212","detail":"02_64_6401_03_86812010000500260405215024010200.mp4 type=2"}
{"ts":"2026-04-05T21:50:25.414Z","level":"INFO","device":"200000000010","event":"SERVER_ACK","detail":"0x8001 Universal Reply Received"}
{"ts":"2026-04-05T21:50:25.578Z","level":"INFO","device":"868120100005","event":"MEDIA_RX","detail":"7E 80 01 00 05 86 81 20 10 00 05 41 47 00 02 12 10 00 B0 7E"}
{"ts":"2026-04-05T21:50:25.670Z","level":"INFO","device":"868120100005","event":"BATCH_COMPLETE","detail":"All 2 files sent"}
{"ts":"2026-04-05T21:50:26.090Z","level":"ERROR","device":"868120100005","event":"MEDIA_ERROR","detail":"54.37.225.65:3378 — read ECONNRESET"}
{"ts":"2026-04-05T21:50:26.091Z","level":"INFO","device":"868120100005","event":"MEDIA_CLOSED","detail":""}
{"ts":"2026-04-05T21:50:29.354Z","level":"ERROR","device":"300000000008","event":"SOCKET_ERROR","detail":"ECONNREFUSED"}
{"ts":"2026-04-05T21:50:38.553Z","level":"INFO","device":"200000000001","event":"OBD2_SENT_0x0200","detail":"Lat: 51.733171, Lng: 0.486715 | Speed: 14km/h | RPM: 1368"}
{"ts":"2026-04-05T21:50:38.652Z","level":"INFO","device":"200000000002","event":"OBD2_SENT_0x0200","detail":"Lat: 51.730621, Lng: 0.492488 | Speed: 26km/h | RPM: 1846"}
{"ts":"2026-04-05T21:50:38.773Z","level":"INFO","device":"200000000001","event":"SERVER_ACK","detail":"0x8001 Universal Reply Received"}
{"ts":"2026-04-05T21:50:38.803Z","level":"INFO","device":"200000000003","event":"OBD2_SENT_0x0200","detail":"Lat: 51.726057, Lng: 0.495863 | Speed: 49km/h | RPM: 2747"}
{"ts":"2026-04-05T21:50:38.879Z","level":"INFO","device":"200000000002","event":"SERVER_ACK","detail":"0x8001 Universal Reply Received"}
{"ts":"2026-04-05T21:50:38.954Z","level":"INFO","device":"200000000004","event":"OBD2_SENT_0x0200","detail":"Lat: 51.727696, Lng: 0.495142 | Speed: 45km/h | RPM: 2582"}
{"ts":"2026-04-05T21:50:39.019Z","level":"INFO","device":"200000000003","event":"SERVER_ACK","detail":"0x8001 Universal Reply Received"}
{"ts":"2026-04-05T21:50:39.101Z","level":"INFO","device":"200000000005","event":"OBD2_SENT_0x0200","detail":"Lat: 51.725789, Lng: 0.495943 | Speed: 53km/h | RPM: 2922"}
{"ts":"2026-04-05T21:50:39.217Z","level":"INFO","device":"200000000004","event":"SERVER_ACK","detail":"0x8001 Universal Reply Received"}
{"ts":"2026-04-05T21:50:39.251Z","level":"INFO","device":"200000000006","event":"OBD2_SENT_0x0200","detail":"Lat: 51.726373, Lng: 0.495768 | Speed: 54km/h | RPM: 2947"}
{"ts":"2026-04-05T21:50:39.306Z","level":"INFO","device":"200000000005","event":"SERVER_ACK","detail":"0x8001 Universal Reply Received"}
{"ts":"2026-04-05T21:50:39.400Z","level":"INFO","device":"200000000007","event":"OBD2_SENT_0x0200","detail":"Lat: 51.725793, Lng: 0.495942 | Speed: 57km/h | RPM: 3082"}
{"ts":"2026-04-05T21:50:39.465Z","level":"INFO","device":"200000000006","event":"SERVER_ACK","detail":"0x8001 Universal Reply Received"}
{"ts":"2026-04-05T21:50:39.553Z","level":"INFO","device":"200000000008","event":"OBD2_SENT_0x0200","detail":"Lat: 51.731046, Lng: 0.491923 | Speed: 35km/h | RPM: 2195"}
{"ts":"2026-04-05T21:50:39.606Z","level":"INFO","device":"200000000007","event":"SERVER_ACK","detail":"0x8001 Universal Reply Received"}
{"ts":"2026-04-05T21:50:39.703Z","level":"INFO","device":"200000000009","event":"OBD2_SENT_0x0200","detail":"Lat: 51.732091, Lng: 0.490018 | Speed: 28km/h | RPM: 1910"}
{"ts":"2026-04-05T21:50:39.740Z","level":"INFO","device":"200000000008","event":"SERVER_ACK","detail":"0x8001 Universal Reply Received"}
{"ts":"2026-04-05T21:50:39.855Z","level":"INFO","device":"200000000010","event":"OBD2_SENT_0x0200","detail":"Lat: 51.727877, Lng: 0.495034 | Speed: 45km/h | RPM: 2612"}
{"ts":"2026-04-05T21:50:39.916Z","level":"INFO","device":"200000000009","event":"SERVER_ACK","detail":"0x8001 Universal Reply Received"}
{"ts":"2026-04-05T21:50:40.075Z","level":"INFO","device":"200000000010","event":"SERVER_ACK","detail":"0x8001 Universal Reply Received"}
{"ts":"2026-04-05T21:50:41.442Z","level":"ERROR","device":"300000000009","event":"SOCKET_ERROR","detail":"ECONNREFUSED"}
{"ts":"2026-04-05T21:50:43.530Z","level":"INFO","device":"868120018681","event":"GPS_SENT","detail":""}
{"ts":"2026-04-05T21:50:43.648Z","level":"INFO","device":"868120100002","event":"GPS_SENT","detail":""}
{"ts":"2026-04-05T21:50:43.735Z","level":"INFO","device":"868120018681","event":"RX_MSG","detail":"0x8001 bodyLen=5"}
{"ts":"2026-04-05T21:50:43.735Z","level":"INFO","device":"868120018681","event":"SERVER_ACK","detail":"0x0200 result=OK"}
{"ts":"2026-04-05T21:50:43.796Z","level":"INFO","device":"868120100003","event":"GPS_SENT","detail":""}
{"ts":"2026-04-05T21:50:43.850Z","level":"INFO","device":"868120100002","event":"RX_MSG","detail":"0x8001 bodyLen=5"}
{"ts":"2026-04-05T21:50:43.850Z","level":"INFO","device":"868120100002","event":"SERVER_ACK","detail":"0x0200 result=OK"}
{"ts":"2026-04-05T21:50:43.954Z","level":"INFO","device":"868120100004","event":"GPS_SENT","detail":""}
{"ts":"2026-04-05T21:50:44.006Z","level":"INFO","device":"868120100003","event":"RX_MSG","detail":"0x8001 bodyLen=5"}
{"ts":"2026-04-05T21:50:44.007Z","level":"INFO","device":"868120100003","event":"SERVER_ACK","detail":"0x0200 result=OK"}
{"ts":"2026-04-05T21:50:44.110Z","level":"INFO","device":"868120100005","event":"GPS_SENT","detail":""}
{"ts":"2026-04-05T21:50:44.174Z","level":"INFO","device":"868120100004","event":"RX_MSG","detail":"0x8001 bodyLen=5"}
{"ts":"2026-04-05T21:50:44.174Z","level":"INFO","device":"868120100004","event":"SERVER_ACK","detail":"0x0200 result=OK"}
{"ts":"2026-04-05T21:50:44.246Z","level":"INFO","device":"868120100006","event":"GPS_SENT","detail":""}
{"ts":"2026-04-05T21:50:44.321Z","level":"INFO","device":"868120100005","event":"RX_MSG","detail":"0x8001 bodyLen=5"}
{"ts":"2026-04-05T21:50:44.321Z","level":"INFO","device":"868120100005","event":"SERVER_ACK","detail":"0x0200 result=OK"}
{"ts":"2026-04-05T21:50:44.399Z","level":"INFO","device":"868120100007","event":"GPS_SENT","detail":""}
{"ts":"2026-04-05T21:50:44.457Z","level":"INFO","device":"868120100006","event":"RX_MSG","detail":"0x8001 bodyLen=5"}
{"ts":"2026-04-05T21:50:44.457Z","level":"INFO","device":"868120100006","event":"SERVER_ACK","detail":"0x0200 result=OK"}
{"ts":"2026-04-05T21:50:44.548Z","level":"INFO","device":"868120100008","event":"GPS_SENT","detail":""}
{"ts":"2026-04-05T21:50:44.601Z","level":"INFO","device":"868120100007","event":"RX_MSG","detail":"0x8001 bodyLen=5"}
{"ts":"2026-04-05T21:50:44.603Z","level":"INFO","device":"868120100007","event":"SERVER_ACK","detail":"0x0200 result=OK"}
{"ts":"2026-04-05T21:50:44.707Z","level":"INFO","device":"868120100009","event":"GPS_SENT","detail":""}
{"ts":"2026-04-05T21:50:44.749Z","level":"INFO","device":"868120100008","event":"RX_MSG","detail":"0x8001 bodyLen=5"}
{"ts":"2026-04-05T21:50:44.750Z","level":"INFO","device":"868120100008","event":"SERVER_ACK","detail":"0x0200 result=OK"}
{"ts":"2026-04-05T21:50:44.852Z","level":"INFO","device":"100000000010","event":"GPS_SENT","detail":""}
{"ts":"2026-04-05T21:50:44.908Z","level":"INFO","device":"868120100009","event":"RX_MSG","detail":"0x8001 bodyLen=5"}
{"ts":"2026-04-05T21:50:44.909Z","level":"INFO","device":"868120100009","event":"SERVER_ACK","detail":"0x0200 result=OK"}
{"ts":"2026-04-05T21:50:45.054Z","level":"INFO","device":"100000000010","event":"RX_MSG","detail":"0x8001 bodyLen=5"}
{"ts":"2026-04-05T21:50:45.054Z","level":"INFO","device":"100000000010","event":"SERVER_ACK","detail":"0x0200 result=OK"}
{"ts":"2026-04-05T21:50:53.529Z","level":"INFO","device":"200000000001","event":"HEARTBEAT_SENT","detail":"0x0002"}
{"ts":"2026-04-05T21:50:53.554Z","level":"INFO","device":"200000000001","event":"OBD2_SENT_0x0200","detail":"Lat: 51.732984, Lng: 0.487464 | Speed: 13km/h | RPM: 1334"}
{"ts":"2026-04-05T21:50:53.648Z","level":"INFO","device":"200000000002","event":"HEARTBEAT_SENT","detail":"0x0002"}
{"ts":"2026-04-05T21:50:53.653Z","level":"INFO","device":"200000000002","event":"OBD2_SENT_0x0200","detail":"Lat: 51.729814, Lng: 0.493446 | Speed: 25km/h | RPM: 1817"}
{"ts":"2026-04-05T21:50:53.725Z","level":"INFO","device":"200000000001","event":"SERVER_ACK","detail":"0x8001 Universal Reply Received"}
{"ts":"2026-04-05T21:50:53.796Z","level":"INFO","device":"200000000003","event":"HEARTBEAT_SENT","detail":"0x0002"}
{"ts":"2026-04-05T21:50:53.803Z","level":"INFO","device":"200000000003","event":"OBD2_SENT_0x0200","detail":"Lat: 51.724356, Lng: 0.496273 | Speed: 46km/h | RPM: 2647"}
{"ts":"2026-04-05T21:50:53.858Z","level":"INFO","device":"200000000002","event":"SERVER_ACK","detail":"0x8001 Universal Reply Received"}
{"ts":"2026-04-05T21:50:53.948Z","level":"INFO","device":"200000000004","event":"HEARTBEAT_SENT","detail":"0x0002"}
{"ts":"2026-04-05T21:50:53.954Z","level":"INFO","device":"200000000004","event":"OBD2_SENT_0x0200","detail":"Lat: 51.726084, Lng: 0.495855 | Speed: 46km/h | RPM: 2636"}
{"ts":"2026-04-05T21:50:53.998Z","level":"INFO","device":"200000000003","event":"SERVER_ACK","detail":"0x8001 Universal Reply Received"}
{"ts":"2026-04-05T21:50:54.039Z","level":"INFO","device":"200000000001","event":"SERVER_ACK","detail":"0x8001 Universal Reply Received"}
{"ts":"2026-04-05T21:50:54.096Z","level":"INFO","device":"200000000005","event":"HEARTBEAT_SENT","detail":"0x0002"}
{"ts":"2026-04-05T21:50:54.101Z","level":"INFO","device":"200000000005","event":"OBD2_SENT_0x0200","detail":"Lat: 51.723834, Lng: 0.496430 | Speed: 53km/h | RPM: 2922"}
{"ts":"2026-04-05T21:50:54.160Z","level":"INFO","device":"200000000004","event":"SERVER_ACK","detail":"0x8001 Universal Reply Received"}
{"ts":"2026-04-05T21:50:54.179Z","level":"INFO","device":"200000000002","event":"SERVER_ACK","detail":"0x8001 Universal Reply Received"}
{"ts":"2026-04-05T21:50:54.247Z","level":"INFO","device":"200000000006","event":"HEARTBEAT_SENT","detail":"0x0002"}
{"ts":"2026-04-05T21:50:54.251Z","level":"INFO","device":"200000000006","event":"OBD2_SENT_0x0200","detail":"Lat: 51.724452, Lng: 0.496245 | Speed: 52km/h | RPM: 2886"}
{"ts":"2026-04-05T21:50:54.299Z","level":"INFO","device":"200000000005","event":"SERVER_ACK","detail":"0x8001 Universal Reply Received"}
{"ts":"2026-04-05T21:50:54.327Z","level":"INFO","device":"200000000003","event":"SERVER_ACK","detail":"0x8001 Universal Reply Received"}
{"ts":"2026-04-05T21:50:54.396Z","level":"INFO","device":"200000000007","event":"HEARTBEAT_SENT","detail":"0x0002"}
{"ts":"2026-04-05T21:50:54.400Z","level":"INFO","device":"200000000007","event":"OBD2_SENT_0x0200","detail":"Lat: 51.723588, Lng: 0.496505 | Speed: 60km/h | RPM: 3195"}
{"ts":"2026-04-05T21:50:54.460Z","level":"INFO","device":"200000000006","event":"SERVER_ACK","detail":"0x8001 Universal Reply Received"}
{"ts":"2026-04-05T21:50:54.491Z","level":"INFO","device":"200000000004","event":"SERVER_ACK","detail":"0x8001 Universal Reply Received"}
{"ts":"2026-04-05T21:50:54.547Z","level":"INFO","device":"200000000008","event":"HEARTBEAT_SENT","detail":"0x0002"}
{"ts":"2026-04-05T21:50:54.553Z","level":"INFO","device":"200000000008","event":"OBD2_SENT_0x0200","detail":"Lat: 51.730042, Lng: 0.493190 | Speed: 32km/h | RPM: 2088"}
{"ts":"2026-04-05T21:50:54.598Z","level":"INFO","device":"200000000007","event":"SERVER_ACK","detail":"0x8001 Universal Reply Received"}
{"ts":"2026-04-05T21:50:54.608Z","level":"INFO","device":"200000000005","event":"SERVER_ACK","detail":"0x8001 Universal Reply Received"}
{"ts":"2026-04-05T21:50:54.697Z","level":"INFO","device":"200000000009","event":"HEARTBEAT_SENT","detail":"0x0002"}
{"ts":"2026-04-05T21:50:54.700Z","level":"INFO","device":"200000000009","event":"OBD2_SENT_0x0200","detail":"Lat: 51.731401, Lng: 0.491332 | Speed: 28km/h | RPM: 1917"}
{"ts":"2026-04-05T21:50:54.734Z","level":"INFO","device":"200000000008","event":"SERVER_ACK","detail":"0x8001 Universal Reply Received"}
{"ts":"2026-04-05T21:50:54.773Z","level":"INFO","device":"200000000006","event":"SERVER_ACK","detail":"0x8001 Universal Reply Received"}
{"ts":"2026-04-05T21:50:54.850Z","level":"INFO","device":"200000000010","event":"HEARTBEAT_SENT","detail":"0x0002"}
{"ts":"2026-04-05T21:50:54.855Z","level":"INFO","device":"200000000010","event":"OBD2_SENT_0x0200","detail":"Lat: 51.726460, Lng: 0.495742 | Speed: 40km/h | RPM: 2414"}
{"ts":"2026-04-05T21:50:54.908Z","level":"INFO","device":"200000000009","event":"SERVER_ACK","detail":"0x8001 Universal Reply Received"}
{"ts":"2026-04-05T21:50:54.917Z","level":"INFO","device":"200000000007","event":"SERVER_ACK","detail":"0x8001 Universal Reply Received"}
{"ts":"2026-04-05T21:50:55.027Z","level":"INFO","device":"200000000008","event":"SERVER_ACK","detail":"0x8001 Universal Reply Received"}
{"ts":"2026-04-05T21:50:55.070Z","level":"INFO","device":"200000000010","event":"SERVER_ACK","detail":"0x8001 Universal Reply Received"}
{"ts":"2026-04-05T21:50:55.237Z","level":"INFO","device":"200000000009","event":"SERVER_ACK","detail":"0x8001 Universal Reply Received"}
{"ts":"2026-04-05T21:50:55.401Z","level":"INFO","device":"200000000010","event":"SERVER_ACK","detail":"0x8001 Universal Reply Received"}
{"ts":"2026-04-05T21:51:03.540Z","level":"INFO","device":"868120018681","event":"GPS_SENT","detail":""}
{"ts":"2026-04-05T21:51:03.648Z","level":"INFO","device":"868120100002","event":"GPS_SENT","detail":""}
{"ts":"2026-04-05T21:51:03.797Z","level":"INFO","device":"868120100003","event":"GPS_SENT","detail":""}
{"ts":"2026-04-05T21:51:03.850Z","level":"INFO","device":"868120100002","event":"RX_MSG","detail":"0x8001 bodyLen=5"}
{"ts":"2026-04-05T21:51:03.850Z","level":"INFO","device":"868120100002","event":"SERVER_ACK","detail":"0x0200 result=OK"}
{"ts":"2026-04-05T21:51:03.954Z","level":"INFO","device":"868120100004","event":"GPS_SENT","detail":""}
{"ts":"2026-04-05T21:51:04.006Z","level":"INFO","device":"868120100003","event":"RX_MSG","detail":"0x8001 bodyLen=5"}
{"ts":"2026-04-05T21:51:04.006Z","level":"INFO","device":"868120100003","event":"SERVER_ACK","detail":"0x0200 result=OK"}
{"ts":"2026-04-05T21:51:04.112Z","level":"INFO","device":"868120100005","event":"GPS_SENT","detail":""}
{"ts":"2026-04-05T21:51:04.119Z","level":"INFO","device":"868120018681","event":"RX_MSG","detail":"0x8001 bodyLen=5"}
{"ts":"2026-04-05T21:51:04.120Z","level":"INFO","device":"868120018681","event":"SERVER_ACK","detail":"0x0200 result=OK"}
{"ts":"2026-04-05T21:51:04.171Z","level":"INFO","device":"868120100004","event":"RX_MSG","detail":"0x8001 bodyLen=5"}
{"ts":"2026-04-05T21:51:04.171Z","level":"INFO","device":"868120100004","event":"SERVER_ACK","detail":"0x0200 result=OK"}
{"ts":"2026-04-05T21:51:04.248Z","level":"INFO","device":"868120100006","event":"GPS_SENT","detail":""}
{"ts":"2026-04-05T21:51:04.321Z","level":"INFO","device":"868120100005","event":"RX_MSG","detail":"0x8001 bodyLen=5"}
{"ts":"2026-04-05T21:51:04.322Z","level":"INFO","device":"868120100005","event":"SERVER_ACK","detail":"0x0200 result=OK"}
{"ts":"2026-04-05T21:51:04.399Z","level":"INFO","device":"868120100007","event":"GPS_SENT","detail":""}
{"ts":"2026-04-05T21:51:04.457Z","level":"INFO","device":"868120100006","event":"RX_MSG","detail":"0x8001 bodyLen=5"}
{"ts":"2026-04-05T21:51:04.457Z","level":"INFO","device":"868120100006","event":"SERVER_ACK","detail":"0x0200 result=OK"}
{"ts":"2026-04-05T21:51:04.549Z","level":"INFO","device":"868120100008","event":"GPS_SENT","detail":""}
{"ts":"2026-04-05T21:51:04.599Z","level":"INFO","device":"868120100007","event":"RX_MSG","detail":"0x8001 bodyLen=5"}
{"ts":"2026-04-05T21:51:04.600Z","level":"INFO","device":"868120100007","event":"SERVER_ACK","detail":"0x0200 result=OK"}
{"ts":"2026-04-05T21:51:04.707Z","level":"INFO","device":"868120100009","event":"GPS_SENT","detail":""}
{"ts":"2026-04-05T21:51:04.751Z","level":"INFO","device":"868120100008","event":"RX_MSG","detail":"0x8001 bodyLen=5"}
{"ts":"2026-04-05T21:51:04.751Z","level":"INFO","device":"868120100008","event":"SERVER_ACK","detail":"0x0200 result=OK"}
{"ts":"2026-04-05T21:51:04.852Z","level":"INFO","device":"100000000010","event":"GPS_SENT","detail":""}
{"ts":"2026-04-05T21:51:04.909Z","level":"INFO","device":"868120100009","event":"RX_MSG","detail":"0x8001 bodyLen=5"}
{"ts":"2026-04-05T21:51:04.910Z","level":"INFO","device":"868120100009","event":"SERVER_ACK","detail":"0x0200 result=OK"}
{"ts":"2026-04-05T21:51:05.053Z","level":"INFO","device":"100000000010","event":"RX_MSG","detail":"0x8001 bodyLen=5"}
{"ts":"2026-04-05T21:51:05.053Z","level":"INFO","device":"100000000010","event":"SERVER_ACK","detail":"0x0200 result=OK"}
{"ts":"2026-04-05T21:51:08.558Z","level":"INFO","device":"200000000001","event":"OBD2_SENT_0x0200","detail":"Lat: 51.732828, Lng: 0.488016 | Speed: 10km/h | RPM: 1194"}
{"ts":"2026-04-05T21:51:08.653Z","level":"INFO","device":"200000000002","event":"OBD2_SENT_0x0200","detail":"Lat: 51.728865, Lng: 0.494365 | Speed: 29km/h | RPM: 1944"}
{"ts":"2026-04-05T21:51:08.756Z","level":"INFO","device":"200000000001","event":"SERVER_ACK","detail":"0x8001 Universal Reply Received"}
{"ts":"2026-04-05T21:51:08.803Z","level":"INFO","device":"200000000003","event":"OBD2_SENT_0x0200","detail":"Lat: 51.722698, Lng: 0.496861 | Speed: 45km/h | RPM: 2600"}
{"ts":"2026-04-05T21:51:08.862Z","level":"INFO","device":"200000000002","event":"SERVER_ACK","detail":"0x8001 Universal Reply Received"}
{"ts":"2026-04-05T21:51:08.954Z","level":"INFO","device":"200000000004","event":"OBD2_SENT_0x0200","detail":"Lat: 51.724441, Lng: 0.496248 | Speed: 45km/h | RPM: 2584"}
{"ts":"2026-04-05T21:51:09.006Z","level":"INFO","device":"200000000003","event":"SERVER_ACK","detail":"0x8001 Universal Reply Received"}
{"ts":"2026-04-05T21:51:09.102Z","level":"INFO","device":"200000000005","event":"OBD2_SENT_0x0200","detail":"Lat: 51.722003, Lng: 0.497198 | Speed: 50km/h | RPM: 2788"}
{"ts":"2026-04-05T21:51:09.166Z","level":"INFO","device":"200000000004","event":"SERVER_ACK","detail":"0x8001 Universal Reply Received"}
{"ts":"2026-04-05T21:51:09.252Z","level":"INFO","device":"200000000006","event":"OBD2_SENT_0x0200","detail":"Lat: 51.722615, Lng: 0.496894 | Speed: 50km/h | RPM: 2794"}
{"ts":"2026-04-05T21:51:09.306Z","level":"INFO","device":"200000000005","event":"SERVER_ACK","detail":"0x8001 Universal Reply Received"}
{"ts":"2026-04-05T21:51:09.401Z","level":"INFO","device":"200000000007","event":"OBD2_SENT_0x0200","detail":"Lat: 51.721240, Lng: 0.497616 | Speed: 65km/h | RPM: 3382"}
{"ts":"2026-04-05T21:51:09.465Z","level":"INFO","device":"200000000006","event":"SERVER_ACK","detail":"0x8001 Universal Reply Received"}
{"ts":"2026-04-05T21:51:09.553Z","level":"INFO","device":"200000000008","event":"OBD2_SENT_0x0200","detail":"Lat: 51.729107, Lng: 0.494149 | Speed: 29km/h | RPM: 1959"}
{"ts":"2026-04-05T21:51:09.604Z","level":"INFO","device":"200000000007","event":"SERVER_ACK","detail":"0x8001 Universal Reply Received"}
{"ts":"2026-04-05T21:51:09.701Z","level":"INFO","device":"200000000009","event":"OBD2_SENT_0x0200","detail":"Lat: 51.730761, Lng: 0.492307 | Speed: 23km/h | RPM: 1729"}
{"ts":"2026-04-05T21:51:09.741Z","level":"INFO","device":"200000000008","event":"SERVER_ACK","detail":"0x8001 Universal Reply Received"}
{"ts":"2026-04-05T21:51:09.856Z","level":"INFO","device":"200000000010","event":"OBD2_SENT_0x0200","detail":"Lat: 51.725120, Lng: 0.496096 | Speed: 36km/h | RPM: 2255"}
{"ts":"2026-04-05T21:51:09.914Z","level":"INFO","device":"200000000009","event":"SERVER_ACK","detail":"0x8001 Universal Reply Received"}
{"ts":"2026-04-05T21:51:10.075Z","level":"INFO","device":"200000000010","event":"SERVER_ACK","detail":"0x8001 Universal Reply Received"}
{"ts":"2026-04-05T21:51:23.533Z","level":"INFO","device":"200000000001","event":"HEARTBEAT_SENT","detail":"0x0002"}
{"ts":"2026-04-05T21:51:23.540Z","level":"INFO","device":"868120018681","event":"GPS_SENT","detail":""}
{"ts":"2026-04-05T21:51:23.558Z","level":"INFO","device":"200000000001","event":"OBD2_SENT_0x0200","detail":"Lat: 51.732614, Lng: 0.488659 | Speed: 12km/h | RPM: 1283"}
{"ts":"2026-04-05T21:51:23.645Z","level":"INFO","device":"200000000002","event":"DTC_SENT_0x0900","detail":"Injected Fault Code: P0420"}
{"ts":"2026-04-05T21:51:23.649Z","level":"INFO","device":"200000000002","event":"HEARTBEAT_SENT","detail":"0x0002"}
{"ts":"2026-04-05T21:51:23.649Z","level":"INFO","device":"868120100002","event":"GPS_SENT","detail":""}
{"ts":"2026-04-05T21:51:23.653Z","level":"INFO","device":"200000000002","event":"OBD2_SENT_0x0200","detail":"Lat: 51.728025, Lng: 0.494945 | Speed: 24km/h | RPM: 1753"}
{"ts":"2026-04-05T21:51:23.734Z","level":"INFO","device":"200000000001","event":"SERVER_ACK","detail":"0x8001 Universal Reply Received"}
{"ts":"2026-04-05T21:51:23.796Z","level":"INFO","device":"200000000003","event":"HEARTBEAT_SENT","detail":"0x0002"}
{"ts":"2026-04-05T21:51:23.798Z","level":"INFO","device":"868120100003","event":"GPS_SENT","detail":""}
{"ts":"2026-04-05T21:51:23.803Z","level":"INFO","device":"200000000003","event":"OBD2_SENT_0x0200","detail":"Lat: 51.721168, Lng: 0.497659 | Speed: 42km/h | RPM: 2482"}
{"ts":"2026-04-05T21:51:23.851Z","level":"INFO","device":"868120100002","event":"RX_MSG","detail":"0x8001 bodyLen=5"}
{"ts":"2026-04-05T21:51:23.851Z","level":"INFO","device":"868120100002","event":"SERVER_ACK","detail":"0x0200 result=OK"}
{"ts":"2026-04-05T21:51:23.861Z","level":"INFO","device":"200000000002","event":"SERVER_ACK","detail":"0x8001 Universal Reply Received"}
{"ts":"2026-04-05T21:51:23.948Z","level":"INFO","device":"200000000004","event":"HEARTBEAT_SENT","detail":"0x0002"}
{"ts":"2026-04-05T21:51:23.954Z","level":"INFO","device":"868120100004","event":"GPS_SENT","detail":""}
{"ts":"2026-04-05T21:51:23.955Z","level":"INFO","device":"200000000004","event":"OBD2_SENT_0x0200","detail":"Lat: 51.722775, Lng: 0.496830 | Speed: 45km/h | RPM: 2609"}
{"ts":"2026-04-05T21:51:23.998Z","level":"INFO","device":"200000000003","event":"SERVER_ACK","detail":"0x8001 Universal Reply Received"}
{"ts":"2026-04-05T21:51:24.007Z","level":"INFO","device":"868120100003","event":"RX_MSG","detail":"0x8001 bodyLen=5"}
{"ts":"2026-04-05T21:51:24.007Z","level":"INFO","device":"868120100003","event":"SERVER_ACK","detail":"0x0200 result=OK"}
{"ts":"2026-04-05T21:51:24.030Z","level":"INFO","device":"200000000001","event":"SERVER_ACK","detail":"0x8001 Universal Reply Received"}
{"ts":"2026-04-05T21:51:24.097Z","level":"INFO","device":"200000000005","event":"HEARTBEAT_SENT","detail":"0x0002"}
{"ts":"2026-04-05T21:51:24.103Z","level":"INFO","device":"200000000005","event":"OBD2_SENT_0x0200","detail":"Lat: 51.720147, Lng: 0.498362 | Speed: 52km/h | RPM: 2874"}
{"ts":"2026-04-05T21:51:24.113Z","level":"INFO","device":"868120100005","event":"GPS_SENT","detail":""}
{"ts":"2026-04-05T21:51:24.114Z","level":"INFO","device":"868120018681","event":"RX_MSG","detail":"0x8001 bodyLen=5"}
{"ts":"2026-04-05T21:51:24.114Z","level":"INFO","device":"868120018681","event":"SERVER_ACK","detail":"0x0200 result=OK"}
{"ts":"2026-04-05T21:51:24.159Z","level":"INFO","device":"200000000004","event":"SERVER_ACK","detail":"0x8001 Universal Reply Received"}
{"ts":"2026-04-05T21:51:24.170Z","level":"INFO","device":"200000000002","event":"SERVER_ACK","detail":"0x8001 Universal Reply Received"}
{"ts":"2026-04-05T21:51:24.170Z","level":"INFO","device":"868120100004","event":"RX_MSG","detail":"0x8001 bodyLen=5"}
{"ts":"2026-04-05T21:51:24.171Z","level":"INFO","device":"868120100004","event":"SERVER_ACK","detail":"0x0200 result=OK"}
{"ts":"2026-04-05T21:51:24.247Z","level":"INFO","device":"868120100006","event":"GPS_SENT","detail":""}
{"ts":"2026-04-05T21:51:24.247Z","level":"INFO","device":"200000000006","event":"HEARTBEAT_SENT","detail":"0x0002"}
{"ts":"2026-04-05T21:51:24.252Z","level":"INFO","device":"200000000006","event":"OBD2_SENT_0x0200","detail":"Lat: 51.720965, Lng: 0.497781 | Speed: 45km/h | RPM: 2615"}
{"ts":"2026-04-05T21:51:24.301Z","level":"INFO","device":"200000000005","event":"SERVER_ACK","detail":"0x8001 Universal Reply Received"}
{"ts":"2026-04-05T21:51:24.323Z","level":"INFO","device":"868120100005","event":"RX_MSG","detail":"0x8001 bodyLen=5"}
{"ts":"2026-04-05T21:51:24.323Z","level":"INFO","device":"868120100005","event":"SERVER_ACK","detail":"0x0200 result=OK"}
{"ts":"2026-04-05T21:51:24.349Z","level":"INFO","device":"200000000003","event":"SERVER_ACK","detail":"0x8001 Universal Reply Received"}
{"ts":"2026-04-05T21:51:24.397Z","level":"INFO","device":"200000000007","event":"HEARTBEAT_SENT","detail":"0x0002"}
{"ts":"2026-04-05T21:51:24.398Z","level":"INFO","device":"868120100007","event":"GPS_SENT","detail":""}
{"ts":"2026-04-05T21:51:24.400Z","level":"INFO","device":"200000000007","event":"OBD2_SENT_0x0200","detail":"Lat: 51.719134, Lng: 0.499318 | Speed: 61km/h | RPM: 3257"}
{"ts":"2026-04-05T21:51:24.457Z","level":"INFO","device":"868120100006","event":"RX_MSG","detail":"0x8001 bodyLen=5"}
{"ts":"2026-04-05T21:51:24.457Z","level":"INFO","device":"868120100006","event":"SERVER_ACK","detail":"0x0200 result=OK"}
{"ts":"2026-04-05T21:51:24.461Z","level":"INFO","device":"200000000006","event":"SERVER_ACK","detail":"0x8001 Universal Reply Received"}
{"ts":"2026-04-05T21:51:24.513Z","level":"INFO","device":"200000000004","event":"SERVER_ACK","detail":"0x8001 Universal Reply Received"}
{"ts":"2026-04-05T21:51:24.546Z","level":"INFO","device":"200000000008","event":"DTC_SENT_0x0900","detail":"Injected Fault Code: P0300"}
{"ts":"2026-04-05T21:51:24.548Z","level":"INFO","device":"200000000008","event":"HEARTBEAT_SENT","detail":"0x0002"}
{"ts":"2026-04-05T21:51:24.549Z","level":"INFO","device":"868120100008","event":"GPS_SENT","detail":""}
{"ts":"2026-04-05T21:51:24.553Z","level":"INFO","device":"200000000008","event":"OBD2_SENT_0x0200","detail":"Lat: 51.728168, Lng: 0.494859 | Speed: 27km/h | RPM: 1892"}
{"ts":"2026-04-05T21:51:24.599Z","level":"INFO","device":"200000000007","event":"SERVER_ACK","detail":"0x8001 Universal Reply Received"}
{"ts":"2026-04-05T21:51:24.601Z","level":"INFO","device":"868120100007","event":"RX_MSG","detail":"0x8001 bodyLen=5"}
{"ts":"2026-04-05T21:51:24.601Z","level":"INFO","device":"868120100007","event":"SERVER_ACK","detail":"0x0200 result=OK"}
{"ts":"2026-04-05T21:51:24.629Z","level":"INFO","device":"200000000005","event":"SERVER_ACK","detail":"0x8001 Universal Reply Received"}
{"ts":"2026-04-05T21:51:24.697Z","level":"INFO","device":"200000000009","event":"HEARTBEAT_SENT","detail":"0x0002"}
{"ts":"2026-04-05T21:51:24.701Z","level":"INFO","device":"200000000009","event":"OBD2_SENT_0x0200","detail":"Lat: 51.729939, Lng: 0.493306 | Speed: 26km/h | RPM: 1859"}
{"ts":"2026-04-05T21:51:24.707Z","level":"INFO","device":"868120100009","event":"GPS_SENT","detail":""}
{"ts":"2026-04-05T21:51:24.734Z","level":"INFO","device":"200000000008","event":"SERVER_ACK","detail":"0x8001 Universal Reply Received"}
{"ts":"2026-04-05T21:51:24.749Z","level":"INFO","device":"868120100008","event":"RX_MSG","detail":"0x8001 bodyLen=5"}
{"ts":"2026-04-05T21:51:24.750Z","level":"INFO","device":"868120100008","event":"SERVER_ACK","detail":"0x0200 result=OK"}
{"ts":"2026-04-05T21:51:24.795Z","level":"INFO","device":"200000000006","event":"SERVER_ACK","detail":"0x8001 Universal Reply Received"}
{"ts":"2026-04-05T21:51:24.849Z","level":"INFO","device":"200000000010","event":"HEARTBEAT_SENT","detail":"0x0002"}
{"ts":"2026-04-05T21:51:24.852Z","level":"INFO","device":"100000000010","event":"GPS_SENT","detail":""}
{"ts":"2026-04-05T21:51:24.856Z","level":"INFO","device":"200000000010","event":"OBD2_SENT_0x0200","detail":"Lat: 51.723872, Lng: 0.496418 | Speed: 34km/h | RPM: 2142"}
{"ts":"2026-04-05T21:51:24.907Z","level":"INFO","device":"200000000009","event":"SERVER_ACK","detail":"0x8001 Universal Reply Received"}
{"ts":"2026-04-05T21:51:24.908Z","level":"INFO","device":"868120100009","event":"RX_MSG","detail":"0x8001 bodyLen=5"}
{"ts":"2026-04-05T21:51:24.908Z","level":"INFO","device":"868120100009","event":"SERVER_ACK","detail":"0x0200 result=OK"}
{"ts":"2026-04-05T21:51:24.940Z","level":"INFO","device":"200000000007","event":"SERVER_ACK","detail":"0x8001 Universal Reply Received"}
{"ts":"2026-04-05T21:51:25.049Z","level":"INFO","device":"200000000008","event":"SERVER_ACK","detail":"0x8001 Universal Reply Received"}
{"ts":"2026-04-05T21:51:25.053Z","level":"INFO","device":"100000000010","event":"RX_MSG","detail":"0x8001 bodyLen=5"}
{"ts":"2026-04-05T21:51:25.054Z","level":"INFO","device":"100000000010","event":"SERVER_ACK","detail":"0x0200 result=OK"}
{"ts":"2026-04-05T21:51:25.072Z","level":"INFO","device":"200000000010","event":"SERVER_ACK","detail":"0x8001 Universal Reply Received"}
{"ts":"2026-04-05T21:51:25.260Z","level":"INFO","device":"200000000009","event":"SERVER_ACK","detail":"0x8001 Universal Reply Received"}
{"ts":"2026-04-05T21:51:25.423Z","level":"INFO","device":"200000000010","event":"SERVER_ACK","detail":"0x8001 Universal Reply Received"}
{"ts":"2026-04-05T21:51:38.572Z","level":"INFO","device":"200000000001","event":"OBD2_SENT_0x0200","detail":"Lat: 51.732374, Lng: 0.489316 | Speed: 14km/h | RPM: 1340"}
{"ts":"2026-04-05T21:51:38.654Z","level":"INFO","device":"200000000002","event":"OBD2_SENT_0x0200","detail":"Lat: 51.727347, Lng: 0.495326 | Speed: 19km/h | RPM: 1572"}
{"ts":"2026-04-05T21:51:38.769Z","level":"INFO","device":"200000000001","event":"SERVER_ACK","detail":"0x8001 Universal Reply Received"}
{"ts":"2026-04-05T21:51:38.804Z","level":"INFO","device":"200000000003","event":"OBD2_SENT_0x0200","detail":"Lat: 51.719572, Lng: 0.498831 | Speed: 46km/h | RPM: 2621"}
{"ts":"2026-04-05T21:51:38.865Z","level":"INFO","device":"200000000002","event":"SERVER_ACK","detail":"0x8001 Universal Reply Received"}
{"ts":"2026-04-05T21:51:38.956Z","level":"INFO","device":"200000000004","event":"OBD2_SENT_0x0200","detail":"Lat: 51.721237, Lng: 0.497618 | Speed: 42km/h | RPM: 2492"}
{"ts":"2026-04-05T21:51:39.009Z","level":"INFO","device":"200000000003","event":"SERVER_ACK","detail":"0x8001 Universal Reply Received"}
{"ts":"2026-04-05T21:51:39.104Z","level":"INFO","device":"200000000005","event":"OBD2_SENT_0x0200","detail":"Lat: 51.718599, Lng: 0.499952 | Speed: 50km/h | RPM: 2794"}
{"ts":"2026-04-05T21:51:39.169Z","level":"INFO","device":"200000000004","event":"SERVER_ACK","detail":"0x8001 Universal Reply Received"}
{"ts":"2026-04-05T21:51:39.252Z","level":"INFO","device":"200000000006","event":"OBD2_SENT_0x0200","detail":"Lat: 51.719498, Lng: 0.498913 | Speed: 42km/h | RPM: 2483"}
{"ts":"2026-04-05T21:51:39.308Z","level":"INFO","device":"200000000005","event":"SERVER_ACK","detail":"0x8001 Universal Reply Received"}
{"ts":"2026-04-05T21:51:39.400Z","level":"INFO","device":"200000000007","event":"OBD2_SENT_0x0200","detail":"Lat: 51.717486, Lng: 0.501827 | Speed: 60km/h | RPM: 3218"}
{"ts":"2026-04-05T21:51:39.466Z","level":"INFO","device":"200000000006","event":"SERVER_ACK","detail":"0x8001 Universal Reply Received"}
{"ts":"2026-04-05T21:51:39.554Z","level":"INFO","device":"200000000008","event":"OBD2_SENT_0x0200","detail":"Lat: 51.727251, Lng: 0.495375 | Speed: 26km/h | RPM: 1844"}
{"ts":"2026-04-05T21:51:39.604Z","level":"INFO","device":"200000000007","event":"SERVER_ACK","detail":"0x8001 Universal Reply Received"}
{"ts":"2026-04-05T21:51:39.701Z","level":"INFO","device":"200000000009","event":"OBD2_SENT_0x0200","detail":"Lat: 51.728947, Lng: 0.494292 | Speed: 30km/h | RPM: 2012"}
{"ts":"2026-04-05T21:51:39.744Z","level":"INFO","device":"200000000008","event":"SERVER_ACK","detail":"0x8001 Universal Reply Received"}
{"ts":"2026-04-05T21:51:39.857Z","level":"INFO","device":"200000000010","event":"OBD2_SENT_0x0200","detail":"Lat: 51.722815, Lng: 0.496814 | Speed: 29km/h | RPM: 1948"}
{"ts":"2026-04-05T21:51:39.913Z","level":"INFO","device":"200000000009","event":"SERVER_ACK","detail":"0x8001 Universal Reply Received"}
{"ts":"2026-04-05T21:51:40.077Z","level":"INFO","device":"200000000010","event":"SERVER_ACK","detail":"0x8001 Universal Reply Received"}
{"ts":"2026-04-05T21:51:43.544Z","level":"INFO","device":"868120018681","event":"GPS_SENT","detail":""}
{"ts":"2026-04-05T21:51:43.649Z","level":"INFO","device":"868120100002","event":"GPS_SENT","detail":""}
{"ts":"2026-04-05T21:51:43.748Z","level":"INFO","device":"868120018681","event":"RX_MSG","detail":"0x8001 bodyLen=5"}
{"ts":"2026-04-05T21:51:43.749Z","level":"INFO","device":"868120018681","event":"SERVER_ACK","detail":"0x0200 result=OK"}
{"ts":"2026-04-05T21:51:43.798Z","level":"INFO","device":"868120100003","event":"GPS_SENT","detail":""}
{"ts":"2026-04-05T21:51:43.850Z","level":"INFO","device":"868120100002","event":"RX_MSG","detail":"0x8001 bodyLen=5"}
{"ts":"2026-04-05T21:51:43.850Z","level":"INFO","device":"868120100002","event":"SERVER_ACK","detail":"0x0200 result=OK"}
{"ts":"2026-04-05T21:51:43.954Z","level":"INFO","device":"868120100004","event":"GPS_SENT","detail":""}
{"ts":"2026-04-05T21:51:44.008Z","level":"INFO","device":"868120100003","event":"RX_MSG","detail":"0x8001 bodyLen=5"}
{"ts":"2026-04-05T21:51:44.008Z","level":"INFO","device":"868120100003","event":"SERVER_ACK","detail":"0x0200 result=OK"}
{"ts":"2026-04-05T21:51:44.113Z","level":"INFO","device":"868120100005","event":"GPS_SENT","detail":""}
{"ts":"2026-04-05T21:51:44.171Z","level":"INFO","device":"868120100004","event":"RX_MSG","detail":"0x8001 bodyLen=5"}
{"ts":"2026-04-05T21:51:44.172Z","level":"INFO","device":"868120100004","event":"SERVER_ACK","detail":"0x0200 result=OK"}
{"ts":"2026-04-05T21:51:44.247Z","level":"INFO","device":"868120100006","event":"GPS_SENT","detail":""}
{"ts":"2026-04-05T21:51:44.323Z","level":"INFO","device":"868120100005","event":"RX_MSG","detail":"0x8001 bodyLen=5"}
{"ts":"2026-04-05T21:51:44.326Z","level":"INFO","device":"868120100005","event":"SERVER_ACK","detail":"0x0200 result=OK"}
{"ts":"2026-04-05T21:51:44.399Z","level":"INFO","device":"868120100007","event":"GPS_SENT","detail":""}
{"ts":"2026-04-05T21:51:44.458Z","level":"INFO","device":"868120100006","event":"RX_MSG","detail":"0x8001 bodyLen=5"}
{"ts":"2026-04-05T21:51:44.459Z","level":"INFO","device":"868120100006","event":"SERVER_ACK","detail":"0x0200 result=OK"}
{"ts":"2026-04-05T21:51:44.549Z","level":"INFO","device":"868120100008","event":"GPS_SENT","detail":""}
{"ts":"2026-04-05T21:51:44.600Z","level":"INFO","device":"868120100007","event":"RX_MSG","detail":"0x8001 bodyLen=5"}
{"ts":"2026-04-05T21:51:44.600Z","level":"INFO","device":"868120100007","event":"SERVER_ACK","detail":"0x0200 result=OK"}
{"ts":"2026-04-05T21:51:44.708Z","level":"INFO","device":"868120100009","event":"GPS_SENT","detail":""}
{"ts":"2026-04-05T21:51:44.751Z","level":"INFO","device":"868120100008","event":"RX_MSG","detail":"0x8001 bodyLen=5"}
{"ts":"2026-04-05T21:51:44.751Z","level":"INFO","device":"868120100008","event":"SERVER_ACK","detail":"0x0200 result=OK"}
{"ts":"2026-04-05T21:51:44.852Z","level":"INFO","device":"100000000010","event":"GPS_SENT","detail":""}
{"ts":"2026-04-05T21:51:44.911Z","level":"INFO","device":"868120100009","event":"RX_MSG","detail":"0x8001 bodyLen=5"}
{"ts":"2026-04-05T21:51:44.911Z","level":"INFO","device":"868120100009","event":"SERVER_ACK","detail":"0x0200 result=OK"}
{"ts":"2026-04-05T21:51:45.054Z","level":"INFO","device":"100000000010","event":"RX_MSG","detail":"0x8001 bodyLen=5"}
{"ts":"2026-04-05T21:51:45.054Z","level":"INFO","device":"100000000010","event":"SERVER_ACK","detail":"0x0200 result=OK"}
{"ts":"2026-04-05T21:51:53.541Z","level":"INFO","device":"200000000001","event":"HEARTBEAT_SENT","detail":"0x0002"}
{"ts":"2026-04-05T21:51:53.572Z","level":"INFO","device":"200000000001","event":"OBD2_SENT_0x0200","detail":"Lat: 51.732161, Lng: 0.489847 | Speed: 10km/h | RPM: 1218"}
{"ts":"2026-04-05T21:51:53.649Z","level":"INFO","device":"200000000002","event":"HEARTBEAT_SENT","detail":"0x0002"}
{"ts":"2026-04-05T21:51:53.654Z","level":"INFO","device":"200000000002","event":"OBD2_SENT_0x0200","detail":"Lat: 51.726493, Lng: 0.495732 | Speed: 24km/h | RPM: 1755"}
{"ts":"2026-04-05T21:51:53.742Z","level":"INFO","device":"200000000001","event":"SERVER_ACK","detail":"0x8001 Universal Reply Received"}
{"ts":"2026-04-05T21:51:53.796Z","level":"INFO","device":"200000000003","event":"HEARTBEAT_SENT","detail":"0x0002"}
{"ts":"2026-04-05T21:51:53.805Z","level":"INFO","device":"200000000003","event":"OBD2_SENT_0x0200","detail":"Lat: 51.718240, Lng: 0.500489 | Speed: 45km/h | RPM: 2601"}
{"ts":"2026-04-05T21:51:53.865Z","level":"INFO","device":"200000000002","event":"SERVER_ACK","detail":"0x8001 Universal Reply Received"}
{"ts":"2026-04-05T21:51:53.948Z","level":"INFO","device":"200000000004","event":"HEARTBEAT_SENT","detail":"0x0002"}
{"ts":"2026-04-05T21:51:53.956Z","level":"INFO","device":"200000000004","event":"OBD2_SENT_0x0200","detail":"Lat: 51.719807, Lng: 0.498634 | Speed: 41km/h | RPM: 2428"}
{"ts":"2026-04-05T21:51:53.999Z","level":"INFO","device":"200000000003","event":"SERVER_ACK","detail":"0x8001 Universal Reply Received"}
{"ts":"2026-04-05T21:51:54.045Z","level":"INFO","device":"200000000001","event":"SERVER_ACK","detail":"0x8001 Universal Reply Received"}
{"ts":"2026-04-05T21:51:54.098Z","level":"INFO","device":"200000000005","event":"HEARTBEAT_SENT","detail":"0x0002"}
{"ts":"2026-04-05T21:51:54.105Z","level":"INFO","device":"200000000005","event":"OBD2_SENT_0x0200","detail":"Lat: 51.717357, Lng: 0.502087 | Speed: 48km/h | RPM: 2724"}
{"ts":"2026-04-05T21:51:54.158Z","level":"INFO","device":"200000000004","event":"SERVER_ACK","detail":"0x8001 Universal Reply Received"}
{"ts":"2026-04-05T21:51:54.185Z","level":"INFO","device":"200000000002","event":"SERVER_ACK","detail":"0x8001 Universal Reply Received"}
{"ts":"2026-04-05T21:51:54.248Z","level":"INFO","device":"200000000006","event":"HEARTBEAT_SENT","detail":"0x0002"}
{"ts":"2026-04-05T21:51:54.252Z","level":"INFO","device":"200000000006","event":"OBD2_SENT_0x0200","detail":"Lat: 51.718371, Lng: 0.500294 | Speed: 38km/h | RPM: 2315"}
{"ts":"2026-04-05T21:51:54.300Z","level":"INFO","device":"200000000005","event":"SERVER_ACK","detail":"0x8001 Universal Reply Received"}
{"ts":"2026-04-05T21:51:54.333Z","level":"INFO","device":"200000000003","event":"SERVER_ACK","detail":"0x8001 Universal Reply Received"}
{"ts":"2026-04-05T21:51:54.398Z","level":"INFO","device":"200000000007","event":"HEARTBEAT_SENT","detail":"0x0002"}
{"ts":"2026-04-05T21:51:54.400Z","level":"INFO","device":"200000000007","event":"OBD2_SENT_0x0200","detail":"Lat: 51.716350, Lng: 0.504501 | Speed: 57km/h | RPM: 3072"}
{"ts":"2026-04-05T21:51:54.460Z","level":"INFO","device":"200000000006","event":"SERVER_ACK","detail":"0x8001 Universal Reply Received"}
{"ts":"2026-04-05T21:51:54.496Z","level":"INFO","device":"200000000004","event":"SERVER_ACK","detail":"0x8001 Universal Reply Received"}
{"ts":"2026-04-05T21:51:54.548Z","level":"INFO","device":"200000000008","event":"HEARTBEAT_SENT","detail":"0x0002"}
{"ts":"2026-04-05T21:51:54.554Z","level":"INFO","device":"200000000008","event":"OBD2_SENT_0x0200","detail":"Lat: 51.726343, Lng: 0.495777 | Speed: 25km/h | RPM: 1814"}
{"ts":"2026-04-05T21:51:54.599Z","level":"INFO","device":"200000000007","event":"SERVER_ACK","detail":"0x8001 Universal Reply Received"}
{"ts":"2026-04-05T21:51:54.613Z","level":"INFO","device":"200000000005","event":"SERVER_ACK","detail":"0x8001 Universal Reply Received"}
{"ts":"2026-04-05T21:51:54.697Z","level":"INFO","device":"200000000009","event":"HEARTBEAT_SENT","detail":"0x0002"}
{"ts":"2026-04-05T21:51:54.701Z","level":"INFO","device":"200000000009","event":"OBD2_SENT_0x0200","detail":"Lat: 51.727944, Lng: 0.494994 | Speed: 29km/h | RPM: 1942"}
{"ts":"2026-04-05T21:51:54.736Z","level":"INFO","device":"200000000008","event":"SERVER_ACK","detail":"0x8001 Universal Reply Received"}
{"ts":"2026-04-05T21:51:54.778Z","level":"INFO","device":"200000000006","event":"SERVER_ACK","detail":"0x8001 Universal Reply Received"}
{"ts":"2026-04-05T21:51:54.850Z","level":"INFO","device":"200000000010","event":"HEARTBEAT_SENT","detail":"0x0002"}
{"ts":"2026-04-05T21:51:54.857Z","level":"INFO","device":"200000000010","event":"OBD2_SENT_0x0200","detail":"Lat: 51.721709, Lng: 0.497345 | Speed: 30km/h | RPM: 2016"}
{"ts":"2026-04-05T21:51:54.908Z","level":"INFO","device":"200000000009","event":"SERVER_ACK","detail":"0x8001 Universal Reply Received"}
{"ts":"2026-04-05T21:51:54.923Z","level":"INFO","device":"200000000007","event":"SERVER_ACK","detail":"0x8001 Universal Reply Received"}
{"ts":"2026-04-05T21:51:55.032Z","level":"INFO","device":"200000000008","event":"SERVER_ACK","detail":"0x8001 Universal Reply Received"}
{"ts":"2026-04-05T21:51:55.072Z","level":"INFO","device":"200000000010","event":"SERVER_ACK","detail":"0x8001 Universal Reply Received"}
{"ts":"2026-04-05T21:51:55.243Z","level":"INFO","device":"200000000009","event":"SERVER_ACK","detail":"0x8001 Universal Reply Received"}
{"ts":"2026-04-05T21:51:55.406Z","level":"INFO","device":"200000000010","event":"SERVER_ACK","detail":"0x8001 Universal Reply Received"}
{"ts":"2026-04-05T21:52:03.550Z","level":"INFO","device":"868120018681","event":"GPS_SENT","detail":""}
{"ts":"2026-04-05T21:52:03.649Z","level":"INFO","device":"868120100002","event":"GPS_SENT","detail":""}
{"ts":"2026-04-05T21:52:03.753Z","level":"INFO","device":"868120018681","event":"RX_MSG","detail":"0x8001 bodyLen=5"}
{"ts":"2026-04-05T21:52:03.753Z","level":"INFO","device":"868120018681","event":"SERVER_ACK","detail":"0x0200 result=OK"}
{"ts":"2026-04-05T21:52:03.798Z","level":"INFO","device":"868120100003","event":"GPS_SENT","detail":""}
{"ts":"2026-04-05T21:52:03.850Z","level":"INFO","device":"868120100002","event":"RX_MSG","detail":"0x8001 bodyLen=5"}
{"ts":"2026-04-05T21:52:03.851Z","level":"INFO","device":"868120100002","event":"SERVER_ACK","detail":"0x0200 result=OK"}
{"ts":"2026-04-05T21:52:03.955Z","level":"INFO","device":"868120100004","event":"GPS_SENT","detail":""}
{"ts":"2026-04-05T21:52:04.007Z","level":"INFO","device":"868120100003","event":"RX_MSG","detail":"0x8001 bodyLen=5"}
{"ts":"2026-04-05T21:52:04.007Z","level":"INFO","device":"868120100003","event":"SERVER_ACK","detail":"0x0200 result=OK"}
{"ts":"2026-04-05T21:52:04.114Z","level":"INFO","device":"868120100005","event":"GPS_SENT","detail":""}
{"ts":"2026-04-05T21:52:04.171Z","level":"INFO","device":"868120100004","event":"RX_MSG","detail":"0x8001 bodyLen=5"}
{"ts":"2026-04-05T21:52:04.172Z","level":"INFO","device":"868120100004","event":"SERVER_ACK","detail":"0x0200 result=OK"}
{"ts":"2026-04-05T21:52:04.248Z","level":"INFO","device":"868120100006","event":"GPS_SENT","detail":""}
{"ts":"2026-04-05T21:52:04.323Z","level":"INFO","device":"868120100005","event":"RX_MSG","detail":"0x8001 bodyLen=5"}
{"ts":"2026-04-05T21:52:04.324Z","level":"INFO","device":"868120100005","event":"SERVER_ACK","detail":"0x0200 result=OK"}
{"ts":"2026-04-05T21:52:04.399Z","level":"INFO","device":"868120100007","event":"GPS_SENT","detail":""}
{"ts":"2026-04-05T21:52:04.457Z","level":"INFO","device":"868120100006","event":"RX_MSG","detail":"0x8001 bodyLen=5"}
{"ts":"2026-04-05T21:52:04.458Z","level":"INFO","device":"868120100006","event":"SERVER_ACK","detail":"0x0200 result=OK"}
{"ts":"2026-04-05T21:52:04.549Z","level":"INFO","device":"868120100008","event":"GPS_SENT","detail":""}
{"ts":"2026-04-05T21:52:04.601Z","level":"INFO","device":"868120100007","event":"RX_MSG","detail":"0x8001 bodyLen=5"}
{"ts":"2026-04-05T21:52:04.601Z","level":"INFO","device":"868120100007","event":"SERVER_ACK","detail":"0x0200 result=OK"}
{"ts":"2026-04-05T21:52:04.709Z","level":"INFO","device":"868120100009","event":"GPS_SENT","detail":""}
{"ts":"2026-04-05T21:52:04.750Z","level":"INFO","device":"868120100008","event":"RX_MSG","detail":"0x8001 bodyLen=5"}
{"ts":"2026-04-05T21:52:04.751Z","level":"INFO","device":"868120100008","event":"SERVER_ACK","detail":"0x0200 result=OK"}
{"ts":"2026-04-05T21:52:04.852Z","level":"INFO","device":"100000000010","event":"GPS_SENT","detail":""}
{"ts":"2026-04-05T21:52:04.911Z","level":"INFO","device":"868120100009","event":"RX_MSG","detail":"0x8001 bodyLen=5"}
{"ts":"2026-04-05T21:52:04.911Z","level":"INFO","device":"868120100009","event":"SERVER_ACK","detail":"0x0200 result=OK"}
{"ts":"2026-04-05T21:52:05.053Z","level":"INFO","device":"100000000010","event":"RX_MSG","detail":"0x8001 bodyLen=5"}
{"ts":"2026-04-05T21:52:05.054Z","level":"INFO","device":"100000000010","event":"SERVER_ACK","detail":"0x0200 result=OK"}
{"ts":"2026-04-05T21:52:08.576Z","level":"INFO","device":"200000000001","event":"OBD2_SENT_0x0200","detail":"Lat: 51.731980, Lng: 0.490241 | Speed: 8km/h | RPM: 1110"}
{"ts":"2026-04-05T21:52:08.654Z","level":"INFO","device":"200000000002","event":"OBD2_SENT_0x0200","detail":"Lat: 51.725650, Lng: 0.495985 | Speed: 23km/h | RPM: 1715"}
{"ts":"2026-04-05T21:52:08.771Z","level":"INFO","device":"200000000001","event":"SERVER_ACK","detail":"0x8001 Universal Reply Received"}
{"ts":"2026-04-05T21:52:08.805Z","level":"INFO","device":"200000000003","event":"OBD2_SENT_0x0200","detail":"Lat: 51.717153, Lng: 0.502509 | Speed: 44km/h | RPM: 2553"}
{"ts":"2026-04-05T21:52:08.865Z","level":"INFO","device":"200000000002","event":"SERVER_ACK","detail":"0x8001 Universal Reply Received"}
{"ts":"2026-04-05T21:52:08.956Z","level":"INFO","device":"200000000004","event":"OBD2_SENT_0x0200","detail":"Lat: 51.718578, Lng: 0.499983 | Speed: 40km/h | RPM: 2420"}
{"ts":"2026-04-05T21:52:09.007Z","level":"INFO","device":"200000000003","event":"SERVER_ACK","detail":"0x8001 Universal Reply Received"}
{"ts":"2026-04-05T21:52:09.106Z","level":"INFO","device":"200000000005","event":"OBD2_SENT_0x0200","detail":"Lat: 51.716349, Lng: 0.504503 | Speed: 51km/h | RPM: 2854"}
{"ts":"2026-04-05T21:52:09.168Z","level":"INFO","device":"200000000004","event":"SERVER_ACK","detail":"0x8001 Universal Reply Received"}
{"ts":"2026-04-05T21:52:09.252Z","level":"INFO","device":"200000000006","event":"OBD2_SENT_0x0200","detail":"Lat: 51.717318, Lng: 0.502163 | Speed: 41km/h | RPM: 2454"}
{"ts":"2026-04-05T21:52:09.309Z","level":"INFO","device":"200000000005","event":"SERVER_ACK","detail":"0x8001 Universal Reply Received"}
{"ts":"2026-04-05T21:52:09.400Z","level":"INFO","device":"200000000007","event":"OBD2_SENT_0x0200","detail":"Lat: 51.715405, Lng: 0.507634 | Speed: 60km/h | RPM: 3192"}
{"ts":"2026-04-05T21:52:09.465Z","level":"INFO","device":"200000000006","event":"SERVER_ACK","detail":"0x8001 Universal Reply Received"}
{"ts":"2026-04-05T21:52:09.554Z","level":"INFO","device":"200000000008","event":"OBD2_SENT_0x0200","detail":"Lat: 51.725509, Lng: 0.496018 | Speed: 23km/h | RPM: 1706"}
{"ts":"2026-04-05T21:52:09.616Z","level":"INFO","device":"200000000007","event":"SERVER_ACK","detail":"0x8001 Universal Reply Received"}
{"ts":"2026-04-05T21:52:09.702Z","level":"INFO","device":"200000000009","event":"OBD2_SENT_0x0200","detail":"Lat: 51.727068, Lng: 0.495466 | Speed: 25km/h | RPM: 1798"}
{"ts":"2026-04-05T21:52:09.740Z","level":"INFO","device":"200000000008","event":"SERVER_ACK","detail":"0x8001 Universal Reply Received"}
{"ts":"2026-04-05T21:52:09.857Z","level":"INFO","device":"200000000010","event":"OBD2_SENT_0x0200","detail":"Lat: 51.720775, Lng: 0.497895 | Speed: 26km/h | RPM: 1844"}
{"ts":"2026-04-05T21:52:09.912Z","level":"INFO","device":"200000000009","event":"SERVER_ACK","detail":"0x8001 Universal Reply Received"}
{"ts":"2026-04-05T21:52:10.081Z","level":"INFO","device":"200000000010","event":"SERVER_ACK","detail":"0x8001 Universal Reply Received"}
{"ts":"2026-04-05T21:52:23.541Z","level":"INFO","device":"200000000001","event":"HEARTBEAT_SENT","detail":"0x0002"}
{"ts":"2026-04-05T21:52:23.550Z","level":"INFO","device":"868120018681","event":"GPS_SENT","detail":""}
{"ts":"2026-04-05T21:52:23.576Z","level":"INFO","device":"200000000001","event":"OBD2_SENT_0x0200","detail":"Lat: 51.731734, Lng: 0.490732 | Speed: 10km/h | RPM: 1217"}
{"ts":"2026-04-05T21:52:23.649Z","level":"INFO","device":"868120100002","event":"GPS_SENT","detail":""}
{"ts":"2026-04-05T21:52:23.650Z","level":"INFO","device":"200000000002","event":"HEARTBEAT_SENT","detail":"0x0002"}
{"ts":"2026-04-05T21:52:23.654Z","level":"INFO","device":"200000000002","event":"OBD2_SENT_0x0200","detail":"Lat: 51.724924, Lng: 0.496135 | Speed: 20km/h | RPM: 1589"}
{"ts":"2026-04-05T21:52:23.723Z","level":"ERROR","device":"300000000001","event":"SOCKET_ERROR","detail":"ECONNREFUSED"}
{"ts":"2026-04-05T21:52:23.735Z","level":"INFO","device":"200000000001","event":"SERVER_ACK","detail":"0x8001 Universal Reply Received"}
{"ts":"2026-04-05T21:52:23.754Z","level":"INFO","device":"868120018681","event":"RX_MSG","detail":"0x8001 bodyLen=5"}
{"ts":"2026-04-05T21:52:23.754Z","level":"INFO","device":"868120018681","event":"SERVER_ACK","detail":"0x0200 result=OK"}
{"ts":"2026-04-05T21:52:23.796Z","level":"INFO","device":"200000000003","event":"HEARTBEAT_SENT","detail":"0x0002"}
{"ts":"2026-04-05T21:52:23.798Z","level":"INFO","device":"868120100003","event":"GPS_SENT","detail":""}
{"ts":"2026-04-05T21:52:23.805Z","level":"INFO","device":"200000000003","event":"OBD2_SENT_0x0200","detail":"Lat: 51.716357, Lng: 0.504480 | Speed: 40km/h | RPM: 2385"}
{"ts":"2026-04-05T21:52:23.847Z","level":"ERROR","device":"300000000002","event":"SOCKET_ERROR","detail":"ECONNREFUSED"}
{"ts":"2026-04-05T21:52:23.850Z","level":"INFO","device":"868120100002","event":"RX_MSG","detail":"0x8001 bodyLen=5"}
{"ts":"2026-04-05T21:52:23.851Z","level":"INFO","device":"868120100002","event":"SERVER_ACK","detail":"0x0200 result=OK"}
{"ts":"2026-04-05T21:52:23.860Z","level":"INFO","device":"200000000002","event":"SERVER_ACK","detail":"0x8001 Universal Reply Received"}
{"ts":"2026-04-05T21:52:23.948Z","level":"INFO","device":"200000000004","event":"HEARTBEAT_SENT","detail":"0x0002"}
{"ts":"2026-04-05T21:52:23.955Z","level":"INFO","device":"868120100004","event":"GPS_SENT","detail":""}
{"ts":"2026-04-05T21:52:23.956Z","level":"INFO","device":"200000000004","event":"OBD2_SENT_0x0200","detail":"Lat: 51.717405, Lng: 0.501990 | Speed: 45km/h | RPM: 2612"}
{"ts":"2026-04-05T21:52:23.997Z","level":"ERROR","device":"300000000003","event":"SOCKET_ERROR","detail":"ECONNREFUSED"}
{"ts":"2026-04-05T21:52:23.998Z","level":"INFO","device":"200000000003","event":"SERVER_ACK","detail":"0x8001 Universal Reply Received"}
{"ts":"2026-04-05T21:52:24.007Z","level":"INFO","device":"868120100003","event":"RX_MSG","detail":"0x8001 bodyLen=5"}
{"ts":"2026-04-05T21:52:24.007Z","level":"INFO","device":"868120100003","event":"SERVER_ACK","detail":"0x0200 result=OK"}
{"ts":"2026-04-05T21:52:24.057Z","level":"INFO","device":"200000000001","event":"SERVER_ACK","detail":"0x8001 Universal Reply Received"}
{"ts":"2026-04-05T21:52:24.098Z","level":"INFO","device":"200000000005","event":"HEARTBEAT_SENT","detail":"0x0002"}
{"ts":"2026-04-05T21:52:24.106Z","level":"INFO","device":"200000000005","event":"OBD2_SENT_0x0200","detail":"Lat: 51.715462, Lng: 0.507435 | Speed: 56km/h | RPM: 3038"}
{"ts":"2026-04-05T21:52:24.113Z","level":"INFO","device":"868120100005","event":"GPS_SENT","detail":""}
{"ts":"2026-04-05T21:52:24.147Z","level":"ERROR","device":"300000000004","event":"SOCKET_ERROR","detail":"ECONNREFUSED"}
{"ts":"2026-04-05T21:52:24.158Z","level":"INFO","device":"200000000004","event":"SERVER_ACK","detail":"0x8001 Universal Reply Received"}
{"ts":"2026-04-05T21:52:24.172Z","level":"INFO","device":"868120100004","event":"RX_MSG","detail":"0x8001 bodyLen=5"}
{"ts":"2026-04-05T21:52:24.173Z","level":"INFO","device":"868120100004","event":"SERVER_ACK","detail":"0x0200 result=OK"}
{"ts":"2026-04-05T21:52:24.197Z","level":"INFO","device":"200000000002","event":"SERVER_ACK","detail":"0x8001 Universal Reply Received"}
{"ts":"2026-04-05T21:52:24.247Z","level":"INFO","device":"868120100006","event":"GPS_SENT","detail":""}
{"ts":"2026-04-05T21:52:24.248Z","level":"INFO","device":"200000000006","event":"HEARTBEAT_SENT","detail":"0x0002"}
{"ts":"2026-04-05T21:52:24.253Z","level":"INFO","device":"200000000006","event":"OBD2_SENT_0x0200","detail":"Lat: 51.716551, Lng: 0.503936 | Speed: 38km/h | RPM: 2306"}
{"ts":"2026-04-05T21:52:24.286Z","level":"ERROR","device":"300000000005","event":"SOCKET_ERROR","detail":"ECONNREFUSED"}
{"ts":"2026-04-05T21:52:24.301Z","level":"INFO","device":"200000000005","event":"SERVER_ACK","detail":"0x8001 Universal Reply Received"}
{"ts":"2026-04-05T21:52:24.324Z","level":"INFO","device":"868120100005","event":"RX_MSG","detail":"0x8001 bodyLen=5"}
{"ts":"2026-04-05T21:52:24.324Z","level":"INFO","device":"868120100005","event":"SERVER_ACK","detail":"0x0200 result=OK"}
{"ts":"2026-04-05T21:52:24.345Z","level":"INFO","device":"200000000003","event":"SERVER_ACK","detail":"0x8001 Universal Reply Received"}
{"ts":"2026-04-05T21:52:24.398Z","level":"INFO","device":"200000000007","event":"HEARTBEAT_SENT","detail":"0x0002"}
{"ts":"2026-04-05T21:52:24.398Z","level":"INFO","device":"868120100007","event":"GPS_SENT","detail":""}
{"ts":"2026-04-05T21:52:24.400Z","level":"INFO","device":"200000000007","event":"OBD2_SENT_0x0200","detail":"Lat: 51.714726, Lng: 0.510680 | Speed: 55km/h | RPM: 3018"}
{"ts":"2026-04-05T21:52:24.428Z","level":"ERROR","device":"300000000006","event":"SOCKET_ERROR","detail":"ECONNREFUSED"}
{"ts":"2026-04-05T21:52:24.457Z","level":"INFO","device":"868120100006","event":"RX_MSG","detail":"0x8001 bodyLen=5"}
{"ts":"2026-04-05T21:52:24.457Z","level":"INFO","device":"868120100006","event":"SERVER_ACK","detail":"0x0200 result=OK"}
{"ts":"2026-04-05T21:52:24.460Z","level":"INFO","device":"200000000006","event":"SERVER_ACK","detail":"0x8001 Universal Reply Received"}
{"ts":"2026-04-05T21:52:24.509Z","level":"INFO","device":"200000000004","event":"SERVER_ACK","detail":"0x8001 Universal Reply Received"}
{"ts":"2026-04-05T21:52:24.548Z","level":"INFO","device":"200000000008","event":"HEARTBEAT_SENT","detail":"0x0002"}
{"ts":"2026-04-05T21:52:24.549Z","level":"INFO","device":"868120100008","event":"GPS_SENT","detail":""}
{"ts":"2026-04-05T21:52:24.554Z","level":"INFO","device":"200000000008","event":"OBD2_SENT_0x0200","detail":"Lat: 51.724851, Lng: 0.496150 | Speed: 18km/h | RPM: 1507"}
{"ts":"2026-04-05T21:52:24.599Z","level":"INFO","device":"200000000007","event":"SERVER_ACK","detail":"0x8001 Universal Reply Received"}
{"ts":"2026-04-05T21:52:24.599Z","level":"INFO","device":"868120100007","event":"RX_MSG","detail":"0x8001 bodyLen=5"}
{"ts":"2026-04-05T21:52:24.600Z","level":"INFO","device":"868120100007","event":"SERVER_ACK","detail":"0x0200 result=OK"}
{"ts":"2026-04-05T21:52:24.604Z","level":"ERROR","device":"300000000007","event":"SOCKET_ERROR","detail":"ECONNREFUSED"}
{"ts":"2026-04-05T21:52:24.626Z","level":"INFO","device":"200000000005","event":"SERVER_ACK","detail":"0x8001 Universal Reply Received"}
{"ts":"2026-04-05T21:52:24.697Z","level":"INFO","device":"200000000009","event":"HEARTBEAT_SENT","detail":"0x0002"}
{"ts":"2026-04-05T21:52:24.703Z","level":"INFO","device":"200000000009","event":"OBD2_SENT_0x0200","detail":"Lat: 51.726192, Lng: 0.495822 | Speed: 24km/h | RPM: 1778"}
{"ts":"2026-04-05T21:52:24.709Z","level":"INFO","device":"868120100009","event":"GPS_SENT","detail":""}
{"ts":"2026-04-05T21:52:24.733Z","level":"INFO","device":"200000000008","event":"SERVER_ACK","detail":"0x8001 Universal Reply Received"}
{"ts":"2026-04-05T21:52:24.751Z","level":"INFO","device":"868120100008","event":"RX_MSG","detail":"0x8001 bodyLen=5"}
{"ts":"2026-04-05T21:52:24.751Z","level":"INFO","device":"868120100008","event":"SERVER_ACK","detail":"0x0200 result=OK"}
{"ts":"2026-04-05T21:52:24.755Z","level":"ERROR","device":"300000000008","event":"SOCKET_ERROR","detail":"ECONNREFUSED"}
{"ts":"2026-04-05T21:52:24.791Z","level":"INFO","device":"200000000006","event":"SERVER_ACK","detail":"0x8001 Universal Reply Received"}
{"ts":"2026-04-05T21:52:24.850Z","level":"INFO","device":"200000000010","event":"HEARTBEAT_SENT","detail":"0x0002"}
{"ts":"2026-04-05T21:52:24.852Z","level":"INFO","device":"100000000010","event":"GPS_SENT","detail":""}
{"ts":"2026-04-05T21:52:24.857Z","level":"INFO","device":"200000000010","event":"OBD2_SENT_0x0200","detail":"Lat: 51.719911, Lng: 0.498551 | Speed: 25km/h | RPM: 1783"}
{"ts":"2026-04-05T21:52:24.908Z","level":"INFO","device":"200000000009","event":"SERVER_ACK","detail":"0x8001 Universal Reply Received"}
{"ts":"2026-04-05T21:52:24.910Z","level":"INFO","device":"868120100009","event":"RX_MSG","detail":"0x8001 bodyLen=5"}
{"ts":"2026-04-05T21:52:24.910Z","level":"INFO","device":"868120100009","event":"SERVER_ACK","detail":"0x0200 result=OK"}
{"ts":"2026-04-05T21:52:24.913Z","level":"ERROR","device":"300000000009","event":"SOCKET_ERROR","detail":"ECONNREFUSED"}
{"ts":"2026-04-05T21:52:24.936Z","level":"INFO","device":"200000000007","event":"SERVER_ACK","detail":"0x8001 Universal Reply Received"}
{"ts":"2026-04-05T21:52:25.033Z","level":"ERROR","device":"300000000010","event":"SOCKET_ERROR","detail":"ECONNREFUSED"}
{"ts":"2026-04-05T21:52:25.045Z","level":"INFO","device":"200000000008","event":"SERVER_ACK","detail":"0x8001 Universal Reply Received"}
{"ts":"2026-04-05T21:52:25.053Z","level":"INFO","device":"100000000010","event":"RX_MSG","detail":"0x8001 bodyLen=5"}
{"ts":"2026-04-05T21:52:25.053Z","level":"INFO","device":"100000000010","event":"SERVER_ACK","detail":"0x0200 result=OK"}
{"ts":"2026-04-05T21:52:25.068Z","level":"INFO","device":"200000000010","event":"SERVER_ACK","detail":"0x8001 Universal Reply Received"}
{"ts":"2026-04-05T21:52:25.256Z","level":"INFO","device":"200000000009","event":"SERVER_ACK","detail":"0x8001 Universal Reply Received"}
{"ts":"2026-04-05T21:52:25.419Z","level":"INFO","device":"200000000010","event":"SERVER_ACK","detail":"0x8001 Universal Reply Received"}
{"ts":"2026-04-05T21:52:38.586Z","level":"INFO","device":"200000000001","event":"OBD2_SENT_0x0200","detail":"Lat: 51.731418, Lng: 0.491304 | Speed: 12km/h | RPM: 1286"}
{"ts":"2026-04-05T21:52:38.654Z","level":"INFO","device":"200000000002","event":"OBD2_SENT_0x0200","detail":"Lat: 51.724165, Lng: 0.496330 | Speed: 20km/h | RPM: 1616"}
{"ts":"2026-04-05T21:52:38.783Z","level":"INFO","device":"200000000001","event":"SERVER_ACK","detail":"0x8001 Universal Reply Received"}
{"ts":"2026-04-05T21:52:38.806Z","level":"INFO","device":"200000000003","event":"OBD2_SENT_0x0200","detail":"Lat: 51.715665, Lng: 0.506722 | Speed: 43km/h | RPM: 2512"}
{"ts":"2026-04-05T21:52:38.867Z","level":"INFO","device":"200000000002","event":"SERVER_ACK","detail":"0x8001 Universal Reply Received"}
{"ts":"2026-04-05T21:52:38.956Z","level":"INFO","device":"200000000004","event":"OBD2_SENT_0x0200","detail":"Lat: 51.716522, Lng: 0.504019 | Speed: 43km/h | RPM: 2525"}
{"ts":"2026-04-05T21:52:39.010Z","level":"INFO","device":"200000000003","event":"SERVER_ACK","detail":"0x8001 Universal Reply Received"}
{"ts":"2026-04-05T21:52:39.107Z","level":"INFO","device":"200000000005","event":"OBD2_SENT_0x0200","detail":"Lat: 51.714759, Lng: 0.510525 | Speed: 56km/h | RPM: 3051"}
{"ts":"2026-04-05T21:52:39.168Z","level":"INFO","device":"200000000004","event":"SERVER_ACK","detail":"0x8001 Universal Reply Received"}
{"ts":"2026-04-05T21:52:39.254Z","level":"INFO","device":"200000000006","event":"OBD2_SENT_0x0200","detail":"Lat: 51.715941, Lng: 0.505755 | Speed: 35km/h | RPM: 2189"}
{"ts":"2026-04-05T21:52:39.314Z","level":"INFO","device":"200000000005","event":"SERVER_ACK","detail":"0x8001 Universal Reply Received"}
{"ts":"2026-04-05T21:52:39.402Z","level":"INFO","device":"200000000007","event":"OBD2_SENT_0x0200","detail":"Lat: 51.714164, Lng: 0.513850 | Speed: 55km/h | RPM: 3019"}
{"ts":"2026-04-05T21:52:39.474Z","level":"INFO","device":"200000000006","event":"SERVER_ACK","detail":"0x8001 Universal Reply Received"}
{"ts":"2026-04-05T21:52:39.554Z","level":"INFO","device":"200000000008","event":"OBD2_SENT_0x0200","detail":"Lat: 51.724094, Lng: 0.496352 | Speed: 20km/h | RPM: 1615"}
{"ts":"2026-04-05T21:52:39.604Z","level":"INFO","device":"200000000007","event":"SERVER_ACK","detail":"0x8001 Universal Reply Received"}
{"ts":"2026-04-05T21:52:39.703Z","level":"INFO","device":"200000000009","event":"OBD2_SENT_0x0200","detail":"Lat: 51.725171, Lng: 0.496086 | Speed: 28km/h | RPM: 1909"}
{"ts":"2026-04-05T21:52:39.742Z","level":"INFO","device":"200000000008","event":"SERVER_ACK","detail":"0x8001 Universal Reply Received"}
{"ts":"2026-04-05T21:52:39.858Z","level":"INFO","device":"200000000010","event":"OBD2_SENT_0x0200","detail":"Lat: 51.719058, Lng: 0.499402 | Speed: 27km/h | RPM: 1888"}
{"ts":"2026-04-05T21:52:39.913Z","level":"INFO","device":"200000000009","event":"SERVER_ACK","detail":"0x8001 Universal Reply Received"}
{"ts":"2026-04-05T21:52:40.077Z","level":"INFO","device":"200000000010","event":"SERVER_ACK","detail":"0x8001 Universal Reply Received"}
{"ts":"2026-04-05T21:52:43.554Z","level":"INFO","device":"868120018681","event":"GPS_SENT","detail":""}
{"ts":"2026-04-05T21:52:43.650Z","level":"INFO","device":"868120100002","event":"GPS_SENT","detail":""}
{"ts":"2026-04-05T21:52:43.757Z","level":"INFO","device":"868120018681","event":"RX_MSG","detail":"0x8001 bodyLen=5"}
{"ts":"2026-04-05T21:52:43.757Z","level":"INFO","device":"868120018681","event":"SERVER_ACK","detail":"0x0200 result=OK"}
{"ts":"2026-04-05T21:52:43.798Z","level":"INFO","device":"868120100003","event":"GPS_SENT","detail":""}
{"ts":"2026-04-05T21:52:43.852Z","level":"INFO","device":"868120100002","event":"RX_MSG","detail":"0x8001 bodyLen=5"}
{"ts":"2026-04-05T21:52:43.852Z","level":"INFO","device":"868120100002","event":"SERVER_ACK","detail":"0x0200 result=OK"}
{"ts":"2026-04-05T21:52:43.955Z","level":"INFO","device":"868120100004","event":"GPS_SENT","detail":""}
{"ts":"2026-04-05T21:52:44.008Z","level":"INFO","device":"868120100003","event":"RX_MSG","detail":"0x8001 bodyLen=5"}
{"ts":"2026-04-05T21:52:44.008Z","level":"INFO","device":"868120100003","event":"SERVER_ACK","detail":"0x0200 result=OK"}
{"ts":"2026-04-05T21:52:44.114Z","level":"INFO","device":"868120100005","event":"GPS_SENT","detail":""}
{"ts":"2026-04-05T21:52:44.173Z","level":"INFO","device":"868120100004","event":"RX_MSG","detail":"0x8001 bodyLen=5"}
{"ts":"2026-04-05T21:52:44.173Z","level":"INFO","device":"868120100004","event":"SERVER_ACK","detail":"0x0200 result=OK"}
{"ts":"2026-04-05T21:52:44.247Z","level":"INFO","device":"868120100006","event":"GPS_SENT","detail":""}
{"ts":"2026-04-05T21:52:44.324Z","level":"INFO","device":"868120100005","event":"RX_MSG","detail":"0x8001 bodyLen=5"}
{"ts":"2026-04-05T21:52:44.324Z","level":"INFO","device":"868120100005","event":"SERVER_ACK","detail":"0x0200 result=OK"}
{"ts":"2026-04-05T21:52:44.399Z","level":"INFO","device":"868120100007","event":"GPS_SENT","detail":""}
{"ts":"2026-04-05T21:52:44.457Z","level":"INFO","device":"868120100006","event":"RX_MSG","detail":"0x8001 bodyLen=5"}
{"ts":"2026-04-05T21:52:44.457Z","level":"INFO","device":"868120100006","event":"SERVER_ACK","detail":"0x0200 result=OK"}
{"ts":"2026-04-05T21:52:44.549Z","level":"INFO","device":"868120100008","event":"GPS_SENT","detail":""}
{"ts":"2026-04-05T21:52:44.600Z","level":"INFO","device":"868120100007","event":"RX_MSG","detail":"0x8001 bodyLen=5"}
{"ts":"2026-04-05T21:52:44.600Z","level":"INFO","device":"868120100007","event":"SERVER_ACK","detail":"0x0200 result=OK"}
{"ts":"2026-04-05T21:52:44.709Z","level":"INFO","device":"868120100009","event":"GPS_SENT","detail":""}
{"ts":"2026-04-05T21:52:44.751Z","level":"INFO","device":"868120100008","event":"RX_MSG","detail":"0x8001 bodyLen=5"}
{"ts":"2026-04-05T21:52:44.751Z","level":"INFO","device":"868120100008","event":"SERVER_ACK","detail":"0x0200 result=OK"}
{"ts":"2026-04-05T21:52:44.852Z","level":"INFO","device":"100000000010","event":"GPS_SENT","detail":""}
{"ts":"2026-04-05T21:52:44.911Z","level":"INFO","device":"868120100009","event":"RX_MSG","detail":"0x8001 bodyLen=5"}
{"ts":"2026-04-05T21:52:44.911Z","level":"INFO","device":"868120100009","event":"SERVER_ACK","detail":"0x0200 result=OK"}
{"ts":"2026-04-05T21:52:45.061Z","level":"INFO","device":"100000000010","event":"RX_MSG","detail":"0x8001 bodyLen=5"}
{"ts":"2026-04-05T21:52:45.062Z","level":"INFO","device":"100000000010","event":"SERVER_ACK","detail":"0x0200 result=OK"}
{"ts":"2026-04-05T21:52:53.549Z","level":"INFO","device":"200000000001","event":"HEARTBEAT_SENT","detail":"0x0002"}
{"ts":"2026-04-05T21:52:53.586Z","level":"INFO","device":"200000000001","event":"OBD2_SENT_0x0200","detail":"Lat: 51.731084, Lng: 0.491860 | Speed: 13km/h | RPM: 1312"}
{"ts":"2026-04-05T21:52:53.650Z","level":"INFO","device":"200000000002","event":"HEARTBEAT_SENT","detail":"0x0002"}
{"ts":"2026-04-05T21:52:53.654Z","level":"INFO","device":"200000000002","event":"OBD2_SENT_0x0200","detail":"Lat: 51.723588, Lng: 0.496505 | Speed: 16km/h | RPM: 1426"}
{"ts":"2026-04-05T21:52:53.744Z","level":"INFO","device":"200000000001","event":"SERVER_ACK","detail":"0x8001 Universal Reply Received"}
{"ts":"2026-04-05T21:52:53.796Z","level":"INFO","device":"200000000003","event":"HEARTBEAT_SENT","detail":"0x0002"}
{"ts":"2026-04-05T21:52:53.806Z","level":"INFO","device":"200000000003","event":"OBD2_SENT_0x0200","detail":"Lat: 51.715036, Lng: 0.509230 | Speed: 46km/h | RPM: 2626"}
{"ts":"2026-04-05T21:52:53.863Z","level":"INFO","device":"200000000002","event":"SERVER_ACK","detail":"0x8001 Universal Reply Received"}
{"ts":"2026-04-05T21:52:53.948Z","level":"INFO","device":"200000000004","event":"HEARTBEAT_SENT","detail":"0x0002"}
{"ts":"2026-04-05T21:52:53.956Z","level":"INFO","device":"200000000004","event":"OBD2_SENT_0x0200","detail":"Lat: 51.715802, Lng: 0.506243 | Speed: 42km/h | RPM: 2498"}
{"ts":"2026-04-05T21:52:53.999Z","level":"INFO","device":"200000000003","event":"SERVER_ACK","detail":"0x8001 Universal Reply Received"}
{"ts":"2026-04-05T21:52:54.044Z","level":"INFO","device":"200000000001","event":"SERVER_ACK","detail":"0x8001 Universal Reply Received"}
{"ts":"2026-04-05T21:52:54.098Z","level":"INFO","device":"200000000005","event":"HEARTBEAT_SENT","detail":"0x0002"}
{"ts":"2026-04-05T21:52:54.107Z","level":"INFO","device":"200000000005","event":"OBD2_SENT_0x0200","detail":"Lat: 51.714186, Lng: 0.513698 | Speed: 56km/h | RPM: 3020"}
{"ts":"2026-04-05T21:52:54.160Z","level":"INFO","device":"200000000004","event":"SERVER_ACK","detail":"0x8001 Universal Reply Received"}
{"ts":"2026-04-05T21:52:54.184Z","level":"INFO","device":"200000000002","event":"SERVER_ACK","detail":"0x8001 Universal Reply Received"}
{"ts":"2026-04-05T21:52:54.248Z","level":"INFO","device":"200000000006","event":"HEARTBEAT_SENT","detail":"0x0002"}
{"ts":"2026-04-05T21:52:54.254Z","level":"INFO","device":"200000000006","event":"OBD2_SENT_0x0200","detail":"Lat: 51.715360, Lng: 0.507792 | Speed: 37km/h | RPM: 2283"}
{"ts":"2026-04-05T21:52:54.301Z","level":"INFO","device":"200000000005","event":"SERVER_ACK","detail":"0x8001 Universal Reply Received"}
{"ts":"2026-04-05T21:52:54.333Z","level":"INFO","device":"200000000003","event":"SERVER_ACK","detail":"0x8001 Universal Reply Received"}
{"ts":"2026-04-05T21:52:54.398Z","level":"INFO","device":"200000000007","event":"HEARTBEAT_SENT","detail":"0x0002"}
{"ts":"2026-04-05T21:52:54.401Z","level":"INFO","device":"200000000007","event":"OBD2_SENT_0x0200","detail":"Lat: 51.736230, Lng: 0.468858 | Speed: 55km/h | RPM: 2993"}
{"ts":"2026-04-05T21:52:54.461Z","level":"INFO","device":"200000000006","event":"SERVER_ACK","detail":"0x8001 Universal Reply Received"}
{"ts":"2026-04-05T21:52:54.496Z","level":"INFO","device":"200000000004","event":"SERVER_ACK","detail":"0x8001 Universal Reply Received"}
{"ts":"2026-04-05T21:52:54.548Z","level":"INFO","device":"200000000008","event":"HEARTBEAT_SENT","detail":"0x0002"}
{"ts":"2026-04-05T21:52:54.554Z","level":"INFO","device":"200000000008","event":"OBD2_SENT_0x0200","detail":"Lat: 51.723218, Lng: 0.496653 | Speed: 24km/h | RPM: 1751"}
{"ts":"2026-04-05T21:52:54.604Z","level":"INFO","device":"200000000007","event":"SERVER_ACK","detail":"0x8001 Universal Reply Received"}
{"ts":"2026-04-05T21:52:54.613Z","level":"INFO","device":"200000000005","event":"SERVER_ACK","detail":"0x8001 Universal Reply Received"}
{"ts":"2026-04-05T21:52:54.697Z","level":"INFO","device":"200000000009","event":"HEARTBEAT_SENT","detail":"0x0002"}
{"ts":"2026-04-05T21:52:54.703Z","level":"INFO","device":"200000000009","event":"OBD2_SENT_0x0200","detail":"Lat: 51.724181, Lng: 0.496326 | Speed: 27km/h | RPM: 1865"}
{"ts":"2026-04-05T21:52:54.734Z","level":"INFO","device":"200000000008","event":"SERVER_ACK","detail":"0x8001 Universal Reply Received"}
{"ts":"2026-04-05T21:52:54.777Z","level":"INFO","device":"200000000006","event":"SERVER_ACK","detail":"0x8001 Universal Reply Received"}
{"ts":"2026-04-05T21:52:54.850Z","level":"INFO","device":"200000000010","event":"HEARTBEAT_SENT","detail":"0x0002"}
{"ts":"2026-04-05T21:52:54.858Z","level":"INFO","device":"200000000010","event":"OBD2_SENT_0x0200","detail":"Lat: 51.718203, Lng: 0.500545 | Speed: 30km/h | RPM: 1988"}
{"ts":"2026-04-05T21:52:54.907Z","level":"INFO","device":"200000000009","event":"SERVER_ACK","detail":"0x8001 Universal Reply Received"}
{"ts":"2026-04-05T21:52:54.922Z","level":"INFO","device":"200000000007","event":"SERVER_ACK","detail":"0x8001 Universal Reply Received"}
{"ts":"2026-04-05T21:52:55.032Z","level":"INFO","device":"200000000008","event":"SERVER_ACK","detail":"0x8001 Universal Reply Received"}
{"ts":"2026-04-05T21:52:55.068Z","level":"INFO","device":"200000000010","event":"SERVER_ACK","detail":"0x8001 Universal Reply Received"}
{"ts":"2026-04-05T21:52:55.243Z","level":"INFO","device":"200000000009","event":"SERVER_ACK","detail":"0x8001 Universal Reply Received"}
{"ts":"2026-04-05T21:52:55.406Z","level":"INFO","device":"200000000010","event":"SERVER_ACK","detail":"0x8001 Universal Reply Received"}
{"ts":"2026-04-05T21:53:03.561Z","level":"INFO","device":"868120018681","event":"GPS_SENT","detail":""}
{"ts":"2026-04-05T21:53:03.650Z","level":"INFO","device":"868120100002","event":"GPS_SENT","detail":""}
{"ts":"2026-04-05T21:53:03.766Z","level":"INFO","device":"868120018681","event":"RX_MSG","detail":"0x8001 bodyLen=5"}
{"ts":"2026-04-05T21:53:03.766Z","level":"INFO","device":"868120018681","event":"SERVER_ACK","detail":"0x0200 result=OK"}
{"ts":"2026-04-05T21:53:03.798Z","level":"INFO","device":"868120100003","event":"GPS_SENT","detail":""}
{"ts":"2026-04-05T21:53:03.851Z","level":"INFO","device":"868120100002","event":"RX_MSG","detail":"0x8001 bodyLen=5"}
{"ts":"2026-04-05T21:53:03.852Z","level":"INFO","device":"868120100002","event":"SERVER_ACK","detail":"0x0200 result=OK"}
{"ts":"2026-04-05T21:53:03.956Z","level":"INFO","device":"868120100004","event":"GPS_SENT","detail":""}
{"ts":"2026-04-05T21:53:04.007Z","level":"INFO","device":"868120100003","event":"RX_MSG","detail":"0x8001 bodyLen=5"}
{"ts":"2026-04-05T21:53:04.007Z","level":"INFO","device":"868120100003","event":"SERVER_ACK","detail":"0x0200 result=OK"}
{"ts":"2026-04-05T21:53:04.114Z","level":"INFO","device":"868120100005","event":"GPS_SENT","detail":""}
{"ts":"2026-04-05T21:53:04.173Z","level":"INFO","device":"868120100004","event":"RX_MSG","detail":"0x8001 bodyLen=5"}
{"ts":"2026-04-05T21:53:04.174Z","level":"INFO","device":"868120100004","event":"SERVER_ACK","detail":"0x0200 result=OK"}
{"ts":"2026-04-05T21:53:04.247Z","level":"INFO","device":"868120100006","event":"GPS_SENT","detail":""}
{"ts":"2026-04-05T21:53:04.324Z","level":"INFO","device":"868120100005","event":"RX_MSG","detail":"0x8001 bodyLen=5"}
{"ts":"2026-04-05T21:53:04.325Z","level":"INFO","device":"868120100005","event":"SERVER_ACK","detail":"0x0200 result=OK"}
{"ts":"2026-04-05T21:53:04.400Z","level":"INFO","device":"868120100007","event":"GPS_SENT","detail":""}
{"ts":"2026-04-05T21:53:04.457Z","level":"INFO","device":"868120100006","event":"RX_MSG","detail":"0x8001 bodyLen=5"}
{"ts":"2026-04-05T21:53:04.457Z","level":"INFO","device":"868120100006","event":"SERVER_ACK","detail":"0x0200 result=OK"}
{"ts":"2026-04-05T21:53:04.549Z","level":"INFO","device":"868120100008","event":"GPS_SENT","detail":""}
{"ts":"2026-04-05T21:53:04.600Z","level":"INFO","device":"868120100007","event":"RX_MSG","detail":"0x8001 bodyLen=5"}
{"ts":"2026-04-05T21:53:04.600Z","level":"INFO","device":"868120100007","event":"SERVER_ACK","detail":"0x0200 result=OK"}
{"ts":"2026-04-05T21:53:04.711Z","level":"INFO","device":"868120100009","event":"GPS_SENT","detail":""}
{"ts":"2026-04-05T21:53:04.750Z","level":"INFO","device":"868120100008","event":"RX_MSG","detail":"0x8001 bodyLen=5"}
{"ts":"2026-04-05T21:53:04.751Z","level":"INFO","device":"868120100008","event":"SERVER_ACK","detail":"0x0200 result=OK"}
{"ts":"2026-04-05T21:53:04.852Z","level":"INFO","device":"100000000010","event":"GPS_SENT","detail":""}
{"ts":"2026-04-05T21:53:04.915Z","level":"INFO","device":"868120100009","event":"RX_MSG","detail":"0x8001 bodyLen=5"}
{"ts":"2026-04-05T21:53:04.915Z","level":"INFO","device":"868120100009","event":"SERVER_ACK","detail":"0x0200 result=OK"}
{"ts":"2026-04-05T21:53:05.053Z","level":"INFO","device":"100000000010","event":"RX_MSG","detail":"0x8001 bodyLen=5"}
{"ts":"2026-04-05T21:53:05.053Z","level":"INFO","device":"100000000010","event":"SERVER_ACK","detail":"0x0200 result=OK"}
{"ts":"2026-04-05T21:53:08.589Z","level":"INFO","device":"200000000001","event":"OBD2_SENT_0x0200","detail":"Lat: 51.730566, Lng: 0.492558 | Speed: 17km/h | RPM: 1499"}
{"ts":"2026-04-05T21:53:08.654Z","level":"INFO","device":"200000000002","event":"OBD2_SENT_0x0200","detail":"Lat: 51.723070, Lng: 0.496712 | Speed: 14km/h | RPM: 1370"}
{"ts":"2026-04-05T21:53:08.785Z","level":"INFO","device":"200000000001","event":"SERVER_ACK","detail":"0x8001 Universal Reply Received"}
{"ts":"2026-04-05T21:53:08.806Z","level":"INFO","device":"200000000003","event":"OBD2_SENT_0x0200","detail":"Lat: 51.714471, Lng: 0.511869 | Speed: 46km/h | RPM: 2647"}
{"ts":"2026-04-05T21:53:08.863Z","level":"INFO","device":"200000000002","event":"SERVER_ACK","detail":"0x8001 Universal Reply Received"}
{"ts":"2026-04-05T21:53:08.956Z","level":"INFO","device":"200000000004","event":"OBD2_SENT_0x0200","detail":"Lat: 51.715223, Lng: 0.508362 | Speed: 39km/h | RPM: 2343"}
{"ts":"2026-04-05T21:53:09.010Z","level":"INFO","device":"200000000003","event":"SERVER_ACK","detail":"0x8001 Universal Reply Received"}
{"ts":"2026-04-05T21:53:09.108Z","level":"INFO","device":"200000000005","event":"OBD2_SENT_0x0200","detail":"Lat: 51.736155, Lng: 0.468638 | Speed: 53km/h | RPM: 2930"}
{"ts":"2026-04-05T21:53:09.171Z","level":"INFO","device":"200000000004","event":"SERVER_ACK","detail":"0x8001 Universal Reply Received"}
{"ts":"2026-04-05T21:53:09.255Z","level":"INFO","device":"200000000006","event":"OBD2_SENT_0x0200","detail":"Lat: 51.714914, Lng: 0.509801 | Speed: 37km/h | RPM: 2263"}
{"ts":"2026-04-05T21:53:09.311Z","level":"INFO","device":"200000000005","event":"SERVER_ACK","detail":"0x8001 Universal Reply Received"}
{"ts":"2026-04-05T21:53:09.401Z","level":"INFO","device":"200000000007","event":"OBD2_SENT_0x0200","detail":"Lat: 51.737045, Lng: 0.471564 | Speed: 55km/h | RPM: 2990"}
{"ts":"2026-04-05T21:53:09.468Z","level":"INFO","device":"200000000006","event":"SERVER_ACK","detail":"0x8001 Universal Reply Received"}
{"ts":"2026-04-05T21:53:09.554Z","level":"INFO","device":"200000000008","event":"OBD2_SENT_0x0200","detail":"Lat: 51.722189, Lng: 0.497106 | Speed: 28km/h | RPM: 1932"}
{"ts":"2026-04-05T21:53:09.604Z","level":"INFO","device":"200000000007","event":"SERVER_ACK","detail":"0x8001 Universal Reply Received"}
{"ts":"2026-04-05T21:53:09.703Z","level":"INFO","device":"200000000009","event":"OBD2_SENT_0x0200","detail":"Lat: 51.723247, Lng: 0.496641 | Speed: 25km/h | RPM: 1814"}
{"ts":"2026-04-05T21:53:09.741Z","level":"INFO","device":"200000000008","event":"SERVER_ACK","detail":"0x8001 Universal Reply Received"}
{"ts":"2026-04-05T21:53:09.859Z","level":"INFO","device":"200000000010","event":"OBD2_SENT_0x0200","detail":"Lat: 51.717569, Lng: 0.501663 | Speed: 25km/h | RPM: 1794"}
{"ts":"2026-04-05T21:53:09.915Z","level":"INFO","device":"200000000009","event":"SERVER_ACK","detail":"0x8001 Universal Reply Received"}
{"ts":"2026-04-05T21:53:10.078Z","level":"INFO","device":"200000000010","event":"SERVER_ACK","detail":"0x8001 Universal Reply Received"}
{"ts":"2026-04-05T21:53:23.550Z","level":"INFO","device":"200000000001","event":"HEARTBEAT_SENT","detail":"0x0002"}
{"ts":"2026-04-05T21:53:23.562Z","level":"INFO","device":"868120018681","event":"GPS_SENT","detail":""}
{"ts":"2026-04-05T21:53:23.589Z","level":"INFO","device":"200000000001","event":"OBD2_SENT_0x0200","detail":"Lat: 51.730103, Lng: 0.493121 | Speed: 15km/h | RPM: 1398"}
{"ts":"2026-04-05T21:53:23.650Z","level":"INFO","device":"200000000002","event":"HEARTBEAT_SENT","detail":"0x0002"}
{"ts":"2026-04-05T21:53:23.651Z","level":"INFO","device":"868120100002","event":"GPS_SENT","detail":""}
{"ts":"2026-04-05T21:53:23.655Z","level":"INFO","device":"200000000002","event":"OBD2_SENT_0x0200","detail":"Lat: 51.722508, Lng: 0.496946 | Speed: 15km/h | RPM: 1418"}
{"ts":"2026-04-05T21:53:23.744Z","level":"INFO","device":"200000000001","event":"SERVER_ACK","detail":"0x8001 Universal Reply Received"}
{"ts":"2026-04-05T21:53:23.765Z","level":"INFO","device":"868120018681","event":"RX_MSG","detail":"0x8001 bodyLen=5"}
{"ts":"2026-04-05T21:53:23.765Z","level":"INFO","device":"868120018681","event":"SERVER_ACK","detail":"0x0200 result=OK"}
{"ts":"2026-04-05T21:53:23.796Z","level":"INFO","device":"200000000003","event":"HEARTBEAT_SENT","detail":"0x0002"}
{"ts":"2026-04-05T21:53:23.798Z","level":"INFO","device":"868120100003","event":"GPS_SENT","detail":""}
{"ts":"2026-04-05T21:53:23.806Z","level":"INFO","device":"200000000003","event":"OBD2_SENT_0x0200","detail":"Lat: 51.714091, Lng: 0.514366 | Speed: 44km/h | RPM: 2547"}
{"ts":"2026-04-05T21:53:23.853Z","level":"INFO","device":"868120100002","event":"RX_MSG","detail":"0x8001 bodyLen=5"}
{"ts":"2026-04-05T21:53:23.853Z","level":"INFO","device":"868120100002","event":"SERVER_ACK","detail":"0x0200 result=OK"}
{"ts":"2026-04-05T21:53:23.860Z","level":"INFO","device":"200000000002","event":"SERVER_ACK","detail":"0x8001 Universal Reply Received"}
{"ts":"2026-04-05T21:53:23.948Z","level":"INFO","device":"200000000004","event":"HEARTBEAT_SENT","detail":"0x0002"}
{"ts":"2026-04-05T21:53:23.956Z","level":"INFO","device":"868120100004","event":"GPS_SENT","detail":""}
{"ts":"2026-04-05T21:53:23.957Z","level":"INFO","device":"200000000004","event":"OBD2_SENT_0x0200","detail":"Lat: 51.714773, Lng: 0.510458 | Speed: 37km/h | RPM: 2267"}
{"ts":"2026-04-05T21:53:23.998Z","level":"INFO","device":"200000000003","event":"SERVER_ACK","detail":"0x8001 Universal Reply Received"}
{"ts":"2026-04-05T21:53:24.007Z","level":"INFO","device":"868120100003","event":"RX_MSG","detail":"0x8001 bodyLen=5"}
{"ts":"2026-04-05T21:53:24.008Z","level":"INFO","device":"868120100003","event":"SERVER_ACK","detail":"0x0200 result=OK"}
{"ts":"2026-04-05T21:53:24.053Z","level":"INFO","device":"200000000001","event":"SERVER_ACK","detail":"0x8001 Universal Reply Received"}
{"ts":"2026-04-05T21:53:24.098Z","level":"INFO","device":"200000000005","event":"HEARTBEAT_SENT","detail":"0x0002"}
{"ts":"2026-04-05T21:53:24.108Z","level":"INFO","device":"200000000005","event":"OBD2_SENT_0x0200","detail":"Lat: 51.736957, Lng: 0.471245 | Speed: 53km/h | RPM: 2905"}
{"ts":"2026-04-05T21:53:24.115Z","level":"INFO","device":"868120100005","event":"GPS_SENT","detail":""}
{"ts":"2026-04-05T21:53:24.158Z","level":"INFO","device":"200000000004","event":"SERVER_ACK","detail":"0x8001 Universal Reply Received"}
{"ts":"2026-04-05T21:53:24.174Z","level":"INFO","device":"868120100004","event":"RX_MSG","detail":"0x8001 bodyLen=5"}
{"ts":"2026-04-05T21:53:24.174Z","level":"INFO","device":"868120100004","event":"SERVER_ACK","detail":"0x0200 result=OK"}
{"ts":"2026-04-05T21:53:24.193Z","level":"INFO","device":"200000000002","event":"SERVER_ACK","detail":"0x8001 Universal Reply Received"}
{"ts":"2026-04-05T21:53:24.247Z","level":"INFO","device":"868120100006","event":"GPS_SENT","detail":""}
{"ts":"2026-04-05T21:53:24.248Z","level":"INFO","device":"200000000006","event":"HEARTBEAT_SENT","detail":"0x0002"}
{"ts":"2026-04-05T21:53:24.255Z","level":"INFO","device":"200000000006","event":"OBD2_SENT_0x0200","detail":"Lat: 51.714441, Lng: 0.512011 | Speed: 39km/h | RPM: 2346"}
{"ts":"2026-04-05T21:53:24.302Z","level":"INFO","device":"200000000005","event":"SERVER_ACK","detail":"0x8001 Universal Reply Received"}
{"ts":"2026-04-05T21:53:24.325Z","level":"INFO","device":"868120100005","event":"RX_MSG","detail":"0x8001 bodyLen=5"}
{"ts":"2026-04-05T21:53:24.325Z","level":"INFO","device":"868120100005","event":"SERVER_ACK","detail":"0x0200 result=OK"}
{"ts":"2026-04-05T21:53:24.341Z","level":"INFO","device":"200000000003","event":"SERVER_ACK","detail":"0x8001 Universal Reply Received"}
{"ts":"2026-04-05T21:53:24.399Z","level":"INFO","device":"200000000007","event":"HEARTBEAT_SENT","detail":"0x0002"}
{"ts":"2026-04-05T21:53:24.400Z","level":"INFO","device":"868120100007","event":"GPS_SENT","detail":""}
{"ts":"2026-04-05T21:53:24.400Z","level":"INFO","device":"200000000007","event":"OBD2_SENT_0x0200","detail":"Lat: 51.737653, Lng: 0.474624 | Speed: 55km/h | RPM: 3013"}
{"ts":"2026-04-05T21:53:24.459Z","level":"INFO","device":"868120100006","event":"RX_MSG","detail":"0x8001 bodyLen=5"}
{"ts":"2026-04-05T21:53:24.459Z","level":"INFO","device":"868120100006","event":"SERVER_ACK","detail":"0x0200 result=OK"}
{"ts":"2026-04-05T21:53:24.460Z","level":"INFO","device":"200000000006","event":"SERVER_ACK","detail":"0x8001 Universal Reply Received"}
{"ts":"2026-04-05T21:53:24.504Z","level":"INFO","device":"200000000004","event":"SERVER_ACK","detail":"0x8001 Universal Reply Received"}
{"ts":"2026-04-05T21:53:24.548Z","level":"INFO","device":"200000000008","event":"HEARTBEAT_SENT","detail":"0x0002"}
{"ts":"2026-04-05T21:53:24.548Z","level":"INFO","device":"868120100008","event":"GPS_SENT","detail":""}
{"ts":"2026-04-05T21:53:24.554Z","level":"INFO","device":"200000000008","event":"OBD2_SENT_0x0200","detail":"Lat: 51.721195, Lng: 0.497643 | Speed: 28km/h | RPM: 1911"}
{"ts":"2026-04-05T21:53:24.600Z","level":"INFO","device":"200000000007","event":"SERVER_ACK","detail":"0x8001 Universal Reply Received"}
{"ts":"2026-04-05T21:53:24.601Z","level":"INFO","device":"868120100007","event":"RX_MSG","detail":"0x8001 bodyLen=5"}
{"ts":"2026-04-05T21:53:24.602Z","level":"INFO","device":"868120100007","event":"SERVER_ACK","detail":"0x0200 result=OK"}
{"ts":"2026-04-05T21:53:24.621Z","level":"INFO","device":"200000000005","event":"SERVER_ACK","detail":"0x8001 Universal Reply Received"}
{"ts":"2026-04-05T21:53:24.697Z","level":"INFO","device":"200000000009","event":"HEARTBEAT_SENT","detail":"0x0002"}
{"ts":"2026-04-05T21:53:24.703Z","level":"INFO","device":"200000000009","event":"OBD2_SENT_0x0200","detail":"Lat: 51.722226, Lng: 0.497087 | Speed: 28km/h | RPM: 1923"}
{"ts":"2026-04-05T21:53:24.711Z","level":"INFO","device":"868120100009","event":"GPS_SENT","detail":""}
{"ts":"2026-04-05T21:53:24.735Z","level":"INFO","device":"200000000008","event":"SERVER_ACK","detail":"0x8001 Universal Reply Received"}
{"ts":"2026-04-05T21:53:24.750Z","level":"INFO","device":"868120100008","event":"RX_MSG","detail":"0x8001 bodyLen=5"}
{"ts":"2026-04-05T21:53:24.750Z","level":"INFO","device":"868120100008","event":"SERVER_ACK","detail":"0x0200 result=OK"}
{"ts":"2026-04-05T21:53:24.786Z","level":"INFO","device":"200000000006","event":"SERVER_ACK","detail":"0x8001 Universal Reply Received"}
{"ts":"2026-04-05T21:53:24.850Z","level":"INFO","device":"200000000010","event":"HEARTBEAT_SENT","detail":"0x0002"}
{"ts":"2026-04-05T21:53:24.851Z","level":"INFO","device":"200000000010","event":"DTC_SENT_0x0900","detail":"Injected Fault Code: C1234"}
{"ts":"2026-04-05T21:53:24.852Z","level":"INFO","device":"100000000010","event":"GPS_SENT","detail":""}
{"ts":"2026-04-05T21:53:24.859Z","level":"INFO","device":"200000000010","event":"OBD2_SENT_0x0200","detail":"Lat: 51.717039, Lng: 0.502776 | Speed: 24km/h | RPM: 1746"}
{"ts":"2026-04-05T21:53:24.907Z","level":"INFO","device":"200000000009","event":"SERVER_ACK","detail":"0x8001 Universal Reply Received"}
{"ts":"2026-04-05T21:53:24.913Z","level":"INFO","device":"868120100009","event":"RX_MSG","detail":"0x8001 bodyLen=5"}
{"ts":"2026-04-05T21:53:24.913Z","level":"INFO","device":"868120100009","event":"SERVER_ACK","detail":"0x0200 result=OK"}
{"ts":"2026-04-05T21:53:24.931Z","level":"INFO","device":"200000000007","event":"SERVER_ACK","detail":"0x8001 Universal Reply Received"}
{"ts":"2026-04-05T21:53:25.040Z","level":"INFO","device":"200000000008","event":"SERVER_ACK","detail":"0x8001 Universal Reply Received"}
{"ts":"2026-04-05T21:53:25.054Z","level":"INFO","device":"100000000010","event":"RX_MSG","detail":"0x8001 bodyLen=5"}
{"ts":"2026-04-05T21:53:25.054Z","level":"INFO","device":"100000000010","event":"SERVER_ACK","detail":"0x0200 result=OK"}
{"ts":"2026-04-05T21:53:25.068Z","level":"INFO","device":"200000000010","event":"SERVER_ACK","detail":"0x8001 Universal Reply Received"}
{"ts":"2026-04-05T21:53:25.251Z","level":"INFO","device":"200000000009","event":"SERVER_ACK","detail":"0x8001 Universal Reply Received"}
{"ts":"2026-04-05T21:53:25.415Z","level":"INFO","device":"200000000010","event":"SERVER_ACK","detail":"0x8001 Universal Reply Received"}
{"ts":"2026-04-05T21:53:38.602Z","level":"INFO","device":"200000000001","event":"OBD2_SENT_0x0200","detail":"Lat: 51.729754, Lng: 0.493514 | Speed: 11km/h | RPM: 1254"}
{"ts":"2026-04-05T21:53:38.655Z","level":"INFO","device":"200000000002","event":"OBD2_SENT_0x0200","detail":"Lat: 51.721887, Lng: 0.497257 | Speed: 17km/h | RPM: 1494"}
{"ts":"2026-04-05T21:53:38.797Z","level":"INFO","device":"200000000001","event":"SERVER_ACK","detail":"0x8001 Universal Reply Received"}
{"ts":"2026-04-05T21:53:38.808Z","level":"INFO","device":"200000000003","event":"OBD2_SENT_0x0200","detail":"Lat: 51.736205, Lng: 0.468786 | Speed: 45km/h | RPM: 2588"}
{"ts":"2026-04-05T21:53:38.865Z","level":"INFO","device":"200000000002","event":"SERVER_ACK","detail":"0x8001 Universal Reply Received"}
{"ts":"2026-04-05T21:53:38.960Z","level":"INFO","device":"200000000004","event":"OBD2_SENT_0x0200","detail":"Lat: 51.714329, Lng: 0.512694 | Speed: 39km/h | RPM: 2365"}
{"ts":"2026-04-05T21:53:39.010Z","level":"INFO","device":"200000000003","event":"SERVER_ACK","detail":"0x8001 Universal Reply Received"}
{"ts":"2026-04-05T21:53:39.108Z","level":"INFO","device":"200000000005","event":"OBD2_SENT_0x0200","detail":"Lat: 51.737623, Lng: 0.474384 | Speed: 57km/h | RPM: 3071"}
{"ts":"2026-04-05T21:53:39.171Z","level":"INFO","device":"200000000004","event":"SERVER_ACK","detail":"0x8001 Universal Reply Received"}
{"ts":"2026-04-05T21:53:39.255Z","level":"INFO","device":"200000000006","event":"OBD2_SENT_0x0200","detail":"Lat: 51.714127, Lng: 0.514112 | Speed: 37km/h | RPM: 2270"}
{"ts":"2026-04-05T21:53:39.313Z","level":"INFO","device":"200000000005","event":"SERVER_ACK","detail":"0x8001 Universal Reply Received"}
{"ts":"2026-04-05T21:53:39.401Z","level":"INFO","device":"200000000007","event":"OBD2_SENT_0x0200","detail":"Lat: 51.737703, Lng: 0.477769 | Speed: 53km/h | RPM: 2921"}
{"ts":"2026-04-05T21:53:39.469Z","level":"INFO","device":"200000000006","event":"SERVER_ACK","detail":"0x8001 Universal Reply Received"}
{"ts":"2026-04-05T21:53:39.554Z","level":"INFO","device":"200000000008","event":"OBD2_SENT_0x0200","detail":"Lat: 51.720091, Lng: 0.498407 | Speed: 31km/h | RPM: 2056"}
{"ts":"2026-04-05T21:53:39.602Z","level":"INFO","device":"200000000007","event":"SERVER_ACK","detail":"0x8001 Universal Reply Received"}
{"ts":"2026-04-05T21:53:39.703Z","level":"INFO","device":"200000000009","event":"OBD2_SENT_0x0200","detail":"Lat: 51.721112, Lng: 0.497693 | Speed: 31km/h | RPM: 2045"}
{"ts":"2026-04-05T21:53:39.741Z","level":"INFO","device":"200000000008","event":"SERVER_ACK","detail":"0x8001 Universal Reply Received"}
{"ts":"2026-04-05T21:53:39.860Z","level":"INFO","device":"200000000010","event":"OBD2_SENT_0x0200","detail":"Lat: 51.716510, Lng: 0.504052 | Speed: 26km/h | RPM: 1827"}
{"ts":"2026-04-05T21:53:39.915Z","level":"INFO","device":"200000000009","event":"SERVER_ACK","detail":"0x8001 Universal Reply Received"}
{"ts":"2026-04-05T21:53:40.080Z","level":"INFO","device":"200000000010","event":"SERVER_ACK","detail":"0x8001 Universal Reply Received"}
{"ts":"2026-04-05T21:53:43.565Z","level":"INFO","device":"868120018681","event":"GPS_SENT","detail":""}
{"ts":"2026-04-05T21:53:43.651Z","level":"INFO","device":"868120100002","event":"GPS_SENT","detail":""}
{"ts":"2026-04-05T21:53:43.769Z","level":"INFO","device":"868120018681","event":"RX_MSG","detail":"0x8001 bodyLen=5"}
{"ts":"2026-04-05T21:53:43.769Z","level":"INFO","device":"868120018681","event":"SERVER_ACK","detail":"0x0200 result=OK"}
{"ts":"2026-04-05T21:53:43.798Z","level":"INFO","device":"868120100003","event":"GPS_SENT","detail":""}
{"ts":"2026-04-05T21:53:43.856Z","level":"INFO","device":"868120100002","event":"RX_MSG","detail":"0x8001 bodyLen=5"}
{"ts":"2026-04-05T21:53:43.856Z","level":"INFO","device":"868120100002","event":"SERVER_ACK","detail":"0x0200 result=OK"}
{"ts":"2026-04-05T21:53:43.956Z","level":"INFO","device":"868120100004","event":"GPS_SENT","detail":""}
{"ts":"2026-04-05T21:53:44.007Z","level":"INFO","device":"868120100003","event":"RX_MSG","detail":"0x8001 bodyLen=5"}
{"ts":"2026-04-05T21:53:44.008Z","level":"INFO","device":"868120100003","event":"SERVER_ACK","detail":"0x0200 result=OK"}
{"ts":"2026-04-05T21:53:44.115Z","level":"INFO","device":"868120100005","event":"GPS_SENT","detail":""}
{"ts":"2026-04-05T21:53:44.174Z","level":"INFO","device":"868120100004","event":"RX_MSG","detail":"0x8001 bodyLen=5"}
{"ts":"2026-04-05T21:53:44.174Z","level":"INFO","device":"868120100004","event":"SERVER_ACK","detail":"0x0200 result=OK"}
{"ts":"2026-04-05T21:53:44.248Z","level":"INFO","device":"868120100006","event":"GPS_SENT","detail":""}
{"ts":"2026-04-05T21:53:44.325Z","level":"INFO","device":"868120100005","event":"RX_MSG","detail":"0x8001 bodyLen=5"}
{"ts":"2026-04-05T21:53:44.325Z","level":"INFO","device":"868120100005","event":"SERVER_ACK","detail":"0x0200 result=OK"}
{"ts":"2026-04-05T21:53:44.401Z","level":"INFO","device":"868120100007","event":"GPS_SENT","detail":""}
{"ts":"2026-04-05T21:53:44.459Z","level":"INFO","device":"868120100006","event":"RX_MSG","detail":"0x8001 bodyLen=5"}
{"ts":"2026-04-05T21:53:44.459Z","level":"INFO","device":"868120100006","event":"SERVER_ACK","detail":"0x0200 result=OK"}
{"ts":"2026-04-05T21:53:44.549Z","level":"INFO","device":"868120100008","event":"GPS_SENT","detail":""}
{"ts":"2026-04-05T21:53:44.602Z","level":"INFO","device":"868120100007","event":"RX_MSG","detail":"0x8001 bodyLen=5"}
{"ts":"2026-04-05T21:53:44.603Z","level":"INFO","device":"868120100007","event":"SERVER_ACK","detail":"0x0200 result=OK"}
{"ts":"2026-04-05T21:53:44.711Z","level":"INFO","device":"868120100009","event":"GPS_SENT","detail":""}
{"ts":"2026-04-05T21:53:44.750Z","level":"INFO","device":"868120100008","event":"RX_MSG","detail":"0x8001 bodyLen=5"}
{"ts":"2026-04-05T21:53:44.750Z","level":"INFO","device":"868120100008","event":"SERVER_ACK","detail":"0x0200 result=OK"}
{"ts":"2026-04-05T21:53:44.853Z","level":"INFO","device":"100000000010","event":"GPS_SENT","detail":""}
{"ts":"2026-04-05T21:53:44.914Z","level":"INFO","device":"868120100009","event":"RX_MSG","detail":"0x8001 bodyLen=5"}
{"ts":"2026-04-05T21:53:44.915Z","level":"INFO","device":"868120100009","event":"SERVER_ACK","detail":"0x0200 result=OK"}
{"ts":"2026-04-05T21:53:45.057Z","level":"INFO","device":"100000000010","event":"RX_MSG","detail":"0x8001 bodyLen=5"}
{"ts":"2026-04-05T21:53:45.057Z","level":"INFO","device":"100000000010","event":"SERVER_ACK","detail":"0x0200 result=OK"}
{"ts":"2026-04-05T21:53:53.558Z","level":"INFO","device":"200000000001","event":"HEARTBEAT_SENT","detail":"0x0002"}
{"ts":"2026-04-05T21:53:53.602Z","level":"INFO","device":"200000000001","event":"OBD2_SENT_0x0200","detail":"Lat: 51.729383, Lng: 0.493904 | Speed: 12km/h | RPM: 1266"}
{"ts":"2026-04-05T21:53:53.650Z","level":"INFO","device":"200000000002","event":"HEARTBEAT_SENT","detail":"0x0002"}
{"ts":"2026-04-05T21:53:53.655Z","level":"INFO","device":"200000000002","event":"OBD2_SENT_0x0200","detail":"Lat: 51.721262, Lng: 0.497603 | Speed: 17km/h | RPM: 1499"}
{"ts":"2026-04-05T21:53:53.751Z","level":"INFO","device":"200000000001","event":"SERVER_ACK","detail":"0x8001 Universal Reply Received"}
{"ts":"2026-04-05T21:53:53.797Z","level":"INFO","device":"200000000003","event":"HEARTBEAT_SENT","detail":"0x0002"}
{"ts":"2026-04-05T21:53:53.808Z","level":"INFO","device":"200000000003","event":"OBD2_SENT_0x0200","detail":"Lat: 51.736821, Lng: 0.470750 | Speed: 40km/h | RPM: 2404"}
{"ts":"2026-04-05T21:53:53.859Z","level":"INFO","device":"200000000002","event":"SERVER_ACK","detail":"0x8001 Universal Reply Received"}
{"ts":"2026-04-05T21:53:53.949Z","level":"INFO","device":"200000000004","event":"HEARTBEAT_SENT","detail":"0x0002"}
{"ts":"2026-04-05T21:53:53.960Z","level":"INFO","device":"200000000004","event":"OBD2_SENT_0x0200","detail":"Lat: 51.713987, Lng: 0.515092 | Speed: 41km/h | RPM: 2427"}
{"ts":"2026-04-05T21:53:53.999Z","level":"INFO","device":"200000000003","event":"SERVER_ACK","detail":"0x8001 Universal Reply Received"}
{"ts":"2026-04-05T21:53:54.067Z","level":"INFO","device":"200000000001","event":"SERVER_ACK","detail":"0x8001 Universal Reply Received"}
{"ts":"2026-04-05T21:53:54.099Z","level":"INFO","device":"200000000005","event":"HEARTBEAT_SENT","detail":"0x0002"}
{"ts":"2026-04-05T21:53:54.108Z","level":"INFO","device":"200000000005","event":"OBD2_SENT_0x0200","detail":"Lat: 51.737726, Lng: 0.477488 | Speed: 52km/h | RPM: 2893"}
{"ts":"2026-04-05T21:53:54.159Z","level":"INFO","device":"200000000004","event":"SERVER_ACK","detail":"0x8001 Universal Reply Received"}
{"ts":"2026-04-05T21:53:54.176Z","level":"INFO","device":"200000000002","event":"SERVER_ACK","detail":"0x8001 Universal Reply Received"}
{"ts":"2026-04-05T21:53:54.248Z","level":"INFO","device":"200000000006","event":"HEARTBEAT_SENT","detail":"0x0002"}
{"ts":"2026-04-05T21:53:54.255Z","level":"INFO","device":"200000000006","event":"OBD2_SENT_0x0200","detail":"Lat: 51.736044, Lng: 0.468317 | Speed: 40km/h | RPM: 2405"}
{"ts":"2026-04-05T21:53:54.302Z","level":"INFO","device":"200000000005","event":"SERVER_ACK","detail":"0x8001 Universal Reply Received"}
{"ts":"2026-04-05T21:53:54.324Z","level":"INFO","device":"200000000003","event":"SERVER_ACK","detail":"0x8001 Universal Reply Received"}
{"ts":"2026-04-05T21:53:54.399Z","level":"INFO","device":"200000000007","event":"HEARTBEAT_SENT","detail":"0x0002"}
{"ts":"2026-04-05T21:53:54.401Z","level":"INFO","device":"200000000007","event":"OBD2_SENT_0x0200","detail":"Lat: 51.736519, Lng: 0.480641 | Speed: 57km/h | RPM: 3063"}
{"ts":"2026-04-05T21:53:54.460Z","level":"INFO","device":"200000000006","event":"SERVER_ACK","detail":"0x8001 Universal Reply Received"}
{"ts":"2026-04-05T21:53:54.487Z","level":"INFO","device":"200000000004","event":"SERVER_ACK","detail":"0x8001 Universal Reply Received"}
{"ts":"2026-04-05T21:53:54.548Z","level":"INFO","device":"200000000008","event":"HEARTBEAT_SENT","detail":"0x0002"}
{"ts":"2026-04-05T21:53:54.554Z","level":"INFO","device":"200000000008","event":"OBD2_SENT_0x0200","detail":"Lat: 51.718995, Lng: 0.499472 | Speed: 35km/h | RPM: 2186"}
{"ts":"2026-04-05T21:53:54.600Z","level":"INFO","device":"200000000007","event":"SERVER_ACK","detail":"0x8001 Universal Reply Received"}
{"ts":"2026-04-05T21:53:54.635Z","level":"INFO","device":"200000000005","event":"SERVER_ACK","detail":"0x8001 Universal Reply Received"}
{"ts":"2026-04-05T21:53:54.697Z","level":"INFO","device":"200000000009","event":"HEARTBEAT_SENT","detail":"0x0002"}
{"ts":"2026-04-05T21:53:54.703Z","level":"INFO","device":"200000000009","event":"OBD2_SENT_0x0200","detail":"Lat: 51.719908, Lng: 0.498553 | Speed: 34km/h | RPM: 2170"}
{"ts":"2026-04-05T21:53:54.736Z","level":"INFO","device":"200000000008","event":"SERVER_ACK","detail":"0x8001 Universal Reply Received"}
{"ts":"2026-04-05T21:53:54.800Z","level":"INFO","device":"200000000006","event":"SERVER_ACK","detail":"0x8001 Universal Reply Received"}
{"ts":"2026-04-05T21:53:54.850Z","level":"INFO","device":"200000000010","event":"HEARTBEAT_SENT","detail":"0x0002"}
{"ts":"2026-04-05T21:53:54.860Z","level":"INFO","device":"200000000010","event":"OBD2_SENT_0x0200","detail":"Lat: 51.716007, Lng: 0.505524 | Speed: 28km/h | RPM: 1923"}
{"ts":"2026-04-05T21:53:54.908Z","level":"INFO","device":"200000000009","event":"SERVER_ACK","detail":"0x8001 Universal Reply Received"}
{"ts":"2026-04-05T21:53:54.946Z","level":"INFO","device":"200000000007","event":"SERVER_ACK","detail":"0x8001 Universal Reply Received"}
{"ts":"2026-04-05T21:53:55.054Z","level":"INFO","device":"200000000008","event":"SERVER_ACK","detail":"0x8001 Universal Reply Received"}
{"ts":"2026-04-05T21:53:55.074Z","level":"INFO","device":"200000000010","event":"SERVER_ACK","detail":"0x8001 Universal Reply Received"}
{"ts":"2026-04-05T21:53:55.265Z","level":"INFO","device":"200000000009","event":"SERVER_ACK","detail":"0x8001 Universal Reply Received"}
{"ts":"2026-04-05T21:53:55.429Z","level":"INFO","device":"200000000010","event":"SERVER_ACK","detail":"0x8001 Universal Reply Received"}
{"ts":"2026-04-05T21:54:03.574Z","level":"INFO","device":"868120018681","event":"GPS_SENT","detail":""}
{"ts":"2026-04-05T21:54:03.651Z","level":"INFO","device":"868120100002","event":"GPS_SENT","detail":""}
{"ts":"2026-04-05T21:54:03.779Z","level":"INFO","device":"868120018681","event":"RX_MSG","detail":"0x8001 bodyLen=5"}
{"ts":"2026-04-05T21:54:03.780Z","level":"INFO","device":"868120018681","event":"SERVER_ACK","detail":"0x0200 result=OK"}
{"ts":"2026-04-05T21:54:03.799Z","level":"INFO","device":"868120100003","event":"GPS_SENT","detail":""}
{"ts":"2026-04-05T21:54:03.853Z","level":"INFO","device":"868120100002","event":"RX_MSG","detail":"0x8001 bodyLen=5"}
{"ts":"2026-04-05T21:54:03.853Z","level":"INFO","device":"868120100002","event":"SERVER_ACK","detail":"0x0200 result=OK"}
{"ts":"2026-04-05T21:54:03.957Z","level":"INFO","device":"868120100004","event":"GPS_SENT","detail":""}
{"ts":"2026-04-05T21:54:04.008Z","level":"INFO","device":"868120100003","event":"RX_MSG","detail":"0x8001 bodyLen=5"}
{"ts":"2026-04-05T21:54:04.008Z","level":"INFO","device":"868120100003","event":"SERVER_ACK","detail":"0x0200 result=OK"}
{"ts":"2026-04-05T21:54:04.115Z","level":"INFO","device":"868120100005","event":"GPS_SENT","detail":""}
{"ts":"2026-04-05T21:54:04.174Z","level":"INFO","device":"868120100004","event":"RX_MSG","detail":"0x8001 bodyLen=5"}
{"ts":"2026-04-05T21:54:04.174Z","level":"INFO","device":"868120100004","event":"SERVER_ACK","detail":"0x0200 result=OK"}
{"ts":"2026-04-05T21:54:04.248Z","level":"INFO","device":"868120100006","event":"GPS_SENT","detail":""}
{"ts":"2026-04-05T21:54:04.324Z","level":"INFO","device":"868120100005","event":"RX_MSG","detail":"0x8001 bodyLen=5"}
{"ts":"2026-04-05T21:54:04.324Z","level":"INFO","device":"868120100005","event":"SERVER_ACK","detail":"0x0200 result=OK"}
{"ts":"2026-04-05T21:54:04.401Z","level":"INFO","device":"868120100007","event":"GPS_SENT","detail":""}
{"ts":"2026-04-05T21:54:04.458Z","level":"INFO","device":"868120100006","event":"RX_MSG","detail":"0x8001 bodyLen=5"}
{"ts":"2026-04-05T21:54:04.458Z","level":"INFO","device":"868120100006","event":"SERVER_ACK","detail":"0x0200 result=OK"}
{"ts":"2026-04-05T21:54:04.550Z","level":"INFO","device":"868120100008","event":"GPS_SENT","detail":""}
{"ts":"2026-04-05T21:54:04.602Z","level":"INFO","device":"868120100007","event":"RX_MSG","detail":"0x8001 bodyLen=5"}
{"ts":"2026-04-05T21:54:04.602Z","level":"INFO","device":"868120100007","event":"SERVER_ACK","detail":"0x0200 result=OK"}
{"ts":"2026-04-05T21:54:04.712Z","level":"INFO","device":"868120100009","event":"GPS_SENT","detail":""}
{"ts":"2026-04-05T21:54:04.751Z","level":"INFO","device":"868120100008","event":"RX_MSG","detail":"0x8001 bodyLen=5"}
{"ts":"2026-04-05T21:54:04.751Z","level":"INFO","device":"868120100008","event":"SERVER_ACK","detail":"0x0200 result=OK"}
{"ts":"2026-04-05T21:54:04.853Z","level":"INFO","device":"100000000010","event":"GPS_SENT","detail":""}
{"ts":"2026-04-05T21:54:04.914Z","level":"INFO","device":"868120100009","event":"RX_MSG","detail":"0x8001 bodyLen=5"}
{"ts":"2026-04-05T21:54:04.914Z","level":"INFO","device":"868120100009","event":"SERVER_ACK","detail":"0x0200 result=OK"}
{"ts":"2026-04-05T21:54:05.054Z","level":"INFO","device":"100000000010","event":"RX_MSG","detail":"0x8001 bodyLen=5"}
{"ts":"2026-04-05T21:54:05.054Z","level":"INFO","device":"100000000010","event":"SERVER_ACK","detail":"0x0200 result=OK"}
{"ts":"2026-04-05T21:54:08.607Z","level":"INFO","device":"200000000001","event":"OBD2_SENT_0x0200","detail":"Lat: 51.728853, Lng: 0.494375 | Speed: 16km/h | RPM: 1445"}
{"ts":"2026-04-05T21:54:08.657Z","level":"INFO","device":"200000000002","event":"OBD2_SENT_0x0200","detail":"Lat: 51.720655, Lng: 0.497967 | Speed: 17km/h | RPM: 1490"}
{"ts":"2026-04-05T21:54:08.803Z","level":"INFO","device":"200000000001","event":"SERVER_ACK","detail":"0x8001 Universal Reply Received"}
{"ts":"2026-04-05T21:54:08.808Z","level":"INFO","device":"200000000003","event":"OBD2_SENT_0x0200","detail":"Lat: 51.737360, Lng: 0.472833 | Speed: 38km/h | RPM: 2306"}
{"ts":"2026-04-05T21:54:08.868Z","level":"INFO","device":"200000000002","event":"SERVER_ACK","detail":"0x8001 Universal Reply Received"}
{"ts":"2026-04-05T21:54:08.960Z","level":"INFO","device":"200000000004","event":"OBD2_SENT_0x0200","detail":"Lat: 51.736438, Lng: 0.469466 | Speed: 45km/h | RPM: 2612"}
{"ts":"2026-04-05T21:54:09.012Z","level":"INFO","device":"200000000003","event":"SERVER_ACK","detail":"0x8001 Universal Reply Received"}
{"ts":"2026-04-05T21:54:09.109Z","level":"INFO","device":"200000000005","event":"OBD2_SENT_0x0200","detail":"Lat: 51.736706, Lng: 0.480392 | Speed: 55km/h | RPM: 3001"}
{"ts":"2026-04-05T21:54:09.173Z","level":"INFO","device":"200000000004","event":"SERVER_ACK","detail":"0x8001 Universal Reply Received"}
{"ts":"2026-04-05T21:54:09.255Z","level":"INFO","device":"200000000006","event":"OBD2_SENT_0x0200","detail":"Lat: 51.736715, Lng: 0.470385 | Speed: 41km/h | RPM: 2454"}
{"ts":"2026-04-05T21:54:09.312Z","level":"INFO","device":"200000000005","event":"SERVER_ACK","detail":"0x8001 Universal Reply Received"}
{"ts":"2026-04-05T21:54:09.401Z","level":"INFO","device":"200000000007","event":"OBD2_SENT_0x0200","detail":"Lat: 51.734766, Lng: 0.482706 | Speed: 61km/h | RPM: 3226"}
{"ts":"2026-04-05T21:54:09.467Z","level":"INFO","device":"200000000006","event":"SERVER_ACK","detail":"0x8001 Universal Reply Received"}
{"ts":"2026-04-05T21:54:09.554Z","level":"INFO","device":"200000000008","event":"OBD2_SENT_0x0200","detail":"Lat: 51.718006, Lng: 0.500841 | Speed: 35km/h | RPM: 2195"}
{"ts":"2026-04-05T21:54:09.605Z","level":"INFO","device":"200000000007","event":"SERVER_ACK","detail":"0x8001 Universal Reply Received"}
{"ts":"2026-04-05T21:54:09.703Z","level":"INFO","device":"200000000009","event":"OBD2_SENT_0x0200","detail":"Lat: 51.718875, Lng: 0.499605 | Speed: 33km/h | RPM: 2127"}
{"ts":"2026-04-05T21:54:09.741Z","level":"INFO","device":"200000000008","event":"SERVER_ACK","detail":"0x8001 Universal Reply Received"}
{"ts":"2026-04-05T21:54:09.861Z","level":"INFO","device":"200000000010","event":"OBD2_SENT_0x0200","detail":"Lat: 51.715585, Lng: 0.507002 | Speed: 27km/h | RPM: 1877"}
{"ts":"2026-04-05T21:54:09.917Z","level":"INFO","device":"200000000009","event":"SERVER_ACK","detail":"0x8001 Universal Reply Received"}
{"ts":"2026-04-05T21:54:10.079Z","level":"INFO","device":"200000000010","event":"SERVER_ACK","detail":"0x8001 Universal Reply Received"}
{"ts":"2026-04-05T21:54:23.560Z","level":"INFO","device":"200000000001","event":"HEARTBEAT_SENT","detail":"0x0002"}
{"ts":"2026-04-05T21:54:23.575Z","level":"INFO","device":"868120018681","event":"GPS_SENT","detail":""}
{"ts":"2026-04-05T21:54:23.608Z","level":"INFO","device":"200000000001","event":"OBD2_SENT_0x0200","detail":"Lat: 51.728368, Lng: 0.494739 | Speed: 14km/h | RPM: 1363"}
{"ts":"2026-04-05T21:54:23.650Z","level":"INFO","device":"200000000002","event":"HEARTBEAT_SENT","detail":"0x0002"}
{"ts":"2026-04-05T21:54:23.651Z","level":"INFO","device":"868120100002","event":"GPS_SENT","detail":""}
{"ts":"2026-04-05T21:54:23.657Z","level":"INFO","device":"200000000002","event":"OBD2_SENT_0x0200","detail":"Lat: 51.720222, Lng: 0.498303 | Speed: 12km/h | RPM: 1294"}
{"ts":"2026-04-05T21:54:23.754Z","level":"INFO","device":"200000000001","event":"SERVER_ACK","detail":"0x8001 Universal Reply Received"}
{"ts":"2026-04-05T21:54:23.779Z","level":"INFO","device":"868120018681","event":"RX_MSG","detail":"0x8001 bodyLen=5"}
{"ts":"2026-04-05T21:54:23.780Z","level":"INFO","device":"868120018681","event":"SERVER_ACK","detail":"0x0200 result=OK"}
{"ts":"2026-04-05T21:54:23.798Z","level":"INFO","device":"200000000003","event":"HEARTBEAT_SENT","detail":"0x0002"}
{"ts":"2026-04-05T21:54:23.800Z","level":"INFO","device":"868120100003","event":"GPS_SENT","detail":""}
{"ts":"2026-04-05T21:54:23.808Z","level":"INFO","device":"200000000003","event":"OBD2_SENT_0x0200","detail":"Lat: 51.737690, Lng: 0.474917 | Speed: 37km/h | RPM: 2279"}
{"ts":"2026-04-05T21:54:23.853Z","level":"INFO","device":"868120100002","event":"RX_MSG","detail":"0x8001 bodyLen=5"}
{"ts":"2026-04-05T21:54:23.853Z","level":"INFO","device":"868120100002","event":"SERVER_ACK","detail":"0x0200 result=OK"}
{"ts":"2026-04-05T21:54:23.860Z","level":"INFO","device":"200000000002","event":"SERVER_ACK","detail":"0x8001 Universal Reply Received"}
{"ts":"2026-04-05T21:54:23.949Z","level":"INFO","device":"200000000004","event":"HEARTBEAT_SENT","detail":"0x0002"}
{"ts":"2026-04-05T21:54:23.957Z","level":"INFO","device":"868120100004","event":"GPS_SENT","detail":""}
{"ts":"2026-04-05T21:54:23.960Z","level":"INFO","device":"200000000004","event":"OBD2_SENT_0x0200","detail":"Lat: 51.737042, Lng: 0.471553 | Speed: 43km/h | RPM: 2522"}
{"ts":"2026-04-05T21:54:24.001Z","level":"INFO","device":"200000000003","event":"SERVER_ACK","detail":"0x8001 Universal Reply Received"}
{"ts":"2026-04-05T21:54:24.008Z","level":"INFO","device":"868120100003","event":"RX_MSG","detail":"0x8001 bodyLen=5"}
{"ts":"2026-04-05T21:54:24.009Z","level":"INFO","device":"868120100003","event":"SERVER_ACK","detail":"0x0200 result=OK"}
{"ts":"2026-04-05T21:54:24.084Z","level":"INFO","device":"200000000001","event":"SERVER_ACK","detail":"0x8001 Universal Reply Received"}
{"ts":"2026-04-05T21:54:24.099Z","level":"INFO","device":"200000000005","event":"DTC_SENT_0x0900","detail":"Injected Fault Code: C1234"}
{"ts":"2026-04-05T21:54:24.099Z","level":"INFO","device":"200000000005","event":"HEARTBEAT_SENT","detail":"0x0002"}
{"ts":"2026-04-05T21:54:24.109Z","level":"INFO","device":"200000000005","event":"OBD2_SENT_0x0200","detail":"Lat: 51.735173, Lng: 0.482232 | Speed: 53km/h | RPM: 2923"}
{"ts":"2026-04-05T21:54:24.115Z","level":"INFO","device":"868120100005","event":"GPS_SENT","detail":""}
{"ts":"2026-04-05T21:54:24.159Z","level":"INFO","device":"200000000004","event":"SERVER_ACK","detail":"0x8001 Universal Reply Received"}
{"ts":"2026-04-05T21:54:24.174Z","level":"INFO","device":"868120100004","event":"RX_MSG","detail":"0x8001 bodyLen=5"}
{"ts":"2026-04-05T21:54:24.174Z","level":"INFO","device":"868120100004","event":"SERVER_ACK","detail":"0x0200 result=OK"}
{"ts":"2026-04-05T21:54:24.194Z","level":"INFO","device":"200000000002","event":"SERVER_ACK","detail":"0x8001 Universal Reply Received"}
{"ts":"2026-04-05T21:54:24.249Z","level":"INFO","device":"200000000006","event":"HEARTBEAT_SENT","detail":"0x0002"}
{"ts":"2026-04-05T21:54:24.249Z","level":"INFO","device":"868120100006","event":"GPS_SENT","detail":""}
{"ts":"2026-04-05T21:54:24.255Z","level":"INFO","device":"200000000006","event":"OBD2_SENT_0x0200","detail":"Lat: 51.737402, Lng: 0.473013 | Speed: 45km/h | RPM: 2583"}
{"ts":"2026-04-05T21:54:24.305Z","level":"INFO","device":"200000000005","event":"SERVER_ACK","detail":"0x8001 Universal Reply Received"}
{"ts":"2026-04-05T21:54:24.325Z","level":"INFO","device":"868120100005","event":"RX_MSG","detail":"0x8001 bodyLen=5"}
{"ts":"2026-04-05T21:54:24.325Z","level":"INFO","device":"868120100005","event":"SERVER_ACK","detail":"0x0200 result=OK"}
{"ts":"2026-04-05T21:54:24.342Z","level":"INFO","device":"200000000003","event":"SERVER_ACK","detail":"0x8001 Universal Reply Received"}
{"ts":"2026-04-05T21:54:24.400Z","level":"INFO","device":"200000000007","event":"HEARTBEAT_SENT","detail":"0x0002"}
{"ts":"2026-04-05T21:54:24.401Z","level":"INFO","device":"868120100007","event":"GPS_SENT","detail":""}
{"ts":"2026-04-05T21:54:24.401Z","level":"INFO","device":"200000000007","event":"OBD2_SENT_0x0200","detail":"Lat: 51.733453, Lng: 0.485423 | Speed: 61km/h | RPM: 3250"}
{"ts":"2026-04-05T21:54:24.459Z","level":"INFO","device":"868120100006","event":"RX_MSG","detail":"0x8001 bodyLen=5"}
{"ts":"2026-04-05T21:54:24.459Z","level":"INFO","device":"868120100006","event":"SERVER_ACK","detail":"0x0200 result=OK"}
{"ts":"2026-04-05T21:54:24.463Z","level":"INFO","device":"200000000006","event":"SERVER_ACK","detail":"0x8001 Universal Reply Received"}
{"ts":"2026-04-05T21:54:24.505Z","level":"INFO","device":"200000000004","event":"SERVER_ACK","detail":"0x8001 Universal Reply Received"}
{"ts":"2026-04-05T21:54:24.547Z","level":"INFO","device":"200000000008","event":"DTC_SENT_0x0900","detail":"Injected Fault Code: P0171"}
{"ts":"2026-04-05T21:54:24.549Z","level":"INFO","device":"200000000008","event":"HEARTBEAT_SENT","detail":"0x0002"}
{"ts":"2026-04-05T21:54:24.551Z","level":"INFO","device":"868120100008","event":"GPS_SENT","detail":""}
{"ts":"2026-04-05T21:54:24.555Z","level":"INFO","device":"200000000008","event":"OBD2_SENT_0x0200","detail":"Lat: 51.717180, Lng: 0.502447 | Speed: 34km/h | RPM: 2159"}
{"ts":"2026-04-05T21:54:24.603Z","level":"INFO","device":"200000000007","event":"SERVER_ACK","detail":"0x8001 Universal Reply Received"}
{"ts":"2026-04-05T21:54:24.603Z","level":"INFO","device":"868120100007","event":"RX_MSG","detail":"0x8001 bodyLen=5"}
{"ts":"2026-04-05T21:54:24.604Z","level":"INFO","device":"868120100007","event":"SERVER_ACK","detail":"0x0200 result=OK"}
{"ts":"2026-04-05T21:54:24.622Z","level":"INFO","device":"200000000005","event":"SERVER_ACK","detail":"0x8001 Universal Reply Received"}
{"ts":"2026-04-05T21:54:24.699Z","level":"INFO","device":"868120100009","event":"INCIDENT_SENT","detail":"mediaId=1 alarmId=86812010000900260405215424010200"}
{"ts":"2026-04-05T21:54:24.701Z","level":"INFO","device":"200000000009","event":"HEARTBEAT_SENT","detail":"0x0002"}
{"ts":"2026-04-05T21:54:24.704Z","level":"INFO","device":"200000000009","event":"OBD2_SENT_0x0200","detail":"Lat: 51.717924, Lng: 0.500963 | Speed: 34km/h | RPM: 2158"}
{"ts":"2026-04-05T21:54:24.713Z","level":"INFO","device":"868120100009","event":"GPS_SENT","detail":""}
{"ts":"2026-04-05T21:54:24.753Z","level":"INFO","device":"868120100008","event":"RX_MSG","detail":"0x8001 bodyLen=5"}
{"ts":"2026-04-05T21:54:24.753Z","level":"INFO","device":"868120100008","event":"SERVER_ACK","detail":"0x0200 result=OK"}
{"ts":"2026-04-05T21:54:24.788Z","level":"INFO","device":"200000000006","event":"SERVER_ACK","detail":"0x8001 Universal Reply Received"}
{"ts":"2026-04-05T21:54:24.850Z","level":"INFO","device":"200000000010","event":"HEARTBEAT_SENT","detail":"0x0002"}
{"ts":"2026-04-05T21:54:24.854Z","level":"INFO","device":"100000000010","event":"GPS_SENT","detail":""}
{"ts":"2026-04-05T21:54:24.861Z","level":"INFO","device":"200000000010","event":"OBD2_SENT_0x0200","detail":"Lat: 51.715194, Lng: 0.508495 | Speed: 27km/h | RPM: 1887"}
{"ts":"2026-04-05T21:54:24.901Z","level":"INFO","device":"868120100009","event":"RX_MSG","detail":"0x8001 bodyLen=5"}
{"ts":"2026-04-05T21:54:24.901Z","level":"INFO","device":"868120100009","event":"SERVER_ACK","detail":"0x0200 result=OK"}
{"ts":"2026-04-05T21:54:24.912Z","level":"INFO","device":"200000000009","event":"SERVER_ACK","detail":"0x8001 Universal Reply Received"}
{"ts":"2026-04-05T21:54:24.934Z","level":"INFO","device":"200000000007","event":"SERVER_ACK","detail":"0x8001 Universal Reply Received"}
{"ts":"2026-04-05T21:54:25.044Z","level":"INFO","device":"200000000008","event":"SERVER_ACK","detail":"0x8001 Universal Reply Received"}
{"ts":"2026-04-05T21:54:25.055Z","level":"INFO","device":"100000000010","event":"RX_MSG","detail":"0x8001 bodyLen=5"}
{"ts":"2026-04-05T21:54:25.055Z","level":"INFO","device":"100000000010","event":"SERVER_ACK","detail":"0x0200 result=OK"}
{"ts":"2026-04-05T21:54:25.070Z","level":"INFO","device":"200000000010","event":"SERVER_ACK","detail":"0x8001 Universal Reply Received"}
{"ts":"2026-04-05T21:54:25.214Z","level":"INFO","device":"868120100009","event":"RX_MSG","detail":"0x9208 bodyLen=81"}
{"ts":"2026-04-05T21:54:25.214Z","level":"INFO","device":"868120100009","event":"9208_RAW","detail":"0C35342E33372E3232352E36350D32000086812010000900260405215424010200383638313230313030303039303032363034303532313534323430313032303000000000000000000000000000000000"}
{"ts":"2026-04-05T21:54:25.215Z","level":"INFO","device":"868120100009","event":"UPLOAD_TRIGGERED","detail":"media: 54.37.225.65:3378 | alarmId: 86812010000900260405215424010200"}
{"ts":"2026-04-05T21:54:25.216Z","level":"INFO","device":"868120100009","event":"MEDIA_CONNECTING","detail":"54.37.225.65:3378 files=2"}
{"ts":"2026-04-05T21:54:25.217Z","level":"INFO","device":"868120100009","event":"RX_MSG","detail":"0x8001 bodyLen=5"}
{"ts":"2026-04-05T21:54:25.217Z","level":"INFO","device":"868120100009","event":"SERVER_ACK","detail":"0x0800 result=OK"}
{"ts":"2026-04-05T21:54:25.218Z","level":"INFO","device":"868120100009","event":"RX_MSG","detail":"0x8001 bodyLen=5"}
{"ts":"2026-04-05T21:54:25.218Z","level":"INFO","device":"868120100009","event":"SERVER_ACK","detail":"0x0200 result=OK"}
{"ts":"2026-04-05T21:54:25.253Z","level":"INFO","device":"200000000009","event":"SERVER_ACK","detail":"0x8001 Universal Reply Received"}
{"ts":"2026-04-05T21:54:25.353Z","level":"INFO","device":"200000000008","event":"SERVER_ACK","detail":"0x8001 Universal Reply Received"}
{"ts":"2026-04-05T21:54:25.417Z","level":"INFO","device":"200000000010","event":"SERVER_ACK","detail":"0x8001 Universal Reply Received"}
{"ts":"2026-04-05T21:54:25.418Z","level":"INFO","device":"868120100009","event":"MEDIA_CONNECTED","detail":"54.37.225.65:3378"}
{"ts":"2026-04-05T21:54:25.419Z","level":"INFO","device":"868120100009","event":"FILE_START","detail":"[1/2] 00_64_6401_00_86812010000900260405215424010200.jpg (215 bytes)"}
{"ts":"2026-04-05T21:54:25.419Z","level":"INFO","device":"868120100009","event":"SENT_1210","detail":"00_64_6401_00_86812010000900260405215424010200.jpg"}
{"ts":"2026-04-05T21:54:25.520Z","level":"INFO","device":"868120100009","event":"SENT_RAW_MARKER","detail":"00_64_6401_00_86812010000900260405215424010200.jpg packet=277 bytes data=215 bytes"}
{"ts":"2026-04-05T21:54:25.521Z","level":"INFO","device":"868120100009","event":"SENT_1212","detail":"00_64_6401_00_86812010000900260405215424010200.jpg type=0"}
{"ts":"2026-04-05T21:54:25.621Z","level":"INFO","device":"868120100009","event":"MEDIA_RX","detail":"7E 80 01 00 05 86 81 20 10 00 09 A0 4C 00 00 12 10 00 54 7E"}
{"ts":"2026-04-05T21:54:25.822Z","level":"INFO","device":"868120100009","event":"MEDIA_RX","detail":"7E 92 12 00 36 86 81 20 10 00 09 F9 89 32 30 30 5F 36 34 5F 36 34 30 31 5F 30 30 5F 38 36 38 31 32 30 31 30 30 30 30 39 30 30 32 36 30 34 30 35 32 31 35 34 32 34 30 31 30 32 30 30 2E 6A 70 67 00 00 00 97 7E"}
{"ts":"2026-04-05T21:54:25.823Z","level":"INFO","device":"868120100009","event":"FILE_START","detail":"[2/2] 02_64_6401_03_86812010000900260405215424010200.mp4 (65536 bytes)"}
{"ts":"2026-04-05T21:54:25.823Z","level":"INFO","device":"868120100009","event":"SENT_1210","detail":"02_64_6401_03_86812010000900260405215424010200.mp4"}
{"ts":"2026-04-05T21:54:25.924Z","level":"INFO","device":"868120100009","event":"SENT_RAW_MARKER","detail":"02_64_6401_03_86812010000900260405215424010200.mp4 packet=65598 bytes data=65536 bytes"}
{"ts":"2026-04-05T21:54:25.924Z","level":"INFO","device":"868120100009","event":"SENT_1212","detail":"02_64_6401_03_86812010000900260405215424010200.mp4 type=2"}
{"ts":"2026-04-05T21:54:26.024Z","level":"INFO","device":"868120100009","event":"MEDIA_RX","detail":"7E 80 01 00 05 86 81 20 10 00 09 B2 73 00 02 12 10 00 7B 7E"}
{"ts":"2026-04-05T21:54:26.224Z","level":"INFO","device":"868120100009","event":"BATCH_COMPLETE","detail":"All 2 files sent"}
{"ts":"2026-04-05T21:54:26.628Z","level":"ERROR","device":"868120100009","event":"MEDIA_ERROR","detail":"54.37.225.65:3378 — read ECONNRESET"}
{"ts":"2026-04-05T21:54:26.629Z","level":"INFO","device":"868120100009","event":"MEDIA_CLOSED","detail":""}
{"ts":"2026-04-05T21:54:38.616Z","level":"INFO","device":"200000000001","event":"OBD2_SENT_0x0200","detail":"Lat: 51.727767, Lng: 0.495100 | Speed: 17km/h | RPM: 1484"}
{"ts":"2026-04-05T21:54:38.658Z","level":"INFO","device":"200000000002","event":"OBD2_SENT_0x0200","detail":"Lat: 51.719659, Lng: 0.498753 | Speed: 17km/h | RPM: 1471"}
{"ts":"2026-04-05T21:54:38.809Z","level":"INFO","device":"200000000003","event":"OBD2_SENT_0x0200","detail":"Lat: 51.737780, Lng: 0.476835 | Speed: 32km/h | RPM: 2093"}
{"ts":"2026-04-05T21:54:38.812Z","level":"INFO","device":"200000000001","event":"SERVER_ACK","detail":"0x8001 Universal Reply Received"}
{"ts":"2026-04-05T21:54:38.868Z","level":"INFO","device":"200000000002","event":"SERVER_ACK","detail":"0x8001 Universal Reply Received"}
{"ts":"2026-04-05T21:54:38.961Z","level":"INFO","device":"200000000004","event":"OBD2_SENT_0x0200","detail":"Lat: 51.737537, Lng: 0.473819 | Speed: 41km/h | RPM: 2439"}
{"ts":"2026-04-05T21:54:39.012Z","level":"INFO","device":"200000000003","event":"SERVER_ACK","detail":"0x8001 Universal Reply Received"}
{"ts":"2026-04-05T21:54:39.110Z","level":"INFO","device":"200000000005","event":"OBD2_SENT_0x0200","detail":"Lat: 51.733805, Lng: 0.484364 | Speed: 53km/h | RPM: 2927"}
{"ts":"2026-04-05T21:54:39.173Z","level":"INFO","device":"200000000004","event":"SERVER_ACK","detail":"0x8001 Universal Reply Received"}
{"ts":"2026-04-05T21:54:39.256Z","level":"INFO","device":"200000000006","event":"OBD2_SENT_0x0200","detail":"Lat: 51.737752, Lng: 0.475448 | Speed: 42km/h | RPM: 2467"}
{"ts":"2026-04-05T21:54:39.316Z","level":"INFO","device":"200000000005","event":"SERVER_ACK","detail":"0x8001 Universal Reply Received"}
{"ts":"2026-04-05T21:54:39.401Z","level":"INFO","device":"200000000007","event":"OBD2_SENT_0x0200","detail":"Lat: 51.732334, Lng: 0.489414 | Speed: 66km/h | RPM: 3438"}
{"ts":"2026-04-05T21:54:39.470Z","level":"INFO","device":"200000000006","event":"SERVER_ACK","detail":"0x8001 Universal Reply Received"}
{"ts":"2026-04-05T21:54:39.556Z","level":"INFO","device":"200000000008","event":"OBD2_SENT_0x0200","detail":"Lat: 51.716501, Lng: 0.504078 | Speed: 33km/h | RPM: 2112"}
{"ts":"2026-04-05T21:54:39.606Z","level":"INFO","device":"200000000007","event":"SERVER_ACK","detail":"0x8001 Universal Reply Received"}
{"ts":"2026-04-05T21:54:39.704Z","level":"INFO","device":"200000000009","event":"OBD2_SENT_0x0200","detail":"Lat: 51.717121, Lng: 0.502583 | Speed: 34km/h | RPM: 2154"}
{"ts":"2026-04-05T21:54:39.744Z","level":"INFO","device":"200000000008","event":"SERVER_ACK","detail":"0x8001 Universal Reply Received"}
{"ts":"2026-04-05T21:54:39.861Z","level":"INFO","device":"200000000010","event":"OBD2_SENT_0x0200","detail":"Lat: 51.714845, Lng: 0.510123 | Speed: 28km/h | RPM: 1940"}
{"ts":"2026-04-05T21:54:39.915Z","level":"INFO","device":"200000000009","event":"SERVER_ACK","detail":"0x8001 Universal Reply Received"}
{"ts":"2026-04-05T21:54:40.081Z","level":"INFO","device":"200000000010","event":"SERVER_ACK","detail":"0x8001 Universal Reply Received"}
{"ts":"2026-04-05T21:54:43.578Z","level":"INFO","device":"868120018681","event":"GPS_SENT","detail":""}
{"ts":"2026-04-05T21:54:43.651Z","level":"INFO","device":"868120100002","event":"GPS_SENT","detail":""}
{"ts":"2026-04-05T21:54:43.783Z","level":"INFO","device":"868120018681","event":"RX_MSG","detail":"0x8001 bodyLen=5"}
{"ts":"2026-04-05T21:54:43.783Z","level":"INFO","device":"868120018681","event":"SERVER_ACK","detail":"0x0200 result=OK"}
{"ts":"2026-04-05T21:54:43.800Z","level":"INFO","device":"868120100003","event":"GPS_SENT","detail":""}
{"ts":"2026-04-05T21:54:43.852Z","level":"INFO","device":"868120100002","event":"RX_MSG","detail":"0x8001 bodyLen=5"}
{"ts":"2026-04-05T21:54:43.852Z","level":"INFO","device":"868120100002","event":"SERVER_ACK","detail":"0x0200 result=OK"}
{"ts":"2026-04-05T21:54:43.957Z","level":"INFO","device":"868120100004","event":"GPS_SENT","detail":""}
{"ts":"2026-04-05T21:54:44.008Z","level":"INFO","device":"868120100003","event":"RX_MSG","detail":"0x8001 bodyLen=5"}
{"ts":"2026-04-05T21:54:44.008Z","level":"INFO","device":"868120100003","event":"SERVER_ACK","detail":"0x0200 result=OK"}
{"ts":"2026-04-05T21:54:44.115Z","level":"INFO","device":"868120100005","event":"GPS_SENT","detail":""}
{"ts":"2026-04-05T21:54:44.174Z","level":"INFO","device":"868120100004","event":"RX_MSG","detail":"0x8001 bodyLen=5"}
{"ts":"2026-04-05T21:54:44.174Z","level":"INFO","device":"868120100004","event":"SERVER_ACK","detail":"0x0200 result=OK"}
{"ts":"2026-04-05T21:54:44.249Z","level":"INFO","device":"868120100006","event":"GPS_SENT","detail":""}
{"ts":"2026-04-05T21:54:44.326Z","level":"INFO","device":"868120100005","event":"RX_MSG","detail":"0x8001 bodyLen=5"}
{"ts":"2026-04-05T21:54:44.326Z","level":"INFO","device":"868120100005","event":"SERVER_ACK","detail":"0x0200 result=OK"}
{"ts":"2026-04-05T21:54:44.401Z","level":"INFO","device":"868120100007","event":"GPS_SENT","detail":""}
{"ts":"2026-04-05T21:54:44.459Z","level":"INFO","device":"868120100006","event":"RX_MSG","detail":"0x8001 bodyLen=5"}
{"ts":"2026-04-05T21:54:44.461Z","level":"INFO","device":"868120100006","event":"SERVER_ACK","detail":"0x0200 result=OK"}
{"ts":"2026-04-05T21:54:44.551Z","level":"INFO","device":"868120100008","event":"GPS_SENT","detail":""}
{"ts":"2026-04-05T21:54:44.602Z","level":"INFO","device":"868120100007","event":"RX_MSG","detail":"0x8001 bodyLen=5"}
{"ts":"2026-04-05T21:54:44.602Z","level":"INFO","device":"868120100007","event":"SERVER_ACK","detail":"0x0200 result=OK"}
{"ts":"2026-04-05T21:54:44.712Z","level":"INFO","device":"868120100009","event":"GPS_SENT","detail":""}
{"ts":"2026-04-05T21:54:44.753Z","level":"INFO","device":"868120100008","event":"RX_MSG","detail":"0x8001 bodyLen=5"}
{"ts":"2026-04-05T21:54:44.753Z","level":"INFO","device":"868120100008","event":"SERVER_ACK","detail":"0x0200 result=OK"}
{"ts":"2026-04-05T21:54:44.853Z","level":"INFO","device":"100000000010","event":"GPS_SENT","detail":""}
{"ts":"2026-04-05T21:54:44.916Z","level":"INFO","device":"868120100009","event":"RX_MSG","detail":"0x8001 bodyLen=5"}
{"ts":"2026-04-05T21:54:44.916Z","level":"INFO","device":"868120100009","event":"SERVER_ACK","detail":"0x0200 result=OK"}
{"ts":"2026-04-05T21:54:45.053Z","level":"INFO","device":"100000000010","event":"RX_MSG","detail":"0x8001 bodyLen=5"}
{"ts":"2026-04-05T21:54:45.054Z","level":"INFO","device":"100000000010","event":"SERVER_ACK","detail":"0x0200 result=OK"}
{"ts":"2026-04-05T21:54:53.569Z","level":"INFO","device":"200000000001","event":"HEARTBEAT_SENT","detail":"0x0002"}
{"ts":"2026-04-05T21:54:53.616Z","level":"INFO","device":"200000000001","event":"OBD2_SENT_0x0200","detail":"Lat: 51.727311, Lng: 0.495345 | Speed: 13km/h | RPM: 1320"}
{"ts":"2026-04-05T21:54:53.650Z","level":"INFO","device":"200000000002","event":"HEARTBEAT_SENT","detail":"0x0002"}
{"ts":"2026-04-05T21:54:53.658Z","level":"INFO","device":"200000000002","event":"OBD2_SENT_0x0200","detail":"Lat: 51.719147, Lng: 0.499303 | Speed: 17km/h | RPM: 1469"}
{"ts":"2026-04-05T21:54:53.768Z","level":"INFO","device":"200000000001","event":"SERVER_ACK","detail":"0x8001 Universal Reply Received"}
{"ts":"2026-04-05T21:54:53.798Z","level":"INFO","device":"200000000003","event":"HEARTBEAT_SENT","detail":"0x0002"}
{"ts":"2026-04-05T21:54:53.809Z","level":"INFO","device":"200000000003","event":"OBD2_SENT_0x0200","detail":"Lat: 51.737440, Lng: 0.478840 | Speed: 33km/h | RPM: 2138"}
{"ts":"2026-04-05T21:54:53.859Z","level":"INFO","device":"200000000002","event":"SERVER_ACK","detail":"0x8001 Universal Reply Received"}
{"ts":"2026-04-05T21:54:53.949Z","level":"INFO","device":"200000000004","event":"HEARTBEAT_SENT","detail":"0x0002"}
{"ts":"2026-04-05T21:54:53.960Z","level":"INFO","device":"200000000004","event":"OBD2_SENT_0x0200","detail":"Lat: 51.737786, Lng: 0.476256 | Speed: 42km/h | RPM: 2468"}
{"ts":"2026-04-05T21:54:54.000Z","level":"INFO","device":"200000000003","event":"SERVER_ACK","detail":"0x8001 Universal Reply Received"}
{"ts":"2026-04-05T21:54:54.078Z","level":"INFO","device":"200000000001","event":"SERVER_ACK","detail":"0x8001 Universal Reply Received"}
{"ts":"2026-04-05T21:54:54.100Z","level":"INFO","device":"200000000005","event":"HEARTBEAT_SENT","detail":"0x0002"}
{"ts":"2026-04-05T21:54:54.110Z","level":"INFO","device":"200000000005","event":"OBD2_SENT_0x0200","detail":"Lat: 51.732973, Lng: 0.487508 | Speed: 55km/h | RPM: 3011"}
{"ts":"2026-04-05T21:54:54.161Z","level":"INFO","device":"200000000004","event":"SERVER_ACK","detail":"0x8001 Universal Reply Received"}
{"ts":"2026-04-05T21:54:54.187Z","level":"INFO","device":"200000000002","event":"SERVER_ACK","detail":"0x8001 Universal Reply Received"}
{"ts":"2026-04-05T21:54:54.249Z","level":"INFO","device":"200000000006","event":"HEARTBEAT_SENT","detail":"0x0002"}
{"ts":"2026-04-05T21:54:54.256Z","level":"INFO","device":"200000000006","event":"OBD2_SENT_0x0200","detail":"Lat: 51.737610, Lng: 0.478160 | Speed: 45km/h | RPM: 2597"}
{"ts":"2026-04-05T21:54:54.302Z","level":"INFO","device":"200000000005","event":"SERVER_ACK","detail":"0x8001 Universal Reply Received"}
{"ts":"2026-04-05T21:54:54.335Z","level":"INFO","device":"200000000003","event":"SERVER_ACK","detail":"0x8001 Universal Reply Received"}
{"ts":"2026-04-05T21:54:54.400Z","level":"INFO","device":"200000000007","event":"HEARTBEAT_SENT","detail":"0x0002"}
{"ts":"2026-04-05T21:54:54.401Z","level":"INFO","device":"200000000007","event":"OBD2_SENT_0x0200","detail":"Lat: 51.730459, Lng: 0.492695 | Speed: 66km/h | RPM: 3443"}
{"ts":"2026-04-05T21:54:54.462Z","level":"INFO","device":"200000000006","event":"SERVER_ACK","detail":"0x8001 Universal Reply Received"}
{"ts":"2026-04-05T21:54:54.499Z","level":"INFO","device":"200000000004","event":"SERVER_ACK","detail":"0x8001 Universal Reply Received"}
{"ts":"2026-04-05T21:54:54.549Z","level":"INFO","device":"200000000008","event":"HEARTBEAT_SENT","detail":"0x0002"}
{"ts":"2026-04-05T21:54:54.556Z","level":"INFO","device":"200000000008","event":"OBD2_SENT_0x0200","detail":"Lat: 51.715899, Lng: 0.505904 | Speed: 35km/h | RPM: 2194"}
{"ts":"2026-04-05T21:54:54.601Z","level":"INFO","device":"200000000007","event":"SERVER_ACK","detail":"0x8001 Universal Reply Received"}
{"ts":"2026-04-05T21:54:54.616Z","level":"INFO","device":"200000000005","event":"SERVER_ACK","detail":"0x8001 Universal Reply Received"}
{"ts":"2026-04-05T21:54:54.701Z","level":"INFO","device":"200000000009","event":"HEARTBEAT_SENT","detail":"0x0002"}
{"ts":"2026-04-05T21:54:54.704Z","level":"INFO","device":"200000000009","event":"OBD2_SENT_0x0200","detail":"Lat: 51.716409, Lng: 0.504335 | Speed: 35km/h | RPM: 2209"}
{"ts":"2026-04-05T21:54:54.781Z","level":"INFO","device":"200000000006","event":"SERVER_ACK","detail":"0x8001 Universal Reply Received"}
{"ts":"2026-04-05T21:54:54.850Z","level":"INFO","device":"200000000010","event":"HEARTBEAT_SENT","detail":"0x0002"}
{"ts":"2026-04-05T21:54:54.862Z","level":"INFO","device":"200000000010","event":"OBD2_SENT_0x0200","detail":"Lat: 51.714521, Lng: 0.511637 | Speed: 26km/h | RPM: 1860"}
{"ts":"2026-04-05T21:54:54.912Z","level":"INFO","device":"200000000009","event":"SERVER_ACK","detail":"0x8001 Universal Reply Received"}
{"ts":"2026-04-05T21:54:54.926Z","level":"INFO","device":"200000000007","event":"SERVER_ACK","detail":"0x8001 Universal Reply Received"}
{"ts":"2026-04-05T21:54:55.023Z","level":"INFO","device":"200000000008","event":"SERVER_ACK","detail":"0x8001 Universal Reply Received"}
{"ts":"2026-04-05T21:54:55.068Z","level":"INFO","device":"200000000010","event":"SERVER_ACK","detail":"0x8001 Universal Reply Received"}
{"ts":"2026-04-05T21:54:55.246Z","level":"INFO","device":"200000000009","event":"SERVER_ACK","detail":"0x8001 Universal Reply Received"}
{"ts":"2026-04-05T21:54:55.316Z","level":"INFO","device":"200000000008","event":"SERVER_ACK","detail":"0x8001 Universal Reply Received"}
{"ts":"2026-04-05T21:54:55.409Z","level":"INFO","device":"200000000010","event":"SERVER_ACK","detail":"0x8001 Universal Reply Received"}
{"ts":"2026-04-05T21:55:03.586Z","level":"INFO","device":"868120018681","event":"GPS_SENT","detail":""}
{"ts":"2026-04-05T21:55:03.651Z","level":"INFO","device":"868120100002","event":"GPS_SENT","detail":""}
{"ts":"2026-04-05T21:55:03.789Z","level":"INFO","device":"868120018681","event":"RX_MSG","detail":"0x8001 bodyLen=5"}
{"ts":"2026-04-05T21:55:03.789Z","level":"INFO","device":"868120018681","event":"SERVER_ACK","detail":"0x0200 result=OK"}
{"ts":"2026-04-05T21:55:03.800Z","level":"INFO","device":"868120100003","event":"GPS_SENT","detail":""}
{"ts":"2026-04-05T21:55:03.852Z","level":"INFO","device":"868120100002","event":"RX_MSG","detail":"0x8001 bodyLen=5"}
{"ts":"2026-04-05T21:55:03.852Z","level":"INFO","device":"868120100002","event":"SERVER_ACK","detail":"0x0200 result=OK"}
{"ts":"2026-04-05T21:55:03.958Z","level":"INFO","device":"868120100004","event":"GPS_SENT","detail":""}
{"ts":"2026-04-05T21:55:04.008Z","level":"INFO","device":"868120100003","event":"RX_MSG","detail":"0x8001 bodyLen=5"}
{"ts":"2026-04-05T21:55:04.008Z","level":"INFO","device":"868120100003","event":"SERVER_ACK","detail":"0x0200 result=OK"}
{"ts":"2026-04-05T21:55:04.116Z","level":"INFO","device":"868120100005","event":"GPS_SENT","detail":""}
{"ts":"2026-04-05T21:55:04.176Z","level":"INFO","device":"868120100004","event":"RX_MSG","detail":"0x8001 bodyLen=5"}
{"ts":"2026-04-05T21:55:04.176Z","level":"INFO","device":"868120100004","event":"SERVER_ACK","detail":"0x0200 result=OK"}
{"ts":"2026-04-05T21:55:04.249Z","level":"INFO","device":"868120100006","event":"GPS_SENT","detail":""}
{"ts":"2026-04-05T21:55:04.328Z","level":"INFO","device":"868120100005","event":"RX_MSG","detail":"0x8001 bodyLen=5"}
{"ts":"2026-04-05T21:55:04.328Z","level":"INFO","device":"868120100005","event":"SERVER_ACK","detail":"0x0200 result=OK"}
{"ts":"2026-04-05T21:55:04.400Z","level":"INFO","device":"868120100007","event":"GPS_SENT","detail":""}
{"ts":"2026-04-05T21:55:04.460Z","level":"INFO","device":"868120100006","event":"RX_MSG","detail":"0x8001 bodyLen=5"}
{"ts":"2026-04-05T21:55:04.460Z","level":"INFO","device":"868120100006","event":"SERVER_ACK","detail":"0x0200 result=OK"}
{"ts":"2026-04-05T21:55:04.552Z","level":"INFO","device":"868120100008","event":"GPS_SENT","detail":""}
{"ts":"2026-04-05T21:55:04.603Z","level":"INFO","device":"868120100007","event":"RX_MSG","detail":"0x8001 bodyLen=5"}
{"ts":"2026-04-05T21:55:04.603Z","level":"INFO","device":"868120100007","event":"SERVER_ACK","detail":"0x0200 result=OK"}
{"ts":"2026-04-05T21:55:04.712Z","level":"INFO","device":"868120100009","event":"GPS_SENT","detail":""}
{"ts":"2026-04-05T21:55:04.753Z","level":"INFO","device":"868120100008","event":"RX_MSG","detail":"0x8001 bodyLen=5"}
{"ts":"2026-04-05T21:55:04.753Z","level":"INFO","device":"868120100008","event":"SERVER_ACK","detail":"0x0200 result=OK"}
{"ts":"2026-04-05T21:55:04.853Z","level":"INFO","device":"100000000010","event":"GPS_SENT","detail":""}
{"ts":"2026-04-05T21:55:04.914Z","level":"INFO","device":"868120100009","event":"RX_MSG","detail":"0x8001 bodyLen=5"}
{"ts":"2026-04-05T21:55:04.914Z","level":"INFO","device":"868120100009","event":"SERVER_ACK","detail":"0x0200 result=OK"}
{"ts":"2026-04-05T21:55:05.055Z","level":"INFO","device":"100000000010","event":"RX_MSG","detail":"0x8001 bodyLen=5"}
{"ts":"2026-04-05T21:55:05.055Z","level":"INFO","device":"100000000010","event":"SERVER_ACK","detail":"0x0200 result=OK"}
{"ts":"2026-04-05T21:55:08.619Z","level":"INFO","device":"200000000001","event":"OBD2_SENT_0x0200","detail":"Lat: 51.726906, Lng: 0.495547 | Speed: 11km/h | RPM: 1252"}
{"ts":"2026-04-05T21:55:08.658Z","level":"INFO","device":"200000000002","event":"OBD2_SENT_0x0200","detail":"Lat: 51.718595, Lng: 0.499958 | Speed: 18km/h | RPM: 1533"}
{"ts":"2026-04-05T21:55:08.810Z","level":"INFO","device":"200000000003","event":"OBD2_SENT_0x0200","detail":"Lat: 51.736860, Lng: 0.480186 | Speed: 29km/h | RPM: 1969"}
{"ts":"2026-04-05T21:55:08.816Z","level":"INFO","device":"200000000001","event":"SERVER_ACK","detail":"0x8001 Universal Reply Received"}
{"ts":"2026-04-05T21:55:08.868Z","level":"INFO","device":"200000000002","event":"SERVER_ACK","detail":"0x8001 Universal Reply Received"}
{"ts":"2026-04-05T21:55:08.963Z","level":"INFO","device":"200000000004","event":"OBD2_SENT_0x0200","detail":"Lat: 51.737437, Lng: 0.478851 | Speed: 43km/h | RPM: 2519"}
{"ts":"2026-04-05T21:55:09.013Z","level":"INFO","device":"200000000003","event":"SERVER_ACK","detail":"0x8001 Universal Reply Received"}
{"ts":"2026-04-05T21:55:09.110Z","level":"INFO","device":"200000000005","event":"OBD2_SENT_0x0200","detail":"Lat: 51.731821, Lng: 0.490558 | Speed: 60km/h | RPM: 3197"}
{"ts":"2026-04-05T21:55:09.175Z","level":"INFO","device":"200000000004","event":"SERVER_ACK","detail":"0x8001 Universal Reply Received"}
{"ts":"2026-04-05T21:55:09.259Z","level":"INFO","device":"200000000006","event":"OBD2_SENT_0x0200","detail":"Lat: 51.736755, Lng: 0.480327 | Speed: 45km/h | RPM: 2603"}
{"ts":"2026-04-05T21:55:09.313Z","level":"INFO","device":"200000000005","event":"SERVER_ACK","detail":"0x8001 Universal Reply Received"}
{"ts":"2026-04-05T21:55:09.401Z","level":"INFO","device":"200000000007","event":"OBD2_SENT_0x0200","detail":"Lat: 51.728247, Lng: 0.494812 | Speed: 62km/h | RPM: 3265"}
{"ts":"2026-04-05T21:55:09.473Z","level":"INFO","device":"200000000006","event":"SERVER_ACK","detail":"0x8001 Universal Reply Received"}
{"ts":"2026-04-05T21:55:09.556Z","level":"INFO","device":"200000000008","event":"OBD2_SENT_0x0200","detail":"Lat: 51.715413, Lng: 0.507604 | Speed: 31km/h | RPM: 2038"}
{"ts":"2026-04-05T21:55:09.604Z","level":"INFO","device":"200000000007","event":"SERVER_ACK","detail":"0x8001 Universal Reply Received"}
{"ts":"2026-04-05T21:55:09.704Z","level":"INFO","device":"200000000009","event":"OBD2_SENT_0x0200","detail":"Lat: 51.715892, Lng: 0.505929 | Speed: 30km/h | RPM: 2016"}
{"ts":"2026-04-05T21:55:09.746Z","level":"INFO","device":"200000000008","event":"SERVER_ACK","detail":"0x8001 Universal Reply Received"}
{"ts":"2026-04-05T21:55:09.863Z","level":"INFO","device":"200000000010","event":"OBD2_SENT_0x0200","detail":"Lat: 51.714294, Lng: 0.512940 | Speed: 23km/h | RPM: 1712"}
{"ts":"2026-04-05T21:55:09.929Z","level":"INFO","device":"200000000009","event":"SERVER_ACK","detail":"0x8001 Universal Reply Received"}
{"ts":"2026-04-05T21:55:10.081Z","level":"INFO","device":"200000000010","event":"SERVER_ACK","detail":"0x8001 Universal Reply Received"}
{"ts":"2026-04-05T21:55:23.574Z","level":"INFO","device":"200000000001","event":"DTC_SENT_0x0900","detail":"Injected Fault Code: P0300"}
{"ts":"2026-04-05T21:55:23.574Z","level":"INFO","device":"200000000001","event":"HEARTBEAT_SENT","detail":"0x0002"}
{"ts":"2026-04-05T21:55:23.586Z","level":"INFO","device":"868120018681","event":"GPS_SENT","detail":""}
{"ts":"2026-04-05T21:55:23.621Z","level":"INFO","device":"200000000001","event":"OBD2_SENT_0x0200","detail":"Lat: 51.726681, Lng: 0.495660 | Speed: 6km/h | RPM: 1052"}
{"ts":"2026-04-05T21:55:23.650Z","level":"INFO","device":"200000000002","event":"HEARTBEAT_SENT","detail":"0x0002"}
{"ts":"2026-04-05T21:55:23.652Z","level":"INFO","device":"868120100002","event":"GPS_SENT","detail":""}
{"ts":"2026-04-05T21:55:23.658Z","level":"INFO","device":"200000000002","event":"OBD2_SENT_0x0200","detail":"Lat: 51.718079, Lng: 0.500731 | Speed: 19km/h | RPM: 1551"}
{"ts":"2026-04-05T21:55:23.769Z","level":"INFO","device":"200000000001","event":"SERVER_ACK","detail":"0x8001 Universal Reply Received"}
{"ts":"2026-04-05T21:55:23.790Z","level":"INFO","device":"868120018681","event":"RX_MSG","detail":"0x8001 bodyLen=5"}
{"ts":"2026-04-05T21:55:23.790Z","level":"INFO","device":"868120018681","event":"SERVER_ACK","detail":"0x0200 result=OK"}
{"ts":"2026-04-05T21:55:23.798Z","level":"INFO","device":"200000000003","event":"HEARTBEAT_SENT","detail":"0x0002"}
{"ts":"2026-04-05T21:55:23.800Z","level":"INFO","device":"868120100003","event":"GPS_SENT","detail":""}
{"ts":"2026-04-05T21:55:23.811Z","level":"INFO","device":"200000000003","event":"OBD2_SENT_0x0200","detail":"Lat: 51.735924, Lng: 0.481355 | Speed: 32km/h | RPM: 2095"}
{"ts":"2026-04-05T21:55:23.853Z","level":"INFO","device":"868120100002","event":"RX_MSG","detail":"0x8001 bodyLen=5"}
{"ts":"2026-04-05T21:55:23.853Z","level":"INFO","device":"868120100002","event":"SERVER_ACK","detail":"0x0200 result=OK"}
{"ts":"2026-04-05T21:55:23.859Z","level":"INFO","device":"200000000002","event":"SERVER_ACK","detail":"0x8001 Universal Reply Received"}
{"ts":"2026-04-05T21:55:23.949Z","level":"INFO","device":"200000000004","event":"HEARTBEAT_SENT","detail":"0x0002"}
{"ts":"2026-04-05T21:55:23.958Z","level":"INFO","device":"868120100004","event":"GPS_SENT","detail":""}
{"ts":"2026-04-05T21:55:23.963Z","level":"INFO","device":"200000000004","event":"OBD2_SENT_0x0200","detail":"Lat: 51.736440, Lng: 0.480747 | Speed: 44km/h | RPM: 2560"}
{"ts":"2026-04-05T21:55:24.000Z","level":"INFO","device":"200000000003","event":"SERVER_ACK","detail":"0x8001 Universal Reply Received"}
{"ts":"2026-04-05T21:55:24.008Z","level":"INFO","device":"868120100003","event":"RX_MSG","detail":"0x8001 bodyLen=5"}
{"ts":"2026-04-05T21:55:24.009Z","level":"INFO","device":"868120100003","event":"SERVER_ACK","detail":"0x0200 result=OK"}
{"ts":"2026-04-05T21:55:24.089Z","level":"INFO","device":"200000000001","event":"SERVER_ACK","detail":"0x8001 Universal Reply Received"}
{"ts":"2026-04-05T21:55:24.100Z","level":"INFO","device":"200000000005","event":"HEARTBEAT_SENT","detail":"0x0002"}
{"ts":"2026-04-05T21:55:24.110Z","level":"INFO","device":"200000000005","event":"OBD2_SENT_0x0200","detail":"Lat: 51.730182, Lng: 0.493033 | Speed: 55km/h | RPM: 3000"}
{"ts":"2026-04-05T21:55:24.116Z","level":"INFO","device":"868120100005","event":"GPS_SENT","detail":""}
{"ts":"2026-04-05T21:55:24.159Z","level":"INFO","device":"200000000004","event":"SERVER_ACK","detail":"0x8001 Universal Reply Received"}
{"ts":"2026-04-05T21:55:24.175Z","level":"INFO","device":"868120100004","event":"RX_MSG","detail":"0x8001 bodyLen=5"}
{"ts":"2026-04-05T21:55:24.175Z","level":"INFO","device":"868120100004","event":"SERVER_ACK","detail":"0x0200 result=OK"}
{"ts":"2026-04-05T21:55:24.198Z","level":"INFO","device":"200000000002","event":"SERVER_ACK","detail":"0x8001 Universal Reply Received"}
{"ts":"2026-04-05T21:55:24.249Z","level":"INFO","device":"200000000006","event":"HEARTBEAT_SENT","detail":"0x0002"}
{"ts":"2026-04-05T21:55:24.250Z","level":"INFO","device":"868120100006","event":"GPS_SENT","detail":""}
{"ts":"2026-04-05T21:55:24.258Z","level":"INFO","device":"200000000006","event":"OBD2_SENT_0x0200","detail":"Lat: 51.735568, Lng: 0.481770 | Speed: 41km/h | RPM: 2443"}
{"ts":"2026-04-05T21:55:24.303Z","level":"INFO","device":"200000000005","event":"SERVER_ACK","detail":"0x8001 Universal Reply Received"}
{"ts":"2026-04-05T21:55:24.315Z","level":"INFO","device":"200000000003","event":"SERVER_ACK","detail":"0x8001 Universal Reply Received"}
{"ts":"2026-04-05T21:55:24.327Z","level":"INFO","device":"868120100005","event":"RX_MSG","detail":"0x8001 bodyLen=5"}
{"ts":"2026-04-05T21:55:24.328Z","level":"INFO","device":"868120100005","event":"SERVER_ACK","detail":"0x0200 result=OK"}
{"ts":"2026-04-05T21:55:24.400Z","level":"INFO","device":"200000000007","event":"HEARTBEAT_SENT","detail":"0x0002"}
{"ts":"2026-04-05T21:55:24.401Z","level":"INFO","device":"868120100007","event":"GPS_SENT","detail":""}
{"ts":"2026-04-05T21:55:24.402Z","level":"INFO","device":"200000000007","event":"OBD2_SENT_0x0200","detail":"Lat: 51.725997, Lng: 0.495881 | Speed: 64km/h | RPM: 3363"}
{"ts":"2026-04-05T21:55:24.460Z","level":"INFO","device":"868120100006","event":"RX_MSG","detail":"0x8001 bodyLen=5"}
{"ts":"2026-04-05T21:55:24.461Z","level":"INFO","device":"868120100006","event":"SERVER_ACK","detail":"0x0200 result=OK"}
{"ts":"2026-04-05T21:55:24.461Z","level":"INFO","device":"200000000006","event":"SERVER_ACK","detail":"0x8001 Universal Reply Received"}
{"ts":"2026-04-05T21:55:24.510Z","level":"INFO","device":"200000000004","event":"SERVER_ACK","detail":"0x8001 Universal Reply Received"}
{"ts":"2026-04-05T21:55:24.549Z","level":"INFO","device":"200000000008","event":"HEARTBEAT_SENT","detail":"0x0002"}
{"ts":"2026-04-05T21:55:24.552Z","level":"INFO","device":"868120100008","event":"GPS_SENT","detail":""}
{"ts":"2026-04-05T21:55:24.556Z","level":"INFO","device":"200000000008","event":"OBD2_SENT_0x0200","detail":"Lat: 51.715012, Lng: 0.509342 | Speed: 32km/h | RPM: 2066"}
{"ts":"2026-04-05T21:55:24.602Z","level":"INFO","device":"200000000007","event":"SERVER_ACK","detail":"0x8001 Universal Reply Received"}
{"ts":"2026-04-05T21:55:24.602Z","level":"INFO","device":"868120100007","event":"RX_MSG","detail":"0x8001 bodyLen=5"}
{"ts":"2026-04-05T21:55:24.602Z","level":"INFO","device":"868120100007","event":"SERVER_ACK","detail":"0x0200 result=OK"}
{"ts":"2026-04-05T21:55:24.626Z","level":"INFO","device":"200000000005","event":"SERVER_ACK","detail":"0x8001 Universal Reply Received"}
{"ts":"2026-04-05T21:55:24.701Z","level":"INFO","device":"200000000009","event":"HEARTBEAT_SENT","detail":"0x0002"}
{"ts":"2026-04-05T21:55:24.704Z","level":"INFO","device":"200000000009","event":"OBD2_SENT_0x0200","detail":"Lat: 51.715462, Lng: 0.507434 | Speed: 27km/h | RPM: 1896"}
{"ts":"2026-04-05T21:55:24.712Z","level":"INFO","device":"868120100009","event":"GPS_SENT","detail":""}
{"ts":"2026-04-05T21:55:24.753Z","level":"INFO","device":"868120100008","event":"RX_MSG","detail":"0x8001 bodyLen=5"}
{"ts":"2026-04-05T21:55:24.754Z","level":"INFO","device":"868120100008","event":"SERVER_ACK","detail":"0x0200 result=OK"}
{"ts":"2026-04-05T21:55:24.792Z","level":"INFO","device":"200000000006","event":"SERVER_ACK","detail":"0x8001 Universal Reply Received"}
{"ts":"2026-04-05T21:55:24.850Z","level":"INFO","device":"200000000010","event":"HEARTBEAT_SENT","detail":"0x0002"}
{"ts":"2026-04-05T21:55:24.853Z","level":"INFO","device":"100000000010","event":"GPS_SENT","detail":""}
{"ts":"2026-04-05T21:55:24.863Z","level":"INFO","device":"200000000010","event":"OBD2_SENT_0x0200","detail":"Lat: 51.714077, Lng: 0.514462 | Speed: 26km/h | RPM: 1833"}
{"ts":"2026-04-05T21:55:24.911Z","level":"INFO","device":"200000000009","event":"SERVER_ACK","detail":"0x8001 Universal Reply Received"}
{"ts":"2026-04-05T21:55:24.913Z","level":"INFO","device":"868120100009","event":"RX_MSG","detail":"0x8001 bodyLen=5"}
{"ts":"2026-04-05T21:55:24.913Z","level":"INFO","device":"868120100009","event":"SERVER_ACK","detail":"0x0200 result=OK"}
{"ts":"2026-04-05T21:55:24.937Z","level":"INFO","device":"200000000007","event":"SERVER_ACK","detail":"0x8001 Universal Reply Received"}
{"ts":"2026-04-05T21:55:25.016Z","level":"INFO","device":"200000000008","event":"SERVER_ACK","detail":"0x8001 Universal Reply Received"}
{"ts":"2026-04-05T21:55:25.054Z","level":"INFO","device":"100000000010","event":"RX_MSG","detail":"0x8001 bodyLen=5"}
{"ts":"2026-04-05T21:55:25.054Z","level":"INFO","device":"100000000010","event":"SERVER_ACK","detail":"0x0200 result=OK"}
{"ts":"2026-04-05T21:55:25.069Z","level":"INFO","device":"200000000010","event":"SERVER_ACK","detail":"0x8001 Universal Reply Received"}
{"ts":"2026-04-05T21:55:25.256Z","level":"INFO","device":"200000000009","event":"SERVER_ACK","detail":"0x8001 Universal Reply Received"}
{"ts":"2026-04-05T21:55:25.326Z","level":"INFO","device":"200000000008","event":"SERVER_ACK","detail":"0x8001 Universal Reply Received"}
{"ts":"2026-04-05T21:55:25.420Z","level":"INFO","device":"200000000010","event":"SERVER_ACK","detail":"0x8001 Universal Reply Received"}
{"ts":"2026-04-05T21:55:38.634Z","level":"INFO","device":"200000000001","event":"OBD2_SENT_0x0200","detail":"Lat: 51.726605, Lng: 0.495698 | Speed: 2km/h | RPM: 885"}
{"ts":"2026-04-05T21:55:38.658Z","level":"INFO","device":"200000000002","event":"OBD2_SENT_0x0200","detail":"Lat: 51.717699, Lng: 0.501403 | Speed: 15km/h | RPM: 1397"}
{"ts":"2026-04-05T21:55:38.811Z","level":"INFO","device":"200000000003","event":"OBD2_SENT_0x0200","detail":"Lat: 51.734877, Lng: 0.482576 | Speed: 34km/h | RPM: 2179"}
{"ts":"2026-04-05T21:55:38.832Z","level":"INFO","device":"200000000001","event":"SERVER_ACK","detail":"0x8001 Universal Reply Received"}
{"ts":"2026-04-05T21:55:38.867Z","level":"INFO","device":"200000000002","event":"SERVER_ACK","detail":"0x8001 Universal Reply Received"}
{"ts":"2026-04-05T21:55:38.964Z","level":"INFO","device":"200000000004","event":"OBD2_SENT_0x0200","detail":"Lat: 51.735203, Lng: 0.482196 | Speed: 43km/h | RPM: 2512"}
{"ts":"2026-04-05T21:55:39.013Z","level":"INFO","device":"200000000003","event":"SERVER_ACK","detail":"0x8001 Universal Reply Received"}
{"ts":"2026-04-05T21:55:39.110Z","level":"INFO","device":"200000000005","event":"OBD2_SENT_0x0200","detail":"Lat: 51.728394, Lng: 0.494724 | Speed: 54km/h | RPM: 2942"}
{"ts":"2026-04-05T21:55:39.175Z","level":"INFO","device":"200000000004","event":"SERVER_ACK","detail":"0x8001 Universal Reply Received"}
{"ts":"2026-04-05T21:55:39.258Z","level":"INFO","device":"200000000006","event":"OBD2_SENT_0x0200","detail":"Lat: 51.734306, Lng: 0.483371 | Speed: 44km/h | RPM: 2540"}
{"ts":"2026-04-05T21:55:39.314Z","level":"INFO","device":"200000000005","event":"SERVER_ACK","detail":"0x8001 Universal Reply Received"}
{"ts":"2026-04-05T21:55:39.403Z","level":"INFO","device":"200000000007","event":"OBD2_SENT_0x0200","detail":"Lat: 51.723794, Lng: 0.496442 | Speed: 60km/h | RPM: 3192"}
{"ts":"2026-04-05T21:55:39.470Z","level":"INFO","device":"200000000006","event":"SERVER_ACK","detail":"0x8001 Universal Reply Received"}
{"ts":"2026-04-05T21:55:39.557Z","level":"INFO","device":"200000000008","event":"OBD2_SENT_0x0200","detail":"Lat: 51.714631, Lng: 0.511122 | Speed: 31km/h | RPM: 2045"}
{"ts":"2026-04-05T21:55:39.606Z","level":"INFO","device":"200000000007","event":"SERVER_ACK","detail":"0x8001 Universal Reply Received"}
{"ts":"2026-04-05T21:55:39.704Z","level":"INFO","device":"200000000009","event":"OBD2_SENT_0x0200","detail":"Lat: 51.715061, Lng: 0.509117 | Speed: 31km/h | RPM: 2026"}
{"ts":"2026-04-05T21:55:39.743Z","level":"INFO","device":"200000000008","event":"SERVER_ACK","detail":"0x8001 Universal Reply Received"}
{"ts":"2026-04-05T21:55:39.863Z","level":"INFO","device":"200000000010","event":"OBD2_SENT_0x0200","detail":"Lat: 51.713822, Lng: 0.516244 | Speed: 30km/h | RPM: 2009"}
{"ts":"2026-04-05T21:55:39.920Z","level":"INFO","device":"200000000009","event":"SERVER_ACK","detail":"0x8001 Universal Reply Received"}
{"ts":"2026-04-05T21:55:40.082Z","level":"INFO","device":"200000000010","event":"SERVER_ACK","detail":"0x8001 Universal Reply Received"}
{"ts":"2026-04-05T21:55:43.589Z","level":"INFO","device":"868120018681","event":"GPS_SENT","detail":""}
{"ts":"2026-04-05T21:55:43.653Z","level":"INFO","device":"868120100002","event":"GPS_SENT","detail":""}
{"ts":"2026-04-05T21:55:43.792Z","level":"INFO","device":"868120018681","event":"RX_MSG","detail":"0x8001 bodyLen=5"}
{"ts":"2026-04-05T21:55:43.792Z","level":"INFO","device":"868120018681","event":"SERVER_ACK","detail":"0x0200 result=OK"}
{"ts":"2026-04-05T21:55:43.800Z","level":"INFO","device":"868120100003","event":"GPS_SENT","detail":""}
{"ts":"2026-04-05T21:55:43.854Z","level":"INFO","device":"868120100002","event":"RX_MSG","detail":"0x8001 bodyLen=5"}
{"ts":"2026-04-05T21:55:43.854Z","level":"INFO","device":"868120100002","event":"SERVER_ACK","detail":"0x0200 result=OK"}
{"ts":"2026-04-05T21:55:43.958Z","level":"INFO","device":"868120100004","event":"GPS_SENT","detail":""}
{"ts":"2026-04-05T21:55:44.009Z","level":"INFO","device":"868120100003","event":"RX_MSG","detail":"0x8001 bodyLen=5"}
{"ts":"2026-04-05T21:55:44.009Z","level":"INFO","device":"868120100003","event":"SERVER_ACK","detail":"0x0200 result=OK"}
{"ts":"2026-04-05T21:55:44.117Z","level":"INFO","device":"868120100005","event":"GPS_SENT","detail":""}
{"ts":"2026-04-05T21:55:44.175Z","level":"INFO","device":"868120100004","event":"RX_MSG","detail":"0x8001 bodyLen=5"}
{"ts":"2026-04-05T21:55:44.176Z","level":"INFO","device":"868120100004","event":"SERVER_ACK","detail":"0x0200 result=OK"}
{"ts":"2026-04-05T21:55:44.250Z","level":"INFO","device":"868120100006","event":"GPS_SENT","detail":""}
{"ts":"2026-04-05T21:55:44.328Z","level":"INFO","device":"868120100005","event":"RX_MSG","detail":"0x8001 bodyLen=5"}
{"ts":"2026-04-05T21:55:44.328Z","level":"INFO","device":"868120100005","event":"SERVER_ACK","detail":"0x0200 result=OK"}
{"ts":"2026-04-05T21:55:44.401Z","level":"INFO","device":"868120100007","event":"GPS_SENT","detail":""}
{"ts":"2026-04-05T21:55:44.459Z","level":"INFO","device":"868120100006","event":"RX_MSG","detail":"0x8001 bodyLen=5"}
{"ts":"2026-04-05T21:55:44.460Z","level":"INFO","device":"868120100006","event":"SERVER_ACK","detail":"0x0200 result=OK"}
{"ts":"2026-04-05T21:55:44.552Z","level":"INFO","device":"868120100008","event":"GPS_SENT","detail":""}
{"ts":"2026-04-05T21:55:44.603Z","level":"INFO","device":"868120100007","event":"RX_MSG","detail":"0x8001 bodyLen=5"}
{"ts":"2026-04-05T21:55:44.603Z","level":"INFO","device":"868120100007","event":"SERVER_ACK","detail":"0x0200 result=OK"}
{"ts":"2026-04-05T21:55:44.712Z","level":"INFO","device":"868120100009","event":"GPS_SENT","detail":""}
{"ts":"2026-04-05T21:55:44.753Z","level":"INFO","device":"868120100008","event":"RX_MSG","detail":"0x8001 bodyLen=5"}
{"ts":"2026-04-05T21:55:44.753Z","level":"INFO","device":"868120100008","event":"SERVER_ACK","detail":"0x0200 result=OK"}
{"ts":"2026-04-05T21:55:44.853Z","level":"INFO","device":"100000000010","event":"GPS_SENT","detail":""}
{"ts":"2026-04-05T21:55:44.913Z","level":"INFO","device":"868120100009","event":"RX_MSG","detail":"0x8001 bodyLen=5"}
{"ts":"2026-04-05T21:55:44.913Z","level":"INFO","device":"868120100009","event":"SERVER_ACK","detail":"0x0200 result=OK"}
{"ts":"2026-04-05T21:55:45.054Z","level":"INFO","device":"100000000010","event":"RX_MSG","detail":"0x8001 bodyLen=5"}
{"ts":"2026-04-05T21:55:45.054Z","level":"INFO","device":"100000000010","event":"SERVER_ACK","detail":"0x0200 result=OK"}
{"ts":"2026-04-05T21:55:53.577Z","level":"INFO","device":"200000000001","event":"HEARTBEAT_SENT","detail":"0x0002"}
{"ts":"2026-04-05T21:55:53.634Z","level":"INFO","device":"200000000001","event":"OBD2_SENT_0x0200","detail":"Lat: 51.726541, Lng: 0.495718 | Speed: 2km/h | RPM: 871"}
{"ts":"2026-04-05T21:55:53.650Z","level":"INFO","device":"200000000002","event":"HEARTBEAT_SENT","detail":"0x0002"}
{"ts":"2026-04-05T21:55:53.658Z","level":"INFO","device":"200000000002","event":"OBD2_SENT_0x0200","detail":"Lat: 51.717314, Lng: 0.502172 | Speed: 16km/h | RPM: 1454"}
{"ts":"2026-04-05T21:55:53.772Z","level":"INFO","device":"200000000001","event":"SERVER_ACK","detail":"0x8001 Universal Reply Received"}
{"ts":"2026-04-05T21:55:53.799Z","level":"INFO","device":"200000000003","event":"HEARTBEAT_SENT","detail":"0x0002"}
{"ts":"2026-04-05T21:55:53.812Z","level":"INFO","device":"200000000003","event":"OBD2_SENT_0x0200","detail":"Lat: 51.734009, Lng: 0.483904 | Speed: 33km/h | RPM: 2134"}
{"ts":"2026-04-05T21:55:53.859Z","level":"INFO","device":"200000000002","event":"SERVER_ACK","detail":"0x8001 Universal Reply Received"}
{"ts":"2026-04-05T21:55:53.950Z","level":"INFO","device":"200000000004","event":"HEARTBEAT_SENT","detail":"0x0002"}
{"ts":"2026-04-05T21:55:53.963Z","level":"INFO","device":"200000000004","event":"OBD2_SENT_0x0200","detail":"Lat: 51.734032, Lng: 0.483853 | Speed: 43km/h | RPM: 2519"}
{"ts":"2026-04-05T21:55:54.001Z","level":"INFO","device":"200000000003","event":"SERVER_ACK","detail":"0x8001 Universal Reply Received"}
{"ts":"2026-04-05T21:55:54.079Z","level":"INFO","device":"200000000001","event":"SERVER_ACK","detail":"0x8001 Universal Reply Received"}
{"ts":"2026-04-05T21:55:54.100Z","level":"INFO","device":"200000000005","event":"HEARTBEAT_SENT","detail":"0x0002"}
{"ts":"2026-04-05T21:55:54.110Z","level":"INFO","device":"200000000005","event":"OBD2_SENT_0x0200","detail":"Lat: 51.726446, Lng: 0.495746 | Speed: 55km/h | RPM: 3018"}
{"ts":"2026-04-05T21:55:54.160Z","level":"INFO","device":"200000000004","event":"SERVER_ACK","detail":"0x8001 Universal Reply Received"}
{"ts":"2026-04-05T21:55:54.188Z","level":"INFO","device":"200000000002","event":"SERVER_ACK","detail":"0x8001 Universal Reply Received"}
{"ts":"2026-04-05T21:55:54.250Z","level":"INFO","device":"200000000006","event":"HEARTBEAT_SENT","detail":"0x0002"}
{"ts":"2026-04-05T21:55:54.258Z","level":"INFO","device":"200000000006","event":"OBD2_SENT_0x0200","detail":"Lat: 51.733366, Lng: 0.485769 | Speed: 48km/h | RPM: 2739"}
{"ts":"2026-04-05T21:55:54.303Z","level":"INFO","device":"200000000005","event":"SERVER_ACK","detail":"0x8001 Universal Reply Received"}
{"ts":"2026-04-05T21:55:54.305Z","level":"INFO","device":"200000000003","event":"SERVER_ACK","detail":"0x8001 Universal Reply Received"}
{"ts":"2026-04-05T21:55:54.401Z","level":"INFO","device":"200000000007","event":"HEARTBEAT_SENT","detail":"0x0002"}
{"ts":"2026-04-05T21:55:54.403Z","level":"INFO","device":"200000000007","event":"OBD2_SENT_0x0200","detail":"Lat: 51.721442, Lng: 0.497495 | Speed: 64km/h | RPM: 3353"}
{"ts":"2026-04-05T21:55:54.464Z","level":"INFO","device":"200000000006","event":"SERVER_ACK","detail":"0x8001 Universal Reply Received"}
{"ts":"2026-04-05T21:55:54.500Z","level":"INFO","device":"200000000004","event":"SERVER_ACK","detail":"0x8001 Universal Reply Received"}
{"ts":"2026-04-05T21:55:54.549Z","level":"INFO","device":"200000000008","event":"HEARTBEAT_SENT","detail":"0x0002"}
{"ts":"2026-04-05T21:55:54.557Z","level":"INFO","device":"200000000008","event":"OBD2_SENT_0x0200","detail":"Lat: 51.714297, Lng: 0.512923 | Speed: 32km/h | RPM: 2061"}
{"ts":"2026-04-05T21:55:54.603Z","level":"INFO","device":"200000000007","event":"SERVER_ACK","detail":"0x8001 Universal Reply Received"}
{"ts":"2026-04-05T21:55:54.617Z","level":"INFO","device":"200000000005","event":"SERVER_ACK","detail":"0x8001 Universal Reply Received"}
{"ts":"2026-04-05T21:55:54.701Z","level":"INFO","device":"200000000009","event":"HEARTBEAT_SENT","detail":"0x0002"}
{"ts":"2026-04-05T21:55:54.704Z","level":"INFO","device":"200000000009","event":"OBD2_SENT_0x0200","detail":"Lat: 51.714726, Lng: 0.510680 | Speed: 27km/h | RPM: 1894"}
{"ts":"2026-04-05T21:55:54.782Z","level":"INFO","device":"200000000006","event":"SERVER_ACK","detail":"0x8001 Universal Reply Received"}
{"ts":"2026-04-05T21:55:54.850Z","level":"INFO","device":"200000000010","event":"HEARTBEAT_SENT","detail":"0x0002"}
{"ts":"2026-04-05T21:55:54.863Z","level":"INFO","device":"200000000010","event":"OBD2_SENT_0x0200","detail":"Lat: 51.736439, Lng: 0.469469 | Speed: 26km/h | RPM: 1833"}
{"ts":"2026-04-05T21:55:54.912Z","level":"INFO","device":"200000000009","event":"SERVER_ACK","detail":"0x8001 Universal Reply Received"}
{"ts":"2026-04-05T21:55:54.927Z","level":"INFO","device":"200000000007","event":"SERVER_ACK","detail":"0x8001 Universal Reply Received"}
{"ts":"2026-04-05T21:55:55.000Z","level":"INFO","device":"200000000008","event":"SERVER_ACK","detail":"0x8001 Universal Reply Received"}
{"ts":"2026-04-05T21:55:55.069Z","level":"INFO","device":"200000000010","event":"SERVER_ACK","detail":"0x8001 Universal Reply Received"}
{"ts":"2026-04-05T21:55:55.246Z","level":"INFO","device":"200000000009","event":"SERVER_ACK","detail":"0x8001 Universal Reply Received"}
{"ts":"2026-04-05T21:55:55.284Z","level":"INFO","device":"200000000008","event":"SERVER_ACK","detail":"0x8001 Universal Reply Received"}
{"ts":"2026-04-05T21:55:55.410Z","level":"INFO","device":"200000000010","event":"SERVER_ACK","detail":"0x8001 Universal Reply Received"}
{"ts":"2026-04-05T21:56:03.597Z","level":"INFO","device":"868120018681","event":"GPS_SENT","detail":""}
{"ts":"2026-04-05T21:56:03.653Z","level":"INFO","device":"868120100002","event":"GPS_SENT","detail":""}
{"ts":"2026-04-05T21:56:03.800Z","level":"INFO","device":"868120018681","event":"RX_MSG","detail":"0x8001 bodyLen=5"}
{"ts":"2026-04-05T21:56:03.800Z","level":"INFO","device":"868120018681","event":"SERVER_ACK","detail":"0x0200 result=OK"}
{"ts":"2026-04-05T21:56:03.801Z","level":"INFO","device":"868120100003","event":"GPS_SENT","detail":""}
{"ts":"2026-04-05T21:56:03.855Z","level":"INFO","device":"868120100002","event":"RX_MSG","detail":"0x8001 bodyLen=5"}
{"ts":"2026-04-05T21:56:03.855Z","level":"INFO","device":"868120100002","event":"SERVER_ACK","detail":"0x0200 result=OK"}
{"ts":"2026-04-05T21:56:03.958Z","level":"INFO","device":"868120100004","event":"GPS_SENT","detail":""}
{"ts":"2026-04-05T21:56:04.009Z","level":"INFO","device":"868120100003","event":"RX_MSG","detail":"0x8001 bodyLen=5"}
{"ts":"2026-04-05T21:56:04.010Z","level":"INFO","device":"868120100003","event":"SERVER_ACK","detail":"0x0200 result=OK"}
{"ts":"2026-04-05T21:56:04.117Z","level":"INFO","device":"868120100005","event":"GPS_SENT","detail":""}
{"ts":"2026-04-05T21:56:04.176Z","level":"INFO","device":"868120100004","event":"RX_MSG","detail":"0x8001 bodyLen=5"}
{"ts":"2026-04-05T21:56:04.176Z","level":"INFO","device":"868120100004","event":"SERVER_ACK","detail":"0x0200 result=OK"}
{"ts":"2026-04-05T21:56:04.250Z","level":"INFO","device":"868120100006","event":"GPS_SENT","detail":""}
{"ts":"2026-04-05T21:56:04.326Z","level":"INFO","device":"868120100005","event":"RX_MSG","detail":"0x8001 bodyLen=5"}
{"ts":"2026-04-05T21:56:04.327Z","level":"INFO","device":"868120100005","event":"SERVER_ACK","detail":"0x0200 result=OK"}
{"ts":"2026-04-05T21:56:04.402Z","level":"INFO","device":"868120100007","event":"GPS_SENT","detail":""}
{"ts":"2026-04-05T21:56:04.460Z","level":"INFO","device":"868120100006","event":"RX_MSG","detail":"0x8001 bodyLen=5"}
{"ts":"2026-04-05T21:56:04.460Z","level":"INFO","device":"868120100006","event":"SERVER_ACK","detail":"0x0200 result=OK"}
{"ts":"2026-04-05T21:56:04.552Z","level":"INFO","device":"868120100008","event":"GPS_SENT","detail":""}
{"ts":"2026-04-05T21:56:04.603Z","level":"INFO","device":"868120100007","event":"RX_MSG","detail":"0x8001 bodyLen=5"}
{"ts":"2026-04-05T21:56:04.603Z","level":"INFO","device":"868120100007","event":"SERVER_ACK","detail":"0x0200 result=OK"}
{"ts":"2026-04-05T21:56:04.712Z","level":"INFO","device":"868120100009","event":"GPS_SENT","detail":""}
{"ts":"2026-04-05T21:56:04.755Z","level":"INFO","device":"868120100008","event":"RX_MSG","detail":"0x8001 bodyLen=5"}
{"ts":"2026-04-05T21:56:04.755Z","level":"INFO","device":"868120100008","event":"SERVER_ACK","detail":"0x0200 result=OK"}
{"ts":"2026-04-05T21:56:04.854Z","level":"INFO","device":"100000000010","event":"GPS_SENT","detail":""}
{"ts":"2026-04-05T21:56:04.914Z","level":"INFO","device":"868120100009","event":"RX_MSG","detail":"0x8001 bodyLen=5"}
{"ts":"2026-04-05T21:56:04.914Z","level":"INFO","device":"868120100009","event":"SERVER_ACK","detail":"0x0200 result=OK"}
{"ts":"2026-04-05T21:56:05.054Z","level":"INFO","device":"100000000010","event":"RX_MSG","detail":"0x8001 bodyLen=5"}
{"ts":"2026-04-05T21:56:05.055Z","level":"INFO","device":"100000000010","event":"SERVER_ACK","detail":"0x0200 result=OK"}
{"ts":"2026-04-05T21:56:08.638Z","level":"INFO","device":"200000000001","event":"OBD2_SENT_0x0200","detail":"Lat: 51.726509, Lng: 0.495727 | Speed: 1km/h | RPM: 835"}
{"ts":"2026-04-05T21:56:08.659Z","level":"INFO","device":"200000000002","event":"OBD2_SENT_0x0200","detail":"Lat: 51.716958, Lng: 0.502964 | Speed: 17km/h | RPM: 1474"}
{"ts":"2026-04-05T21:56:08.812Z","level":"INFO","device":"200000000003","event":"OBD2_SENT_0x0200","detail":"Lat: 51.733423, Lng: 0.485522 | Speed: 31km/h | RPM: 2041"}
{"ts":"2026-04-05T21:56:08.834Z","level":"INFO","device":"200000000001","event":"SERVER_ACK","detail":"0x8001 Universal Reply Received"}
{"ts":"2026-04-05T21:56:08.868Z","level":"INFO","device":"200000000002","event":"SERVER_ACK","detail":"0x8001 Universal Reply Received"}
{"ts":"2026-04-05T21:56:08.963Z","level":"INFO","device":"200000000004","event":"OBD2_SENT_0x0200","detail":"Lat: 51.733309, Lng: 0.486053 | Speed: 42km/h | RPM: 2472"}
{"ts":"2026-04-05T21:56:09.015Z","level":"INFO","device":"200000000003","event":"SERVER_ACK","detail":"0x8001 Universal Reply Received"}
{"ts":"2026-04-05T21:56:09.111Z","level":"INFO","device":"200000000005","event":"OBD2_SENT_0x0200","detail":"Lat: 51.724299, Lng: 0.496290 | Speed: 58km/h | RPM: 3131"}
{"ts":"2026-04-05T21:56:09.175Z","level":"INFO","device":"200000000004","event":"SERVER_ACK","detail":"0x8001 Universal Reply Received"}
{"ts":"2026-04-05T21:56:09.258Z","level":"INFO","device":"200000000006","event":"OBD2_SENT_0x0200","detail":"Lat: 51.732430, Lng: 0.489175 | Speed: 52km/h | RPM: 2889"}
{"ts":"2026-04-05T21:56:09.318Z","level":"INFO","device":"200000000005","event":"SERVER_ACK","detail":"0x8001 Universal Reply Received"}
{"ts":"2026-04-05T21:56:09.403Z","level":"INFO","device":"200000000007","event":"OBD2_SENT_0x0200","detail":"Lat: 51.719087, Lng: 0.499370 | Speed: 69km/h | RPM: 3547"}
{"ts":"2026-04-05T21:56:09.472Z","level":"INFO","device":"200000000006","event":"SERVER_ACK","detail":"0x8001 Universal Reply Received"}
{"ts":"2026-04-05T21:56:09.557Z","level":"INFO","device":"200000000008","event":"OBD2_SENT_0x0200","detail":"Lat: 51.714004, Lng: 0.514972 | Speed: 35km/h | RPM: 2190"}
{"ts":"2026-04-05T21:56:09.609Z","level":"INFO","device":"200000000007","event":"SERVER_ACK","detail":"0x8001 Universal Reply Received"}
{"ts":"2026-04-05T21:56:09.704Z","level":"INFO","device":"200000000009","event":"OBD2_SENT_0x0200","detail":"Lat: 51.714427, Lng: 0.512074 | Speed: 24km/h | RPM: 1776"}
{"ts":"2026-04-05T21:56:09.747Z","level":"INFO","device":"200000000008","event":"SERVER_ACK","detail":"0x8001 Universal Reply Received"}
{"ts":"2026-04-05T21:56:09.864Z","level":"INFO","device":"200000000010","event":"OBD2_SENT_0x0200","detail":"Lat: 51.736770, Lng: 0.470567 | Speed: 24km/h | RPM: 1740"}
{"ts":"2026-04-05T21:56:09.916Z","level":"INFO","device":"200000000009","event":"SERVER_ACK","detail":"0x8001 Universal Reply Received"}
{"ts":"2026-04-05T21:56:10.083Z","level":"INFO","device":"200000000010","event":"SERVER_ACK","detail":"0x8001 Universal Reply Received"}
{"ts":"2026-04-05T21:56:23.588Z","level":"INFO","device":"200000000001","event":"HEARTBEAT_SENT","detail":"0x0002"}
{"ts":"2026-04-05T21:56:23.598Z","level":"INFO","device":"868120018681","event":"GPS_SENT","detail":""}
{"ts":"2026-04-05T21:56:23.638Z","level":"INFO","device":"200000000001","event":"OBD2_SENT_0x0200","detail":"Lat: 51.726433, Lng: 0.495750 | Speed: 2km/h | RPM: 884"}
{"ts":"2026-04-05T21:56:23.650Z","level":"INFO","device":"200000000002","event":"HEARTBEAT_SENT","detail":"0x0002"}
{"ts":"2026-04-05T21:56:23.654Z","level":"INFO","device":"868120100002","event":"GPS_SENT","detail":""}
{"ts":"2026-04-05T21:56:23.659Z","level":"INFO","device":"200000000002","event":"OBD2_SENT_0x0200","detail":"Lat: 51.716659, Lng: 0.503662 | Speed: 14km/h | RPM: 1361"}
{"ts":"2026-04-05T21:56:23.783Z","level":"INFO","device":"200000000001","event":"SERVER_ACK","detail":"0x8001 Universal Reply Received"}
{"ts":"2026-04-05T21:56:23.799Z","level":"INFO","device":"200000000003","event":"HEARTBEAT_SENT","detail":"0x0002"}
{"ts":"2026-04-05T21:56:23.801Z","level":"INFO","device":"868120100003","event":"GPS_SENT","detail":""}
{"ts":"2026-04-05T21:56:23.801Z","level":"INFO","device":"868120018681","event":"RX_MSG","detail":"0x8001 bodyLen=5"}
{"ts":"2026-04-05T21:56:23.801Z","level":"INFO","device":"868120018681","event":"SERVER_ACK","detail":"0x0200 result=OK"}
{"ts":"2026-04-05T21:56:23.811Z","level":"INFO","device":"200000000003","event":"OBD2_SENT_0x0200","detail":"Lat: 51.733056, Lng: 0.487178 | Speed: 29km/h | RPM: 1946"}
{"ts":"2026-04-05T21:56:23.855Z","level":"INFO","device":"868120100002","event":"RX_MSG","detail":"0x8001 bodyLen=5"}
{"ts":"2026-04-05T21:56:23.855Z","level":"INFO","device":"868120100002","event":"SERVER_ACK","detail":"0x0200 result=OK"}
{"ts":"2026-04-05T21:56:23.859Z","level":"INFO","device":"200000000002","event":"SERVER_ACK","detail":"0x8001 Universal Reply Received"}
{"ts":"2026-04-05T21:56:23.950Z","level":"INFO","device":"200000000004","event":"HEARTBEAT_SENT","detail":"0x0002"}
{"ts":"2026-04-05T21:56:23.958Z","level":"INFO","device":"868120100004","event":"GPS_SENT","detail":""}
{"ts":"2026-04-05T21:56:23.964Z","level":"INFO","device":"200000000004","event":"OBD2_SENT_0x0200","detail":"Lat: 51.732646, Lng: 0.488563 | Speed: 38km/h | RPM: 2316"}
{"ts":"2026-04-05T21:56:24.000Z","level":"INFO","device":"200000000003","event":"SERVER_ACK","detail":"0x8001 Universal Reply Received"}
{"ts":"2026-04-05T21:56:24.009Z","level":"INFO","device":"868120100003","event":"RX_MSG","detail":"0x8001 bodyLen=5"}
{"ts":"2026-04-05T21:56:24.010Z","level":"INFO","device":"868120100003","event":"SERVER_ACK","detail":"0x0200 result=OK"}
{"ts":"2026-04-05T21:56:24.069Z","level":"INFO","device":"200000000001","event":"SERVER_ACK","detail":"0x8001 Universal Reply Received"}
{"ts":"2026-04-05T21:56:24.100Z","level":"INFO","device":"200000000005","event":"HEARTBEAT_SENT","detail":"0x0002"}
{"ts":"2026-04-05T21:56:24.111Z","level":"INFO","device":"200000000005","event":"OBD2_SENT_0x0200","detail":"Lat: 51.722012, Lng: 0.497194 | Speed: 62km/h | RPM: 3283"}
{"ts":"2026-04-05T21:56:24.117Z","level":"INFO","device":"868120100005","event":"GPS_SENT","detail":""}
{"ts":"2026-04-05T21:56:24.161Z","level":"INFO","device":"200000000004","event":"SERVER_ACK","detail":"0x8001 Universal Reply Received"}
{"ts":"2026-04-05T21:56:24.177Z","level":"INFO","device":"868120100004","event":"RX_MSG","detail":"0x8001 bodyLen=5"}
{"ts":"2026-04-05T21:56:24.177Z","level":"INFO","device":"868120100004","event":"SERVER_ACK","detail":"0x0200 result=OK"}
{"ts":"2026-04-05T21:56:24.179Z","level":"INFO","device":"200000000002","event":"SERVER_ACK","detail":"0x8001 Universal Reply Received"}
{"ts":"2026-04-05T21:56:24.250Z","level":"INFO","device":"200000000006","event":"HEARTBEAT_SENT","detail":"0x0002"}
{"ts":"2026-04-05T21:56:24.250Z","level":"INFO","device":"868120100006","event":"GPS_SENT","detail":""}
{"ts":"2026-04-05T21:56:24.258Z","level":"INFO","device":"200000000006","event":"OBD2_SENT_0x0200","detail":"Lat: 51.731227, Lng: 0.491622 | Speed: 48km/h | RPM: 2726"}
{"ts":"2026-04-05T21:56:24.296Z","level":"INFO","device":"200000000003","event":"SERVER_ACK","detail":"0x8001 Universal Reply Received"}
{"ts":"2026-04-05T21:56:24.303Z","level":"INFO","device":"200000000005","event":"SERVER_ACK","detail":"0x8001 Universal Reply Received"}
{"ts":"2026-04-05T21:56:24.327Z","level":"INFO","device":"868120100005","event":"RX_MSG","detail":"0x8001 bodyLen=5"}
{"ts":"2026-04-05T21:56:24.328Z","level":"INFO","device":"868120100005","event":"SERVER_ACK","detail":"0x0200 result=OK"}
{"ts":"2026-04-05T21:56:24.400Z","level":"INFO","device":"200000000007","event":"HEARTBEAT_SENT","detail":"0x0002"}
{"ts":"2026-04-05T21:56:24.402Z","level":"INFO","device":"868120100007","event":"GPS_SENT","detail":""}
{"ts":"2026-04-05T21:56:24.403Z","level":"INFO","device":"200000000007","event":"OBD2_SENT_0x0200","detail":"Lat: 51.717180, Lng: 0.502447 | Speed: 72km/h | RPM: 3673"}
{"ts":"2026-04-05T21:56:24.461Z","level":"INFO","device":"868120100006","event":"RX_MSG","detail":"0x8001 bodyLen=5"}
{"ts":"2026-04-05T21:56:24.461Z","level":"INFO","device":"868120100006","event":"SERVER_ACK","detail":"0x0200 result=OK"}
{"ts":"2026-04-05T21:56:24.463Z","level":"INFO","device":"200000000006","event":"SERVER_ACK","detail":"0x8001 Universal Reply Received"}
{"ts":"2026-04-05T21:56:24.521Z","level":"INFO","device":"200000000004","event":"SERVER_ACK","detail":"0x8001 Universal Reply Received"}
{"ts":"2026-04-05T21:56:24.546Z","level":"INFO","device":"200000000008","event":"DTC_SENT_0x0900","detail":"Injected Fault Code: C1234"}
{"ts":"2026-04-05T21:56:24.549Z","level":"INFO","device":"200000000008","event":"HEARTBEAT_SENT","detail":"0x0002"}
{"ts":"2026-04-05T21:56:24.552Z","level":"INFO","device":"868120100008","event":"GPS_SENT","detail":""}
{"ts":"2026-04-05T21:56:24.557Z","level":"INFO","device":"200000000008","event":"OBD2_SENT_0x0200","detail":"Lat: 51.736184, Lng: 0.468724 | Speed: 33km/h | RPM: 2130"}
{"ts":"2026-04-05T21:56:24.601Z","level":"INFO","device":"200000000007","event":"SERVER_ACK","detail":"0x8001 Universal Reply Received"}
{"ts":"2026-04-05T21:56:24.610Z","level":"INFO","device":"868120100007","event":"RX_MSG","detail":"0x8001 bodyLen=5"}
{"ts":"2026-04-05T21:56:24.610Z","level":"INFO","device":"868120100007","event":"SERVER_ACK","detail":"0x0200 result=OK"}
{"ts":"2026-04-05T21:56:24.638Z","level":"INFO","device":"200000000005","event":"SERVER_ACK","detail":"0x8001 Universal Reply Received"}
{"ts":"2026-04-05T21:56:24.702Z","level":"INFO","device":"200000000009","event":"HEARTBEAT_SENT","detail":"0x0002"}
{"ts":"2026-04-05T21:56:24.706Z","level":"INFO","device":"200000000009","event":"OBD2_SENT_0x0200","detail":"Lat: 51.714234, Lng: 0.513363 | Speed: 23km/h | RPM: 1702"}
{"ts":"2026-04-05T21:56:24.712Z","level":"INFO","device":"868120100009","event":"GPS_SENT","detail":""}
{"ts":"2026-04-05T21:56:24.738Z","level":"INFO","device":"200000000008","event":"SERVER_ACK","detail":"0x8001 Universal Reply Received"}
{"ts":"2026-04-05T21:56:24.756Z","level":"INFO","device":"868120100008","event":"RX_MSG","detail":"0x8001 bodyLen=5"}
{"ts":"2026-04-05T21:56:24.756Z","level":"INFO","device":"868120100008","event":"SERVER_ACK","detail":"0x0200 result=OK"}
{"ts":"2026-04-05T21:56:24.803Z","level":"INFO","device":"200000000006","event":"SERVER_ACK","detail":"0x8001 Universal Reply Received"}
{"ts":"2026-04-05T21:56:24.851Z","level":"INFO","device":"200000000010","event":"HEARTBEAT_SENT","detail":"0x0002"}
{"ts":"2026-04-05T21:56:24.854Z","level":"INFO","device":"100000000010","event":"GPS_SENT","detail":""}
{"ts":"2026-04-05T21:56:24.863Z","level":"INFO","device":"200000000010","event":"OBD2_SENT_0x0200","detail":"Lat: 51.737089, Lng: 0.471725 | Speed: 20km/h | RPM: 1582"}
{"ts":"2026-04-05T21:56:24.912Z","level":"INFO","device":"200000000009","event":"SERVER_ACK","detail":"0x8001 Universal Reply Received"}
{"ts":"2026-04-05T21:56:24.913Z","level":"INFO","device":"868120100009","event":"RX_MSG","detail":"0x8001 bodyLen=5"}
{"ts":"2026-04-05T21:56:24.913Z","level":"INFO","device":"868120100009","event":"SERVER_ACK","detail":"0x0200 result=OK"}
{"ts":"2026-04-05T21:56:24.948Z","level":"INFO","device":"200000000007","event":"SERVER_ACK","detail":"0x8001 Universal Reply Received"}
{"ts":"2026-04-05T21:56:25.056Z","level":"INFO","device":"100000000010","event":"RX_MSG","detail":"0x8001 bodyLen=5"}
{"ts":"2026-04-05T21:56:25.056Z","level":"INFO","device":"100000000010","event":"SERVER_ACK","detail":"0x0200 result=OK"}
{"ts":"2026-04-05T21:56:25.057Z","level":"INFO","device":"200000000008","event":"SERVER_ACK","detail":"0x8001 Universal Reply Received"}
{"ts":"2026-04-05T21:56:25.069Z","level":"INFO","device":"200000000010","event":"SERVER_ACK","detail":"0x8001 Universal Reply Received"}
{"ts":"2026-04-05T21:56:25.269Z","level":"INFO","device":"200000000009","event":"SERVER_ACK","detail":"0x8001 Universal Reply Received"}
{"ts":"2026-04-05T21:56:25.431Z","level":"INFO","device":"200000000010","event":"SERVER_ACK","detail":"0x8001 Universal Reply Received"}
{"ts":"2026-04-05T21:56:38.650Z","level":"INFO","device":"200000000001","event":"OBD2_SENT_0x0200","detail":"Lat: 51.726433, Lng: 0.495750 | Speed: 0km/h | RPM: 800"}
{"ts":"2026-04-05T21:56:38.659Z","level":"INFO","device":"200000000002","event":"OBD2_SENT_0x0200","detail":"Lat: 51.716410, Lng: 0.504332 | Speed: 13km/h | RPM: 1339"}
{"ts":"2026-04-05T21:56:38.812Z","level":"INFO","device":"200000000003","event":"OBD2_SENT_0x0200","detail":"Lat: 51.732558, Lng: 0.488825 | Speed: 29km/h | RPM: 1975"}
{"ts":"2026-04-05T21:56:38.848Z","level":"INFO","device":"200000000001","event":"SERVER_ACK","detail":"0x8001 Universal Reply Received"}
{"ts":"2026-04-05T21:56:38.869Z","level":"INFO","device":"200000000002","event":"SERVER_ACK","detail":"0x8001 Universal Reply Received"}
{"ts":"2026-04-05T21:56:38.965Z","level":"INFO","device":"200000000004","event":"OBD2_SENT_0x0200","detail":"Lat: 51.731943, Lng: 0.490313 | Speed: 38km/h | RPM: 2311"}
{"ts":"2026-04-05T21:56:39.014Z","level":"INFO","device":"200000000003","event":"SERVER_ACK","detail":"0x8001 Universal Reply Received"}
{"ts":"2026-04-05T21:56:39.111Z","level":"INFO","device":"200000000005","event":"OBD2_SENT_0x0200","detail":"Lat: 51.719649, Lng: 0.498761 | Speed: 66km/h | RPM: 3440"}
{"ts":"2026-04-05T21:56:39.175Z","level":"INFO","device":"200000000004","event":"SERVER_ACK","detail":"0x8001 Universal Reply Received"}
{"ts":"2026-04-05T21:56:39.258Z","level":"INFO","device":"200000000006","event":"OBD2_SENT_0x0200","detail":"Lat: 51.729861, Lng: 0.493394 | Speed: 44km/h | RPM: 2573"}
{"ts":"2026-04-05T21:56:39.315Z","level":"INFO","device":"200000000005","event":"SERVER_ACK","detail":"0x8001 Universal Reply Received"}
{"ts":"2026-04-05T21:56:39.403Z","level":"INFO","device":"200000000007","event":"OBD2_SENT_0x0200","detail":"Lat: 51.715851, Lng: 0.506070 | Speed: 73km/h | RPM: 3714"}
{"ts":"2026-04-05T21:56:39.471Z","level":"INFO","device":"200000000006","event":"SERVER_ACK","detail":"0x8001 Universal Reply Received"}
{"ts":"2026-04-05T21:56:39.557Z","level":"INFO","device":"200000000008","event":"OBD2_SENT_0x0200","detail":"Lat: 51.736739, Lng: 0.470465 | Speed: 35km/h | RPM: 2216"}
{"ts":"2026-04-05T21:56:39.606Z","level":"INFO","device":"200000000007","event":"SERVER_ACK","detail":"0x8001 Universal Reply Received"}
{"ts":"2026-04-05T21:56:39.706Z","level":"INFO","device":"200000000009","event":"OBD2_SENT_0x0200","detail":"Lat: 51.714011, Lng: 0.514922 | Speed: 26km/h | RPM: 1858"}
{"ts":"2026-04-05T21:56:39.743Z","level":"INFO","device":"200000000008","event":"SERVER_ACK","detail":"0x8001 Universal Reply Received"}
{"ts":"2026-04-05T21:56:39.864Z","level":"INFO","device":"200000000010","event":"OBD2_SENT_0x0200","detail":"Lat: 51.737330, Lng: 0.472711 | Speed: 18km/h | RPM: 1513"}
{"ts":"2026-04-05T21:56:39.919Z","level":"INFO","device":"200000000009","event":"SERVER_ACK","detail":"0x8001 Universal Reply Received"}
{"ts":"2026-04-05T21:56:40.082Z","level":"INFO","device":"200000000010","event":"SERVER_ACK","detail":"0x8001 Universal Reply Received"}
{"ts":"2026-04-05T21:56:43.602Z","level":"INFO","device":"868120018681","event":"GPS_SENT","detail":""}
{"ts":"2026-04-05T21:56:43.654Z","level":"INFO","device":"868120100002","event":"GPS_SENT","detail":""}
{"ts":"2026-04-05T21:56:43.801Z","level":"INFO","device":"868120100003","event":"GPS_SENT","detail":""}
{"ts":"2026-04-05T21:56:43.805Z","level":"INFO","device":"868120018681","event":"RX_MSG","detail":"0x8001 bodyLen=5"}
{"ts":"2026-04-05T21:56:43.805Z","level":"INFO","device":"868120018681","event":"SERVER_ACK","detail":"0x0200 result=OK"}
{"ts":"2026-04-05T21:56:43.855Z","level":"INFO","device":"868120100002","event":"RX_MSG","detail":"0x8001 bodyLen=5"}
{"ts":"2026-04-05T21:56:43.856Z","level":"INFO","device":"868120100002","event":"SERVER_ACK","detail":"0x0200 result=OK"}
{"ts":"2026-04-05T21:56:43.958Z","level":"INFO","device":"868120100004","event":"GPS_SENT","detail":""}
{"ts":"2026-04-05T21:56:44.009Z","level":"INFO","device":"868120100003","event":"RX_MSG","detail":"0x8001 bodyLen=5"}
{"ts":"2026-04-05T21:56:44.010Z","level":"INFO","device":"868120100003","event":"SERVER_ACK","detail":"0x0200 result=OK"}
{"ts":"2026-04-05T21:56:44.119Z","level":"INFO","device":"868120100005","event":"GPS_SENT","detail":""}
{"ts":"2026-04-05T21:56:44.176Z","level":"INFO","device":"868120100004","event":"RX_MSG","detail":"0x8001 bodyLen=5"}
{"ts":"2026-04-05T21:56:44.176Z","level":"INFO","device":"868120100004","event":"SERVER_ACK","detail":"0x0200 result=OK"}
{"ts":"2026-04-05T21:56:44.251Z","level":"INFO","device":"868120100006","event":"GPS_SENT","detail":""}
{"ts":"2026-04-05T21:56:44.329Z","level":"INFO","device":"868120100005","event":"RX_MSG","detail":"0x8001 bodyLen=5"}
{"ts":"2026-04-05T21:56:44.330Z","level":"INFO","device":"868120100005","event":"SERVER_ACK","detail":"0x0200 result=OK"}
{"ts":"2026-04-05T21:56:44.401Z","level":"INFO","device":"868120100007","event":"GPS_SENT","detail":""}
{"ts":"2026-04-05T21:56:44.460Z","level":"INFO","device":"868120100006","event":"RX_MSG","detail":"0x8001 bodyLen=5"}
{"ts":"2026-04-05T21:56:44.460Z","level":"INFO","device":"868120100006","event":"SERVER_ACK","detail":"0x0200 result=OK"}
{"ts":"2026-04-05T21:56:44.552Z","level":"INFO","device":"868120100008","event":"GPS_SENT","detail":""}
{"ts":"2026-04-05T21:56:44.603Z","level":"INFO","device":"868120100007","event":"RX_MSG","detail":"0x8001 bodyLen=5"}
{"ts":"2026-04-05T21:56:44.603Z","level":"INFO","device":"868120100007","event":"SERVER_ACK","detail":"0x0200 result=OK"}
{"ts":"2026-04-05T21:56:44.712Z","level":"INFO","device":"868120100009","event":"GPS_SENT","detail":""}
{"ts":"2026-04-05T21:56:44.755Z","level":"INFO","device":"868120100008","event":"RX_MSG","detail":"0x8001 bodyLen=5"}
{"ts":"2026-04-05T21:56:44.755Z","level":"INFO","device":"868120100008","event":"SERVER_ACK","detail":"0x0200 result=OK"}
{"ts":"2026-04-05T21:56:44.854Z","level":"INFO","device":"100000000010","event":"GPS_SENT","detail":""}
{"ts":"2026-04-05T21:56:44.914Z","level":"INFO","device":"868120100009","event":"RX_MSG","detail":"0x8001 bodyLen=5"}
{"ts":"2026-04-05T21:56:44.914Z","level":"INFO","device":"868120100009","event":"SERVER_ACK","detail":"0x0200 result=OK"}
{"ts":"2026-04-05T21:56:45.055Z","level":"INFO","device":"100000000010","event":"RX_MSG","detail":"0x8001 bodyLen=5"}
{"ts":"2026-04-05T21:56:45.055Z","level":"INFO","device":"100000000010","event":"SERVER_ACK","detail":"0x0200 result=OK"}
{"ts":"2026-04-05T21:56:53.595Z","level":"INFO","device":"200000000001","event":"HEARTBEAT_SENT","detail":"0x0002"}
{"ts":"2026-04-05T21:56:53.650Z","level":"INFO","device":"200000000002","event":"HEARTBEAT_SENT","detail":"0x0002"}
{"ts":"2026-04-05T21:56:53.650Z","level":"INFO","device":"200000000001","event":"OBD2_SENT_0x0200","detail":"Lat: 51.726433, Lng: 0.495750 | Speed: 0km/h | RPM: 800"}
{"ts":"2026-04-05T21:56:53.659Z","level":"INFO","device":"200000000002","event":"OBD2_SENT_0x0200","detail":"Lat: 51.716222, Lng: 0.504858 | Speed: 10km/h | RPM: 1202"}
{"ts":"2026-04-05T21:56:53.790Z","level":"INFO","device":"200000000001","event":"SERVER_ACK","detail":"0x8001 Universal Reply Received"}
{"ts":"2026-04-05T21:56:53.799Z","level":"INFO","device":"200000000003","event":"HEARTBEAT_SENT","detail":"0x0002"}
{"ts":"2026-04-05T21:56:53.812Z","level":"INFO","device":"200000000003","event":"OBD2_SENT_0x0200","detail":"Lat: 51.732072, Lng: 0.490055 | Speed: 27km/h | RPM: 1882"}
{"ts":"2026-04-05T21:56:53.860Z","level":"INFO","device":"200000000002","event":"SERVER_ACK","detail":"0x8001 Universal Reply Received"}
{"ts":"2026-04-05T21:56:53.950Z","level":"INFO","device":"200000000004","event":"HEARTBEAT_SENT","detail":"0x0002"}
{"ts":"2026-04-05T21:56:53.965Z","level":"INFO","device":"200000000004","event":"OBD2_SENT_0x0200","detail":"Lat: 51.730963, Lng: 0.492047 | Speed: 37km/h | RPM: 2278"}
{"ts":"2026-04-05T21:56:54.001Z","level":"INFO","device":"200000000003","event":"SERVER_ACK","detail":"0x8001 Universal Reply Received"}
{"ts":"2026-04-05T21:56:54.101Z","level":"INFO","device":"200000000005","event":"HEARTBEAT_SENT","detail":"0x0002"}
{"ts":"2026-04-05T21:56:54.111Z","level":"INFO","device":"200000000005","event":"OBD2_SENT_0x0200","detail":"Lat: 51.717858, Lng: 0.501085 | Speed: 63km/h | RPM: 3313"}
{"ts":"2026-04-05T21:56:54.114Z","level":"INFO","device":"200000000001","event":"SERVER_ACK","detail":"0x8001 Universal Reply Received"}
{"ts":"2026-04-05T21:56:54.161Z","level":"INFO","device":"200000000004","event":"SERVER_ACK","detail":"0x8001 Universal Reply Received"}
{"ts":"2026-04-05T21:56:54.185Z","level":"INFO","device":"200000000002","event":"SERVER_ACK","detail":"0x8001 Universal Reply Received"}
{"ts":"2026-04-05T21:56:54.251Z","level":"INFO","device":"200000000006","event":"HEARTBEAT_SENT","detail":"0x0002"}
{"ts":"2026-04-05T21:56:54.258Z","level":"INFO","device":"200000000006","event":"OBD2_SENT_0x0200","detail":"Lat: 51.728503, Lng: 0.494658 | Speed: 40km/h | RPM: 2411"}
{"ts":"2026-04-05T21:56:54.302Z","level":"INFO","device":"200000000003","event":"SERVER_ACK","detail":"0x8001 Universal Reply Received"}
{"ts":"2026-04-05T21:56:54.304Z","level":"INFO","device":"200000000005","event":"SERVER_ACK","detail":"0x8001 Universal Reply Received"}
{"ts":"2026-04-05T21:56:54.401Z","level":"INFO","device":"200000000007","event":"HEARTBEAT_SENT","detail":"0x0002"}
{"ts":"2026-04-05T21:56:54.403Z","level":"INFO","device":"200000000007","event":"OBD2_SENT_0x0200","detail":"Lat: 51.714851, Lng: 0.510095 | Speed: 73km/h | RPM: 3731"}
{"ts":"2026-04-05T21:56:54.463Z","level":"INFO","device":"200000000006","event":"SERVER_ACK","detail":"0x8001 Universal Reply Received"}
{"ts":"2026-04-05T21:56:54.497Z","level":"INFO","device":"200000000004","event":"SERVER_ACK","detail":"0x8001 Universal Reply Received"}
{"ts":"2026-04-05T21:56:54.549Z","level":"INFO","device":"200000000008","event":"HEARTBEAT_SENT","detail":"0x0002"}
{"ts":"2026-04-05T21:56:54.557Z","level":"INFO","device":"200000000008","event":"OBD2_SENT_0x0200","detail":"Lat: 51.737294, Lng: 0.472561 | Speed: 35km/h | RPM: 2220"}
{"ts":"2026-04-05T21:56:54.603Z","level":"INFO","device":"200000000007","event":"SERVER_ACK","detail":"0x8001 Universal Reply Received"}
{"ts":"2026-04-05T21:56:54.613Z","level":"INFO","device":"200000000005","event":"SERVER_ACK","detail":"0x8001 Universal Reply Received"}
{"ts":"2026-04-05T21:56:54.702Z","level":"INFO","device":"200000000009","event":"HEARTBEAT_SENT","detail":"0x0002"}
{"ts":"2026-04-05T21:56:54.707Z","level":"INFO","device":"200000000009","event":"OBD2_SENT_0x0200","detail":"Lat: 51.736095, Lng: 0.468466 | Speed: 29km/h | RPM: 1968"}
{"ts":"2026-04-05T21:56:54.735Z","level":"INFO","device":"200000000008","event":"SERVER_ACK","detail":"0x8001 Universal Reply Received"}
{"ts":"2026-04-05T21:56:54.786Z","level":"INFO","device":"200000000006","event":"SERVER_ACK","detail":"0x8001 Universal Reply Received"}
{"ts":"2026-04-05T21:56:54.852Z","level":"INFO","device":"200000000010","event":"HEARTBEAT_SENT","detail":"0x0002"}
{"ts":"2026-04-05T21:56:54.863Z","level":"INFO","device":"200000000010","event":"OBD2_SENT_0x0200","detail":"Lat: 51.737482, Lng: 0.473490 | Speed: 14km/h | RPM: 1353"}
{"ts":"2026-04-05T21:56:54.912Z","level":"INFO","device":"200000000009","event":"SERVER_ACK","detail":"0x8001 Universal Reply Received"}
{"ts":"2026-04-05T21:56:54.931Z","level":"INFO","device":"200000000007","event":"SERVER_ACK","detail":"0x8001 Universal Reply Received"}
{"ts":"2026-04-05T21:56:55.040Z","level":"INFO","device":"200000000008","event":"SERVER_ACK","detail":"0x8001 Universal Reply Received"}
{"ts":"2026-04-05T21:56:55.071Z","level":"INFO","device":"200000000010","event":"SERVER_ACK","detail":"0x8001 Universal Reply Received"}
{"ts":"2026-04-05T21:56:55.251Z","level":"INFO","device":"200000000009","event":"SERVER_ACK","detail":"0x8001 Universal Reply Received"}
{"ts":"2026-04-05T21:56:55.414Z","level":"INFO","device":"200000000010","event":"SERVER_ACK","detail":"0x8001 Universal Reply Received"}
{"ts":"2026-04-05T21:57:03.610Z","level":"INFO","device":"868120018681","event":"GPS_SENT","detail":""}
{"ts":"2026-04-05T21:57:03.656Z","level":"INFO","device":"868120100002","event":"GPS_SENT","detail":""}
{"ts":"2026-04-05T21:57:03.801Z","level":"INFO","device":"868120100003","event":"GPS_SENT","detail":""}
{"ts":"2026-04-05T21:57:03.813Z","level":"INFO","device":"868120018681","event":"RX_MSG","detail":"0x8001 bodyLen=5"}
{"ts":"2026-04-05T21:57:03.813Z","level":"INFO","device":"868120018681","event":"SERVER_ACK","detail":"0x0200 result=OK"}
{"ts":"2026-04-05T21:57:03.857Z","level":"INFO","device":"868120100002","event":"RX_MSG","detail":"0x8001 bodyLen=5"}
{"ts":"2026-04-05T21:57:03.857Z","level":"INFO","device":"868120100002","event":"SERVER_ACK","detail":"0x0200 result=OK"}
{"ts":"2026-04-05T21:57:03.959Z","level":"INFO","device":"868120100004","event":"GPS_SENT","detail":""}
{"ts":"2026-04-05T21:57:04.010Z","level":"INFO","device":"868120100003","event":"RX_MSG","detail":"0x8001 bodyLen=5"}
{"ts":"2026-04-05T21:57:04.011Z","level":"INFO","device":"868120100003","event":"SERVER_ACK","detail":"0x0200 result=OK"}
{"ts":"2026-04-05T21:57:04.119Z","level":"INFO","device":"868120100005","event":"GPS_SENT","detail":""}
{"ts":"2026-04-05T21:57:04.176Z","level":"INFO","device":"868120100004","event":"RX_MSG","detail":"0x8001 bodyLen=5"}
{"ts":"2026-04-05T21:57:04.176Z","level":"INFO","device":"868120100004","event":"SERVER_ACK","detail":"0x0200 result=OK"}
{"ts":"2026-04-05T21:57:04.251Z","level":"INFO","device":"868120100006","event":"GPS_SENT","detail":""}
{"ts":"2026-04-05T21:57:04.328Z","level":"INFO","device":"868120100005","event":"RX_MSG","detail":"0x8001 bodyLen=5"}
{"ts":"2026-04-05T21:57:04.328Z","level":"INFO","device":"868120100005","event":"SERVER_ACK","detail":"0x0200 result=OK"}
{"ts":"2026-04-05T21:57:04.402Z","level":"INFO","device":"868120100007","event":"GPS_SENT","detail":""}
{"ts":"2026-04-05T21:57:04.461Z","level":"INFO","device":"868120100006","event":"RX_MSG","detail":"0x8001 bodyLen=5"}
{"ts":"2026-04-05T21:57:04.461Z","level":"INFO","device":"868120100006","event":"SERVER_ACK","detail":"0x0200 result=OK"}
{"ts":"2026-04-05T21:57:04.552Z","level":"INFO","device":"868120100008","event":"GPS_SENT","detail":""}
{"ts":"2026-04-05T21:57:04.603Z","level":"INFO","device":"868120100007","event":"RX_MSG","detail":"0x8001 bodyLen=5"}
{"ts":"2026-04-05T21:57:04.603Z","level":"INFO","device":"868120100007","event":"SERVER_ACK","detail":"0x0200 result=OK"}
{"ts":"2026-04-05T21:57:04.712Z","level":"INFO","device":"868120100009","event":"GPS_SENT","detail":""}
{"ts":"2026-04-05T21:57:04.854Z","level":"INFO","device":"100000000010","event":"GPS_SENT","detail":""}
{"ts":"2026-04-05T21:57:04.913Z","level":"INFO","device":"868120100009","event":"RX_MSG","detail":"0x8001 bodyLen=5"}
{"ts":"2026-04-05T21:57:04.914Z","level":"INFO","device":"868120100009","event":"SERVER_ACK","detail":"0x0200 result=OK"}
{"ts":"2026-04-05T21:57:05.054Z","level":"INFO","device":"100000000010","event":"RX_MSG","detail":"0x8001 bodyLen=5"}
{"ts":"2026-04-05T21:57:05.054Z","level":"INFO","device":"100000000010","event":"SERVER_ACK","detail":"0x0200 result=OK"}
{"ts":"2026-04-05T21:57:05.084Z","level":"INFO","device":"868120100008","event":"RX_MSG","detail":"0x8001 bodyLen=5"}
{"ts":"2026-04-05T21:57:05.084Z","level":"INFO","device":"868120100008","event":"SERVER_ACK","detail":"0x0200 result=OK"}
{"ts":"2026-04-05T21:57:08.655Z","level":"INFO","device":"200000000001","event":"OBD2_SENT_0x0200","detail":"Lat: 51.726433, Lng: 0.495750 | Speed: 0km/h | RPM: 800"}
{"ts":"2026-04-05T21:57:08.659Z","level":"INFO","device":"200000000002","event":"OBD2_SENT_0x0200","detail":"Lat: 51.716116, Lng: 0.505155 | Speed: 6km/h | RPM: 1027"}
{"ts":"2026-04-05T21:57:08.812Z","level":"INFO","device":"200000000003","event":"OBD2_SENT_0x0200","detail":"Lat: 51.731292, Lng: 0.491513 | Speed: 31km/h | RPM: 2038"}
{"ts":"2026-04-05T21:57:08.850Z","level":"INFO","device":"200000000001","event":"SERVER_ACK","detail":"0x8001 Universal Reply Received"}
{"ts":"2026-04-05T21:57:08.868Z","level":"INFO","device":"200000000002","event":"SERVER_ACK","detail":"0x8001 Universal Reply Received"}
{"ts":"2026-04-05T21:57:08.965Z","level":"INFO","device":"200000000004","event":"OBD2_SENT_0x0200","detail":"Lat: 51.729801, Lng: 0.493462 | Speed: 38km/h | RPM: 2301"}
{"ts":"2026-04-05T21:57:09.014Z","level":"INFO","device":"200000000003","event":"SERVER_ACK","detail":"0x8001 Universal Reply Received"}
{"ts":"2026-04-05T21:57:09.111Z","level":"INFO","device":"200000000005","event":"OBD2_SENT_0x0200","detail":"Lat: 51.716556, Lng: 0.503924 | Speed: 60km/h | RPM: 3213"}
{"ts":"2026-04-05T21:57:09.176Z","level":"INFO","device":"200000000004","event":"SERVER_ACK","detail":"0x8001 Universal Reply Received"}
{"ts":"2026-04-05T21:57:09.258Z","level":"INFO","device":"200000000006","event":"OBD2_SENT_0x0200","detail":"Lat: 51.727007, Lng: 0.495497 | Speed: 43km/h | RPM: 2504"}
{"ts":"2026-04-05T21:57:09.313Z","level":"INFO","device":"200000000005","event":"SERVER_ACK","detail":"0x8001 Universal Reply Received"}
{"ts":"2026-04-05T21:57:09.403Z","level":"INFO","device":"200000000007","event":"OBD2_SENT_0x0200","detail":"Lat: 51.714099, Lng: 0.514306 | Speed: 74km/h | RPM: 3747"}
{"ts":"2026-04-05T21:57:09.471Z","level":"INFO","device":"200000000006","event":"SERVER_ACK","detail":"0x8001 Universal Reply Received"}
{"ts":"2026-04-05T21:57:09.557Z","level":"INFO","device":"200000000008","event":"OBD2_SENT_0x0200","detail":"Lat: 51.737615, Lng: 0.474317 | Speed: 31km/h | RPM: 2047"}
{"ts":"2026-04-05T21:57:09.605Z","level":"INFO","device":"200000000007","event":"SERVER_ACK","detail":"0x8001 Universal Reply Received"}
{"ts":"2026-04-05T21:57:09.707Z","level":"INFO","device":"200000000009","event":"OBD2_SENT_0x0200","detail":"Lat: 51.736569, Lng: 0.469896 | Speed: 28km/h | RPM: 1922"}
{"ts":"2026-04-05T21:57:09.743Z","level":"INFO","device":"200000000008","event":"SERVER_ACK","detail":"0x8001 Universal Reply Received"}
{"ts":"2026-04-05T21:57:09.864Z","level":"INFO","device":"200000000010","event":"OBD2_SENT_0x0200","detail":"Lat: 51.737640, Lng: 0.474522 | Speed: 18km/h | RPM: 1506"}
{"ts":"2026-04-05T21:57:09.918Z","level":"INFO","device":"200000000009","event":"SERVER_ACK","detail":"0x8001 Universal Reply Received"}
{"ts":"2026-04-05T21:57:10.083Z","level":"INFO","device":"200000000010","event":"SERVER_ACK","detail":"0x8001 Universal Reply Received"}
{"ts":"2026-04-05T21:57:21.293Z","level":"INFO","device":"100000000010","event":"RECONNECTING","detail":"attempt 1, backoff 1421ms"}
{"ts":"2026-04-05T21:57:21.295Z","level":"INFO","device":"868120018681","event":"RECONNECTING","detail":"attempt 1, backoff 1368ms"}
{"ts":"2026-04-05T21:57:21.295Z","level":"INFO","device":"868120100009","event":"RECONNECTING","detail":"attempt 1, backoff 1994ms"}
{"ts":"2026-04-05T21:57:21.295Z","level":"INFO","device":"868120100003","event":"RECONNECTING","detail":"attempt 1, backoff 1742ms"}
{"ts":"2026-04-05T21:57:21.296Z","level":"INFO","device":"868120100002","event":"RECONNECTING","detail":"attempt 1, backoff 1575ms"}
{"ts":"2026-04-05T21:57:21.296Z","level":"INFO","device":"868120100008","event":"RECONNECTING","detail":"attempt 1, backoff 1630ms"}
{"ts":"2026-04-05T21:57:21.296Z","level":"INFO","device":"868120100007","event":"RECONNECTING","detail":"attempt 1, backoff 1028ms"}
{"ts":"2026-04-05T21:57:21.301Z","level":"INFO","device":"868120100006","event":"RECONNECTING","detail":"attempt 1, backoff 1046ms"}
{"ts":"2026-04-05T21:57:21.302Z","level":"INFO","device":"868120100005","event":"RECONNECTING","detail":"attempt 1, backoff 1267ms"}
{"ts":"2026-04-05T21:57:21.303Z","level":"INFO","device":"868120100004","event":"RECONNECTING","detail":"attempt 1, backoff 1682ms"}
{"ts":"2026-04-05T21:57:22.533Z","level":"ERROR","device":"868120100007","event":"SOCKET_ERROR","detail":"ECONNREFUSED"}
{"ts":"2026-04-05T21:57:22.533Z","level":"INFO","device":"868120100007","event":"RECONNECTING","detail":"attempt 2, backoff 2083ms"}
{"ts":"2026-04-05T21:57:22.539Z","level":"ERROR","device":"868120100006","event":"SOCKET_ERROR","detail":"ECONNREFUSED"}
{"ts":"2026-04-05T21:57:22.540Z","level":"INFO","device":"868120100006","event":"RECONNECTING","detail":"attempt 2, backoff 2573ms"}
{"ts":"2026-04-05T21:57:22.778Z","level":"ERROR","device":"868120100005","event":"SOCKET_ERROR","detail":"ECONNREFUSED"}
{"ts":"2026-04-05T21:57:22.778Z","level":"INFO","device":"868120100005","event":"RECONNECTING","detail":"attempt 2, backoff 2697ms"}
{"ts":"2026-04-05T21:57:22.864Z","level":"ERROR","device":"868120018681","event":"SOCKET_ERROR","detail":"ECONNREFUSED"}
{"ts":"2026-04-05T21:57:22.865Z","level":"INFO","device":"868120018681","event":"RECONNECTING","detail":"attempt 2, backoff 2243ms"}
{"ts":"2026-04-05T21:57:22.922Z","level":"ERROR","device":"100000000010","event":"SOCKET_ERROR","detail":"ECONNREFUSED"}
{"ts":"2026-04-05T21:57:22.922Z","level":"INFO","device":"100000000010","event":"RECONNECTING","detail":"attempt 2, backoff 2350ms"}
{"ts":"2026-04-05T21:57:23.065Z","level":"ERROR","device":"868120100002","event":"SOCKET_ERROR","detail":"ECONNREFUSED"}
{"ts":"2026-04-05T21:57:23.066Z","level":"INFO","device":"868120100002","event":"RECONNECTING","detail":"attempt 2, backoff 2058ms"}
{"ts":"2026-04-05T21:57:23.128Z","level":"ERROR","device":"868120100008","event":"SOCKET_ERROR","detail":"ECONNREFUSED"}
{"ts":"2026-04-05T21:57:23.128Z","level":"INFO","device":"868120100008","event":"RECONNECTING","detail":"attempt 2, backoff 2689ms"}
{"ts":"2026-04-05T21:57:23.177Z","level":"ERROR","device":"868120100004","event":"SOCKET_ERROR","detail":"ECONNREFUSED"}
{"ts":"2026-04-05T21:57:23.178Z","level":"INFO","device":"868120100004","event":"RECONNECTING","detail":"attempt 2, backoff 2986ms"}
{"ts":"2026-04-05T21:57:23.240Z","level":"ERROR","device":"868120100003","event":"SOCKET_ERROR","detail":"ECONNREFUSED"}
{"ts":"2026-04-05T21:57:23.240Z","level":"INFO","device":"868120100003","event":"RECONNECTING","detail":"attempt 2, backoff 2544ms"}
{"ts":"2026-04-05T21:57:23.473Z","level":"ERROR","device":"868120100009","event":"SOCKET_ERROR","detail":"ECONNREFUSED"}
{"ts":"2026-04-05T21:57:23.474Z","level":"INFO","device":"868120100009","event":"RECONNECTING","detail":"attempt 2, backoff 2223ms"}
{"ts":"2026-04-05T21:57:23.597Z","level":"INFO","device":"200000000001","event":"HEARTBEAT_SENT","detail":"0x0002"}
{"ts":"2026-04-05T21:57:23.650Z","level":"INFO","device":"200000000002","event":"HEARTBEAT_SENT","detail":"0x0002"}
{"ts":"2026-04-05T21:57:23.656Z","level":"INFO","device":"200000000001","event":"OBD2_SENT_0x0200","detail":"Lat: 51.726433, Lng: 0.495750 | Speed: 0km/h | RPM: 800"}
{"ts":"2026-04-05T21:57:23.660Z","level":"INFO","device":"200000000002","event":"OBD2_SENT_0x0200","detail":"Lat: 51.716014, Lng: 0.505501 | Speed: 7km/h | RPM: 1064"}
{"ts":"2026-04-05T21:57:23.698Z","level":"ERROR","device":"300000000001","event":"SOCKET_ERROR","detail":"ECONNREFUSED"}
{"ts":"2026-04-05T21:57:23.799Z","level":"INFO","device":"200000000003","event":"HEARTBEAT_SENT","detail":"0x0002"}
{"ts":"2026-04-05T21:57:23.812Z","level":"INFO","device":"200000000003","event":"OBD2_SENT_0x0200","detail":"Lat: 51.730511, Lng: 0.492629 | Speed: 27km/h | RPM: 1892"}
{"ts":"2026-04-05T21:57:23.857Z","level":"ERROR","device":"300000000002","event":"SOCKET_ERROR","detail":"ECONNREFUSED"}
{"ts":"2026-04-05T21:57:23.869Z","level":"INFO","device":"200000000001","event":"SERVER_ACK","detail":"0x8001 Universal Reply Received"}
{"ts":"2026-04-05T21:57:23.872Z","level":"INFO","device":"200000000002","event":"SERVER_ACK","detail":"0x8001 Universal Reply Received"}
{"ts":"2026-04-05T21:57:23.950Z","level":"INFO","device":"200000000004","event":"HEARTBEAT_SENT","detail":"0x0002"}
{"ts":"2026-04-05T21:57:23.965Z","level":"INFO","device":"200000000004","event":"OBD2_SENT_0x0200","detail":"Lat: 51.728603, Lng: 0.494598 | Speed: 36km/h | RPM: 2229"}
{"ts":"2026-04-05T21:57:23.997Z","level":"ERROR","device":"300000000003","event":"SOCKET_ERROR","detail":"ECONNREFUSED"}
{"ts":"2026-04-05T21:57:24.052Z","level":"INFO","device":"200000000003","event":"SERVER_ACK","detail":"0x8001 Universal Reply Received"}
{"ts":"2026-04-05T21:57:24.101Z","level":"INFO","device":"200000000005","event":"HEARTBEAT_SENT","detail":"0x0002"}
{"ts":"2026-04-05T21:57:24.111Z","level":"INFO","device":"200000000005","event":"OBD2_SENT_0x0200","detail":"Lat: 51.715568, Lng: 0.507063 | Speed: 60km/h | RPM: 3196"}
{"ts":"2026-04-05T21:57:24.138Z","level":"ERROR","device":"300000000004","event":"SOCKET_ERROR","detail":"ECONNREFUSED"}
{"ts":"2026-04-05T21:57:24.161Z","level":"INFO","device":"200000000004","event":"SERVER_ACK","detail":"0x8001 Universal Reply Received"}
{"ts":"2026-04-05T21:57:24.178Z","level":"INFO","device":"200000000001","event":"SERVER_ACK","detail":"0x8001 Universal Reply Received"}
{"ts":"2026-04-05T21:57:24.194Z","level":"INFO","device":"200000000002","event":"SERVER_ACK","detail":"0x8001 Universal Reply Received"}
{"ts":"2026-04-05T21:57:24.251Z","level":"INFO","device":"200000000006","event":"HEARTBEAT_SENT","detail":"0x0002"}
{"ts":"2026-04-05T21:57:24.259Z","level":"INFO","device":"200000000006","event":"OBD2_SENT_0x0200","detail":"Lat: 51.725414, Lng: 0.496037 | Speed: 45km/h | RPM: 2580"}
{"ts":"2026-04-05T21:57:24.304Z","level":"INFO","device":"200000000005","event":"SERVER_ACK","detail":"0x8001 Universal Reply Received"}
{"ts":"2026-04-05T21:57:24.305Z","level":"ERROR","device":"300000000005","event":"SOCKET_ERROR","detail":"ECONNREFUSED"}
{"ts":"2026-04-05T21:57:24.373Z","level":"INFO","device":"200000000003","event":"SERVER_ACK","detail":"0x8001 Universal Reply Received"}
{"ts":"2026-04-05T21:57:24.401Z","level":"INFO","device":"200000000007","event":"HEARTBEAT_SENT","detail":"0x0002"}
{"ts":"2026-04-05T21:57:24.403Z","level":"INFO","device":"200000000007","event":"OBD2_SENT_0x0200","detail":"Lat: 51.736665, Lng: 0.470217 | Speed: 75km/h | RPM: 3790"}
{"ts":"2026-04-05T21:57:24.437Z","level":"ERROR","device":"300000000006","event":"SOCKET_ERROR","detail":"ECONNREFUSED"}
{"ts":"2026-04-05T21:57:24.463Z","level":"INFO","device":"200000000006","event":"SERVER_ACK","detail":"0x8001 Universal Reply Received"}
{"ts":"2026-04-05T21:57:24.506Z","level":"INFO","device":"200000000004","event":"SERVER_ACK","detail":"0x8001 Universal Reply Received"}
{"ts":"2026-04-05T21:57:24.549Z","level":"INFO","device":"200000000008","event":"HEARTBEAT_SENT","detail":"0x0002"}
{"ts":"2026-04-05T21:57:24.558Z","level":"INFO","device":"200000000008","event":"OBD2_SENT_0x0200","detail":"Lat: 51.737782, Lng: 0.476156 | Speed: 31km/h | RPM: 2040"}
{"ts":"2026-04-05T21:57:24.589Z","level":"ERROR","device":"300000000007","event":"SOCKET_ERROR","detail":"ECONNREFUSED"}
{"ts":"2026-04-05T21:57:24.604Z","level":"INFO","device":"200000000007","event":"SERVER_ACK","detail":"0x8001 Universal Reply Received"}
{"ts":"2026-04-05T21:57:24.623Z","level":"INFO","device":"200000000005","event":"SERVER_ACK","detail":"0x8001 Universal Reply Received"}
{"ts":"2026-04-05T21:57:24.702Z","level":"INFO","device":"200000000009","event":"HEARTBEAT_SENT","detail":"0x0002"}
{"ts":"2026-04-05T21:57:24.707Z","level":"INFO","device":"200000000009","event":"OBD2_SENT_0x0200","detail":"Lat: 51.737006, Lng: 0.471421 | Speed: 27km/h | RPM: 1869"}
{"ts":"2026-04-05T21:57:24.728Z","level":"ERROR","device":"300000000008","event":"SOCKET_ERROR","detail":"ECONNREFUSED"}
{"ts":"2026-04-05T21:57:24.734Z","level":"INFO","device":"200000000008","event":"SERVER_ACK","detail":"0x8001 Universal Reply Received"}
{"ts":"2026-04-05T21:57:24.788Z","level":"INFO","device":"200000000006","event":"SERVER_ACK","detail":"0x8001 Universal Reply Received"}
{"ts":"2026-04-05T21:57:24.801Z","level":"INFO","device":"868120100007","event":"CONNECTED","detail":"id:868120100007"}
{"ts":"2026-04-05T21:57:24.853Z","level":"INFO","device":"200000000010","event":"HEARTBEAT_SENT","detail":"0x0002"}
{"ts":"2026-04-05T21:57:24.864Z","level":"INFO","device":"200000000010","event":"OBD2_SENT_0x0200","detail":"Lat: 51.737763, Lng: 0.475721 | Speed: 20km/h | RPM: 1609"}
{"ts":"2026-04-05T21:57:24.900Z","level":"ERROR","device":"300000000009","event":"SOCKET_ERROR","detail":"ECONNREFUSED"}
{"ts":"2026-04-05T21:57:24.912Z","level":"INFO","device":"200000000009","event":"SERVER_ACK","detail":"0x8001 Universal Reply Received"}
{"ts":"2026-04-05T21:57:24.933Z","level":"INFO","device":"200000000007","event":"SERVER_ACK","detail":"0x8001 Universal Reply Received"}
{"ts":"2026-04-05T21:57:24.991Z","level":"INFO","device":"868120100007","event":"RX_MSG","detail":"0x8001 bodyLen=5"}
{"ts":"2026-04-05T21:57:24.991Z","level":"INFO","device":"868120100007","event":"SERVER_ACK","detail":"0x0102 result=OK"}
{"ts":"2026-04-05T21:57:25.033Z","level":"ERROR","device":"300000000010","event":"SOCKET_ERROR","detail":"ECONNREFUSED"}
{"ts":"2026-04-05T21:57:25.042Z","level":"INFO","device":"200000000008","event":"SERVER_ACK","detail":"0x8001 Universal Reply Received"}
{"ts":"2026-04-05T21:57:25.071Z","level":"INFO","device":"200000000010","event":"SERVER_ACK","detail":"0x8001 Universal Reply Received"}
{"ts":"2026-04-05T21:57:25.253Z","level":"INFO","device":"200000000009","event":"SERVER_ACK","detail":"0x8001 Universal Reply Received"}
{"ts":"2026-04-05T21:57:25.298Z","level":"INFO","device":"868120100006","event":"CONNECTED","detail":"id:868120100006"}
{"ts":"2026-04-05T21:57:25.309Z","level":"INFO","device":"868120018681","event":"CONNECTED","detail":"id:868120018681"}
{"ts":"2026-04-05T21:57:25.310Z","level":"INFO","device":"868120100002","event":"CONNECTED","detail":"id:868120100002"}
{"ts":"2026-04-05T21:57:25.416Z","level":"INFO","device":"200000000010","event":"SERVER_ACK","detail":"0x8001 Universal Reply Received"}
{"ts":"2026-04-05T21:57:25.482Z","level":"INFO","device":"100000000010","event":"CONNECTED","detail":"id:100000000010"}
{"ts":"2026-04-05T21:57:25.489Z","level":"INFO","device":"868120100006","event":"RX_MSG","detail":"0x8001 bodyLen=5"}
{"ts":"2026-04-05T21:57:25.489Z","level":"INFO","device":"868120100006","event":"SERVER_ACK","detail":"0x0102 result=OK"}
{"ts":"2026-04-05T21:57:25.500Z","level":"INFO","device":"868120100002","event":"RX_MSG","detail":"0x8001 bodyLen=5"}
{"ts":"2026-04-05T21:57:25.503Z","level":"INFO","device":"868120100002","event":"SERVER_ACK","detail":"0x0102 result=OK"}
{"ts":"2026-04-05T21:57:25.515Z","level":"INFO","device":"868120018681","event":"RX_MSG","detail":"0x8001 bodyLen=5"}
{"ts":"2026-04-05T21:57:25.515Z","level":"INFO","device":"868120018681","event":"SERVER_ACK","detail":"0x0102 result=OK"}
{"ts":"2026-04-05T21:57:25.666Z","level":"INFO","device":"868120100005","event":"CONNECTED","detail":"id:868120100005"}
{"ts":"2026-04-05T21:57:25.700Z","level":"INFO","device":"100000000010","event":"RX_MSG","detail":"0x8001 bodyLen=5"}
{"ts":"2026-04-05T21:57:25.703Z","level":"INFO","device":"100000000010","event":"SERVER_ACK","detail":"0x0102 result=OK"}
{"ts":"2026-04-05T21:57:25.853Z","level":"INFO","device":"868120100005","event":"RX_MSG","detail":"0x8001 bodyLen=5"}
{"ts":"2026-04-05T21:57:25.854Z","level":"INFO","device":"868120100005","event":"SERVER_ACK","detail":"0x0102 result=OK"}
{"ts":"2026-04-05T21:57:25.890Z","level":"INFO","device":"868120100009","event":"CONNECTED","detail":"id:868120100009"}
{"ts":"2026-04-05T21:57:25.968Z","level":"INFO","device":"868120100003","event":"CONNECTED","detail":"id:868120100003"}
{"ts":"2026-04-05T21:57:26.001Z","level":"INFO","device":"868120100008","event":"CONNECTED","detail":"id:868120100008"}
{"ts":"2026-04-05T21:57:26.086Z","level":"INFO","device":"868120100009","event":"RX_MSG","detail":"0x8001 bodyLen=5"}
{"ts":"2026-04-05T21:57:26.086Z","level":"INFO","device":"868120100009","event":"SERVER_ACK","detail":"0x0102 result=OK"}
{"ts":"2026-04-05T21:57:26.155Z","level":"INFO","device":"868120100003","event":"RX_MSG","detail":"0x8001 bodyLen=5"}
{"ts":"2026-04-05T21:57:26.156Z","level":"INFO","device":"868120100003","event":"SERVER_ACK","detail":"0x0102 result=OK"}
{"ts":"2026-04-05T21:57:26.188Z","level":"INFO","device":"868120100008","event":"RX_MSG","detail":"0x8001 bodyLen=5"}
{"ts":"2026-04-05T21:57:26.189Z","level":"INFO","device":"868120100008","event":"SERVER_ACK","detail":"0x0102 result=OK"}
{"ts":"2026-04-05T21:57:26.357Z","level":"INFO","device":"868120100004","event":"CONNECTED","detail":"id:868120100004"}
{"ts":"2026-04-05T21:57:26.554Z","level":"INFO","device":"868120100004","event":"RX_MSG","detail":"0x8001 bodyLen=5"}
{"ts":"2026-04-05T21:57:26.554Z","level":"INFO","device":"868120100004","event":"SERVER_ACK","detail":"0x0102 result=OK"}
{"ts":"2026-04-05T21:57:38.665Z","level":"INFO","device":"200000000001","event":"OBD2_SENT_0x0200","detail":"Lat: 51.726391, Lng: 0.495763 | Speed: 1km/h | RPM: 845"}
{"ts":"2026-04-05T21:57:38.665Z","level":"INFO","device":"200000000002","event":"OBD2_SENT_0x0200","detail":"Lat: 51.715897, Lng: 0.505912 | Speed: 7km/h | RPM: 1099"}
{"ts":"2026-04-05T21:57:38.813Z","level":"INFO","device":"200000000003","event":"OBD2_SENT_0x0200","detail":"Lat: 51.729713, Lng: 0.493560 | Speed: 25km/h | RPM: 1788"}
{"ts":"2026-04-05T21:57:38.859Z","level":"INFO","device":"200000000001","event":"SERVER_ACK","detail":"0x8001 Universal Reply Received"}
{"ts":"2026-04-05T21:57:38.874Z","level":"INFO","device":"200000000002","event":"SERVER_ACK","detail":"0x8001 Universal Reply Received"}
{"ts":"2026-04-05T21:57:38.965Z","level":"INFO","device":"200000000004","event":"OBD2_SENT_0x0200","detail":"Lat: 51.727250, Lng: 0.495375 | Speed: 37km/h | RPM: 2284"}
{"ts":"2026-04-05T21:57:39.017Z","level":"INFO","device":"200000000003","event":"SERVER_ACK","detail":"0x8001 Universal Reply Received"}
{"ts":"2026-04-05T21:57:39.111Z","level":"INFO","device":"200000000005","event":"OBD2_SENT_0x0200","detail":"Lat: 51.714802, Lng: 0.510325 | Speed: 59km/h | RPM: 3176"}
{"ts":"2026-04-05T21:57:39.176Z","level":"INFO","device":"200000000004","event":"SERVER_ACK","detail":"0x8001 Universal Reply Received"}
{"ts":"2026-04-05T21:57:39.259Z","level":"INFO","device":"200000000006","event":"OBD2_SENT_0x0200","detail":"Lat: 51.723732, Lng: 0.496460 | Speed: 45km/h | RPM: 2609"}
{"ts":"2026-04-05T21:57:39.314Z","level":"INFO","device":"200000000005","event":"SERVER_ACK","detail":"0x8001 Universal Reply Received"}
{"ts":"2026-04-05T21:57:39.403Z","level":"INFO","device":"200000000007","event":"OBD2_SENT_0x0200","detail":"Lat: 51.737654, Lng: 0.474636 | Speed: 75km/h | RPM: 3799"}
{"ts":"2026-04-05T21:57:39.472Z","level":"INFO","device":"200000000006","event":"SERVER_ACK","detail":"0x8001 Universal Reply Received"}
{"ts":"2026-04-05T21:57:39.558Z","level":"INFO","device":"200000000008","event":"OBD2_SENT_0x0200","detail":"Lat: 51.737664, Lng: 0.477946 | Speed: 30km/h | RPM: 1986"}
{"ts":"2026-04-05T21:57:39.605Z","level":"INFO","device":"200000000007","event":"SERVER_ACK","detail":"0x8001 Universal Reply Received"}
{"ts":"2026-04-05T21:57:39.707Z","level":"INFO","device":"200000000009","event":"OBD2_SENT_0x0200","detail":"Lat: 51.737325, Lng: 0.472691 | Speed: 23km/h | RPM: 1719"}
{"ts":"2026-04-05T21:57:39.745Z","level":"INFO","device":"200000000008","event":"SERVER_ACK","detail":"0x8001 Universal Reply Received"}
{"ts":"2026-04-05T21:57:39.865Z","level":"INFO","device":"200000000010","event":"OBD2_SENT_0x0200","detail":"Lat: 51.737771, Lng: 0.476950 | Speed: 20km/h | RPM: 1615"}
{"ts":"2026-04-05T21:57:39.918Z","level":"INFO","device":"200000000009","event":"SERVER_ACK","detail":"0x8001 Universal Reply Received"}
{"ts":"2026-04-05T21:57:40.087Z","level":"INFO","device":"200000000010","event":"SERVER_ACK","detail":"0x8001 Universal Reply Received"}
{"ts":"2026-04-05T21:57:53.605Z","level":"INFO","device":"200000000001","event":"HEARTBEAT_SENT","detail":"0x0002"}
{"ts":"2026-04-05T21:57:53.650Z","level":"INFO","device":"200000000002","event":"HEARTBEAT_SENT","detail":"0x0002"}
{"ts":"2026-04-05T21:57:53.665Z","level":"INFO","device":"200000000001","event":"OBD2_SENT_0x0200","detail":"Lat: 51.726374, Lng: 0.495768 | Speed: 0km/h | RPM: 818"}
{"ts":"2026-04-05T21:57:53.666Z","level":"INFO","device":"200000000002","event":"OBD2_SENT_0x0200","detail":"Lat: 51.715735, Lng: 0.506476 | Speed: 10km/h | RPM: 1211"}
{"ts":"2026-04-05T21:57:53.799Z","level":"INFO","device":"200000000003","event":"HEARTBEAT_SENT","detail":"0x0002"}
{"ts":"2026-04-05T21:57:53.801Z","level":"INFO","device":"200000000001","event":"SERVER_ACK","detail":"0x8001 Universal Reply Received"}
{"ts":"2026-04-05T21:57:53.813Z","level":"INFO","device":"200000000003","event":"OBD2_SENT_0x0200","detail":"Lat: 51.728893, Lng: 0.494340 | Speed: 24km/h | RPM: 1780"}
{"ts":"2026-04-05T21:57:53.860Z","level":"INFO","device":"200000000002","event":"SERVER_ACK","detail":"0x8001 Universal Reply Received"}
{"ts":"2026-04-05T21:57:53.952Z","level":"INFO","device":"200000000004","event":"HEARTBEAT_SENT","detail":"0x0002"}
{"ts":"2026-04-05T21:57:53.965Z","level":"INFO","device":"200000000004","event":"OBD2_SENT_0x0200","detail":"Lat: 51.725945, Lng: 0.495896 | Speed: 36km/h | RPM: 2258"}
{"ts":"2026-04-05T21:57:54.003Z","level":"INFO","device":"200000000003","event":"SERVER_ACK","detail":"0x8001 Universal Reply Received"}
{"ts":"2026-04-05T21:57:54.102Z","level":"INFO","device":"200000000005","event":"HEARTBEAT_SENT","detail":"0x0002"}
{"ts":"2026-04-05T21:57:54.105Z","level":"INFO","device":"200000000001","event":"SERVER_ACK","detail":"0x8001 Universal Reply Received"}
{"ts":"2026-04-05T21:57:54.111Z","level":"INFO","device":"200000000005","event":"OBD2_SENT_0x0200","detail":"Lat: 51.714180, Lng: 0.513737 | Speed: 60km/h | RPM: 3188"}
{"ts":"2026-04-05T21:57:54.163Z","level":"INFO","device":"200000000004","event":"SERVER_ACK","detail":"0x8001 Universal Reply Received"}
{"ts":"2026-04-05T21:57:54.183Z","level":"INFO","device":"200000000002","event":"SERVER_ACK","detail":"0x8001 Universal Reply Received"}
{"ts":"2026-04-05T21:57:54.251Z","level":"INFO","device":"200000000006","event":"HEARTBEAT_SENT","detail":"0x0002"}
{"ts":"2026-04-05T21:57:54.259Z","level":"INFO","device":"200000000006","event":"OBD2_SENT_0x0200","detail":"Lat: 51.722163, Lng: 0.497119 | Speed: 43km/h | RPM: 2504"}
{"ts":"2026-04-05T21:57:54.300Z","level":"INFO","device":"200000000003","event":"SERVER_ACK","detail":"0x8001 Universal Reply Received"}
{"ts":"2026-04-05T21:57:54.305Z","level":"INFO","device":"200000000005","event":"SERVER_ACK","detail":"0x8001 Universal Reply Received"}
{"ts":"2026-04-05T21:57:54.401Z","level":"INFO","device":"200000000007","event":"HEARTBEAT_SENT","detail":"0x0002"}
{"ts":"2026-04-05T21:57:54.403Z","level":"INFO","device":"200000000007","event":"OBD2_SENT_0x0200","detail":"Lat: 51.737389, Lng: 0.479026 | Speed: 74km/h | RPM: 3764"}
{"ts":"2026-04-05T21:57:54.465Z","level":"INFO","device":"200000000006","event":"SERVER_ACK","detail":"0x8001 Universal Reply Received"}
{"ts":"2026-04-05T21:57:54.495Z","level":"INFO","device":"200000000004","event":"SERVER_ACK","detail":"0x8001 Universal Reply Received"}
{"ts":"2026-04-05T21:57:54.549Z","level":"INFO","device":"200000000008","event":"HEARTBEAT_SENT","detail":"0x0002"}
{"ts":"2026-04-05T21:57:54.558Z","level":"INFO","device":"200000000008","event":"OBD2_SENT_0x0200","detail":"Lat: 51.737208, Lng: 0.479479 | Speed: 29km/h | RPM: 1962"}
{"ts":"2026-04-05T21:57:54.602Z","level":"INFO","device":"200000000007","event":"SERVER_ACK","detail":"0x8001 Universal Reply Received"}
{"ts":"2026-04-05T21:57:54.611Z","level":"INFO","device":"200000000005","event":"SERVER_ACK","detail":"0x8001 Universal Reply Received"}
{"ts":"2026-04-05T21:57:54.703Z","level":"INFO","device":"200000000009","event":"HEARTBEAT_SENT","detail":"0x0002"}
{"ts":"2026-04-05T21:57:54.707Z","level":"INFO","device":"200000000009","event":"OBD2_SENT_0x0200","detail":"Lat: 51.737542, Lng: 0.473849 | Speed: 21km/h | RPM: 1622"}
{"ts":"2026-04-05T21:57:54.736Z","level":"INFO","device":"200000000008","event":"SERVER_ACK","detail":"0x8001 Universal Reply Received"}
{"ts":"2026-04-05T21:57:54.808Z","level":"INFO","device":"200000000006","event":"SERVER_ACK","detail":"0x8001 Universal Reply Received"}
{"ts":"2026-04-05T21:57:54.854Z","level":"INFO","device":"200000000010","event":"HEARTBEAT_SENT","detail":"0x0002"}
{"ts":"2026-04-05T21:57:54.865Z","level":"INFO","device":"200000000010","event":"OBD2_SENT_0x0200","detail":"Lat: 51.737579, Lng: 0.478282 | Speed: 22km/h | RPM: 1688"}
{"ts":"2026-04-05T21:57:54.914Z","level":"INFO","device":"200000000009","event":"SERVER_ACK","detail":"0x8001 Universal Reply Received"}
{"ts":"2026-04-05T21:57:54.953Z","level":"INFO","device":"200000000007","event":"SERVER_ACK","detail":"0x8001 Universal Reply Received"}
{"ts":"2026-04-05T21:57:55.062Z","level":"INFO","device":"200000000008","event":"SERVER_ACK","detail":"0x8001 Universal Reply Received"}
{"ts":"2026-04-05T21:57:55.072Z","level":"INFO","device":"200000000010","event":"SERVER_ACK","detail":"0x8001 Universal Reply Received"}
{"ts":"2026-04-05T21:57:55.273Z","level":"INFO","device":"200000000009","event":"SERVER_ACK","detail":"0x8001 Universal Reply Received"}
{"ts":"2026-04-05T21:57:55.436Z","level":"INFO","device":"200000000010","event":"SERVER_ACK","detail":"0x8001 Universal Reply Received"}
{"ts":"2026-04-05T21:58:08.671Z","level":"INFO","device":"200000000001","event":"OBD2_SENT_0x0200","detail":"Lat: 51.726374, Lng: 0.495768 | Speed: 0km/h | RPM: 800"}
{"ts":"2026-04-05T21:58:08.671Z","level":"INFO","device":"200000000002","event":"OBD2_SENT_0x0200","detail":"Lat: 51.715636, Lng: 0.506825 | Speed: 6km/h | RPM: 1054"}
{"ts":"2026-04-05T21:58:08.813Z","level":"INFO","device":"200000000003","event":"OBD2_SENT_0x0200","detail":"Lat: 51.728093, Lng: 0.494904 | Speed: 23km/h | RPM: 1713"}
{"ts":"2026-04-05T21:58:08.868Z","level":"INFO","device":"200000000001","event":"SERVER_ACK","detail":"0x8001 Universal Reply Received"}
{"ts":"2026-04-05T21:58:08.882Z","level":"INFO","device":"200000000002","event":"SERVER_ACK","detail":"0x8001 Universal Reply Received"}
{"ts":"2026-04-05T21:58:08.965Z","level":"INFO","device":"200000000004","event":"OBD2_SENT_0x0200","detail":"Lat: 51.724597, Lng: 0.496201 | Speed: 37km/h | RPM: 2264"}
{"ts":"2026-04-05T21:58:09.016Z","level":"INFO","device":"200000000003","event":"SERVER_ACK","detail":"0x8001 Universal Reply Received"}
{"ts":"2026-04-05T21:58:09.111Z","level":"INFO","device":"200000000005","event":"OBD2_SENT_0x0200","detail":"Lat: 51.736199, Lng: 0.468768 | Speed: 55km/h | RPM: 3002"}
{"ts":"2026-04-05T21:58:09.176Z","level":"INFO","device":"200000000004","event":"SERVER_ACK","detail":"0x8001 Universal Reply Received"}
{"ts":"2026-04-05T21:58:09.259Z","level":"INFO","device":"200000000006","event":"OBD2_SENT_0x0200","detail":"Lat: 51.720816, Lng: 0.497870 | Speed: 38km/h | RPM: 2305"}
{"ts":"2026-04-05T21:58:09.317Z","level":"INFO","device":"200000000005","event":"SERVER_ACK","detail":"0x8001 Universal Reply Received"}
{"ts":"2026-04-05T21:58:09.403Z","level":"INFO","device":"200000000007","event":"OBD2_SENT_0x0200","detail":"Lat: 51.735365, Lng: 0.482008 | Speed: 73km/h | RPM: 3711"}
{"ts":"2026-04-05T21:58:09.472Z","level":"INFO","device":"200000000006","event":"SERVER_ACK","detail":"0x8001 Universal Reply Received"}
{"ts":"2026-04-05T21:58:09.559Z","level":"INFO","device":"200000000008","event":"OBD2_SENT_0x0200","detail":"Lat: 51.736283, Lng: 0.480937 | Speed: 34km/h | RPM: 2151"}
{"ts":"2026-04-05T21:58:09.608Z","level":"INFO","device":"200000000007","event":"SERVER_ACK","detail":"0x8001 Universal Reply Received"}
{"ts":"2026-04-05T21:58:09.709Z","level":"INFO","device":"200000000009","event":"OBD2_SENT_0x0200","detail":"Lat: 51.737715, Lng: 0.475124 | Speed: 22km/h | RPM: 1672"}
{"ts":"2026-04-05T21:58:09.746Z","level":"INFO","device":"200000000008","event":"SERVER_ACK","detail":"0x8001 Universal Reply Received"}
{"ts":"2026-04-05T21:58:09.865Z","level":"INFO","device":"200000000010","event":"OBD2_SENT_0x0200","detail":"Lat: 51.737161, Lng: 0.479598 | Speed: 26km/h | RPM: 1824"}
{"ts":"2026-04-05T21:58:09.921Z","level":"INFO","device":"200000000009","event":"SERVER_ACK","detail":"0x8001 Universal Reply Received"}
{"ts":"2026-04-05T21:58:10.084Z","level":"INFO","device":"200000000010","event":"SERVER_ACK","detail":"0x8001 Universal Reply Received"}
{"ts":"2026-04-05T21:58:23.604Z","level":"INFO","device":"200000000001","event":"HEARTBEAT_SENT","detail":"0x0002"}
{"ts":"2026-04-05T21:58:23.649Z","level":"INFO","device":"200000000002","event":"HEARTBEAT_SENT","detail":"0x0002"}
{"ts":"2026-04-05T21:58:23.672Z","level":"INFO","device":"200000000001","event":"OBD2_SENT_0x0200","detail":"Lat: 51.726210, Lng: 0.495817 | Speed: 4km/h | RPM: 978"}
{"ts":"2026-04-05T21:58:23.673Z","level":"INFO","device":"200000000002","event":"OBD2_SENT_0x0200","detail":"Lat: 51.715560, Lng: 0.507090 | Speed: 5km/h | RPM: 993"}
{"ts":"2026-04-05T21:58:23.799Z","level":"INFO","device":"200000000003","event":"HEARTBEAT_SENT","detail":"0x0002"}
{"ts":"2026-04-05T21:58:23.800Z","level":"INFO","device":"200000000001","event":"SERVER_ACK","detail":"0x8001 Universal Reply Received"}
{"ts":"2026-04-05T21:58:23.813Z","level":"INFO","device":"200000000003","event":"OBD2_SENT_0x0200","detail":"Lat: 51.727399, Lng: 0.495300 | Speed: 20km/h | RPM: 1589"}
{"ts":"2026-04-05T21:58:23.859Z","level":"INFO","device":"200000000002","event":"SERVER_ACK","detail":"0x8001 Universal Reply Received"}
{"ts":"2026-04-05T21:58:23.952Z","level":"INFO","device":"200000000004","event":"HEARTBEAT_SENT","detail":"0x0002"}
{"ts":"2026-04-05T21:58:23.965Z","level":"INFO","device":"200000000004","event":"OBD2_SENT_0x0200","detail":"Lat: 51.723121, Lng: 0.496691 | Speed: 40km/h | RPM: 2402"}
{"ts":"2026-04-05T21:58:24.003Z","level":"INFO","device":"200000000003","event":"SERVER_ACK","detail":"0x8001 Universal Reply Received"}
{"ts":"2026-04-05T21:58:24.103Z","level":"INFO","device":"200000000005","event":"HEARTBEAT_SENT","detail":"0x0002"}
{"ts":"2026-04-05T21:58:24.112Z","level":"INFO","device":"200000000005","event":"OBD2_SENT_0x0200","detail":"Lat: 51.737025, Lng: 0.471492 | Speed: 55km/h | RPM: 3001"}
{"ts":"2026-04-05T21:58:24.122Z","level":"INFO","device":"200000000001","event":"SERVER_ACK","detail":"0x8001 Universal Reply Received"}
{"ts":"2026-04-05T21:58:24.163Z","level":"INFO","device":"200000000004","event":"SERVER_ACK","detail":"0x8001 Universal Reply Received"}
{"ts":"2026-04-05T21:58:24.199Z","level":"INFO","device":"200000000002","event":"SERVER_ACK","detail":"0x8001 Universal Reply Received"}
{"ts":"2026-04-05T21:58:24.252Z","level":"INFO","device":"200000000006","event":"HEARTBEAT_SENT","detail":"0x0002"}
{"ts":"2026-04-05T21:58:24.259Z","level":"INFO","device":"200000000006","event":"OBD2_SENT_0x0200","detail":"Lat: 51.719518, Lng: 0.498891 | Speed: 37km/h | RPM: 2288"}
{"ts":"2026-04-05T21:58:24.305Z","level":"INFO","device":"200000000005","event":"SERVER_ACK","detail":"0x8001 Universal Reply Received"}
{"ts":"2026-04-05T21:58:24.317Z","level":"INFO","device":"200000000003","event":"SERVER_ACK","detail":"0x8001 Universal Reply Received"}
{"ts":"2026-04-05T21:58:24.401Z","level":"INFO","device":"200000000007","event":"HEARTBEAT_SENT","detail":"0x0002"}
{"ts":"2026-04-05T21:58:24.404Z","level":"INFO","device":"200000000007","event":"OBD2_SENT_0x0200","detail":"Lat: 51.733637, Lng: 0.484811 | Speed: 69km/h | RPM: 3554"}
{"ts":"2026-04-05T21:58:24.464Z","level":"INFO","device":"200000000006","event":"SERVER_ACK","detail":"0x8001 Universal Reply Received"}
{"ts":"2026-04-05T21:58:24.511Z","level":"INFO","device":"200000000004","event":"SERVER_ACK","detail":"0x8001 Universal Reply Received"}
{"ts":"2026-04-05T21:58:24.549Z","level":"INFO","device":"200000000008","event":"HEARTBEAT_SENT","detail":"0x0002"}
{"ts":"2026-04-05T21:58:24.559Z","level":"INFO","device":"200000000008","event":"OBD2_SENT_0x0200","detail":"Lat: 51.735119, Lng: 0.482294 | Speed: 38km/h | RPM: 2332"}
{"ts":"2026-04-05T21:58:24.603Z","level":"INFO","device":"200000000007","event":"SERVER_ACK","detail":"0x8001 Universal Reply Received"}
{"ts":"2026-04-05T21:58:24.628Z","level":"INFO","device":"200000000005","event":"SERVER_ACK","detail":"0x8001 Universal Reply Received"}
{"ts":"2026-04-05T21:58:24.703Z","level":"INFO","device":"200000000009","event":"HEARTBEAT_SENT","detail":"0x0002"}
{"ts":"2026-04-05T21:58:24.708Z","level":"INFO","device":"200000000009","event":"OBD2_SENT_0x0200","detail":"Lat: 51.737794, Lng: 0.476464 | Speed: 23km/h | RPM: 1704"}
{"ts":"2026-04-05T21:58:24.736Z","level":"INFO","device":"200000000008","event":"SERVER_ACK","detail":"0x8001 Universal Reply Received"}
{"ts":"2026-04-05T21:58:24.793Z","level":"INFO","device":"200000000006","event":"SERVER_ACK","detail":"0x8001 Universal Reply Received"}
{"ts":"2026-04-05T21:58:24.854Z","level":"INFO","device":"200000000010","event":"HEARTBEAT_SENT","detail":"0x0002"}
{"ts":"2026-04-05T21:58:24.865Z","level":"INFO","device":"200000000010","event":"OBD2_SENT_0x0200","detail":"Lat: 51.736609, Lng: 0.480521 | Speed: 21km/h | RPM: 1629"}
{"ts":"2026-04-05T21:58:24.914Z","level":"INFO","device":"200000000009","event":"SERVER_ACK","detail":"0x8001 Universal Reply Received"}
{"ts":"2026-04-05T21:58:24.938Z","level":"INFO","device":"200000000007","event":"SERVER_ACK","detail":"0x8001 Universal Reply Received"}
{"ts":"2026-04-05T21:58:25.048Z","level":"INFO","device":"200000000008","event":"SERVER_ACK","detail":"0x8001 Universal Reply Received"}
{"ts":"2026-04-05T21:58:25.073Z","level":"INFO","device":"200000000010","event":"SERVER_ACK","detail":"0x8001 Universal Reply Received"}
{"ts":"2026-04-05T21:58:25.258Z","level":"INFO","device":"200000000009","event":"SERVER_ACK","detail":"0x8001 Universal Reply Received"}
{"ts":"2026-04-05T21:58:25.421Z","level":"INFO","device":"200000000010","event":"SERVER_ACK","detail":"0x8001 Universal Reply Received"}
{"ts":"2026-04-05T21:58:38.683Z","level":"INFO","device":"200000000001","event":"OBD2_SENT_0x0200","detail":"Lat: 51.726176, Lng: 0.495827 | Speed: 1km/h | RPM: 838"}
{"ts":"2026-04-05T21:58:38.684Z","level":"INFO","device":"200000000002","event":"OBD2_SENT_0x0200","detail":"Lat: 51.715511, Lng: 0.507263 | Speed: 3km/h | RPM: 926"}
{"ts":"2026-04-05T21:58:38.813Z","level":"INFO","device":"200000000003","event":"OBD2_SENT_0x0200","detail":"Lat: 51.726661, Lng: 0.495669 | Speed: 21km/h | RPM: 1625"}
{"ts":"2026-04-05T21:58:38.881Z","level":"INFO","device":"200000000001","event":"SERVER_ACK","detail":"0x8001 Universal Reply Received"}
{"ts":"2026-04-05T21:58:38.896Z","level":"INFO","device":"200000000002","event":"SERVER_ACK","detail":"0x8001 Universal Reply Received"}
{"ts":"2026-04-05T21:58:38.965Z","level":"INFO","device":"200000000004","event":"OBD2_SENT_0x0200","detail":"Lat: 51.721644, Lng: 0.497378 | Speed: 41km/h | RPM: 2425"}
{"ts":"2026-04-05T21:58:39.017Z","level":"INFO","device":"200000000003","event":"SERVER_ACK","detail":"0x8001 Universal Reply Received"}
{"ts":"2026-04-05T21:58:39.112Z","level":"INFO","device":"200000000005","event":"OBD2_SENT_0x0200","detail":"Lat: 51.737615, Lng: 0.474323 | Speed: 51km/h | RPM: 2848"}
{"ts":"2026-04-05T21:58:39.176Z","level":"INFO","device":"200000000004","event":"SERVER_ACK","detail":"0x8001 Universal Reply Received"}
{"ts":"2026-04-05T21:58:39.259Z","level":"INFO","device":"200000000006","event":"OBD2_SENT_0x0200","detail":"Lat: 51.718500, Lng: 0.500099 | Speed: 34km/h | RPM: 2151"}
{"ts":"2026-04-05T21:58:39.324Z","level":"INFO","device":"200000000005","event":"SERVER_ACK","detail":"0x8001 Universal Reply Received"}
{"ts":"2026-04-05T21:58:39.405Z","level":"INFO","device":"200000000007","event":"OBD2_SENT_0x0200","detail":"Lat: 51.732427, Lng: 0.489181 | Speed: 73km/h | RPM: 3717"}
{"ts":"2026-04-05T21:58:39.472Z","level":"INFO","device":"200000000006","event":"SERVER_ACK","detail":"0x8001 Universal Reply Received"}
{"ts":"2026-04-05T21:58:39.560Z","level":"INFO","device":"200000000008","event":"OBD2_SENT_0x0200","detail":"Lat: 51.734118, Lng: 0.483671 | Speed: 36km/h | RPM: 2246"}
{"ts":"2026-04-05T21:58:39.607Z","level":"INFO","device":"200000000007","event":"SERVER_ACK","detail":"0x8001 Universal Reply Received"}
{"ts":"2026-04-05T21:58:39.708Z","level":"INFO","device":"200000000009","event":"OBD2_SENT_0x0200","detail":"Lat: 51.737708, Lng: 0.477701 | Speed: 20km/h | RPM: 1620"}
{"ts":"2026-04-05T21:58:39.748Z","level":"INFO","device":"200000000008","event":"SERVER_ACK","detail":"0x8001 Universal Reply Received"}
{"ts":"2026-04-05T21:58:39.865Z","level":"INFO","device":"200000000010","event":"OBD2_SENT_0x0200","detail":"Lat: 51.736090, Lng: 0.481162 | Speed: 18km/h | RPM: 1518"}
{"ts":"2026-04-05T21:58:39.919Z","level":"INFO","device":"200000000009","event":"SERVER_ACK","detail":"0x8001 Universal Reply Received"}
{"ts":"2026-04-05T21:58:40.086Z","level":"INFO","device":"200000000010","event":"SERVER_ACK","detail":"0x8001 Universal Reply Received"}
{"ts":"2026-04-05T21:58:53.619Z","level":"INFO","device":"200000000001","event":"HEARTBEAT_SENT","detail":"0x0002"}
{"ts":"2026-04-05T21:58:53.650Z","level":"INFO","device":"200000000002","event":"HEARTBEAT_SENT","detail":"0x0002"}
{"ts":"2026-04-05T21:58:53.684Z","level":"INFO","device":"200000000001","event":"OBD2_SENT_0x0200","detail":"Lat: 51.725994, Lng: 0.495882 | Speed: 5km/h | RPM: 997"}
{"ts":"2026-04-05T21:58:53.684Z","level":"INFO","device":"200000000002","event":"OBD2_SENT_0x0200","detail":"Lat: 51.715511, Lng: 0.507263 | Speed: 0km/h | RPM: 800"}
{"ts":"2026-04-05T21:58:53.800Z","level":"INFO","device":"200000000003","event":"HEARTBEAT_SENT","detail":"0x0002"}
{"ts":"2026-04-05T21:58:53.813Z","level":"INFO","device":"200000000001","event":"SERVER_ACK","detail":"0x8001 Universal Reply Received"}
{"ts":"2026-04-05T21:58:53.814Z","level":"INFO","device":"200000000003","event":"OBD2_SENT_0x0200","detail":"Lat: 51.726005, Lng: 0.495878 | Speed: 18km/h | RPM: 1533"}
{"ts":"2026-04-05T21:58:53.859Z","level":"INFO","device":"200000000002","event":"SERVER_ACK","detail":"0x8001 Universal Reply Received"}
{"ts":"2026-04-05T21:58:53.952Z","level":"INFO","device":"200000000004","event":"HEARTBEAT_SENT","detail":"0x0002"}
{"ts":"2026-04-05T21:58:53.965Z","level":"INFO","device":"200000000004","event":"OBD2_SENT_0x0200","detail":"Lat: 51.720027, Lng: 0.498458 | Speed: 45km/h | RPM: 2607"}
{"ts":"2026-04-05T21:58:54.002Z","level":"INFO","device":"200000000003","event":"SERVER_ACK","detail":"0x8001 Universal Reply Received"}
{"ts":"2026-04-05T21:58:54.103Z","level":"INFO","device":"200000000005","event":"HEARTBEAT_SENT","detail":"0x0002"}
{"ts":"2026-04-05T21:58:54.112Z","level":"INFO","device":"200000000005","event":"OBD2_SENT_0x0200","detail":"Lat: 51.737754, Lng: 0.477158 | Speed: 48km/h | RPM: 2711"}
{"ts":"2026-04-05T21:58:54.115Z","level":"INFO","device":"200000000001","event":"SERVER_ACK","detail":"0x8001 Universal Reply Received"}
{"ts":"2026-04-05T21:58:54.162Z","level":"INFO","device":"200000000004","event":"SERVER_ACK","detail":"0x8001 Universal Reply Received"}
{"ts":"2026-04-05T21:58:54.193Z","level":"INFO","device":"200000000002","event":"SERVER_ACK","detail":"0x8001 Universal Reply Received"}
{"ts":"2026-04-05T21:58:54.252Z","level":"INFO","device":"200000000006","event":"HEARTBEAT_SENT","detail":"0x0002"}
{"ts":"2026-04-05T21:58:54.259Z","level":"INFO","device":"200000000006","event":"OBD2_SENT_0x0200","detail":"Lat: 51.717514, Lng: 0.501773 | Speed: 38km/h | RPM: 2318"}
{"ts":"2026-04-05T21:58:54.306Z","level":"INFO","device":"200000000005","event":"SERVER_ACK","detail":"0x8001 Universal Reply Received"}
{"ts":"2026-04-05T21:58:54.310Z","level":"INFO","device":"200000000003","event":"SERVER_ACK","detail":"0x8001 Universal Reply Received"}
{"ts":"2026-04-05T21:58:54.402Z","level":"INFO","device":"200000000007","event":"HEARTBEAT_SENT","detail":"0x0002"}
{"ts":"2026-04-05T21:58:54.405Z","level":"INFO","device":"200000000007","event":"OBD2_SENT_0x0200","detail":"Lat: 51.730247, Lng: 0.492959 | Speed: 76km/h | RPM: 3857"}
{"ts":"2026-04-05T21:58:54.464Z","level":"INFO","device":"200000000006","event":"SERVER_ACK","detail":"0x8001 Universal Reply Received"}
{"ts":"2026-04-05T21:58:54.473Z","level":"INFO","device":"200000000004","event":"SERVER_ACK","detail":"0x8001 Universal Reply Received"}
{"ts":"2026-04-05T21:58:54.549Z","level":"INFO","device":"200000000008","event":"HEARTBEAT_SENT","detail":"0x0002"}
{"ts":"2026-04-05T21:58:54.561Z","level":"INFO","device":"200000000008","event":"OBD2_SENT_0x0200","detail":"Lat: 51.733476, Lng: 0.485346 | Speed: 33km/h | RPM: 2139"}
{"ts":"2026-04-05T21:58:54.604Z","level":"INFO","device":"200000000007","event":"SERVER_ACK","detail":"0x8001 Universal Reply Received"}
{"ts":"2026-04-05T21:58:54.621Z","level":"INFO","device":"200000000005","event":"SERVER_ACK","detail":"0x8001 Universal Reply Received"}
{"ts":"2026-04-05T21:58:54.703Z","level":"INFO","device":"200000000009","event":"HEARTBEAT_SENT","detail":"0x0002"}
{"ts":"2026-04-05T21:58:54.708Z","level":"INFO","device":"200000000009","event":"OBD2_SENT_0x0200","detail":"Lat: 51.737492, Lng: 0.478631 | Speed: 16km/h | RPM: 1421"}
{"ts":"2026-04-05T21:58:54.735Z","level":"INFO","device":"200000000008","event":"SERVER_ACK","detail":"0x8001 Universal Reply Received"}
{"ts":"2026-04-05T21:58:54.787Z","level":"INFO","device":"200000000006","event":"SERVER_ACK","detail":"0x8001 Universal Reply Received"}
{"ts":"2026-04-05T21:58:54.855Z","level":"INFO","device":"200000000010","event":"HEARTBEAT_SENT","detail":"0x0002"}
{"ts":"2026-04-05T21:58:54.865Z","level":"INFO","device":"200000000010","event":"OBD2_SENT_0x0200","detail":"Lat: 51.735439, Lng: 0.481921 | Speed: 21km/h | RPM: 1657"}
{"ts":"2026-04-05T21:58:54.915Z","level":"INFO","device":"200000000009","event":"SERVER_ACK","detail":"0x8001 Universal Reply Received"}
{"ts":"2026-04-05T21:58:54.932Z","level":"INFO","device":"200000000007","event":"SERVER_ACK","detail":"0x8001 Universal Reply Received"}
{"ts":"2026-04-05T21:58:55.041Z","level":"INFO","device":"200000000008","event":"SERVER_ACK","detail":"0x8001 Universal Reply Received"}
{"ts":"2026-04-05T21:58:55.073Z","level":"INFO","device":"200000000010","event":"SERVER_ACK","detail":"0x8001 Universal Reply Received"}
{"ts":"2026-04-05T21:58:55.251Z","level":"INFO","device":"200000000009","event":"SERVER_ACK","detail":"0x8001 Universal Reply Received"}
{"ts":"2026-04-05T21:58:55.415Z","level":"INFO","device":"200000000010","event":"SERVER_ACK","detail":"0x8001 Universal Reply Received"}
{"ts":"2026-04-05T21:59:08.703Z","level":"INFO","device":"200000000001","event":"OBD2_SENT_0x0200","detail":"Lat: 51.725733, Lng: 0.495960 | Speed: 7km/h | RPM: 1083"}
{"ts":"2026-04-05T21:59:08.703Z","level":"INFO","device":"200000000002","event":"OBD2_SENT_0x0200","detail":"Lat: 51.715435, Lng: 0.507527 | Speed: 5km/h | RPM: 993"}
{"ts":"2026-04-05T21:59:08.817Z","level":"INFO","device":"200000000003","event":"OBD2_SENT_0x0200","detail":"Lat: 51.725331, Lng: 0.496054 | Speed: 18km/h | RPM: 1532"}
{"ts":"2026-04-05T21:59:08.898Z","level":"INFO","device":"200000000001","event":"SERVER_ACK","detail":"0x8001 Universal Reply Received"}
{"ts":"2026-04-05T21:59:08.914Z","level":"INFO","device":"200000000002","event":"SERVER_ACK","detail":"0x8001 Universal Reply Received"}
{"ts":"2026-04-05T21:59:08.965Z","level":"INFO","device":"200000000004","event":"OBD2_SENT_0x0200","detail":"Lat: 51.718546, Lng: 0.500031 | Speed: 48km/h | RPM: 2730"}
{"ts":"2026-04-05T21:59:09.020Z","level":"INFO","device":"200000000003","event":"SERVER_ACK","detail":"0x8001 Universal Reply Received"}
{"ts":"2026-04-05T21:59:09.113Z","level":"INFO","device":"200000000005","event":"OBD2_SENT_0x0200","detail":"Lat: 51.737121, Lng: 0.479697 | Speed: 45km/h | RPM: 2587"}
{"ts":"2026-04-05T21:59:09.180Z","level":"INFO","device":"200000000004","event":"SERVER_ACK","detail":"0x8001 Universal Reply Received"}
{"ts":"2026-04-05T21:59:09.260Z","level":"INFO","device":"200000000006","event":"OBD2_SENT_0x0200","detail":"Lat: 51.716748, Lng: 0.503454 | Speed: 36km/h | RPM: 2229"}
{"ts":"2026-04-05T21:59:09.317Z","level":"INFO","device":"200000000005","event":"SERVER_ACK","detail":"0x8001 Universal Reply Received"}
{"ts":"2026-04-05T21:59:09.405Z","level":"INFO","device":"200000000007","event":"OBD2_SENT_0x0200","detail":"Lat: 51.727629, Lng: 0.495183 | Speed: 76km/h | RPM: 3824"}
{"ts":"2026-04-05T21:59:09.473Z","level":"INFO","device":"200000000006","event":"SERVER_ACK","detail":"0x8001 Universal Reply Received"}
{"ts":"2026-04-05T21:59:09.561Z","level":"INFO","device":"200000000008","event":"OBD2_SENT_0x0200","detail":"Lat: 51.732965, Lng: 0.487539 | Speed: 37km/h | RPM: 2296"}
{"ts":"2026-04-05T21:59:09.607Z","level":"INFO","device":"200000000007","event":"SERVER_ACK","detail":"0x8001 Universal Reply Received"}
{"ts":"2026-04-05T21:59:09.708Z","level":"INFO","device":"200000000009","event":"OBD2_SENT_0x0200","detail":"Lat: 51.737271, Lng: 0.479321 | Speed: 13km/h | RPM: 1338"}
{"ts":"2026-04-05T21:59:09.754Z","level":"INFO","device":"200000000008","event":"SERVER_ACK","detail":"0x8001 Universal Reply Received"}
{"ts":"2026-04-05T21:59:09.865Z","level":"INFO","device":"200000000010","event":"OBD2_SENT_0x0200","detail":"Lat: 51.734861, Lng: 0.482596 | Speed: 19km/h | RPM: 1562"}
{"ts":"2026-04-05T21:59:09.920Z","level":"INFO","device":"200000000009","event":"SERVER_ACK","detail":"0x8001 Universal Reply Received"}
{"ts":"2026-04-05T21:59:10.084Z","level":"INFO","device":"200000000010","event":"SERVER_ACK","detail":"0x8001 Universal Reply Received"}
{"ts":"2026-04-05T21:59:23.619Z","level":"INFO","device":"200000000001","event":"HEARTBEAT_SENT","detail":"0x0002"}
{"ts":"2026-04-05T21:59:23.650Z","level":"INFO","device":"200000000002","event":"HEARTBEAT_SENT","detail":"0x0002"}
{"ts":"2026-04-05T21:59:23.703Z","level":"INFO","device":"200000000001","event":"OBD2_SENT_0x0200","detail":"Lat: 51.725531, Lng: 0.496014 | Speed: 5km/h | RPM: 1020"}
{"ts":"2026-04-05T21:59:23.704Z","level":"INFO","device":"200000000002","event":"OBD2_SENT_0x0200","detail":"Lat: 51.715409, Lng: 0.507619 | Speed: 2km/h | RPM: 867"}
{"ts":"2026-04-05T21:59:23.800Z","level":"INFO","device":"200000000003","event":"HEARTBEAT_SENT","detail":"0x0002"}
{"ts":"2026-04-05T21:59:23.813Z","level":"INFO","device":"200000000003","event":"OBD2_SENT_0x0200","detail":"Lat: 51.724635, Lng: 0.496193 | Speed: 19km/h | RPM: 1549"}
{"ts":"2026-04-05T21:59:23.814Z","level":"INFO","device":"200000000001","event":"SERVER_ACK","detail":"0x8001 Universal Reply Received"}
{"ts":"2026-04-05T21:59:23.860Z","level":"INFO","device":"200000000002","event":"SERVER_ACK","detail":"0x8001 Universal Reply Received"}
{"ts":"2026-04-05T21:59:23.952Z","level":"INFO","device":"200000000004","event":"HEARTBEAT_SENT","detail":"0x0002"}
{"ts":"2026-04-05T21:59:23.966Z","level":"INFO","device":"200000000004","event":"OBD2_SENT_0x0200","detail":"Lat: 51.717311, Lng: 0.502178 | Speed: 48km/h | RPM: 2722"}
{"ts":"2026-04-05T21:59:24.002Z","level":"INFO","device":"200000000003","event":"SERVER_ACK","detail":"0x8001 Universal Reply Received"}
{"ts":"2026-04-05T21:59:24.104Z","level":"INFO","device":"200000000005","event":"HEARTBEAT_SENT","detail":"0x0002"}
{"ts":"2026-04-05T21:59:24.113Z","level":"INFO","device":"200000000005","event":"OBD2_SENT_0x0200","detail":"Lat: 51.735786, Lng: 0.481517 | Speed: 46km/h | RPM: 2631"}
{"ts":"2026-04-05T21:59:24.120Z","level":"INFO","device":"200000000001","event":"SERVER_ACK","detail":"0x8001 Universal Reply Received"}
{"ts":"2026-04-05T21:59:24.162Z","level":"INFO","device":"200000000004","event":"SERVER_ACK","detail":"0x8001 Universal Reply Received"}
{"ts":"2026-04-05T21:59:24.198Z","level":"INFO","device":"200000000002","event":"SERVER_ACK","detail":"0x8001 Universal Reply Received"}
{"ts":"2026-04-05T21:59:24.252Z","level":"INFO","device":"200000000006","event":"HEARTBEAT_SENT","detail":"0x0002"}
{"ts":"2026-04-05T21:59:24.260Z","level":"INFO","device":"200000000006","event":"OBD2_SENT_0x0200","detail":"Lat: 51.716022, Lng: 0.505473 | Speed: 41km/h | RPM: 2423"}
{"ts":"2026-04-05T21:59:24.306Z","level":"INFO","device":"200000000005","event":"SERVER_ACK","detail":"0x8001 Universal Reply Received"}
{"ts":"2026-04-05T21:59:24.315Z","level":"INFO","device":"200000000003","event":"SERVER_ACK","detail":"0x8001 Universal Reply Received"}
{"ts":"2026-04-05T21:59:24.402Z","level":"INFO","device":"200000000007","event":"HEARTBEAT_SENT","detail":"0x0002"}
{"ts":"2026-04-05T21:59:24.405Z","level":"INFO","device":"200000000007","event":"OBD2_SENT_0x0200","detail":"Lat: 51.724941, Lng: 0.496132 | Speed: 77km/h | RPM: 3861"}
{"ts":"2026-04-05T21:59:24.464Z","level":"INFO","device":"200000000006","event":"SERVER_ACK","detail":"0x8001 Universal Reply Received"}
{"ts":"2026-04-05T21:59:24.478Z","level":"INFO","device":"200000000004","event":"SERVER_ACK","detail":"0x8001 Universal Reply Received"}
{"ts":"2026-04-05T21:59:24.548Z","level":"INFO","device":"200000000008","event":"DTC_SENT_0x0900","detail":"Injected Fault Code: P0300"}
{"ts":"2026-04-05T21:59:24.549Z","level":"INFO","device":"200000000008","event":"HEARTBEAT_SENT","detail":"0x0002"}
{"ts":"2026-04-05T21:59:24.561Z","level":"INFO","device":"200000000008","event":"OBD2_SENT_0x0200","detail":"Lat: 51.732370, Lng: 0.489325 | Speed: 33km/h | RPM: 2119"}
{"ts":"2026-04-05T21:59:24.603Z","level":"INFO","device":"200000000007","event":"SERVER_ACK","detail":"0x8001 Universal Reply Received"}
{"ts":"2026-04-05T21:59:24.627Z","level":"INFO","device":"200000000005","event":"SERVER_ACK","detail":"0x8001 Universal Reply Received"}
{"ts":"2026-04-05T21:59:24.704Z","level":"INFO","device":"200000000009","event":"HEARTBEAT_SENT","detail":"0x0002"}
{"ts":"2026-04-05T21:59:24.708Z","level":"INFO","device":"200000000009","event":"OBD2_SENT_0x0200","detail":"Lat: 51.737070, Lng: 0.479824 | Speed: 10km/h | RPM: 1196"}
{"ts":"2026-04-05T21:59:24.740Z","level":"INFO","device":"200000000008","event":"SERVER_ACK","detail":"0x8001 Universal Reply Received"}
{"ts":"2026-04-05T21:59:24.792Z","level":"INFO","device":"200000000006","event":"SERVER_ACK","detail":"0x8001 Universal Reply Received"}
{"ts":"2026-04-05T21:59:24.855Z","level":"INFO","device":"200000000010","event":"HEARTBEAT_SENT","detail":"0x0002"}
{"ts":"2026-04-05T21:59:24.865Z","level":"INFO","device":"200000000010","event":"OBD2_SENT_0x0200","detail":"Lat: 51.734292, Lng: 0.483393 | Speed: 21km/h | RPM: 1630"}
{"ts":"2026-04-05T21:59:24.916Z","level":"INFO","device":"200000000009","event":"SERVER_ACK","detail":"0x8001 Universal Reply Received"}
{"ts":"2026-04-05T21:59:24.937Z","level":"INFO","device":"200000000007","event":"SERVER_ACK","detail":"0x8001 Universal Reply Received"}
{"ts":"2026-04-05T21:59:25.046Z","level":"INFO","device":"200000000008","event":"SERVER_ACK","detail":"0x8001 Universal Reply Received"}
{"ts":"2026-04-05T21:59:25.073Z","level":"INFO","device":"200000000010","event":"SERVER_ACK","detail":"0x8001 Universal Reply Received"}
{"ts":"2026-04-05T21:59:25.257Z","level":"INFO","device":"200000000009","event":"SERVER_ACK","detail":"0x8001 Universal Reply Received"}
{"ts":"2026-04-05T21:59:25.420Z","level":"INFO","device":"200000000010","event":"SERVER_ACK","detail":"0x8001 Universal Reply Received"}
{"ts":"2026-04-05T21:59:38.717Z","level":"INFO","device":"200000000001","event":"OBD2_SENT_0x0200","detail":"Lat: 51.725227, Lng: 0.496075 | Speed: 8km/h | RPM: 1127"}
{"ts":"2026-04-05T21:59:38.718Z","level":"INFO","device":"200000000002","event":"OBD2_SENT_0x0200","detail":"Lat: 51.715369, Lng: 0.507760 | Speed: 3km/h | RPM: 902"}
{"ts":"2026-04-05T21:59:38.813Z","level":"INFO","device":"200000000003","event":"OBD2_SENT_0x0200","detail":"Lat: 51.723766, Lng: 0.496450 | Speed: 23km/h | RPM: 1734"}
{"ts":"2026-04-05T21:59:38.914Z","level":"INFO","device":"200000000001","event":"SERVER_ACK","detail":"0x8001 Universal Reply Received"}
{"ts":"2026-04-05T21:59:38.928Z","level":"INFO","device":"200000000002","event":"SERVER_ACK","detail":"0x8001 Universal Reply Received"}
{"ts":"2026-04-05T21:59:38.966Z","level":"INFO","device":"200000000004","event":"OBD2_SENT_0x0200","detail":"Lat: 51.716326, Lng: 0.504567 | Speed: 51km/h | RPM: 2830"}
{"ts":"2026-04-05T21:59:39.016Z","level":"INFO","device":"200000000003","event":"SERVER_ACK","detail":"0x8001 Universal Reply Received"}
{"ts":"2026-04-05T21:59:39.113Z","level":"INFO","device":"200000000005","event":"OBD2_SENT_0x0200","detail":"Lat: 51.734419, Lng: 0.483190 | Speed: 46km/h | RPM: 2647"}
{"ts":"2026-04-05T21:59:39.178Z","level":"INFO","device":"200000000004","event":"SERVER_ACK","detail":"0x8001 Universal Reply Received"}
{"ts":"2026-04-05T21:59:39.260Z","level":"INFO","device":"200000000006","event":"OBD2_SENT_0x0200","detail":"Lat: 51.715330, Lng: 0.507895 | Speed: 44km/h | RPM: 2564"}
{"ts":"2026-04-05T21:59:39.315Z","level":"INFO","device":"200000000005","event":"SERVER_ACK","detail":"0x8001 Universal Reply Received"}
{"ts":"2026-04-05T21:59:39.406Z","level":"INFO","device":"200000000007","event":"OBD2_SENT_0x0200","detail":"Lat: 51.722143, Lng: 0.497129 | Speed: 75km/h | RPM: 3810"}
{"ts":"2026-04-05T21:59:39.490Z","level":"INFO","device":"200000000006","event":"SERVER_ACK","detail":"0x8001 Universal Reply Received"}
{"ts":"2026-04-05T21:59:39.561Z","level":"INFO","device":"200000000008","event":"OBD2_SENT_0x0200","detail":"Lat: 51.731525, Lng: 0.491126 | Speed: 35km/h | RPM: 2217"}
{"ts":"2026-04-05T21:59:39.609Z","level":"INFO","device":"200000000007","event":"SERVER_ACK","detail":"0x8001 Universal Reply Received"}
{"ts":"2026-04-05T21:59:39.708Z","level":"INFO","device":"200000000009","event":"OBD2_SENT_0x0200","detail":"Lat: 51.736826, Lng: 0.480232 | Speed: 9km/h | RPM: 1166"}
{"ts":"2026-04-05T21:59:39.747Z","level":"INFO","device":"200000000008","event":"SERVER_ACK","detail":"0x8001 Universal Reply Received"}
{"ts":"2026-04-05T21:59:39.865Z","level":"INFO","device":"200000000010","event":"OBD2_SENT_0x0200","detail":"Lat: 51.733842, Lng: 0.484280 | Speed: 19km/h | RPM: 1573"}
{"ts":"2026-04-05T21:59:39.919Z","level":"INFO","device":"200000000009","event":"SERVER_ACK","detail":"0x8001 Universal Reply Received"}
{"ts":"2026-04-05T21:59:40.083Z","level":"INFO","device":"200000000010","event":"SERVER_ACK","detail":"0x8001 Universal Reply Received"}
{"ts":"2026-04-05T21:59:53.633Z","level":"INFO","device":"200000000001","event":"HEARTBEAT_SENT","detail":"0x0002"}
{"ts":"2026-04-05T21:59:53.650Z","level":"INFO","device":"200000000002","event":"HEARTBEAT_SENT","detail":"0x0002"}
{"ts":"2026-04-05T21:59:53.717Z","level":"INFO","device":"200000000001","event":"OBD2_SENT_0x0200","detail":"Lat: 51.724794, Lng: 0.496161 | Speed: 12km/h | RPM: 1265"}
{"ts":"2026-04-05T21:59:53.718Z","level":"INFO","device":"200000000002","event":"OBD2_SENT_0x0200","detail":"Lat: 51.715270, Lng: 0.508141 | Speed: 7km/h | RPM: 1078"}
{"ts":"2026-04-05T21:59:53.801Z","level":"INFO","device":"200000000003","event":"HEARTBEAT_SENT","detail":"0x0002"}
{"ts":"2026-04-05T21:59:53.813Z","level":"INFO","device":"200000000003","event":"OBD2_SENT_0x0200","detail":"Lat: 51.722819, Lng: 0.496812 | Speed: 26km/h | RPM: 1828"}
{"ts":"2026-04-05T21:59:53.828Z","level":"INFO","device":"200000000001","event":"SERVER_ACK","detail":"0x8001 Universal Reply Received"}
{"ts":"2026-04-05T21:59:53.859Z","level":"INFO","device":"200000000002","event":"SERVER_ACK","detail":"0x8001 Universal Reply Received"}
{"ts":"2026-04-05T21:59:53.952Z","level":"INFO","device":"200000000004","event":"HEARTBEAT_SENT","detail":"0x0002"}
{"ts":"2026-04-05T21:59:53.966Z","level":"INFO","device":"200000000004","event":"OBD2_SENT_0x0200","detail":"Lat: 51.715452, Lng: 0.507467 | Speed: 55km/h | RPM: 3013"}
{"ts":"2026-04-05T21:59:54.003Z","level":"INFO","device":"200000000003","event":"SERVER_ACK","detail":"0x8001 Universal Reply Received"}
{"ts":"2026-04-05T21:59:54.104Z","level":"INFO","device":"200000000005","event":"HEARTBEAT_SENT","detail":"0x0002"}
{"ts":"2026-04-05T21:59:54.113Z","level":"INFO","device":"200000000005","event":"OBD2_SENT_0x0200","detail":"Lat: 51.733458, Lng: 0.485405 | Speed: 46km/h | RPM: 2636"}
{"ts":"2026-04-05T21:59:54.138Z","level":"INFO","device":"200000000001","event":"SERVER_ACK","detail":"0x8001 Universal Reply Received"}
{"ts":"2026-04-05T21:59:54.161Z","level":"INFO","device":"200000000004","event":"SERVER_ACK","detail":"0x8001 Universal Reply Received"}
{"ts":"2026-04-05T21:59:54.185Z","level":"INFO","device":"200000000002","event":"SERVER_ACK","detail":"0x8001 Universal Reply Received"}
{"ts":"2026-04-05T21:59:54.253Z","level":"INFO","device":"200000000006","event":"HEARTBEAT_SENT","detail":"0x0002"}
{"ts":"2026-04-05T21:59:54.260Z","level":"INFO","device":"200000000006","event":"OBD2_SENT_0x0200","detail":"Lat: 51.714837, Lng: 0.510163 | Speed: 41km/h | RPM: 2452"}
{"ts":"2026-04-05T21:59:54.302Z","level":"INFO","device":"200000000003","event":"SERVER_ACK","detail":"0x8001 Universal Reply Received"}
{"ts":"2026-04-05T21:59:54.306Z","level":"INFO","device":"200000000005","event":"SERVER_ACK","detail":"0x8001 Universal Reply Received"}
{"ts":"2026-04-05T21:59:54.402Z","level":"INFO","device":"200000000007","event":"HEARTBEAT_SENT","detail":"0x0002"}
{"ts":"2026-04-05T21:59:54.406Z","level":"INFO","device":"200000000007","event":"OBD2_SENT_0x0200","detail":"Lat: 51.719531, Lng: 0.498877 | Speed: 73km/h | RPM: 3728"}
{"ts":"2026-04-05T21:59:54.465Z","level":"INFO","device":"200000000006","event":"SERVER_ACK","detail":"0x8001 Universal Reply Received"}
{"ts":"2026-04-05T21:59:54.497Z","level":"INFO","device":"200000000004","event":"SERVER_ACK","detail":"0x8001 Universal Reply Received"}
{"ts":"2026-04-05T21:59:54.550Z","level":"INFO","device":"200000000008","event":"HEARTBEAT_SENT","detail":"0x0002"}
{"ts":"2026-04-05T21:59:54.561Z","level":"INFO","device":"200000000008","event":"OBD2_SENT_0x0200","detail":"Lat: 51.730454, Lng: 0.492702 | Speed: 38km/h | RPM: 2323"}
{"ts":"2026-04-05T21:59:54.603Z","level":"INFO","device":"200000000007","event":"SERVER_ACK","detail":"0x8001 Universal Reply Received"}
{"ts":"2026-04-05T21:59:54.645Z","level":"INFO","device":"200000000005","event":"SERVER_ACK","detail":"0x8001 Universal Reply Received"}
{"ts":"2026-04-05T21:59:54.705Z","level":"INFO","device":"200000000009","event":"HEARTBEAT_SENT","detail":"0x0002"}
{"ts":"2026-04-05T21:59:54.708Z","level":"INFO","device":"200000000009","event":"OBD2_SENT_0x0200","detail":"Lat: 51.736697, Lng: 0.480404 | Speed: 4km/h | RPM: 978"}
{"ts":"2026-04-05T21:59:54.736Z","level":"INFO","device":"200000000008","event":"SERVER_ACK","detail":"0x8001 Universal Reply Received"}
{"ts":"2026-04-05T21:59:54.810Z","level":"INFO","device":"200000000006","event":"SERVER_ACK","detail":"0x8001 Universal Reply Received"}
{"ts":"2026-04-05T21:59:54.855Z","level":"INFO","device":"200000000010","event":"HEARTBEAT_SENT","detail":"0x0002"}
{"ts":"2026-04-05T21:59:54.865Z","level":"INFO","device":"200000000010","event":"OBD2_SENT_0x0200","detail":"Lat: 51.733522, Lng: 0.485194 | Speed: 17km/h | RPM: 1495"}
{"ts":"2026-04-05T21:59:54.916Z","level":"INFO","device":"200000000009","event":"SERVER_ACK","detail":"0x8001 Universal Reply Received"}
{"ts":"2026-04-05T21:59:54.945Z","level":"INFO","device":"200000000007","event":"SERVER_ACK","detail":"0x8001 Universal Reply Received"}
{"ts":"2026-04-05T21:59:55.054Z","level":"INFO","device":"200000000008","event":"SERVER_ACK","detail":"0x8001 Universal Reply Received"}
{"ts":"2026-04-05T21:59:55.073Z","level":"INFO","device":"200000000010","event":"SERVER_ACK","detail":"0x8001 Universal Reply Received"}
{"ts":"2026-04-05T21:59:55.265Z","level":"INFO","device":"200000000009","event":"SERVER_ACK","detail":"0x8001 Universal Reply Received"}
{"ts":"2026-04-05T21:59:55.429Z","level":"INFO","device":"200000000010","event":"SERVER_ACK","detail":"0x8001 Universal Reply Received"}
{"ts":"2026-04-05T22:00:08.733Z","level":"INFO","device":"200000000001","event":"OBD2_SENT_0x0200","detail":"Lat: 51.724384, Lng: 0.496265 | Speed: 11km/h | RPM: 1241"}
{"ts":"2026-04-05T22:00:08.733Z","level":"INFO","device":"200000000002","event":"OBD2_SENT_0x0200","detail":"Lat: 51.715206, Lng: 0.508439 | Speed: 5km/h | RPM: 1008"}
{"ts":"2026-04-05T22:00:08.813Z","level":"INFO","device":"200000000003","event":"OBD2_SENT_0x0200","detail":"Lat: 51.721948, Lng: 0.497226 | Speed: 24km/h | RPM: 1758"}
{"ts":"2026-04-05T22:00:08.927Z","level":"INFO","device":"200000000001","event":"SERVER_ACK","detail":"0x8001 Universal Reply Received"}
{"ts":"2026-04-05T22:00:08.942Z","level":"INFO","device":"200000000002","event":"SERVER_ACK","detail":"0x8001 Universal Reply Received"}
{"ts":"2026-04-05T22:00:08.966Z","level":"INFO","device":"200000000004","event":"OBD2_SENT_0x0200","detail":"Lat: 51.714710, Lng: 0.510753 | Speed: 60km/h | RPM: 3194"}
{"ts":"2026-04-05T22:00:09.015Z","level":"INFO","device":"200000000003","event":"SERVER_ACK","detail":"0x8001 Universal Reply Received"}
{"ts":"2026-04-05T22:00:09.113Z","level":"INFO","device":"200000000005","event":"OBD2_SENT_0x0200","detail":"Lat: 51.732819, Lng: 0.488042 | Speed: 44km/h | RPM: 2560"}
{"ts":"2026-04-05T22:00:09.176Z","level":"INFO","device":"200000000004","event":"SERVER_ACK","detail":"0x8001 Universal Reply Received"}
{"ts":"2026-04-05T22:00:09.259Z","level":"INFO","device":"200000000006","event":"OBD2_SENT_0x0200","detail":"Lat: 51.714349, Lng: 0.512560 | Speed: 42km/h | RPM: 2478"}
{"ts":"2026-04-05T22:00:09.315Z","level":"INFO","device":"200000000005","event":"SERVER_ACK","detail":"0x8001 Universal Reply Received"}
{"ts":"2026-04-05T22:00:09.406Z","level":"INFO","device":"200000000007","event":"OBD2_SENT_0x0200","detail":"Lat: 51.717559, Lng: 0.501682 | Speed: 70km/h | RPM: 3611"}
{"ts":"2026-04-05T22:00:09.472Z","level":"INFO","device":"200000000006","event":"SERVER_ACK","detail":"0x8001 Universal Reply Received"}
{"ts":"2026-04-05T22:00:09.561Z","level":"INFO","device":"200000000008","event":"OBD2_SENT_0x0200","detail":"Lat: 51.729088, Lng: 0.494166 | Speed: 40km/h | RPM: 2402"}
{"ts":"2026-04-05T22:00:09.609Z","level":"INFO","device":"200000000007","event":"SERVER_ACK","detail":"0x8001 Universal Reply Received"}
{"ts":"2026-04-05T22:00:09.709Z","level":"INFO","device":"200000000009","event":"OBD2_SENT_0x0200","detail":"Lat: 51.736428, Lng: 0.480763 | Speed: 9km/h | RPM: 1173"}
{"ts":"2026-04-05T22:00:09.749Z","level":"INFO","device":"200000000008","event":"SERVER_ACK","detail":"0x8001 Universal Reply Received"}
{"ts":"2026-04-05T22:00:09.865Z","level":"INFO","device":"200000000010","event":"OBD2_SENT_0x0200","detail":"Lat: 51.733242, Lng: 0.486390 | Speed: 22km/h | RPM: 1678"}
{"ts":"2026-04-05T22:00:09.924Z","level":"INFO","device":"200000000009","event":"SERVER_ACK","detail":"0x8001 Universal Reply Received"}
{"ts":"2026-04-05T22:00:10.085Z","level":"INFO","device":"200000000010","event":"SERVER_ACK","detail":"0x8001 Universal Reply Received"}
{"ts":"2026-04-05T22:00:23.634Z","level":"INFO","device":"200000000001","event":"HEARTBEAT_SENT","detail":"0x0002"}
{"ts":"2026-04-05T22:00:23.650Z","level":"INFO","device":"200000000002","event":"DTC_SENT_0x0900","detail":"Injected Fault Code: P0300"}
{"ts":"2026-04-05T22:00:23.650Z","level":"INFO","device":"200000000002","event":"HEARTBEAT_SENT","detail":"0x0002"}
{"ts":"2026-04-05T22:00:23.733Z","level":"INFO","device":"200000000001","event":"OBD2_SENT_0x0200","detail":"Lat: 51.723915, Lng: 0.496406 | Speed: 13km/h | RPM: 1310"}
{"ts":"2026-04-05T22:00:23.733Z","level":"INFO","device":"200000000002","event":"OBD2_SENT_0x0200","detail":"Lat: 51.715143, Lng: 0.508732 | Speed: 5km/h | RPM: 1005"}
{"ts":"2026-04-05T22:00:23.801Z","level":"INFO","device":"200000000003","event":"DTC_SENT_0x0900","detail":"Injected Fault Code: C1234"}
{"ts":"2026-04-05T22:00:23.802Z","level":"INFO","device":"200000000003","event":"HEARTBEAT_SENT","detail":"0x0002"}
{"ts":"2026-04-05T22:00:23.813Z","level":"INFO","device":"200000000003","event":"OBD2_SENT_0x0200","detail":"Lat: 51.721226, Lng: 0.497624 | Speed: 20km/h | RPM: 1607"}
{"ts":"2026-04-05T22:00:23.827Z","level":"INFO","device":"200000000001","event":"SERVER_ACK","detail":"0x8001 Universal Reply Received"}
{"ts":"2026-04-05T22:00:23.861Z","level":"INFO","device":"200000000002","event":"SERVER_ACK","detail":"0x8001 Universal Reply Received"}
{"ts":"2026-04-05T22:00:23.951Z","level":"INFO","device":"200000000004","event":"HEARTBEAT_SENT","detail":"0x0002"}
{"ts":"2026-04-05T22:00:23.966Z","level":"INFO","device":"200000000004","event":"OBD2_SENT_0x0200","detail":"Lat: 51.714107, Lng: 0.514254 | Speed: 61km/h | RPM: 3250"}
{"ts":"2026-04-05T22:00:24.004Z","level":"INFO","device":"200000000003","event":"SERVER_ACK","detail":"0x8001 Universal Reply Received"}
{"ts":"2026-04-05T22:00:24.104Z","level":"INFO","device":"200000000005","event":"HEARTBEAT_SENT","detail":"0x0002"}
{"ts":"2026-04-05T22:00:24.113Z","level":"INFO","device":"200000000005","event":"OBD2_SENT_0x0200","detail":"Lat: 51.732112, Lng: 0.489970 | Speed: 40km/h | RPM: 2393"}
{"ts":"2026-04-05T22:00:24.149Z","level":"INFO","device":"200000000001","event":"SERVER_ACK","detail":"0x8001 Universal Reply Received"}
{"ts":"2026-04-05T22:00:24.162Z","level":"INFO","device":"200000000004","event":"SERVER_ACK","detail":"0x8001 Universal Reply Received"}
{"ts":"2026-04-05T22:00:24.196Z","level":"INFO","device":"200000000002","event":"SERVER_ACK","detail":"0x8001 Universal Reply Received"}
{"ts":"2026-04-05T22:00:24.254Z","level":"INFO","device":"200000000006","event":"HEARTBEAT_SENT","detail":"0x0002"}
{"ts":"2026-04-05T22:00:24.260Z","level":"INFO","device":"200000000006","event":"OBD2_SENT_0x0200","detail":"Lat: 51.713973, Lng: 0.515187 | Speed: 45km/h | RPM: 2583"}
{"ts":"2026-04-05T22:00:24.305Z","level":"INFO","device":"200000000005","event":"SERVER_ACK","detail":"0x8001 Universal Reply Received"}
{"ts":"2026-04-05T22:00:24.314Z","level":"INFO","device":"200000000003","event":"SERVER_ACK","detail":"0x8001 Universal Reply Received"}
{"ts":"2026-04-05T22:00:24.402Z","level":"INFO","device":"200000000007","event":"HEARTBEAT_SENT","detail":"0x0002"}
{"ts":"2026-04-05T22:00:24.406Z","level":"INFO","device":"200000000007","event":"OBD2_SENT_0x0200","detail":"Lat: 51.716201, Lng: 0.504918 | Speed: 69km/h | RPM: 3550"}
{"ts":"2026-04-05T22:00:24.465Z","level":"INFO","device":"200000000006","event":"SERVER_ACK","detail":"0x8001 Universal Reply Received"}
{"ts":"2026-04-05T22:00:24.477Z","level":"INFO","device":"200000000004","event":"SERVER_ACK","detail":"0x8001 Universal Reply Received"}
{"ts":"2026-04-05T22:00:24.550Z","level":"INFO","device":"200000000008","event":"HEARTBEAT_SENT","detail":"0x0002"}
{"ts":"2026-04-05T22:00:24.561Z","level":"INFO","device":"200000000008","event":"OBD2_SENT_0x0200","detail":"Lat: 51.727780, Lng: 0.495092 | Speed: 37km/h | RPM: 2293"}
{"ts":"2026-04-05T22:00:24.604Z","level":"INFO","device":"200000000007","event":"SERVER_ACK","detail":"0x8001 Universal Reply Received"}
{"ts":"2026-04-05T22:00:24.625Z","level":"INFO","device":"200000000005","event":"SERVER_ACK","detail":"0x8001 Universal Reply Received"}
{"ts":"2026-04-05T22:00:24.705Z","level":"INFO","device":"200000000009","event":"HEARTBEAT_SENT","detail":"0x0002"}
{"ts":"2026-04-05T22:00:24.709Z","level":"INFO","device":"200000000009","event":"OBD2_SENT_0x0200","detail":"Lat: 51.736020, Lng: 0.481244 | Speed: 14km/h | RPM: 1365"}
{"ts":"2026-04-05T22:00:24.736Z","level":"INFO","device":"200000000008","event":"SERVER_ACK","detail":"0x8001 Universal Reply Received"}
{"ts":"2026-04-05T22:00:24.790Z","level":"INFO","device":"200000000006","event":"SERVER_ACK","detail":"0x8001 Universal Reply Received"}
{"ts":"2026-04-05T22:00:24.852Z","level":"INFO","device":"200000000010","event":"DTC_SENT_0x0900","detail":"Injected Fault Code: P0420"}
{"ts":"2026-04-05T22:00:24.856Z","level":"INFO","device":"200000000010","event":"HEARTBEAT_SENT","detail":"0x0002"}
{"ts":"2026-04-05T22:00:24.865Z","level":"INFO","device":"200000000010","event":"OBD2_SENT_0x0200","detail":"Lat: 51.732835, Lng: 0.487996 | Speed: 24km/h | RPM: 1755"}
{"ts":"2026-04-05T22:00:24.916Z","level":"INFO","device":"200000000009","event":"SERVER_ACK","detail":"0x8001 Universal Reply Received"}
{"ts":"2026-04-05T22:00:24.935Z","level":"INFO","device":"200000000007","event":"SERVER_ACK","detail":"0x8001 Universal Reply Received"}
{"ts":"2026-04-05T22:00:25.044Z","level":"INFO","device":"200000000008","event":"SERVER_ACK","detail":"0x8001 Universal Reply Received"}
{"ts":"2026-04-05T22:00:25.071Z","level":"INFO","device":"200000000010","event":"SERVER_ACK","detail":"0x8001 Universal Reply Received"}
{"ts":"2026-04-05T22:00:25.224Z","level":"INFO","device":"200000000009","event":"SERVER_ACK","detail":"0x8001 Universal Reply Received"}
{"ts":"2026-04-05T22:00:25.387Z","level":"INFO","device":"200000000010","event":"SERVER_ACK","detail":"0x8001 Universal Reply Received"}
{"ts":"2026-04-05T22:00:38.747Z","level":"INFO","device":"200000000001","event":"OBD2_SENT_0x0200","detail":"Lat: 51.723536, Lng: 0.496525 | Speed: 10km/h | RPM: 1211"}
{"ts":"2026-04-05T22:00:38.747Z","level":"INFO","device":"200000000002","event":"OBD2_SENT_0x0200","detail":"Lat: 51.715071, Lng: 0.509070 | Speed: 6km/h | RPM: 1037"}
{"ts":"2026-04-05T22:00:38.813Z","level":"INFO","device":"200000000003","event":"OBD2_SENT_0x0200","detail":"Lat: 51.720632, Lng: 0.497981 | Speed: 17km/h | RPM: 1477"}
{"ts":"2026-04-05T22:00:38.941Z","level":"INFO","device":"200000000001","event":"SERVER_ACK","detail":"0x8001 Universal Reply Received"}
{"ts":"2026-04-05T22:00:38.957Z","level":"INFO","device":"200000000002","event":"SERVER_ACK","detail":"0x8001 Universal Reply Received"}
{"ts":"2026-04-05T22:00:38.966Z","level":"INFO","device":"200000000004","event":"OBD2_SENT_0x0200","detail":"Lat: 51.736511, Lng: 0.469703 | Speed: 65km/h | RPM: 3382"}
{"ts":"2026-04-05T22:00:39.017Z","level":"INFO","device":"200000000003","event":"SERVER_ACK","detail":"0x8001 Universal Reply Received"}
{"ts":"2026-04-05T22:00:39.114Z","level":"INFO","device":"200000000005","event":"OBD2_SENT_0x0200","detail":"Lat: 51.730996, Lng: 0.492005 | Speed: 40km/h | RPM: 2402"}
{"ts":"2026-04-05T22:00:39.178Z","level":"INFO","device":"200000000004","event":"SERVER_ACK","detail":"0x8001 Universal Reply Received"}
{"ts":"2026-04-05T22:00:39.260Z","level":"INFO","device":"200000000006","event":"OBD2_SENT_0x0200","detail":"Lat: 51.736438, Lng: 0.469465 | Speed: 44km/h | RPM: 2547"}
{"ts":"2026-04-05T22:00:39.318Z","level":"INFO","device":"200000000005","event":"SERVER_ACK","detail":"0x8001 Universal Reply Received"}
{"ts":"2026-04-05T22:00:39.406Z","level":"INFO","device":"200000000007","event":"OBD2_SENT_0x0200","detail":"Lat: 51.715235, Lng: 0.508303 | Speed: 65km/h | RPM: 3384"}
{"ts":"2026-04-05T22:00:39.472Z","level":"INFO","device":"200000000006","event":"SERVER_ACK","detail":"0x8001 Universal Reply Received"}
{"ts":"2026-04-05T22:00:39.561Z","level":"INFO","device":"200000000008","event":"OBD2_SENT_0x0200","detail":"Lat: 51.726443, Lng: 0.495747 | Speed: 38km/h | RPM: 2322"}
{"ts":"2026-04-05T22:00:39.608Z","level":"INFO","device":"200000000007","event":"SERVER_ACK","detail":"0x8001 Universal Reply Received"}
{"ts":"2026-04-05T22:00:39.709Z","level":"INFO","device":"200000000009","event":"OBD2_SENT_0x0200","detail":"Lat: 51.735487, Lng: 0.481866 | Speed: 18km/h | RPM: 1502"}
{"ts":"2026-04-05T22:00:39.752Z","level":"INFO","device":"200000000008","event":"SERVER_ACK","detail":"0x8001 Universal Reply Received"}
{"ts":"2026-04-05T22:00:39.866Z","level":"INFO","device":"200000000010","event":"OBD2_SENT_0x0200","detail":"Lat: 51.732396, Lng: 0.489259 | Speed: 25km/h | RPM: 1787"}
{"ts":"2026-04-05T22:00:39.920Z","level":"INFO","device":"200000000009","event":"SERVER_ACK","detail":"0x8001 Universal Reply Received"}
{"ts":"2026-04-05T22:00:40.086Z","level":"INFO","device":"200000000010","event":"SERVER_ACK","detail":"0x8001 Universal Reply Received"}
{"ts":"2026-04-05T22:00:53.647Z","level":"INFO","device":"200000000001","event":"HEARTBEAT_SENT","detail":"0x0002"}
{"ts":"2026-04-05T22:00:53.651Z","level":"INFO","device":"200000000002","event":"HEARTBEAT_SENT","detail":"0x0002"}
{"ts":"2026-04-05T22:00:53.747Z","level":"INFO","device":"200000000001","event":"OBD2_SENT_0x0200","detail":"Lat: 51.723329, Lng: 0.496608 | Speed: 6km/h | RPM: 1028"}
{"ts":"2026-04-05T22:00:53.747Z","level":"INFO","device":"200000000002","event":"OBD2_SENT_0x0200","detail":"Lat: 51.715020, Lng: 0.509306 | Speed: 4km/h | RPM: 965"}
{"ts":"2026-04-05T22:00:53.803Z","level":"INFO","device":"200000000003","event":"HEARTBEAT_SENT","detail":"0x0002"}
{"ts":"2026-04-05T22:00:53.813Z","level":"INFO","device":"200000000003","event":"OBD2_SENT_0x0200","detail":"Lat: 51.720043, Lng: 0.498446 | Speed: 17km/h | RPM: 1471"}
{"ts":"2026-04-05T22:00:53.842Z","level":"INFO","device":"200000000001","event":"SERVER_ACK","detail":"0x8001 Universal Reply Received"}
{"ts":"2026-04-05T22:00:53.860Z","level":"INFO","device":"200000000002","event":"SERVER_ACK","detail":"0x8001 Universal Reply Received"}
{"ts":"2026-04-05T22:00:53.952Z","level":"INFO","device":"200000000004","event":"HEARTBEAT_SENT","detail":"0x0002"}
{"ts":"2026-04-05T22:00:53.966Z","level":"INFO","device":"200000000004","event":"OBD2_SENT_0x0200","detail":"Lat: 51.737498, Lng: 0.473586 | Speed: 67km/h | RPM: 3470"}
{"ts":"2026-04-05T22:00:54.005Z","level":"INFO","device":"200000000003","event":"SERVER_ACK","detail":"0x8001 Universal Reply Received"}
{"ts":"2026-04-05T22:00:54.104Z","level":"INFO","device":"200000000005","event":"HEARTBEAT_SENT","detail":"0x0002"}
{"ts":"2026-04-05T22:00:54.114Z","level":"INFO","device":"200000000005","event":"OBD2_SENT_0x0200","detail":"Lat: 51.729742, Lng: 0.493527 | Speed: 40km/h | RPM: 2416"}
{"ts":"2026-04-05T22:00:54.140Z","level":"INFO","device":"200000000001","event":"SERVER_ACK","detail":"0x8001 Universal Reply Received"}
{"ts":"2026-04-05T22:00:54.163Z","level":"INFO","device":"200000000004","event":"SERVER_ACK","detail":"0x8001 Universal Reply Received"}
{"ts":"2026-04-05T22:00:54.187Z","level":"INFO","device":"200000000002","event":"SERVER_ACK","detail":"0x8001 Universal Reply Received"}
{"ts":"2026-04-05T22:00:54.254Z","level":"INFO","device":"200000000006","event":"HEARTBEAT_SENT","detail":"0x0002"}
{"ts":"2026-04-05T22:00:54.260Z","level":"INFO","device":"200000000006","event":"OBD2_SENT_0x0200","detail":"Lat: 51.737039, Lng: 0.471542 | Speed: 43km/h | RPM: 2514"}
{"ts":"2026-04-05T22:00:54.305Z","level":"INFO","device":"200000000003","event":"SERVER_ACK","detail":"0x8001 Universal Reply Received"}
{"ts":"2026-04-05T22:00:54.307Z","level":"INFO","device":"200000000005","event":"SERVER_ACK","detail":"0x8001 Universal Reply Received"}
{"ts":"2026-04-05T22:00:54.402Z","level":"INFO","device":"200000000007","event":"HEARTBEAT_SENT","detail":"0x0002"}
{"ts":"2026-04-05T22:00:54.406Z","level":"INFO","device":"200000000007","event":"OBD2_SENT_0x0200","detail":"Lat: 51.714424, Lng: 0.512086 | Speed: 66km/h | RPM: 3447"}
{"ts":"2026-04-05T22:00:54.465Z","level":"INFO","device":"200000000006","event":"SERVER_ACK","detail":"0x8001 Universal Reply Received"}
{"ts":"2026-04-05T22:00:54.468Z","level":"INFO","device":"200000000004","event":"SERVER_ACK","detail":"0x8001 Universal Reply Received"}
{"ts":"2026-04-05T22:00:54.551Z","level":"INFO","device":"200000000008","event":"HEARTBEAT_SENT","detail":"0x0002"}
{"ts":"2026-04-05T22:00:54.561Z","level":"INFO","device":"200000000008","event":"OBD2_SENT_0x0200","detail":"Lat: 51.725041, Lng: 0.496112 | Speed: 38km/h | RPM: 2322"}
{"ts":"2026-04-05T22:00:54.604Z","level":"INFO","device":"200000000007","event":"SERVER_ACK","detail":"0x8001 Universal Reply Received"}
{"ts":"2026-04-05T22:00:54.647Z","level":"INFO","device":"200000000005","event":"SERVER_ACK","detail":"0x8001 Universal Reply Received"}
{"ts":"2026-04-05T22:00:54.707Z","level":"INFO","device":"200000000009","event":"HEARTBEAT_SENT","detail":"0x0002"}
{"ts":"2026-04-05T22:00:54.709Z","level":"INFO","device":"200000000009","event":"OBD2_SENT_0x0200","detail":"Lat: 51.734866, Lng: 0.482589 | Speed: 20km/h | RPM: 1617"}
{"ts":"2026-04-05T22:00:54.737Z","level":"INFO","device":"200000000008","event":"SERVER_ACK","detail":"0x8001 Universal Reply Received"}
{"ts":"2026-04-05T22:00:54.812Z","level":"INFO","device":"200000000006","event":"SERVER_ACK","detail":"0x8001 Universal Reply Received"}
{"ts":"2026-04-05T22:00:54.856Z","level":"INFO","device":"200000000010","event":"HEARTBEAT_SENT","detail":"0x0002"}
{"ts":"2026-04-05T22:00:54.866Z","level":"INFO","device":"200000000010","event":"OBD2_SENT_0x0200","detail":"Lat: 51.731819, Lng: 0.490563 | Speed: 26km/h | RPM: 1826"}
{"ts":"2026-04-05T22:00:54.918Z","level":"INFO","device":"200000000009","event":"SERVER_ACK","detail":"0x8001 Universal Reply Received"}
{"ts":"2026-04-05T22:00:54.926Z","level":"INFO","device":"200000000007","event":"SERVER_ACK","detail":"0x8001 Universal Reply Received"}
{"ts":"2026-04-05T22:00:55.066Z","level":"INFO","device":"200000000008","event":"SERVER_ACK","detail":"0x8001 Universal Reply Received"}
{"ts":"2026-04-05T22:00:55.074Z","level":"INFO","device":"200000000010","event":"SERVER_ACK","detail":"0x8001 Universal Reply Received"}
{"ts":"2026-04-05T22:00:55.277Z","level":"INFO","device":"200000000009","event":"SERVER_ACK","detail":"0x8001 Universal Reply Received"}
{"ts":"2026-04-05T22:00:55.441Z","level":"INFO","device":"200000000010","event":"SERVER_ACK","detail":"0x8001 Universal Reply Received"}
{"ts":"2026-04-05T22:01:08.762Z","level":"INFO","device":"200000000001","event":"OBD2_SENT_0x0200","detail":"Lat: 51.723294, Lng: 0.496622 | Speed: 1km/h | RPM: 838"}
{"ts":"2026-04-05T22:01:08.764Z","level":"INFO","device":"200000000002","event":"OBD2_SENT_0x0200","detail":"Lat: 51.715018, Lng: 0.509314 | Speed: 0km/h | RPM: 805"}
{"ts":"2026-04-05T22:01:08.813Z","level":"INFO","device":"200000000003","event":"OBD2_SENT_0x0200","detail":"Lat: 51.719444, Lng: 0.498973 | Speed: 18km/h | RPM: 1534"}
{"ts":"2026-04-05T22:01:08.957Z","level":"INFO","device":"200000000001","event":"SERVER_ACK","detail":"0x8001 Universal Reply Received"}
{"ts":"2026-04-05T22:01:08.967Z","level":"INFO","device":"200000000004","event":"OBD2_SENT_0x0200","detail":"Lat: 51.737732, Lng: 0.477412 | Speed: 65km/h | RPM: 3419"}
{"ts":"2026-04-05T22:01:08.975Z","level":"INFO","device":"200000000002","event":"SERVER_ACK","detail":"0x8001 Universal Reply Received"}
{"ts":"2026-04-05T22:01:09.015Z","level":"INFO","device":"200000000003","event":"SERVER_ACK","detail":"0x8001 Universal Reply Received"}
{"ts":"2026-04-05T22:01:09.114Z","level":"INFO","device":"200000000005","event":"OBD2_SENT_0x0200","detail":"Lat: 51.728302, Lng: 0.494779 | Speed: 42km/h | RPM: 2467"}
{"ts":"2026-04-05T22:01:09.177Z","level":"INFO","device":"200000000004","event":"SERVER_ACK","detail":"0x8001 Universal Reply Received"}
{"ts":"2026-04-05T22:01:09.261Z","level":"INFO","device":"200000000006","event":"OBD2_SENT_0x0200","detail":"Lat: 51.737536, Lng: 0.473815 | Speed: 41km/h | RPM: 2444"}
{"ts":"2026-04-05T22:01:09.319Z","level":"INFO","device":"200000000005","event":"SERVER_ACK","detail":"0x8001 Universal Reply Received"}
{"ts":"2026-04-05T22:01:09.406Z","level":"INFO","device":"200000000007","event":"OBD2_SENT_0x0200","detail":"Lat: 51.713868, Lng: 0.515923 | Speed: 67km/h | RPM: 3486"}
{"ts":"2026-04-05T22:01:09.473Z","level":"INFO","device":"200000000006","event":"SERVER_ACK","detail":"0x8001 Universal Reply Received"}
{"ts":"2026-04-05T22:01:09.561Z","level":"INFO","device":"200000000008","event":"OBD2_SENT_0x0200","detail":"Lat: 51.723791, Lng: 0.496443 | Speed: 34km/h | RPM: 2145"}
{"ts":"2026-04-05T22:01:09.609Z","level":"INFO","device":"200000000007","event":"SERVER_ACK","detail":"0x8001 Universal Reply Received"}
{"ts":"2026-04-05T22:01:09.709Z","level":"INFO","device":"200000000009","event":"OBD2_SENT_0x0200","detail":"Lat: 51.734282, Lng: 0.483409 | Speed: 21km/h | RPM: 1653"}
{"ts":"2026-04-05T22:01:09.866Z","level":"INFO","device":"200000000010","event":"OBD2_SENT_0x0200","detail":"Lat: 51.731197, Lng: 0.491672 | Speed: 24km/h | RPM: 1743"}
{"ts":"2026-04-05T22:01:09.920Z","level":"INFO","device":"200000000009","event":"SERVER_ACK","detail":"0x8001 Universal Reply Received"}
{"ts":"2026-04-05T22:01:10.047Z","level":"INFO","device":"200000000008","event":"SERVER_ACK","detail":"0x8001 Universal Reply Received"}
{"ts":"2026-04-05T22:01:10.085Z","level":"INFO","device":"200000000010","event":"SERVER_ACK","detail":"0x8001 Universal Reply Received"}
{"ts":"2026-04-05T22:01:23.647Z","level":"INFO","device":"200000000001","event":"HEARTBEAT_SENT","detail":"0x0002"}
{"ts":"2026-04-05T22:01:23.651Z","level":"INFO","device":"200000000002","event":"HEARTBEAT_SENT","detail":"0x0002"}
{"ts":"2026-04-05T22:01:23.762Z","level":"INFO","device":"200000000001","event":"OBD2_SENT_0x0200","detail":"Lat: 51.723294, Lng: 0.496622 | Speed: 0km/h | RPM: 800"}
{"ts":"2026-04-05T22:01:23.765Z","level":"INFO","device":"200000000002","event":"OBD2_SENT_0x0200","detail":"Lat: 51.714979, Lng: 0.509499 | Speed: 3km/h | RPM: 929"}
{"ts":"2026-04-05T22:01:23.804Z","level":"INFO","device":"200000000003","event":"HEARTBEAT_SENT","detail":"0x0002"}
{"ts":"2026-04-05T22:01:23.813Z","level":"INFO","device":"200000000003","event":"OBD2_SENT_0x0200","detail":"Lat: 51.718959, Lng: 0.499512 | Speed: 16km/h | RPM: 1428"}
{"ts":"2026-04-05T22:01:23.843Z","level":"INFO","device":"200000000001","event":"SERVER_ACK","detail":"0x8001 Universal Reply Received"}
{"ts":"2026-04-05T22:01:23.865Z","level":"INFO","device":"200000000002","event":"SERVER_ACK","detail":"0x8001 Universal Reply Received"}
{"ts":"2026-04-05T22:01:23.953Z","level":"INFO","device":"200000000004","event":"HEARTBEAT_SENT","detail":"0x0002"}
{"ts":"2026-04-05T22:01:23.967Z","level":"INFO","device":"200000000004","event":"OBD2_SENT_0x0200","detail":"Lat: 51.736303, Lng: 0.480913 | Speed: 70km/h | RPM: 3590"}
{"ts":"2026-04-05T22:01:24.005Z","level":"INFO","device":"200000000003","event":"SERVER_ACK","detail":"0x8001 Universal Reply Received"}
{"ts":"2026-04-05T22:01:24.104Z","level":"INFO","device":"200000000005","event":"HEARTBEAT_SENT","detail":"0x0002"}
{"ts":"2026-04-05T22:01:24.115Z","level":"INFO","device":"200000000005","event":"OBD2_SENT_0x0200","detail":"Lat: 51.726972, Lng: 0.495514 | Speed: 38km/h | RPM: 2315"}
{"ts":"2026-04-05T22:01:24.148Z","level":"INFO","device":"200000000001","event":"SERVER_ACK","detail":"0x8001 Universal Reply Received"}
{"ts":"2026-04-05T22:01:24.164Z","level":"INFO","device":"200000000004","event":"SERVER_ACK","detail":"0x8001 Universal Reply Received"}
{"ts":"2026-04-05T22:01:24.195Z","level":"INFO","device":"200000000002","event":"SERVER_ACK","detail":"0x8001 Universal Reply Received"}
{"ts":"2026-04-05T22:01:24.254Z","level":"INFO","device":"200000000006","event":"HEARTBEAT_SENT","detail":"0x0002"}
{"ts":"2026-04-05T22:01:24.260Z","level":"INFO","device":"200000000006","event":"OBD2_SENT_0x0200","detail":"Lat: 51.737777, Lng: 0.476043 | Speed: 38km/h | RPM: 2325"}
{"ts":"2026-04-05T22:01:24.307Z","level":"INFO","device":"200000000005","event":"SERVER_ACK","detail":"0x8001 Universal Reply Received"}
{"ts":"2026-04-05T22:01:24.312Z","level":"INFO","device":"200000000003","event":"SERVER_ACK","detail":"0x8001 Universal Reply Received"}
{"ts":"2026-04-05T22:01:24.401Z","level":"INFO","device":"200000000007","event":"HEARTBEAT_SENT","detail":"0x0002"}
{"ts":"2026-04-05T22:01:24.407Z","level":"INFO","device":"200000000007","event":"OBD2_SENT_0x0200","detail":"Lat: 51.736880, Lng: 0.470962 | Speed: 63km/h | RPM: 3311"}
{"ts":"2026-04-05T22:01:24.467Z","level":"INFO","device":"200000000006","event":"SERVER_ACK","detail":"0x8001 Universal Reply Received"}
{"ts":"2026-04-05T22:01:24.475Z","level":"INFO","device":"200000000004","event":"SERVER_ACK","detail":"0x8001 Universal Reply Received"}
{"ts":"2026-04-05T22:01:24.551Z","level":"INFO","device":"200000000008","event":"HEARTBEAT_SENT","detail":"0x0002"}
{"ts":"2026-04-05T22:01:24.561Z","level":"INFO","device":"200000000008","event":"OBD2_SENT_0x0200","detail":"Lat: 51.722593, Lng: 0.496904 | Speed: 33km/h | RPM: 2101"}
{"ts":"2026-04-05T22:01:24.604Z","level":"INFO","device":"200000000007","event":"SERVER_ACK","detail":"0x8001 Universal Reply Received"}
{"ts":"2026-04-05T22:01:24.623Z","level":"INFO","device":"200000000005","event":"SERVER_ACK","detail":"0x8001 Universal Reply Received"}
{"ts":"2026-04-05T22:01:24.707Z","level":"INFO","device":"200000000009","event":"HEARTBEAT_SENT","detail":"0x0002"}
{"ts":"2026-04-05T22:01:24.709Z","level":"INFO","device":"200000000009","event":"OBD2_SENT_0x0200","detail":"Lat: 51.733808, Lng: 0.484358 | Speed: 21km/h | RPM: 1623"}
{"ts":"2026-04-05T22:01:24.738Z","level":"INFO","device":"200000000008","event":"SERVER_ACK","detail":"0x8001 Universal Reply Received"}
{"ts":"2026-04-05T22:01:24.788Z","level":"INFO","device":"200000000006","event":"SERVER_ACK","detail":"0x8001 Universal Reply Received"}
{"ts":"2026-04-05T22:01:24.857Z","level":"INFO","device":"200000000010","event":"HEARTBEAT_SENT","detail":"0x0002"}
{"ts":"2026-04-05T22:01:24.867Z","level":"INFO","device":"200000000010","event":"OBD2_SENT_0x0200","detail":"Lat: 51.730571, Lng: 0.492551 | Speed: 22km/h | RPM: 1666"}
{"ts":"2026-04-05T22:01:24.902Z","level":"INFO","device":"200000000007","event":"SERVER_ACK","detail":"0x8001 Universal Reply Received"}
{"ts":"2026-04-05T22:01:24.919Z","level":"INFO","device":"200000000009","event":"SERVER_ACK","detail":"0x8001 Universal Reply Received"}
{"ts":"2026-04-05T22:01:25.043Z","level":"INFO","device":"200000000008","event":"SERVER_ACK","detail":"0x8001 Universal Reply Received"}
{"ts":"2026-04-05T22:01:25.076Z","level":"INFO","device":"200000000010","event":"SERVER_ACK","detail":"0x8001 Universal Reply Received"}
{"ts":"2026-04-05T22:01:25.253Z","level":"INFO","device":"200000000009","event":"SERVER_ACK","detail":"0x8001 Universal Reply Received"}
{"ts":"2026-04-05T22:01:25.416Z","level":"INFO","device":"200000000010","event":"SERVER_ACK","detail":"0x8001 Universal Reply Received"}
{"ts":"2026-04-05T22:01:38.775Z","level":"INFO","device":"200000000001","event":"OBD2_SENT_0x0200","detail":"Lat: 51.723294, Lng: 0.496622 | Speed: 0km/h | RPM: 800"}
{"ts":"2026-04-05T22:01:38.775Z","level":"INFO","device":"200000000002","event":"OBD2_SENT_0x0200","detail":"Lat: 51.714935, Lng: 0.509702 | Speed: 4km/h | RPM: 942"}
{"ts":"2026-04-05T22:01:38.812Z","level":"INFO","device":"200000000003","event":"OBD2_SENT_0x0200","detail":"Lat: 51.718417, Lng: 0.500225 | Speed: 19km/h | RPM: 1549"}
{"ts":"2026-04-05T22:01:38.967Z","level":"INFO","device":"200000000004","event":"OBD2_SENT_0x0200","detail":"Lat: 51.734342, Lng: 0.483312 | Speed: 66km/h | RPM: 3450"}
{"ts":"2026-04-05T22:01:38.970Z","level":"INFO","device":"200000000001","event":"SERVER_ACK","detail":"0x8001 Universal Reply Received"}
{"ts":"2026-04-05T22:01:38.985Z","level":"INFO","device":"200000000002","event":"SERVER_ACK","detail":"0x8001 Universal Reply Received"}
{"ts":"2026-04-05T22:01:39.016Z","level":"INFO","device":"200000000003","event":"SERVER_ACK","detail":"0x8001 Universal Reply Received"}
{"ts":"2026-04-05T22:01:39.115Z","level":"INFO","device":"200000000005","event":"OBD2_SENT_0x0200","detail":"Lat: 51.725583, Lng: 0.496003 | Speed: 39km/h | RPM: 2352"}
{"ts":"2026-04-05T22:01:39.178Z","level":"INFO","device":"200000000004","event":"SERVER_ACK","detail":"0x8001 Universal Reply Received"}
{"ts":"2026-04-05T22:01:39.260Z","level":"INFO","device":"200000000006","event":"OBD2_SENT_0x0200","detail":"Lat: 51.737497, Lng: 0.478611 | Speed: 43km/h | RPM: 2502"}
{"ts":"2026-04-05T22:01:39.320Z","level":"INFO","device":"200000000005","event":"SERVER_ACK","detail":"0x8001 Universal Reply Received"}
{"ts":"2026-04-05T22:01:39.408Z","level":"INFO","device":"200000000007","event":"OBD2_SENT_0x0200","detail":"Lat: 51.737622, Lng: 0.474375 | Speed: 62km/h | RPM: 3269"}
{"ts":"2026-04-05T22:01:39.474Z","level":"INFO","device":"200000000006","event":"SERVER_ACK","detail":"0x8001 Universal Reply Received"}
{"ts":"2026-04-05T22:01:39.562Z","level":"INFO","device":"200000000008","event":"OBD2_SENT_0x0200","detail":"Lat: 51.721486, Lng: 0.497469 | Speed: 31km/h | RPM: 2037"}
{"ts":"2026-04-05T22:01:39.610Z","level":"INFO","device":"200000000007","event":"SERVER_ACK","detail":"0x8001 Universal Reply Received"}
{"ts":"2026-04-05T22:01:39.709Z","level":"INFO","device":"200000000009","event":"OBD2_SENT_0x0200","detail":"Lat: 51.733380, Lng: 0.485699 | Speed: 25km/h | RPM: 1802"}
{"ts":"2026-04-05T22:01:39.868Z","level":"INFO","device":"200000000010","event":"OBD2_SENT_0x0200","detail":"Lat: 51.729961, Lng: 0.493281 | Speed: 19km/h | RPM: 1575"}
{"ts":"2026-04-05T22:01:39.923Z","level":"INFO","device":"200000000009","event":"SERVER_ACK","detail":"0x8001 Universal Reply Received"}
{"ts":"2026-04-05T22:01:40.055Z","level":"INFO","device":"200000000008","event":"SERVER_ACK","detail":"0x8001 Universal Reply Received"}
{"ts":"2026-04-05T22:01:40.087Z","level":"INFO","device":"200000000010","event":"SERVER_ACK","detail":"0x8001 Universal Reply Received"}
{"ts":"2026-04-05T22:01:53.660Z","level":"INFO","device":"200000000001","event":"HEARTBEAT_SENT","detail":"0x0002"}
{"ts":"2026-04-05T22:01:53.661Z","level":"INFO","device":"200000000002","event":"HEARTBEAT_SENT","detail":"0x0002"}
{"ts":"2026-04-05T22:01:53.775Z","level":"INFO","device":"200000000001","event":"OBD2_SENT_0x0200","detail":"Lat: 51.723294, Lng: 0.496622 | Speed: 0km/h | RPM: 800"}
{"ts":"2026-04-05T22:01:53.776Z","level":"INFO","device":"200000000002","event":"OBD2_SENT_0x0200","detail":"Lat: 51.714923, Lng: 0.509758 | Speed: 1km/h | RPM: 839"}
{"ts":"2026-04-05T22:01:53.805Z","level":"INFO","device":"200000000003","event":"HEARTBEAT_SENT","detail":"0x0002"}
{"ts":"2026-04-05T22:01:53.815Z","level":"INFO","device":"200000000003","event":"OBD2_SENT_0x0200","detail":"Lat: 51.717891, Lng: 0.501019 | Speed: 19km/h | RPM: 1569"}
{"ts":"2026-04-05T22:01:53.855Z","level":"INFO","device":"200000000001","event":"SERVER_ACK","detail":"0x8001 Universal Reply Received"}
{"ts":"2026-04-05T22:01:53.871Z","level":"INFO","device":"200000000002","event":"SERVER_ACK","detail":"0x8001 Universal Reply Received"}
{"ts":"2026-04-05T22:01:53.954Z","level":"INFO","device":"200000000004","event":"HEARTBEAT_SENT","detail":"0x0002"}
{"ts":"2026-04-05T22:01:53.967Z","level":"INFO","device":"200000000004","event":"OBD2_SENT_0x0200","detail":"Lat: 51.733139, Lng: 0.486845 | Speed: 69km/h | RPM: 3572"}
{"ts":"2026-04-05T22:01:54.007Z","level":"INFO","device":"200000000003","event":"SERVER_ACK","detail":"0x8001 Universal Reply Received"}
{"ts":"2026-04-05T22:01:54.104Z","level":"INFO","device":"200000000005","event":"HEARTBEAT_SENT","detail":"0x0002"}
{"ts":"2026-04-05T22:01:54.115Z","level":"INFO","device":"200000000005","event":"OBD2_SENT_0x0200","detail":"Lat: 51.724294, Lng: 0.496292 | Speed: 35km/h | RPM: 2186"}
{"ts":"2026-04-05T22:01:54.163Z","level":"INFO","device":"200000000004","event":"SERVER_ACK","detail":"0x8001 Universal Reply Received"}
{"ts":"2026-04-05T22:01:54.163Z","level":"INFO","device":"200000000001","event":"SERVER_ACK","detail":"0x8001 Universal Reply Received"}
{"ts":"2026-04-05T22:01:54.210Z","level":"INFO","device":"200000000002","event":"SERVER_ACK","detail":"0x8001 Universal Reply Received"}
{"ts":"2026-04-05T22:01:54.255Z","level":"INFO","device":"200000000006","event":"HEARTBEAT_SENT","detail":"0x0002"}
{"ts":"2026-04-05T22:01:54.261Z","level":"INFO","device":"200000000006","event":"OBD2_SENT_0x0200","detail":"Lat: 51.736706, Lng: 0.480392 | Speed: 39km/h | RPM: 2352"}
{"ts":"2026-04-05T22:01:54.307Z","level":"INFO","device":"200000000005","event":"SERVER_ACK","detail":"0x8001 Universal Reply Received"}
{"ts":"2026-04-05T22:01:54.327Z","level":"INFO","device":"200000000003","event":"SERVER_ACK","detail":"0x8001 Universal Reply Received"}
{"ts":"2026-04-05T22:01:54.402Z","level":"INFO","device":"200000000007","event":"HEARTBEAT_SENT","detail":"0x0002"}
{"ts":"2026-04-05T22:01:54.407Z","level":"INFO","device":"200000000007","event":"OBD2_SENT_0x0200","detail":"Lat: 51.737608, Lng: 0.478167 | Speed: 64km/h | RPM: 3357"}
{"ts":"2026-04-05T22:01:54.468Z","level":"INFO","device":"200000000006","event":"SERVER_ACK","detail":"0x8001 Universal Reply Received"}
{"ts":"2026-04-05T22:01:54.491Z","level":"INFO","device":"200000000004","event":"SERVER_ACK","detail":"0x8001 Universal Reply Received"}
{"ts":"2026-04-05T22:01:54.552Z","level":"INFO","device":"200000000008","event":"HEARTBEAT_SENT","detail":"0x0002"}
{"ts":"2026-04-05T22:01:54.561Z","level":"INFO","device":"200000000008","event":"OBD2_SENT_0x0200","detail":"Lat: 51.720326, Lng: 0.498220 | Speed: 33km/h | RPM: 2121"}
{"ts":"2026-04-05T22:01:54.607Z","level":"INFO","device":"200000000007","event":"SERVER_ACK","detail":"0x8001 Universal Reply Received"}
{"ts":"2026-04-05T22:01:54.639Z","level":"INFO","device":"200000000005","event":"SERVER_ACK","detail":"0x8001 Universal Reply Received"}
{"ts":"2026-04-05T22:01:54.708Z","level":"INFO","device":"200000000009","event":"HEARTBEAT_SENT","detail":"0x0002"}
{"ts":"2026-04-05T22:01:54.709Z","level":"INFO","device":"200000000009","event":"OBD2_SENT_0x0200","detail":"Lat: 51.733094, Lng: 0.487024 | Speed: 22km/h | RPM: 1672"}
{"ts":"2026-04-05T22:01:54.739Z","level":"INFO","device":"200000000008","event":"SERVER_ACK","detail":"0x8001 Universal Reply Received"}
{"ts":"2026-04-05T22:01:54.804Z","level":"INFO","device":"200000000006","event":"SERVER_ACK","detail":"0x8001 Universal Reply Received"}
{"ts":"2026-04-05T22:01:54.857Z","level":"INFO","device":"200000000010","event":"HEARTBEAT_SENT","detail":"0x0002"}
{"ts":"2026-04-05T22:01:54.869Z","level":"INFO","device":"200000000010","event":"OBD2_SENT_0x0200","detail":"Lat: 51.729436, Lng: 0.493857 | Speed: 17km/h | RPM: 1473"}
{"ts":"2026-04-05T22:01:54.920Z","level":"INFO","device":"200000000009","event":"SERVER_ACK","detail":"0x8001 Universal Reply Received"}
{"ts":"2026-04-05T22:01:54.949Z","level":"INFO","device":"200000000007","event":"SERVER_ACK","detail":"0x8001 Universal Reply Received"}
{"ts":"2026-04-05T22:01:55.058Z","level":"INFO","device":"200000000008","event":"SERVER_ACK","detail":"0x8001 Universal Reply Received"}
{"ts":"2026-04-05T22:01:55.075Z","level":"INFO","device":"200000000010","event":"SERVER_ACK","detail":"0x8001 Universal Reply Received"}
{"ts":"2026-04-05T22:01:55.269Z","level":"INFO","device":"200000000009","event":"SERVER_ACK","detail":"0x8001 Universal Reply Received"}
{"ts":"2026-04-05T22:01:55.401Z","level":"INFO","device":"200000000010","event":"SERVER_ACK","detail":"0x8001 Universal Reply Received"}
{"ts":"2026-04-05T22:02:08.788Z","level":"INFO","device":"200000000001","event":"OBD2_SENT_0x0200","detail":"Lat: 51.723294, Lng: 0.496622 | Speed: 0km/h | RPM: 800"}
{"ts":"2026-04-05T22:02:08.788Z","level":"INFO","device":"200000000002","event":"OBD2_SENT_0x0200","detail":"Lat: 51.714923, Lng: 0.509758 | Speed: 0km/h | RPM: 800"}
{"ts":"2026-04-05T22:02:08.818Z","level":"INFO","device":"200000000003","event":"OBD2_SENT_0x0200","detail":"Lat: 51.717453, Lng: 0.501893 | Speed: 19km/h | RPM: 1543"}
{"ts":"2026-04-05T22:02:08.967Z","level":"INFO","device":"200000000004","event":"OBD2_SENT_0x0200","detail":"Lat: 51.731889, Lng: 0.490422 | Speed: 69km/h | RPM: 3553"}
{"ts":"2026-04-05T22:02:08.983Z","level":"INFO","device":"200000000001","event":"SERVER_ACK","detail":"0x8001 Universal Reply Received"}
{"ts":"2026-04-05T22:02:08.998Z","level":"INFO","device":"200000000002","event":"SERVER_ACK","detail":"0x8001 Universal Reply Received"}
{"ts":"2026-04-05T22:02:09.021Z","level":"INFO","device":"200000000003","event":"SERVER_ACK","detail":"0x8001 Universal Reply Received"}
{"ts":"2026-04-05T22:02:09.115Z","level":"INFO","device":"200000000005","event":"OBD2_SENT_0x0200","detail":"Lat: 51.722911, Lng: 0.496776 | Speed: 38km/h | RPM: 2302"}
{"ts":"2026-04-05T22:02:09.178Z","level":"INFO","device":"200000000004","event":"SERVER_ACK","detail":"0x8001 Universal Reply Received"}
{"ts":"2026-04-05T22:02:09.261Z","level":"INFO","device":"200000000006","event":"OBD2_SENT_0x0200","detail":"Lat: 51.735543, Lng: 0.481800 | Speed: 40km/h | RPM: 2410"}
{"ts":"2026-04-05T22:02:09.319Z","level":"INFO","device":"200000000005","event":"SERVER_ACK","detail":"0x8001 Universal Reply Received"}
{"ts":"2026-04-05T22:02:09.408Z","level":"INFO","device":"200000000007","event":"OBD2_SENT_0x0200","detail":"Lat: 51.736268, Lng: 0.480954 | Speed: 62km/h | RPM: 3293"}
{"ts":"2026-04-05T22:02:09.475Z","level":"INFO","device":"200000000006","event":"SERVER_ACK","detail":"0x8001 Universal Reply Received"}
{"ts":"2026-04-05T22:02:09.561Z","level":"INFO","device":"200000000008","event":"OBD2_SENT_0x0200","detail":"Lat: 51.719198, Lng: 0.499247 | Speed: 35km/h | RPM: 2197"}
{"ts":"2026-04-05T22:02:09.609Z","level":"INFO","device":"200000000007","event":"SERVER_ACK","detail":"0x8001 Universal Reply Received"}
{"ts":"2026-04-05T22:02:09.709Z","level":"INFO","device":"200000000009","event":"OBD2_SENT_0x0200","detail":"Lat: 51.732664, Lng: 0.488509 | Speed: 26km/h | RPM: 1859"}
{"ts":"2026-04-05T22:02:09.869Z","level":"INFO","device":"200000000010","event":"OBD2_SENT_0x0200","detail":"Lat: 51.728907, Lng: 0.494327 | Speed: 16km/h | RPM: 1445"}
{"ts":"2026-04-05T22:02:09.921Z","level":"INFO","device":"200000000009","event":"SERVER_ACK","detail":"0x8001 Universal Reply Received"}
{"ts":"2026-04-05T22:02:10.053Z","level":"INFO","device":"200000000008","event":"SERVER_ACK","detail":"0x8001 Universal Reply Received"}
{"ts":"2026-04-05T22:02:10.088Z","level":"INFO","device":"200000000010","event":"SERVER_ACK","detail":"0x8001 Universal Reply Received"}
{"ts":"2026-04-05T22:02:23.662Z","level":"INFO","device":"200000000001","event":"HEARTBEAT_SENT","detail":"0x0002"}
{"ts":"2026-04-05T22:02:23.662Z","level":"INFO","device":"200000000002","event":"HEARTBEAT_SENT","detail":"0x0002"}
{"ts":"2026-04-05T22:02:23.739Z","level":"ERROR","device":"300000000001","event":"SOCKET_ERROR","detail":"ECONNREFUSED"}
{"ts":"2026-04-05T22:02:23.788Z","level":"INFO","device":"200000000001","event":"OBD2_SENT_0x0200","detail":"Lat: 51.723294, Lng: 0.496622 | Speed: 0km/h | RPM: 800"}
{"ts":"2026-04-05T22:02:23.789Z","level":"INFO","device":"200000000002","event":"OBD2_SENT_0x0200","detail":"Lat: 51.714923, Lng: 0.509758 | Speed: 0km/h | RPM: 800"}
{"ts":"2026-04-05T22:02:23.805Z","level":"INFO","device":"200000000003","event":"HEARTBEAT_SENT","detail":"0x0002"}
{"ts":"2026-04-05T22:02:23.818Z","level":"INFO","device":"200000000003","event":"OBD2_SENT_0x0200","detail":"Lat: 51.717086, Lng: 0.502665 | Speed: 16km/h | RPM: 1456"}
{"ts":"2026-04-05T22:02:23.860Z","level":"INFO","device":"200000000001","event":"SERVER_ACK","detail":"0x8001 Universal Reply Received"}
{"ts":"2026-04-05T22:02:23.860Z","level":"ERROR","device":"300000000002","event":"SOCKET_ERROR","detail":"ECONNREFUSED"}
{"ts":"2026-04-05T22:02:23.870Z","level":"INFO","device":"200000000002","event":"SERVER_ACK","detail":"0x8001 Universal Reply Received"}
{"ts":"2026-04-05T22:02:23.954Z","level":"INFO","device":"200000000004","event":"HEARTBEAT_SENT","detail":"0x0002"}
{"ts":"2026-04-05T22:02:23.967Z","level":"INFO","device":"200000000004","event":"OBD2_SENT_0x0200","detail":"Lat: 51.729593, Lng: 0.493696 | Speed: 74km/h | RPM: 3742"}
{"ts":"2026-04-05T22:02:23.983Z","level":"ERROR","device":"300000000003","event":"SOCKET_ERROR","detail":"ECONNREFUSED"}
{"ts":"2026-04-05T22:02:24.007Z","level":"INFO","device":"200000000003","event":"SERVER_ACK","detail":"0x8001 Universal Reply Received"}
{"ts":"2026-04-05T22:02:24.104Z","level":"INFO","device":"200000000005","event":"HEARTBEAT_SENT","detail":"0x0002"}
{"ts":"2026-04-05T22:02:24.114Z","level":"INFO","device":"200000000005","event":"OBD2_SENT_0x0200","detail":"Lat: 51.721408, Lng: 0.497515 | Speed: 41km/h | RPM: 2452"}
{"ts":"2026-04-05T22:02:24.145Z","level":"ERROR","device":"300000000004","event":"SOCKET_ERROR","detail":"ECONNREFUSED"}
{"ts":"2026-04-05T22:02:24.157Z","level":"INFO","device":"200000000001","event":"SERVER_ACK","detail":"0x8001 Universal Reply Received"}
{"ts":"2026-04-05T22:02:24.167Z","level":"INFO","device":"200000000004","event":"SERVER_ACK","detail":"0x8001 Universal Reply Received"}
{"ts":"2026-04-05T22:02:24.204Z","level":"INFO","device":"200000000002","event":"SERVER_ACK","detail":"0x8001 Universal Reply Received"}
{"ts":"2026-04-05T22:02:24.255Z","level":"INFO","device":"200000000006","event":"HEARTBEAT_SENT","detail":"0x0002"}
{"ts":"2026-04-05T22:02:24.261Z","level":"INFO","device":"200000000006","event":"OBD2_SENT_0x0200","detail":"Lat: 51.734259, Lng: 0.483446 | Speed: 45km/h | RPM: 2581"}
{"ts":"2026-04-05T22:02:24.289Z","level":"ERROR","device":"300000000005","event":"SOCKET_ERROR","detail":"ECONNREFUSED"}
{"ts":"2026-04-05T22:02:24.306Z","level":"INFO","device":"200000000005","event":"SERVER_ACK","detail":"0x8001 Universal Reply Received"}
{"ts":"2026-04-05T22:02:24.321Z","level":"INFO","device":"200000000003","event":"SERVER_ACK","detail":"0x8001 Universal Reply Received"}
{"ts":"2026-04-05T22:02:24.402Z","level":"INFO","device":"200000000007","event":"HEARTBEAT_SENT","detail":"0x0002"}
{"ts":"2026-04-05T22:02:24.408Z","level":"INFO","device":"200000000007","event":"OBD2_SENT_0x0200","detail":"Lat: 51.734473, Lng: 0.483103 | Speed: 60km/h | RPM: 3197"}
{"ts":"2026-04-05T22:02:24.454Z","level":"ERROR","device":"300000000006","event":"SOCKET_ERROR","detail":"ECONNREFUSED"}
{"ts":"2026-04-05T22:02:24.468Z","level":"INFO","device":"200000000006","event":"SERVER_ACK","detail":"0x8001 Universal Reply Received"}
{"ts":"2026-04-05T22:02:24.485Z","level":"INFO","device":"200000000004","event":"SERVER_ACK","detail":"0x8001 Universal Reply Received"}
{"ts":"2026-04-05T22:02:24.552Z","level":"INFO","device":"200000000008","event":"HEARTBEAT_SENT","detail":"0x0002"}
{"ts":"2026-04-05T22:02:24.561Z","level":"INFO","device":"200000000008","event":"OBD2_SENT_0x0200","detail":"Lat: 51.718197, Lng: 0.500555 | Speed: 34km/h | RPM: 2179"}
{"ts":"2026-04-05T22:02:24.595Z","level":"ERROR","device":"300000000007","event":"SOCKET_ERROR","detail":"ECONNREFUSED"}
{"ts":"2026-04-05T22:02:24.603Z","level":"INFO","device":"200000000007","event":"SERVER_ACK","detail":"0x8001 Universal Reply Received"}
{"ts":"2026-04-05T22:02:24.632Z","level":"INFO","device":"200000000005","event":"SERVER_ACK","detail":"0x8001 Universal Reply Received"}
{"ts":"2026-04-05T22:02:24.709Z","level":"INFO","device":"200000000009","event":"HEARTBEAT_SENT","detail":"0x0002"}
{"ts":"2026-04-05T22:02:24.709Z","level":"INFO","device":"200000000009","event":"OBD2_SENT_0x0200","detail":"Lat: 51.732116, Lng: 0.489959 | Speed: 31km/h | RPM: 2032"}
{"ts":"2026-04-05T22:02:24.738Z","level":"INFO","device":"200000000008","event":"SERVER_ACK","detail":"0x8001 Universal Reply Received"}
{"ts":"2026-04-05T22:02:24.746Z","level":"ERROR","device":"300000000008","event":"SOCKET_ERROR","detail":"ECONNREFUSED"}
{"ts":"2026-04-05T22:02:24.798Z","level":"INFO","device":"200000000006","event":"SERVER_ACK","detail":"0x8001 Universal Reply Received"}
{"ts":"2026-04-05T22:02:24.857Z","level":"INFO","device":"200000000010","event":"HEARTBEAT_SENT","detail":"0x0002"}
{"ts":"2026-04-05T22:02:24.869Z","level":"INFO","device":"200000000010","event":"OBD2_SENT_0x0200","detail":"Lat: 51.728219, Lng: 0.494828 | Speed: 20km/h | RPM: 1592"}
{"ts":"2026-04-05T22:02:24.890Z","level":"ERROR","device":"300000000009","event":"SOCKET_ERROR","detail":"ECONNREFUSED"}
{"ts":"2026-04-05T22:02:24.912Z","level":"INFO","device":"200000000007","event":"SERVER_ACK","detail":"0x8001 Universal Reply Received"}
{"ts":"2026-04-05T22:02:24.918Z","level":"INFO","device":"200000000009","event":"SERVER_ACK","detail":"0x8001 Universal Reply Received"}
{"ts":"2026-04-05T22:02:25.051Z","level":"ERROR","device":"300000000010","event":"SOCKET_ERROR","detail":"ECONNREFUSED"}
{"ts":"2026-04-05T22:02:25.052Z","level":"INFO","device":"200000000008","event":"SERVER_ACK","detail":"0x8001 Universal Reply Received"}
{"ts":"2026-04-05T22:02:25.076Z","level":"INFO","device":"200000000010","event":"SERVER_ACK","detail":"0x8001 Universal Reply Received"}
{"ts":"2026-04-05T22:02:25.232Z","level":"INFO","device":"200000000009","event":"SERVER_ACK","detail":"0x8001 Universal Reply Received"}
{"ts":"2026-04-05T22:02:25.426Z","level":"INFO","device":"200000000010","event":"SERVER_ACK","detail":"0x8001 Universal Reply Received"}
{"ts":"2026-04-05T22:02:38.796Z","level":"INFO","device":"200000000001","event":"OBD2_SENT_0x0200","detail":"Lat: 51.723294, Lng: 0.496622 | Speed: 0km/h | RPM: 800"}
{"ts":"2026-04-05T22:02:38.796Z","level":"INFO","device":"200000000002","event":"OBD2_SENT_0x0200","detail":"Lat: 51.714923, Lng: 0.509758 | Speed: 0km/h | RPM: 800"}
{"ts":"2026-04-05T22:02:38.818Z","level":"INFO","device":"200000000003","event":"OBD2_SENT_0x0200","detail":"Lat: 51.716692, Lng: 0.503585 | Speed: 19km/h | RPM: 1540"}
{"ts":"2026-04-05T22:02:38.968Z","level":"INFO","device":"200000000004","event":"OBD2_SENT_0x0200","detail":"Lat: 51.726900, Lng: 0.495550 | Speed: 73km/h | RPM: 3731"}
{"ts":"2026-04-05T22:02:38.990Z","level":"INFO","device":"200000000001","event":"SERVER_ACK","detail":"0x8001 Universal Reply Received"}
{"ts":"2026-04-05T22:02:39.008Z","level":"INFO","device":"200000000002","event":"SERVER_ACK","detail":"0x8001 Universal Reply Received"}
{"ts":"2026-04-05T22:02:39.021Z","level":"INFO","device":"200000000003","event":"SERVER_ACK","detail":"0x8001 Universal Reply Received"}
{"ts":"2026-04-05T22:02:39.115Z","level":"INFO","device":"200000000005","event":"OBD2_SENT_0x0200","detail":"Lat: 51.719792, Lng: 0.498646 | Speed: 46km/h | RPM: 2640"}
{"ts":"2026-04-05T22:02:39.179Z","level":"INFO","device":"200000000004","event":"SERVER_ACK","detail":"0x8001 Universal Reply Received"}
{"ts":"2026-04-05T22:02:39.261Z","level":"INFO","device":"200000000006","event":"OBD2_SENT_0x0200","detail":"Lat: 51.733347, Lng: 0.485863 | Speed: 48km/h | RPM: 2739"}
{"ts":"2026-04-05T22:02:39.320Z","level":"INFO","device":"200000000005","event":"SERVER_ACK","detail":"0x8001 Universal Reply Received"}
{"ts":"2026-04-05T22:02:39.408Z","level":"INFO","device":"200000000007","event":"OBD2_SENT_0x0200","detail":"Lat: 51.733290, Lng: 0.486152 | Speed: 62km/h | RPM: 3278"}
{"ts":"2026-04-05T22:02:39.474Z","level":"INFO","device":"200000000006","event":"SERVER_ACK","detail":"0x8001 Universal Reply Received"}
{"ts":"2026-04-05T22:02:39.563Z","level":"INFO","device":"200000000008","event":"OBD2_SENT_0x0200","detail":"Lat: 51.717244, Lng: 0.502312 | Speed: 38km/h | RPM: 2324"}
{"ts":"2026-04-05T22:02:39.611Z","level":"INFO","device":"200000000007","event":"SERVER_ACK","detail":"0x8001 Universal Reply Received"}
{"ts":"2026-04-05T22:02:39.709Z","level":"INFO","device":"200000000009","event":"OBD2_SENT_0x0200","detail":"Lat: 51.731370, Lng: 0.491383 | Speed: 28km/h | RPM: 1920"}
{"ts":"2026-04-05T22:02:39.869Z","level":"INFO","device":"200000000010","event":"OBD2_SENT_0x0200","detail":"Lat: 51.727558, Lng: 0.495221 | Speed: 19km/h | RPM: 1553"}
{"ts":"2026-04-05T22:02:39.920Z","level":"INFO","device":"200000000009","event":"SERVER_ACK","detail":"0x8001 Universal Reply Received"}
{"ts":"2026-04-05T22:02:40.056Z","level":"INFO","device":"200000000008","event":"SERVER_ACK","detail":"0x8001 Universal Reply Received"}
{"ts":"2026-04-05T22:02:40.089Z","level":"INFO","device":"200000000010","event":"SERVER_ACK","detail":"0x8001 Universal Reply Received"}
{"ts":"2026-04-05T22:02:53.675Z","level":"INFO","device":"200000000001","event":"HEARTBEAT_SENT","detail":"0x0002"}
{"ts":"2026-04-05T22:02:53.676Z","level":"INFO","device":"200000000002","event":"HEARTBEAT_SENT","detail":"0x0002"}
{"ts":"2026-04-05T22:02:53.797Z","level":"INFO","device":"200000000001","event":"OBD2_SENT_0x0200","detail":"Lat: 51.723294, Lng: 0.496622 | Speed: 0km/h | RPM: 800"}
{"ts":"2026-04-05T22:02:53.797Z","level":"INFO","device":"200000000002","event":"OBD2_SENT_0x0200","detail":"Lat: 51.714923, Lng: 0.509758 | Speed: 0km/h | RPM: 800"}
{"ts":"2026-04-05T22:02:53.806Z","level":"INFO","device":"200000000003","event":"HEARTBEAT_SENT","detail":"0x0002"}
{"ts":"2026-04-05T22:02:53.818Z","level":"INFO","device":"200000000003","event":"OBD2_SENT_0x0200","detail":"Lat: 51.716381, Lng: 0.504412 | Speed: 17km/h | RPM: 1465"}
{"ts":"2026-04-05T22:02:53.870Z","level":"INFO","device":"200000000001","event":"SERVER_ACK","detail":"0x8001 Universal Reply Received"}
{"ts":"2026-04-05T22:02:53.885Z","level":"INFO","device":"200000000002","event":"SERVER_ACK","detail":"0x8001 Universal Reply Received"}
{"ts":"2026-04-05T22:02:53.955Z","level":"INFO","device":"200000000004","event":"HEARTBEAT_SENT","detail":"0x0002"}
{"ts":"2026-04-05T22:02:53.968Z","level":"INFO","device":"200000000004","event":"OBD2_SENT_0x0200","detail":"Lat: 51.724299, Lng: 0.496290 | Speed: 73km/h | RPM: 3707"}
{"ts":"2026-04-05T22:02:54.008Z","level":"INFO","device":"200000000003","event":"SERVER_ACK","detail":"0x8001 Universal Reply Received"}
{"ts":"2026-04-05T22:02:54.105Z","level":"INFO","device":"200000000005","event":"HEARTBEAT_SENT","detail":"0x0002"}
{"ts":"2026-04-05T22:02:54.116Z","level":"INFO","device":"200000000005","event":"OBD2_SENT_0x0200","detail":"Lat: 51.718302, Lng: 0.500397 | Speed: 50km/h | RPM: 2813"}
{"ts":"2026-04-05T22:02:54.165Z","level":"INFO","device":"200000000004","event":"SERVER_ACK","detail":"0x8001 Universal Reply Received"}
{"ts":"2026-04-05T22:02:54.201Z","level":"INFO","device":"200000000001","event":"SERVER_ACK","detail":"0x8001 Universal Reply Received"}
{"ts":"2026-04-05T22:02:54.218Z","level":"INFO","device":"200000000002","event":"SERVER_ACK","detail":"0x8001 Universal Reply Received"}
{"ts":"2026-04-05T22:02:54.256Z","level":"INFO","device":"200000000006","event":"HEARTBEAT_SENT","detail":"0x0002"}
{"ts":"2026-04-05T22:02:54.261Z","level":"INFO","device":"200000000006","event":"OBD2_SENT_0x0200","detail":"Lat: 51.732390, Lng: 0.489275 | Speed: 52km/h | RPM: 2893"}
{"ts":"2026-04-05T22:02:54.312Z","level":"INFO","device":"200000000005","event":"SERVER_ACK","detail":"0x8001 Universal Reply Received"}
{"ts":"2026-04-05T22:02:54.335Z","level":"INFO","device":"200000000003","event":"SERVER_ACK","detail":"0x8001 Universal Reply Received"}
{"ts":"2026-04-05T22:02:54.402Z","level":"INFO","device":"200000000007","event":"HEARTBEAT_SENT","detail":"0x0002"}
{"ts":"2026-04-05T22:02:54.408Z","level":"INFO","device":"200000000007","event":"OBD2_SENT_0x0200","detail":"Lat: 51.732139, Lng: 0.489903 | Speed: 58km/h | RPM: 3128"}
{"ts":"2026-04-05T22:02:54.468Z","level":"INFO","device":"200000000006","event":"SERVER_ACK","detail":"0x8001 Universal Reply Received"}
{"ts":"2026-04-05T22:02:54.498Z","level":"INFO","device":"200000000004","event":"SERVER_ACK","detail":"0x8001 Universal Reply Received"}
{"ts":"2026-04-05T22:02:54.553Z","level":"INFO","device":"200000000008","event":"HEARTBEAT_SENT","detail":"0x0002"}
{"ts":"2026-04-05T22:02:54.563Z","level":"INFO","device":"200000000008","event":"OBD2_SENT_0x0200","detail":"Lat: 51.716439, Lng: 0.504252 | Speed: 41km/h | RPM: 2449"}
{"ts":"2026-04-05T22:02:54.603Z","level":"INFO","device":"200000000007","event":"SERVER_ACK","detail":"0x8001 Universal Reply Received"}
{"ts":"2026-04-05T22:02:54.646Z","level":"INFO","device":"200000000005","event":"SERVER_ACK","detail":"0x8001 Universal Reply Received"}
{"ts":"2026-04-05T22:02:54.709Z","level":"INFO","device":"200000000009","event":"HEARTBEAT_SENT","detail":"0x0002"}
{"ts":"2026-04-05T22:02:54.709Z","level":"INFO","device":"200000000009","event":"OBD2_SENT_0x0200","detail":"Lat: 51.730457, Lng: 0.492698 | Speed: 32km/h | RPM: 2083"}
{"ts":"2026-04-05T22:02:54.740Z","level":"INFO","device":"200000000008","event":"SERVER_ACK","detail":"0x8001 Universal Reply Received"}
{"ts":"2026-04-05T22:02:54.811Z","level":"INFO","device":"200000000006","event":"SERVER_ACK","detail":"0x8001 Universal Reply Received"}
{"ts":"2026-04-05T22:02:54.857Z","level":"INFO","device":"200000000010","event":"HEARTBEAT_SENT","detail":"0x0002"}
{"ts":"2026-04-05T22:02:54.869Z","level":"INFO","device":"200000000010","event":"OBD2_SENT_0x0200","detail":"Lat: 51.726713, Lng: 0.495643 | Speed: 24km/h | RPM: 1744"}
{"ts":"2026-04-05T22:02:54.919Z","level":"INFO","device":"200000000009","event":"SERVER_ACK","detail":"0x8001 Universal Reply Received"}
{"ts":"2026-04-05T22:02:54.925Z","level":"INFO","device":"200000000007","event":"SERVER_ACK","detail":"0x8001 Universal Reply Received"}
{"ts":"2026-04-05T22:02:55.065Z","level":"INFO","device":"200000000008","event":"SERVER_ACK","detail":"0x8001 Universal Reply Received"}
{"ts":"2026-04-05T22:02:55.074Z","level":"INFO","device":"200000000010","event":"SERVER_ACK","detail":"0x8001 Universal Reply Received"}
{"ts":"2026-04-05T22:02:55.241Z","level":"INFO","device":"200000000009","event":"SERVER_ACK","detail":"0x8001 Universal Reply Received"}
{"ts":"2026-04-05T22:02:55.404Z","level":"INFO","device":"200000000010","event":"SERVER_ACK","detail":"0x8001 Universal Reply Received"}
{"ts":"2026-04-05T22:03:08.809Z","level":"INFO","device":"200000000001","event":"OBD2_SENT_0x0200","detail":"Lat: 51.723200, Lng: 0.496660 | Speed: 3km/h | RPM: 904"}
{"ts":"2026-04-05T22:03:08.809Z","level":"INFO","device":"200000000002","event":"OBD2_SENT_0x0200","detail":"Lat: 51.714923, Lng: 0.509758 | Speed: 0km/h | RPM: 800"}
{"ts":"2026-04-05T22:03:08.818Z","level":"INFO","device":"200000000003","event":"OBD2_SENT_0x0200","detail":"Lat: 51.716004, Lng: 0.505535 | Speed: 21km/h | RPM: 1658"}
{"ts":"2026-04-05T22:03:08.968Z","level":"INFO","device":"200000000004","event":"OBD2_SENT_0x0200","detail":"Lat: 51.721747, Lng: 0.497327 | Speed: 69km/h | RPM: 3571"}
{"ts":"2026-04-05T22:03:09.005Z","level":"INFO","device":"200000000001","event":"SERVER_ACK","detail":"0x8001 Universal Reply Received"}
{"ts":"2026-04-05T22:03:09.019Z","level":"INFO","device":"200000000002","event":"SERVER_ACK","detail":"0x8001 Universal Reply Received"}
{"ts":"2026-04-05T22:03:09.022Z","level":"INFO","device":"200000000003","event":"SERVER_ACK","detail":"0x8001 Universal Reply Received"}
{"ts":"2026-04-05T22:03:09.116Z","level":"INFO","device":"200000000005","event":"OBD2_SENT_0x0200","detail":"Lat: 51.717028, Lng: 0.502801 | Speed: 52km/h | RPM: 2886"}
{"ts":"2026-04-05T22:03:09.179Z","level":"INFO","device":"200000000004","event":"SERVER_ACK","detail":"0x8001 Universal Reply Received"}
{"ts":"2026-04-05T22:03:09.261Z","level":"INFO","device":"200000000006","event":"OBD2_SENT_0x0200","detail":"Lat: 51.730880, Lng: 0.492154 | Speed: 57km/h | RPM: 3080"}
{"ts":"2026-04-05T22:03:09.319Z","level":"INFO","device":"200000000005","event":"SERVER_ACK","detail":"0x8001 Universal Reply Received"}
{"ts":"2026-04-05T22:03:09.408Z","level":"INFO","device":"200000000007","event":"OBD2_SENT_0x0200","detail":"Lat: 51.730571, Lng: 0.492552 | Speed: 53km/h | RPM: 2933"}
{"ts":"2026-04-05T22:03:09.474Z","level":"INFO","device":"200000000006","event":"SERVER_ACK","detail":"0x8001 Universal Reply Received"}
{"ts":"2026-04-05T22:03:09.563Z","level":"INFO","device":"200000000008","event":"OBD2_SENT_0x0200","detail":"Lat: 51.715731, Lng: 0.506490 | Speed: 43km/h | RPM: 2508"}
{"ts":"2026-04-05T22:03:09.611Z","level":"INFO","device":"200000000007","event":"SERVER_ACK","detail":"0x8001 Universal Reply Received"}
{"ts":"2026-04-05T22:03:09.709Z","level":"INFO","device":"200000000009","event":"OBD2_SENT_0x0200","detail":"Lat: 51.729207, Lng: 0.494060 | Speed: 37km/h | RPM: 2280"}
{"ts":"2026-04-05T22:03:09.749Z","level":"INFO","device":"200000000008","event":"SERVER_ACK","detail":"0x8001 Universal Reply Received"}
{"ts":"2026-04-05T22:03:09.869Z","level":"INFO","device":"200000000010","event":"OBD2_SENT_0x0200","detail":"Lat: 51.725863, Lng: 0.495921 | Speed: 24km/h | RPM: 1750"}
{"ts":"2026-04-05T22:03:09.920Z","level":"INFO","device":"200000000009","event":"SERVER_ACK","detail":"0x8001 Universal Reply Received"}
{"ts":"2026-04-05T22:03:10.090Z","level":"INFO","device":"200000000010","event":"SERVER_ACK","detail":"0x8001 Universal Reply Received"}
{"ts":"2026-04-05T22:03:23.675Z","level":"INFO","device":"200000000001","event":"HEARTBEAT_SENT","detail":"0x0002"}
{"ts":"2026-04-05T22:03:23.676Z","level":"INFO","device":"200000000002","event":"HEARTBEAT_SENT","detail":"0x0002"}
{"ts":"2026-04-05T22:03:23.807Z","level":"INFO","device":"200000000003","event":"HEARTBEAT_SENT","detail":"0x0002"}
{"ts":"2026-04-05T22:03:23.809Z","level":"INFO","device":"200000000001","event":"OBD2_SENT_0x0200","detail":"Lat: 51.723069, Lng: 0.496712 | Speed: 4km/h | RPM: 944"}
{"ts":"2026-04-05T22:03:23.810Z","level":"INFO","device":"200000000002","event":"OBD2_SENT_0x0200","detail":"Lat: 51.714923, Lng: 0.509758 | Speed: 0km/h | RPM: 800"}
{"ts":"2026-04-05T22:03:23.818Z","level":"INFO","device":"200000000003","event":"OBD2_SENT_0x0200","detail":"Lat: 51.715662, Lng: 0.506733 | Speed: 22km/h | RPM: 1672"}
{"ts":"2026-04-05T22:03:23.869Z","level":"INFO","device":"200000000001","event":"SERVER_ACK","detail":"0x8001 Universal Reply Received"}
{"ts":"2026-04-05T22:03:23.885Z","level":"INFO","device":"200000000002","event":"SERVER_ACK","detail":"0x8001 Universal Reply Received"}
{"ts":"2026-04-05T22:03:23.955Z","level":"INFO","device":"200000000004","event":"HEARTBEAT_SENT","detail":"0x0002"}
{"ts":"2026-04-05T22:03:23.968Z","level":"INFO","device":"200000000004","event":"OBD2_SENT_0x0200","detail":"Lat: 51.719449, Lng: 0.498968 | Speed: 65km/h | RPM: 3387"}
{"ts":"2026-04-05T22:03:24.009Z","level":"INFO","device":"200000000003","event":"SERVER_ACK","detail":"0x8001 Universal Reply Received"}
{"ts":"2026-04-05T22:03:24.105Z","level":"INFO","device":"200000000005","event":"HEARTBEAT_SENT","detail":"0x0002"}
{"ts":"2026-04-05T22:03:24.117Z","level":"INFO","device":"200000000005","event":"OBD2_SENT_0x0200","detail":"Lat: 51.715979, Lng: 0.505622 | Speed: 57km/h | RPM: 3068"}
{"ts":"2026-04-05T22:03:24.166Z","level":"INFO","device":"200000000004","event":"SERVER_ACK","detail":"0x8001 Universal Reply Received"}
{"ts":"2026-04-05T22:03:24.204Z","level":"INFO","device":"200000000001","event":"SERVER_ACK","detail":"0x8001 Universal Reply Received"}
{"ts":"2026-04-05T22:03:24.221Z","level":"INFO","device":"200000000002","event":"SERVER_ACK","detail":"0x8001 Universal Reply Received"}
{"ts":"2026-04-05T22:03:24.256Z","level":"INFO","device":"200000000006","event":"HEARTBEAT_SENT","detail":"0x0002"}
{"ts":"2026-04-05T22:03:24.262Z","level":"INFO","device":"200000000006","event":"OBD2_SENT_0x0200","detail":"Lat: 51.728914, Lng: 0.494321 | Speed: 59km/h | RPM: 3168"}
{"ts":"2026-04-05T22:03:24.309Z","level":"INFO","device":"200000000005","event":"SERVER_ACK","detail":"0x8001 Universal Reply Received"}
{"ts":"2026-04-05T22:03:24.337Z","level":"INFO","device":"200000000003","event":"SERVER_ACK","detail":"0x8001 Universal Reply Received"}
{"ts":"2026-04-05T22:03:24.402Z","level":"INFO","device":"200000000007","event":"HEARTBEAT_SENT","detail":"0x0002"}
{"ts":"2026-04-05T22:03:24.408Z","level":"INFO","device":"200000000007","event":"OBD2_SENT_0x0200","detail":"Lat: 51.728574, Lng: 0.494616 | Speed: 58km/h | RPM: 3105"}
{"ts":"2026-04-05T22:03:24.467Z","level":"INFO","device":"200000000006","event":"SERVER_ACK","detail":"0x8001 Universal Reply Received"}
{"ts":"2026-04-05T22:03:24.501Z","level":"INFO","device":"200000000004","event":"SERVER_ACK","detail":"0x8001 Universal Reply Received"}
{"ts":"2026-04-05T22:03:24.553Z","level":"INFO","device":"200000000008","event":"HEARTBEAT_SENT","detail":"0x0002"}
{"ts":"2026-04-05T22:03:24.563Z","level":"INFO","device":"200000000008","event":"OBD2_SENT_0x0200","detail":"Lat: 51.715105, Lng: 0.508909 | Speed: 44km/h | RPM: 2562"}
{"ts":"2026-04-05T22:03:24.605Z","level":"INFO","device":"200000000007","event":"SERVER_ACK","detail":"0x8001 Universal Reply Received"}
{"ts":"2026-04-05T22:03:24.649Z","level":"INFO","device":"200000000005","event":"SERVER_ACK","detail":"0x8001 Universal Reply Received"}
{"ts":"2026-04-05T22:03:24.709Z","level":"INFO","device":"200000000009","event":"HEARTBEAT_SENT","detail":"0x0002"}
{"ts":"2026-04-05T22:03:24.709Z","level":"INFO","device":"200000000009","event":"OBD2_SENT_0x0200","detail":"Lat: 51.728035, Lng: 0.494939 | Speed: 34km/h | RPM: 2159"}
{"ts":"2026-04-05T22:03:24.739Z","level":"INFO","device":"200000000008","event":"SERVER_ACK","detail":"0x8001 Universal Reply Received"}
{"ts":"2026-04-05T22:03:24.814Z","level":"INFO","device":"200000000006","event":"SERVER_ACK","detail":"0x8001 Universal Reply Received"}
{"ts":"2026-04-05T22:03:24.857Z","level":"INFO","device":"200000000010","event":"HEARTBEAT_SENT","detail":"0x0002"}
{"ts":"2026-04-05T22:03:24.870Z","level":"INFO","device":"200000000010","event":"OBD2_SENT_0x0200","detail":"Lat: 51.725116, Lng: 0.496097 | Speed: 20km/h | RPM: 1611"}
{"ts":"2026-04-05T22:03:24.920Z","level":"INFO","device":"200000000009","event":"SERVER_ACK","detail":"0x8001 Universal Reply Received"}
{"ts":"2026-04-05T22:03:24.928Z","level":"INFO","device":"200000000007","event":"SERVER_ACK","detail":"0x8001 Universal Reply Received"}
{"ts":"2026-04-05T22:03:25.068Z","level":"INFO","device":"200000000008","event":"SERVER_ACK","detail":"0x8001 Universal Reply Received"}
{"ts":"2026-04-05T22:03:25.076Z","level":"INFO","device":"200000000010","event":"SERVER_ACK","detail":"0x8001 Universal Reply Received"}
{"ts":"2026-04-05T22:03:25.247Z","level":"INFO","device":"200000000009","event":"SERVER_ACK","detail":"0x8001 Universal Reply Received"}
{"ts":"2026-04-05T22:03:25.411Z","level":"INFO","device":"200000000010","event":"SERVER_ACK","detail":"0x8001 Universal Reply Received"}
{"ts":"2026-04-05T22:03:38.821Z","level":"INFO","device":"200000000001","event":"OBD2_SENT_0x0200","detail":"Lat: 51.722838, Lng: 0.496805 | Speed: 6km/h | RPM: 1054"}
{"ts":"2026-04-05T22:03:38.822Z","level":"INFO","device":"200000000002","event":"OBD2_SENT_0x0200","detail":"Lat: 51.714923, Lng: 0.509758 | Speed: 0km/h | RPM: 800"}
{"ts":"2026-04-05T22:03:38.822Z","level":"INFO","device":"200000000003","event":"OBD2_SENT_0x0200","detail":"Lat: 51.715312, Lng: 0.507958 | Speed: 22km/h | RPM: 1692"}
{"ts":"2026-04-05T22:03:38.968Z","level":"INFO","device":"200000000004","event":"OBD2_SENT_0x0200","detail":"Lat: 51.717702, Lng: 0.501396 | Speed: 62km/h | RPM: 3267"}
{"ts":"2026-04-05T22:03:39.018Z","level":"INFO","device":"200000000001","event":"SERVER_ACK","detail":"0x8001 Universal Reply Received"}
{"ts":"2026-04-05T22:03:39.029Z","level":"INFO","device":"200000000003","event":"SERVER_ACK","detail":"0x8001 Universal Reply Received"}
{"ts":"2026-04-05T22:03:39.033Z","level":"INFO","device":"200000000002","event":"SERVER_ACK","detail":"0x8001 Universal Reply Received"}
{"ts":"2026-04-05T22:03:39.117Z","level":"INFO","device":"200000000005","event":"OBD2_SENT_0x0200","detail":"Lat: 51.715149, Lng: 0.508706 | Speed: 56km/h | RPM: 3046"}
{"ts":"2026-04-05T22:03:39.181Z","level":"INFO","device":"200000000004","event":"SERVER_ACK","detail":"0x8001 Universal Reply Received"}
{"ts":"2026-04-05T22:03:39.262Z","level":"INFO","device":"200000000006","event":"OBD2_SENT_0x0200","detail":"Lat: 51.726852, Lng: 0.495574 | Speed: 57km/h | RPM: 3100"}
{"ts":"2026-04-05T22:03:39.321Z","level":"INFO","device":"200000000005","event":"SERVER_ACK","detail":"0x8001 Universal Reply Received"}
{"ts":"2026-04-05T22:03:39.410Z","level":"INFO","device":"200000000007","event":"OBD2_SENT_0x0200","detail":"Lat: 51.726721, Lng: 0.495639 | Speed: 53km/h | RPM: 2910"}
{"ts":"2026-04-05T22:03:39.474Z","level":"INFO","device":"200000000006","event":"SERVER_ACK","detail":"0x8001 Universal Reply Received"}
{"ts":"2026-04-05T22:03:39.563Z","level":"INFO","device":"200000000008","event":"OBD2_SENT_0x0200","detail":"Lat: 51.714527, Lng: 0.511607 | Speed: 47km/h | RPM: 2689"}
{"ts":"2026-04-05T22:03:39.612Z","level":"INFO","device":"200000000007","event":"SERVER_ACK","detail":"0x8001 Universal Reply Received"}
{"ts":"2026-04-05T22:03:39.710Z","level":"INFO","device":"200000000009","event":"OBD2_SENT_0x0200","detail":"Lat: 51.726700, Lng: 0.495650 | Speed: 38km/h | RPM: 2320"}
{"ts":"2026-04-05T22:03:39.753Z","level":"INFO","device":"200000000008","event":"SERVER_ACK","detail":"0x8001 Universal Reply Received"}
{"ts":"2026-04-05T22:03:39.871Z","level":"INFO","device":"200000000010","event":"OBD2_SENT_0x0200","detail":"Lat: 51.724434, Lng: 0.496250 | Speed: 18km/h | RPM: 1534"}
{"ts":"2026-04-05T22:03:39.923Z","level":"INFO","device":"200000000009","event":"SERVER_ACK","detail":"0x8001 Universal Reply Received"}
{"ts":"2026-04-05T22:03:40.090Z","level":"INFO","device":"200000000010","event":"SERVER_ACK","detail":"0x8001 Universal Reply Received"}
{"ts":"2026-04-05T22:03:53.689Z","level":"INFO","device":"200000000001","event":"HEARTBEAT_SENT","detail":"0x0002"}
{"ts":"2026-04-05T22:03:53.689Z","level":"INFO","device":"200000000002","event":"HEARTBEAT_SENT","detail":"0x0002"}
{"ts":"2026-04-05T22:03:53.807Z","level":"INFO","device":"200000000003","event":"HEARTBEAT_SENT","detail":"0x0002"}
{"ts":"2026-04-05T22:03:53.822Z","level":"INFO","device":"200000000001","event":"OBD2_SENT_0x0200","detail":"Lat: 51.722621, Lng: 0.496892 | Speed: 6km/h | RPM: 1039"}
{"ts":"2026-04-05T22:03:53.823Z","level":"INFO","device":"200000000002","event":"OBD2_SENT_0x0200","detail":"Lat: 51.714871, Lng: 0.510003 | Speed: 4km/h | RPM: 972"}
{"ts":"2026-04-05T22:03:53.824Z","level":"INFO","device":"200000000003","event":"OBD2_SENT_0x0200","detail":"Lat: 51.715003, Lng: 0.509385 | Speed: 26km/h | RPM: 1839"}
{"ts":"2026-04-05T22:03:53.883Z","level":"INFO","device":"200000000001","event":"SERVER_ACK","detail":"0x8001 Universal Reply Received"}
{"ts":"2026-04-05T22:03:53.899Z","level":"INFO","device":"200000000002","event":"SERVER_ACK","detail":"0x8001 Universal Reply Received"}
{"ts":"2026-04-05T22:03:53.955Z","level":"INFO","device":"200000000004","event":"HEARTBEAT_SENT","detail":"0x0002"}
{"ts":"2026-04-05T22:03:53.968Z","level":"INFO","device":"200000000004","event":"OBD2_SENT_0x0200","detail":"Lat: 51.716494, Lng: 0.504098 | Speed: 57km/h | RPM: 3096"}
{"ts":"2026-04-05T22:03:54.010Z","level":"INFO","device":"200000000003","event":"SERVER_ACK","detail":"0x8001 Universal Reply Received"}
{"ts":"2026-04-05T22:03:54.106Z","level":"INFO","device":"200000000005","event":"HEARTBEAT_SENT","detail":"0x0002"}
{"ts":"2026-04-05T22:03:54.117Z","level":"INFO","device":"200000000005","event":"OBD2_SENT_0x0200","detail":"Lat: 51.714440, Lng: 0.512015 | Speed: 58km/h | RPM: 3115"}
{"ts":"2026-04-05T22:03:54.165Z","level":"INFO","device":"200000000004","event":"SERVER_ACK","detail":"0x8001 Universal Reply Received"}
{"ts":"2026-04-05T22:03:54.189Z","level":"INFO","device":"200000000001","event":"SERVER_ACK","detail":"0x8001 Universal Reply Received"}
{"ts":"2026-04-05T22:03:54.236Z","level":"INFO","device":"200000000002","event":"SERVER_ACK","detail":"0x8001 Universal Reply Received"}
{"ts":"2026-04-05T22:03:54.256Z","level":"INFO","device":"200000000006","event":"HEARTBEAT_SENT","detail":"0x0002"}
{"ts":"2026-04-05T22:03:54.262Z","level":"INFO","device":"200000000006","event":"OBD2_SENT_0x0200","detail":"Lat: 51.724636, Lng: 0.496193 | Speed: 62km/h | RPM: 3277"}
{"ts":"2026-04-05T22:03:54.314Z","level":"INFO","device":"200000000005","event":"SERVER_ACK","detail":"0x8001 Universal Reply Received"}
{"ts":"2026-04-05T22:03:54.322Z","level":"INFO","device":"200000000003","event":"SERVER_ACK","detail":"0x8001 Universal Reply Received"}
{"ts":"2026-04-05T22:03:54.402Z","level":"INFO","device":"200000000007","event":"HEARTBEAT_SENT","detail":"0x0002"}
{"ts":"2026-04-05T22:03:54.410Z","level":"INFO","device":"200000000007","event":"OBD2_SENT_0x0200","detail":"Lat: 51.724787, Lng: 0.496163 | Speed: 54km/h | RPM: 2962"}
{"ts":"2026-04-05T22:03:54.472Z","level":"INFO","device":"200000000006","event":"SERVER_ACK","detail":"0x8001 Universal Reply Received"}
{"ts":"2026-04-05T22:03:54.486Z","level":"INFO","device":"200000000004","event":"SERVER_ACK","detail":"0x8001 Universal Reply Received"}
{"ts":"2026-04-05T22:03:54.553Z","level":"INFO","device":"200000000008","event":"HEARTBEAT_SENT","detail":"0x0002"}
{"ts":"2026-04-05T22:03:54.562Z","level":"INFO","device":"200000000008","event":"OBD2_SENT_0x0200","detail":"Lat: 51.714067, Lng: 0.514530 | Speed: 51km/h | RPM: 2845"}
{"ts":"2026-04-05T22:03:54.604Z","level":"INFO","device":"200000000007","event":"SERVER_ACK","detail":"0x8001 Universal Reply Received"}
{"ts":"2026-04-05T22:03:54.633Z","level":"INFO","device":"200000000005","event":"SERVER_ACK","detail":"0x8001 Universal Reply Received"}
{"ts":"2026-04-05T22:03:54.709Z","level":"INFO","device":"200000000009","event":"HEARTBEAT_SENT","detail":"0x0002"}
{"ts":"2026-04-05T22:03:54.709Z","level":"INFO","device":"200000000009","event":"OBD2_SENT_0x0200","detail":"Lat: 51.725369, Lng: 0.496046 | Speed: 37km/h | RPM: 2287"}
{"ts":"2026-04-05T22:03:54.738Z","level":"INFO","device":"200000000008","event":"SERVER_ACK","detail":"0x8001 Universal Reply Received"}
{"ts":"2026-04-05T22:03:54.799Z","level":"INFO","device":"200000000006","event":"SERVER_ACK","detail":"0x8001 Universal Reply Received"}
{"ts":"2026-04-05T22:03:54.858Z","level":"INFO","device":"200000000010","event":"HEARTBEAT_SENT","detail":"0x0002"}
{"ts":"2026-04-05T22:03:54.871Z","level":"INFO","device":"200000000010","event":"OBD2_SENT_0x0200","detail":"Lat: 51.723804, Lng: 0.496439 | Speed: 17km/h | RPM: 1484"}
{"ts":"2026-04-05T22:03:54.913Z","level":"INFO","device":"200000000007","event":"SERVER_ACK","detail":"0x8001 Universal Reply Received"}
{"ts":"2026-04-05T22:03:54.919Z","level":"INFO","device":"200000000009","event":"SERVER_ACK","detail":"0x8001 Universal Reply Received"}
{"ts":"2026-04-05T22:03:55.053Z","level":"INFO","device":"200000000008","event":"SERVER_ACK","detail":"0x8001 Universal Reply Received"}
{"ts":"2026-04-05T22:03:55.075Z","level":"INFO","device":"200000000010","event":"SERVER_ACK","detail":"0x8001 Universal Reply Received"}
{"ts":"2026-04-05T22:03:55.232Z","level":"INFO","device":"200000000009","event":"SERVER_ACK","detail":"0x8001 Universal Reply Received"}
{"ts":"2026-04-05T22:03:55.396Z","level":"INFO","device":"200000000010","event":"SERVER_ACK","detail":"0x8001 Universal Reply Received"}
{"ts":"2026-04-05T22:04:08.835Z","level":"INFO","device":"200000000001","event":"OBD2_SENT_0x0200","detail":"Lat: 51.722249, Lng: 0.497076 | Speed: 10km/h | RPM: 1209"}
{"ts":"2026-04-05T22:04:08.836Z","level":"INFO","device":"200000000002","event":"OBD2_SENT_0x0200","detail":"Lat: 51.714840, Lng: 0.510148 | Speed: 3km/h | RPM: 901"}
{"ts":"2026-04-05T22:04:08.836Z","level":"INFO","device":"200000000003","event":"OBD2_SENT_0x0200","detail":"Lat: 51.714627, Lng: 0.511142 | Speed: 31km/h | RPM: 2030"}
{"ts":"2026-04-05T22:04:08.969Z","level":"INFO","device":"200000000004","event":"OBD2_SENT_0x0200","detail":"Lat: 51.715621, Lng: 0.506877 | Speed: 53km/h | RPM: 2922"}
{"ts":"2026-04-05T22:04:09.030Z","level":"INFO","device":"200000000001","event":"SERVER_ACK","detail":"0x8001 Universal Reply Received"}
{"ts":"2026-04-05T22:04:09.039Z","level":"INFO","device":"200000000003","event":"SERVER_ACK","detail":"0x8001 Universal Reply Received"}
{"ts":"2026-04-05T22:04:09.045Z","level":"INFO","device":"200000000002","event":"SERVER_ACK","detail":"0x8001 Universal Reply Received"}
{"ts":"2026-04-05T22:04:09.117Z","level":"INFO","device":"200000000005","event":"OBD2_SENT_0x0200","detail":"Lat: 51.713965, Lng: 0.515244 | Speed: 56km/h | RPM: 3060"}
{"ts":"2026-04-05T22:04:09.179Z","level":"INFO","device":"200000000004","event":"SERVER_ACK","detail":"0x8001 Universal Reply Received"}
{"ts":"2026-04-05T22:04:09.262Z","level":"INFO","device":"200000000006","event":"OBD2_SENT_0x0200","detail":"Lat: 51.722307, Lng: 0.497047 | Speed: 63km/h | RPM: 3305"}
{"ts":"2026-04-05T22:04:09.321Z","level":"INFO","device":"200000000005","event":"SERVER_ACK","detail":"0x8001 Universal Reply Received"}
{"ts":"2026-04-05T22:04:09.410Z","level":"INFO","device":"200000000007","event":"OBD2_SENT_0x0200","detail":"Lat: 51.722694, Lng: 0.496862 | Speed: 56km/h | RPM: 3051"}
{"ts":"2026-04-05T22:04:09.474Z","level":"INFO","device":"200000000006","event":"SERVER_ACK","detail":"0x8001 Universal Reply Received"}
{"ts":"2026-04-05T22:04:09.564Z","level":"INFO","device":"200000000008","event":"OBD2_SENT_0x0200","detail":"Lat: 51.736409, Lng: 0.469381 | Speed: 53km/h | RPM: 2929"}
{"ts":"2026-04-05T22:04:09.612Z","level":"INFO","device":"200000000007","event":"SERVER_ACK","detail":"0x8001 Universal Reply Received"}
{"ts":"2026-04-05T22:04:09.710Z","level":"INFO","device":"200000000009","event":"OBD2_SENT_0x0200","detail":"Lat: 51.724061, Lng: 0.496362 | Speed: 35km/h | RPM: 2207"}
{"ts":"2026-04-05T22:04:09.750Z","level":"INFO","device":"200000000008","event":"SERVER_ACK","detail":"0x8001 Universal Reply Received"}
{"ts":"2026-04-05T22:04:09.871Z","level":"INFO","device":"200000000010","event":"OBD2_SENT_0x0200","detail":"Lat: 51.723297, Lng: 0.496621 | Speed: 14km/h | RPM: 1350"}
{"ts":"2026-04-05T22:04:09.920Z","level":"INFO","device":"200000000009","event":"SERVER_ACK","detail":"0x8001 Universal Reply Received"}
{"ts":"2026-04-05T22:04:10.090Z","level":"INFO","device":"200000000010","event":"SERVER_ACK","detail":"0x8001 Universal Reply Received"}
{"ts":"2026-04-05T22:04:23.689Z","level":"INFO","device":"200000000001","event":"HEARTBEAT_SENT","detail":"0x0002"}
{"ts":"2026-04-05T22:04:23.690Z","level":"INFO","device":"200000000002","event":"HEARTBEAT_SENT","detail":"0x0002"}
{"ts":"2026-04-05T22:04:23.807Z","level":"INFO","device":"200000000003","event":"HEARTBEAT_SENT","detail":"0x0002"}
{"ts":"2026-04-05T22:04:23.836Z","level":"INFO","device":"200000000001","event":"OBD2_SENT_0x0200","detail":"Lat: 51.721925, Lng: 0.497238 | Speed: 9km/h | RPM: 1162"}
{"ts":"2026-04-05T22:04:23.837Z","level":"INFO","device":"200000000002","event":"OBD2_SENT_0x0200","detail":"Lat: 51.714761, Lng: 0.510515 | Speed: 6km/h | RPM: 1057"}
{"ts":"2026-04-05T22:04:23.838Z","level":"INFO","device":"200000000003","event":"OBD2_SENT_0x0200","detail":"Lat: 51.714313, Lng: 0.512806 | Speed: 29km/h | RPM: 1965"}
{"ts":"2026-04-05T22:04:23.883Z","level":"INFO","device":"200000000001","event":"SERVER_ACK","detail":"0x8001 Universal Reply Received"}
{"ts":"2026-04-05T22:04:23.898Z","level":"INFO","device":"200000000002","event":"SERVER_ACK","detail":"0x8001 Universal Reply Received"}
{"ts":"2026-04-05T22:04:23.956Z","level":"INFO","device":"200000000004","event":"HEARTBEAT_SENT","detail":"0x0002"}
{"ts":"2026-04-05T22:04:23.969Z","level":"INFO","device":"200000000004","event":"OBD2_SENT_0x0200","detail":"Lat: 51.714914, Lng: 0.509803 | Speed: 53km/h | RPM: 2931"}
{"ts":"2026-04-05T22:04:24.009Z","level":"INFO","device":"200000000003","event":"SERVER_ACK","detail":"0x8001 Universal Reply Received"}
{"ts":"2026-04-05T22:04:24.106Z","level":"INFO","device":"200000000005","event":"HEARTBEAT_SENT","detail":"0x0002"}
{"ts":"2026-04-05T22:04:24.117Z","level":"INFO","device":"200000000005","event":"OBD2_SENT_0x0200","detail":"Lat: 51.736597, Lng: 0.469992 | Speed: 54km/h | RPM: 2960"}
{"ts":"2026-04-05T22:04:24.166Z","level":"INFO","device":"200000000004","event":"SERVER_ACK","detail":"0x8001 Universal Reply Received"}
{"ts":"2026-04-05T22:04:24.182Z","level":"INFO","device":"200000000001","event":"SERVER_ACK","detail":"0x8001 Universal Reply Received"}
{"ts":"2026-04-05T22:04:24.229Z","level":"INFO","device":"200000000002","event":"SERVER_ACK","detail":"0x8001 Universal Reply Received"}
{"ts":"2026-04-05T22:04:24.256Z","level":"INFO","device":"200000000006","event":"HEARTBEAT_SENT","detail":"0x0002"}
{"ts":"2026-04-05T22:04:24.262Z","level":"INFO","device":"200000000006","event":"OBD2_SENT_0x0200","detail":"Lat: 51.719891, Lng: 0.498567 | Speed: 68km/h | RPM: 3500"}
{"ts":"2026-04-05T22:04:24.308Z","level":"INFO","device":"200000000005","event":"SERVER_ACK","detail":"0x8001 Universal Reply Received"}
{"ts":"2026-04-05T22:04:24.315Z","level":"INFO","device":"200000000003","event":"SERVER_ACK","detail":"0x8001 Universal Reply Received"}
{"ts":"2026-04-05T22:04:24.401Z","level":"INFO","device":"200000000007","event":"HEARTBEAT_SENT","detail":"0x0002"}
{"ts":"2026-04-05T22:04:24.410Z","level":"INFO","device":"200000000007","event":"OBD2_SENT_0x0200","detail":"Lat: 51.720572, Lng: 0.498022 | Speed: 58km/h | RPM: 3133"}
{"ts":"2026-04-05T22:04:24.467Z","level":"INFO","device":"200000000006","event":"SERVER_ACK","detail":"0x8001 Universal Reply Received"}
{"ts":"2026-04-05T22:04:24.479Z","level":"INFO","device":"200000000004","event":"SERVER_ACK","detail":"0x8001 Universal Reply Received"}
{"ts":"2026-04-05T22:04:24.553Z","level":"INFO","device":"200000000008","event":"HEARTBEAT_SENT","detail":"0x0002"}
{"ts":"2026-04-05T22:04:24.564Z","level":"INFO","device":"200000000008","event":"OBD2_SENT_0x0200","detail":"Lat: 51.737136, Lng: 0.471909 | Speed: 52km/h | RPM: 2867"}
{"ts":"2026-04-05T22:04:24.604Z","level":"INFO","device":"200000000007","event":"SERVER_ACK","detail":"0x8001 Universal Reply Received"}
{"ts":"2026-04-05T22:04:24.626Z","level":"INFO","device":"200000000005","event":"SERVER_ACK","detail":"0x8001 Universal Reply Received"}
{"ts":"2026-04-05T22:04:24.709Z","level":"INFO","device":"200000000009","event":"HEARTBEAT_SENT","detail":"0x0002"}
{"ts":"2026-04-05T22:04:24.711Z","level":"INFO","device":"200000000009","event":"OBD2_SENT_0x0200","detail":"Lat: 51.722667, Lng: 0.496873 | Speed: 38km/h | RPM: 2314"}
{"ts":"2026-04-05T22:04:24.739Z","level":"INFO","device":"200000000008","event":"SERVER_ACK","detail":"0x8001 Universal Reply Received"}
{"ts":"2026-04-05T22:04:24.792Z","level":"INFO","device":"200000000006","event":"SERVER_ACK","detail":"0x8001 Universal Reply Received"}
{"ts":"2026-04-05T22:04:24.858Z","level":"INFO","device":"200000000010","event":"HEARTBEAT_SENT","detail":"0x0002"}
{"ts":"2026-04-05T22:04:24.872Z","level":"INFO","device":"200000000010","event":"OBD2_SENT_0x0200","detail":"Lat: 51.722763, Lng: 0.496835 | Speed: 15km/h | RPM: 1388"}
{"ts":"2026-04-05T22:04:24.906Z","level":"INFO","device":"200000000007","event":"SERVER_ACK","detail":"0x8001 Universal Reply Received"}
{"ts":"2026-04-05T22:04:24.919Z","level":"INFO","device":"200000000009","event":"SERVER_ACK","detail":"0x8001 Universal Reply Received"}
{"ts":"2026-04-05T22:04:25.046Z","level":"INFO","device":"200000000008","event":"SERVER_ACK","detail":"0x8001 Universal Reply Received"}
{"ts":"2026-04-05T22:04:25.077Z","level":"INFO","device":"200000000010","event":"SERVER_ACK","detail":"0x8001 Universal Reply Received"}
{"ts":"2026-04-05T22:04:25.226Z","level":"INFO","device":"200000000009","event":"SERVER_ACK","detail":"0x8001 Universal Reply Received"}
{"ts":"2026-04-05T22:04:25.392Z","level":"INFO","device":"200000000010","event":"SERVER_ACK","detail":"0x8001 Universal Reply Received"}
{"ts":"2026-04-05T22:04:38.850Z","level":"INFO","device":"200000000001","event":"OBD2_SENT_0x0200","detail":"Lat: 51.721502, Lng: 0.497459 | Speed: 12km/h | RPM: 1272"}
{"ts":"2026-04-05T22:04:38.850Z","level":"INFO","device":"200000000002","event":"OBD2_SENT_0x0200","detail":"Lat: 51.714650, Lng: 0.511034 | Speed: 9km/h | RPM: 1163"}
{"ts":"2026-04-05T22:04:38.851Z","level":"INFO","device":"200000000003","event":"OBD2_SENT_0x0200","detail":"Lat: 51.714045, Lng: 0.514687 | Speed: 32km/h | RPM: 2077"}
{"ts":"2026-04-05T22:04:38.969Z","level":"INFO","device":"200000000004","event":"OBD2_SENT_0x0200","detail":"Lat: 51.714288, Lng: 0.512982 | Speed: 56km/h | RPM: 3024"}
{"ts":"2026-04-05T22:04:39.047Z","level":"INFO","device":"200000000001","event":"SERVER_ACK","detail":"0x8001 Universal Reply Received"}
{"ts":"2026-04-05T22:04:39.055Z","level":"INFO","device":"200000000003","event":"SERVER_ACK","detail":"0x8001 Universal Reply Received"}
{"ts":"2026-04-05T22:04:39.061Z","level":"INFO","device":"200000000002","event":"SERVER_ACK","detail":"0x8001 Universal Reply Received"}
{"ts":"2026-04-05T22:04:39.118Z","level":"INFO","device":"200000000005","event":"OBD2_SENT_0x0200","detail":"Lat: 51.737366, Lng: 0.472857 | Speed: 49km/h | RPM: 2767"}
{"ts":"2026-04-05T22:04:39.180Z","level":"INFO","device":"200000000004","event":"SERVER_ACK","detail":"0x8001 Universal Reply Received"}
{"ts":"2026-04-05T22:04:39.262Z","level":"INFO","device":"200000000006","event":"OBD2_SENT_0x0200","detail":"Lat: 51.717809, Lng: 0.501182 | Speed: 72km/h | RPM: 3684"}
{"ts":"2026-04-05T22:04:39.322Z","level":"INFO","device":"200000000005","event":"SERVER_ACK","detail":"0x8001 Universal Reply Received"}
{"ts":"2026-04-05T22:04:39.411Z","level":"INFO","device":"200000000007","event":"OBD2_SENT_0x0200","detail":"Lat: 51.718712, Lng: 0.499787 | Speed: 58km/h | RPM: 3134"}
{"ts":"2026-04-05T22:04:39.475Z","level":"INFO","device":"200000000006","event":"SERVER_ACK","detail":"0x8001 Universal Reply Received"}
{"ts":"2026-04-05T22:04:39.564Z","level":"INFO","device":"200000000008","event":"OBD2_SENT_0x0200","detail":"Lat: 51.737692, Lng: 0.474936 | Speed: 54km/h | RPM: 2948"}
{"ts":"2026-04-05T22:04:39.613Z","level":"INFO","device":"200000000007","event":"SERVER_ACK","detail":"0x8001 Universal Reply Received"}
{"ts":"2026-04-05T22:04:39.712Z","level":"INFO","device":"200000000009","event":"OBD2_SENT_0x0200","detail":"Lat: 51.721468, Lng: 0.497479 | Speed: 33km/h | RPM: 2118"}
{"ts":"2026-04-05T22:04:39.751Z","level":"INFO","device":"200000000008","event":"SERVER_ACK","detail":"0x8001 Universal Reply Received"}
{"ts":"2026-04-05T22:04:39.872Z","level":"INFO","device":"200000000010","event":"OBD2_SENT_0x0200","detail":"Lat: 51.722064, Lng: 0.497168 | Speed: 19km/h | RPM: 1569"}
{"ts":"2026-04-05T22:04:39.923Z","level":"INFO","device":"200000000009","event":"SERVER_ACK","detail":"0x8001 Universal Reply Received"}
{"ts":"2026-04-05T22:04:40.094Z","level":"INFO","device":"200000000010","event":"SERVER_ACK","detail":"0x8001 Universal Reply Received"}
{"ts":"2026-04-05T22:04:53.703Z","level":"INFO","device":"200000000001","event":"HEARTBEAT_SENT","detail":"0x0002"}
{"ts":"2026-04-05T22:04:53.703Z","level":"INFO","device":"200000000002","event":"HEARTBEAT_SENT","detail":"0x0002"}
{"ts":"2026-04-05T22:04:53.808Z","level":"INFO","device":"200000000003","event":"HEARTBEAT_SENT","detail":"0x0002"}
{"ts":"2026-04-05T22:04:53.850Z","level":"INFO","device":"200000000001","event":"OBD2_SENT_0x0200","detail":"Lat: 51.720933, Lng: 0.497800 | Speed: 16km/h | RPM: 1448"}
{"ts":"2026-04-05T22:04:53.851Z","level":"INFO","device":"200000000002","event":"OBD2_SENT_0x0200","detail":"Lat: 51.714548, Lng: 0.511511 | Speed: 8km/h | RPM: 1134"}
{"ts":"2026-04-05T22:04:53.851Z","level":"INFO","device":"200000000003","event":"OBD2_SENT_0x0200","detail":"Lat: 51.736051, Lng: 0.468336 | Speed: 31km/h | RPM: 2029"}
{"ts":"2026-04-05T22:04:53.897Z","level":"INFO","device":"200000000001","event":"SERVER_ACK","detail":"0x8001 Universal Reply Received"}
{"ts":"2026-04-05T22:04:53.912Z","level":"INFO","device":"200000000002","event":"SERVER_ACK","detail":"0x8001 Universal Reply Received"}
{"ts":"2026-04-05T22:04:53.956Z","level":"INFO","device":"200000000004","event":"HEARTBEAT_SENT","detail":"0x0002"}
{"ts":"2026-04-05T22:04:53.969Z","level":"INFO","device":"200000000004","event":"OBD2_SENT_0x0200","detail":"Lat: 51.736067, Lng: 0.468382 | Speed: 61km/h | RPM: 3221"}
{"ts":"2026-04-05T22:04:54.010Z","level":"INFO","device":"200000000003","event":"SERVER_ACK","detail":"0x8001 Universal Reply Received"}
{"ts":"2026-04-05T22:04:54.108Z","level":"INFO","device":"200000000005","event":"HEARTBEAT_SENT","detail":"0x0002"}
{"ts":"2026-04-05T22:04:54.118Z","level":"INFO","device":"200000000005","event":"OBD2_SENT_0x0200","detail":"Lat: 51.737758, Lng: 0.475586 | Speed: 48km/h | RPM: 2736"}
{"ts":"2026-04-05T22:04:54.167Z","level":"INFO","device":"200000000004","event":"SERVER_ACK","detail":"0x8001 Universal Reply Received"}
{"ts":"2026-04-05T22:04:54.229Z","level":"INFO","device":"200000000001","event":"SERVER_ACK","detail":"0x8001 Universal Reply Received"}
{"ts":"2026-04-05T22:04:54.245Z","level":"INFO","device":"200000000002","event":"SERVER_ACK","detail":"0x8001 Universal Reply Received"}
{"ts":"2026-04-05T22:04:54.257Z","level":"INFO","device":"200000000006","event":"HEARTBEAT_SENT","detail":"0x0002"}
{"ts":"2026-04-05T22:04:54.261Z","level":"INFO","device":"200000000006","event":"OBD2_SENT_0x0200","detail":"Lat: 51.716262, Lng: 0.504748 | Speed: 76km/h | RPM: 3830"}
{"ts":"2026-04-05T22:04:54.311Z","level":"INFO","device":"200000000005","event":"SERVER_ACK","detail":"0x8001 Universal Reply Received"}
{"ts":"2026-04-05T22:04:54.332Z","level":"INFO","device":"200000000003","event":"SERVER_ACK","detail":"0x8001 Universal Reply Received"}
{"ts":"2026-04-05T22:04:54.402Z","level":"INFO","device":"200000000007","event":"HEARTBEAT_SENT","detail":"0x0002"}
{"ts":"2026-04-05T22:04:54.411Z","level":"INFO","device":"200000000007","event":"OBD2_SENT_0x0200","detail":"Lat: 51.717149, Lng: 0.502519 | Speed: 61km/h | RPM: 3247"}
{"ts":"2026-04-05T22:04:54.470Z","level":"INFO","device":"200000000006","event":"SERVER_ACK","detail":"0x8001 Universal Reply Received"}
{"ts":"2026-04-05T22:04:54.494Z","level":"INFO","device":"200000000004","event":"SERVER_ACK","detail":"0x8001 Universal Reply Received"}
{"ts":"2026-04-05T22:04:54.553Z","level":"INFO","device":"200000000008","event":"HEARTBEAT_SENT","detail":"0x0002"}
{"ts":"2026-04-05T22:04:54.564Z","level":"INFO","device":"200000000008","event":"OBD2_SENT_0x0200","detail":"Lat: 51.737608, Lng: 0.478167 | Speed: 54km/h | RPM: 2979"}
{"ts":"2026-04-05T22:04:54.605Z","level":"INFO","device":"200000000007","event":"SERVER_ACK","detail":"0x8001 Universal Reply Received"}
{"ts":"2026-04-05T22:04:54.642Z","level":"INFO","device":"200000000005","event":"SERVER_ACK","detail":"0x8001 Universal Reply Received"}
{"ts":"2026-04-05T22:04:54.710Z","level":"INFO","device":"200000000009","event":"HEARTBEAT_SENT","detail":"0x0002"}
{"ts":"2026-04-05T22:04:54.712Z","level":"INFO","device":"200000000009","event":"OBD2_SENT_0x0200","detail":"Lat: 51.720238, Lng: 0.498290 | Speed: 35km/h | RPM: 2201"}
{"ts":"2026-04-05T22:04:54.743Z","level":"INFO","device":"200000000008","event":"SERVER_ACK","detail":"0x8001 Universal Reply Received"}
{"ts":"2026-04-05T22:04:54.807Z","level":"INFO","device":"200000000006","event":"SERVER_ACK","detail":"0x8001 Universal Reply Received"}
{"ts":"2026-04-05T22:04:54.858Z","level":"INFO","device":"200000000010","event":"HEARTBEAT_SENT","detail":"0x0002"}
{"ts":"2026-04-05T22:04:54.872Z","level":"INFO","device":"200000000010","event":"OBD2_SENT_0x0200","detail":"Lat: 51.721375, Lng: 0.497535 | Speed: 19km/h | RPM: 1569"}
{"ts":"2026-04-05T22:04:54.920Z","level":"INFO","device":"200000000009","event":"SERVER_ACK","detail":"0x8001 Universal Reply Received"}
{"ts":"2026-04-05T22:04:54.921Z","level":"INFO","device":"200000000007","event":"SERVER_ACK","detail":"0x8001 Universal Reply Received"}
{"ts":"2026-04-05T22:04:55.061Z","level":"INFO","device":"200000000008","event":"SERVER_ACK","detail":"0x8001 Universal Reply Received"}
{"ts":"2026-04-05T22:04:55.076Z","level":"INFO","device":"200000000010","event":"SERVER_ACK","detail":"0x8001 Universal Reply Received"}
{"ts":"2026-04-05T22:04:55.241Z","level":"INFO","device":"200000000009","event":"SERVER_ACK","detail":"0x8001 Universal Reply Received"}
{"ts":"2026-04-05T22:04:55.404Z","level":"INFO","device":"200000000010","event":"SERVER_ACK","detail":"0x8001 Universal Reply Received"}
{"ts":"2026-04-05T22:05:06.142Z","level":"INFO","device":"868120018681","event":"DISCONNECTED","detail":"clean stop"}
{"ts":"2026-04-05T22:05:06.143Z","level":"INFO","device":"200000000001","event":"DISCONNECTED","detail":"clean stop"}
{"ts":"2026-04-05T22:05:06.144Z","level":"INFO","device":"300000000001","event":"DISCONNECTED","detail":"clean stop"}
{"ts":"2026-04-05T22:05:06.144Z","level":"INFO","device":"868120100002","event":"DISCONNECTED","detail":"clean stop"}
{"ts":"2026-04-05T22:05:06.144Z","level":"INFO","device":"200000000002","event":"DISCONNECTED","detail":"clean stop"}
{"ts":"2026-04-05T22:05:06.144Z","level":"INFO","device":"300000000002","event":"DISCONNECTED","detail":"clean stop"}
{"ts":"2026-04-05T22:05:06.145Z","level":"INFO","device":"868120100003","event":"DISCONNECTED","detail":"clean stop"}
{"ts":"2026-04-05T22:05:06.145Z","level":"INFO","device":"200000000003","event":"DISCONNECTED","detail":"clean stop"}
{"ts":"2026-04-05T22:05:06.145Z","level":"INFO","device":"300000000003","event":"DISCONNECTED","detail":"clean stop"}
{"ts":"2026-04-05T22:05:06.145Z","level":"INFO","device":"868120100004","event":"DISCONNECTED","detail":"clean stop"}
{"ts":"2026-04-05T22:05:06.145Z","level":"INFO","device":"200000000004","event":"DISCONNECTED","detail":"clean stop"}
{"ts":"2026-04-05T22:05:06.145Z","level":"INFO","device":"300000000004","event":"DISCONNECTED","detail":"clean stop"}
{"ts":"2026-04-05T22:05:06.146Z","level":"INFO","device":"868120100005","event":"DISCONNECTED","detail":"clean stop"}
{"ts":"2026-04-05T22:05:06.146Z","level":"INFO","device":"200000000005","event":"DISCONNECTED","detail":"clean stop"}
{"ts":"2026-04-05T22:05:06.146Z","level":"INFO","device":"300000000005","event":"DISCONNECTED","detail":"clean stop"}
{"ts":"2026-04-05T22:05:06.146Z","level":"INFO","device":"868120100006","event":"DISCONNECTED","detail":"clean stop"}
{"ts":"2026-04-05T22:05:06.146Z","level":"INFO","device":"200000000006","event":"DISCONNECTED","detail":"clean stop"}
{"ts":"2026-04-05T22:05:06.146Z","level":"INFO","device":"300000000006","event":"DISCONNECTED","detail":"clean stop"}
{"ts":"2026-04-05T22:05:06.146Z","level":"INFO","device":"868120100007","event":"DISCONNECTED","detail":"clean stop"}
{"ts":"2026-04-05T22:05:06.147Z","level":"INFO","device":"200000000007","event":"DISCONNECTED","detail":"clean stop"}
{"ts":"2026-04-05T22:05:06.147Z","level":"INFO","device":"300000000007","event":"DISCONNECTED","detail":"clean stop"}
{"ts":"2026-04-05T22:05:06.147Z","level":"INFO","device":"868120100008","event":"DISCONNECTED","detail":"clean stop"}
{"ts":"2026-04-05T22:05:06.147Z","level":"INFO","device":"200000000008","event":"DISCONNECTED","detail":"clean stop"}
{"ts":"2026-04-05T22:05:06.147Z","level":"INFO","device":"300000000008","event":"DISCONNECTED","detail":"clean stop"}
{"ts":"2026-04-05T22:05:06.147Z","level":"INFO","device":"868120100009","event":"DISCONNECTED","detail":"clean stop"}
{"ts":"2026-04-05T22:05:06.148Z","level":"INFO","device":"200000000009","event":"DISCONNECTED","detail":"clean stop"}
{"ts":"2026-04-05T22:05:06.148Z","level":"INFO","device":"300000000009","event":"DISCONNECTED","detail":"clean stop"}
{"ts":"2026-04-05T22:05:06.148Z","level":"INFO","device":"100000000010","event":"DISCONNECTED","detail":"clean stop"}
{"ts":"2026-04-05T22:05:06.149Z","level":"INFO","device":"200000000010","event":"DISCONNECTED","detail":"clean stop"}
{"ts":"2026-04-05T22:05:06.149Z","level":"INFO","device":"300000000010","event":"DISCONNECTED","detail":"clean stop"}

[SUMMARY] Run duration: 1065s
[SUMMARY] GPS packets sent: 990
[SUMMARY] OBD2 packets sent: 700
[SUMMARY] DTC faults sent: 12
[SUMMARY] Incidents fired: 2
[SUMMARY] Videos uploaded OK: 2
[SUMMARY] Videos failed: 2
[SUMMARY] Tracker pings sent: 0
[SUMMARY] Reconnections: 0
[SUMMARY] Log file: logs/sim-2026-04-05T21-47-23.log
