{"ts":"2026-04-02T23:12:19.484Z","level":"INFO","device":"868120018681","event":"CONNECTED","detail":"id:868120018681"}
{"ts":"2026-04-02T23:12:19.503Z","level":"INFO","device":"868120018681","event":"RX_MSG","detail":"0x9208 bodyLen=81"}
{"ts":"2026-04-02T23:12:19.504Z","level":"INFO","device":"868120018681","event":"9208_RAW","detail":"0C35342E33372E3232352E36350D32000001868120018681002604022308020B02303138363831323030313836383130303236303430323233303830323062303200000000000000000000000000000000"}
{"ts":"2026-04-02T23:12:19.504Z","level":"INFO","device":"868120018681","event":"UPLOAD_TRIGGERED","detail":"media: 54.37.225.65:3378 | alarmId: 01868120018681002604022308020B02"}
{"ts":"2026-04-02T23:12:19.504Z","level":"INFO","device":"868120018681","event":"MEDIA_CONNECTING","detail":"54.37.225.65:3378 files=2"}
{"ts":"2026-04-02T23:12:19.509Z","level":"INFO","device":"868120018681","event":"RX_MSG","detail":"0x8001 bodyLen=5"}
{"ts":"2026-04-02T23:12:19.511Z","level":"INFO","device":"868120018681","event":"SERVER_ACK","detail":"0x0102 result=OK"}
{"ts":"2026-04-02T23:12:19.514Z","level":"INFO","device":"868120018681","event":"MEDIA_CONNECTED","detail":"54.37.225.65:3378"}
{"ts":"2026-04-02T23:12:19.515Z","level":"INFO","device":"868120018681","event":"FILE_START","detail":"[1/2] 00_64_6401_00_01868120018681002604022308020B02.jpg (215 bytes)"}
{"ts":"2026-04-02T23:12:19.516Z","level":"INFO","device":"868120018681","event":"SENT_1210","detail":"00_64_6401_00_01868120018681002604022308020B02.jpg"}
{"ts":"2026-04-02T23:12:19.524Z","level":"INFO","device":"868120018681","event":"MEDIA_RX","detail":"7E 80 01 00 05 86 81 20 01 86 81 2E 86 00 00 12 10 00 0F 7E"}
{"ts":"2026-04-02T23:12:19.619Z","level":"INFO","device":"868120018681","event":"SENT_RAW_MARKER","detail":"00_64_6401_00_01868120018681002604022308020B02.jpg packet=277 bytes data=215 bytes"}
{"ts":"2026-04-02T23:12:19.620Z","level":"INFO","device":"868120018681","event":"SENT_1212","detail":"00_64_6401_00_01868120018681002604022308020B02.jpg type=0"}
{"ts":"2026-04-02T23:12:19.673Z","level":"INFO","device":"868120018681","event":"MEDIA_RX","detail":"7E 92 12 00 36 86 81 20 01 86 81 F9 F4 32 30 30 5F 36 34 5F 36 34 30 31 5F 30 30 5F 30 31 38 36 38 31 32 30 30 31 38 36 38 31 30 30 32 36 30 34 30 32 32 33 30 38 30 32 30 42 30 32 2E 6A 70 67 00 00 00 81 7E"}
{"ts":"2026-04-02T23:12:19.924Z","level":"INFO","device":"868120018681","event":"FILE_START","detail":"[2/2] 02_64_6401_03_01868120018681002604022308020B02.mp4 (65536 bytes)"}
{"ts":"2026-04-02T23:12:19.924Z","level":"INFO","device":"868120018681","event":"SENT_1210","detail":"02_64_6401_03_01868120018681002604022308020B02.mp4"}
{"ts":"2026-04-02T23:12:19.939Z","level":"INFO","device":"868120018681","event":"MEDIA_RX","detail":"7E 80 01 00 05 86 81 20 01 86 81 EE 17 00 02 12 10 00 5C 7E"}
{"ts":"2026-04-02T23:12:20.027Z","level":"INFO","device":"868120018681","event":"SENT_RAW_MARKER","detail":"02_64_6401_03_01868120018681002604022308020B02.mp4 packet=65598 bytes data=65536 bytes"}
{"ts":"2026-04-02T23:12:20.028Z","level":"INFO","device":"868120018681","event":"SENT_1212","detail":"02_64_6401_03_01868120018681002604022308020B02.mp4 type=2"}
{"ts":"2026-04-02T23:12:20.063Z","level":"INFO","device":"868120018681","event":"MEDIA_RX","detail":"7E 92 12 00 36 86 81 20 01 86 81 E4 F6 32 30 32 5F 36 34 5F 36 34 30 31 5F 30 33 5F 30 31 38 36 38 31 32 30 30 31 38 36 38 31 30 30 32 36 30 34 30 32 32 33 30 38 30 32 30 42 30 32 2E 6D 70 34 02 00 00 C9 7E"}
{"ts":"2026-04-02T23:12:20.331Z","level":"INFO","device":"868120018681","event":"BATCH_COMPLETE","detail":"All 2 files sent"}
{"ts":"2026-04-02T23:12:20.348Z","level":"INFO","device":"868120018681","event":"MEDIA_CLOSED","detail":""}
{"ts":"2026-04-02T23:12:29.477Z","level":"INFO","device":"868120018681","event":"INCIDENT_SENT","detail":"mediaId=1 alarmId=86812001868100260402231229010200"}
{"ts":"2026-04-02T23:12:29.486Z","level":"INFO","device":"868120018681","event":"RX_MSG","detail":"0x8001 bodyLen=5"}
{"ts":"2026-04-02T23:12:29.487Z","level":"INFO","device":"868120018681","event":"SERVER_ACK","detail":"0x0200 result=OK"}
{"ts":"2026-04-02T23:12:29.507Z","level":"INFO","device":"868120018681","event":"RX_MSG","detail":"0x9208 bodyLen=81"}
{"ts":"2026-04-02T23:12:29.507Z","level":"INFO","device":"868120018681","event":"9208_RAW","detail":"0C35342E33372E3232352E36350D32000086812001868100260402231229010200383638313230303138363831303032363034303232333132323930313032303000000000000000000000000000000000"}
{"ts":"2026-04-02T23:12:29.507Z","level":"INFO","device":"868120018681","event":"UPLOAD_TRIGGERED","detail":"media: 54.37.225.65:3378 | alarmId: 86812001868100260402231229010200"}
{"ts":"2026-04-02T23:12:29.507Z","level":"INFO","device":"868120018681","event":"MEDIA_CONNECTING","detail":"54.37.225.65:3378 files=2"}
{"ts":"2026-04-02T23:12:29.508Z","level":"INFO","device":"868120018681","event":"RX_MSG","detail":"0x8001 bodyLen=5"}
{"ts":"2026-04-02T23:12:29.508Z","level":"INFO","device":"868120018681","event":"SERVER_ACK","detail":"0x0800 result=OK"}
{"ts":"2026-04-02T23:12:29.591Z","level":"INFO","device":"868120018681","event":"MEDIA_CONNECTED","detail":"54.37.225.65:3378"}
{"ts":"2026-04-02T23:12:29.592Z","level":"INFO","device":"868120018681","event":"FILE_START","detail":"[1/2] 00_64_6401_00_86812001868100260402231229010200.jpg (215 bytes)"}
{"ts":"2026-04-02T23:12:29.593Z","level":"INFO","device":"868120018681","event":"SENT_1210","detail":"00_64_6401_00_86812001868100260402231229010200.jpg"}
{"ts":"2026-04-02T23:12:29.600Z","level":"INFO","device":"868120018681","event":"MEDIA_RX","detail":"7E 80 01 00 05 86 81 20 01 86 81 40 EE 00 00 12 10 00 09 7E"}
{"ts":"2026-04-02T23:12:29.699Z","level":"INFO","device":"868120018681","event":"SENT_RAW_MARKER","detail":"00_64_6401_00_86812001868100260402231229010200.jpg packet=277 bytes data=215 bytes"}
{"ts":"2026-04-02T23:12:29.699Z","level":"INFO","device":"868120018681","event":"SENT_1212","detail":"00_64_6401_00_86812001868100260402231229010200.jpg type=0"}
{"ts":"2026-04-02T23:12:29.754Z","level":"INFO","device":"868120018681","event":"MEDIA_RX","detail":"7E 92 12 00 36 86 81 20 01 86 81 1C 82 32 30 30 5F 36 34 5F 36 34 30 31 5F 30 30 5F 38 36 38 31 32 30 30 31 38 36 38 31 30 30 32 36 30 34 30 32 32 33 31 32 32 39 30 31 30 32 30 30 2E 6A 70 67 00 00 00 62 7E"}
{"ts":"2026-04-02T23:12:30.003Z","level":"INFO","device":"868120018681","event":"FILE_START","detail":"[2/2] 02_64_6401_03_86812001868100260402231229010200.mp4 (65536 bytes)"}
{"ts":"2026-04-02T23:12:30.005Z","level":"INFO","device":"868120018681","event":"SENT_1210","detail":"02_64_6401_03_86812001868100260402231229010200.mp4"}
{"ts":"2026-04-02T23:12:30.013Z","level":"INFO","device":"868120018681","event":"MEDIA_RX","detail":"7E 80 01 00 05 86 81 20 01 86 81 F8 DD 00 02 12 10 00 80 7E"}
{"ts":"2026-04-02T23:12:30.109Z","level":"INFO","device":"868120018681","event":"SENT_RAW_MARKER","detail":"02_64_6401_03_86812001868100260402231229010200.mp4 packet=65598 bytes data=65536 bytes"}
{"ts":"2026-04-02T23:12:30.110Z","level":"INFO","device":"868120018681","event":"SENT_1212","detail":"02_64_6401_03_86812001868100260402231229010200.mp4 type=2"}
{"ts":"2026-04-02T23:12:30.132Z","level":"INFO","device":"868120018681","event":"MEDIA_RX","detail":"7E 92 12 00 36 86 81 20 01 86 81 1F 7B 32 30 32 5F 36 34 5F 36 34 30 31 5F 30 33 5F 38 36 38 31 32 30 30 31 38 36 38 31 30 30 32 36 30 34 30 32 32 33 31 32 32 39 30 31 30 32 30 30 2E 6D 70 34 02 00 00 CF 7E"}
{"ts":"2026-04-02T23:12:30.414Z","level":"INFO","device":"868120018681","event":"BATCH_COMPLETE","detail":"All 2 files sent"}
{"ts":"2026-04-02T23:12:30.425Z","level":"INFO","device":"868120018681","event":"MEDIA_CLOSED","detail":""}
{"ts":"2026-04-02T23:12:32.511Z","level":"INFO","device":"868120018681","event":"RX_MSG","detail":"0x9101 bodyLen=17"}
{"ts":"2026-04-02T23:12:32.514Z","level":"INFO","device":"868120018681","event":"SENT_ACK","detail":"0x0001 acknowledging Live Stream Request"}
{"ts":"2026-04-02T23:12:32.525Z","level":"INFO","device":"868120018681","event":"LIVE_STREAM_REQ","detail":"Target: 127.0.0.1:3377 | Channel: 1"}
{"ts":"2026-04-02T23:12:32.537Z","level":"INFO","device":"868120018681","event":"LIVE_STREAM_CONNECTING","detail":"127.0.0.1:3377"}
{"ts":"2026-04-02T23:12:32.545Z","level":"INFO","device":"868120018681","event":"LIVE_STREAM_CONNECTED","detail":"Pumping real video frames..."}
{"ts":"2026-04-02T23:12:39.516Z","level":"INFO","device":"868120018681","event":"GPS_SENT","detail":""}
{"ts":"2026-04-02T23:12:39.517Z","level":"INFO","device":"868120018681","event":"INCIDENT_SENT","detail":"mediaId=2 alarmId=86812001868100260402231239020200"}
{"ts":"2026-04-02T23:12:39.536Z","level":"INFO","device":"868120018681","event":"RX_MSG","detail":"0x8001 bodyLen=5"}
{"ts":"2026-04-02T23:12:39.536Z","level":"INFO","device":"868120018681","event":"SERVER_ACK","detail":"0x0200 result=OK"}
{"ts":"2026-04-02T23:12:39.537Z","level":"INFO","device":"868120018681","event":"RX_MSG","detail":"0x8001 bodyLen=5"}
{"ts":"2026-04-02T23:12:39.537Z","level":"INFO","device":"868120018681","event":"SERVER_ACK","detail":"0x0200 result=OK"}
{"ts":"2026-04-02T23:12:39.539Z","level":"INFO","device":"868120018681","event":"RX_MSG","detail":"0x8001 bodyLen=5"}
{"ts":"2026-04-02T23:12:39.539Z","level":"INFO","device":"868120018681","event":"SERVER_ACK","detail":"0x0800 result=OK"}
{"ts":"2026-04-02T23:12:39.539Z","level":"INFO","device":"868120018681","event":"RX_MSG","detail":"0x9208 bodyLen=81"}
{"ts":"2026-04-02T23:12:39.539Z","level":"INFO","device":"868120018681","event":"9208_RAW","detail":"0C35342E33372E3232352E36350D32000086812001868100260402231239020200383638313230303138363831303032363034303232333132333930323032303000000000000000000000000000000000"}
{"ts":"2026-04-02T23:12:39.539Z","level":"INFO","device":"868120018681","event":"UPLOAD_TRIGGERED","detail":"media: 54.37.225.65:3378 | alarmId: 86812001868100260402231239020200"}
{"ts":"2026-04-02T23:12:39.539Z","level":"INFO","device":"868120018681","event":"MEDIA_CONNECTING","detail":"54.37.225.65:3378 files=2"}
{"ts":"2026-04-02T23:12:39.548Z","level":"INFO","device":"868120018681","event":"MEDIA_CONNECTED","detail":"54.37.225.65:3378"}
{"ts":"2026-04-02T23:12:39.549Z","level":"INFO","device":"868120018681","event":"FILE_START","detail":"[1/2] 00_64_6401_00_86812001868100260402231239020200.jpg (215 bytes)"}
{"ts":"2026-04-02T23:12:39.549Z","level":"INFO","device":"868120018681","event":"SENT_1210","detail":"00_64_6401_00_86812001868100260402231239020200.jpg"}
{"ts":"2026-04-02T23:12:39.556Z","level":"INFO","device":"868120018681","event":"MEDIA_RX","detail":"7E 80 01 00 05 86 81 20 01 86 81 43 E6 00 00 12 10 00 02 7E"}
{"ts":"2026-04-02T23:12:39.649Z","level":"INFO","device":"868120018681","event":"SENT_RAW_MARKER","detail":"00_64_6401_00_86812001868100260402231239020200.jpg packet=277 bytes data=215 bytes"}
{"ts":"2026-04-02T23:12:39.649Z","level":"INFO","device":"868120018681","event":"SENT_1212","detail":"00_64_6401_00_86812001868100260402231239020200.jpg type=0"}
{"ts":"2026-04-02T23:12:39.705Z","level":"INFO","device":"868120018681","event":"MEDIA_RX","detail":"7E 92 12 00 36 86 81 20 01 86 81 CA 92 32 30 30 5F 36 34 5F 36 34 30 31 5F 30 30 5F 38 36 38 31 32 30 30 31 38 36 38 31 30 30 32 36 30 34 30 32 32 33 31 32 33 39 30 32 30 32 30 30 2E 6A 70 67 00 00 00 A6 7E"}
{"ts":"2026-04-02T23:12:39.949Z","level":"INFO","device":"868120018681","event":"FILE_START","detail":"[2/2] 02_64_6401_03_86812001868100260402231239020200.mp4 (65536 bytes)"}
{"ts":"2026-04-02T23:12:39.950Z","level":"INFO","device":"868120018681","event":"SENT_1210","detail":"02_64_6401_03_86812001868100260402231239020200.mp4"}
{"ts":"2026-04-02T23:12:39.959Z","level":"INFO","device":"868120018681","event":"MEDIA_RX","detail":"7E 80 01 00 05 86 81 20 01 86 81 1C 45 00 02 12 10 00 FC 7E"}
{"ts":"2026-04-02T23:12:40.054Z","level":"INFO","device":"868120018681","event":"SENT_RAW_MARKER","detail":"02_64_6401_03_86812001868100260402231239020200.mp4 packet=65598 bytes data=65536 bytes"}
{"ts":"2026-04-02T23:12:40.055Z","level":"INFO","device":"868120018681","event":"SENT_1212","detail":"02_64_6401_03_86812001868100260402231239020200.mp4 type=2"}
{"ts":"2026-04-02T23:12:40.091Z","level":"INFO","device":"868120018681","event":"MEDIA_RX","detail":"7E 92 12 00 36 86 81 20 01 86 81 92 93 32 30 32 5F 36 34 5F 36 34 30 31 5F 30 33 5F 38 36 38 31 32 30 30 31 38 36 38 31 30 30 32 36 30 34 30 32 32 33 31 32 33 39 30 32 30 32 30 30 2E 6D 70 34 02 00 00 A8 7E"}
{"ts":"2026-04-02T23:12:40.356Z","level":"INFO","device":"868120018681","event":"BATCH_COMPLETE","detail":"All 2 files sent"}
{"ts":"2026-04-02T23:12:40.367Z","level":"INFO","device":"868120018681","event":"MEDIA_CLOSED","detail":""}
{"ts":"2026-04-02T23:12:49.519Z","level":"INFO","device":"868120018681","event":"INCIDENT_SENT","detail":"mediaId=3 alarmId=86812001868100260402231249030200"}
{"ts":"2026-04-02T23:12:49.528Z","level":"INFO","device":"868120018681","event":"RX_MSG","detail":"0x8001 bodyLen=5"}
{"ts":"2026-04-02T23:12:49.528Z","level":"INFO","device":"868120018681","event":"SERVER_ACK","detail":"0x0200 result=OK"}
{"ts":"2026-04-02T23:12:49.539Z","level":"INFO","device":"868120018681","event":"RX_MSG","detail":"0x9208 bodyLen=81"}
{"ts":"2026-04-02T23:12:49.539Z","level":"INFO","device":"868120018681","event":"9208_RAW","detail":"0C35342E33372E3232352E36350D32000086812001868100260402231249030200383638313230303138363831303032363034303232333132343930333032303000000000000000000000000000000000"}
{"ts":"2026-04-02T23:12:49.539Z","level":"INFO","device":"868120018681","event":"UPLOAD_TRIGGERED","detail":"media: 54.37.225.65:3378 | alarmId: 86812001868100260402231249030200"}
{"ts":"2026-04-02T23:12:49.539Z","level":"INFO","device":"868120018681","event":"MEDIA_CONNECTING","detail":"54.37.225.65:3378 files=2"}
{"ts":"2026-04-02T23:12:49.540Z","level":"INFO","device":"868120018681","event":"RX_MSG","detail":"0x8001 bodyLen=5"}
{"ts":"2026-04-02T23:12:49.540Z","level":"INFO","device":"868120018681","event":"SERVER_ACK","detail":"0x0800 result=OK"}
{"ts":"2026-04-02T23:12:49.547Z","level":"INFO","device":"868120018681","event":"MEDIA_CONNECTED","detail":"54.37.225.65:3378"}
{"ts":"2026-04-02T23:12:49.547Z","level":"INFO","device":"868120018681","event":"FILE_START","detail":"[1/2] 00_64_6401_00_86812001868100260402231249030200.jpg (215 bytes)"}
{"ts":"2026-04-02T23:12:49.547Z","level":"INFO","device":"868120018681","event":"SENT_1210","detail":"00_64_6401_00_86812001868100260402231249030200.jpg"}
{"ts":"2026-04-02T23:12:49.557Z","level":"INFO","device":"868120018681","event":"MEDIA_RX","detail":"7E 80 01 00 05 86 81 20 01 86 81 73 CF 00 00 12 10 00 1B 7E"}
{"ts":"2026-04-02T23:12:49.657Z","level":"INFO","device":"868120018681","event":"SENT_RAW_MARKER","detail":"00_64_6401_00_86812001868100260402231249030200.jpg packet=277 bytes data=215 bytes"}
{"ts":"2026-04-02T23:12:49.657Z","level":"INFO","device":"868120018681","event":"SENT_1212","detail":"00_64_6401_00_86812001868100260402231249030200.jpg type=0"}
{"ts":"2026-04-02T23:12:49.712Z","level":"INFO","device":"868120018681","event":"MEDIA_RX","detail":"7E 92 12 00 36 86 81 20 01 86 81 75 B0 32 30 30 5F 36 34 5F 36 34 30 31 5F 30 30 5F 38 36 38 31 32 30 30 31 38 36 38 31 30 30 32 36 30 34 30 32 32 33 31 32 34 39 30 33 30 32 30 30 2E 6A 70 67 00 00 00 3D 7E"}
{"ts":"2026-04-02T23:12:50.065Z","level":"INFO","device":"868120018681","event":"FILE_START","detail":"[2/2] 02_64_6401_03_86812001868100260402231249030200.mp4 (65536 bytes)"}
{"ts":"2026-04-02T23:12:50.065Z","level":"INFO","device":"868120018681","event":"SENT_1210","detail":"02_64_6401_03_86812001868100260402231249030200.mp4"}
{"ts":"2026-04-02T23:12:50.073Z","level":"INFO","device":"868120018681","event":"MEDIA_RX","detail":"7E 80 01 00 05 86 81 20 01 86 81 3D 8A 00 02 12 10 00 12 7E"}
{"ts":"2026-04-02T23:12:50.170Z","level":"INFO","device":"868120018681","event":"SENT_RAW_MARKER","detail":"02_64_6401_03_86812001868100260402231249030200.mp4 packet=65598 bytes data=65536 bytes"}
{"ts":"2026-04-02T23:12:50.171Z","level":"INFO","device":"868120018681","event":"SENT_1212","detail":"02_64_6401_03_86812001868100260402231249030200.mp4 type=2"}
{"ts":"2026-04-02T23:12:50.201Z","level":"INFO","device":"868120018681","event":"MEDIA_RX","detail":"7E 92 12 00 36 86 81 20 01 86 81 89 CB 32 30 32 5F 36 34 5F 36 34 30 31 5F 30 33 5F 38 36 38 31 32 30 30 31 38 36 38 31 30 30 32 36 30 34 30 32 32 33 31 32 34 39 30 33 30 32 30 30 2E 6D 70 34 02 00 00 ED 7E"}
{"ts":"2026-04-02T23:12:50.472Z","level":"INFO","device":"868120018681","event":"BATCH_COMPLETE","detail":"All 2 files sent"}
{"ts":"2026-04-02T23:12:50.484Z","level":"INFO","device":"868120018681","event":"MEDIA_CLOSED","detail":""}
{"ts":"2026-04-02T23:12:59.527Z","level":"INFO","device":"868120018681","event":"GPS_SENT","detail":""}
{"ts":"2026-04-02T23:12:59.527Z","level":"INFO","device":"868120018681","event":"INCIDENT_SENT","detail":"mediaId=4 alarmId=86812001868100260402231259040200"}
{"ts":"2026-04-02T23:12:59.545Z","level":"INFO","device":"868120018681","event":"RX_MSG","detail":"0x8001 bodyLen=5"}
{"ts":"2026-04-02T23:12:59.545Z","level":"INFO","device":"868120018681","event":"SERVER_ACK","detail":"0x0200 result=OK"}
{"ts":"2026-04-02T23:12:59.545Z","level":"INFO","device":"868120018681","event":"RX_MSG","detail":"0x8001 bodyLen=5"}
{"ts":"2026-04-02T23:12:59.545Z","level":"INFO","device":"868120018681","event":"SERVER_ACK","detail":"0x0200 result=OK"}
{"ts":"2026-04-02T23:12:59.553Z","level":"INFO","device":"868120018681","event":"RX_MSG","detail":"0x8001 bodyLen=5"}
{"ts":"2026-04-02T23:12:59.553Z","level":"INFO","device":"868120018681","event":"SERVER_ACK","detail":"0x0800 result=OK"}
{"ts":"2026-04-02T23:12:59.553Z","level":"INFO","device":"868120018681","event":"RX_MSG","detail":"0x9208 bodyLen=81"}
{"ts":"2026-04-02T23:12:59.553Z","level":"INFO","device":"868120018681","event":"9208_RAW","detail":"0C35342E33372E3232352E36350D32000086812001868100260402231259040200383638313230303138363831303032363034303232333132353930343032303000000000000000000000000000000000"}
{"ts":"2026-04-02T23:12:59.559Z","level":"INFO","device":"868120018681","event":"UPLOAD_TRIGGERED","detail":"media: 54.37.225.65:3378 | alarmId: 86812001868100260402231259040200"}
{"ts":"2026-04-02T23:12:59.559Z","level":"INFO","device":"868120018681","event":"MEDIA_CONNECTING","detail":"54.37.225.65:3378 files=2"}
{"ts":"2026-04-02T23:12:59.573Z","level":"INFO","device":"868120018681","event":"MEDIA_CONNECTED","detail":"54.37.225.65:3378"}
{"ts":"2026-04-02T23:12:59.573Z","level":"INFO","device":"868120018681","event":"FILE_START","detail":"[1/2] 00_64_6401_00_86812001868100260402231259040200.jpg (215 bytes)"}
{"ts":"2026-04-02T23:12:59.573Z","level":"INFO","device":"868120018681","event":"SENT_1210","detail":"00_64_6401_00_86812001868100260402231259040200.jpg"}
{"ts":"2026-04-02T23:12:59.580Z","level":"INFO","device":"868120018681","event":"MEDIA_RX","detail":"7E 80 01 00 05 86 81 20 01 86 81 AB 34 00 00 12 10 00 38 7E"}
{"ts":"2026-04-02T23:12:59.700Z","level":"INFO","device":"868120018681","event":"SENT_RAW_MARKER","detail":"00_64_6401_00_86812001868100260402231259040200.jpg packet=277 bytes data=215 bytes"}
{"ts":"2026-04-02T23:12:59.701Z","level":"INFO","device":"868120018681","event":"SENT_1212","detail":"00_64_6401_00_86812001868100260402231259040200.jpg type=0"}
{"ts":"2026-04-02T23:12:59.754Z","level":"INFO","device":"868120018681","event":"MEDIA_RX","detail":"7E 92 12 00 36 86 81 20 01 86 81 31 D5 32 30 30 5F 36 34 5F 36 34 30 31 5F 30 30 5F 38 36 38 31 32 30 30 31 38 36 38 31 30 30 32 36 30 34 30 32 32 33 31 32 35 39 30 34 30 32 30 30 2E 6A 70 67 00 00 00 1A 7E"}
{"ts":"2026-04-02T23:13:00.015Z","level":"INFO","device":"868120018681","event":"FILE_START","detail":"[2/2] 02_64_6401_03_86812001868100260402231259040200.mp4 (65536 bytes)"}
{"ts":"2026-04-02T23:13:00.031Z","level":"INFO","device":"868120018681","event":"SENT_1210","detail":"02_64_6401_03_86812001868100260402231259040200.mp4"}
{"ts":"2026-04-02T23:13:00.041Z","level":"INFO","device":"868120018681","event":"MEDIA_RX","detail":"7E 80 01 00 05 86 81 20 01 86 81 0B 94 00 02 12 10 00 3A 7E"}
{"ts":"2026-04-02T23:13:00.132Z","level":"INFO","device":"868120018681","event":"SENT_RAW_MARKER","detail":"02_64_6401_03_86812001868100260402231259040200.mp4 packet=65598 bytes data=65536 bytes"}
{"ts":"2026-04-02T23:13:00.135Z","level":"INFO","device":"868120018681","event":"SENT_1212","detail":"02_64_6401_03_86812001868100260402231259040200.mp4 type=2"}
{"ts":"2026-04-02T23:13:00.164Z","level":"INFO","device":"868120018681","event":"MEDIA_RX","detail":"7E 92 12 00 36 86 81 20 01 86 81 38 EB 32 30 32 5F 36 34 5F 36 34 30 31 5F 30 33 5F 38 36 38 31 32 30 30 31 38 36 38 31 30 30 32 36 30 34 30 32 32 33 31 32 35 39 30 34 30 32 30 30 2E 6D 70 34 02 00 00 7A 7E"}
{"ts":"2026-04-02T23:13:00.436Z","level":"INFO","device":"868120018681","event":"BATCH_COMPLETE","detail":"All 2 files sent"}
{"ts":"2026-04-02T23:13:00.447Z","level":"INFO","device":"868120018681","event":"MEDIA_CLOSED","detail":""}
{"ts":"2026-04-02T23:13:09.532Z","level":"INFO","device":"868120018681","event":"INCIDENT_SENT","detail":"mediaId=5 alarmId=86812001868100260402231309050200"}
{"ts":"2026-04-02T23:13:09.542Z","level":"INFO","device":"868120018681","event":"RX_MSG","detail":"0x8001 bodyLen=5"}
{"ts":"2026-04-02T23:13:09.542Z","level":"INFO","device":"868120018681","event":"SERVER_ACK","detail":"0x0200 result=OK"}
{"ts":"2026-04-02T23:13:09.549Z","level":"INFO","device":"868120018681","event":"RX_MSG","detail":"0x9208 bodyLen=81"}
{"ts":"2026-04-02T23:13:09.549Z","level":"INFO","device":"868120018681","event":"9208_RAW","detail":"0C35342E33372E3232352E36350D32000086812001868100260402231309050200383638313230303138363831303032363034303232333133303930353032303000000000000000000000000000000000"}
{"ts":"2026-04-02T23:13:09.549Z","level":"INFO","device":"868120018681","event":"UPLOAD_TRIGGERED","detail":"media: 54.37.225.65:3378 | alarmId: 86812001868100260402231309050200"}
{"ts":"2026-04-02T23:13:09.549Z","level":"INFO","device":"868120018681","event":"MEDIA_CONNECTING","detail":"54.37.225.65:3378 files=2"}
{"ts":"2026-04-02T23:13:09.555Z","level":"INFO","device":"868120018681","event":"RX_MSG","detail":"0x8001 bodyLen=5"}
{"ts":"2026-04-02T23:13:09.555Z","level":"INFO","device":"868120018681","event":"SERVER_ACK","detail":"0x0800 result=OK"}
{"ts":"2026-04-02T23:13:09.558Z","level":"INFO","device":"868120018681","event":"MEDIA_CONNECTED","detail":"54.37.225.65:3378"}
{"ts":"2026-04-02T23:13:09.558Z","level":"INFO","device":"868120018681","event":"FILE_START","detail":"[1/2] 00_64_6401_00_86812001868100260402231309050200.jpg (215 bytes)"}
{"ts":"2026-04-02T23:13:09.558Z","level":"INFO","device":"868120018681","event":"SENT_1210","detail":"00_64_6401_00_86812001868100260402231309050200.jpg"}
{"ts":"2026-04-02T23:13:09.566Z","level":"INFO","device":"868120018681","event":"MEDIA_RX","detail":"7E 80 01 00 05 86 81 20 01 86 81 7D 01 C6 00 00 12 10 00 1C 7E"}
{"ts":"2026-04-02T23:13:09.663Z","level":"INFO","device":"868120018681","event":"SENT_RAW_MARKER","detail":"00_64_6401_00_86812001868100260402231309050200.jpg packet=277 bytes data=215 bytes"}
{"ts":"2026-04-02T23:13:09.663Z","level":"INFO","device":"868120018681","event":"SENT_1212","detail":"00_64_6401_00_86812001868100260402231309050200.jpg type=0"}
{"ts":"2026-04-02T23:13:09.718Z","level":"INFO","device":"868120018681","event":"MEDIA_RX","detail":"7E 92 12 00 36 86 81 20 01 86 81 20 00 32 30 30 5F 36 34 5F 36 34 30 31 5F 30 30 5F 38 36 38 31 32 30 30 31 38 36 38 31 30 30 32 36 30 34 30 32 32 33 31 33 30 39 30 35 30 32 30 30 2E 6A 70 67 00 00 00 DB 7E"}
{"ts":"2026-04-02T23:13:09.963Z","level":"INFO","device":"868120018681","event":"FILE_START","detail":"[2/2] 02_64_6401_03_86812001868100260402231309050200.mp4 (65536 bytes)"}
{"ts":"2026-04-02T23:13:09.964Z","level":"INFO","device":"868120018681","event":"SENT_1210","detail":"02_64_6401_03_86812001868100260402231309050200.mp4"}
{"ts":"2026-04-02T23:13:09.971Z","level":"INFO","device":"868120018681","event":"MEDIA_RX","detail":"7E 80 01 00 05 86 81 20 01 86 81 18 17 00 02 12 10 00 AA 7E"}
{"ts":"2026-04-02T23:13:10.068Z","level":"INFO","device":"868120018681","event":"SENT_RAW_MARKER","detail":"02_64_6401_03_86812001868100260402231309050200.mp4 packet=65598 bytes data=65536 bytes"}
{"ts":"2026-04-02T23:13:10.069Z","level":"INFO","device":"868120018681","event":"SENT_1212","detail":"02_64_6401_03_86812001868100260402231309050200.mp4 type=2"}
{"ts":"2026-04-02T23:13:10.090Z","level":"INFO","device":"868120018681","event":"MEDIA_RX","detail":"7E 92 12 00 36 86 81 20 01 86 81 D2 53 32 30 32 5F 36 34 5F 36 34 30 31 5F 30 33 5F 38 36 38 31 32 30 30 31 38 36 38 31 30 30 32 36 30 34 30 32 32 33 31 33 30 39 30 35 30 32 30 30 2E 6D 70 34 02 00 00 2D 7E"}
{"ts":"2026-04-02T23:13:10.368Z","level":"INFO","device":"868120018681","event":"BATCH_COMPLETE","detail":"All 2 files sent"}
{"ts":"2026-04-02T23:13:10.380Z","level":"INFO","device":"868120018681","event":"MEDIA_CLOSED","detail":""}
{"ts":"2026-04-02T23:13:19.529Z","level":"INFO","device":"868120018681","event":"GPS_SENT","detail":""}
{"ts":"2026-04-02T23:13:19.534Z","level":"INFO","device":"868120018681","event":"INCIDENT_SENT","detail":"mediaId=6 alarmId=86812001868100260402231319060200"}
{"ts":"2026-04-02T23:13:19.541Z","level":"INFO","device":"868120018681","event":"RX_MSG","detail":"0x8001 bodyLen=5"}
{"ts":"2026-04-02T23:13:19.541Z","level":"INFO","device":"868120018681","event":"SERVER_ACK","detail":"0x0200 result=OK"}
{"ts":"2026-04-02T23:13:19.553Z","level":"INFO","device":"868120018681","event":"RX_MSG","detail":"0x8001 bodyLen=5"}
{"ts":"2026-04-02T23:13:19.554Z","level":"INFO","device":"868120018681","event":"SERVER_ACK","detail":"0x0200 result=OK"}
{"ts":"2026-04-02T23:13:19.559Z","level":"INFO","device":"868120018681","event":"RX_MSG","detail":"0x8001 bodyLen=5"}
{"ts":"2026-04-02T23:13:19.560Z","level":"INFO","device":"868120018681","event":"SERVER_ACK","detail":"0x0800 result=OK"}
{"ts":"2026-04-02T23:13:19.560Z","level":"INFO","device":"868120018681","event":"RX_MSG","detail":"0x9208 bodyLen=81"}
{"ts":"2026-04-02T23:13:19.560Z","level":"INFO","device":"868120018681","event":"9208_RAW","detail":"0C35342E33372E3232352E36350D32000086812001868100260402231319060200383638313230303138363831303032363034303232333133313930363032303000000000000000000000000000000000"}
{"ts":"2026-04-02T23:13:19.560Z","level":"INFO","device":"868120018681","event":"UPLOAD_TRIGGERED","detail":"media: 54.37.225.65:3378 | alarmId: 86812001868100260402231319060200"}
{"ts":"2026-04-02T23:13:19.560Z","level":"INFO","device":"868120018681","event":"MEDIA_CONNECTING","detail":"54.37.225.65:3378 files=2"}
{"ts":"2026-04-02T23:13:19.567Z","level":"INFO","device":"868120018681","event":"MEDIA_CONNECTED","detail":"54.37.225.65:3378"}
{"ts":"2026-04-02T23:13:19.568Z","level":"INFO","device":"868120018681","event":"FILE_START","detail":"[1/2] 00_64_6401_00_86812001868100260402231319060200.jpg (215 bytes)"}
{"ts":"2026-04-02T23:13:19.568Z","level":"INFO","device":"868120018681","event":"SENT_1210","detail":"00_64_6401_00_86812001868100260402231319060200.jpg"}
{"ts":"2026-04-02T23:13:19.579Z","level":"INFO","device":"868120018681","event":"MEDIA_RX","detail":"7E 80 01 00 05 86 81 20 01 86 81 E0 BF 00 00 12 10 00 F8 7E"}
{"ts":"2026-04-02T23:13:19.671Z","level":"INFO","device":"868120018681","event":"SENT_RAW_MARKER","detail":"00_64_6401_00_86812001868100260402231319060200.jpg packet=277 bytes data=215 bytes"}
{"ts":"2026-04-02T23:13:19.672Z","level":"INFO","device":"868120018681","event":"SENT_1212","detail":"00_64_6401_00_86812001868100260402231319060200.jpg type=0"}
{"ts":"2026-04-02T23:13:19.725Z","level":"INFO","device":"868120018681","event":"MEDIA_RX","detail":"7E 92 12 00 36 86 81 20 01 86 81 06 9E 32 30 30 5F 36 34 5F 36 34 30 31 5F 30 30 5F 38 36 38 31 32 30 30 31 38 36 38 31 30 30 32 36 30 34 30 32 32 33 31 33 31 39 30 36 30 32 30 30 2E 6A 70 67 00 00 00 61 7E"}
{"ts":"2026-04-02T23:13:19.974Z","level":"INFO","device":"868120018681","event":"FILE_START","detail":"[2/2] 02_64_6401_03_86812001868100260402231319060200.mp4 (65536 bytes)"}
{"ts":"2026-04-02T23:13:19.974Z","level":"INFO","device":"868120018681","event":"SENT_1210","detail":"02_64_6401_03_86812001868100260402231319060200.mp4"}
{"ts":"2026-04-02T23:13:19.984Z","level":"INFO","device":"868120018681","event":"MEDIA_RX","detail":"7E 80 01 00 05 86 81 20 01 86 81 C9 AE 00 02 12 10 00 C2 7E"}
{"ts":"2026-04-02T23:13:20.079Z","level":"INFO","device":"868120018681","event":"SENT_RAW_MARKER","detail":"02_64_6401_03_86812001868100260402231319060200.mp4 packet=65598 bytes data=65536 bytes"}
{"ts":"2026-04-02T23:13:20.080Z","level":"INFO","device":"868120018681","event":"SENT_1212","detail":"02_64_6401_03_86812001868100260402231319060200.mp4 type=2"}
{"ts":"2026-04-02T23:13:20.111Z","level":"INFO","device":"868120018681","event":"MEDIA_RX","detail":"7E 92 12 00 36 86 81 20 01 86 81 E9 78 32 30 32 5F 36 34 5F 36 34 30 31 5F 30 33 5F 38 36 38 31 32 30 30 31 38 36 38 31 30 30 32 36 30 34 30 32 32 33 31 33 31 39 30 36 30 32 30 30 2E 6D 70 34 02 00 00 3F 7E"}
{"ts":"2026-04-02T23:13:20.383Z","level":"INFO","device":"868120018681","event":"BATCH_COMPLETE","detail":"All 2 files sent"}
{"ts":"2026-04-02T23:13:20.396Z","level":"INFO","device":"868120018681","event":"MEDIA_CLOSED","detail":""}
{"ts":"2026-04-02T23:13:29.536Z","level":"INFO","device":"868120018681","event":"INCIDENT_SENT","detail":"mediaId=7 alarmId=86812001868100260402231329070200"}
{"ts":"2026-04-02T23:13:29.547Z","level":"INFO","device":"868120018681","event":"RX_MSG","detail":"0x8001 bodyLen=5"}
{"ts":"2026-04-02T23:13:29.548Z","level":"INFO","device":"868120018681","event":"SERVER_ACK","detail":"0x0200 result=OK"}
{"ts":"2026-04-02T23:13:29.558Z","level":"INFO","device":"868120018681","event":"RX_MSG","detail":"0x9208 bodyLen=81"}
{"ts":"2026-04-02T23:13:29.558Z","level":"INFO","device":"868120018681","event":"9208_RAW","detail":"0C35342E33372E3232352E36350D32000086812001868100260402231329070200383638313230303138363831303032363034303232333133323930373032303000000000000000000000000000000000"}
{"ts":"2026-04-02T23:13:29.558Z","level":"INFO","device":"868120018681","event":"UPLOAD_TRIGGERED","detail":"media: 54.37.225.65:3378 | alarmId: 86812001868100260402231329070200"}
{"ts":"2026-04-02T23:13:29.558Z","level":"INFO","device":"868120018681","event":"MEDIA_CONNECTING","detail":"54.37.225.65:3378 files=2"}
{"ts":"2026-04-02T23:13:29.560Z","level":"INFO","device":"868120018681","event":"RX_MSG","detail":"0x8001 bodyLen=5"}
{"ts":"2026-04-02T23:13:29.560Z","level":"INFO","device":"868120018681","event":"SERVER_ACK","detail":"0x0800 result=OK"}
{"ts":"2026-04-02T23:13:29.566Z","level":"INFO","device":"868120018681","event":"MEDIA_CONNECTED","detail":"54.37.225.65:3378"}
{"ts":"2026-04-02T23:13:29.566Z","level":"INFO","device":"868120018681","event":"FILE_START","detail":"[1/2] 00_64_6401_00_86812001868100260402231329070200.jpg (215 bytes)"}
{"ts":"2026-04-02T23:13:29.566Z","level":"INFO","device":"868120018681","event":"SENT_1210","detail":"00_64_6401_00_86812001868100260402231329070200.jpg"}
{"ts":"2026-04-02T23:13:29.577Z","level":"INFO","device":"868120018681","event":"MEDIA_RX","detail":"7E 80 01 00 05 86 81 20 01 86 81 9C BF 00 00 12 10 00 84 7E"}
{"ts":"2026-04-02T23:13:29.668Z","level":"INFO","device":"868120018681","event":"SENT_RAW_MARKER","detail":"00_64_6401_00_86812001868100260402231329070200.jpg packet=277 bytes data=215 bytes"}
{"ts":"2026-04-02T23:13:29.669Z","level":"INFO","device":"868120018681","event":"SENT_1212","detail":"00_64_6401_00_86812001868100260402231329070200.jpg type=0"}
{"ts":"2026-04-02T23:13:29.723Z","level":"INFO","device":"868120018681","event":"MEDIA_RX","detail":"7E 92 12 00 36 86 81 20 01 86 81 60 CB 32 30 30 5F 36 34 5F 36 34 30 31 5F 30 30 5F 38 36 38 31 32 30 30 31 38 36 38 31 30 30 32 36 30 34 30 32 32 33 31 33 32 39 30 37 30 32 30 30 2E 6A 70 67 00 00 00 50 7E"}
{"ts":"2026-04-02T23:13:29.977Z","level":"INFO","device":"868120018681","event":"FILE_START","detail":"[2/2] 02_64_6401_03_86812001868100260402231329070200.mp4 (65536 bytes)"}
{"ts":"2026-04-02T23:13:29.980Z","level":"INFO","device":"868120018681","event":"SENT_1210","detail":"02_64_6401_03_86812001868100260402231329070200.mp4"}
{"ts":"2026-04-02T23:13:29.988Z","level":"INFO","device":"868120018681","event":"MEDIA_RX","detail":"7E 80 01 00 05 86 81 20 01 86 81 7C 1C 00 02 12 10 00 C5 7E"}
{"ts":"2026-04-02T23:13:30.083Z","level":"INFO","device":"868120018681","event":"SENT_RAW_MARKER","detail":"02_64_6401_03_86812001868100260402231329070200.mp4 packet=65598 bytes data=65536 bytes"}
{"ts":"2026-04-02T23:13:30.084Z","level":"INFO","device":"868120018681","event":"SENT_1212","detail":"02_64_6401_03_86812001868100260402231329070200.mp4 type=2"}
{"ts":"2026-04-02T23:13:30.108Z","level":"INFO","device":"868120018681","event":"MEDIA_RX","detail":"7E 92 12 00 36 86 81 20 01 86 81 53 FC 32 30 32 5F 36 34 5F 36 34 30 31 5F 30 33 5F 38 36 38 31 32 30 30 31 38 36 38 31 30 30 32 36 30 34 30 32 32 33 31 33 32 39 30 37 30 32 30 30 2E 6D 70 34 02 00 00 03 7E"}
{"ts":"2026-04-02T23:13:30.386Z","level":"INFO","device":"868120018681","event":"BATCH_COMPLETE","detail":"All 2 files sent"}
{"ts":"2026-04-02T23:13:30.633Z","level":"INFO","device":"868120018681","event":"MEDIA_CLOSED","detail":""}
{"ts":"2026-04-02T23:13:39.529Z","level":"INFO","device":"868120018681","event":"GPS_SENT","detail":""}
{"ts":"2026-04-02T23:13:39.539Z","level":"INFO","device":"868120018681","event":"INCIDENT_SENT","detail":"mediaId=8 alarmId=86812001868100260402231339080200"}
{"ts":"2026-04-02T23:13:39.539Z","level":"INFO","device":"868120018681","event":"RX_MSG","detail":"0x8001 bodyLen=5"}
{"ts":"2026-04-02T23:13:39.539Z","level":"INFO","device":"868120018681","event":"SERVER_ACK","detail":"0x0200 result=OK"}
{"ts":"2026-04-02T23:13:39.547Z","level":"INFO","device":"868120018681","event":"RX_MSG","detail":"0x8001 bodyLen=5"}
{"ts":"2026-04-02T23:13:39.547Z","level":"INFO","device":"868120018681","event":"SERVER_ACK","detail":"0x0200 result=OK"}
{"ts":"2026-04-02T23:13:39.556Z","level":"INFO","device":"868120018681","event":"RX_MSG","detail":"0x8001 bodyLen=5"}
{"ts":"2026-04-02T23:13:39.556Z","level":"INFO","device":"868120018681","event":"SERVER_ACK","detail":"0x0800 result=OK"}
{"ts":"2026-04-02T23:13:39.557Z","level":"INFO","device":"868120018681","event":"RX_MSG","detail":"0x9208 bodyLen=81"}
{"ts":"2026-04-02T23:13:39.557Z","level":"INFO","device":"868120018681","event":"9208_RAW","detail":"0C35342E33372E3232352E36350D32000086812001868100260402231339080200383638313230303138363831303032363034303232333133333930383032303000000000000000000000000000000000"}
{"ts":"2026-04-02T23:13:39.557Z","level":"INFO","device":"868120018681","event":"UPLOAD_TRIGGERED","detail":"media: 54.37.225.65:3378 | alarmId: 86812001868100260402231339080200"}
{"ts":"2026-04-02T23:13:39.558Z","level":"INFO","device":"868120018681","event":"MEDIA_CONNECTING","detail":"54.37.225.65:3378 files=2"}
{"ts":"2026-04-02T23:13:39.582Z","level":"INFO","device":"868120018681","event":"MEDIA_CONNECTED","detail":"54.37.225.65:3378"}
{"ts":"2026-04-02T23:13:39.582Z","level":"INFO","device":"868120018681","event":"FILE_START","detail":"[1/2] 00_64_6401_00_86812001868100260402231339080200.jpg (215 bytes)"}
{"ts":"2026-04-02T23:13:39.584Z","level":"INFO","device":"868120018681","event":"SENT_1210","detail":"00_64_6401_00_86812001868100260402231339080200.jpg"}
{"ts":"2026-04-02T23:13:39.592Z","level":"INFO","device":"868120018681","event":"MEDIA_RX","detail":"7E 80 01 00 05 86 81 20 01 86 81 59 85 00 00 12 10 00 7B 7E"}
{"ts":"2026-04-02T23:13:39.686Z","level":"INFO","device":"868120018681","event":"SENT_RAW_MARKER","detail":"00_64_6401_00_86812001868100260402231339080200.jpg packet=277 bytes data=215 bytes"}
{"ts":"2026-04-02T23:13:39.688Z","level":"INFO","device":"868120018681","event":"SENT_1212","detail":"00_64_6401_00_86812001868100260402231339080200.jpg type=0"}
{"ts":"2026-04-02T23:13:39.744Z","level":"INFO","device":"868120018681","event":"MEDIA_RX","detail":"7E 92 12 00 36 86 81 20 01 86 81 2E E7 32 30 30 5F 36 34 5F 36 34 30 31 5F 30 30 5F 38 36 38 31 32 30 30 31 38 36 38 31 30 30 32 36 30 34 30 32 32 33 31 33 33 39 30 38 30 32 30 30 2E 6A 70 67 00 00 00 3C 7E"}
{"ts":"2026-04-02T23:13:39.992Z","level":"INFO","device":"868120018681","event":"FILE_START","detail":"[2/2] 02_64_6401_03_86812001868100260402231339080200.mp4 (65536 bytes)"}
{"ts":"2026-04-02T23:13:39.995Z","level":"INFO","device":"868120018681","event":"SENT_1210","detail":"02_64_6401_03_86812001868100260402231339080200.mp4"}
{"ts":"2026-04-02T23:13:40.002Z","level":"INFO","device":"868120018681","event":"MEDIA_RX","detail":"7E 80 01 00 05 86 81 20 01 86 81 67 B0 00 02 12 10 00 72 7E"}
{"ts":"2026-04-02T23:13:40.096Z","level":"INFO","device":"868120018681","event":"SENT_RAW_MARKER","detail":"02_64_6401_03_86812001868100260402231339080200.mp4 packet=65598 bytes data=65536 bytes"}
{"ts":"2026-04-02T23:13:40.098Z","level":"INFO","device":"868120018681","event":"SENT_1212","detail":"02_64_6401_03_86812001868100260402231339080200.mp4 type=2"}
{"ts":"2026-04-02T23:13:40.125Z","level":"INFO","device":"868120018681","event":"MEDIA_RX","detail":"7E 92 12 00 36 86 81 20 01 86 81 A8 2B 32 30 32 5F 36 34 5F 36 34 30 31 5F 30 33 5F 38 36 38 31 32 30 30 31 38 36 38 31 30 30 32 36 30 34 30 32 32 33 31 33 33 39 30 38 30 32 30 30 2E 6D 70 34 02 00 00 21 7E"}
{"ts":"2026-04-02T23:13:40.398Z","level":"INFO","device":"868120018681","event":"BATCH_COMPLETE","detail":"All 2 files sent"}
{"ts":"2026-04-02T23:13:40.411Z","level":"INFO","device":"868120018681","event":"MEDIA_CLOSED","detail":""}
{"ts":"2026-04-02T23:13:49.542Z","level":"INFO","device":"868120018681","event":"INCIDENT_SENT","detail":"mediaId=9 alarmId=86812001868100260402231349090200"}
{"ts":"2026-04-02T23:13:49.550Z","level":"INFO","device":"868120018681","event":"RX_MSG","detail":"0x8001 bodyLen=5"}
{"ts":"2026-04-02T23:13:49.551Z","level":"INFO","device":"868120018681","event":"SERVER_ACK","detail":"0x0200 result=OK"}
{"ts":"2026-04-02T23:13:49.558Z","level":"INFO","device":"868120018681","event":"RX_MSG","detail":"0x9208 bodyLen=81"}
{"ts":"2026-04-02T23:13:49.558Z","level":"INFO","device":"868120018681","event":"9208_RAW","detail":"0C35342E33372E3232352E36350D32000086812001868100260402231349090200383638313230303138363831303032363034303232333133343930393032303000000000000000000000000000000000"}
{"ts":"2026-04-02T23:13:49.559Z","level":"INFO","device":"868120018681","event":"UPLOAD_TRIGGERED","detail":"media: 54.37.225.65:3378 | alarmId: 86812001868100260402231349090200"}
{"ts":"2026-04-02T23:13:49.559Z","level":"INFO","device":"868120018681","event":"MEDIA_CONNECTING","detail":"54.37.225.65:3378 files=2"}
{"ts":"2026-04-02T23:13:49.575Z","level":"INFO","device":"868120018681","event":"RX_MSG","detail":"0x8001 bodyLen=5"}
{"ts":"2026-04-02T23:13:49.578Z","level":"INFO","device":"868120018681","event":"SERVER_ACK","detail":"0x0800 result=OK"}
{"ts":"2026-04-02T23:13:49.581Z","level":"INFO","device":"868120018681","event":"MEDIA_CONNECTED","detail":"54.37.225.65:3378"}
{"ts":"2026-04-02T23:13:49.581Z","level":"INFO","device":"868120018681","event":"FILE_START","detail":"[1/2] 00_64_6401_00_86812001868100260402231349090200.jpg (215 bytes)"}
{"ts":"2026-04-02T23:13:49.581Z","level":"INFO","device":"868120018681","event":"SENT_1210","detail":"00_64_6401_00_86812001868100260402231349090200.jpg"}
{"ts":"2026-04-02T23:13:49.588Z","level":"INFO","device":"868120018681","event":"MEDIA_RX","detail":"7E 80 01 00 05 86 81 20 01 86 81 77 55 00 00 12 10 00 85 7E"}
{"ts":"2026-04-02T23:13:49.685Z","level":"INFO","device":"868120018681","event":"SENT_RAW_MARKER","detail":"00_64_6401_00_86812001868100260402231349090200.jpg packet=277 bytes data=215 bytes"}
{"ts":"2026-04-02T23:13:49.686Z","level":"INFO","device":"868120018681","event":"SENT_1212","detail":"00_64_6401_00_86812001868100260402231349090200.jpg type=0"}
{"ts":"2026-04-02T23:13:49.741Z","level":"INFO","device":"868120018681","event":"MEDIA_RX","detail":"7E 92 12 00 36 86 81 20 01 86 81 92 16 32 30 30 5F 36 34 5F 36 34 30 31 5F 30 30 5F 38 36 38 31 32 30 30 31 38 36 38 31 30 30 32 36 30 34 30 32 32 33 31 33 34 39 30 39 30 32 30 30 2E 6A 70 67 00 00 00 77 7E"}
{"ts":"2026-04-02T23:13:49.989Z","level":"INFO","device":"868120018681","event":"FILE_START","detail":"[2/2] 02_64_6401_03_86812001868100260402231349090200.mp4 (65536 bytes)"}
{"ts":"2026-04-02T23:13:49.990Z","level":"INFO","device":"868120018681","event":"SENT_1210","detail":"02_64_6401_03_86812001868100260402231349090200.mp4"}
{"ts":"2026-04-02T23:13:49.998Z","level":"INFO","device":"868120018681","event":"MEDIA_RX","detail":"7E 80 01 00 05 86 81 20 01 86 81 62 C4 00 02 12 10 00 03 7E"}
{"ts":"2026-04-02T23:13:50.091Z","level":"INFO","device":"868120018681","event":"SENT_RAW_MARKER","detail":"02_64_6401_03_86812001868100260402231349090200.mp4 packet=65598 bytes data=65536 bytes"}
{"ts":"2026-04-02T23:13:50.091Z","level":"INFO","device":"868120018681","event":"SENT_1212","detail":"02_64_6401_03_86812001868100260402231349090200.mp4 type=2"}
{"ts":"2026-04-02T23:13:50.114Z","level":"INFO","device":"868120018681","event":"MEDIA_RX","detail":"7E 92 12 00 36 86 81 20 01 86 81 95 C3 32 30 32 5F 36 34 5F 36 34 30 31 5F 30 33 5F 38 36 38 31 32 30 30 31 38 36 38 31 30 30 32 36 30 34 30 32 32 33 31 33 34 39 30 39 30 32 30 30 2E 6D 70 34 02 00 00 F2 7E"}
{"ts":"2026-04-02T23:13:50.394Z","level":"INFO","device":"868120018681","event":"BATCH_COMPLETE","detail":"All 2 files sent"}
{"ts":"2026-04-02T23:13:50.404Z","level":"INFO","device":"868120018681","event":"MEDIA_CLOSED","detail":""}
{"ts":"2026-04-02T23:13:59.534Z","level":"INFO","device":"868120018681","event":"GPS_SENT","detail":""}
{"ts":"2026-04-02T23:13:59.543Z","level":"INFO","device":"868120018681","event":"INCIDENT_SENT","detail":"mediaId=10 alarmId=868120018681002604022313590A0200"}
{"ts":"2026-04-02T23:13:59.545Z","level":"INFO","device":"868120018681","event":"RX_MSG","detail":"0x8001 bodyLen=5"}
{"ts":"2026-04-02T23:13:59.546Z","level":"INFO","device":"868120018681","event":"SERVER_ACK","detail":"0x0200 result=OK"}
{"ts":"2026-04-02T23:13:59.554Z","level":"INFO","device":"868120018681","event":"RX_MSG","detail":"0x8001 bodyLen=5"}
{"ts":"2026-04-02T23:13:59.554Z","level":"INFO","device":"868120018681","event":"SERVER_ACK","detail":"0x0200 result=OK"}
{"ts":"2026-04-02T23:13:59.560Z","level":"INFO","device":"868120018681","event":"RX_MSG","detail":"0x8001 bodyLen=5"}
{"ts":"2026-04-02T23:13:59.560Z","level":"INFO","device":"868120018681","event":"SERVER_ACK","detail":"0x0800 result=OK"}
{"ts":"2026-04-02T23:13:59.564Z","level":"INFO","device":"868120018681","event":"RX_MSG","detail":"0x9208 bodyLen=81"}
{"ts":"2026-04-02T23:13:59.564Z","level":"INFO","device":"868120018681","event":"9208_RAW","detail":"0C35342E33372E3232352E36350D320000868120018681002604022313590A0200383638313230303138363831303032363034303232333133353930613032303000000000000000000000000000000000"}
{"ts":"2026-04-02T23:13:59.564Z","level":"INFO","device":"868120018681","event":"UPLOAD_TRIGGERED","detail":"media: 54.37.225.65:3378 | alarmId: 868120018681002604022313590A0200"}
{"ts":"2026-04-02T23:13:59.564Z","level":"INFO","device":"868120018681","event":"MEDIA_CONNECTING","detail":"54.37.225.65:3378 files=2"}
{"ts":"2026-04-02T23:13:59.574Z","level":"INFO","device":"868120018681","event":"MEDIA_CONNECTED","detail":"54.37.225.65:3378"}
{"ts":"2026-04-02T23:13:59.575Z","level":"INFO","device":"868120018681","event":"FILE_START","detail":"[1/2] 00_64_6401_00_868120018681002604022313590A0200.jpg (215 bytes)"}
{"ts":"2026-04-02T23:13:59.575Z","level":"INFO","device":"868120018681","event":"SENT_1210","detail":"00_64_6401_00_868120018681002604022313590A0200.jpg"}
{"ts":"2026-04-02T23:13:59.589Z","level":"INFO","device":"868120018681","event":"MEDIA_RX","detail":"7E 80 01 00 05 86 81 20 01 86 81 06 CD 00 00 12 10 00 6C 7E"}
{"ts":"2026-04-02T23:13:59.675Z","level":"INFO","device":"868120018681","event":"SENT_RAW_MARKER","detail":"00_64_6401_00_868120018681002604022313590A0200.jpg packet=277 bytes data=215 bytes"}
{"ts":"2026-04-02T23:13:59.675Z","level":"INFO","device":"868120018681","event":"SENT_1212","detail":"00_64_6401_00_868120018681002604022313590A0200.jpg type=0"}
{"ts":"2026-04-02T23:13:59.731Z","level":"INFO","device":"868120018681","event":"MEDIA_RX","detail":"7E 92 12 00 36 86 81 20 01 86 81 52 7F 32 30 30 5F 36 34 5F 36 34 30 31 5F 30 30 5F 38 36 38 31 32 30 30 31 38 36 38 31 30 30 32 36 30 34 30 32 32 33 31 33 35 39 30 41 30 32 30 30 2E 6A 70 67 00 00 00 A7 7E"}
{"ts":"2026-04-02T23:13:59.978Z","level":"INFO","device":"868120018681","event":"FILE_START","detail":"[2/2] 02_64_6401_03_868120018681002604022313590A0200.mp4 (65536 bytes)"}
{"ts":"2026-04-02T23:13:59.979Z","level":"INFO","device":"868120018681","event":"SENT_1210","detail":"02_64_6401_03_868120018681002604022313590A0200.mp4"}
{"ts":"2026-04-02T23:13:59.989Z","level":"INFO","device":"868120018681","event":"MEDIA_RX","detail":"7E 80 01 00 05 86 81 20 01 86 81 48 A7 00 02 12 10 00 4A 7E"}
{"ts":"2026-04-02T23:14:00.086Z","level":"INFO","device":"868120018681","event":"SENT_RAW_MARKER","detail":"02_64_6401_03_868120018681002604022313590A0200.mp4 packet=65598 bytes data=65536 bytes"}
{"ts":"2026-04-02T23:14:00.087Z","level":"INFO","device":"868120018681","event":"SENT_1212","detail":"02_64_6401_03_868120018681002604022313590A0200.mp4 type=2"}
{"ts":"2026-04-02T23:14:00.112Z","level":"INFO","device":"868120018681","event":"MEDIA_RX","detail":"7E 92 12 00 36 86 81 20 01 86 81 90 46 32 30 32 5F 36 34 5F 36 34 30 31 5F 30 33 5F 38 36 38 31 32 30 30 31 38 36 38 31 30 30 32 36 30 34 30 32 32 33 31 33 35 39 30 41 30 32 30 30 2E 6D 70 34 02 00 00 0B 7E"}
{"ts":"2026-04-02T23:14:00.410Z","level":"INFO","device":"868120018681","event":"BATCH_COMPLETE","detail":"All 2 files sent"}
{"ts":"2026-04-02T23:14:00.423Z","level":"INFO","device":"868120018681","event":"MEDIA_CLOSED","detail":""}
{"ts":"2026-04-02T23:14:09.550Z","level":"INFO","device":"868120018681","event":"INCIDENT_SENT","detail":"mediaId=11 alarmId=868120018681002604022314090B0200"}
{"ts":"2026-04-02T23:14:09.574Z","level":"INFO","device":"868120018681","event":"RX_MSG","detail":"0x8001 bodyLen=5"}
{"ts":"2026-04-02T23:14:09.574Z","level":"INFO","device":"868120018681","event":"SERVER_ACK","detail":"0x0200 result=OK"}
{"ts":"2026-04-02T23:14:09.574Z","level":"INFO","device":"868120018681","event":"RX_MSG","detail":"0x9208 bodyLen=81"}
{"ts":"2026-04-02T23:14:09.574Z","level":"INFO","device":"868120018681","event":"9208_RAW","detail":"0C35342E33372E3232352E36350D320000868120018681002604022314090B0200383638313230303138363831303032363034303232333134303930623032303000000000000000000000000000000000"}
{"ts":"2026-04-02T23:14:09.574Z","level":"INFO","device":"868120018681","event":"UPLOAD_TRIGGERED","detail":"media: 54.37.225.65:3378 | alarmId: 868120018681002604022314090B0200"}
{"ts":"2026-04-02T23:14:09.574Z","level":"INFO","device":"868120018681","event":"MEDIA_CONNECTING","detail":"54.37.225.65:3378 files=2"}
{"ts":"2026-04-02T23:14:09.575Z","level":"INFO","device":"868120018681","event":"RX_MSG","detail":"0x8001 bodyLen=5"}
{"ts":"2026-04-02T23:14:09.575Z","level":"INFO","device":"868120018681","event":"SERVER_ACK","detail":"0x0800 result=OK"}
{"ts":"2026-04-02T23:14:09.583Z","level":"INFO","device":"868120018681","event":"MEDIA_CONNECTED","detail":"54.37.225.65:3378"}
{"ts":"2026-04-02T23:14:09.583Z","level":"INFO","device":"868120018681","event":"FILE_START","detail":"[1/2] 00_64_6401_00_868120018681002604022314090B0200.jpg (215 bytes)"}
{"ts":"2026-04-02T23:14:09.583Z","level":"INFO","device":"868120018681","event":"SENT_1210","detail":"00_64_6401_00_868120018681002604022314090B0200.jpg"}
{"ts":"2026-04-02T23:14:09.602Z","level":"INFO","device":"868120018681","event":"MEDIA_RX","detail":"7E 80 01 00 05 86 81 20 01 86 81 24 87 00 00 12 10 00 04 7E"}
{"ts":"2026-04-02T23:14:09.688Z","level":"INFO","device":"868120018681","event":"SENT_RAW_MARKER","detail":"00_64_6401_00_868120018681002604022314090B0200.jpg packet=277 bytes data=215 bytes"}
{"ts":"2026-04-02T23:14:09.688Z","level":"INFO","device":"868120018681","event":"SENT_1212","detail":"00_64_6401_00_868120018681002604022314090B0200.jpg type=0"}
{"ts":"2026-04-02T23:14:09.747Z","level":"INFO","device":"868120018681","event":"MEDIA_RX","detail":"7E 92 12 00 36 86 81 20 01 86 81 9A 0C 32 30 30 5F 36 34 5F 36 34 30 31 5F 30 30 5F 38 36 38 31 32 30 30 31 38 36 38 31 30 30 32 36 30 34 30 32 32 33 31 34 30 39 30 42 30 32 30 30 2E 6A 70 67 00 00 00 1D 7E"}
{"ts":"2026-04-02T23:14:09.992Z","level":"INFO","device":"868120018681","event":"FILE_START","detail":"[2/2] 02_64_6401_03_868120018681002604022314090B0200.mp4 (65536 bytes)"}
{"ts":"2026-04-02T23:14:09.992Z","level":"INFO","device":"868120018681","event":"SENT_1210","detail":"02_64_6401_03_868120018681002604022314090B0200.mp4"}
{"ts":"2026-04-02T23:14:10.001Z","level":"INFO","device":"868120018681","event":"MEDIA_RX","detail":"7E 80 01 00 05 86 81 20 01 86 81 2C 07 00 02 12 10 00 8E 7E"}
{"ts":"2026-04-02T23:14:10.096Z","level":"INFO","device":"868120018681","event":"SENT_RAW_MARKER","detail":"02_64_6401_03_868120018681002604022314090B0200.mp4 packet=65598 bytes data=65536 bytes"}
{"ts":"2026-04-02T23:14:10.096Z","level":"INFO","device":"868120018681","event":"SENT_1212","detail":"02_64_6401_03_868120018681002604022314090B0200.mp4 type=2"}
{"ts":"2026-04-02T23:14:10.119Z","level":"INFO","device":"868120018681","event":"MEDIA_RX","detail":"7E 92 12 00 36 86 81 20 01 86 81 26 E5 32 30 32 5F 36 34 5F 36 34 30 31 5F 30 33 5F 38 36 38 31 32 30 30 31 38 36 38 31 30 30 32 36 30 34 30 32 32 33 31 34 30 39 30 42 30 32 30 30 2E 6D 70 34 02 00 00 1F 7E"}
{"ts":"2026-04-02T23:14:10.396Z","level":"INFO","device":"868120018681","event":"BATCH_COMPLETE","detail":"All 2 files sent"}
{"ts":"2026-04-02T23:14:10.644Z","level":"INFO","device":"868120018681","event":"MEDIA_CLOSED","detail":""}
{"ts":"2026-04-02T23:14:19.537Z","level":"INFO","device":"868120018681","event":"GPS_SENT","detail":""}
{"ts":"2026-04-02T23:14:19.545Z","level":"INFO","device":"868120018681","event":"RX_MSG","detail":"0x8001 bodyLen=5"}
{"ts":"2026-04-02T23:14:19.545Z","level":"INFO","device":"868120018681","event":"SERVER_ACK","detail":"0x0200 result=OK"}
{"ts":"2026-04-02T23:14:19.550Z","level":"INFO","device":"868120018681","event":"INCIDENT_SENT","detail":"mediaId=12 alarmId=868120018681002604022314190C0200"}
{"ts":"2026-04-02T23:14:19.557Z","level":"INFO","device":"868120018681","event":"RX_MSG","detail":"0x8001 bodyLen=5"}
{"ts":"2026-04-02T23:14:19.557Z","level":"INFO","device":"868120018681","event":"SERVER_ACK","detail":"0x0200 result=OK"}
{"ts":"2026-04-02T23:14:19.563Z","level":"INFO","device":"868120018681","event":"RX_MSG","detail":"0x9208 bodyLen=81"}
{"ts":"2026-04-02T23:14:19.564Z","level":"INFO","device":"868120018681","event":"9208_RAW","detail":"0C35342E33372E3232352E36350D320000868120018681002604022314190C0200383638313230303138363831303032363034303232333134313930633032303000000000000000000000000000000000"}
{"ts":"2026-04-02T23:14:19.565Z","level":"INFO","device":"868120018681","event":"UPLOAD_TRIGGERED","detail":"media: 54.37.225.65:3378 | alarmId: 868120018681002604022314190C0200"}
{"ts":"2026-04-02T23:14:19.565Z","level":"INFO","device":"868120018681","event":"MEDIA_CONNECTING","detail":"54.37.225.65:3378 files=2"}
{"ts":"2026-04-02T23:14:19.570Z","level":"INFO","device":"868120018681","event":"RX_MSG","detail":"0x8001 bodyLen=5"}
{"ts":"2026-04-02T23:14:19.570Z","level":"INFO","device":"868120018681","event":"SERVER_ACK","detail":"0x0800 result=OK"}
{"ts":"2026-04-02T23:14:19.573Z","level":"INFO","device":"868120018681","event":"MEDIA_CONNECTED","detail":"54.37.225.65:3378"}
{"ts":"2026-04-02T23:14:19.573Z","level":"INFO","device":"868120018681","event":"FILE_START","detail":"[1/2] 00_64_6401_00_868120018681002604022314190C0200.jpg (215 bytes)"}
{"ts":"2026-04-02T23:14:19.573Z","level":"INFO","device":"868120018681","event":"SENT_1210","detail":"00_64_6401_00_868120018681002604022314190C0200.jpg"}
{"ts":"2026-04-02T23:14:19.582Z","level":"INFO","device":"868120018681","event":"MEDIA_RX","detail":"7E 80 01 00 05 86 81 20 01 86 81 BC AA 00 00 12 10 00 B1 7E"}
{"ts":"2026-04-02T23:14:19.675Z","level":"INFO","device":"868120018681","event":"SENT_RAW_MARKER","detail":"00_64_6401_00_868120018681002604022314190C0200.jpg packet=277 bytes data=215 bytes"}
{"ts":"2026-04-02T23:14:19.676Z","level":"INFO","device":"868120018681","event":"SENT_1212","detail":"00_64_6401_00_868120018681002604022314190C0200.jpg type=0"}
{"ts":"2026-04-02T23:14:19.732Z","level":"INFO","device":"868120018681","event":"MEDIA_RX","detail":"7E 92 12 00 36 86 81 20 01 86 81 07 0A 32 30 30 5F 36 34 5F 36 34 30 31 5F 30 30 5F 38 36 38 31 32 30 30 31 38 36 38 31 30 30 32 36 30 34 30 32 32 33 31 34 31 39 30 43 30 32 30 30 2E 6A 70 67 00 00 00 86 7E"}
{"ts":"2026-04-02T23:14:19.976Z","level":"INFO","device":"868120018681","event":"FILE_START","detail":"[2/2] 02_64_6401_03_868120018681002604022314190C0200.mp4 (65536 bytes)"}
{"ts":"2026-04-02T23:14:19.976Z","level":"INFO","device":"868120018681","event":"SENT_1210","detail":"02_64_6401_03_868120018681002604022314190C0200.mp4"}
{"ts":"2026-04-02T23:14:19.988Z","level":"INFO","device":"868120018681","event":"MEDIA_RX","detail":"7E 80 01 00 05 86 81 20 01 86 81 53 1C 00 02 12 10 00 EA 7E"}
{"ts":"2026-04-02T23:14:20.081Z","level":"INFO","device":"868120018681","event":"SENT_RAW_MARKER","detail":"02_64_6401_03_868120018681002604022314190C0200.mp4 packet=65598 bytes data=65536 bytes"}
{"ts":"2026-04-02T23:14:20.082Z","level":"INFO","device":"868120018681","event":"SENT_1212","detail":"02_64_6401_03_868120018681002604022314190C0200.mp4 type=2"}
{"ts":"2026-04-02T23:14:20.109Z","level":"INFO","device":"868120018681","event":"MEDIA_RX","detail":"7E 92 12 00 36 86 81 20 01 86 81 AE DA 32 30 32 5F 36 34 5F 36 34 30 31 5F 30 33 5F 38 36 38 31 32 30 30 31 38 36 38 31 30 30 32 36 30 34 30 32 32 33 31 34 31 39 30 43 30 32 30 30 2E 6D 70 34 02 00 00 A8 7E"}
{"ts":"2026-04-02T23:14:20.388Z","level":"INFO","device":"868120018681","event":"BATCH_COMPLETE","detail":"All 2 files sent"}
{"ts":"2026-04-02T23:14:20.408Z","level":"INFO","device":"868120018681","event":"MEDIA_CLOSED","detail":""}
{"ts":"2026-04-02T23:14:29.556Z","level":"INFO","device":"868120018681","event":"INCIDENT_SENT","detail":"mediaId=13 alarmId=868120018681002604022314290D0200"}
{"ts":"2026-04-02T23:14:29.567Z","level":"INFO","device":"868120018681","event":"RX_MSG","detail":"0x8001 bodyLen=5"}
{"ts":"2026-04-02T23:14:29.567Z","level":"INFO","device":"868120018681","event":"SERVER_ACK","detail":"0x0200 result=OK"}
{"ts":"2026-04-02T23:14:29.572Z","level":"INFO","device":"868120018681","event":"RX_MSG","detail":"0x9208 bodyLen=81"}
{"ts":"2026-04-02T23:14:29.574Z","level":"INFO","device":"868120018681","event":"9208_RAW","detail":"0C35342E33372E3232352E36350D320000868120018681002604022314290D0200383638313230303138363831303032363034303232333134323930643032303000000000000000000000000000000000"}
{"ts":"2026-04-02T23:14:29.574Z","level":"INFO","device":"868120018681","event":"UPLOAD_TRIGGERED","detail":"media: 54.37.225.65:3378 | alarmId: 868120018681002604022314290D0200"}
{"ts":"2026-04-02T23:14:29.574Z","level":"INFO","device":"868120018681","event":"MEDIA_CONNECTING","detail":"54.37.225.65:3378 files=2"}
{"ts":"2026-04-02T23:14:29.578Z","level":"INFO","device":"868120018681","event":"RX_MSG","detail":"0x8001 bodyLen=5"}
{"ts":"2026-04-02T23:14:29.578Z","level":"INFO","device":"868120018681","event":"SERVER_ACK","detail":"0x0800 result=OK"}
{"ts":"2026-04-02T23:14:29.582Z","level":"INFO","device":"868120018681","event":"MEDIA_CONNECTED","detail":"54.37.225.65:3378"}
{"ts":"2026-04-02T23:14:29.583Z","level":"INFO","device":"868120018681","event":"FILE_START","detail":"[1/2] 00_64_6401_00_868120018681002604022314290D0200.jpg (215 bytes)"}
{"ts":"2026-04-02T23:14:29.583Z","level":"INFO","device":"868120018681","event":"SENT_1210","detail":"00_64_6401_00_868120018681002604022314290D0200.jpg"}
{"ts":"2026-04-02T23:14:29.592Z","level":"INFO","device":"868120018681","event":"MEDIA_RX","detail":"7E 80 01 00 05 86 81 20 01 86 81 52 E9 00 00 12 10 00 1C 7E"}
{"ts":"2026-04-02T23:14:29.684Z","level":"INFO","device":"868120018681","event":"SENT_RAW_MARKER","detail":"00_64_6401_00_868120018681002604022314290D0200.jpg packet=277 bytes data=215 bytes"}
{"ts":"2026-04-02T23:14:29.685Z","level":"INFO","device":"868120018681","event":"SENT_1212","detail":"00_64_6401_00_868120018681002604022314290D0200.jpg type=0"}
{"ts":"2026-04-02T23:14:29.742Z","level":"INFO","device":"868120018681","event":"MEDIA_RX","detail":"7E 92 12 00 36 86 81 20 01 86 81 0E 54 32 30 30 5F 36 34 5F 36 34 30 31 5F 30 30 5F 38 36 38 31 32 30 30 31 38 36 38 31 30 30 32 36 30 34 30 32 32 33 31 34 32 39 30 44 30 32 30 30 2E 6A 70 67 00 00 00 D5 7E"}
{"ts":"2026-04-02T23:14:29.988Z","level":"INFO","device":"868120018681","event":"FILE_START","detail":"[2/2] 02_64_6401_03_868120018681002604022314290D0200.mp4 (65536 bytes)"}
{"ts":"2026-04-02T23:14:29.989Z","level":"INFO","device":"868120018681","event":"SENT_1210","detail":"02_64_6401_03_868120018681002604022314290D0200.mp4"}
{"ts":"2026-04-02T23:14:29.999Z","level":"INFO","device":"868120018681","event":"MEDIA_RX","detail":"7E 80 01 00 05 86 81 20 01 86 81 4D 66 00 02 12 10 00 8E 7E"}
{"ts":"2026-04-02T23:14:30.097Z","level":"INFO","device":"868120018681","event":"SENT_RAW_MARKER","detail":"02_64_6401_03_868120018681002604022314290D0200.mp4 packet=65598 bytes data=65536 bytes"}
{"ts":"2026-04-02T23:14:30.097Z","level":"INFO","device":"868120018681","event":"SENT_1212","detail":"02_64_6401_03_868120018681002604022314290D0200.mp4 type=2"}
{"ts":"2026-04-02T23:14:30.122Z","level":"INFO","device":"868120018681","event":"MEDIA_RX","detail":"7E 92 12 00 36 86 81 20 01 86 81 92 2F 32 30 32 5F 36 34 5F 36 34 30 31 5F 30 33 5F 38 36 38 31 32 30 30 31 38 36 38 31 30 30 32 36 30 34 30 32 32 33 31 34 32 39 30 44 30 32 30 30 2E 6D 70 34 02 00 00 65 7E"}
{"ts":"2026-04-02T23:14:30.417Z","level":"INFO","device":"868120018681","event":"BATCH_COMPLETE","detail":"All 2 files sent"}
{"ts":"2026-04-02T23:14:30.428Z","level":"INFO","device":"868120018681","event":"MEDIA_CLOSED","detail":""}
{"ts":"2026-04-02T23:14:39.540Z","level":"INFO","device":"868120018681","event":"GPS_SENT","detail":""}
{"ts":"2026-04-02T23:14:39.552Z","level":"INFO","device":"868120018681","event":"RX_MSG","detail":"0x8001 bodyLen=5"}
{"ts":"2026-04-02T23:14:39.552Z","level":"INFO","device":"868120018681","event":"SERVER_ACK","detail":"0x0200 result=OK"}
{"ts":"2026-04-02T23:14:39.556Z","level":"INFO","device":"868120018681","event":"INCIDENT_SENT","detail":"mediaId=14 alarmId=868120018681002604022314390E0200"}
{"ts":"2026-04-02T23:14:39.565Z","level":"INFO","device":"868120018681","event":"RX_MSG","detail":"0x8001 bodyLen=5"}
{"ts":"2026-04-02T23:14:39.565Z","level":"INFO","device":"868120018681","event":"SERVER_ACK","detail":"0x0200 result=OK"}
{"ts":"2026-04-02T23:14:39.570Z","level":"INFO","device":"868120018681","event":"RX_MSG","detail":"0x9208 bodyLen=81"}
{"ts":"2026-04-02T23:14:39.570Z","level":"INFO","device":"868120018681","event":"9208_RAW","detail":"0C35342E33372E3232352E36350D320000868120018681002604022314390E0200383638313230303138363831303032363034303232333134333930653032303000000000000000000000000000000000"}
{"ts":"2026-04-02T23:14:39.570Z","level":"INFO","device":"868120018681","event":"UPLOAD_TRIGGERED","detail":"media: 54.37.225.65:3378 | alarmId: 868120018681002604022314390E0200"}
{"ts":"2026-04-02T23:14:39.570Z","level":"INFO","device":"868120018681","event":"MEDIA_CONNECTING","detail":"54.37.225.65:3378 files=2"}
{"ts":"2026-04-02T23:14:39.577Z","level":"INFO","device":"868120018681","event":"RX_MSG","detail":"0x8001 bodyLen=5"}
{"ts":"2026-04-02T23:14:39.577Z","level":"INFO","device":"868120018681","event":"SERVER_ACK","detail":"0x0800 result=OK"}
{"ts":"2026-04-02T23:14:39.579Z","level":"INFO","device":"868120018681","event":"MEDIA_CONNECTED","detail":"54.37.225.65:3378"}
{"ts":"2026-04-02T23:14:39.579Z","level":"INFO","device":"868120018681","event":"FILE_START","detail":"[1/2] 00_64_6401_00_868120018681002604022314390E0200.jpg (215 bytes)"}
{"ts":"2026-04-02T23:14:39.579Z","level":"INFO","device":"868120018681","event":"SENT_1210","detail":"00_64_6401_00_868120018681002604022314390E0200.jpg"}
{"ts":"2026-04-02T23:14:39.590Z","level":"INFO","device":"868120018681","event":"MEDIA_RX","detail":"7E 80 01 00 05 86 81 20 01 86 81 01 01 00 00 12 10 00 A7 7E"}
{"ts":"2026-04-02T23:14:39.683Z","level":"INFO","device":"868120018681","event":"SENT_RAW_MARKER","detail":"00_64_6401_00_868120018681002604022314390E0200.jpg packet=277 bytes data=215 bytes"}
{"ts":"2026-04-02T23:14:39.684Z","level":"INFO","device":"868120018681","event":"SENT_1212","detail":"00_64_6401_00_868120018681002604022314390E0200.jpg type=0"}
{"ts":"2026-04-02T23:14:39.739Z","level":"INFO","device":"868120018681","event":"MEDIA_RX","detail":"7E 92 12 00 36 86 81 20 01 86 81 5D 1F 32 30 30 5F 36 34 5F 36 34 30 31 5F 30 30 5F 38 36 38 31 32 30 30 31 38 36 38 31 30 30 32 36 30 34 30 32 32 33 31 34 33 39 30 45 30 32 30 30 2E 6A 70 67 00 00 00 CD 7E"}
{"ts":"2026-04-02T23:14:39.984Z","level":"INFO","device":"868120018681","event":"FILE_START","detail":"[2/2] 02_64_6401_03_868120018681002604022314390E0200.mp4 (65536 bytes)"}
{"ts":"2026-04-02T23:14:39.985Z","level":"INFO","device":"868120018681","event":"SENT_1210","detail":"02_64_6401_03_868120018681002604022314390E0200.mp4"}
{"ts":"2026-04-02T23:14:39.994Z","level":"INFO","device":"868120018681","event":"MEDIA_RX","detail":"7E 80 01 00 05 86 81 20 01 86 81 DF 9D 00 02 12 10 00 E7 7E"}
{"ts":"2026-04-02T23:14:40.086Z","level":"INFO","device":"868120018681","event":"SENT_RAW_MARKER","detail":"02_64_6401_03_868120018681002604022314390E0200.mp4 packet=65598 bytes data=65536 bytes"}
{"ts":"2026-04-02T23:14:40.087Z","level":"INFO","device":"868120018681","event":"SENT_1212","detail":"02_64_6401_03_868120018681002604022314390E0200.mp4 type=2"}
{"ts":"2026-04-02T23:14:40.119Z","level":"INFO","device":"868120018681","event":"MEDIA_RX","detail":"7E 92 12 00 36 86 81 20 01 86 81 0B 83 32 30 32 5F 36 34 5F 36 34 30 31 5F 30 33 5F 38 36 38 31 32 30 30 31 38 36 38 31 30 30 32 36 30 34 30 32 32 33 31 34 33 39 30 45 30 32 30 30 2E 6D 70 34 02 00 00 50 7E"}
{"ts":"2026-04-02T23:14:40.388Z","level":"INFO","device":"868120018681","event":"BATCH_COMPLETE","detail":"All 2 files sent"}
{"ts":"2026-04-02T23:14:40.401Z","level":"INFO","device":"868120018681","event":"MEDIA_CLOSED","detail":""}
{"ts":"2026-04-02T23:14:49.560Z","level":"INFO","device":"868120018681","event":"INCIDENT_SENT","detail":"mediaId=15 alarmId=868120018681002604022314490F0200"}
{"ts":"2026-04-02T23:14:49.572Z","level":"INFO","device":"868120018681","event":"RX_MSG","detail":"0x8001 bodyLen=5"}
{"ts":"2026-04-02T23:14:49.572Z","level":"INFO","device":"868120018681","event":"SERVER_ACK","detail":"0x0200 result=OK"}
{"ts":"2026-04-02T23:14:49.576Z","level":"INFO","device":"868120018681","event":"RX_MSG","detail":"0x9208 bodyLen=81"}
{"ts":"2026-04-02T23:14:49.576Z","level":"INFO","device":"868120018681","event":"9208_RAW","detail":"0C35342E33372E3232352E36350D320000868120018681002604022314490F0200383638313230303138363831303032363034303232333134343930663032303000000000000000000000000000000000"}
{"ts":"2026-04-02T23:14:49.576Z","level":"INFO","device":"868120018681","event":"UPLOAD_TRIGGERED","detail":"media: 54.37.225.65:3378 | alarmId: 868120018681002604022314490F0200"}
{"ts":"2026-04-02T23:14:49.576Z","level":"INFO","device":"868120018681","event":"MEDIA_CONNECTING","detail":"54.37.225.65:3378 files=2"}
{"ts":"2026-04-02T23:14:49.582Z","level":"INFO","device":"868120018681","event":"RX_MSG","detail":"0x8001 bodyLen=5"}
{"ts":"2026-04-02T23:14:49.583Z","level":"INFO","device":"868120018681","event":"SERVER_ACK","detail":"0x0800 result=OK"}
{"ts":"2026-04-02T23:14:49.583Z","level":"INFO","device":"868120018681","event":"MEDIA_CONNECTED","detail":"54.37.225.65:3378"}
{"ts":"2026-04-02T23:14:49.583Z","level":"INFO","device":"868120018681","event":"FILE_START","detail":"[1/2] 00_64_6401_00_868120018681002604022314490F0200.jpg (215 bytes)"}
{"ts":"2026-04-02T23:14:49.583Z","level":"INFO","device":"868120018681","event":"SENT_1210","detail":"00_64_6401_00_868120018681002604022314490F0200.jpg"}
{"ts":"2026-04-02T23:14:49.591Z","level":"INFO","device":"868120018681","event":"MEDIA_RX","detail":"7E 80 01 00 05 86 81 20 01 86 81 08 E6 00 00 12 10 00 49 7E"}
{"ts":"2026-04-02T23:14:49.686Z","level":"INFO","device":"868120018681","event":"SENT_RAW_MARKER","detail":"00_64_6401_00_868120018681002604022314490F0200.jpg packet=277 bytes data=215 bytes"}
{"ts":"2026-04-02T23:14:49.687Z","level":"INFO","device":"868120018681","event":"SENT_1212","detail":"00_64_6401_00_868120018681002604022314490F0200.jpg type=0"}
{"ts":"2026-04-02T23:14:49.742Z","level":"INFO","device":"868120018681","event":"MEDIA_RX","detail":"7E 92 12 00 36 86 81 20 01 86 81 E6 5E 32 30 30 5F 36 34 5F 36 34 30 31 5F 30 30 5F 38 36 38 31 32 30 30 31 38 36 38 31 30 30 32 36 30 34 30 32 32 33 31 34 34 39 30 46 30 32 30 30 2E 6A 70 67 00 00 00 33 7E"}
{"ts":"2026-04-02T23:14:49.988Z","level":"INFO","device":"868120018681","event":"FILE_START","detail":"[2/2] 02_64_6401_03_868120018681002604022314490F0200.mp4 (65536 bytes)"}
{"ts":"2026-04-02T23:14:49.989Z","level":"INFO","device":"868120018681","event":"SENT_1210","detail":"02_64_6401_03_868120018681002604022314490F0200.mp4"}
{"ts":"2026-04-02T23:14:49.998Z","level":"INFO","device":"868120018681","event":"MEDIA_RX","detail":"7E 80 01 00 05 86 81 20 01 86 81 BF CC 00 02 12 10 00 D6 7E"}
{"ts":"2026-04-02T23:14:50.089Z","level":"INFO","device":"868120018681","event":"SENT_RAW_MARKER","detail":"02_64_6401_03_868120018681002604022314490F0200.mp4 packet=65598 bytes data=65536 bytes"}
{"ts":"2026-04-02T23:14:50.090Z","level":"INFO","device":"868120018681","event":"SENT_1212","detail":"02_64_6401_03_868120018681002604022314490F0200.mp4 type=2"}
{"ts":"2026-04-02T23:14:50.114Z","level":"INFO","device":"868120018681","event":"MEDIA_RX","detail":"7E 92 12 00 36 86 81 20 01 86 81 23 A6 32 30 32 5F 36 34 5F 36 34 30 31 5F 30 33 5F 38 36 38 31 32 30 30 31 38 36 38 31 30 30 32 36 30 34 30 32 32 33 31 34 34 39 30 46 30 32 30 30 2E 6D 70 34 02 00 00 59 7E"}
{"ts":"2026-04-02T23:14:50.391Z","level":"INFO","device":"868120018681","event":"BATCH_COMPLETE","detail":"All 2 files sent"}
{"ts":"2026-04-02T23:14:50.402Z","level":"INFO","device":"868120018681","event":"MEDIA_CLOSED","detail":""}
{"ts":"2026-04-02T23:14:59.539Z","level":"INFO","device":"868120018681","event":"GPS_SENT","detail":""}
{"ts":"2026-04-02T23:14:59.549Z","level":"INFO","device":"868120018681","event":"RX_MSG","detail":"0x8001 bodyLen=5"}
{"ts":"2026-04-02T23:14:59.550Z","level":"INFO","device":"868120018681","event":"SERVER_ACK","detail":"0x0200 result=OK"}
{"ts":"2026-04-02T23:14:59.562Z","level":"INFO","device":"868120018681","event":"INCIDENT_SENT","detail":"mediaId=16 alarmId=86812001868100260402231459100200"}
{"ts":"2026-04-02T23:14:59.570Z","level":"INFO","device":"868120018681","event":"RX_MSG","detail":"0x8001 bodyLen=5"}
{"ts":"2026-04-02T23:14:59.570Z","level":"INFO","device":"868120018681","event":"SERVER_ACK","detail":"0x0200 result=OK"}
{"ts":"2026-04-02T23:14:59.578Z","level":"INFO","device":"868120018681","event":"RX_MSG","detail":"0x9208 bodyLen=81"}
{"ts":"2026-04-02T23:14:59.578Z","level":"INFO","device":"868120018681","event":"9208_RAW","detail":"0C35342E33372E3232352E36350D32000086812001868100260402231459100200383638313230303138363831303032363034303232333134353931303032303000000000000000000000000000000000"}
{"ts":"2026-04-02T23:14:59.578Z","level":"INFO","device":"868120018681","event":"UPLOAD_TRIGGERED","detail":"media: 54.37.225.65:3378 | alarmId: 86812001868100260402231459100200"}
{"ts":"2026-04-02T23:14:59.579Z","level":"INFO","device":"868120018681","event":"MEDIA_CONNECTING","detail":"54.37.225.65:3378 files=2"}
{"ts":"2026-04-02T23:14:59.597Z","level":"INFO","device":"868120018681","event":"RX_MSG","detail":"0x8001 bodyLen=5"}
{"ts":"2026-04-02T23:14:59.597Z","level":"INFO","device":"868120018681","event":"SERVER_ACK","detail":"0x0800 result=OK"}
{"ts":"2026-04-02T23:14:59.609Z","level":"INFO","device":"868120018681","event":"MEDIA_CONNECTED","detail":"54.37.225.65:3378"}
{"ts":"2026-04-02T23:14:59.614Z","level":"INFO","device":"868120018681","event":"FILE_START","detail":"[1/2] 00_64_6401_00_86812001868100260402231459100200.jpg (215 bytes)"}
{"ts":"2026-04-02T23:14:59.614Z","level":"INFO","device":"868120018681","event":"SENT_1210","detail":"00_64_6401_00_86812001868100260402231459100200.jpg"}
{"ts":"2026-04-02T23:14:59.623Z","level":"INFO","device":"868120018681","event":"MEDIA_RX","detail":"7E 80 01 00 05 86 81 20 01 86 81 2A 0D 00 00 12 10 00 80 7E"}
{"ts":"2026-04-02T23:14:59.717Z","level":"INFO","device":"868120018681","event":"SENT_RAW_MARKER","detail":"00_64_6401_00_86812001868100260402231459100200.jpg packet=277 bytes data=215 bytes"}
{"ts":"2026-04-02T23:14:59.717Z","level":"INFO","device":"868120018681","event":"SENT_1212","detail":"00_64_6401_00_86812001868100260402231459100200.jpg type=0"}
{"ts":"2026-04-02T23:14:59.773Z","level":"INFO","device":"868120018681","event":"MEDIA_RX","detail":"7E 92 12 00 36 86 81 20 01 86 81 0D 0F 32 30 30 5F 36 34 5F 36 34 30 31 5F 30 30 5F 38 36 38 31 32 30 30 31 38 36 38 31 30 30 32 36 30 34 30 32 32 33 31 34 35 39 31 30 30 32 30 30 2E 6A 70 67 00 00 00 FF 7E"}
{"ts":"2026-04-02T23:15:00.018Z","level":"INFO","device":"868120018681","event":"FILE_START","detail":"[2/2] 02_64_6401_03_86812001868100260402231459100200.mp4 (65536 bytes)"}
{"ts":"2026-04-02T23:15:00.019Z","level":"INFO","device":"868120018681","event":"SENT_1210","detail":"02_64_6401_03_86812001868100260402231459100200.mp4"}
{"ts":"2026-04-02T23:15:00.028Z","level":"INFO","device":"868120018681","event":"MEDIA_RX","detail":"7E 80 01 00 05 86 81 20 01 86 81 EA 3F 00 02 12 10 00 70 7E"}
{"ts":"2026-04-02T23:15:00.120Z","level":"INFO","device":"868120018681","event":"SENT_RAW_MARKER","detail":"02_64_6401_03_86812001868100260402231459100200.mp4 packet=65598 bytes data=65536 bytes"}
{"ts":"2026-04-02T23:15:00.121Z","level":"INFO","device":"868120018681","event":"SENT_1212","detail":"02_64_6401_03_86812001868100260402231459100200.mp4 type=2"}
{"ts":"2026-04-02T23:15:00.158Z","level":"INFO","device":"868120018681","event":"MEDIA_RX","detail":"7E 92 12 00 36 86 81 20 01 86 81 A2 9F 32 30 32 5F 36 34 5F 36 34 30 31 5F 30 33 5F 38 36 38 31 32 30 30 31 38 36 38 31 30 30 32 36 30 34 30 32 32 33 31 34 35 39 31 30 30 32 30 30 2E 6D 70 34 02 00 00 97 7E"}
{"ts":"2026-04-02T23:15:00.422Z","level":"INFO","device":"868120018681","event":"BATCH_COMPLETE","detail":"All 2 files sent"}
{"ts":"2026-04-02T23:15:00.441Z","level":"INFO","device":"868120018681","event":"MEDIA_CLOSED","detail":""}
{"ts":"2026-04-02T23:15:09.565Z","level":"INFO","device":"868120018681","event":"INCIDENT_SENT","detail":"mediaId=17 alarmId=86812001868100260402231509110200"}
{"ts":"2026-04-02T23:15:09.579Z","level":"INFO","device":"868120018681","event":"RX_MSG","detail":"0x8001 bodyLen=5"}
{"ts":"2026-04-02T23:15:09.579Z","level":"INFO","device":"868120018681","event":"SERVER_ACK","detail":"0x0200 result=OK"}
{"ts":"2026-04-02T23:15:09.580Z","level":"INFO","device":"868120018681","event":"RX_MSG","detail":"0x9208 bodyLen=81"}
{"ts":"2026-04-02T23:15:09.580Z","level":"INFO","device":"868120018681","event":"9208_RAW","detail":"0C35342E33372E3232352E36350D32000086812001868100260402231509110200383638313230303138363831303032363034303232333135303931313032303000000000000000000000000000000000"}
{"ts":"2026-04-02T23:15:09.580Z","level":"INFO","device":"868120018681","event":"UPLOAD_TRIGGERED","detail":"media: 54.37.225.65:3378 | alarmId: 86812001868100260402231509110200"}
{"ts":"2026-04-02T23:15:09.580Z","level":"INFO","device":"868120018681","event":"MEDIA_CONNECTING","detail":"54.37.225.65:3378 files=2"}
{"ts":"2026-04-02T23:15:09.593Z","level":"INFO","device":"868120018681","event":"RX_MSG","detail":"0x8001 bodyLen=5"}
{"ts":"2026-04-02T23:15:09.593Z","level":"INFO","device":"868120018681","event":"SERVER_ACK","detail":"0x0800 result=OK"}
{"ts":"2026-04-02T23:15:09.599Z","level":"INFO","device":"868120018681","event":"MEDIA_CONNECTED","detail":"54.37.225.65:3378"}
{"ts":"2026-04-02T23:15:09.599Z","level":"INFO","device":"868120018681","event":"FILE_START","detail":"[1/2] 00_64_6401_00_86812001868100260402231509110200.jpg (215 bytes)"}
{"ts":"2026-04-02T23:15:09.599Z","level":"INFO","device":"868120018681","event":"SENT_1210","detail":"00_64_6401_00_86812001868100260402231509110200.jpg"}
{"ts":"2026-04-02T23:15:09.608Z","level":"INFO","device":"868120018681","event":"MEDIA_RX","detail":"7E 80 01 00 05 86 81 20 01 86 81 39 9B 00 00 12 10 00 05 7E"}
{"ts":"2026-04-02T23:15:09.704Z","level":"INFO","device":"868120018681","event":"SENT_RAW_MARKER","detail":"00_64_6401_00_86812001868100260402231509110200.jpg packet=277 bytes data=215 bytes"}
{"ts":"2026-04-02T23:15:09.704Z","level":"INFO","device":"868120018681","event":"SENT_1212","detail":"00_64_6401_00_86812001868100260402231509110200.jpg type=0"}
{"ts":"2026-04-02T23:15:09.759Z","level":"INFO","device":"868120018681","event":"MEDIA_RX","detail":"7E 92 12 00 36 86 81 20 01 86 81 06 45 32 30 30 5F 36 34 5F 36 34 30 31 5F 30 30 5F 38 36 38 31 32 30 30 31 38 36 38 31 30 30 32 36 30 34 30 32 32 33 31 35 30 39 31 31 30 32 30 30 2E 6A 70 67 00 00 00 BB 7E"}
{"ts":"2026-04-02T23:15:10.004Z","level":"INFO","device":"868120018681","event":"FILE_START","detail":"[2/2] 02_64_6401_03_86812001868100260402231509110200.mp4 (65536 bytes)"}
{"ts":"2026-04-02T23:15:10.005Z","level":"INFO","device":"868120018681","event":"SENT_1210","detail":"02_64_6401_03_86812001868100260402231509110200.mp4"}
{"ts":"2026-04-02T23:15:10.013Z","level":"INFO","device":"868120018681","event":"MEDIA_RX","detail":"7E 80 01 00 05 86 81 20 01 86 81 79 CF 00 02 12 10 00 13 7E"}
{"ts":"2026-04-02T23:15:10.109Z","level":"INFO","device":"868120018681","event":"SENT_RAW_MARKER","detail":"02_64_6401_03_86812001868100260402231509110200.mp4 packet=65598 bytes data=65536 bytes"}
{"ts":"2026-04-02T23:15:10.109Z","level":"INFO","device":"868120018681","event":"SENT_1212","detail":"02_64_6401_03_86812001868100260402231509110200.mp4 type=2"}
{"ts":"2026-04-02T23:15:10.140Z","level":"INFO","device":"868120018681","event":"MEDIA_RX","detail":"7E 92 12 00 36 86 81 20 01 86 81 92 9D 32 30 32 5F 36 34 5F 36 34 30 31 5F 30 33 5F 38 36 38 31 32 30 30 31 38 36 38 31 30 30 32 36 30 34 30 32 32 33 31 35 30 39 31 31 30 32 30 30 2E 6D 70 34 02 00 00 A0 7E"}
{"ts":"2026-04-02T23:15:10.411Z","level":"INFO","device":"868120018681","event":"BATCH_COMPLETE","detail":"All 2 files sent"}
{"ts":"2026-04-02T23:15:10.655Z","level":"INFO","device":"868120018681","event":"MEDIA_CLOSED","detail":""}
{"ts":"2026-04-02T23:15:19.540Z","level":"INFO","device":"868120018681","event":"GPS_SENT","detail":""}
{"ts":"2026-04-02T23:15:19.550Z","level":"INFO","device":"868120018681","event":"RX_MSG","detail":"0x8001 bodyLen=5"}
{"ts":"2026-04-02T23:15:19.551Z","level":"INFO","device":"868120018681","event":"SERVER_ACK","detail":"0x0200 result=OK"}
{"ts":"2026-04-02T23:15:19.568Z","level":"INFO","device":"868120018681","event":"INCIDENT_SENT","detail":"mediaId=18 alarmId=86812001868100260402231519120200"}
{"ts":"2026-04-02T23:15:19.578Z","level":"INFO","device":"868120018681","event":"RX_MSG","detail":"0x8001 bodyLen=5"}
{"ts":"2026-04-02T23:15:19.578Z","level":"INFO","device":"868120018681","event":"SERVER_ACK","detail":"0x0200 result=OK"}
{"ts":"2026-04-02T23:15:19.581Z","level":"INFO","device":"868120018681","event":"RX_MSG","detail":"0x9208 bodyLen=81"}
{"ts":"2026-04-02T23:15:19.581Z","level":"INFO","device":"868120018681","event":"9208_RAW","detail":"0C35342E33372E3232352E36350D32000086812001868100260402231519120200383638313230303138363831303032363034303232333135313931323032303000000000000000000000000000000000"}
{"ts":"2026-04-02T23:15:19.581Z","level":"INFO","device":"868120018681","event":"UPLOAD_TRIGGERED","detail":"media: 54.37.225.65:3378 | alarmId: 86812001868100260402231519120200"}
{"ts":"2026-04-02T23:15:19.581Z","level":"INFO","device":"868120018681","event":"MEDIA_CONNECTING","detail":"54.37.225.65:3378 files=2"}
{"ts":"2026-04-02T23:15:19.586Z","level":"INFO","device":"868120018681","event":"RX_MSG","detail":"0x8001 bodyLen=5"}
{"ts":"2026-04-02T23:15:19.586Z","level":"INFO","device":"868120018681","event":"SERVER_ACK","detail":"0x0800 result=OK"}
{"ts":"2026-04-02T23:15:19.588Z","level":"INFO","device":"868120018681","event":"MEDIA_CONNECTED","detail":"54.37.225.65:3378"}
{"ts":"2026-04-02T23:15:19.589Z","level":"INFO","device":"868120018681","event":"FILE_START","detail":"[1/2] 00_64_6401_00_86812001868100260402231519120200.jpg (215 bytes)"}
{"ts":"2026-04-02T23:15:19.589Z","level":"INFO","device":"868120018681","event":"SENT_1210","detail":"00_64_6401_00_86812001868100260402231519120200.jpg"}
{"ts":"2026-04-02T23:15:19.598Z","level":"INFO","device":"868120018681","event":"MEDIA_RX","detail":"7E 80 01 00 05 86 81 20 01 86 81 D2 57 00 00 12 10 00 22 7E"}
{"ts":"2026-04-02T23:15:19.693Z","level":"INFO","device":"868120018681","event":"SENT_RAW_MARKER","detail":"00_64_6401_00_86812001868100260402231519120200.jpg packet=277 bytes data=215 bytes"}
{"ts":"2026-04-02T23:15:19.693Z","level":"INFO","device":"868120018681","event":"SENT_1212","detail":"00_64_6401_00_86812001868100260402231519120200.jpg type=0"}
{"ts":"2026-04-02T23:15:19.750Z","level":"INFO","device":"868120018681","event":"MEDIA_RX","detail":"7E 92 12 00 36 86 81 20 01 86 81 31 5A 32 30 30 5F 36 34 5F 36 34 30 31 5F 30 30 5F 38 36 38 31 32 30 30 31 38 36 38 31 30 30 32 36 30 34 30 32 32 33 31 35 31 39 31 32 30 32 30 30 2E 6A 70 67 00 00 00 91 7E"}
{"ts":"2026-04-02T23:15:19.997Z","level":"INFO","device":"868120018681","event":"FILE_START","detail":"[2/2] 02_64_6401_03_86812001868100260402231519120200.mp4 (65536 bytes)"}
{"ts":"2026-04-02T23:15:19.997Z","level":"INFO","device":"868120018681","event":"SENT_1210","detail":"02_64_6401_03_86812001868100260402231519120200.mp4"}
{"ts":"2026-04-02T23:15:20.020Z","level":"INFO","device":"868120018681","event":"MEDIA_RX","detail":"7E 80 01 00 05 86 81 20 01 86 81 06 63 00 02 12 10 00 C0 7E"}
{"ts":"2026-04-02T23:15:20.101Z","level":"INFO","device":"868120018681","event":"SENT_RAW_MARKER","detail":"02_64_6401_03_86812001868100260402231519120200.mp4 packet=65598 bytes data=65536 bytes"}
{"ts":"2026-04-02T23:15:20.101Z","level":"INFO","device":"868120018681","event":"SENT_1212","detail":"02_64_6401_03_86812001868100260402231519120200.mp4 type=2"}
{"ts":"2026-04-02T23:15:20.128Z","level":"INFO","device":"868120018681","event":"MEDIA_RX","detail":"7E 92 12 00 36 86 81 20 01 86 81 AB 22 32 30 32 5F 36 34 5F 36 34 30 31 5F 30 33 5F 38 36 38 31 32 30 30 31 38 36 38 31 30 30 32 36 30 34 30 32 32 33 31 35 31 39 31 32 30 32 30 30 2E 6D 70 34 02 00 00 24 7E"}
{"ts":"2026-04-02T23:15:20.404Z","level":"INFO","device":"868120018681","event":"BATCH_COMPLETE","detail":"All 2 files sent"}
{"ts":"2026-04-02T23:15:20.415Z","level":"INFO","device":"868120018681","event":"MEDIA_CLOSED","detail":""}
{"ts":"2026-04-02T23:15:29.569Z","level":"INFO","device":"868120018681","event":"INCIDENT_SENT","detail":"mediaId=19 alarmId=86812001868100260402231529130200"}
{"ts":"2026-04-02T23:15:29.579Z","level":"INFO","device":"868120018681","event":"RX_MSG","detail":"0x8001 bodyLen=5"}
{"ts":"2026-04-02T23:15:29.579Z","level":"INFO","device":"868120018681","event":"SERVER_ACK","detail":"0x0200 result=OK"}
{"ts":"2026-04-02T23:15:29.585Z","level":"INFO","device":"868120018681","event":"RX_MSG","detail":"0x9208 bodyLen=81"}
{"ts":"2026-04-02T23:15:29.586Z","level":"INFO","device":"868120018681","event":"9208_RAW","detail":"0C35342E33372E3232352E36350D32000086812001868100260402231529130200383638313230303138363831303032363034303232333135323931333032303000000000000000000000000000000000"}
{"ts":"2026-04-02T23:15:29.586Z","level":"INFO","device":"868120018681","event":"UPLOAD_TRIGGERED","detail":"media: 54.37.225.65:3378 | alarmId: 86812001868100260402231529130200"}
{"ts":"2026-04-02T23:15:29.586Z","level":"INFO","device":"868120018681","event":"MEDIA_CONNECTING","detail":"54.37.225.65:3378 files=2"}
{"ts":"2026-04-02T23:15:29.592Z","level":"INFO","device":"868120018681","event":"RX_MSG","detail":"0x8001 bodyLen=5"}
{"ts":"2026-04-02T23:15:29.592Z","level":"INFO","device":"868120018681","event":"SERVER_ACK","detail":"0x0800 result=OK"}
{"ts":"2026-04-02T23:15:29.594Z","level":"INFO","device":"868120018681","event":"MEDIA_CONNECTED","detail":"54.37.225.65:3378"}
{"ts":"2026-04-02T23:15:29.594Z","level":"INFO","device":"868120018681","event":"FILE_START","detail":"[1/2] 00_64_6401_00_86812001868100260402231529130200.jpg (215 bytes)"}
{"ts":"2026-04-02T23:15:29.594Z","level":"INFO","device":"868120018681","event":"SENT_1210","detail":"00_64_6401_00_86812001868100260402231529130200.jpg"}
{"ts":"2026-04-02T23:15:29.602Z","level":"INFO","device":"868120018681","event":"MEDIA_RX","detail":"7E 80 01 00 05 86 81 20 01 86 81 AA D8 00 00 12 10 00 D5 7E"}
{"ts":"2026-04-02T23:15:29.695Z","level":"INFO","device":"868120018681","event":"SENT_RAW_MARKER","detail":"00_64_6401_00_86812001868100260402231529130200.jpg packet=277 bytes data=215 bytes"}
{"ts":"2026-04-02T23:15:29.695Z","level":"INFO","device":"868120018681","event":"SENT_1212","detail":"00_64_6401_00_86812001868100260402231529130200.jpg type=0"}
{"ts":"2026-04-02T23:15:29.751Z","level":"INFO","device":"868120018681","event":"MEDIA_RX","detail":"7E 92 12 00 36 86 81 20 01 86 81 F5 70 32 30 30 5F 36 34 5F 36 34 30 31 5F 30 30 5F 38 36 38 31 32 30 30 31 38 36 38 31 30 30 32 36 30 34 30 32 32 33 31 35 32 39 31 33 30 32 30 30 2E 6A 70 67 00 00 00 7D 01 7E"}
{"ts":"2026-04-02T23:15:29.996Z","level":"INFO","device":"868120018681","event":"FILE_START","detail":"[2/2] 02_64_6401_03_86812001868100260402231529130200.mp4 (65536 bytes)"}
{"ts":"2026-04-02T23:15:29.996Z","level":"INFO","device":"868120018681","event":"SENT_1210","detail":"02_64_6401_03_86812001868100260402231529130200.mp4"}
{"ts":"2026-04-02T23:15:30.003Z","level":"INFO","device":"868120018681","event":"MEDIA_RX","detail":"7E 80 01 00 05 86 81 20 01 86 81 09 7D 01 00 02 12 10 00 D1 7E"}
{"ts":"2026-04-02T23:15:30.097Z","level":"INFO","device":"868120018681","event":"SENT_RAW_MARKER","detail":"02_64_6401_03_86812001868100260402231529130200.mp4 packet=65598 bytes data=65536 bytes"}
{"ts":"2026-04-02T23:15:30.098Z","level":"INFO","device":"868120018681","event":"SENT_1212","detail":"02_64_6401_03_86812001868100260402231529130200.mp4 type=2"}
{"ts":"2026-04-02T23:15:30.119Z","level":"INFO","device":"868120018681","event":"MEDIA_RX","detail":"7E 92 12 00 36 86 81 20 01 86 81 66 6E 32 30 32 5F 36 34 5F 36 34 30 31 5F 30 33 5F 38 36 38 31 32 30 30 31 38 36 38 31 30 30 32 36 30 34 30 32 32 33 31 35 32 39 31 33 30 32 30 30 2E 6D 70 34 02 00 00 A7 7E"}
{"ts":"2026-04-02T23:15:30.401Z","level":"INFO","device":"868120018681","event":"BATCH_COMPLETE","detail":"All 2 files sent"}
{"ts":"2026-04-02T23:15:30.656Z","level":"INFO","device":"868120018681","event":"MEDIA_CLOSED","detail":""}
{"ts":"2026-04-02T23:15:39.545Z","level":"INFO","device":"868120018681","event":"GPS_SENT","detail":""}
{"ts":"2026-04-02T23:15:39.554Z","level":"INFO","device":"868120018681","event":"RX_MSG","detail":"0x8001 bodyLen=5"}
{"ts":"2026-04-02T23:15:39.554Z","level":"INFO","device":"868120018681","event":"SERVER_ACK","detail":"0x0200 result=OK"}
{"ts":"2026-04-02T23:15:39.578Z","level":"INFO","device":"868120018681","event":"INCIDENT_SENT","detail":"mediaId=20 alarmId=86812001868100260402231539140200"}
{"ts":"2026-04-02T23:15:39.586Z","level":"INFO","device":"868120018681","event":"RX_MSG","detail":"0x8001 bodyLen=5"}
{"ts":"2026-04-02T23:15:39.586Z","level":"INFO","device":"868120018681","event":"SERVER_ACK","detail":"0x0200 result=OK"}
{"ts":"2026-04-02T23:15:39.594Z","level":"INFO","device":"868120018681","event":"RX_MSG","detail":"0x9208 bodyLen=81"}
{"ts":"2026-04-02T23:15:39.594Z","level":"INFO","device":"868120018681","event":"9208_RAW","detail":"0C35342E33372E3232352E36350D32000086812001868100260402231539140200383638313230303138363831303032363034303232333135333931343032303000000000000000000000000000000000"}
{"ts":"2026-04-02T23:15:39.594Z","level":"INFO","device":"868120018681","event":"UPLOAD_TRIGGERED","detail":"media: 54.37.225.65:3378 | alarmId: 86812001868100260402231539140200"}
{"ts":"2026-04-02T23:15:39.594Z","level":"INFO","device":"868120018681","event":"MEDIA_CONNECTING","detail":"54.37.225.65:3378 files=2"}
{"ts":"2026-04-02T23:15:39.597Z","level":"INFO","device":"868120018681","event":"RX_MSG","detail":"0x8001 bodyLen=5"}
{"ts":"2026-04-02T23:15:39.597Z","level":"INFO","device":"868120018681","event":"SERVER_ACK","detail":"0x0800 result=OK"}
{"ts":"2026-04-02T23:15:39.603Z","level":"INFO","device":"868120018681","event":"MEDIA_CONNECTED","detail":"54.37.225.65:3378"}
{"ts":"2026-04-02T23:15:39.604Z","level":"INFO","device":"868120018681","event":"FILE_START","detail":"[1/2] 00_64_6401_00_86812001868100260402231539140200.jpg (215 bytes)"}
{"ts":"2026-04-02T23:15:39.606Z","level":"INFO","device":"868120018681","event":"SENT_1210","detail":"00_64_6401_00_86812001868100260402231539140200.jpg"}
{"ts":"2026-04-02T23:15:39.613Z","level":"INFO","device":"868120018681","event":"MEDIA_RX","detail":"7E 80 01 00 05 86 81 20 01 86 81 43 9A 00 00 12 10 00 7D 02 7E"}
{"ts":"2026-04-02T23:15:39.711Z","level":"INFO","device":"868120018681","event":"SENT_RAW_MARKER","detail":"00_64_6401_00_86812001868100260402231539140200.jpg packet=277 bytes data=215 bytes"}
{"ts":"2026-04-02T23:15:39.711Z","level":"INFO","device":"868120018681","event":"SENT_1212","detail":"00_64_6401_00_86812001868100260402231539140200.jpg type=0"}
{"ts":"2026-04-02T23:15:39.765Z","level":"INFO","device":"868120018681","event":"MEDIA_RX","detail":"7E 92 12 00 36 86 81 20 01 86 81 C2 CA 32 30 30 5F 36 34 5F 36 34 30 31 5F 30 30 5F 38 36 38 31 32 30 30 31 38 36 38 31 30 30 32 36 30 34 30 32 32 33 31 35 33 39 31 34 30 32 30 30 2E 6A 70 67 00 00 00 F6 7E"}
{"ts":"2026-04-02T23:15:40.019Z","level":"INFO","device":"868120018681","event":"FILE_START","detail":"[2/2] 02_64_6401_03_86812001868100260402231539140200.mp4 (65536 bytes)"}
{"ts":"2026-04-02T23:15:40.019Z","level":"INFO","device":"868120018681","event":"SENT_1210","detail":"02_64_6401_03_86812001868100260402231539140200.mp4"}
{"ts":"2026-04-02T23:15:40.037Z","level":"INFO","device":"868120018681","event":"MEDIA_RX","detail":"7E 80 01 00 05 86 81 20 01 86 81 02 BC 00 02 12 10 00 1B 7E"}
{"ts":"2026-04-02T23:15:40.120Z","level":"INFO","device":"868120018681","event":"SENT_RAW_MARKER","detail":"02_64_6401_03_86812001868100260402231539140200.mp4 packet=65598 bytes data=65536 bytes"}
{"ts":"2026-04-02T23:15:40.121Z","level":"INFO","device":"868120018681","event":"SENT_1212","detail":"02_64_6401_03_86812001868100260402231539140200.mp4 type=2"}
{"ts":"2026-04-02T23:15:40.148Z","level":"INFO","device":"868120018681","event":"MEDIA_RX","detail":"7E 92 12 00 36 86 81 20 01 86 81 8C 79 32 30 32 5F 36 34 5F 36 34 30 31 5F 30 33 5F 38 36 38 31 32 30 30 31 38 36 38 31 30 30 32 36 30 34 30 32 32 33 31 35 33 39 31 34 30 32 30 30 2E 6D 70 34 02 00 00 5C 7E"}
{"ts":"2026-04-02T23:15:40.420Z","level":"INFO","device":"868120018681","event":"BATCH_COMPLETE","detail":"All 2 files sent"}
{"ts":"2026-04-02T23:15:40.432Z","level":"INFO","device":"868120018681","event":"MEDIA_CLOSED","detail":""}
{"ts":"2026-04-02T23:15:49.583Z","level":"INFO","device":"868120018681","event":"INCIDENT_SENT","detail":"mediaId=21 alarmId=86812001868100260402231549150200"}
{"ts":"2026-04-02T23:15:49.592Z","level":"INFO","device":"868120018681","event":"RX_MSG","detail":"0x8001 bodyLen=5"}
{"ts":"2026-04-02T23:15:49.595Z","level":"INFO","device":"868120018681","event":"SERVER_ACK","detail":"0x0200 result=OK"}
{"ts":"2026-04-02T23:15:49.598Z","level":"INFO","device":"868120018681","event":"RX_MSG","detail":"0x9208 bodyLen=81"}
{"ts":"2026-04-02T23:15:49.598Z","level":"INFO","device":"868120018681","event":"9208_RAW","detail":"0C35342E33372E3232352E36350D32000086812001868100260402231549150200383638313230303138363831303032363034303232333135343931353032303000000000000000000000000000000000"}
{"ts":"2026-04-02T23:15:49.598Z","level":"INFO","device":"868120018681","event":"UPLOAD_TRIGGERED","detail":"media: 54.37.225.65:3378 | alarmId: 86812001868100260402231549150200"}
{"ts":"2026-04-02T23:15:49.598Z","level":"INFO","device":"868120018681","event":"MEDIA_CONNECTING","detail":"54.37.225.65:3378 files=2"}
{"ts":"2026-04-02T23:15:49.607Z","level":"INFO","device":"868120018681","event":"RX_MSG","detail":"0x8001 bodyLen=5"}
{"ts":"2026-04-02T23:15:49.607Z","level":"INFO","device":"868120018681","event":"SERVER_ACK","detail":"0x0800 result=OK"}
{"ts":"2026-04-02T23:15:49.607Z","level":"INFO","device":"868120018681","event":"MEDIA_CONNECTED","detail":"54.37.225.65:3378"}
{"ts":"2026-04-02T23:15:49.607Z","level":"INFO","device":"868120018681","event":"FILE_START","detail":"[1/2] 00_64_6401_00_86812001868100260402231549150200.jpg (215 bytes)"}
{"ts":"2026-04-02T23:15:49.607Z","level":"INFO","device":"868120018681","event":"SENT_1210","detail":"00_64_6401_00_86812001868100260402231549150200.jpg"}
{"ts":"2026-04-02T23:15:49.615Z","level":"INFO","device":"868120018681","event":"MEDIA_RX","detail":"7E 80 01 00 05 86 81 20 01 86 81 49 31 00 00 12 10 00 DF 7E"}
{"ts":"2026-04-02T23:15:49.709Z","level":"INFO","device":"868120018681","event":"SENT_RAW_MARKER","detail":"00_64_6401_00_86812001868100260402231549150200.jpg packet=277 bytes data=215 bytes"}
{"ts":"2026-04-02T23:15:49.710Z","level":"INFO","device":"868120018681","event":"SENT_1212","detail":"00_64_6401_00_86812001868100260402231549150200.jpg type=0"}
{"ts":"2026-04-02T23:15:49.763Z","level":"INFO","device":"868120018681","event":"MEDIA_RX","detail":"7E 92 12 00 36 86 81 20 01 86 81 5E 5E 32 30 30 5F 36 34 5F 36 34 30 31 5F 30 30 5F 38 36 38 31 32 30 30 31 38 36 38 31 30 30 32 36 30 34 30 32 32 33 31 35 34 39 31 35 30 32 30 30 2E 6A 70 67 00 00 00 F8 7E"}
{"ts":"2026-04-02T23:15:50.018Z","level":"INFO","device":"868120018681","event":"FILE_START","detail":"[2/2] 02_64_6401_03_86812001868100260402231549150200.mp4 (65536 bytes)"}
{"ts":"2026-04-02T23:15:50.018Z","level":"INFO","device":"868120018681","event":"SENT_1210","detail":"02_64_6401_03_86812001868100260402231549150200.mp4"}
{"ts":"2026-04-02T23:15:50.041Z","level":"INFO","device":"868120018681","event":"MEDIA_RX","detail":"7E 80 01 00 05 86 81 20 01 86 81 76 D4 00 02 12 10 00 07 7E"}
{"ts":"2026-04-02T23:15:50.122Z","level":"INFO","device":"868120018681","event":"SENT_RAW_MARKER","detail":"02_64_6401_03_86812001868100260402231549150200.mp4 packet=65598 bytes data=65536 bytes"}
{"ts":"2026-04-02T23:15:50.122Z","level":"INFO","device":"868120018681","event":"SENT_1212","detail":"02_64_6401_03_86812001868100260402231549150200.mp4 type=2"}
{"ts":"2026-04-02T23:15:50.145Z","level":"INFO","device":"868120018681","event":"MEDIA_RX","detail":"7E 92 12 00 36 86 81 20 01 86 81 EF AD 32 30 32 5F 36 34 5F 36 34 30 31 5F 30 33 5F 38 36 38 31 32 30 30 31 38 36 38 31 30 30 32 36 30 34 30 32 32 33 31 35 34 39 31 35 30 32 30 30 2E 6D 70 34 02 00 00 ED 7E"}
{"ts":"2026-04-02T23:15:50.424Z","level":"INFO","device":"868120018681","event":"BATCH_COMPLETE","detail":"All 2 files sent"}
{"ts":"2026-04-02T23:15:50.433Z","level":"INFO","device":"868120018681","event":"MEDIA_CLOSED","detail":""}
{"ts":"2026-04-02T23:15:59.550Z","level":"INFO","device":"868120018681","event":"GPS_SENT","detail":""}
{"ts":"2026-04-02T23:15:59.559Z","level":"INFO","device":"868120018681","event":"RX_MSG","detail":"0x8001 bodyLen=5"}
{"ts":"2026-04-02T23:15:59.560Z","level":"INFO","device":"868120018681","event":"SERVER_ACK","detail":"0x0200 result=OK"}
{"ts":"2026-04-02T23:15:59.587Z","level":"INFO","device":"868120018681","event":"INCIDENT_SENT","detail":"mediaId=22 alarmId=86812001868100260402231559160200"}
{"ts":"2026-04-02T23:15:59.594Z","level":"INFO","device":"868120018681","event":"RX_MSG","detail":"0x8001 bodyLen=5"}
{"ts":"2026-04-02T23:15:59.594Z","level":"INFO","device":"868120018681","event":"SERVER_ACK","detail":"0x0200 result=OK"}
{"ts":"2026-04-02T23:15:59.601Z","level":"INFO","device":"868120018681","event":"RX_MSG","detail":"0x9208 bodyLen=81"}
{"ts":"2026-04-02T23:15:59.601Z","level":"INFO","device":"868120018681","event":"9208_RAW","detail":"0C35342E33372E3232352E36350D32000086812001868100260402231559160200383638313230303138363831303032363034303232333135353931363032303000000000000000000000000000000000"}
{"ts":"2026-04-02T23:15:59.601Z","level":"INFO","device":"868120018681","event":"UPLOAD_TRIGGERED","detail":"media: 54.37.225.65:3378 | alarmId: 86812001868100260402231559160200"}
{"ts":"2026-04-02T23:15:59.601Z","level":"INFO","device":"868120018681","event":"MEDIA_CONNECTING","detail":"54.37.225.65:3378 files=2"}
{"ts":"2026-04-02T23:15:59.606Z","level":"INFO","device":"868120018681","event":"RX_MSG","detail":"0x8001 bodyLen=5"}
{"ts":"2026-04-02T23:15:59.606Z","level":"INFO","device":"868120018681","event":"SERVER_ACK","detail":"0x0800 result=OK"}
{"ts":"2026-04-02T23:15:59.609Z","level":"INFO","device":"868120018681","event":"MEDIA_CONNECTED","detail":"54.37.225.65:3378"}
{"ts":"2026-04-02T23:15:59.609Z","level":"INFO","device":"868120018681","event":"FILE_START","detail":"[1/2] 00_64_6401_00_86812001868100260402231559160200.jpg (215 bytes)"}
{"ts":"2026-04-02T23:15:59.609Z","level":"INFO","device":"868120018681","event":"SENT_1210","detail":"00_64_6401_00_86812001868100260402231559160200.jpg"}
{"ts":"2026-04-02T23:15:59.621Z","level":"INFO","device":"868120018681","event":"MEDIA_RX","detail":"7E 80 01 00 05 86 81 20 01 86 81 9B 77 00 00 12 10 00 4B 7E"}
{"ts":"2026-04-02T23:15:59.713Z","level":"INFO","device":"868120018681","event":"SENT_RAW_MARKER","detail":"00_64_6401_00_86812001868100260402231559160200.jpg packet=277 bytes data=215 bytes"}
{"ts":"2026-04-02T23:15:59.713Z","level":"INFO","device":"868120018681","event":"SENT_1212","detail":"00_64_6401_00_86812001868100260402231559160200.jpg type=0"}
{"ts":"2026-04-02T23:15:59.769Z","level":"INFO","device":"868120018681","event":"MEDIA_RX","detail":"7E 92 12 00 36 86 81 20 01 86 81 0C C9 32 30 30 5F 36 34 5F 36 34 30 31 5F 30 30 5F 38 36 38 31 32 30 30 31 38 36 38 31 30 30 32 36 30 34 30 32 32 33 31 35 35 39 31 36 30 32 30 30 2E 6A 70 67 00 00 00 3F 7E"}
{"ts":"2026-04-02T23:16:00.016Z","level":"INFO","device":"868120018681","event":"FILE_START","detail":"[2/2] 02_64_6401_03_86812001868100260402231559160200.mp4 (65536 bytes)"}
{"ts":"2026-04-02T23:16:00.017Z","level":"INFO","device":"868120018681","event":"SENT_1210","detail":"02_64_6401_03_86812001868100260402231559160200.mp4"}
{"ts":"2026-04-02T23:16:00.024Z","level":"INFO","device":"868120018681","event":"MEDIA_RX","detail":"7E 80 01 00 05 86 81 20 01 86 81 BF 16 00 02 12 10 00 0C 7E"}
{"ts":"2026-04-02T23:16:00.119Z","level":"INFO","device":"868120018681","event":"SENT_RAW_MARKER","detail":"02_64_6401_03_86812001868100260402231559160200.mp4 packet=65598 bytes data=65536 bytes"}
{"ts":"2026-04-02T23:16:00.119Z","level":"INFO","device":"868120018681","event":"SENT_1212","detail":"02_64_6401_03_86812001868100260402231559160200.mp4 type=2"}
{"ts":"2026-04-02T23:16:00.162Z","level":"INFO","device":"868120018681","event":"MEDIA_RX","detail":"7E 92 12 00 36 86 81 20 01 86 81 C6 73 32 30 32 5F 36 34 5F 36 34 30 31 5F 30 33 5F 38 36 38 31 32 30 30 31 38 36 38 31 30 30 32 36 30 34 30 32 32 33 31 35 35 39 31 36 30 32 30 30 2E 6D 70 34 02 00 00 18 7E"}
{"ts":"2026-04-02T23:16:00.419Z","level":"INFO","device":"868120018681","event":"BATCH_COMPLETE","detail":"All 2 files sent"}
{"ts":"2026-04-02T23:16:00.431Z","level":"INFO","device":"868120018681","event":"MEDIA_CLOSED","detail":""}
{"ts":"2026-04-02T23:16:09.591Z","level":"INFO","device":"868120018681","event":"INCIDENT_SENT","detail":"mediaId=23 alarmId=86812001868100260402231609170200"}
{"ts":"2026-04-02T23:16:09.601Z","level":"INFO","device":"868120018681","event":"RX_MSG","detail":"0x8001 bodyLen=5"}
{"ts":"2026-04-02T23:16:09.601Z","level":"INFO","device":"868120018681","event":"SERVER_ACK","detail":"0x0200 result=OK"}
{"ts":"2026-04-02T23:16:09.607Z","level":"INFO","device":"868120018681","event":"RX_MSG","detail":"0x9208 bodyLen=81"}
{"ts":"2026-04-02T23:16:09.607Z","level":"INFO","device":"868120018681","event":"9208_RAW","detail":"0C35342E33372E3232352E36350D32000086812001868100260402231609170200383638313230303138363831303032363034303232333136303931373032303000000000000000000000000000000000"}
{"ts":"2026-04-02T23:16:09.607Z","level":"INFO","device":"868120018681","event":"UPLOAD_TRIGGERED","detail":"media: 54.37.225.65:3378 | alarmId: 86812001868100260402231609170200"}
{"ts":"2026-04-02T23:16:09.607Z","level":"INFO","device":"868120018681","event":"MEDIA_CONNECTING","detail":"54.37.225.65:3378 files=2"}
{"ts":"2026-04-02T23:16:09.611Z","level":"INFO","device":"868120018681","event":"RX_MSG","detail":"0x8001 bodyLen=5"}
{"ts":"2026-04-02T23:16:09.611Z","level":"INFO","device":"868120018681","event":"SERVER_ACK","detail":"0x0800 result=OK"}
{"ts":"2026-04-02T23:16:09.614Z","level":"INFO","device":"868120018681","event":"MEDIA_CONNECTED","detail":"54.37.225.65:3378"}
{"ts":"2026-04-02T23:16:09.614Z","level":"INFO","device":"868120018681","event":"FILE_START","detail":"[1/2] 00_64_6401_00_86812001868100260402231609170200.jpg (215 bytes)"}
{"ts":"2026-04-02T23:16:09.614Z","level":"INFO","device":"868120018681","event":"SENT_1210","detail":"00_64_6401_00_86812001868100260402231609170200.jpg"}
{"ts":"2026-04-02T23:16:09.622Z","level":"INFO","device":"868120018681","event":"MEDIA_RX","detail":"7E 80 01 00 05 86 81 20 01 86 81 67 0A 00 00 12 10 00 CA 7E"}
{"ts":"2026-04-02T23:16:09.715Z","level":"INFO","device":"868120018681","event":"SENT_RAW_MARKER","detail":"00_64_6401_00_86812001868100260402231609170200.jpg packet=277 bytes data=215 bytes"}
{"ts":"2026-04-02T23:16:09.716Z","level":"INFO","device":"868120018681","event":"SENT_1212","detail":"00_64_6401_00_86812001868100260402231609170200.jpg type=0"}
{"ts":"2026-04-02T23:16:09.771Z","level":"INFO","device":"868120018681","event":"MEDIA_RX","detail":"7E 92 12 00 36 86 81 20 01 86 81 89 DA 32 30 30 5F 36 34 5F 36 34 30 31 5F 30 30 5F 38 36 38 31 32 30 30 31 38 36 38 31 30 30 32 36 30 34 30 32 32 33 31 36 30 39 31 37 30 32 30 30 2E 6A 70 67 00 00 00 AE 7E"}
{"ts":"2026-04-02T23:16:10.023Z","level":"INFO","device":"868120018681","event":"FILE_START","detail":"[2/2] 02_64_6401_03_86812001868100260402231609170200.mp4 (65536 bytes)"}
{"ts":"2026-04-02T23:16:10.023Z","level":"INFO","device":"868120018681","event":"SENT_1210","detail":"02_64_6401_03_86812001868100260402231609170200.mp4"}
{"ts":"2026-04-02T23:16:10.032Z","level":"INFO","device":"868120018681","event":"MEDIA_RX","detail":"7E 80 01 00 05 86 81 20 01 86 81 07 A6 00 02 12 10 00 04 7E"}
{"ts":"2026-04-02T23:16:10.125Z","level":"INFO","device":"868120018681","event":"SENT_RAW_MARKER","detail":"02_64_6401_03_86812001868100260402231609170200.mp4 packet=65598 bytes data=65536 bytes"}
{"ts":"2026-04-02T23:16:10.125Z","level":"INFO","device":"868120018681","event":"SENT_1212","detail":"02_64_6401_03_86812001868100260402231609170200.mp4 type=2"}
{"ts":"2026-04-02T23:16:10.152Z","level":"INFO","device":"868120018681","event":"MEDIA_RX","detail":"7E 92 12 00 36 86 81 20 01 86 81 2B 4E 32 30 32 5F 36 34 5F 36 34 30 31 5F 30 33 5F 38 36 38 31 32 30 30 31 38 36 38 31 30 30 32 36 30 34 30 32 32 33 31 36 30 39 31 37 30 32 30 30 2E 6D 70 34 02 00 00 CF 7E"}
{"ts":"2026-04-02T23:16:10.427Z","level":"INFO","device":"868120018681","event":"BATCH_COMPLETE","detail":"All 2 files sent"}
{"ts":"2026-04-02T23:16:10.438Z","level":"INFO","device":"868120018681","event":"MEDIA_CLOSED","detail":""}
{"ts":"2026-04-02T23:16:19.555Z","level":"INFO","device":"868120018681","event":"GPS_SENT","detail":""}
{"ts":"2026-04-02T23:16:19.565Z","level":"INFO","device":"868120018681","event":"RX_MSG","detail":"0x8001 bodyLen=5"}
{"ts":"2026-04-02T23:16:19.565Z","level":"INFO","device":"868120018681","event":"SERVER_ACK","detail":"0x0200 result=OK"}
{"ts":"2026-04-02T23:16:19.596Z","level":"INFO","device":"868120018681","event":"INCIDENT_SENT","detail":"mediaId=24 alarmId=86812001868100260402231619180200"}
{"ts":"2026-04-02T23:16:19.604Z","level":"INFO","device":"868120018681","event":"RX_MSG","detail":"0x8001 bodyLen=5"}
{"ts":"2026-04-02T23:16:19.604Z","level":"INFO","device":"868120018681","event":"SERVER_ACK","detail":"0x0200 result=OK"}
{"ts":"2026-04-02T23:16:19.611Z","level":"INFO","device":"868120018681","event":"RX_MSG","detail":"0x9208 bodyLen=81"}
{"ts":"2026-04-02T23:16:19.611Z","level":"INFO","device":"868120018681","event":"9208_RAW","detail":"0C35342E33372E3232352E36350D32000086812001868100260402231619180200383638313230303138363831303032363034303232333136313931383032303000000000000000000000000000000000"}
{"ts":"2026-04-02T23:16:19.611Z","level":"INFO","device":"868120018681","event":"UPLOAD_TRIGGERED","detail":"media: 54.37.225.65:3378 | alarmId: 86812001868100260402231619180200"}
{"ts":"2026-04-02T23:16:19.611Z","level":"INFO","device":"868120018681","event":"MEDIA_CONNECTING","detail":"54.37.225.65:3378 files=2"}
{"ts":"2026-04-02T23:16:19.622Z","level":"INFO","device":"868120018681","event":"RX_MSG","detail":"0x8001 bodyLen=5"}
{"ts":"2026-04-02T23:16:19.622Z","level":"INFO","device":"868120018681","event":"SERVER_ACK","detail":"0x0800 result=OK"}
{"ts":"2026-04-02T23:16:19.622Z","level":"INFO","device":"868120018681","event":"MEDIA_CONNECTED","detail":"54.37.225.65:3378"}
{"ts":"2026-04-02T23:16:19.622Z","level":"INFO","device":"868120018681","event":"FILE_START","detail":"[1/2] 00_64_6401_00_86812001868100260402231619180200.jpg (215 bytes)"}
{"ts":"2026-04-02T23:16:19.622Z","level":"INFO","device":"868120018681","event":"SENT_1210","detail":"00_64_6401_00_86812001868100260402231619180200.jpg"}
{"ts":"2026-04-02T23:16:19.631Z","level":"INFO","device":"868120018681","event":"MEDIA_RX","detail":"7E 80 01 00 05 86 81 20 01 86 81 4B AA 00 00 12 10 00 46 7E"}
{"ts":"2026-04-02T23:16:19.725Z","level":"INFO","device":"868120018681","event":"SENT_RAW_MARKER","detail":"00_64_6401_00_86812001868100260402231619180200.jpg packet=277 bytes data=215 bytes"}
{"ts":"2026-04-02T23:16:19.726Z","level":"INFO","device":"868120018681","event":"SENT_1212","detail":"00_64_6401_00_86812001868100260402231619180200.jpg type=0"}
{"ts":"2026-04-02T23:16:19.781Z","level":"INFO","device":"868120018681","event":"MEDIA_RX","detail":"7E 92 12 00 36 86 81 20 01 86 81 EC 9E 32 30 30 5F 36 34 5F 36 34 30 31 5F 30 30 5F 38 36 38 31 32 30 30 31 38 36 38 31 30 30 32 36 30 34 30 32 32 33 31 36 31 39 31 38 30 32 30 30 2E 6A 70 67 00 00 00 81 7E"}
{"ts":"2026-04-02T23:16:20.029Z","level":"INFO","device":"868120018681","event":"FILE_START","detail":"[2/2] 02_64_6401_03_86812001868100260402231619180200.mp4 (65536 bytes)"}
{"ts":"2026-04-02T23:16:20.030Z","level":"INFO","device":"868120018681","event":"SENT_1210","detail":"02_64_6401_03_86812001868100260402231619180200.mp4"}
{"ts":"2026-04-02T23:16:20.040Z","level":"INFO","device":"868120018681","event":"MEDIA_RX","detail":"7E 80 01 00 05 86 81 20 01 86 81 90 91 00 02 12 10 00 A4 7E"}
{"ts":"2026-04-02T23:16:20.131Z","level":"INFO","device":"868120018681","event":"SENT_RAW_MARKER","detail":"02_64_6401_03_86812001868100260402231619180200.mp4 packet=65598 bytes data=65536 bytes"}
{"ts":"2026-04-02T23:16:20.131Z","level":"INFO","device":"868120018681","event":"SENT_1212","detail":"02_64_6401_03_86812001868100260402231619180200.mp4 type=2"}
{"ts":"2026-04-02T23:16:20.176Z","level":"INFO","device":"868120018681","event":"MEDIA_RX","detail":"7E 92 12 00 36 86 81 20 01 86 81 D5 85 32 30 32 5F 36 34 5F 36 34 30 31 5F 30 33 5F 38 36 38 31 32 30 30 31 38 36 38 31 30 30 32 36 30 34 30 32 32 33 31 36 31 39 31 38 30 32 30 30 2E 6D 70 34 02 00 00 F4 7E"}
{"ts":"2026-04-02T23:16:20.432Z","level":"INFO","device":"868120018681","event":"BATCH_COMPLETE","detail":"All 2 files sent"}
{"ts":"2026-04-02T23:16:20.442Z","level":"INFO","device":"868120018681","event":"MEDIA_CLOSED","detail":""}
{"ts":"2026-04-02T23:16:29.599Z","level":"INFO","device":"868120018681","event":"INCIDENT_SENT","detail":"mediaId=25 alarmId=86812001868100260402231629190200"}
{"ts":"2026-04-02T23:16:29.613Z","level":"INFO","device":"868120018681","event":"RX_MSG","detail":"0x8001 bodyLen=5"}
{"ts":"2026-04-02T23:16:29.613Z","level":"INFO","device":"868120018681","event":"SERVER_ACK","detail":"0x0200 result=OK"}
{"ts":"2026-04-02T23:16:29.620Z","level":"INFO","device":"868120018681","event":"RX_MSG","detail":"0x9208 bodyLen=81"}
{"ts":"2026-04-02T23:16:29.620Z","level":"INFO","device":"868120018681","event":"9208_RAW","detail":"0C35342E33372E3232352E36350D32000086812001868100260402231629190200383638313230303138363831303032363034303232333136323931393032303000000000000000000000000000000000"}
{"ts":"2026-04-02T23:16:29.620Z","level":"INFO","device":"868120018681","event":"UPLOAD_TRIGGERED","detail":"media: 54.37.225.65:3378 | alarmId: 86812001868100260402231629190200"}
{"ts":"2026-04-02T23:16:29.620Z","level":"INFO","device":"868120018681","event":"MEDIA_CONNECTING","detail":"54.37.225.65:3378 files=2"}
{"ts":"2026-04-02T23:16:29.626Z","level":"INFO","device":"868120018681","event":"RX_MSG","detail":"0x8001 bodyLen=5"}
{"ts":"2026-04-02T23:16:29.627Z","level":"INFO","device":"868120018681","event":"SERVER_ACK","detail":"0x0800 result=OK"}
{"ts":"2026-04-02T23:16:29.628Z","level":"INFO","device":"868120018681","event":"MEDIA_CONNECTED","detail":"54.37.225.65:3378"}
{"ts":"2026-04-02T23:16:29.628Z","level":"INFO","device":"868120018681","event":"FILE_START","detail":"[1/2] 00_64_6401_00_86812001868100260402231629190200.jpg (215 bytes)"}
{"ts":"2026-04-02T23:16:29.629Z","level":"INFO","device":"868120018681","event":"SENT_1210","detail":"00_64_6401_00_86812001868100260402231629190200.jpg"}
{"ts":"2026-04-02T23:16:29.636Z","level":"INFO","device":"868120018681","event":"MEDIA_RX","detail":"7E 80 01 00 05 86 81 20 01 86 81 FA 5F 00 00 12 10 00 02 7E"}
{"ts":"2026-04-02T23:16:29.733Z","level":"INFO","device":"868120018681","event":"SENT_RAW_MARKER","detail":"00_64_6401_00_86812001868100260402231629190200.jpg packet=277 bytes data=215 bytes"}
{"ts":"2026-04-02T23:16:29.734Z","level":"INFO","device":"868120018681","event":"SENT_1212","detail":"00_64_6401_00_86812001868100260402231629190200.jpg type=0"}
{"ts":"2026-04-02T23:16:29.790Z","level":"INFO","device":"868120018681","event":"MEDIA_RX","detail":"7E 92 12 00 36 86 81 20 01 86 81 63 9C 32 30 30 5F 36 34 5F 36 34 30 31 5F 30 30 5F 38 36 38 31 32 30 30 31 38 36 38 31 30 30 32 36 30 34 30 32 32 33 31 36 32 39 31 39 30 32 30 30 2E 6A 70 67 00 00 00 0E 7E"}
{"ts":"2026-04-02T23:16:30.037Z","level":"INFO","device":"868120018681","event":"FILE_START","detail":"[2/2] 02_64_6401_03_86812001868100260402231629190200.mp4 (65536 bytes)"}
{"ts":"2026-04-02T23:16:30.039Z","level":"INFO","device":"868120018681","event":"SENT_1210","detail":"02_64_6401_03_86812001868100260402231629190200.mp4"}
{"ts":"2026-04-02T23:16:30.048Z","level":"INFO","device":"868120018681","event":"MEDIA_RX","detail":"7E 80 01 00 05 86 81 20 01 86 81 74 40 00 02 12 10 00 91 7E"}
{"ts":"2026-04-02T23:16:30.142Z","level":"INFO","device":"868120018681","event":"SENT_RAW_MARKER","detail":"02_64_6401_03_86812001868100260402231629190200.mp4 packet=65598 bytes data=65536 bytes"}
{"ts":"2026-04-02T23:16:30.143Z","level":"INFO","device":"868120018681","event":"SENT_1212","detail":"02_64_6401_03_86812001868100260402231629190200.mp4 type=2"}
{"ts":"2026-04-02T23:16:30.171Z","level":"INFO","device":"868120018681","event":"MEDIA_RX","detail":"7E 92 12 00 36 86 81 20 01 86 81 00 83 32 30 32 5F 36 34 5F 36 34 30 31 5F 30 33 5F 38 36 38 31 32 30 30 31 38 36 38 31 30 30 32 36 30 34 30 32 32 33 31 36 32 39 31 39 30 32 30 30 2E 6D 70 34 02 00 00 25 7E"}
{"ts":"2026-04-02T23:16:30.445Z","level":"INFO","device":"868120018681","event":"BATCH_COMPLETE","detail":"All 2 files sent"}
{"ts":"2026-04-02T23:16:30.456Z","level":"INFO","device":"868120018681","event":"MEDIA_CLOSED","detail":""}
{"ts":"2026-04-02T23:16:39.558Z","level":"INFO","device":"868120018681","event":"GPS_SENT","detail":""}
{"ts":"2026-04-02T23:16:39.568Z","level":"INFO","device":"868120018681","event":"RX_MSG","detail":"0x8001 bodyLen=5"}
{"ts":"2026-04-02T23:16:39.568Z","level":"INFO","device":"868120018681","event":"SERVER_ACK","detail":"0x0200 result=OK"}
{"ts":"2026-04-02T23:16:39.602Z","level":"INFO","device":"868120018681","event":"INCIDENT_SENT","detail":"mediaId=26 alarmId=868120018681002604022316391A0200"}
{"ts":"2026-04-02T23:16:39.610Z","level":"INFO","device":"868120018681","event":"RX_MSG","detail":"0x8001 bodyLen=5"}
{"ts":"2026-04-02T23:16:39.610Z","level":"INFO","device":"868120018681","event":"SERVER_ACK","detail":"0x0200 result=OK"}
{"ts":"2026-04-02T23:16:39.617Z","level":"INFO","device":"868120018681","event":"RX_MSG","detail":"0x9208 bodyLen=81"}
{"ts":"2026-04-02T23:16:39.617Z","level":"INFO","device":"868120018681","event":"9208_RAW","detail":"0C35342E33372E3232352E36350D320000868120018681002604022316391A0200383638313230303138363831303032363034303232333136333931613032303000000000000000000000000000000000"}
{"ts":"2026-04-02T23:16:39.617Z","level":"INFO","device":"868120018681","event":"UPLOAD_TRIGGERED","detail":"media: 54.37.225.65:3378 | alarmId: 868120018681002604022316391A0200"}
{"ts":"2026-04-02T23:16:39.618Z","level":"INFO","device":"868120018681","event":"MEDIA_CONNECTING","detail":"54.37.225.65:3378 files=2"}
{"ts":"2026-04-02T23:16:39.622Z","level":"INFO","device":"868120018681","event":"RX_MSG","detail":"0x8001 bodyLen=5"}
{"ts":"2026-04-02T23:16:39.622Z","level":"INFO","device":"868120018681","event":"SERVER_ACK","detail":"0x0800 result=OK"}
{"ts":"2026-04-02T23:16:39.625Z","level":"INFO","device":"868120018681","event":"MEDIA_CONNECTED","detail":"54.37.225.65:3378"}
{"ts":"2026-04-02T23:16:39.625Z","level":"INFO","device":"868120018681","event":"FILE_START","detail":"[1/2] 00_64_6401_00_868120018681002604022316391A0200.jpg (215 bytes)"}
{"ts":"2026-04-02T23:16:39.625Z","level":"INFO","device":"868120018681","event":"SENT_1210","detail":"00_64_6401_00_868120018681002604022316391A0200.jpg"}
{"ts":"2026-04-02T23:16:39.633Z","level":"INFO","device":"868120018681","event":"MEDIA_RX","detail":"7E 80 01 00 05 86 81 20 01 86 81 83 D8 00 00 12 10 00 FC 7E"}
{"ts":"2026-04-02T23:16:39.728Z","level":"INFO","device":"868120018681","event":"SENT_RAW_MARKER","detail":"00_64_6401_00_868120018681002604022316391A0200.jpg packet=277 bytes data=215 bytes"}
{"ts":"2026-04-02T23:16:39.728Z","level":"INFO","device":"868120018681","event":"SENT_1212","detail":"00_64_6401_00_868120018681002604022316391A0200.jpg type=0"}
{"ts":"2026-04-02T23:16:39.792Z","level":"INFO","device":"868120018681","event":"MEDIA_RX","detail":"7E 92 12 00 36 86 81 20 01 86 81 B7 8D 32 30 30 5F 36 34 5F 36 34 30 31 5F 30 30 5F 38 36 38 31 32 30 30 31 38 36 38 31 30 30 32 36 30 34 30 32 32 33 31 36 33 39 31 41 30 32 30 30 2E 6A 70 67 00 00 00 B2 7E"}
{"ts":"2026-04-02T23:16:40.031Z","level":"INFO","device":"868120018681","event":"FILE_START","detail":"[2/2] 02_64_6401_03_868120018681002604022316391A0200.mp4 (65536 bytes)"}
{"ts":"2026-04-02T23:16:40.032Z","level":"INFO","device":"868120018681","event":"SENT_1210","detail":"02_64_6401_03_868120018681002604022316391A0200.mp4"}
{"ts":"2026-04-02T23:16:40.040Z","level":"INFO","device":"868120018681","event":"MEDIA_RX","detail":"7E 80 01 00 05 86 81 20 01 86 81 E5 04 00 02 12 10 00 44 7E"}
{"ts":"2026-04-02T23:16:40.133Z","level":"INFO","device":"868120018681","event":"SENT_RAW_MARKER","detail":"02_64_6401_03_868120018681002604022316391A0200.mp4 packet=65598 bytes data=65536 bytes"}
{"ts":"2026-04-02T23:16:40.134Z","level":"INFO","device":"868120018681","event":"SENT_1212","detail":"02_64_6401_03_868120018681002604022316391A0200.mp4 type=2"}
{"ts":"2026-04-02T23:16:40.159Z","level":"INFO","device":"868120018681","event":"MEDIA_RX","detail":"7E 92 12 00 36 86 81 20 01 86 81 E6 6C 32 30 32 5F 36 34 5F 36 34 30 31 5F 30 33 5F 38 36 38 31 32 30 30 31 38 36 38 31 30 30 32 36 30 34 30 32 32 33 31 36 33 39 31 41 30 32 30 30 2E 6D 70 34 02 00 00 55 7E"}
{"ts":"2026-04-02T23:16:40.434Z","level":"INFO","device":"868120018681","event":"BATCH_COMPLETE","detail":"All 2 files sent"}
{"ts":"2026-04-02T23:16:40.448Z","level":"INFO","device":"868120018681","event":"MEDIA_CLOSED","detail":""}
{"ts":"2026-04-02T23:16:49.606Z","level":"INFO","device":"868120018681","event":"INCIDENT_SENT","detail":"mediaId=27 alarmId=868120018681002604022316491B0200"}
{"ts":"2026-04-02T23:16:49.618Z","level":"INFO","device":"868120018681","event":"RX_MSG","detail":"0x8001 bodyLen=5"}
{"ts":"2026-04-02T23:16:49.618Z","level":"INFO","device":"868120018681","event":"SERVER_ACK","detail":"0x0200 result=OK"}
{"ts":"2026-04-02T23:16:49.623Z","level":"INFO","device":"868120018681","event":"RX_MSG","detail":"0x9208 bodyLen=81"}
{"ts":"2026-04-02T23:16:49.623Z","level":"INFO","device":"868120018681","event":"9208_RAW","detail":"0C35342E33372E3232352E36350D320000868120018681002604022316491B0200383638313230303138363831303032363034303232333136343931623032303000000000000000000000000000000000"}
{"ts":"2026-04-02T23:16:49.623Z","level":"INFO","device":"868120018681","event":"UPLOAD_TRIGGERED","detail":"media: 54.37.225.65:3378 | alarmId: 868120018681002604022316491B0200"}
{"ts":"2026-04-02T23:16:49.624Z","level":"INFO","device":"868120018681","event":"MEDIA_CONNECTING","detail":"54.37.225.65:3378 files=2"}
{"ts":"2026-04-02T23:16:49.629Z","level":"INFO","device":"868120018681","event":"RX_MSG","detail":"0x8001 bodyLen=5"}
{"ts":"2026-04-02T23:16:49.629Z","level":"INFO","device":"868120018681","event":"SERVER_ACK","detail":"0x0800 result=OK"}
{"ts":"2026-04-02T23:16:49.632Z","level":"INFO","device":"868120018681","event":"MEDIA_CONNECTED","detail":"54.37.225.65:3378"}
{"ts":"2026-04-02T23:16:49.635Z","level":"INFO","device":"868120018681","event":"FILE_START","detail":"[1/2] 00_64_6401_00_868120018681002604022316491B0200.jpg (215 bytes)"}
{"ts":"2026-04-02T23:16:49.636Z","level":"INFO","device":"868120018681","event":"SENT_1210","detail":"00_64_6401_00_868120018681002604022316491B0200.jpg"}
{"ts":"2026-04-02T23:16:49.640Z","level":"INFO","device":"868120018681","event":"MEDIA_RX","detail":"7E 80 01 00 05 86 81 20 01 86 81 31 F4 00 00 12 10 00 62 7E"}
{"ts":"2026-04-02T23:16:49.739Z","level":"INFO","device":"868120018681","event":"SENT_RAW_MARKER","detail":"00_64_6401_00_868120018681002604022316491B0200.jpg packet=277 bytes data=215 bytes"}
{"ts":"2026-04-02T23:16:49.739Z","level":"INFO","device":"868120018681","event":"SENT_1212","detail":"00_64_6401_00_868120018681002604022316491B0200.jpg type=0"}
{"ts":"2026-04-02T23:16:49.794Z","level":"INFO","device":"868120018681","event":"MEDIA_RX","detail":"7E 92 12 00 36 86 81 20 01 86 81 5D B3 32 30 30 5F 36 34 5F 36 34 30 31 5F 30 30 5F 38 36 38 31 32 30 30 31 38 36 38 31 30 30 32 36 30 34 30 32 32 33 31 36 34 39 31 42 30 32 30 30 2E 6A 70 67 00 00 00 62 7E"}
{"ts":"2026-04-02T23:16:50.039Z","level":"INFO","device":"868120018681","event":"FILE_START","detail":"[2/2] 02_64_6401_03_868120018681002604022316491B0200.mp4 (65536 bytes)"}
{"ts":"2026-04-02T23:16:50.039Z","level":"INFO","device":"868120018681","event":"SENT_1210","detail":"02_64_6401_03_868120018681002604022316491B0200.mp4"}
{"ts":"2026-04-02T23:16:50.046Z","level":"INFO","device":"868120018681","event":"MEDIA_RX","detail":"7E 80 01 00 05 86 81 20 01 86 81 14 F4 00 02 12 10 00 45 7E"}
{"ts":"2026-04-02T23:16:50.142Z","level":"INFO","device":"868120018681","event":"SENT_RAW_MARKER","detail":"02_64_6401_03_868120018681002604022316491B0200.mp4 packet=65598 bytes data=65536 bytes"}
{"ts":"2026-04-02T23:16:50.142Z","level":"INFO","device":"868120018681","event":"SENT_1212","detail":"02_64_6401_03_868120018681002604022316491B0200.mp4 type=2"}
{"ts":"2026-04-02T23:16:50.163Z","level":"INFO","device":"868120018681","event":"MEDIA_RX","detail":"7E 92 12 00 36 86 81 20 01 86 81 06 58 32 30 32 5F 36 34 5F 36 34 30 31 5F 30 33 5F 38 36 38 31 32 30 30 31 38 36 38 31 30 30 32 36 30 34 30 32 32 33 31 36 34 39 31 42 30 32 30 30 2E 6D 70 34 02 00 00 85 7E"}
{"ts":"2026-04-02T23:16:50.443Z","level":"INFO","device":"868120018681","event":"BATCH_COMPLETE","detail":"All 2 files sent"}
{"ts":"2026-04-02T23:16:50.454Z","level":"INFO","device":"868120018681","event":"MEDIA_CLOSED","detail":""}
{"ts":"2026-04-02T23:16:59.563Z","level":"INFO","device":"868120018681","event":"GPS_SENT","detail":""}
{"ts":"2026-04-02T23:16:59.574Z","level":"INFO","device":"868120018681","event":"RX_MSG","detail":"0x8001 bodyLen=5"}
{"ts":"2026-04-02T23:16:59.574Z","level":"INFO","device":"868120018681","event":"SERVER_ACK","detail":"0x0200 result=OK"}
{"ts":"2026-04-02T23:16:59.608Z","level":"INFO","device":"868120018681","event":"INCIDENT_SENT","detail":"mediaId=28 alarmId=868120018681002604022316591C0200"}
{"ts":"2026-04-02T23:16:59.615Z","level":"INFO","device":"868120018681","event":"RX_MSG","detail":"0x8001 bodyLen=5"}
{"ts":"2026-04-02T23:16:59.615Z","level":"INFO","device":"868120018681","event":"SERVER_ACK","detail":"0x0200 result=OK"}
{"ts":"2026-04-02T23:16:59.620Z","level":"INFO","device":"868120018681","event":"RX_MSG","detail":"0x9208 bodyLen=81"}
{"ts":"2026-04-02T23:16:59.620Z","level":"INFO","device":"868120018681","event":"9208_RAW","detail":"0C35342E33372E3232352E36350D320000868120018681002604022316591C0200383638313230303138363831303032363034303232333136353931633032303000000000000000000000000000000000"}
{"ts":"2026-04-02T23:16:59.622Z","level":"INFO","device":"868120018681","event":"UPLOAD_TRIGGERED","detail":"media: 54.37.225.65:3378 | alarmId: 868120018681002604022316591C0200"}
{"ts":"2026-04-02T23:16:59.622Z","level":"INFO","device":"868120018681","event":"MEDIA_CONNECTING","detail":"54.37.225.65:3378 files=2"}
{"ts":"2026-04-02T23:16:59.625Z","level":"INFO","device":"868120018681","event":"RX_MSG","detail":"0x8001 bodyLen=5"}
{"ts":"2026-04-02T23:16:59.625Z","level":"INFO","device":"868120018681","event":"SERVER_ACK","detail":"0x0800 result=OK"}
{"ts":"2026-04-02T23:16:59.630Z","level":"INFO","device":"868120018681","event":"MEDIA_CONNECTED","detail":"54.37.225.65:3378"}
{"ts":"2026-04-02T23:16:59.630Z","level":"INFO","device":"868120018681","event":"FILE_START","detail":"[1/2] 00_64_6401_00_868120018681002604022316591C0200.jpg (215 bytes)"}
{"ts":"2026-04-02T23:16:59.631Z","level":"INFO","device":"868120018681","event":"SENT_1210","detail":"00_64_6401_00_868120018681002604022316591C0200.jpg"}
{"ts":"2026-04-02T23:16:59.641Z","level":"INFO","device":"868120018681","event":"MEDIA_RX","detail":"7E 80 01 00 05 86 81 20 01 86 81 12 AE 00 00 12 10 00 1B 7E"}
{"ts":"2026-04-02T23:16:59.766Z","level":"INFO","device":"868120018681","event":"SENT_RAW_MARKER","detail":"00_64_6401_00_868120018681002604022316591C0200.jpg packet=277 bytes data=215 bytes"}
{"ts":"2026-04-02T23:16:59.778Z","level":"INFO","device":"868120018681","event":"SENT_1212","detail":"00_64_6401_00_868120018681002604022316591C0200.jpg type=0"}
{"ts":"2026-04-02T23:16:59.825Z","level":"INFO","device":"868120018681","event":"MEDIA_RX","detail":"7E 92 12 00 36 86 81 20 01 86 81 D3 7A 32 30 30 5F 36 34 5F 36 34 30 31 5F 30 30 5F 38 36 38 31 32 30 30 31 38 36 38 31 30 30 32 36 30 34 30 32 32 33 31 36 35 39 31 43 30 32 30 30 2E 6A 70 67 00 00 00 25 7E"}
{"ts":"2026-04-02T23:17:00.079Z","level":"INFO","device":"868120018681","event":"FILE_START","detail":"[2/2] 02_64_6401_03_868120018681002604022316591C0200.mp4 (65536 bytes)"}
{"ts":"2026-04-02T23:17:00.080Z","level":"INFO","device":"868120018681","event":"SENT_1210","detail":"02_64_6401_03_868120018681002604022316591C0200.mp4"}
{"ts":"2026-04-02T23:17:00.090Z","level":"INFO","device":"868120018681","event":"MEDIA_RX","detail":"7E 80 01 00 05 86 81 20 01 86 81 A0 2E 00 02 12 10 00 2B 7E"}
{"ts":"2026-04-02T23:17:00.184Z","level":"INFO","device":"868120018681","event":"SENT_RAW_MARKER","detail":"02_64_6401_03_868120018681002604022316591C0200.mp4 packet=65598 bytes data=65536 bytes"}
{"ts":"2026-04-02T23:17:00.185Z","level":"INFO","device":"868120018681","event":"SENT_1212","detail":"02_64_6401_03_868120018681002604022316591C0200.mp4 type=2"}
{"ts":"2026-04-02T23:17:00.211Z","level":"INFO","device":"868120018681","event":"MEDIA_RX","detail":"7E 92 12 00 36 86 81 20 01 86 81 20 27 32 30 32 5F 36 34 5F 36 34 30 31 5F 30 33 5F 38 36 38 31 32 30 30 31 38 36 38 31 30 30 32 36 30 34 30 32 32 33 31 36 35 39 31 43 30 32 30 30 2E 6D 70 34 02 00 00 DC 7E"}
{"ts":"2026-04-02T23:17:00.529Z","level":"INFO","device":"868120018681","event":"BATCH_COMPLETE","detail":"All 2 files sent"}
{"ts":"2026-04-02T23:17:00.541Z","level":"INFO","device":"868120018681","event":"MEDIA_CLOSED","detail":""}
{"ts":"2026-04-02T23:17:09.610Z","level":"INFO","device":"868120018681","event":"INCIDENT_SENT","detail":"mediaId=29 alarmId=868120018681002604022317091D0200"}
{"ts":"2026-04-02T23:17:09.621Z","level":"INFO","device":"868120018681","event":"RX_MSG","detail":"0x8001 bodyLen=5"}
{"ts":"2026-04-02T23:17:09.621Z","level":"INFO","device":"868120018681","event":"SERVER_ACK","detail":"0x0200 result=OK"}
{"ts":"2026-04-02T23:17:09.624Z","level":"INFO","device":"868120018681","event":"RX_MSG","detail":"0x9208 bodyLen=81"}
{"ts":"2026-04-02T23:17:09.625Z","level":"INFO","device":"868120018681","event":"9208_RAW","detail":"0C35342E33372E3232352E36350D320000868120018681002604022317091D0200383638313230303138363831303032363034303232333137303931643032303000000000000000000000000000000000"}
{"ts":"2026-04-02T23:17:09.625Z","level":"INFO","device":"868120018681","event":"UPLOAD_TRIGGERED","detail":"media: 54.37.225.65:3378 | alarmId: 868120018681002604022317091D0200"}
{"ts":"2026-04-02T23:17:09.625Z","level":"INFO","device":"868120018681","event":"MEDIA_CONNECTING","detail":"54.37.225.65:3378 files=2"}
{"ts":"2026-04-02T23:17:09.631Z","level":"INFO","device":"868120018681","event":"RX_MSG","detail":"0x8001 bodyLen=5"}
{"ts":"2026-04-02T23:17:09.631Z","level":"INFO","device":"868120018681","event":"SERVER_ACK","detail":"0x0800 result=OK"}
{"ts":"2026-04-02T23:17:09.632Z","level":"INFO","device":"868120018681","event":"MEDIA_CONNECTED","detail":"54.37.225.65:3378"}
{"ts":"2026-04-02T23:17:09.632Z","level":"INFO","device":"868120018681","event":"FILE_START","detail":"[1/2] 00_64_6401_00_868120018681002604022317091D0200.jpg (215 bytes)"}
{"ts":"2026-04-02T23:17:09.632Z","level":"INFO","device":"868120018681","event":"SENT_1210","detail":"00_64_6401_00_868120018681002604022317091D0200.jpg"}
{"ts":"2026-04-02T23:17:09.641Z","level":"INFO","device":"868120018681","event":"MEDIA_RX","detail":"7E 80 01 00 05 86 81 20 01 86 81 A5 77 00 00 12 10 00 75 7E"}
{"ts":"2026-04-02T23:17:09.735Z","level":"INFO","device":"868120018681","event":"SENT_RAW_MARKER","detail":"00_64_6401_00_868120018681002604022317091D0200.jpg packet=277 bytes data=215 bytes"}
{"ts":"2026-04-02T23:17:09.735Z","level":"INFO","device":"868120018681","event":"SENT_1212","detail":"00_64_6401_00_868120018681002604022317091D0200.jpg type=0"}
{"ts":"2026-04-02T23:17:09.792Z","level":"INFO","device":"868120018681","event":"MEDIA_RX","detail":"7E 92 12 00 36 86 81 20 01 86 81 7D 01 96 32 30 30 5F 36 34 5F 36 34 30 31 5F 30 30 5F 38 36 38 31 32 30 30 31 38 36 38 31 30 30 32 36 30 34 30 32 32 33 31 37 30 39 31 44 30 32 30 30 2E 6A 70 67 00 00 00 64 7E"}
{"ts":"2026-04-02T23:17:10.038Z","level":"INFO","device":"868120018681","event":"FILE_START","detail":"[2/2] 02_64_6401_03_868120018681002604022317091D0200.mp4 (65536 bytes)"}
{"ts":"2026-04-02T23:17:10.038Z","level":"INFO","device":"868120018681","event":"SENT_1210","detail":"02_64_6401_03_868120018681002604022317091D0200.mp4"}
{"ts":"2026-04-02T23:17:10.048Z","level":"INFO","device":"868120018681","event":"MEDIA_RX","detail":"7E 80 01 00 05 86 81 20 01 86 81 43 90 00 02 12 10 00 76 7E"}
{"ts":"2026-04-02T23:17:10.139Z","level":"INFO","device":"868120018681","event":"SENT_RAW_MARKER","detail":"02_64_6401_03_868120018681002604022317091D0200.mp4 packet=65598 bytes data=65536 bytes"}
{"ts":"2026-04-02T23:17:10.140Z","level":"INFO","device":"868120018681","event":"SENT_1212","detail":"02_64_6401_03_868120018681002604022317091D0200.mp4 type=2"}
{"ts":"2026-04-02T23:17:10.165Z","level":"INFO","device":"868120018681","event":"MEDIA_RX","detail":"7E 92 12 00 36 86 81 20 01 86 81 D9 B6 32 30 32 5F 36 34 5F 36 34 30 31 5F 30 33 5F 38 36 38 31 32 30 30 31 38 36 38 31 30 30 32 36 30 34 30 32 32 33 31 37 30 39 31 44 30 32 30 30 2E 6D 70 34 02 00 00 B7 7E"}
{"ts":"2026-04-02T23:17:10.445Z","level":"INFO","device":"868120018681","event":"BATCH_COMPLETE","detail":"All 2 files sent"}
{"ts":"2026-04-02T23:17:10.456Z","level":"INFO","device":"868120018681","event":"MEDIA_CLOSED","detail":""}
{"ts":"2026-04-02T23:17:19.565Z","level":"INFO","device":"868120018681","event":"GPS_SENT","detail":""}
{"ts":"2026-04-02T23:17:19.576Z","level":"INFO","device":"868120018681","event":"RX_MSG","detail":"0x8001 bodyLen=5"}
{"ts":"2026-04-02T23:17:19.576Z","level":"INFO","device":"868120018681","event":"SERVER_ACK","detail":"0x0200 result=OK"}
{"ts":"2026-04-02T23:17:19.615Z","level":"INFO","device":"868120018681","event":"INCIDENT_SENT","detail":"mediaId=30 alarmId=868120018681002604022317191E0200"}
{"ts":"2026-04-02T23:17:19.623Z","level":"INFO","device":"868120018681","event":"RX_MSG","detail":"0x8001 bodyLen=5"}
{"ts":"2026-04-02T23:17:19.623Z","level":"INFO","device":"868120018681","event":"SERVER_ACK","detail":"0x0200 result=OK"}
{"ts":"2026-04-02T23:17:19.632Z","level":"INFO","device":"868120018681","event":"RX_MSG","detail":"0x9208 bodyLen=81"}
{"ts":"2026-04-02T23:17:19.632Z","level":"INFO","device":"868120018681","event":"9208_RAW","detail":"0C35342E33372E3232352E36350D320000868120018681002604022317191E0200383638313230303138363831303032363034303232333137313931653032303000000000000000000000000000000000"}
{"ts":"2026-04-02T23:17:19.632Z","level":"INFO","device":"868120018681","event":"UPLOAD_TRIGGERED","detail":"media: 54.37.225.65:3378 | alarmId: 868120018681002604022317191E0200"}
{"ts":"2026-04-02T23:17:19.632Z","level":"INFO","device":"868120018681","event":"MEDIA_CONNECTING","detail":"54.37.225.65:3378 files=2"}
{"ts":"2026-04-02T23:17:19.636Z","level":"INFO","device":"868120018681","event":"RX_MSG","detail":"0x8001 bodyLen=5"}
{"ts":"2026-04-02T23:17:19.636Z","level":"INFO","device":"868120018681","event":"SERVER_ACK","detail":"0x0800 result=OK"}
{"ts":"2026-04-02T23:17:19.640Z","level":"INFO","device":"868120018681","event":"MEDIA_CONNECTED","detail":"54.37.225.65:3378"}
{"ts":"2026-04-02T23:17:19.640Z","level":"INFO","device":"868120018681","event":"FILE_START","detail":"[1/2] 00_64_6401_00_868120018681002604022317191E0200.jpg (215 bytes)"}
{"ts":"2026-04-02T23:17:19.640Z","level":"INFO","device":"868120018681","event":"SENT_1210","detail":"00_64_6401_00_868120018681002604022317191E0200.jpg"}
{"ts":"2026-04-02T23:17:19.649Z","level":"INFO","device":"868120018681","event":"MEDIA_RX","detail":"7E 80 01 00 05 86 81 20 01 86 81 B2 E5 00 00 12 10 00 F0 7E"}
{"ts":"2026-04-02T23:17:19.744Z","level":"INFO","device":"868120018681","event":"SENT_RAW_MARKER","detail":"00_64_6401_00_868120018681002604022317191E0200.jpg packet=277 bytes data=215 bytes"}
{"ts":"2026-04-02T23:17:19.747Z","level":"INFO","device":"868120018681","event":"SENT_1212","detail":"00_64_6401_00_868120018681002604022317191E0200.jpg type=0"}
{"ts":"2026-04-02T23:17:19.802Z","level":"INFO","device":"868120018681","event":"MEDIA_RX","detail":"7E 92 12 00 36 86 81 20 01 86 81 14 93 32 30 30 5F 36 34 5F 36 34 30 31 5F 30 30 5F 38 36 38 31 32 30 30 31 38 36 38 31 30 30 32 36 30 34 30 32 32 33 31 37 31 39 31 45 30 32 30 30 2E 6A 70 67 00 00 00 08 7E"}
{"ts":"2026-04-02T23:17:20.047Z","level":"INFO","device":"868120018681","event":"FILE_START","detail":"[2/2] 02_64_6401_03_868120018681002604022317191E0200.mp4 (65536 bytes)"}
{"ts":"2026-04-02T23:17:20.048Z","level":"INFO","device":"868120018681","event":"SENT_1210","detail":"02_64_6401_03_868120018681002604022317191E0200.mp4"}
{"ts":"2026-04-02T23:17:20.057Z","level":"INFO","device":"868120018681","event":"MEDIA_RX","detail":"7E 80 01 00 05 86 81 20 01 86 81 C9 4D 00 02 12 10 00 21 7E"}
{"ts":"2026-04-02T23:17:20.152Z","level":"INFO","device":"868120018681","event":"SENT_RAW_MARKER","detail":"02_64_6401_03_868120018681002604022317191E0200.mp4 packet=65598 bytes data=65536 bytes"}
{"ts":"2026-04-02T23:17:20.154Z","level":"INFO","device":"868120018681","event":"SENT_1212","detail":"02_64_6401_03_868120018681002604022317191E0200.mp4 type=2"}
{"ts":"2026-04-02T23:17:20.179Z","level":"INFO","device":"868120018681","event":"MEDIA_RX","detail":"7E 92 12 00 36 86 81 20 01 86 81 8D 28 32 30 32 5F 36 34 5F 36 34 30 31 5F 30 33 5F 38 36 38 31 32 30 30 31 38 36 38 31 30 30 32 36 30 34 30 32 32 33 31 37 31 39 31 45 30 32 30 30 2E 6D 70 34 02 00 00 7D 01 7E"}
{"ts":"2026-04-02T23:17:20.457Z","level":"INFO","device":"868120018681","event":"BATCH_COMPLETE","detail":"All 2 files sent"}
{"ts":"2026-04-02T23:17:20.469Z","level":"INFO","device":"868120018681","event":"MEDIA_CLOSED","detail":""}
{"ts":"2026-04-02T23:17:29.614Z","level":"INFO","device":"868120018681","event":"INCIDENT_SENT","detail":"mediaId=31 alarmId=868120018681002604022317291F0200"}
{"ts":"2026-04-02T23:17:29.624Z","level":"INFO","device":"868120018681","event":"RX_MSG","detail":"0x8001 bodyLen=5"}
{"ts":"2026-04-02T23:17:29.625Z","level":"INFO","device":"868120018681","event":"SERVER_ACK","detail":"0x0200 result=OK"}
{"ts":"2026-04-02T23:17:29.631Z","level":"INFO","device":"868120018681","event":"RX_MSG","detail":"0x9208 bodyLen=81"}
{"ts":"2026-04-02T23:17:29.631Z","level":"INFO","device":"868120018681","event":"9208_RAW","detail":"0C35342E33372E3232352E36350D320000868120018681002604022317291F0200383638313230303138363831303032363034303232333137323931663032303000000000000000000000000000000000"}
{"ts":"2026-04-02T23:17:29.631Z","level":"INFO","device":"868120018681","event":"UPLOAD_TRIGGERED","detail":"media: 54.37.225.65:3378 | alarmId: 868120018681002604022317291F0200"}
{"ts":"2026-04-02T23:17:29.632Z","level":"INFO","device":"868120018681","event":"MEDIA_CONNECTING","detail":"54.37.225.65:3378 files=2"}
{"ts":"2026-04-02T23:17:29.636Z","level":"INFO","device":"868120018681","event":"RX_MSG","detail":"0x8001 bodyLen=5"}
{"ts":"2026-04-02T23:17:29.636Z","level":"INFO","device":"868120018681","event":"SERVER_ACK","detail":"0x0800 result=OK"}
{"ts":"2026-04-02T23:17:29.639Z","level":"INFO","device":"868120018681","event":"MEDIA_CONNECTED","detail":"54.37.225.65:3378"}
{"ts":"2026-04-02T23:17:29.639Z","level":"INFO","device":"868120018681","event":"FILE_START","detail":"[1/2] 00_64_6401_00_868120018681002604022317291F0200.jpg (215 bytes)"}
{"ts":"2026-04-02T23:17:29.639Z","level":"INFO","device":"868120018681","event":"SENT_1210","detail":"00_64_6401_00_868120018681002604022317291F0200.jpg"}
{"ts":"2026-04-02T23:17:29.650Z","level":"INFO","device":"868120018681","event":"MEDIA_RX","detail":"7E 80 01 00 05 86 81 20 01 86 81 6D 74 00 00 12 10 00 BE 7E"}
{"ts":"2026-04-02T23:17:29.743Z","level":"INFO","device":"868120018681","event":"SENT_RAW_MARKER","detail":"00_64_6401_00_868120018681002604022317291F0200.jpg packet=277 bytes data=215 bytes"}
{"ts":"2026-04-02T23:17:29.743Z","level":"INFO","device":"868120018681","event":"SENT_1212","detail":"00_64_6401_00_868120018681002604022317291F0200.jpg type=0"}
{"ts":"2026-04-02T23:17:29.798Z","level":"INFO","device":"868120018681","event":"MEDIA_RX","detail":"7E 92 12 00 36 86 81 20 01 86 81 66 86 32 30 30 5F 36 34 5F 36 34 30 31 5F 30 30 5F 38 36 38 31 32 30 30 31 38 36 38 31 30 30 32 36 30 34 30 32 32 33 31 37 32 39 31 46 30 32 30 30 2E 6A 70 67 00 00 00 6F 7E"}
{"ts":"2026-04-02T23:17:30.047Z","level":"INFO","device":"868120018681","event":"FILE_START","detail":"[2/2] 02_64_6401_03_868120018681002604022317291F0200.mp4 (65536 bytes)"}
{"ts":"2026-04-02T23:17:30.048Z","level":"INFO","device":"868120018681","event":"SENT_1210","detail":"02_64_6401_03_868120018681002604022317291F0200.mp4"}
{"ts":"2026-04-02T23:17:30.062Z","level":"INFO","device":"868120018681","event":"MEDIA_RX","detail":"7E 80 01 00 05 86 81 20 01 86 81 8E B3 00 02 12 10 00 98 7E"}
{"ts":"2026-04-02T23:17:30.150Z","level":"INFO","device":"868120018681","event":"SENT_RAW_MARKER","detail":"02_64_6401_03_868120018681002604022317291F0200.mp4 packet=65598 bytes data=65536 bytes"}
{"ts":"2026-04-02T23:17:30.150Z","level":"INFO","device":"868120018681","event":"SENT_1212","detail":"02_64_6401_03_868120018681002604022317291F0200.mp4 type=2"}
{"ts":"2026-04-02T23:17:30.175Z","level":"INFO","device":"868120018681","event":"MEDIA_RX","detail":"7E 92 12 00 36 86 81 20 01 86 81 6B F3 32 30 32 5F 36 34 5F 36 34 30 31 5F 30 33 5F 38 36 38 31 32 30 30 31 38 36 38 31 30 30 32 36 30 34 30 32 32 33 31 37 32 39 31 46 30 32 30 30 2E 6D 70 34 02 00 00 40 7E"}
{"ts":"2026-04-02T23:17:30.452Z","level":"INFO","device":"868120018681","event":"BATCH_COMPLETE","detail":"All 2 files sent"}
{"ts":"2026-04-02T23:17:30.463Z","level":"INFO","device":"868120018681","event":"MEDIA_CLOSED","detail":""}
{"ts":"2026-04-02T23:17:39.569Z","level":"INFO","device":"868120018681","event":"GPS_SENT","detail":""}
{"ts":"2026-04-02T23:17:39.581Z","level":"INFO","device":"868120018681","event":"RX_MSG","detail":"0x8001 bodyLen=5"}
{"ts":"2026-04-02T23:17:39.581Z","level":"INFO","device":"868120018681","event":"SERVER_ACK","detail":"0x0200 result=OK"}
{"ts":"2026-04-02T23:17:39.619Z","level":"INFO","device":"868120018681","event":"INCIDENT_SENT","detail":"mediaId=32 alarmId=86812001868100260402231739200200"}
{"ts":"2026-04-02T23:17:39.626Z","level":"INFO","device":"868120018681","event":"RX_MSG","detail":"0x8001 bodyLen=5"}
{"ts":"2026-04-02T23:17:39.626Z","level":"INFO","device":"868120018681","event":"SERVER_ACK","detail":"0x0200 result=OK"}
{"ts":"2026-04-02T23:17:39.633Z","level":"INFO","device":"868120018681","event":"RX_MSG","detail":"0x9208 bodyLen=81"}
{"ts":"2026-04-02T23:17:39.633Z","level":"INFO","device":"868120018681","event":"9208_RAW","detail":"0C35342E33372E3232352E36350D32000086812001868100260402231739200200383638313230303138363831303032363034303232333137333932303032303000000000000000000000000000000000"}
{"ts":"2026-04-02T23:17:39.635Z","level":"INFO","device":"868120018681","event":"UPLOAD_TRIGGERED","detail":"media: 54.37.225.65:3378 | alarmId: 86812001868100260402231739200200"}
{"ts":"2026-04-02T23:17:39.635Z","level":"INFO","device":"868120018681","event":"MEDIA_CONNECTING","detail":"54.37.225.65:3378 files=2"}
{"ts":"2026-04-02T23:17:39.639Z","level":"INFO","device":"868120018681","event":"RX_MSG","detail":"0x8001 bodyLen=5"}
{"ts":"2026-04-02T23:17:39.639Z","level":"INFO","device":"868120018681","event":"SERVER_ACK","detail":"0x0800 result=OK"}
{"ts":"2026-04-02T23:17:39.644Z","level":"INFO","device":"868120018681","event":"MEDIA_CONNECTED","detail":"54.37.225.65:3378"}
{"ts":"2026-04-02T23:17:39.644Z","level":"INFO","device":"868120018681","event":"FILE_START","detail":"[1/2] 00_64_6401_00_86812001868100260402231739200200.jpg (215 bytes)"}
{"ts":"2026-04-02T23:17:39.645Z","level":"INFO","device":"868120018681","event":"SENT_1210","detail":"00_64_6401_00_86812001868100260402231739200200.jpg"}
{"ts":"2026-04-02T23:17:39.654Z","level":"INFO","device":"868120018681","event":"MEDIA_RX","detail":"7E 80 01 00 05 86 81 20 01 86 81 59 70 00 00 12 10 00 8E 7E"}
{"ts":"2026-04-02T23:17:39.747Z","level":"INFO","device":"868120018681","event":"SENT_RAW_MARKER","detail":"00_64_6401_00_86812001868100260402231739200200.jpg packet=277 bytes data=215 bytes"}
{"ts":"2026-04-02T23:17:39.748Z","level":"INFO","device":"868120018681","event":"SENT_1212","detail":"00_64_6401_00_86812001868100260402231739200200.jpg type=0"}
{"ts":"2026-04-02T23:17:39.803Z","level":"INFO","device":"868120018681","event":"MEDIA_RX","detail":"7E 92 12 00 36 86 81 20 01 86 81 80 76 32 30 30 5F 36 34 5F 36 34 30 31 5F 30 30 5F 38 36 38 31 32 30 30 31 38 36 38 31 30 30 32 36 30 34 30 32 32 33 31 37 33 39 32 30 30 32 30 30 2E 6A 70 67 00 00 00 0D 7E"}
{"ts":"2026-04-02T23:17:40.053Z","level":"INFO","device":"868120018681","event":"FILE_START","detail":"[2/2] 02_64_6401_03_86812001868100260402231739200200.mp4 (65536 bytes)"}
{"ts":"2026-04-02T23:17:40.053Z","level":"INFO","device":"868120018681","event":"SENT_1210","detail":"02_64_6401_03_86812001868100260402231739200200.mp4"}
{"ts":"2026-04-02T23:17:40.063Z","level":"INFO","device":"868120018681","event":"MEDIA_RX","detail":"7E 80 01 00 05 86 81 20 01 86 81 A6 B3 00 02 12 10 00 B0 7E"}
{"ts":"2026-04-02T23:17:40.153Z","level":"INFO","device":"868120018681","event":"SENT_RAW_MARKER","detail":"02_64_6401_03_86812001868100260402231739200200.mp4 packet=65598 bytes data=65536 bytes"}
{"ts":"2026-04-02T23:17:40.154Z","level":"INFO","device":"868120018681","event":"SENT_1212","detail":"02_64_6401_03_86812001868100260402231739200200.mp4 type=2"}
{"ts":"2026-04-02T23:17:40.190Z","level":"INFO","device":"868120018681","event":"MEDIA_RX","detail":"7E 92 12 00 36 86 81 20 01 86 81 B6 6B 32 30 32 5F 36 34 5F 36 34 30 31 5F 30 33 5F 38 36 38 31 32 30 30 31 38 36 38 31 30 30 32 36 30 34 30 32 32 33 31 37 33 39 32 30 30 32 30 30 2E 6D 70 34 02 00 00 71 7E"}
{"ts":"2026-04-02T23:17:40.455Z","level":"INFO","device":"868120018681","event":"BATCH_COMPLETE","detail":"All 2 files sent"}
{"ts":"2026-04-02T23:17:40.466Z","level":"INFO","device":"868120018681","event":"MEDIA_CLOSED","detail":""}
{"ts":"2026-04-02T23:17:49.620Z","level":"INFO","device":"868120018681","event":"INCIDENT_SENT","detail":"mediaId=33 alarmId=86812001868100260402231749210200"}
{"ts":"2026-04-02T23:17:49.628Z","level":"INFO","device":"868120018681","event":"RX_MSG","detail":"0x8001 bodyLen=5"}
{"ts":"2026-04-02T23:17:49.628Z","level":"INFO","device":"868120018681","event":"SERVER_ACK","detail":"0x0200 result=OK"}
{"ts":"2026-04-02T23:17:49.635Z","level":"INFO","device":"868120018681","event":"RX_MSG","detail":"0x9208 bodyLen=81"}
{"ts":"2026-04-02T23:17:49.635Z","level":"INFO","device":"868120018681","event":"9208_RAW","detail":"0C35342E33372E3232352E36350D32000086812001868100260402231749210200383638313230303138363831303032363034303232333137343932313032303000000000000000000000000000000000"}
{"ts":"2026-04-02T23:17:49.636Z","level":"INFO","device":"868120018681","event":"UPLOAD_TRIGGERED","detail":"media: 54.37.225.65:3378 | alarmId: 86812001868100260402231749210200"}
{"ts":"2026-04-02T23:17:49.636Z","level":"INFO","device":"868120018681","event":"MEDIA_CONNECTING","detail":"54.37.225.65:3378 files=2"}
{"ts":"2026-04-02T23:17:49.642Z","level":"INFO","device":"868120018681","event":"RX_MSG","detail":"0x8001 bodyLen=5"}
{"ts":"2026-04-02T23:17:49.642Z","level":"INFO","device":"868120018681","event":"SERVER_ACK","detail":"0x0800 result=OK"}
{"ts":"2026-04-02T23:17:49.643Z","level":"INFO","device":"868120018681","event":"MEDIA_CONNECTED","detail":"54.37.225.65:3378"}
{"ts":"2026-04-02T23:17:49.643Z","level":"INFO","device":"868120018681","event":"FILE_START","detail":"[1/2] 00_64_6401_00_86812001868100260402231749210200.jpg (215 bytes)"}
{"ts":"2026-04-02T23:17:49.643Z","level":"INFO","device":"868120018681","event":"SENT_1210","detail":"00_64_6401_00_86812001868100260402231749210200.jpg"}
{"ts":"2026-04-02T23:17:49.660Z","level":"INFO","device":"868120018681","event":"MEDIA_RX","detail":"7E 80 01 00 05 86 81 20 01 86 81 10 80 00 00 12 10 00 37 7E"}
{"ts":"2026-04-02T23:17:49.747Z","level":"INFO","device":"868120018681","event":"SENT_RAW_MARKER","detail":"00_64_6401_00_86812001868100260402231749210200.jpg packet=277 bytes data=215 bytes"}
{"ts":"2026-04-02T23:17:49.747Z","level":"INFO","device":"868120018681","event":"SENT_1212","detail":"00_64_6401_00_86812001868100260402231749210200.jpg type=0"}
{"ts":"2026-04-02T23:17:49.803Z","level":"INFO","device":"868120018681","event":"MEDIA_RX","detail":"7E 92 12 00 36 86 81 20 01 86 81 5A D2 32 30 30 5F 36 34 5F 36 34 30 31 5F 30 30 5F 38 36 38 31 32 30 30 31 38 36 38 31 30 30 32 36 30 34 30 32 32 33 31 37 34 39 32 31 30 32 30 30 2E 6A 70 67 00 00 00 75 7E"}
{"ts":"2026-04-02T23:17:50.058Z","level":"INFO","device":"868120018681","event":"FILE_START","detail":"[2/2] 02_64_6401_03_86812001868100260402231749210200.mp4 (65536 bytes)"}
{"ts":"2026-04-02T23:17:50.058Z","level":"INFO","device":"868120018681","event":"SENT_1210","detail":"02_64_6401_03_86812001868100260402231749210200.mp4"}
{"ts":"2026-04-02T23:17:50.066Z","level":"INFO","device":"868120018681","event":"MEDIA_RX","detail":"7E 80 01 00 05 86 81 20 01 86 81 C9 F2 00 02 12 10 00 9E 7E"}
{"ts":"2026-04-02T23:17:50.160Z","level":"INFO","device":"868120018681","event":"SENT_RAW_MARKER","detail":"02_64_6401_03_86812001868100260402231749210200.mp4 packet=65598 bytes data=65536 bytes"}
{"ts":"2026-04-02T23:17:50.161Z","level":"INFO","device":"868120018681","event":"SENT_1212","detail":"02_64_6401_03_86812001868100260402231749210200.mp4 type=2"}
{"ts":"2026-04-02T23:17:50.185Z","level":"INFO","device":"868120018681","event":"MEDIA_RX","detail":"7E 92 12 00 36 86 81 20 01 86 81 0B C4 32 30 32 5F 36 34 5F 36 34 30 31 5F 30 33 5F 38 36 38 31 32 30 30 31 38 36 38 31 30 30 32 36 30 34 30 32 32 33 31 37 34 39 32 31 30 32 30 30 2E 6D 70 34 02 00 00 65 7E"}
{"ts":"2026-04-02T23:17:50.472Z","level":"INFO","device":"868120018681","event":"BATCH_COMPLETE","detail":"All 2 files sent"}
{"ts":"2026-04-02T23:17:50.482Z","level":"INFO","device":"868120018681","event":"MEDIA_CLOSED","detail":""}
{"ts":"2026-04-02T23:17:59.570Z","level":"INFO","device":"868120018681","event":"GPS_SENT","detail":""}
{"ts":"2026-04-02T23:17:59.579Z","level":"INFO","device":"868120018681","event":"RX_MSG","detail":"0x8001 bodyLen=5"}
{"ts":"2026-04-02T23:17:59.579Z","level":"INFO","device":"868120018681","event":"SERVER_ACK","detail":"0x0200 result=OK"}
{"ts":"2026-04-02T23:17:59.621Z","level":"INFO","device":"868120018681","event":"INCIDENT_SENT","detail":"mediaId=34 alarmId=86812001868100260402231759220200"}
{"ts":"2026-04-02T23:17:59.629Z","level":"INFO","device":"868120018681","event":"RX_MSG","detail":"0x8001 bodyLen=5"}
{"ts":"2026-04-02T23:17:59.629Z","level":"INFO","device":"868120018681","event":"SERVER_ACK","detail":"0x0200 result=OK"}
{"ts":"2026-04-02T23:17:59.639Z","level":"INFO","device":"868120018681","event":"RX_MSG","detail":"0x9208 bodyLen=81"}
{"ts":"2026-04-02T23:17:59.639Z","level":"INFO","device":"868120018681","event":"9208_RAW","detail":"0C35342E33372E3232352E36350D32000086812001868100260402231759220200383638313230303138363831303032363034303232333137353932323032303000000000000000000000000000000000"}
{"ts":"2026-04-02T23:17:59.639Z","level":"INFO","device":"868120018681","event":"UPLOAD_TRIGGERED","detail":"media: 54.37.225.65:3378 | alarmId: 86812001868100260402231759220200"}
{"ts":"2026-04-02T23:17:59.639Z","level":"INFO","device":"868120018681","event":"MEDIA_CONNECTING","detail":"54.37.225.65:3378 files=2"}
{"ts":"2026-04-02T23:17:59.641Z","level":"INFO","device":"868120018681","event":"RX_MSG","detail":"0x8001 bodyLen=5"}
{"ts":"2026-04-02T23:17:59.641Z","level":"INFO","device":"868120018681","event":"SERVER_ACK","detail":"0x0800 result=OK"}
{"ts":"2026-04-02T23:17:59.655Z","level":"INFO","device":"868120018681","event":"MEDIA_CONNECTED","detail":"54.37.225.65:3378"}
{"ts":"2026-04-02T23:17:59.655Z","level":"INFO","device":"868120018681","event":"FILE_START","detail":"[1/2] 00_64_6401_00_86812001868100260402231759220200.jpg (215 bytes)"}
{"ts":"2026-04-02T23:17:59.655Z","level":"INFO","device":"868120018681","event":"SENT_1210","detail":"00_64_6401_00_86812001868100260402231759220200.jpg"}
{"ts":"2026-04-02T23:17:59.662Z","level":"INFO","device":"868120018681","event":"MEDIA_RX","detail":"7E 80 01 00 05 86 81 20 01 86 81 DF B2 00 00 12 10 00 CA 7E"}
{"ts":"2026-04-02T23:17:59.757Z","level":"INFO","device":"868120018681","event":"SENT_RAW_MARKER","detail":"00_64_6401_00_86812001868100260402231759220200.jpg packet=277 bytes data=215 bytes"}
{"ts":"2026-04-02T23:17:59.758Z","level":"INFO","device":"868120018681","event":"SENT_1212","detail":"00_64_6401_00_86812001868100260402231759220200.jpg type=0"}
{"ts":"2026-04-02T23:17:59.812Z","level":"INFO","device":"868120018681","event":"MEDIA_RX","detail":"7E 92 12 00 36 86 81 20 01 86 81 A1 21 32 30 30 5F 36 34 5F 36 34 30 31 5F 30 30 5F 38 36 38 31 32 30 30 31 38 36 38 31 30 30 32 36 30 34 30 32 32 33 31 37 35 39 32 32 30 32 30 30 2E 6A 70 67 00 00 00 7F 7E"}
{"ts":"2026-04-02T23:18:00.060Z","level":"INFO","device":"868120018681","event":"FILE_START","detail":"[2/2] 02_64_6401_03_86812001868100260402231759220200.mp4 (65536 bytes)"}
{"ts":"2026-04-02T23:18:00.061Z","level":"INFO","device":"868120018681","event":"SENT_1210","detail":"02_64_6401_03_86812001868100260402231759220200.mp4"}
{"ts":"2026-04-02T23:18:00.069Z","level":"INFO","device":"868120018681","event":"MEDIA_RX","detail":"7E 80 01 00 05 86 81 20 01 86 81 63 6D 00 02 12 10 00 AB 7E"}
{"ts":"2026-04-02T23:18:00.170Z","level":"INFO","device":"868120018681","event":"SENT_RAW_MARKER","detail":"02_64_6401_03_86812001868100260402231759220200.mp4 packet=65598 bytes data=65536 bytes"}
{"ts":"2026-04-02T23:18:00.171Z","level":"INFO","device":"868120018681","event":"SENT_1212","detail":"02_64_6401_03_86812001868100260402231759220200.mp4 type=2"}
{"ts":"2026-04-02T23:18:00.204Z","level":"INFO","device":"868120018681","event":"MEDIA_RX","detail":"7E 92 12 00 36 86 81 20 01 86 81 CE 67 32 30 32 5F 36 34 5F 36 34 30 31 5F 30 33 5F 38 36 38 31 32 30 30 31 38 36 38 31 30 30 32 36 30 34 30 32 32 33 31 37 35 39 32 32 30 32 30 30 2E 6D 70 34 02 00 00 01 7E"}
{"ts":"2026-04-02T23:18:00.473Z","level":"INFO","device":"868120018681","event":"BATCH_COMPLETE","detail":"All 2 files sent"}
{"ts":"2026-04-02T23:18:00.489Z","level":"INFO","device":"868120018681","event":"MEDIA_CLOSED","detail":""}
{"ts":"2026-04-02T23:18:09.624Z","level":"INFO","device":"868120018681","event":"INCIDENT_SENT","detail":"mediaId=35 alarmId=86812001868100260402231809230200"}
{"ts":"2026-04-02T23:18:09.635Z","level":"INFO","device":"868120018681","event":"RX_MSG","detail":"0x8001 bodyLen=5"}
{"ts":"2026-04-02T23:18:09.635Z","level":"INFO","device":"868120018681","event":"SERVER_ACK","detail":"0x0200 result=OK"}
{"ts":"2026-04-02T23:18:09.640Z","level":"INFO","device":"868120018681","event":"RX_MSG","detail":"0x9208 bodyLen=81"}
{"ts":"2026-04-02T23:18:09.640Z","level":"INFO","device":"868120018681","event":"9208_RAW","detail":"0C35342E33372E3232352E36350D32000086812001868100260402231809230200383638313230303138363831303032363034303232333138303932333032303000000000000000000000000000000000"}
{"ts":"2026-04-02T23:18:09.641Z","level":"INFO","device":"868120018681","event":"UPLOAD_TRIGGERED","detail":"media: 54.37.225.65:3378 | alarmId: 86812001868100260402231809230200"}
{"ts":"2026-04-02T23:18:09.641Z","level":"INFO","device":"868120018681","event":"MEDIA_CONNECTING","detail":"54.37.225.65:3378 files=2"}
{"ts":"2026-04-02T23:18:09.646Z","level":"INFO","device":"868120018681","event":"RX_MSG","detail":"0x8001 bodyLen=5"}
{"ts":"2026-04-02T23:18:09.646Z","level":"INFO","device":"868120018681","event":"SERVER_ACK","detail":"0x0800 result=OK"}
{"ts":"2026-04-02T23:18:09.650Z","level":"INFO","device":"868120018681","event":"MEDIA_CONNECTED","detail":"54.37.225.65:3378"}
{"ts":"2026-04-02T23:18:09.650Z","level":"INFO","device":"868120018681","event":"FILE_START","detail":"[1/2] 00_64_6401_00_86812001868100260402231809230200.jpg (215 bytes)"}
{"ts":"2026-04-02T23:18:09.651Z","level":"INFO","device":"868120018681","event":"SENT_1210","detail":"00_64_6401_00_86812001868100260402231809230200.jpg"}
{"ts":"2026-04-02T23:18:09.659Z","level":"INFO","device":"868120018681","event":"MEDIA_RX","detail":"7E 80 01 00 05 86 81 20 01 86 81 4B 28 00 00 12 10 00 C4 7E"}
{"ts":"2026-04-02T23:18:09.755Z","level":"INFO","device":"868120018681","event":"SENT_RAW_MARKER","detail":"00_64_6401_00_86812001868100260402231809230200.jpg packet=277 bytes data=215 bytes"}
{"ts":"2026-04-02T23:18:09.755Z","level":"INFO","device":"868120018681","event":"SENT_1212","detail":"00_64_6401_00_86812001868100260402231809230200.jpg type=0"}
{"ts":"2026-04-02T23:18:09.810Z","level":"INFO","device":"868120018681","event":"MEDIA_RX","detail":"7E 92 12 00 36 86 81 20 01 86 81 4E 9E 32 30 30 5F 36 34 5F 36 34 30 31 5F 30 30 5F 38 36 38 31 32 30 30 31 38 36 38 31 30 30 32 36 30 34 30 32 32 33 31 38 30 39 32 33 30 32 30 30 2E 6A 70 67 00 00 00 24 7E"}
{"ts":"2026-04-02T23:18:10.056Z","level":"INFO","device":"868120018681","event":"FILE_START","detail":"[2/2] 02_64_6401_03_86812001868100260402231809230200.mp4 (65536 bytes)"}
{"ts":"2026-04-02T23:18:10.056Z","level":"INFO","device":"868120018681","event":"SENT_1210","detail":"02_64_6401_03_86812001868100260402231809230200.mp4"}
{"ts":"2026-04-02T23:18:10.070Z","level":"INFO","device":"868120018681","event":"MEDIA_RX","detail":"7E 80 01 00 05 86 81 20 01 86 81 4C 3B 00 02 12 10 00 D2 7E"}
{"ts":"2026-04-02T23:18:10.157Z","level":"INFO","device":"868120018681","event":"SENT_RAW_MARKER","detail":"02_64_6401_03_86812001868100260402231809230200.mp4 packet=65598 bytes data=65536 bytes"}
{"ts":"2026-04-02T23:18:10.157Z","level":"INFO","device":"868120018681","event":"SENT_1212","detail":"02_64_6401_03_86812001868100260402231809230200.mp4 type=2"}
{"ts":"2026-04-02T23:18:10.186Z","level":"INFO","device":"868120018681","event":"MEDIA_RX","detail":"7E 92 12 00 36 86 81 20 01 86 81 9F 64 32 30 32 5F 36 34 5F 36 34 30 31 5F 30 33 5F 38 36 38 31 32 30 30 31 38 36 38 31 30 30 32 36 30 34 30 32 32 33 31 38 30 39 32 33 30 32 30 30 2E 6D 70 34 02 00 00 58 7E"}
{"ts":"2026-04-02T23:18:10.458Z","level":"INFO","device":"868120018681","event":"BATCH_COMPLETE","detail":"All 2 files sent"}
{"ts":"2026-04-02T23:18:10.700Z","level":"INFO","device":"868120018681","event":"MEDIA_CLOSED","detail":""}
{"ts":"2026-04-02T23:18:19.571Z","level":"INFO","device":"868120018681","event":"GPS_SENT","detail":""}
{"ts":"2026-04-02T23:18:19.581Z","level":"INFO","device":"868120018681","event":"RX_MSG","detail":"0x8001 bodyLen=5"}
{"ts":"2026-04-02T23:18:19.581Z","level":"INFO","device":"868120018681","event":"SERVER_ACK","detail":"0x0200 result=OK"}
{"ts":"2026-04-02T23:18:19.628Z","level":"INFO","device":"868120018681","event":"INCIDENT_SENT","detail":"mediaId=36 alarmId=86812001868100260402231819240200"}
{"ts":"2026-04-02T23:18:19.636Z","level":"INFO","device":"868120018681","event":"RX_MSG","detail":"0x8001 bodyLen=5"}
{"ts":"2026-04-02T23:18:19.636Z","level":"INFO","device":"868120018681","event":"SERVER_ACK","detail":"0x0200 result=OK"}
{"ts":"2026-04-02T23:18:19.643Z","level":"INFO","device":"868120018681","event":"RX_MSG","detail":"0x9208 bodyLen=81"}
{"ts":"2026-04-02T23:18:19.643Z","level":"INFO","device":"868120018681","event":"9208_RAW","detail":"0C35342E33372E3232352E36350D32000086812001868100260402231819240200383638313230303138363831303032363034303232333138313932343032303000000000000000000000000000000000"}
{"ts":"2026-04-02T23:18:19.643Z","level":"INFO","device":"868120018681","event":"UPLOAD_TRIGGERED","detail":"media: 54.37.225.65:3378 | alarmId: 86812001868100260402231819240200"}
{"ts":"2026-04-02T23:18:19.643Z","level":"INFO","device":"868120018681","event":"MEDIA_CONNECTING","detail":"54.37.225.65:3378 files=2"}
{"ts":"2026-04-02T23:18:19.649Z","level":"INFO","device":"868120018681","event":"RX_MSG","detail":"0x8001 bodyLen=5"}
{"ts":"2026-04-02T23:18:19.649Z","level":"INFO","device":"868120018681","event":"SERVER_ACK","detail":"0x0800 result=OK"}
{"ts":"2026-04-02T23:18:19.650Z","level":"INFO","device":"868120018681","event":"MEDIA_CONNECTED","detail":"54.37.225.65:3378"}
{"ts":"2026-04-02T23:18:19.650Z","level":"INFO","device":"868120018681","event":"FILE_START","detail":"[1/2] 00_64_6401_00_86812001868100260402231819240200.jpg (215 bytes)"}
{"ts":"2026-04-02T23:18:19.651Z","level":"INFO","device":"868120018681","event":"SENT_1210","detail":"00_64_6401_00_86812001868100260402231819240200.jpg"}
{"ts":"2026-04-02T23:18:19.659Z","level":"INFO","device":"868120018681","event":"MEDIA_RX","detail":"7E 80 01 00 05 86 81 20 01 86 81 98 14 00 00 12 10 00 2B 7E"}
{"ts":"2026-04-02T23:18:19.755Z","level":"INFO","device":"868120018681","event":"SENT_RAW_MARKER","detail":"00_64_6401_00_86812001868100260402231819240200.jpg packet=277 bytes data=215 bytes"}
{"ts":"2026-04-02T23:18:19.756Z","level":"INFO","device":"868120018681","event":"SENT_1212","detail":"00_64_6401_00_86812001868100260402231819240200.jpg type=0"}
{"ts":"2026-04-02T23:18:19.809Z","level":"INFO","device":"868120018681","event":"MEDIA_RX","detail":"7E 92 12 00 36 86 81 20 01 86 81 F5 BE 32 30 30 5F 36 34 5F 36 34 30 31 5F 30 30 5F 38 36 38 31 32 30 30 31 38 36 38 31 30 30 32 36 30 34 30 32 32 33 31 38 31 39 32 34 30 32 30 30 2E 6A 70 67 00 00 00 B9 7E"}
{"ts":"2026-04-02T23:18:20.059Z","level":"INFO","device":"868120018681","event":"FILE_START","detail":"[2/2] 02_64_6401_03_86812001868100260402231819240200.mp4 (65536 bytes)"}
{"ts":"2026-04-02T23:18:20.059Z","level":"INFO","device":"868120018681","event":"SENT_1210","detail":"02_64_6401_03_86812001868100260402231819240200.mp4"}
{"ts":"2026-04-02T23:18:20.068Z","level":"INFO","device":"868120018681","event":"MEDIA_RX","detail":"7E 80 01 00 05 86 81 20 01 86 81 23 B3 00 02 12 10 00 35 7E"}
{"ts":"2026-04-02T23:18:20.162Z","level":"INFO","device":"868120018681","event":"SENT_RAW_MARKER","detail":"02_64_6401_03_86812001868100260402231819240200.mp4 packet=65598 bytes data=65536 bytes"}
{"ts":"2026-04-02T23:18:20.162Z","level":"INFO","device":"868120018681","event":"SENT_1212","detail":"02_64_6401_03_86812001868100260402231819240200.mp4 type=2"}
{"ts":"2026-04-02T23:18:20.207Z","level":"INFO","device":"868120018681","event":"MEDIA_RX","detail":"7E 92 12 00 36 86 81 20 01 86 81 58 16 32 30 32 5F 36 34 5F 36 34 30 31 5F 30 33 5F 38 36 38 31 32 30 30 31 38 36 38 31 30 30 32 36 30 34 30 32 32 33 31 38 31 39 32 34 30 32 30 30 2E 6D 70 34 02 00 00 EB 7E"}
{"ts":"2026-04-02T23:18:20.462Z","level":"INFO","device":"868120018681","event":"BATCH_COMPLETE","detail":"All 2 files sent"}
{"ts":"2026-04-02T23:18:20.712Z","level":"INFO","device":"868120018681","event":"MEDIA_CLOSED","detail":""}
{"ts":"2026-04-02T23:18:29.630Z","level":"INFO","device":"868120018681","event":"INCIDENT_SENT","detail":"mediaId=37 alarmId=86812001868100260402231829250200"}
{"ts":"2026-04-02T23:18:29.639Z","level":"INFO","device":"868120018681","event":"RX_MSG","detail":"0x8001 bodyLen=5"}
{"ts":"2026-04-02T23:18:29.640Z","level":"INFO","device":"868120018681","event":"SERVER_ACK","detail":"0x0200 result=OK"}
{"ts":"2026-04-02T23:18:29.645Z","level":"INFO","device":"868120018681","event":"RX_MSG","detail":"0x9208 bodyLen=81"}
{"ts":"2026-04-02T23:18:29.646Z","level":"INFO","device":"868120018681","event":"9208_RAW","detail":"0C35342E33372E3232352E36350D32000086812001868100260402231829250200383638313230303138363831303032363034303232333138323932353032303000000000000000000000000000000000"}
{"ts":"2026-04-02T23:18:29.646Z","level":"INFO","device":"868120018681","event":"UPLOAD_TRIGGERED","detail":"media: 54.37.225.65:3378 | alarmId: 86812001868100260402231829250200"}
{"ts":"2026-04-02T23:18:29.646Z","level":"INFO","device":"868120018681","event":"MEDIA_CONNECTING","detail":"54.37.225.65:3378 files=2"}
{"ts":"2026-04-02T23:18:29.653Z","level":"INFO","device":"868120018681","event":"RX_MSG","detail":"0x8001 bodyLen=5"}
{"ts":"2026-04-02T23:18:29.653Z","level":"INFO","device":"868120018681","event":"SERVER_ACK","detail":"0x0800 result=OK"}
{"ts":"2026-04-02T23:18:29.659Z","level":"INFO","device":"868120018681","event":"MEDIA_CONNECTED","detail":"54.37.225.65:3378"}
{"ts":"2026-04-02T23:18:29.659Z","level":"INFO","device":"868120018681","event":"FILE_START","detail":"[1/2] 00_64_6401_00_86812001868100260402231829250200.jpg (215 bytes)"}
{"ts":"2026-04-02T23:18:29.660Z","level":"INFO","device":"868120018681","event":"SENT_1210","detail":"00_64_6401_00_86812001868100260402231829250200.jpg"}
{"ts":"2026-04-02T23:18:29.667Z","level":"INFO","device":"868120018681","event":"MEDIA_RX","detail":"7E 80 01 00 05 86 81 20 01 86 81 AD C9 00 00 12 10 00 C3 7E"}
{"ts":"2026-04-02T23:18:29.764Z","level":"INFO","device":"868120018681","event":"SENT_RAW_MARKER","detail":"00_64_6401_00_86812001868100260402231829250200.jpg packet=277 bytes data=215 bytes"}
{"ts":"2026-04-02T23:18:29.764Z","level":"INFO","device":"868120018681","event":"SENT_1212","detail":"00_64_6401_00_86812001868100260402231829250200.jpg type=0"}
{"ts":"2026-04-02T23:18:29.823Z","level":"INFO","device":"868120018681","event":"MEDIA_RX","detail":"7E 92 12 00 36 86 81 20 01 86 81 6E 19 32 30 30 5F 36 34 5F 36 34 30 31 5F 30 30 5F 38 36 38 31 32 30 30 31 38 36 38 31 30 30 32 36 30 34 30 32 32 33 31 38 32 39 32 35 30 32 30 30 2E 6A 70 67 00 00 00 87 7E"}
{"ts":"2026-04-02T23:18:30.069Z","level":"INFO","device":"868120018681","event":"FILE_START","detail":"[2/2] 02_64_6401_03_86812001868100260402231829250200.mp4 (65536 bytes)"}
{"ts":"2026-04-02T23:18:30.069Z","level":"INFO","device":"868120018681","event":"SENT_1210","detail":"02_64_6401_03_86812001868100260402231829250200.mp4"}
{"ts":"2026-04-02T23:18:30.083Z","level":"INFO","device":"868120018681","event":"MEDIA_RX","detail":"7E 80 01 00 05 86 81 20 01 86 81 21 88 00 02 12 10 00 0C 7E"}
{"ts":"2026-04-02T23:18:30.172Z","level":"INFO","device":"868120018681","event":"SENT_RAW_MARKER","detail":"02_64_6401_03_86812001868100260402231829250200.mp4 packet=65598 bytes data=65536 bytes"}
{"ts":"2026-04-02T23:18:30.172Z","level":"INFO","device":"868120018681","event":"SENT_1212","detail":"02_64_6401_03_86812001868100260402231829250200.mp4 type=2"}
{"ts":"2026-04-02T23:18:30.195Z","level":"INFO","device":"868120018681","event":"MEDIA_RX","detail":"7E 92 12 00 36 86 81 20 01 86 81 F0 A3 32 30 32 5F 36 34 5F 36 34 30 31 5F 30 33 5F 38 36 38 31 32 30 30 31 38 36 38 31 30 30 32 36 30 34 30 32 32 33 31 38 32 39 32 35 30 32 30 30 2E 6D 70 34 02 00 00 F4 7E"}
{"ts":"2026-04-02T23:18:30.472Z","level":"INFO","device":"868120018681","event":"BATCH_COMPLETE","detail":"All 2 files sent"}
{"ts":"2026-04-02T23:18:30.485Z","level":"INFO","device":"868120018681","event":"MEDIA_CLOSED","detail":""}
{"ts":"2026-04-02T23:18:39.575Z","level":"INFO","device":"868120018681","event":"GPS_SENT","detail":""}
{"ts":"2026-04-02T23:18:39.591Z","level":"INFO","device":"868120018681","event":"RX_MSG","detail":"0x8001 bodyLen=5"}
{"ts":"2026-04-02T23:18:39.591Z","level":"INFO","device":"868120018681","event":"SERVER_ACK","detail":"0x0200 result=OK"}
{"ts":"2026-04-02T23:18:39.630Z","level":"INFO","device":"868120018681","event":"INCIDENT_SENT","detail":"mediaId=38 alarmId=86812001868100260402231839260200"}
{"ts":"2026-04-02T23:18:39.642Z","level":"INFO","device":"868120018681","event":"RX_MSG","detail":"0x8001 bodyLen=5"}
{"ts":"2026-04-02T23:18:39.642Z","level":"INFO","device":"868120018681","event":"SERVER_ACK","detail":"0x0200 result=OK"}
{"ts":"2026-04-02T23:18:39.658Z","level":"INFO","device":"868120018681","event":"RX_MSG","detail":"0x9208 bodyLen=81"}
{"ts":"2026-04-02T23:18:39.658Z","level":"INFO","device":"868120018681","event":"9208_RAW","detail":"0C35342E33372E3232352E36350D32000086812001868100260402231839260200383638313230303138363831303032363034303232333138333932363032303000000000000000000000000000000000"}
{"ts":"2026-04-02T23:18:39.658Z","level":"INFO","device":"868120018681","event":"UPLOAD_TRIGGERED","detail":"media: 54.37.225.65:3378 | alarmId: 86812001868100260402231839260200"}
{"ts":"2026-04-02T23:18:39.658Z","level":"INFO","device":"868120018681","event":"MEDIA_CONNECTING","detail":"54.37.225.65:3378 files=2"}
{"ts":"2026-04-02T23:18:39.658Z","level":"INFO","device":"868120018681","event":"RX_MSG","detail":"0x8001 bodyLen=5"}
{"ts":"2026-04-02T23:18:39.658Z","level":"INFO","device":"868120018681","event":"SERVER_ACK","detail":"0x0800 result=OK"}
{"ts":"2026-04-02T23:18:39.667Z","level":"INFO","device":"868120018681","event":"MEDIA_CONNECTED","detail":"54.37.225.65:3378"}
{"ts":"2026-04-02T23:18:39.667Z","level":"INFO","device":"868120018681","event":"FILE_START","detail":"[1/2] 00_64_6401_00_86812001868100260402231839260200.jpg (215 bytes)"}
{"ts":"2026-04-02T23:18:39.668Z","level":"INFO","device":"868120018681","event":"SENT_1210","detail":"00_64_6401_00_86812001868100260402231839260200.jpg"}
{"ts":"2026-04-02T23:18:39.677Z","level":"INFO","device":"868120018681","event":"MEDIA_RX","detail":"7E 80 01 00 05 86 81 20 01 86 81 09 BE 00 00 12 10 00 10 7E"}
{"ts":"2026-04-02T23:18:39.771Z","level":"INFO","device":"868120018681","event":"SENT_RAW_MARKER","detail":"00_64_6401_00_86812001868100260402231839260200.jpg packet=277 bytes data=215 bytes"}
{"ts":"2026-04-02T23:18:39.771Z","level":"INFO","device":"868120018681","event":"SENT_1212","detail":"00_64_6401_00_86812001868100260402231839260200.jpg type=0"}
{"ts":"2026-04-02T23:18:39.825Z","level":"INFO","device":"868120018681","event":"MEDIA_RX","detail":"7E 92 12 00 36 86 81 20 01 86 81 4B 44 32 30 30 5F 36 34 5F 36 34 30 31 5F 30 30 5F 38 36 38 31 32 30 30 31 38 36 38 31 30 30 32 36 30 34 30 32 32 33 31 38 33 39 32 36 30 32 30 30 2E 6A 70 67 00 00 00 FD 7E"}
{"ts":"2026-04-02T23:18:40.228Z","level":"INFO","device":"868120018681","event":"FILE_START","detail":"[2/2] 02_64_6401_03_86812001868100260402231839260200.mp4 (65536 bytes)"}
{"ts":"2026-04-02T23:18:40.229Z","level":"INFO","device":"868120018681","event":"SENT_1210","detail":"02_64_6401_03_86812001868100260402231839260200.mp4"}
{"ts":"2026-04-02T23:18:40.242Z","level":"INFO","device":"868120018681","event":"MEDIA_RX","detail":"7E 80 01 00 05 86 81 20 01 86 81 46 8B 00 02 12 10 00 68 7E"}
{"ts":"2026-04-02T23:18:40.332Z","level":"INFO","device":"868120018681","event":"SENT_RAW_MARKER","detail":"02_64_6401_03_86812001868100260402231839260200.mp4 packet=65598 bytes data=65536 bytes"}
{"ts":"2026-04-02T23:18:40.333Z","level":"INFO","device":"868120018681","event":"SENT_1212","detail":"02_64_6401_03_86812001868100260402231839260200.mp4 type=2"}
{"ts":"2026-04-02T23:18:40.377Z","level":"INFO","device":"868120018681","event":"MEDIA_RX","detail":"7E 92 12 00 36 86 81 20 01 86 81 D0 FE 32 30 32 5F 36 34 5F 36 34 30 31 5F 30 33 5F 38 36 38 31 32 30 30 31 38 36 38 31 30 30 32 36 30 34 30 32 32 33 31 38 33 39 32 36 30 32 30 30 2E 6D 70 34 02 00 00 8B 7E"}
{"ts":"2026-04-02T23:18:40.634Z","level":"INFO","device":"868120018681","event":"BATCH_COMPLETE","detail":"All 2 files sent"}
{"ts":"2026-04-02T23:18:40.647Z","level":"INFO","device":"868120018681","event":"MEDIA_CLOSED","detail":""}
{"ts":"2026-04-02T23:18:49.630Z","level":"INFO","device":"868120018681","event":"INCIDENT_SENT","detail":"mediaId=39 alarmId=86812001868100260402231849270200"}
{"ts":"2026-04-02T23:18:49.639Z","level":"INFO","device":"868120018681","event":"RX_MSG","detail":"0x8001 bodyLen=5"}
{"ts":"2026-04-02T23:18:49.639Z","level":"INFO","device":"868120018681","event":"SERVER_ACK","detail":"0x0200 result=OK"}
{"ts":"2026-04-02T23:18:49.643Z","level":"INFO","device":"868120018681","event":"RX_MSG","detail":"0x9208 bodyLen=81"}
{"ts":"2026-04-02T23:18:49.644Z","level":"INFO","device":"868120018681","event":"9208_RAW","detail":"0C35342E33372E3232352E36350D32000086812001868100260402231849270200383638313230303138363831303032363034303232333138343932373032303000000000000000000000000000000000"}
{"ts":"2026-04-02T23:18:49.644Z","level":"INFO","device":"868120018681","event":"UPLOAD_TRIGGERED","detail":"media: 54.37.225.65:3378 | alarmId: 86812001868100260402231849270200"}
{"ts":"2026-04-02T23:18:49.644Z","level":"INFO","device":"868120018681","event":"MEDIA_CONNECTING","detail":"54.37.225.65:3378 files=2"}
{"ts":"2026-04-02T23:18:49.650Z","level":"INFO","device":"868120018681","event":"RX_MSG","detail":"0x8001 bodyLen=5"}
{"ts":"2026-04-02T23:18:49.650Z","level":"INFO","device":"868120018681","event":"SERVER_ACK","detail":"0x0800 result=OK"}
{"ts":"2026-04-02T23:18:49.652Z","level":"INFO","device":"868120018681","event":"MEDIA_CONNECTED","detail":"54.37.225.65:3378"}
{"ts":"2026-04-02T23:18:49.652Z","level":"INFO","device":"868120018681","event":"FILE_START","detail":"[1/2] 00_64_6401_00_86812001868100260402231849270200.jpg (215 bytes)"}
{"ts":"2026-04-02T23:18:49.653Z","level":"INFO","device":"868120018681","event":"SENT_1210","detail":"00_64_6401_00_86812001868100260402231849270200.jpg"}
{"ts":"2026-04-02T23:18:49.661Z","level":"INFO","device":"868120018681","event":"MEDIA_RX","detail":"7E 80 01 00 05 86 81 20 01 86 81 CD 8D 00 00 12 10 00 E7 7E"}
{"ts":"2026-04-02T23:18:49.755Z","level":"INFO","device":"868120018681","event":"SENT_RAW_MARKER","detail":"00_64_6401_00_86812001868100260402231849270200.jpg packet=277 bytes data=215 bytes"}
{"ts":"2026-04-02T23:18:49.755Z","level":"INFO","device":"868120018681","event":"SENT_1212","detail":"00_64_6401_00_86812001868100260402231849270200.jpg type=0"}
{"ts":"2026-04-02T23:18:49.808Z","level":"INFO","device":"868120018681","event":"MEDIA_RX","detail":"7E 92 12 00 36 86 81 20 01 86 81 D3 88 32 30 30 5F 36 34 5F 36 34 30 31 5F 30 30 5F 38 36 38 31 32 30 30 31 38 36 38 31 30 30 32 36 30 34 30 32 32 33 31 38 34 39 32 37 30 32 30 30 2E 6A 70 67 00 00 00 AF 7E"}
{"ts":"2026-04-02T23:18:50.057Z","level":"INFO","device":"868120018681","event":"FILE_START","detail":"[2/2] 02_64_6401_03_86812001868100260402231849270200.mp4 (65536 bytes)"}
{"ts":"2026-04-02T23:18:50.057Z","level":"INFO","device":"868120018681","event":"SENT_1210","detail":"02_64_6401_03_86812001868100260402231849270200.mp4"}
{"ts":"2026-04-02T23:18:50.070Z","level":"INFO","device":"868120018681","event":"MEDIA_RX","detail":"7E 80 01 00 05 86 81 20 01 86 81 69 14 00 02 12 10 00 D8 7E"}
{"ts":"2026-04-02T23:18:50.159Z","level":"INFO","device":"868120018681","event":"SENT_RAW_MARKER","detail":"02_64_6401_03_86812001868100260402231849270200.mp4 packet=65598 bytes data=65536 bytes"}
{"ts":"2026-04-02T23:18:50.160Z","level":"INFO","device":"868120018681","event":"SENT_1212","detail":"02_64_6401_03_86812001868100260402231849270200.mp4 type=2"}
{"ts":"2026-04-02T23:18:50.191Z","level":"INFO","device":"868120018681","event":"MEDIA_RX","detail":"7E 92 12 00 36 86 81 20 01 86 81 2B 94 32 30 32 5F 36 34 5F 36 34 30 31 5F 30 33 5F 38 36 38 31 32 30 30 31 38 36 38 31 30 30 32 36 30 34 30 32 32 33 31 38 34 39 32 37 30 32 30 30 2E 6D 70 34 02 00 00 1C 7E"}
{"ts":"2026-04-02T23:18:50.463Z","level":"INFO","device":"868120018681","event":"BATCH_COMPLETE","detail":"All 2 files sent"}
{"ts":"2026-04-02T23:18:50.475Z","level":"INFO","device":"868120018681","event":"MEDIA_CLOSED","detail":""}
{"ts":"2026-04-02T23:18:59.579Z","level":"INFO","device":"868120018681","event":"GPS_SENT","detail":""}
{"ts":"2026-04-02T23:18:59.588Z","level":"INFO","device":"868120018681","event":"RX_MSG","detail":"0x8001 bodyLen=5"}
{"ts":"2026-04-02T23:18:59.588Z","level":"INFO","device":"868120018681","event":"SERVER_ACK","detail":"0x0200 result=OK"}
{"ts":"2026-04-02T23:18:59.631Z","level":"INFO","device":"868120018681","event":"INCIDENT_SENT","detail":"mediaId=40 alarmId=86812001868100260402231859280200"}
{"ts":"2026-04-02T23:18:59.639Z","level":"INFO","device":"868120018681","event":"RX_MSG","detail":"0x8001 bodyLen=5"}
{"ts":"2026-04-02T23:18:59.639Z","level":"INFO","device":"868120018681","event":"SERVER_ACK","detail":"0x0200 result=OK"}
{"ts":"2026-04-02T23:18:59.646Z","level":"INFO","device":"868120018681","event":"RX_MSG","detail":"0x9208 bodyLen=81"}
{"ts":"2026-04-02T23:18:59.646Z","level":"INFO","device":"868120018681","event":"9208_RAW","detail":"0C35342E33372E3232352E36350D32000086812001868100260402231859280200383638313230303138363831303032363034303232333138353932383032303000000000000000000000000000000000"}
{"ts":"2026-04-02T23:18:59.646Z","level":"INFO","device":"868120018681","event":"UPLOAD_TRIGGERED","detail":"media: 54.37.225.65:3378 | alarmId: 86812001868100260402231859280200"}
{"ts":"2026-04-02T23:18:59.646Z","level":"INFO","device":"868120018681","event":"MEDIA_CONNECTING","detail":"54.37.225.65:3378 files=2"}
{"ts":"2026-04-02T23:18:59.650Z","level":"INFO","device":"868120018681","event":"RX_MSG","detail":"0x8001 bodyLen=5"}
{"ts":"2026-04-02T23:18:59.650Z","level":"INFO","device":"868120018681","event":"SERVER_ACK","detail":"0x0800 result=OK"}
{"ts":"2026-04-02T23:18:59.655Z","level":"INFO","device":"868120018681","event":"MEDIA_CONNECTED","detail":"54.37.225.65:3378"}
{"ts":"2026-04-02T23:18:59.655Z","level":"INFO","device":"868120018681","event":"FILE_START","detail":"[1/2] 00_64_6401_00_86812001868100260402231859280200.jpg (215 bytes)"}
{"ts":"2026-04-02T23:18:59.655Z","level":"INFO","device":"868120018681","event":"SENT_1210","detail":"00_64_6401_00_86812001868100260402231859280200.jpg"}
{"ts":"2026-04-02T23:18:59.663Z","level":"INFO","device":"868120018681","event":"MEDIA_RX","detail":"7E 80 01 00 05 86 81 20 01 86 81 E9 54 00 00 12 10 00 1A 7E"}
{"ts":"2026-04-02T23:18:59.759Z","level":"INFO","device":"868120018681","event":"SENT_RAW_MARKER","detail":"00_64_6401_00_86812001868100260402231859280200.jpg packet=277 bytes data=215 bytes"}
{"ts":"2026-04-02T23:18:59.760Z","level":"INFO","device":"868120018681","event":"SENT_1212","detail":"00_64_6401_00_86812001868100260402231859280200.jpg type=0"}
{"ts":"2026-04-02T23:18:59.817Z","level":"INFO","device":"868120018681","event":"MEDIA_RX","detail":"7E 92 12 00 36 86 81 20 01 86 81 6F C2 32 30 30 5F 36 34 5F 36 34 30 31 5F 30 30 5F 38 36 38 31 32 30 30 31 38 36 38 31 30 30 32 36 30 34 30 32 32 33 31 38 35 39 32 38 30 32 30 30 2E 6A 70 67 00 00 00 57 7E"}
{"ts":"2026-04-02T23:19:00.067Z","level":"INFO","device":"868120018681","event":"FILE_START","detail":"[2/2] 02_64_6401_03_86812001868100260402231859280200.mp4 (65536 bytes)"}
{"ts":"2026-04-02T23:19:00.074Z","level":"INFO","device":"868120018681","event":"SENT_1210","detail":"02_64_6401_03_86812001868100260402231859280200.mp4"}
{"ts":"2026-04-02T23:19:00.182Z","level":"INFO","device":"868120018681","event":"SENT_RAW_MARKER","detail":"02_64_6401_03_86812001868100260402231859280200.mp4 packet=65598 bytes data=65536 bytes"}
{"ts":"2026-04-02T23:19:00.183Z","level":"INFO","device":"868120018681","event":"SENT_1212","detail":"02_64_6401_03_86812001868100260402231859280200.mp4 type=2"}
{"ts":"2026-04-02T23:19:00.200Z","level":"INFO","device":"868120018681","event":"MEDIA_RX","detail":"7E 80 01 00 05 86 81 20 01 86 81 69 62 00 02 12 10 00 AE 7E"}
{"ts":"2026-04-02T23:19:00.218Z","level":"INFO","device":"868120018681","event":"MEDIA_RX","detail":"7E 92 12 00 36 86 81 20 01 86 81 40 B6 32 30 32 5F 36 34 5F 36 34 30 31 5F 30 33 5F 38 36 38 31 32 30 30 31 38 36 38 31 30 30 32 36 30 34 30 32 32 33 31 38 35 39 32 38 30 32 30 30 2E 6D 70 34 02 00 00 5B 7E"}
{"ts":"2026-04-02T23:19:00.486Z","level":"INFO","device":"868120018681","event":"BATCH_COMPLETE","detail":"All 2 files sent"}
{"ts":"2026-04-02T23:19:00.736Z","level":"INFO","device":"868120018681","event":"MEDIA_CLOSED","detail":""}
{"ts":"2026-04-02T23:19:09.636Z","level":"INFO","device":"868120018681","event":"INCIDENT_SENT","detail":"mediaId=41 alarmId=86812001868100260402231909290200"}
{"ts":"2026-04-02T23:19:09.647Z","level":"INFO","device":"868120018681","event":"RX_MSG","detail":"0x8001 bodyLen=5"}
{"ts":"2026-04-02T23:19:09.647Z","level":"INFO","device":"868120018681","event":"SERVER_ACK","detail":"0x0200 result=OK"}
{"ts":"2026-04-02T23:19:09.654Z","level":"INFO","device":"868120018681","event":"RX_MSG","detail":"0x9208 bodyLen=81"}
{"ts":"2026-04-02T23:19:09.654Z","level":"INFO","device":"868120018681","event":"9208_RAW","detail":"0C35342E33372E3232352E36350D32000086812001868100260402231909290200383638313230303138363831303032363034303232333139303932393032303000000000000000000000000000000000"}
{"ts":"2026-04-02T23:19:09.654Z","level":"INFO","device":"868120018681","event":"UPLOAD_TRIGGERED","detail":"media: 54.37.225.65:3378 | alarmId: 86812001868100260402231909290200"}
{"ts":"2026-04-02T23:19:09.654Z","level":"INFO","device":"868120018681","event":"MEDIA_CONNECTING","detail":"54.37.225.65:3378 files=2"}
{"ts":"2026-04-02T23:19:09.660Z","level":"INFO","device":"868120018681","event":"RX_MSG","detail":"0x8001 bodyLen=5"}
{"ts":"2026-04-02T23:19:09.660Z","level":"INFO","device":"868120018681","event":"SERVER_ACK","detail":"0x0800 result=OK"}
{"ts":"2026-04-02T23:19:09.663Z","level":"INFO","device":"868120018681","event":"MEDIA_CONNECTED","detail":"54.37.225.65:3378"}
{"ts":"2026-04-02T23:19:09.663Z","level":"INFO","device":"868120018681","event":"FILE_START","detail":"[1/2] 00_64_6401_00_86812001868100260402231909290200.jpg (215 bytes)"}
{"ts":"2026-04-02T23:19:09.664Z","level":"INFO","device":"868120018681","event":"SENT_1210","detail":"00_64_6401_00_86812001868100260402231909290200.jpg"}
{"ts":"2026-04-02T23:19:09.671Z","level":"INFO","device":"868120018681","event":"MEDIA_RX","detail":"7E 80 01 00 05 86 81 20 01 86 81 12 C0 00 00 12 10 00 75 7E"}
{"ts":"2026-04-02T23:19:09.769Z","level":"INFO","device":"868120018681","event":"SENT_RAW_MARKER","detail":"00_64_6401_00_86812001868100260402231909290200.jpg packet=277 bytes data=215 bytes"}
{"ts":"2026-04-02T23:19:09.770Z","level":"INFO","device":"868120018681","event":"SENT_1212","detail":"00_64_6401_00_86812001868100260402231909290200.jpg type=0"}
{"ts":"2026-04-02T23:19:09.832Z","level":"INFO","device":"868120018681","event":"MEDIA_RX","detail":"7E 92 12 00 36 86 81 20 01 86 81 F9 7A 32 30 30 5F 36 34 5F 36 34 30 31 5F 30 30 5F 38 36 38 31 32 30 30 31 38 36 38 31 30 30 32 36 30 34 30 32 32 33 31 39 30 39 32 39 30 32 30 30 2E 6A 70 67 00 00 00 7C 7E"}
{"ts":"2026-04-02T23:19:10.071Z","level":"INFO","device":"868120018681","event":"FILE_START","detail":"[2/2] 02_64_6401_03_86812001868100260402231909290200.mp4 (65536 bytes)"}
{"ts":"2026-04-02T23:19:10.071Z","level":"INFO","device":"868120018681","event":"SENT_1210","detail":"02_64_6401_03_86812001868100260402231909290200.mp4"}
{"ts":"2026-04-02T23:19:10.078Z","level":"INFO","device":"868120018681","event":"MEDIA_RX","detail":"7E 80 01 00 05 86 81 20 01 86 81 13 36 00 02 12 10 00 80 7E"}
{"ts":"2026-04-02T23:19:10.172Z","level":"INFO","device":"868120018681","event":"SENT_RAW_MARKER","detail":"02_64_6401_03_86812001868100260402231909290200.mp4 packet=65598 bytes data=65536 bytes"}
{"ts":"2026-04-02T23:19:10.173Z","level":"INFO","device":"868120018681","event":"SENT_1212","detail":"02_64_6401_03_86812001868100260402231909290200.mp4 type=2"}
{"ts":"2026-04-02T23:19:10.195Z","level":"INFO","device":"868120018681","event":"MEDIA_RX","detail":"7E 92 12 00 36 86 81 20 01 86 81 E4 03 32 30 32 5F 36 34 5F 36 34 30 31 5F 30 33 5F 38 36 38 31 32 30 30 31 38 36 38 31 30 30 32 36 30 34 30 32 32 33 31 39 30 39 32 39 30 32 30 30 2E 6D 70 34 02 00 00 4F 7E"}
{"ts":"2026-04-02T23:19:10.477Z","level":"INFO","device":"868120018681","event":"BATCH_COMPLETE","detail":"All 2 files sent"}
{"ts":"2026-04-02T23:19:10.724Z","level":"INFO","device":"868120018681","event":"MEDIA_CLOSED","detail":""}
{"ts":"2026-04-02T23:19:19.580Z","level":"INFO","device":"868120018681","event":"GPS_SENT","detail":""}
{"ts":"2026-04-02T23:19:19.590Z","level":"INFO","device":"868120018681","event":"RX_MSG","detail":"0x8001 bodyLen=5"}
{"ts":"2026-04-02T23:19:19.591Z","level":"INFO","device":"868120018681","event":"SERVER_ACK","detail":"0x0200 result=OK"}
{"ts":"2026-04-02T23:19:19.639Z","level":"INFO","device":"868120018681","event":"INCIDENT_SENT","detail":"mediaId=42 alarmId=868120018681002604022319192A0200"}
{"ts":"2026-04-02T23:19:19.647Z","level":"INFO","device":"868120018681","event":"RX_MSG","detail":"0x8001 bodyLen=5"}
{"ts":"2026-04-02T23:19:19.647Z","level":"INFO","device":"868120018681","event":"SERVER_ACK","detail":"0x0200 result=OK"}
{"ts":"2026-04-02T23:19:19.656Z","level":"INFO","device":"868120018681","event":"RX_MSG","detail":"0x9208 bodyLen=81"}
{"ts":"2026-04-02T23:19:19.656Z","level":"INFO","device":"868120018681","event":"9208_RAW","detail":"0C35342E33372E3232352E36350D320000868120018681002604022319192A0200383638313230303138363831303032363034303232333139313932613032303000000000000000000000000000000000"}
{"ts":"2026-04-02T23:19:19.656Z","level":"INFO","device":"868120018681","event":"UPLOAD_TRIGGERED","detail":"media: 54.37.225.65:3378 | alarmId: 868120018681002604022319192A0200"}
{"ts":"2026-04-02T23:19:19.656Z","level":"INFO","device":"868120018681","event":"MEDIA_CONNECTING","detail":"54.37.225.65:3378 files=2"}
{"ts":"2026-04-02T23:19:19.658Z","level":"INFO","device":"868120018681","event":"RX_MSG","detail":"0x8001 bodyLen=5"}
{"ts":"2026-04-02T23:19:19.658Z","level":"INFO","device":"868120018681","event":"SERVER_ACK","detail":"0x0800 result=OK"}
{"ts":"2026-04-02T23:19:19.664Z","level":"INFO","device":"868120018681","event":"MEDIA_CONNECTED","detail":"54.37.225.65:3378"}
{"ts":"2026-04-02T23:19:19.664Z","level":"INFO","device":"868120018681","event":"FILE_START","detail":"[1/2] 00_64_6401_00_868120018681002604022319192A0200.jpg (215 bytes)"}
{"ts":"2026-04-02T23:19:19.665Z","level":"INFO","device":"868120018681","event":"SENT_1210","detail":"00_64_6401_00_868120018681002604022319192A0200.jpg"}
{"ts":"2026-04-02T23:19:19.673Z","level":"INFO","device":"868120018681","event":"MEDIA_RX","detail":"7E 80 01 00 05 86 81 20 01 86 81 D3 6B 00 00 12 10 00 1F 7E"}
{"ts":"2026-04-02T23:19:19.770Z","level":"INFO","device":"868120018681","event":"SENT_RAW_MARKER","detail":"00_64_6401_00_868120018681002604022319192A0200.jpg packet=277 bytes data=215 bytes"}
{"ts":"2026-04-02T23:19:19.771Z","level":"INFO","device":"868120018681","event":"SENT_1212","detail":"00_64_6401_00_868120018681002604022319192A0200.jpg type=0"}
{"ts":"2026-04-02T23:19:19.824Z","level":"INFO","device":"868120018681","event":"MEDIA_RX","detail":"7E 92 12 00 36 86 81 20 01 86 81 9F 60 32 30 30 5F 36 34 5F 36 34 30 31 5F 30 30 5F 38 36 38 31 32 30 30 31 38 36 38 31 30 30 32 36 30 34 30 32 32 33 31 39 31 39 32 41 30 32 30 30 2E 6A 70 67 00 00 00 79 7E"}
{"ts":"2026-04-02T23:19:20.076Z","level":"INFO","device":"868120018681","event":"FILE_START","detail":"[2/2] 02_64_6401_03_868120018681002604022319192A0200.mp4 (65536 bytes)"}
{"ts":"2026-04-02T23:19:20.077Z","level":"INFO","device":"868120018681","event":"SENT_1210","detail":"02_64_6401_03_868120018681002604022319192A0200.mp4"}
{"ts":"2026-04-02T23:19:20.089Z","level":"INFO","device":"868120018681","event":"MEDIA_RX","detail":"7E 80 01 00 05 86 81 20 01 86 81 4A CD 00 02 12 10 00 22 7E"}
{"ts":"2026-04-02T23:19:20.182Z","level":"INFO","device":"868120018681","event":"SENT_RAW_MARKER","detail":"02_64_6401_03_868120018681002604022319192A0200.mp4 packet=65598 bytes data=65536 bytes"}
{"ts":"2026-04-02T23:19:20.183Z","level":"INFO","device":"868120018681","event":"SENT_1212","detail":"02_64_6401_03_868120018681002604022319192A0200.mp4 type=2"}
{"ts":"2026-04-02T23:19:20.222Z","level":"INFO","device":"868120018681","event":"MEDIA_RX","detail":"7E 92 12 00 36 86 81 20 01 86 81 86 FC 32 30 32 5F 36 34 5F 36 34 30 31 5F 30 33 5F 38 36 38 31 32 30 30 31 38 36 38 31 30 30 32 36 30 34 30 32 32 33 31 39 31 39 32 41 30 32 30 30 2E 6D 70 34 02 00 00 AB 7E"}
{"ts":"2026-04-02T23:19:20.487Z","level":"INFO","device":"868120018681","event":"BATCH_COMPLETE","detail":"All 2 files sent"}
{"ts":"2026-04-02T23:19:20.500Z","level":"INFO","device":"868120018681","event":"MEDIA_CLOSED","detail":""}
{"ts":"2026-04-02T23:19:29.641Z","level":"INFO","device":"868120018681","event":"INCIDENT_SENT","detail":"mediaId=43 alarmId=868120018681002604022319292B0200"}
{"ts":"2026-04-02T23:19:29.654Z","level":"INFO","device":"868120018681","event":"RX_MSG","detail":"0x8001 bodyLen=5"}
{"ts":"2026-04-02T23:19:29.655Z","level":"INFO","device":"868120018681","event":"SERVER_ACK","detail":"0x0200 result=OK"}
{"ts":"2026-04-02T23:19:29.659Z","level":"INFO","device":"868120018681","event":"RX_MSG","detail":"0x9208 bodyLen=81"}
{"ts":"2026-04-02T23:19:29.659Z","level":"INFO","device":"868120018681","event":"9208_RAW","detail":"0C35342E33372E3232352E36350D320000868120018681002604022319292B0200383638313230303138363831303032363034303232333139323932623032303000000000000000000000000000000000"}
{"ts":"2026-04-02T23:19:29.659Z","level":"INFO","device":"868120018681","event":"UPLOAD_TRIGGERED","detail":"media: 54.37.225.65:3378 | alarmId: 868120018681002604022319292B0200"}
{"ts":"2026-04-02T23:19:29.659Z","level":"INFO","device":"868120018681","event":"MEDIA_CONNECTING","detail":"54.37.225.65:3378 files=2"}
{"ts":"2026-04-02T23:19:29.665Z","level":"INFO","device":"868120018681","event":"RX_MSG","detail":"0x8001 bodyLen=5"}
{"ts":"2026-04-02T23:19:29.665Z","level":"INFO","device":"868120018681","event":"SERVER_ACK","detail":"0x0800 result=OK"}
{"ts":"2026-04-02T23:19:29.669Z","level":"INFO","device":"868120018681","event":"MEDIA_CONNECTED","detail":"54.37.225.65:3378"}
{"ts":"2026-04-02T23:19:29.669Z","level":"INFO","device":"868120018681","event":"FILE_START","detail":"[1/2] 00_64_6401_00_868120018681002604022319292B0200.jpg (215 bytes)"}
{"ts":"2026-04-02T23:19:29.669Z","level":"INFO","device":"868120018681","event":"SENT_1210","detail":"00_64_6401_00_868120018681002604022319292B0200.jpg"}
{"ts":"2026-04-02T23:19:29.675Z","level":"INFO","device":"868120018681","event":"MEDIA_RX","detail":"7E 80 01 00 05 86 81 20 01 86 81 B3 A8 00 00 12 10 00 BC 7E"}
{"ts":"2026-04-02T23:19:29.770Z","level":"INFO","device":"868120018681","event":"SENT_RAW_MARKER","detail":"00_64_6401_00_868120018681002604022319292B0200.jpg packet=277 bytes data=215 bytes"}
{"ts":"2026-04-02T23:19:29.770Z","level":"INFO","device":"868120018681","event":"SENT_1212","detail":"00_64_6401_00_868120018681002604022319292B0200.jpg type=0"}
{"ts":"2026-04-02T23:19:29.826Z","level":"INFO","device":"868120018681","event":"MEDIA_RX","detail":"7E 92 12 00 36 86 81 20 01 86 81 3F 2D 32 30 30 5F 36 34 5F 36 34 30 31 5F 30 30 5F 38 36 38 31 32 30 30 31 38 36 38 31 30 30 32 36 30 34 30 32 32 33 31 39 32 39 32 42 30 32 30 30 2E 6A 70 67 00 00 00 94 7E"}
{"ts":"2026-04-02T23:19:30.105Z","level":"INFO","device":"868120018681","event":"FILE_START","detail":"[2/2] 02_64_6401_03_868120018681002604022319292B0200.mp4 (65536 bytes)"}
{"ts":"2026-04-02T23:19:30.105Z","level":"INFO","device":"868120018681","event":"SENT_1210","detail":"02_64_6401_03_868120018681002604022319292B0200.mp4"}
{"ts":"2026-04-02T23:19:30.123Z","level":"INFO","device":"868120018681","event":"MEDIA_RX","detail":"7E 80 01 00 05 86 81 20 01 86 81 1D 9D 00 02 12 10 00 25 7E"}
{"ts":"2026-04-02T23:19:30.207Z","level":"INFO","device":"868120018681","event":"SENT_RAW_MARKER","detail":"02_64_6401_03_868120018681002604022319292B0200.mp4 packet=65598 bytes data=65536 bytes"}
{"ts":"2026-04-02T23:19:30.208Z","level":"INFO","device":"868120018681","event":"SENT_1212","detail":"02_64_6401_03_868120018681002604022319292B0200.mp4 type=2"}
{"ts":"2026-04-02T23:19:30.231Z","level":"INFO","device":"868120018681","event":"MEDIA_RX","detail":"7E 92 12 00 36 86 81 20 01 86 81 AC 69 32 30 32 5F 36 34 5F 36 34 30 31 5F 30 33 5F 38 36 38 31 32 30 30 31 38 36 38 31 30 30 32 36 30 34 30 32 32 33 31 39 32 39 32 42 30 32 30 30 2E 6D 70 34 02 00 00 14 7E"}
{"ts":"2026-04-02T23:19:30.514Z","level":"INFO","device":"868120018681","event":"BATCH_COMPLETE","detail":"All 2 files sent"}
{"ts":"2026-04-02T23:19:30.552Z","level":"INFO","device":"868120018681","event":"MEDIA_CLOSED","detail":""}
{"ts":"2026-04-02T23:19:39.582Z","level":"INFO","device":"868120018681","event":"GPS_SENT","detail":""}
{"ts":"2026-04-02T23:19:39.593Z","level":"INFO","device":"868120018681","event":"RX_MSG","detail":"0x8001 bodyLen=5"}
{"ts":"2026-04-02T23:19:39.593Z","level":"INFO","device":"868120018681","event":"SERVER_ACK","detail":"0x0200 result=OK"}
{"ts":"2026-04-02T23:19:39.645Z","level":"INFO","device":"868120018681","event":"INCIDENT_SENT","detail":"mediaId=44 alarmId=868120018681002604022319392C0200"}
{"ts":"2026-04-02T23:19:39.651Z","level":"INFO","device":"868120018681","event":"RX_MSG","detail":"0x8001 bodyLen=5"}
{"ts":"2026-04-02T23:19:39.652Z","level":"INFO","device":"868120018681","event":"SERVER_ACK","detail":"0x0200 result=OK"}
{"ts":"2026-04-02T23:19:39.657Z","level":"INFO","device":"868120018681","event":"RX_MSG","detail":"0x9208 bodyLen=81"}
{"ts":"2026-04-02T23:19:39.657Z","level":"INFO","device":"868120018681","event":"9208_RAW","detail":"0C35342E33372E3232352E36350D320000868120018681002604022319392C0200383638313230303138363831303032363034303232333139333932633032303000000000000000000000000000000000"}
{"ts":"2026-04-02T23:19:39.657Z","level":"INFO","device":"868120018681","event":"UPLOAD_TRIGGERED","detail":"media: 54.37.225.65:3378 | alarmId: 868120018681002604022319392C0200"}
{"ts":"2026-04-02T23:19:39.657Z","level":"INFO","device":"868120018681","event":"MEDIA_CONNECTING","detail":"54.37.225.65:3378 files=2"}
{"ts":"2026-04-02T23:19:39.663Z","level":"INFO","device":"868120018681","event":"RX_MSG","detail":"0x8001 bodyLen=5"}
{"ts":"2026-04-02T23:19:39.663Z","level":"INFO","device":"868120018681","event":"SERVER_ACK","detail":"0x0800 result=OK"}
{"ts":"2026-04-02T23:19:39.666Z","level":"INFO","device":"868120018681","event":"MEDIA_CONNECTED","detail":"54.37.225.65:3378"}
{"ts":"2026-04-02T23:19:39.666Z","level":"INFO","device":"868120018681","event":"FILE_START","detail":"[1/2] 00_64_6401_00_868120018681002604022319392C0200.jpg (215 bytes)"}
{"ts":"2026-04-02T23:19:39.667Z","level":"INFO","device":"868120018681","event":"SENT_1210","detail":"00_64_6401_00_868120018681002604022319392C0200.jpg"}
{"ts":"2026-04-02T23:19:39.675Z","level":"INFO","device":"868120018681","event":"MEDIA_RX","detail":"7E 80 01 00 05 86 81 20 01 86 81 FA D2 00 00 12 10 00 8F 7E"}
{"ts":"2026-04-02T23:19:39.769Z","level":"INFO","device":"868120018681","event":"SENT_RAW_MARKER","detail":"00_64_6401_00_868120018681002604022319392C0200.jpg packet=277 bytes data=215 bytes"}
{"ts":"2026-04-02T23:19:39.770Z","level":"INFO","device":"868120018681","event":"SENT_1212","detail":"00_64_6401_00_868120018681002604022319392C0200.jpg type=0"}
{"ts":"2026-04-02T23:19:39.826Z","level":"INFO","device":"868120018681","event":"MEDIA_RX","detail":"7E 92 12 00 36 86 81 20 01 86 81 4E A4 32 30 30 5F 36 34 5F 36 34 30 31 5F 30 30 5F 38 36 38 31 32 30 30 31 38 36 38 31 30 30 32 36 30 34 30 32 32 33 31 39 33 39 32 43 30 32 30 30 2E 6A 70 67 00 00 00 6C 7E"}
{"ts":"2026-04-02T23:19:40.074Z","level":"INFO","device":"868120018681","event":"FILE_START","detail":"[2/2] 02_64_6401_03_868120018681002604022319392C0200.mp4 (65536 bytes)"}
{"ts":"2026-04-02T23:19:40.074Z","level":"INFO","device":"868120018681","event":"SENT_1210","detail":"02_64_6401_03_868120018681002604022319392C0200.mp4"}
{"ts":"2026-04-02T23:19:40.084Z","level":"INFO","device":"868120018681","event":"MEDIA_RX","detail":"7E 80 01 00 05 86 81 20 01 86 81 97 CE 00 02 12 10 00 FC 7E"}
{"ts":"2026-04-02T23:19:40.176Z","level":"INFO","device":"868120018681","event":"SENT_RAW_MARKER","detail":"02_64_6401_03_868120018681002604022319392C0200.mp4 packet=65598 bytes data=65536 bytes"}
{"ts":"2026-04-02T23:19:40.176Z","level":"INFO","device":"868120018681","event":"SENT_1212","detail":"02_64_6401_03_868120018681002604022319392C0200.mp4 type=2"}
{"ts":"2026-04-02T23:19:40.214Z","level":"INFO","device":"868120018681","event":"MEDIA_RX","detail":"7E 92 12 00 36 86 81 20 01 86 81 0C 13 32 30 32 5F 36 34 5F 36 34 30 31 5F 30 33 5F 38 36 38 31 32 30 30 31 38 36 38 31 30 30 32 36 30 34 30 32 32 33 31 39 33 39 32 43 30 32 30 30 2E 6D 70 34 02 00 00 CE 7E"}
{"ts":"2026-04-02T23:19:40.477Z","level":"INFO","device":"868120018681","event":"BATCH_COMPLETE","detail":"All 2 files sent"}
{"ts":"2026-04-02T23:19:40.724Z","level":"INFO","device":"868120018681","event":"MEDIA_CLOSED","detail":""}
{"ts":"2026-04-02T23:19:49.648Z","level":"INFO","device":"868120018681","event":"INCIDENT_SENT","detail":"mediaId=45 alarmId=868120018681002604022319492D0200"}
{"ts":"2026-04-02T23:19:49.674Z","level":"INFO","device":"868120018681","event":"RX_MSG","detail":"0x8001 bodyLen=5"}
{"ts":"2026-04-02T23:19:49.674Z","level":"INFO","device":"868120018681","event":"SERVER_ACK","detail":"0x0200 result=OK"}
{"ts":"2026-04-02T23:19:49.674Z","level":"INFO","device":"868120018681","event":"RX_MSG","detail":"0x9208 bodyLen=81"}
{"ts":"2026-04-02T23:19:49.674Z","level":"INFO","device":"868120018681","event":"9208_RAW","detail":"0C35342E33372E3232352E36350D320000868120018681002604022319492D0200383638313230303138363831303032363034303232333139343932643032303000000000000000000000000000000000"}
{"ts":"2026-04-02T23:19:49.674Z","level":"INFO","device":"868120018681","event":"UPLOAD_TRIGGERED","detail":"media: 54.37.225.65:3378 | alarmId: 868120018681002604022319492D0200"}
{"ts":"2026-04-02T23:19:49.674Z","level":"INFO","device":"868120018681","event":"MEDIA_CONNECTING","detail":"54.37.225.65:3378 files=2"}
{"ts":"2026-04-02T23:19:49.674Z","level":"INFO","device":"868120018681","event":"RX_MSG","detail":"0x8001 bodyLen=5"}
{"ts":"2026-04-02T23:19:49.679Z","level":"INFO","device":"868120018681","event":"SERVER_ACK","detail":"0x0800 result=OK"}
{"ts":"2026-04-02T23:19:49.714Z","level":"INFO","device":"868120018681","event":"MEDIA_CONNECTED","detail":"54.37.225.65:3378"}
{"ts":"2026-04-02T23:19:49.715Z","level":"INFO","device":"868120018681","event":"FILE_START","detail":"[1/2] 00_64_6401_00_868120018681002604022319492D0200.jpg (215 bytes)"}
{"ts":"2026-04-02T23:19:49.715Z","level":"INFO","device":"868120018681","event":"SENT_1210","detail":"00_64_6401_00_868120018681002604022319492D0200.jpg"}
{"ts":"2026-04-02T23:19:49.725Z","level":"INFO","device":"868120018681","event":"MEDIA_RX","detail":"7E 80 01 00 05 86 81 20 01 86 81 30 A5 00 00 12 10 00 32 7E"}
{"ts":"2026-04-02T23:19:49.833Z","level":"INFO","device":"868120018681","event":"SENT_RAW_MARKER","detail":"00_64_6401_00_868120018681002604022319492D0200.jpg packet=277 bytes data=215 bytes"}
{"ts":"2026-04-02T23:19:49.833Z","level":"INFO","device":"868120018681","event":"SENT_1212","detail":"00_64_6401_00_868120018681002604022319492D0200.jpg type=0"}
{"ts":"2026-04-02T23:19:49.904Z","level":"INFO","device":"868120018681","event":"MEDIA_RX","detail":"7E 92 12 00 36 86 81 20 01 86 81 E5 C3 32 30 30 5F 36 34 5F 36 34 30 31 5F 30 30 5F 38 36 38 31 32 30 30 31 38 36 38 31 30 30 32 36 30 34 30 32 32 33 31 39 34 39 32 44 30 32 30 30 2E 6A 70 67 00 00 00 A0 7E"}
{"ts":"2026-04-02T23:19:50.161Z","level":"INFO","device":"868120018681","event":"FILE_START","detail":"[2/2] 02_64_6401_03_868120018681002604022319492D0200.mp4 (65536 bytes)"}
{"ts":"2026-04-02T23:19:50.162Z","level":"INFO","device":"868120018681","event":"SENT_1210","detail":"02_64_6401_03_868120018681002604022319492D0200.mp4"}
{"ts":"2026-04-02T23:19:50.171Z","level":"INFO","device":"868120018681","event":"MEDIA_RX","detail":"7E 80 01 00 05 86 81 20 01 86 81 84 50 00 02 12 10 00 71 7E"}
{"ts":"2026-04-02T23:19:50.265Z","level":"INFO","device":"868120018681","event":"SENT_RAW_MARKER","detail":"02_64_6401_03_868120018681002604022319492D0200.mp4 packet=65598 bytes data=65536 bytes"}
{"ts":"2026-04-02T23:19:50.267Z","level":"INFO","device":"868120018681","event":"SENT_1212","detail":"02_64_6401_03_868120018681002604022319492D0200.mp4 type=2"}
{"ts":"2026-04-02T23:19:50.290Z","level":"INFO","device":"868120018681","event":"MEDIA_RX","detail":"7E 92 12 00 36 86 81 20 01 86 81 3C 0A 32 30 32 5F 36 34 5F 36 34 30 31 5F 30 33 5F 38 36 38 31 32 30 30 31 38 36 38 31 30 30 32 36 30 34 30 32 32 33 31 39 34 39 32 44 30 32 30 30 2E 6D 70 34 02 00 00 E7 7E"}
{"ts":"2026-04-02T23:19:50.570Z","level":"INFO","device":"868120018681","event":"BATCH_COMPLETE","detail":"All 2 files sent"}
{"ts":"2026-04-02T23:19:50.580Z","level":"INFO","device":"868120018681","event":"MEDIA_CLOSED","detail":""}
{"ts":"2026-04-02T23:19:59.588Z","level":"INFO","device":"868120018681","event":"GPS_SENT","detail":""}
{"ts":"2026-04-02T23:19:59.602Z","level":"INFO","device":"868120018681","event":"RX_MSG","detail":"0x8001 bodyLen=5"}
{"ts":"2026-04-02T23:19:59.602Z","level":"INFO","device":"868120018681","event":"SERVER_ACK","detail":"0x0200 result=OK"}
{"ts":"2026-04-02T23:19:59.651Z","level":"INFO","device":"868120018681","event":"INCIDENT_SENT","detail":"mediaId=46 alarmId=868120018681002604022319592E0200"}
{"ts":"2026-04-02T23:19:59.657Z","level":"INFO","device":"868120018681","event":"RX_MSG","detail":"0x8001 bodyLen=5"}
{"ts":"2026-04-02T23:19:59.657Z","level":"INFO","device":"868120018681","event":"SERVER_ACK","detail":"0x0200 result=OK"}
{"ts":"2026-04-02T23:19:59.662Z","level":"INFO","device":"868120018681","event":"RX_MSG","detail":"0x9208 bodyLen=81"}
{"ts":"2026-04-02T23:19:59.662Z","level":"INFO","device":"868120018681","event":"9208_RAW","detail":"0C35342E33372E3232352E36350D320000868120018681002604022319592E0200383638313230303138363831303032363034303232333139353932653032303000000000000000000000000000000000"}
{"ts":"2026-04-02T23:19:59.662Z","level":"INFO","device":"868120018681","event":"UPLOAD_TRIGGERED","detail":"media: 54.37.225.65:3378 | alarmId: 868120018681002604022319592E0200"}
{"ts":"2026-04-02T23:19:59.663Z","level":"INFO","device":"868120018681","event":"MEDIA_CONNECTING","detail":"54.37.225.65:3378 files=2"}
{"ts":"2026-04-02T23:19:59.668Z","level":"INFO","device":"868120018681","event":"RX_MSG","detail":"0x8001 bodyLen=5"}
{"ts":"2026-04-02T23:19:59.668Z","level":"INFO","device":"868120018681","event":"SERVER_ACK","detail":"0x0800 result=OK"}
{"ts":"2026-04-02T23:19:59.676Z","level":"INFO","device":"868120018681","event":"MEDIA_CONNECTED","detail":"54.37.225.65:3378"}
{"ts":"2026-04-02T23:19:59.676Z","level":"INFO","device":"868120018681","event":"FILE_START","detail":"[1/2] 00_64_6401_00_868120018681002604022319592E0200.jpg (215 bytes)"}
{"ts":"2026-04-02T23:19:59.676Z","level":"INFO","device":"868120018681","event":"SENT_1210","detail":"00_64_6401_00_868120018681002604022319592E0200.jpg"}
{"ts":"2026-04-02T23:19:59.687Z","level":"INFO","device":"868120018681","event":"MEDIA_RX","detail":"7E 80 01 00 05 86 81 20 01 86 81 26 AB 00 00 12 10 00 2A 7E"}
{"ts":"2026-04-02T23:19:59.776Z","level":"INFO","device":"868120018681","event":"SENT_RAW_MARKER","detail":"00_64_6401_00_868120018681002604022319592E0200.jpg packet=277 bytes data=215 bytes"}
{"ts":"2026-04-02T23:19:59.777Z","level":"INFO","device":"868120018681","event":"SENT_1212","detail":"00_64_6401_00_868120018681002604022319592E0200.jpg type=0"}
{"ts":"2026-04-02T23:19:59.829Z","level":"INFO","device":"868120018681","event":"MEDIA_RX","detail":"7E 92 12 00 36 86 81 20 01 86 81 AB 57 32 30 30 5F 36 34 5F 36 34 30 31 5F 30 30 5F 38 36 38 31 32 30 30 31 38 36 38 31 30 30 32 36 30 34 30 32 32 33 31 39 35 39 32 45 30 32 30 30 2E 6A 70 67 00 00 00 7A 7E"}
{"ts":"2026-04-02T23:20:00.077Z","level":"INFO","device":"868120018681","event":"FILE_START","detail":"[2/2] 02_64_6401_03_868120018681002604022319592E0200.mp4 (65536 bytes)"}
{"ts":"2026-04-02T23:20:00.078Z","level":"INFO","device":"868120018681","event":"SENT_1210","detail":"02_64_6401_03_868120018681002604022319592E0200.mp4"}
{"ts":"2026-04-02T23:20:00.089Z","level":"INFO","device":"868120018681","event":"MEDIA_RX","detail":"7E 80 01 00 05 86 81 20 01 86 81 3D 73 00 02 12 10 00 EB 7E"}
{"ts":"2026-04-02T23:20:00.180Z","level":"INFO","device":"868120018681","event":"SENT_RAW_MARKER","detail":"02_64_6401_03_868120018681002604022319592E0200.mp4 packet=65598 bytes data=65536 bytes"}
{"ts":"2026-04-02T23:20:00.180Z","level":"INFO","device":"868120018681","event":"SENT_1212","detail":"02_64_6401_03_868120018681002604022319592E0200.mp4 type=2"}
{"ts":"2026-04-02T23:20:00.211Z","level":"INFO","device":"868120018681","event":"MEDIA_RX","detail":"7E 92 12 00 36 86 81 20 01 86 81 5A 12 32 30 32 5F 36 34 5F 36 34 30 31 5F 30 33 5F 38 36 38 31 32 30 30 31 38 36 38 31 30 30 32 36 30 34 30 32 32 33 31 39 35 39 32 45 30 32 30 30 2E 6D 70 34 02 00 00 99 7E"}
{"ts":"2026-04-02T23:20:00.493Z","level":"INFO","device":"868120018681","event":"BATCH_COMPLETE","detail":"All 2 files sent"}
{"ts":"2026-04-02T23:20:00.746Z","level":"INFO","device":"868120018681","event":"MEDIA_CLOSED","detail":""}
{"ts":"2026-04-02T23:20:01.379Z","level":"INFO","device":"868120018681","event":"LIVE_STREAM_CLOSED","detail":"Stream ended."}
{"ts":"2026-04-02T23:20:09.661Z","level":"INFO","device":"868120018681","event":"INCIDENT_SENT","detail":"mediaId=47 alarmId=868120018681002604022320092F0200"}
{"ts":"2026-04-02T23:20:09.671Z","level":"INFO","device":"868120018681","event":"RX_MSG","detail":"0x8001 bodyLen=5"}
{"ts":"2026-04-02T23:20:09.671Z","level":"INFO","device":"868120018681","event":"SERVER_ACK","detail":"0x0200 result=OK"}
{"ts":"2026-04-02T23:20:09.679Z","level":"INFO","device":"868120018681","event":"RX_MSG","detail":"0x9208 bodyLen=81"}
{"ts":"2026-04-02T23:20:09.680Z","level":"INFO","device":"868120018681","event":"9208_RAW","detail":"0C35342E33372E3232352E36350D320000868120018681002604022320092F0200383638313230303138363831303032363034303232333230303932663032303000000000000000000000000000000000"}
{"ts":"2026-04-02T23:20:09.680Z","level":"INFO","device":"868120018681","event":"UPLOAD_TRIGGERED","detail":"media: 54.37.225.65:3378 | alarmId: 868120018681002604022320092F0200"}
{"ts":"2026-04-02T23:20:09.680Z","level":"INFO","device":"868120018681","event":"MEDIA_CONNECTING","detail":"54.37.225.65:3378 files=2"}
{"ts":"2026-04-02T23:20:09.682Z","level":"INFO","device":"868120018681","event":"RX_MSG","detail":"0x8001 bodyLen=5"}
{"ts":"2026-04-02T23:20:09.682Z","level":"INFO","device":"868120018681","event":"SERVER_ACK","detail":"0x0800 result=OK"}
{"ts":"2026-04-02T23:20:09.687Z","level":"INFO","device":"868120018681","event":"MEDIA_CONNECTED","detail":"54.37.225.65:3378"}
{"ts":"2026-04-02T23:20:09.688Z","level":"INFO","device":"868120018681","event":"FILE_START","detail":"[1/2] 00_64_6401_00_868120018681002604022320092F0200.jpg (215 bytes)"}
{"ts":"2026-04-02T23:20:09.688Z","level":"INFO","device":"868120018681","event":"SENT_1210","detail":"00_64_6401_00_868120018681002604022320092F0200.jpg"}
{"ts":"2026-04-02T23:20:09.696Z","level":"INFO","device":"868120018681","event":"MEDIA_RX","detail":"7E 80 01 00 05 86 81 20 01 86 81 EA 54 00 00 12 10 00 19 7E"}
{"ts":"2026-04-02T23:20:09.792Z","level":"INFO","device":"868120018681","event":"SENT_RAW_MARKER","detail":"00_64_6401_00_868120018681002604022320092F0200.jpg packet=277 bytes data=215 bytes"}
{"ts":"2026-04-02T23:20:09.793Z","level":"INFO","device":"868120018681","event":"SENT_1212","detail":"00_64_6401_00_868120018681002604022320092F0200.jpg type=0"}
{"ts":"2026-04-02T23:20:09.848Z","level":"INFO","device":"868120018681","event":"MEDIA_RX","detail":"7E 92 12 00 36 86 81 20 01 86 81 0C D7 32 30 30 5F 36 34 5F 36 34 30 31 5F 30 30 5F 38 36 38 31 32 30 30 31 38 36 38 31 30 30 32 36 30 34 30 32 32 33 32 30 30 39 32 46 30 32 30 30 2E 6A 70 67 00 00 00 51 7E"}
{"ts":"2026-04-02T23:20:10.096Z","level":"INFO","device":"868120018681","event":"FILE_START","detail":"[2/2] 02_64_6401_03_868120018681002604022320092F0200.mp4 (65536 bytes)"}
{"ts":"2026-04-02T23:20:10.097Z","level":"INFO","device":"868120018681","event":"SENT_1210","detail":"02_64_6401_03_868120018681002604022320092F0200.mp4"}
{"ts":"2026-04-02T23:20:10.106Z","level":"INFO","device":"868120018681","event":"MEDIA_RX","detail":"7E 80 01 00 05 86 81 20 01 86 81 97 02 00 02 12 10 00 30 7E"}
{"ts":"2026-04-02T23:20:10.202Z","level":"INFO","device":"868120018681","event":"SENT_RAW_MARKER","detail":"02_64_6401_03_868120018681002604022320092F0200.mp4 packet=65598 bytes data=65536 bytes"}
{"ts":"2026-04-02T23:20:10.203Z","level":"INFO","device":"868120018681","event":"SENT_1212","detail":"02_64_6401_03_868120018681002604022320092F0200.mp4 type=2"}
{"ts":"2026-04-02T23:20:10.225Z","level":"INFO","device":"868120018681","event":"MEDIA_RX","detail":"7E 92 12 00 36 86 81 20 01 86 81 E7 40 32 30 32 5F 36 34 5F 36 34 30 31 5F 30 33 5F 38 36 38 31 32 30 30 31 38 36 38 31 30 30 32 36 30 34 30 32 32 33 32 30 30 39 32 46 30 32 30 30 2E 6D 70 34 02 00 00 7A 7E"}
{"ts":"2026-04-02T23:20:10.507Z","level":"INFO","device":"868120018681","event":"BATCH_COMPLETE","detail":"All 2 files sent"}
{"ts":"2026-04-02T23:20:10.518Z","level":"INFO","device":"868120018681","event":"MEDIA_CLOSED","detail":""}
{"ts":"2026-04-02T23:20:16.164Z","level":"INFO","device":"868120018681","event":"DISCONNECTED","detail":"clean stop"}

[SUMMARY] Run duration: 479s
[SUMMARY] GPS packets sent: 23
[SUMMARY] OBD2 packets sent: 0
[SUMMARY] Incidents fired: 47
[SUMMARY] Videos uploaded OK: 48
[SUMMARY] Videos failed: 0
[SUMMARY] Tracker pings sent: 0
[SUMMARY] Reconnections: 0
[SUMMARY] Log file: logs/sim-2026-04-02T23-12-19.log
