{"ts":"2026-04-05T23:14:15.616Z","level":"INFO","device":"291078985963","event":"OBD2_CONNECTED","detail":"Binary Mode"}
{"ts":"2026-04-05T23:14:15.631Z","level":"INFO","device":"291078985963","event":"CONNECTED","detail":"id:291078985963"}
{"ts":"2026-04-05T23:14:15.762Z","level":"INFO","device":"868120100002","event":"CONNECTED","detail":"id:868120100002"}
{"ts":"2026-04-05T23:14:15.773Z","level":"INFO","device":"200000000002","event":"OBD2_CONNECTED","detail":"Binary Mode"}
{"ts":"2026-04-05T23:14:15.821Z","level":"INFO","device":"291078985963","event":"SERVER_ACK","detail":"0x8100 Registration Reply Received"}
{"ts":"2026-04-05T23:14:15.848Z","level":"INFO","device":"291078985963","event":"RX_MSG","detail":"0x8001 bodyLen=5"}
{"ts":"2026-04-05T23:14:15.849Z","level":"INFO","device":"291078985963","event":"SERVER_ACK","detail":"0x0102 result=OK"}
{"ts":"2026-04-05T23:14:15.919Z","level":"INFO","device":"868120100003","event":"CONNECTED","detail":"id:868120100003"}
{"ts":"2026-04-05T23:14:15.929Z","level":"INFO","device":"200000000003","event":"OBD2_CONNECTED","detail":"Binary Mode"}
{"ts":"2026-04-05T23:14:15.957Z","level":"INFO","device":"868120100002","event":"RX_MSG","detail":"0x8001 bodyLen=5"}
{"ts":"2026-04-05T23:14:15.957Z","level":"INFO","device":"868120100002","event":"SERVER_ACK","detail":"0x0102 result=OK"}
{"ts":"2026-04-05T23:14:15.978Z","level":"INFO","device":"200000000002","event":"SERVER_ACK","detail":"0x8100 Registration Reply Received"}
{"ts":"2026-04-05T23:14:16.056Z","level":"INFO","device":"200000000004","event":"OBD2_CONNECTED","detail":"Binary Mode"}
{"ts":"2026-04-05T23:14:16.070Z","level":"INFO","device":"868120100004","event":"CONNECTED","detail":"id:868120100004"}
{"ts":"2026-04-05T23:14:16.122Z","level":"INFO","device":"868120100003","event":"RX_MSG","detail":"0x8001 bodyLen=5"}
{"ts":"2026-04-05T23:14:16.122Z","level":"INFO","device":"868120100003","event":"SERVER_ACK","detail":"0x0102 result=OK"}
{"ts":"2026-04-05T23:14:16.142Z","level":"INFO","device":"200000000003","event":"SERVER_ACK","detail":"0x8100 Registration Reply Received"}
{"ts":"2026-04-05T23:14:16.212Z","level":"INFO","device":"868120100005","event":"CONNECTED","detail":"id:868120100005"}
{"ts":"2026-04-05T23:14:16.219Z","level":"INFO","device":"200000000005","event":"OBD2_CONNECTED","detail":"Binary Mode"}
{"ts":"2026-04-05T23:14:16.241Z","level":"INFO","device":"200000000004","event":"SERVER_ACK","detail":"0x8100 Registration Reply Received"}
{"ts":"2026-04-05T23:14:16.273Z","level":"INFO","device":"868120100004","event":"RX_MSG","detail":"0x8001 bodyLen=5"}
{"ts":"2026-04-05T23:14:16.273Z","level":"INFO","device":"868120100004","event":"SERVER_ACK","detail":"0x0102 result=OK"}
{"ts":"2026-04-05T23:14:16.314Z","level":"INFO","device":"291078985963","event":"SERVER_ACK","detail":"0x8001 Universal Reply Received"}
{"ts":"2026-04-05T23:14:16.354Z","level":"INFO","device":"200000000006","event":"OBD2_CONNECTED","detail":"Binary Mode"}
{"ts":"2026-04-05T23:14:16.373Z","level":"INFO","device":"868120100006","event":"CONNECTED","detail":"id:868120100006"}
{"ts":"2026-04-05T23:14:16.408Z","level":"INFO","device":"868120100005","event":"RX_MSG","detail":"0x8001 bodyLen=5"}
{"ts":"2026-04-05T23:14:16.408Z","level":"INFO","device":"868120100005","event":"SERVER_ACK","detail":"0x0102 result=OK"}
{"ts":"2026-04-05T23:14:16.421Z","level":"INFO","device":"200000000005","event":"SERVER_ACK","detail":"0x8100 Registration Reply Received"}
{"ts":"2026-04-05T23:14:16.476Z","level":"INFO","device":"200000000002","event":"SERVER_ACK","detail":"0x8001 Universal Reply Received"}
{"ts":"2026-04-05T23:14:16.503Z","level":"INFO","device":"868120100007","event":"CONNECTED","detail":"id:868120100007"}
{"ts":"2026-04-05T23:14:16.505Z","level":"INFO","device":"200000000007","event":"OBD2_CONNECTED","detail":"Binary Mode"}
{"ts":"2026-04-05T23:14:16.539Z","level":"INFO","device":"200000000006","event":"SERVER_ACK","detail":"0x8100 Registration Reply Received"}
{"ts":"2026-04-05T23:14:16.579Z","level":"INFO","device":"868120100006","event":"RX_MSG","detail":"0x8001 bodyLen=5"}
{"ts":"2026-04-05T23:14:16.579Z","level":"INFO","device":"868120100006","event":"SERVER_ACK","detail":"0x0102 result=OK"}
{"ts":"2026-04-05T23:14:16.640Z","level":"INFO","device":"200000000003","event":"SERVER_ACK","detail":"0x8001 Universal Reply Received"}
{"ts":"2026-04-05T23:14:16.653Z","level":"INFO","device":"868120100008","event":"CONNECTED","detail":"id:868120100008"}
{"ts":"2026-04-05T23:14:16.655Z","level":"INFO","device":"200000000008","event":"OBD2_CONNECTED","detail":"Binary Mode"}
{"ts":"2026-04-05T23:14:16.689Z","level":"INFO","device":"868120100007","event":"RX_MSG","detail":"0x8001 bodyLen=5"}
{"ts":"2026-04-05T23:14:16.689Z","level":"INFO","device":"868120100007","event":"SERVER_ACK","detail":"0x0102 result=OK"}
{"ts":"2026-04-05T23:14:16.723Z","level":"INFO","device":"200000000007","event":"SERVER_ACK","detail":"0x8100 Registration Reply Received"}
{"ts":"2026-04-05T23:14:16.742Z","level":"INFO","device":"200000000004","event":"SERVER_ACK","detail":"0x8001 Universal Reply Received"}
{"ts":"2026-04-05T23:14:16.808Z","level":"INFO","device":"868120100009","event":"CONNECTED","detail":"id:868120100009"}
{"ts":"2026-04-05T23:14:16.830Z","level":"INFO","device":"200000000009","event":"OBD2_CONNECTED","detail":"Binary Mode"}
{"ts":"2026-04-05T23:14:16.840Z","level":"INFO","device":"868120100008","event":"RX_MSG","detail":"0x8001 bodyLen=5"}
{"ts":"2026-04-05T23:14:16.840Z","level":"INFO","device":"868120100008","event":"SERVER_ACK","detail":"0x0102 result=OK"}
{"ts":"2026-04-05T23:14:16.843Z","level":"INFO","device":"200000000008","event":"SERVER_ACK","detail":"0x8100 Registration Reply Received"}
{"ts":"2026-04-05T23:14:16.922Z","level":"INFO","device":"200000000005","event":"SERVER_ACK","detail":"0x8001 Universal Reply Received"}
{"ts":"2026-04-05T23:14:16.972Z","level":"INFO","device":"200000000010","event":"OBD2_CONNECTED","detail":"Binary Mode"}
{"ts":"2026-04-05T23:14:16.987Z","level":"INFO","device":"100000000010","event":"CONNECTED","detail":"id:100000000010"}
{"ts":"2026-04-05T23:14:16.996Z","level":"INFO","device":"868120100009","event":"RX_MSG","detail":"0x8001 bodyLen=5"}
{"ts":"2026-04-05T23:14:16.996Z","level":"INFO","device":"868120100009","event":"SERVER_ACK","detail":"0x0102 result=OK"}
{"ts":"2026-04-05T23:14:17.041Z","level":"INFO","device":"200000000006","event":"SERVER_ACK","detail":"0x8001 Universal Reply Received"}
{"ts":"2026-04-05T23:14:17.042Z","level":"INFO","device":"200000000009","event":"SERVER_ACK","detail":"0x8100 Registration Reply Received"}
{"ts":"2026-04-05T23:14:17.175Z","level":"INFO","device":"200000000010","event":"SERVER_ACK","detail":"0x8100 Registration Reply Received"}
{"ts":"2026-04-05T23:14:17.193Z","level":"INFO","device":"200000000007","event":"SERVER_ACK","detail":"0x8001 Universal Reply Received"}
{"ts":"2026-04-05T23:14:17.205Z","level":"INFO","device":"100000000010","event":"RX_MSG","detail":"0x8001 bodyLen=5"}
{"ts":"2026-04-05T23:14:17.206Z","level":"INFO","device":"100000000010","event":"SERVER_ACK","detail":"0x0102 result=OK"}
{"ts":"2026-04-05T23:14:17.342Z","level":"INFO","device":"200000000008","event":"SERVER_ACK","detail":"0x8001 Universal Reply Received"}
{"ts":"2026-04-05T23:14:17.551Z","level":"INFO","device":"200000000009","event":"SERVER_ACK","detail":"0x8001 Universal Reply Received"}
{"ts":"2026-04-05T23:14:17.676Z","level":"INFO","device":"200000000010","event":"SERVER_ACK","detail":"0x8001 Universal Reply Received"}
{"ts":"2026-04-05T23:14:30.432Z","level":"INFO","device":"291078985963","event":"OBD2_SENT_0x0200","detail":"Lat: 51.736611, Lng: 0.470037 | Speed: 35km/h | RPM: 2206"}
{"ts":"2026-04-05T23:14:30.569Z","level":"INFO","device":"200000000002","event":"OBD2_SENT_0x0200","detail":"Lat: 51.736675, Lng: 0.470250 | Speed: 40km/h | RPM: 2390"}
{"ts":"2026-04-05T23:14:30.626Z","level":"INFO","device":"291078985963","event":"SERVER_ACK","detail":"0x8001 Universal Reply Received"}
{"ts":"2026-04-05T23:14:30.720Z","level":"INFO","device":"200000000003","event":"OBD2_SENT_0x0200","detail":"Lat: 51.736691, Lng: 0.470304 | Speed: 41km/h | RPM: 2437"}
{"ts":"2026-04-05T23:14:30.773Z","level":"INFO","device":"200000000002","event":"SERVER_ACK","detail":"0x8001 Universal Reply Received"}
{"ts":"2026-04-05T23:14:30.868Z","level":"INFO","device":"200000000004","event":"OBD2_SENT_0x0200","detail":"Lat: 51.736616, Lng: 0.470054 | Speed: 36km/h | RPM: 2222"}
{"ts":"2026-04-05T23:14:30.930Z","level":"INFO","device":"200000000003","event":"SERVER_ACK","detail":"0x8001 Universal Reply Received"}
{"ts":"2026-04-05T23:14:31.019Z","level":"INFO","device":"200000000005","event":"OBD2_SENT_0x0200","detail":"Lat: 51.736741, Lng: 0.470472 | Speed: 45km/h | RPM: 2580"}
{"ts":"2026-04-05T23:14:31.056Z","level":"INFO","device":"200000000004","event":"SERVER_ACK","detail":"0x8001 Universal Reply Received"}
{"ts":"2026-04-05T23:14:31.170Z","level":"INFO","device":"200000000006","event":"OBD2_SENT_0x0200","detail":"Lat: 51.736746, Lng: 0.470486 | Speed: 45km/h | RPM: 2593"}
{"ts":"2026-04-05T23:14:31.220Z","level":"INFO","device":"200000000005","event":"SERVER_ACK","detail":"0x8001 Universal Reply Received"}
{"ts":"2026-04-05T23:14:31.320Z","level":"INFO","device":"200000000007","event":"OBD2_SENT_0x0200","detail":"Lat: 51.736610, Lng: 0.470033 | Speed: 35km/h | RPM: 2203"}
{"ts":"2026-04-05T23:14:31.355Z","level":"INFO","device":"200000000006","event":"SERVER_ACK","detail":"0x8001 Universal Reply Received"}
{"ts":"2026-04-05T23:14:31.469Z","level":"INFO","device":"200000000008","event":"OBD2_SENT_0x0200","detail":"Lat: 51.736730, Lng: 0.470432 | Speed: 44km/h | RPM: 2547"}
{"ts":"2026-04-05T23:14:31.506Z","level":"INFO","device":"200000000007","event":"SERVER_ACK","detail":"0x8001 Universal Reply Received"}
{"ts":"2026-04-05T23:14:31.622Z","level":"INFO","device":"200000000009","event":"OBD2_SENT_0x0200","detail":"Lat: 51.736638, Lng: 0.470126 | Speed: 37km/h | RPM: 2283"}
{"ts":"2026-04-05T23:14:31.658Z","level":"INFO","device":"200000000008","event":"SERVER_ACK","detail":"0x8001 Universal Reply Received"}
{"ts":"2026-04-05T23:14:31.771Z","level":"INFO","device":"200000000010","event":"OBD2_SENT_0x0200","detail":"Lat: 51.736678, Lng: 0.470261 | Speed: 40km/h | RPM: 2399"}
{"ts":"2026-04-05T23:14:31.832Z","level":"INFO","device":"200000000009","event":"SERVER_ACK","detail":"0x8001 Universal Reply Received"}
{"ts":"2026-04-05T23:14:31.973Z","level":"INFO","device":"200000000010","event":"SERVER_ACK","detail":"0x8001 Universal Reply Received"}
{"ts":"2026-04-05T23:14:35.634Z","level":"INFO","device":"291078985963","event":"GPS_SENT","detail":""}
{"ts":"2026-04-05T23:14:35.764Z","level":"INFO","device":"868120100002","event":"GPS_SENT","detail":""}
{"ts":"2026-04-05T23:14:35.846Z","level":"INFO","device":"291078985963","event":"RX_MSG","detail":"0x8001 bodyLen=5"}
{"ts":"2026-04-05T23:14:35.846Z","level":"INFO","device":"291078985963","event":"SERVER_ACK","detail":"0x0200 result=OK"}
{"ts":"2026-04-05T23:14:35.921Z","level":"INFO","device":"868120100003","event":"GPS_SENT","detail":""}
{"ts":"2026-04-05T23:14:35.958Z","level":"INFO","device":"868120100002","event":"RX_MSG","detail":"0x8001 bodyLen=5"}
{"ts":"2026-04-05T23:14:35.958Z","level":"INFO","device":"868120100002","event":"SERVER_ACK","detail":"0x0200 result=OK"}
{"ts":"2026-04-05T23:14:36.072Z","level":"INFO","device":"868120100004","event":"GPS_SENT","detail":""}
{"ts":"2026-04-05T23:14:36.124Z","level":"INFO","device":"868120100003","event":"RX_MSG","detail":"0x8001 bodyLen=5"}
{"ts":"2026-04-05T23:14:36.125Z","level":"INFO","device":"868120100003","event":"SERVER_ACK","detail":"0x0200 result=OK"}
{"ts":"2026-04-05T23:14:36.213Z","level":"INFO","device":"868120100005","event":"GPS_SENT","detail":""}
{"ts":"2026-04-05T23:14:36.274Z","level":"INFO","device":"868120100004","event":"RX_MSG","detail":"0x8001 bodyLen=5"}
{"ts":"2026-04-05T23:14:36.274Z","level":"INFO","device":"868120100004","event":"SERVER_ACK","detail":"0x0200 result=OK"}
{"ts":"2026-04-05T23:14:36.373Z","level":"INFO","device":"868120100006","event":"GPS_SENT","detail":""}
{"ts":"2026-04-05T23:14:36.409Z","level":"INFO","device":"868120100005","event":"RX_MSG","detail":"0x8001 bodyLen=5"}
{"ts":"2026-04-05T23:14:36.410Z","level":"INFO","device":"868120100005","event":"SERVER_ACK","detail":"0x0200 result=OK"}
{"ts":"2026-04-05T23:14:36.504Z","level":"INFO","device":"868120100007","event":"GPS_SENT","detail":""}
{"ts":"2026-04-05T23:14:36.577Z","level":"INFO","device":"868120100006","event":"RX_MSG","detail":"0x8001 bodyLen=5"}
{"ts":"2026-04-05T23:14:36.577Z","level":"INFO","device":"868120100006","event":"SERVER_ACK","detail":"0x0200 result=OK"}
{"ts":"2026-04-05T23:14:36.655Z","level":"INFO","device":"868120100008","event":"GPS_SENT","detail":""}
{"ts":"2026-04-05T23:14:36.692Z","level":"INFO","device":"868120100007","event":"RX_MSG","detail":"0x8001 bodyLen=5"}
{"ts":"2026-04-05T23:14:36.692Z","level":"INFO","device":"868120100007","event":"SERVER_ACK","detail":"0x0200 result=OK"}
{"ts":"2026-04-05T23:14:36.810Z","level":"INFO","device":"868120100009","event":"GPS_SENT","detail":""}
{"ts":"2026-04-05T23:14:36.840Z","level":"INFO","device":"868120100008","event":"RX_MSG","detail":"0x8001 bodyLen=5"}
{"ts":"2026-04-05T23:14:36.840Z","level":"INFO","device":"868120100008","event":"SERVER_ACK","detail":"0x0200 result=OK"}
{"ts":"2026-04-05T23:14:36.989Z","level":"INFO","device":"100000000010","event":"GPS_SENT","detail":""}
{"ts":"2026-04-05T23:14:36.997Z","level":"INFO","device":"868120100009","event":"RX_MSG","detail":"0x8001 bodyLen=5"}
{"ts":"2026-04-05T23:14:36.997Z","level":"INFO","device":"868120100009","event":"SERVER_ACK","detail":"0x0200 result=OK"}
{"ts":"2026-04-05T23:14:37.207Z","level":"INFO","device":"100000000010","event":"RX_MSG","detail":"0x8001 bodyLen=5"}
{"ts":"2026-04-05T23:14:37.207Z","level":"INFO","device":"100000000010","event":"SERVER_ACK","detail":"0x0200 result=OK"}
{"ts":"2026-04-05T23:14:40.077Z","level":"INFO","device":"868120100006","event":"RX_MSG","detail":"0x9101 bodyLen=20"}
{"ts":"2026-04-05T23:14:40.078Z","level":"INFO","device":"868120100006","event":"SENT_ACK","detail":"0x0001 acknowledging Live Stream Request"}
{"ts":"2026-04-05T23:14:40.079Z","level":"INFO","device":"868120100006","event":"LIVE_STREAM_REQ","detail":"Target: 54.37.225.65:3378 | Channel: 2"}
{"ts":"2026-04-05T23:14:40.079Z","level":"INFO","device":"868120100006","event":"LIVE_STREAM_CONNECTING","detail":"54.37.225.65:3378"}
{"ts":"2026-04-05T23:14:40.292Z","level":"INFO","device":"868120100006","event":"LIVE_STREAM_CONNECTED","detail":"Pumping video for CH2... (BCD: 868120100006)"}
{"ts":"2026-04-05T23:14:45.422Z","level":"INFO","device":"291078985963","event":"HEARTBEAT_SENT","detail":"0x0002"}
{"ts":"2026-04-05T23:14:45.429Z","level":"INFO","device":"291078985963","event":"OBD2_SENT_0x0200","detail":"Lat: 51.737132, Lng: 0.471889 | Speed: 32km/h | RPM: 2082"}
{"ts":"2026-04-05T23:14:45.570Z","level":"INFO","device":"200000000002","event":"HEARTBEAT_SENT","detail":"0x0002"}
{"ts":"2026-04-05T23:14:45.571Z","level":"INFO","device":"200000000002","event":"OBD2_SENT_0x0200","detail":"Lat: 51.737328, Lng: 0.472704 | Speed: 42km/h | RPM: 2474"}
{"ts":"2026-04-05T23:14:45.616Z","level":"INFO","device":"291078985963","event":"SERVER_ACK","detail":"0x8001 Universal Reply Received"}
{"ts":"2026-04-05T23:14:45.719Z","level":"INFO","device":"200000000003","event":"HEARTBEAT_SENT","detail":"0x0002"}
{"ts":"2026-04-05T23:14:45.720Z","level":"INFO","device":"200000000003","event":"OBD2_SENT_0x0200","detail":"Lat: 51.737325, Lng: 0.472688 | Speed: 41km/h | RPM: 2423"}
{"ts":"2026-04-05T23:14:45.774Z","level":"INFO","device":"200000000002","event":"SERVER_ACK","detail":"0x8001 Universal Reply Received"}
{"ts":"2026-04-05T23:14:45.870Z","level":"INFO","device":"200000000004","event":"HEARTBEAT_SENT","detail":"0x0002"}
{"ts":"2026-04-05T23:14:45.870Z","level":"INFO","device":"200000000004","event":"OBD2_SENT_0x0200","detail":"Lat: 51.737248, Lng: 0.472371 | Speed: 40km/h | RPM: 2393"}
{"ts":"2026-04-05T23:14:45.918Z","level":"INFO","device":"291078985963","event":"SERVER_ACK","detail":"0x8001 Universal Reply Received"}
{"ts":"2026-04-05T23:14:45.931Z","level":"INFO","device":"200000000003","event":"SERVER_ACK","detail":"0x8001 Universal Reply Received"}
{"ts":"2026-04-05T23:14:46.019Z","level":"INFO","device":"200000000005","event":"HEARTBEAT_SENT","detail":"0x0002"}
{"ts":"2026-04-05T23:14:46.020Z","level":"INFO","device":"200000000005","event":"OBD2_SENT_0x0200","detail":"Lat: 51.737458, Lng: 0.473350 | Speed: 49km/h | RPM: 2746"}
{"ts":"2026-04-05T23:14:46.056Z","level":"INFO","device":"200000000004","event":"SERVER_ACK","detail":"0x8001 Universal Reply Received"}
{"ts":"2026-04-05T23:14:46.083Z","level":"INFO","device":"200000000002","event":"SERVER_ACK","detail":"0x8001 Universal Reply Received"}
{"ts":"2026-04-05T23:14:46.170Z","level":"INFO","device":"200000000006","event":"HEARTBEAT_SENT","detail":"0x0002"}
{"ts":"2026-04-05T23:14:46.170Z","level":"INFO","device":"200000000006","event":"OBD2_SENT_0x0200","detail":"Lat: 51.737417, Lng: 0.473100 | Speed: 44km/h | RPM: 2567"}
{"ts":"2026-04-05T23:14:46.220Z","level":"INFO","device":"200000000005","event":"SERVER_ACK","detail":"0x8001 Universal Reply Received"}
{"ts":"2026-04-05T23:14:46.247Z","level":"INFO","device":"200000000003","event":"SERVER_ACK","detail":"0x8001 Universal Reply Received"}
{"ts":"2026-04-05T23:14:46.320Z","level":"INFO","device":"200000000007","event":"HEARTBEAT_SENT","detail":"0x0002"}
{"ts":"2026-04-05T23:14:46.320Z","level":"INFO","device":"200000000007","event":"OBD2_SENT_0x0200","detail":"Lat: 51.737239, Lng: 0.472333 | Speed: 40km/h | RPM: 2383"}
{"ts":"2026-04-05T23:14:46.355Z","level":"INFO","device":"200000000006","event":"SERVER_ACK","detail":"0x8001 Universal Reply Received"}
{"ts":"2026-04-05T23:14:46.365Z","level":"INFO","device":"200000000004","event":"SERVER_ACK","detail":"0x8001 Universal Reply Received"}
{"ts":"2026-04-05T23:14:46.469Z","level":"INFO","device":"200000000008","event":"HEARTBEAT_SENT","detail":"0x0002"}
{"ts":"2026-04-05T23:14:46.469Z","level":"INFO","device":"200000000008","event":"OBD2_SENT_0x0200","detail":"Lat: 51.737442, Lng: 0.473254 | Speed: 48km/h | RPM: 2710"}
{"ts":"2026-04-05T23:14:46.506Z","level":"INFO","device":"200000000007","event":"SERVER_ACK","detail":"0x8001 Universal Reply Received"}
{"ts":"2026-04-05T23:14:46.568Z","level":"INFO","device":"200000000005","event":"SERVER_ACK","detail":"0x8001 Universal Reply Received"}
{"ts":"2026-04-05T23:14:46.621Z","level":"INFO","device":"200000000009","event":"HEARTBEAT_SENT","detail":"0x0002"}
{"ts":"2026-04-05T23:14:46.621Z","level":"INFO","device":"200000000009","event":"OBD2_SENT_0x0200","detail":"Lat: 51.737191, Lng: 0.472134 | Speed: 35km/h | RPM: 2181"}
{"ts":"2026-04-05T23:14:46.657Z","level":"INFO","device":"200000000008","event":"SERVER_ACK","detail":"0x8001 Universal Reply Received"}
{"ts":"2026-04-05T23:14:46.676Z","level":"INFO","device":"200000000006","event":"SERVER_ACK","detail":"0x8001 Universal Reply Received"}
{"ts":"2026-04-05T23:14:46.770Z","level":"INFO","device":"200000000010","event":"HEARTBEAT_SENT","detail":"0x0002"}
{"ts":"2026-04-05T23:14:46.771Z","level":"INFO","device":"200000000010","event":"OBD2_SENT_0x0200","detail":"Lat: 51.737284, Lng: 0.472522 | Speed: 39km/h | RPM: 2343"}
{"ts":"2026-04-05T23:14:46.812Z","level":"INFO","device":"200000000007","event":"SERVER_ACK","detail":"0x8001 Universal Reply Received"}
{"ts":"2026-04-05T23:14:46.832Z","level":"INFO","device":"200000000009","event":"SERVER_ACK","detail":"0x8001 Universal Reply Received"}
{"ts":"2026-04-05T23:14:46.968Z","level":"INFO","device":"200000000008","event":"SERVER_ACK","detail":"0x8001 Universal Reply Received"}
{"ts":"2026-04-05T23:14:46.972Z","level":"INFO","device":"200000000010","event":"SERVER_ACK","detail":"0x8001 Universal Reply Received"}
{"ts":"2026-04-05T23:14:47.148Z","level":"INFO","device":"200000000009","event":"SERVER_ACK","detail":"0x8001 Universal Reply Received"}
{"ts":"2026-04-05T23:14:47.294Z","level":"INFO","device":"200000000010","event":"SERVER_ACK","detail":"0x8001 Universal Reply Received"}
{"ts":"2026-04-05T23:14:51.360Z","level":"INFO","device":"868120100006","event":"RX_MSG","detail":"0x9101 bodyLen=20"}
{"ts":"2026-04-05T23:14:51.361Z","level":"INFO","device":"868120100006","event":"SENT_ACK","detail":"0x0001 acknowledging Live Stream Request"}
{"ts":"2026-04-05T23:14:51.362Z","level":"INFO","device":"868120100006","event":"LIVE_STREAM_REQ","detail":"Target: 54.37.225.65:3378 | Channel: 2"}
{"ts":"2026-04-05T23:14:51.366Z","level":"INFO","device":"868120100006","event":"LIVE_STREAM_CONNECTING","detail":"54.37.225.65:3378"}
{"ts":"2026-04-05T23:14:51.576Z","level":"INFO","device":"868120100006","event":"LIVE_STREAM_CONNECTED","detail":"Pumping video for CH2... (BCD: 868120100006)"}
{"ts":"2026-04-05T23:14:55.634Z","level":"INFO","device":"291078985963","event":"INCIDENT_SENT","detail":"mediaId=1 alarmId=29107898596300260405231455010200"}
{"ts":"2026-04-05T23:14:55.635Z","level":"INFO","device":"291078985963","event":"GPS_SENT","detail":""}
{"ts":"2026-04-05T23:14:55.764Z","level":"INFO","device":"868120100002","event":"INCIDENT_SENT","detail":"mediaId=1 alarmId=86812010000200260405231455010200"}
{"ts":"2026-04-05T23:14:55.766Z","level":"INFO","device":"868120100002","event":"GPS_SENT","detail":""}
{"ts":"2026-04-05T23:14:55.845Z","level":"INFO","device":"291078985963","event":"RX_MSG","detail":"0x8001 bodyLen=5"}
{"ts":"2026-04-05T23:14:55.845Z","level":"INFO","device":"291078985963","event":"SERVER_ACK","detail":"0x0200 result=OK"}
{"ts":"2026-04-05T23:14:55.920Z","level":"INFO","device":"868120100003","event":"INCIDENT_SENT","detail":"mediaId=1 alarmId=86812010000300260405231455010200"}
{"ts":"2026-04-05T23:14:55.921Z","level":"INFO","device":"868120100003","event":"GPS_SENT","detail":""}
{"ts":"2026-04-05T23:14:55.957Z","level":"INFO","device":"868120100002","event":"RX_MSG","detail":"0x8001 bodyLen=5"}
{"ts":"2026-04-05T23:14:55.959Z","level":"INFO","device":"868120100002","event":"SERVER_ACK","detail":"0x0200 result=OK"}
{"ts":"2026-04-05T23:14:56.072Z","level":"INFO","device":"868120100004","event":"INCIDENT_SENT","detail":"mediaId=1 alarmId=86812010000400260405231456010200"}
{"ts":"2026-04-05T23:14:56.072Z","level":"INFO","device":"868120100004","event":"GPS_SENT","detail":""}
{"ts":"2026-04-05T23:14:56.122Z","level":"INFO","device":"868120100003","event":"RX_MSG","detail":"0x8001 bodyLen=5"}
{"ts":"2026-04-05T23:14:56.123Z","level":"INFO","device":"868120100003","event":"SERVER_ACK","detail":"0x0200 result=OK"}
{"ts":"2026-04-05T23:14:56.198Z","level":"INFO","device":"291078985963","event":"RX_MSG","detail":"0x8001 bodyLen=5"}
{"ts":"2026-04-05T23:14:56.198Z","level":"INFO","device":"291078985963","event":"SERVER_ACK","detail":"0x0800 result=OK"}
{"ts":"2026-04-05T23:14:56.198Z","level":"INFO","device":"291078985963","event":"RX_MSG","detail":"0x8001 bodyLen=5"}
{"ts":"2026-04-05T23:14:56.198Z","level":"INFO","device":"291078985963","event":"SERVER_ACK","detail":"0x0200 result=OK"}
{"ts":"2026-04-05T23:14:56.214Z","level":"INFO","device":"868120100005","event":"INCIDENT_SENT","detail":"mediaId=1 alarmId=86812010000500260405231456010200"}
{"ts":"2026-04-05T23:14:56.214Z","level":"INFO","device":"868120100005","event":"GPS_SENT","detail":""}
{"ts":"2026-04-05T23:14:56.273Z","level":"INFO","device":"868120100004","event":"RX_MSG","detail":"0x8001 bodyLen=5"}
{"ts":"2026-04-05T23:14:56.276Z","level":"INFO","device":"868120100004","event":"SERVER_ACK","detail":"0x0200 result=OK"}
{"ts":"2026-04-05T23:14:56.277Z","level":"INFO","device":"868120100002","event":"RX_MSG","detail":"0x8001 bodyLen=5"}
{"ts":"2026-04-05T23:14:56.278Z","level":"INFO","device":"868120100002","event":"SERVER_ACK","detail":"0x0800 result=OK"}
{"ts":"2026-04-05T23:14:56.278Z","level":"INFO","device":"868120100002","event":"RX_MSG","detail":"0x8001 bodyLen=5"}
{"ts":"2026-04-05T23:14:56.280Z","level":"INFO","device":"868120100002","event":"SERVER_ACK","detail":"0x0200 result=OK"}
{"ts":"2026-04-05T23:14:56.373Z","level":"INFO","device":"868120100006","event":"INCIDENT_SENT","detail":"mediaId=1 alarmId=86812010000600260405231456010200"}
{"ts":"2026-04-05T23:14:56.374Z","level":"INFO","device":"868120100006","event":"GPS_SENT","detail":""}
{"ts":"2026-04-05T23:14:56.408Z","level":"INFO","device":"868120100005","event":"RX_MSG","detail":"0x8001 bodyLen=5"}
{"ts":"2026-04-05T23:14:56.408Z","level":"INFO","device":"868120100005","event":"SERVER_ACK","detail":"0x0200 result=OK"}
{"ts":"2026-04-05T23:14:56.476Z","level":"INFO","device":"868120100003","event":"RX_MSG","detail":"0x8001 bodyLen=5"}
{"ts":"2026-04-05T23:14:56.477Z","level":"INFO","device":"868120100003","event":"SERVER_ACK","detail":"0x0800 result=OK"}
{"ts":"2026-04-05T23:14:56.477Z","level":"INFO","device":"868120100003","event":"RX_MSG","detail":"0x8001 bodyLen=5"}
{"ts":"2026-04-05T23:14:56.477Z","level":"INFO","device":"868120100003","event":"SERVER_ACK","detail":"0x0200 result=OK"}
{"ts":"2026-04-05T23:14:56.505Z","level":"INFO","device":"868120100007","event":"INCIDENT_SENT","detail":"mediaId=1 alarmId=86812010000700260405231456010200"}
{"ts":"2026-04-05T23:14:56.505Z","level":"INFO","device":"868120100007","event":"GPS_SENT","detail":""}
{"ts":"2026-04-05T23:14:56.577Z","level":"INFO","device":"868120100006","event":"RX_MSG","detail":"0x8001 bodyLen=5"}
{"ts":"2026-04-05T23:14:56.577Z","level":"INFO","device":"868120100006","event":"SERVER_ACK","detail":"0x0200 result=OK"}
{"ts":"2026-04-05T23:14:56.600Z","level":"INFO","device":"868120100004","event":"RX_MSG","detail":"0x8001 bodyLen=5"}
{"ts":"2026-04-05T23:14:56.601Z","level":"INFO","device":"868120100004","event":"SERVER_ACK","detail":"0x0800 result=OK"}
{"ts":"2026-04-05T23:14:56.601Z","level":"INFO","device":"868120100004","event":"RX_MSG","detail":"0x8001 bodyLen=5"}
{"ts":"2026-04-05T23:14:56.601Z","level":"INFO","device":"868120100004","event":"SERVER_ACK","detail":"0x0200 result=OK"}
{"ts":"2026-04-05T23:14:56.654Z","level":"INFO","device":"868120100008","event":"INCIDENT_SENT","detail":"mediaId=1 alarmId=86812010000800260405231456010200"}
{"ts":"2026-04-05T23:14:56.656Z","level":"INFO","device":"868120100008","event":"GPS_SENT","detail":""}
{"ts":"2026-04-05T23:14:56.688Z","level":"INFO","device":"868120100007","event":"RX_MSG","detail":"0x8001 bodyLen=5"}
{"ts":"2026-04-05T23:14:56.689Z","level":"INFO","device":"868120100007","event":"SERVER_ACK","detail":"0x0200 result=OK"}
{"ts":"2026-04-05T23:14:56.749Z","level":"INFO","device":"868120100005","event":"RX_MSG","detail":"0x8001 bodyLen=5"}
{"ts":"2026-04-05T23:14:56.749Z","level":"INFO","device":"868120100005","event":"SERVER_ACK","detail":"0x0800 result=OK"}
{"ts":"2026-04-05T23:14:56.749Z","level":"INFO","device":"868120100005","event":"RX_MSG","detail":"0x8001 bodyLen=5"}
{"ts":"2026-04-05T23:14:56.749Z","level":"INFO","device":"868120100005","event":"SERVER_ACK","detail":"0x0200 result=OK"}
{"ts":"2026-04-05T23:14:56.809Z","level":"INFO","device":"868120100009","event":"INCIDENT_SENT","detail":"mediaId=1 alarmId=86812010000900260405231456010200"}
{"ts":"2026-04-05T23:14:56.810Z","level":"INFO","device":"868120100009","event":"GPS_SENT","detail":""}
{"ts":"2026-04-05T23:14:56.838Z","level":"INFO","device":"868120100008","event":"RX_MSG","detail":"0x8001 bodyLen=5"}
{"ts":"2026-04-05T23:14:56.838Z","level":"INFO","device":"868120100008","event":"SERVER_ACK","detail":"0x0200 result=OK"}
{"ts":"2026-04-05T23:14:56.907Z","level":"INFO","device":"868120100006","event":"RX_MSG","detail":"0x8001 bodyLen=5"}
{"ts":"2026-04-05T23:14:56.908Z","level":"INFO","device":"868120100006","event":"SERVER_ACK","detail":"0x0800 result=OK"}
{"ts":"2026-04-05T23:14:56.910Z","level":"INFO","device":"868120100006","event":"RX_MSG","detail":"0x8001 bodyLen=5"}
{"ts":"2026-04-05T23:14:56.910Z","level":"INFO","device":"868120100006","event":"SERVER_ACK","detail":"0x0200 result=OK"}
{"ts":"2026-04-05T23:14:56.989Z","level":"INFO","device":"100000000010","event":"INCIDENT_SENT","detail":"mediaId=1 alarmId=10000000001000260405231456010200"}
{"ts":"2026-04-05T23:14:56.989Z","level":"INFO","device":"100000000010","event":"GPS_SENT","detail":""}
{"ts":"2026-04-05T23:14:56.995Z","level":"INFO","device":"868120100009","event":"RX_MSG","detail":"0x8001 bodyLen=5"}
{"ts":"2026-04-05T23:14:56.995Z","level":"INFO","device":"868120100009","event":"SERVER_ACK","detail":"0x0200 result=OK"}
{"ts":"2026-04-05T23:14:57.012Z","level":"INFO","device":"868120100007","event":"RX_MSG","detail":"0x8001 bodyLen=5"}
{"ts":"2026-04-05T23:14:57.015Z","level":"INFO","device":"868120100007","event":"SERVER_ACK","detail":"0x0800 result=OK"}
{"ts":"2026-04-05T23:14:57.016Z","level":"INFO","device":"868120100007","event":"RX_MSG","detail":"0x8001 bodyLen=5"}
{"ts":"2026-04-05T23:14:57.016Z","level":"INFO","device":"868120100007","event":"SERVER_ACK","detail":"0x0200 result=OK"}
{"ts":"2026-04-05T23:14:57.137Z","level":"INFO","device":"868120100008","event":"RX_MSG","detail":"0x8001 bodyLen=5"}
{"ts":"2026-04-05T23:14:57.137Z","level":"INFO","device":"868120100008","event":"SERVER_ACK","detail":"0x0800 result=OK"}
{"ts":"2026-04-05T23:14:57.137Z","level":"INFO","device":"868120100008","event":"RX_MSG","detail":"0x8001 bodyLen=5"}
{"ts":"2026-04-05T23:14:57.137Z","level":"INFO","device":"868120100008","event":"SERVER_ACK","detail":"0x0200 result=OK"}
{"ts":"2026-04-05T23:14:57.205Z","level":"INFO","device":"100000000010","event":"RX_MSG","detail":"0x8001 bodyLen=5"}
{"ts":"2026-04-05T23:14:57.205Z","level":"INFO","device":"100000000010","event":"SERVER_ACK","detail":"0x0200 result=OK"}
{"ts":"2026-04-05T23:14:57.293Z","level":"INFO","device":"868120100009","event":"RX_MSG","detail":"0x8001 bodyLen=5"}
{"ts":"2026-04-05T23:14:57.293Z","level":"INFO","device":"868120100009","event":"SERVER_ACK","detail":"0x0800 result=OK"}
{"ts":"2026-04-05T23:14:57.293Z","level":"INFO","device":"868120100009","event":"RX_MSG","detail":"0x8001 bodyLen=5"}
{"ts":"2026-04-05T23:14:57.293Z","level":"INFO","device":"868120100009","event":"SERVER_ACK","detail":"0x0200 result=OK"}
{"ts":"2026-04-05T23:14:57.542Z","level":"INFO","device":"100000000010","event":"RX_MSG","detail":"0x8001 bodyLen=5"}
{"ts":"2026-04-05T23:14:57.543Z","level":"INFO","device":"100000000010","event":"SERVER_ACK","detail":"0x0800 result=OK"}
{"ts":"2026-04-05T23:14:57.543Z","level":"INFO","device":"100000000010","event":"RX_MSG","detail":"0x8001 bodyLen=5"}
{"ts":"2026-04-05T23:14:57.543Z","level":"INFO","device":"100000000010","event":"SERVER_ACK","detail":"0x0200 result=OK"}
{"ts":"2026-04-05T23:15:00.430Z","level":"INFO","device":"291078985963","event":"OBD2_SENT_0x0200","detail":"Lat: 51.737522, Lng: 0.473735 | Speed: 33km/h | RPM: 2110"}
{"ts":"2026-04-05T23:15:00.571Z","level":"INFO","device":"200000000002","event":"OBD2_SENT_0x0200","detail":"Lat: 51.737681, Lng: 0.474844 | Speed: 38km/h | RPM: 2319"}
{"ts":"2026-04-05T23:15:00.627Z","level":"INFO","device":"291078985963","event":"SERVER_ACK","detail":"0x8001 Universal Reply Received"}
{"ts":"2026-04-05T23:15:00.721Z","level":"INFO","device":"200000000003","event":"OBD2_SENT_0x0200","detail":"Lat: 51.737692, Lng: 0.474935 | Speed: 40km/h | RPM: 2395"}
{"ts":"2026-04-05T23:15:00.777Z","level":"INFO","device":"200000000002","event":"SERVER_ACK","detail":"0x8001 Universal Reply Received"}
{"ts":"2026-04-05T23:15:00.870Z","level":"INFO","device":"200000000004","event":"OBD2_SENT_0x0200","detail":"Lat: 51.737685, Lng: 0.474884 | Speed: 45km/h | RPM: 2584"}
{"ts":"2026-04-05T23:15:00.934Z","level":"INFO","device":"200000000003","event":"SERVER_ACK","detail":"0x8001 Universal Reply Received"}
{"ts":"2026-04-05T23:15:01.021Z","level":"INFO","device":"200000000005","event":"OBD2_SENT_0x0200","detail":"Lat: 51.737773, Lng: 0.475962 | Speed: 45km/h | RPM: 2588"}
{"ts":"2026-04-05T23:15:01.057Z","level":"INFO","device":"200000000004","event":"SERVER_ACK","detail":"0x8001 Universal Reply Received"}
{"ts":"2026-04-05T23:15:01.170Z","level":"INFO","device":"200000000006","event":"OBD2_SENT_0x0200","detail":"Lat: 51.737771, Lng: 0.475905 | Speed: 48km/h | RPM: 2720"}
{"ts":"2026-04-05T23:15:01.224Z","level":"INFO","device":"200000000005","event":"SERVER_ACK","detail":"0x8001 Universal Reply Received"}
{"ts":"2026-04-05T23:15:01.320Z","level":"INFO","device":"200000000007","event":"OBD2_SENT_0x0200","detail":"Lat: 51.737674, Lng: 0.474792 | Speed: 44km/h | RPM: 2545"}
{"ts":"2026-04-05T23:15:01.355Z","level":"INFO","device":"200000000006","event":"SERVER_ACK","detail":"0x8001 Universal Reply Received"}
{"ts":"2026-04-05T23:15:01.470Z","level":"INFO","device":"200000000008","event":"OBD2_SENT_0x0200","detail":"Lat: 51.737772, Lng: 0.475933 | Speed: 46km/h | RPM: 2634"}
{"ts":"2026-04-05T23:15:01.507Z","level":"INFO","device":"200000000007","event":"SERVER_ACK","detail":"0x8001 Universal Reply Received"}
{"ts":"2026-04-05T23:15:01.621Z","level":"INFO","device":"200000000009","event":"OBD2_SENT_0x0200","detail":"Lat: 51.737599, Lng: 0.474194 | Speed: 37km/h | RPM: 2262"}
{"ts":"2026-04-05T23:15:01.657Z","level":"INFO","device":"200000000008","event":"SERVER_ACK","detail":"0x8001 Universal Reply Received"}
{"ts":"2026-04-05T23:15:01.771Z","level":"INFO","device":"200000000010","event":"OBD2_SENT_0x0200","detail":"Lat: 51.737682, Lng: 0.474852 | Speed: 41km/h | RPM: 2454"}
{"ts":"2026-04-05T23:15:01.832Z","level":"INFO","device":"200000000009","event":"SERVER_ACK","detail":"0x8001 Universal Reply Received"}
{"ts":"2026-04-05T23:15:01.973Z","level":"INFO","device":"200000000010","event":"SERVER_ACK","detail":"0x8001 Universal Reply Received"}
{"ts":"2026-04-05T23:15:15.422Z","level":"INFO","device":"291078985963","event":"HEARTBEAT_SENT","detail":"0x0002"}
{"ts":"2026-04-05T23:15:15.430Z","level":"INFO","device":"291078985963","event":"OBD2_SENT_0x0200","detail":"Lat: 51.737759, Lng: 0.475606 | Speed: 32km/h | RPM: 2081"}
{"ts":"2026-04-05T23:15:15.570Z","level":"INFO","device":"200000000002","event":"HEARTBEAT_SENT","detail":"0x0002"}
{"ts":"2026-04-05T23:15:15.571Z","level":"INFO","device":"200000000002","event":"OBD2_SENT_0x0200","detail":"Lat: 51.737743, Lng: 0.477286 | Speed: 41km/h | RPM: 2447"}
{"ts":"2026-04-05T23:15:15.616Z","level":"INFO","device":"291078985963","event":"SERVER_ACK","detail":"0x8001 Universal Reply Received"}
{"ts":"2026-04-05T23:15:15.635Z","level":"INFO","device":"291078985963","event":"GPS_SENT","detail":""}
{"ts":"2026-04-05T23:15:15.719Z","level":"INFO","device":"200000000003","event":"DTC_SENT_0x0900","detail":"Injected Fault Code: C1234"}
{"ts":"2026-04-05T23:15:15.719Z","level":"INFO","device":"200000000003","event":"HEARTBEAT_SENT","detail":"0x0002"}
{"ts":"2026-04-05T23:15:15.720Z","level":"INFO","device":"200000000003","event":"OBD2_SENT_0x0200","detail":"Lat: 51.737762, Lng: 0.477055 | Speed: 36km/h | RPM: 2229"}
{"ts":"2026-04-05T23:15:15.766Z","level":"INFO","device":"868120100002","event":"GPS_SENT","detail":""}
{"ts":"2026-04-05T23:15:15.774Z","level":"INFO","device":"200000000002","event":"SERVER_ACK","detail":"0x8001 Universal Reply Received"}
{"ts":"2026-04-05T23:15:15.846Z","level":"INFO","device":"291078985963","event":"RX_MSG","detail":"0x8001 bodyLen=5"}
{"ts":"2026-04-05T23:15:15.846Z","level":"INFO","device":"291078985963","event":"SERVER_ACK","detail":"0x0200 result=OK"}
{"ts":"2026-04-05T23:15:15.870Z","level":"INFO","device":"200000000004","event":"HEARTBEAT_SENT","detail":"0x0002"}
{"ts":"2026-04-05T23:15:15.871Z","level":"INFO","device":"200000000004","event":"OBD2_SENT_0x0200","detail":"Lat: 51.737723, Lng: 0.477522 | Speed: 44km/h | RPM: 2579"}
{"ts":"2026-04-05T23:15:15.921Z","level":"INFO","device":"868120100003","event":"GPS_SENT","detail":""}
{"ts":"2026-04-05T23:15:15.930Z","level":"INFO","device":"291078985963","event":"SERVER_ACK","detail":"0x8001 Universal Reply Received"}
{"ts":"2026-04-05T23:15:15.937Z","level":"INFO","device":"200000000003","event":"SERVER_ACK","detail":"0x8001 Universal Reply Received"}
{"ts":"2026-04-05T23:15:15.959Z","level":"INFO","device":"868120100002","event":"RX_MSG","detail":"0x8001 bodyLen=5"}
{"ts":"2026-04-05T23:15:15.960Z","level":"INFO","device":"868120100002","event":"SERVER_ACK","detail":"0x0200 result=OK"}
{"ts":"2026-04-05T23:15:16.021Z","level":"INFO","device":"200000000005","event":"HEARTBEAT_SENT","detail":"0x0002"}
{"ts":"2026-04-05T23:15:16.022Z","level":"INFO","device":"200000000005","event":"OBD2_SENT_0x0200","detail":"Lat: 51.737479, Lng: 0.478685 | Speed: 45km/h | RPM: 2604"}
{"ts":"2026-04-05T23:15:16.057Z","level":"INFO","device":"200000000004","event":"SERVER_ACK","detail":"0x8001 Universal Reply Received"}
{"ts":"2026-04-05T23:15:16.072Z","level":"INFO","device":"868120100004","event":"GPS_SENT","detail":""}
{"ts":"2026-04-05T23:15:16.096Z","level":"INFO","device":"200000000002","event":"SERVER_ACK","detail":"0x8001 Universal Reply Received"}
{"ts":"2026-04-05T23:15:16.124Z","level":"INFO","device":"868120100003","event":"RX_MSG","detail":"0x8001 bodyLen=5"}
{"ts":"2026-04-05T23:15:16.124Z","level":"INFO","device":"868120100003","event":"SERVER_ACK","detail":"0x0200 result=OK"}
{"ts":"2026-04-05T23:15:16.169Z","level":"INFO","device":"200000000006","event":"HEARTBEAT_SENT","detail":"0x0002"}
{"ts":"2026-04-05T23:15:16.170Z","level":"INFO","device":"200000000006","event":"OBD2_SENT_0x0200","detail":"Lat: 51.737476, Lng: 0.478697 | Speed: 46km/h | RPM: 2650"}
{"ts":"2026-04-05T23:15:16.215Z","level":"INFO","device":"868120100005","event":"GPS_SENT","detail":""}
{"ts":"2026-04-05T23:15:16.222Z","level":"INFO","device":"200000000005","event":"SERVER_ACK","detail":"0x8001 Universal Reply Received"}
{"ts":"2026-04-05T23:15:16.274Z","level":"INFO","device":"868120100004","event":"RX_MSG","detail":"0x8001 bodyLen=5"}
{"ts":"2026-04-05T23:15:16.274Z","level":"INFO","device":"868120100004","event":"SERVER_ACK","detail":"0x0200 result=OK"}
{"ts":"2026-04-05T23:15:16.290Z","level":"INFO","device":"200000000003","event":"SERVER_ACK","detail":"0x8001 Universal Reply Received"}
{"ts":"2026-04-05T23:15:16.320Z","level":"INFO","device":"200000000007","event":"HEARTBEAT_SENT","detail":"0x0002"}
{"ts":"2026-04-05T23:15:16.321Z","level":"INFO","device":"200000000007","event":"OBD2_SENT_0x0200","detail":"Lat: 51.737755, Lng: 0.477140 | Speed: 40km/h | RPM: 2383"}
{"ts":"2026-04-05T23:15:16.354Z","level":"INFO","device":"200000000006","event":"SERVER_ACK","detail":"0x8001 Universal Reply Received"}
{"ts":"2026-04-05T23:15:16.366Z","level":"INFO","device":"200000000004","event":"SERVER_ACK","detail":"0x8001 Universal Reply Received"}
{"ts":"2026-04-05T23:15:16.375Z","level":"INFO","device":"868120100006","event":"GPS_SENT","detail":""}
{"ts":"2026-04-05T23:15:16.409Z","level":"INFO","device":"868120100005","event":"RX_MSG","detail":"0x8001 bodyLen=5"}
{"ts":"2026-04-05T23:15:16.410Z","level":"INFO","device":"868120100005","event":"SERVER_ACK","detail":"0x0200 result=OK"}
{"ts":"2026-04-05T23:15:16.470Z","level":"INFO","device":"200000000008","event":"HEARTBEAT_SENT","detail":"0x0002"}
{"ts":"2026-04-05T23:15:16.470Z","level":"INFO","device":"200000000008","event":"OBD2_SENT_0x0200","detail":"Lat: 51.737438, Lng: 0.478847 | Speed: 48km/h | RPM: 2731"}
{"ts":"2026-04-05T23:15:16.505Z","level":"INFO","device":"868120100007","event":"GPS_SENT","detail":""}
{"ts":"2026-04-05T23:15:16.506Z","level":"INFO","device":"200000000007","event":"SERVER_ACK","detail":"0x8001 Universal Reply Received"}
{"ts":"2026-04-05T23:15:16.569Z","level":"INFO","device":"200000000005","event":"SERVER_ACK","detail":"0x8001 Universal Reply Received"}
{"ts":"2026-04-05T23:15:16.578Z","level":"INFO","device":"868120100006","event":"RX_MSG","detail":"0x8001 bodyLen=5"}
{"ts":"2026-04-05T23:15:16.578Z","level":"INFO","device":"868120100006","event":"SERVER_ACK","detail":"0x0200 result=OK"}
{"ts":"2026-04-05T23:15:16.621Z","level":"INFO","device":"200000000009","event":"HEARTBEAT_SENT","detail":"0x0002"}
{"ts":"2026-04-05T23:15:16.623Z","level":"INFO","device":"200000000009","event":"OBD2_SENT_0x0200","detail":"Lat: 51.737794, Lng: 0.476449 | Speed: 39km/h | RPM: 2344"}
{"ts":"2026-04-05T23:15:16.656Z","level":"INFO","device":"200000000008","event":"SERVER_ACK","detail":"0x8001 Universal Reply Received"}
{"ts":"2026-04-05T23:15:16.656Z","level":"INFO","device":"868120100008","event":"GPS_SENT","detail":""}
{"ts":"2026-04-05T23:15:16.677Z","level":"INFO","device":"200000000006","event":"SERVER_ACK","detail":"0x8001 Universal Reply Received"}
{"ts":"2026-04-05T23:15:16.691Z","level":"INFO","device":"868120100007","event":"RX_MSG","detail":"0x8001 bodyLen=5"}
{"ts":"2026-04-05T23:15:16.692Z","level":"INFO","device":"868120100007","event":"SERVER_ACK","detail":"0x0200 result=OK"}
{"ts":"2026-04-05T23:15:16.771Z","level":"INFO","device":"200000000010","event":"HEARTBEAT_SENT","detail":"0x0002"}
{"ts":"2026-04-05T23:15:16.771Z","level":"INFO","device":"200000000010","event":"OBD2_SENT_0x0200","detail":"Lat: 51.737746, Lng: 0.477250 | Speed: 40km/h | RPM: 2417"}
{"ts":"2026-04-05T23:15:16.810Z","level":"INFO","device":"868120100009","event":"GPS_SENT","detail":""}
{"ts":"2026-04-05T23:15:16.825Z","level":"INFO","device":"200000000007","event":"SERVER_ACK","detail":"0x8001 Universal Reply Received"}
{"ts":"2026-04-05T23:15:16.831Z","level":"INFO","device":"200000000009","event":"SERVER_ACK","detail":"0x8001 Universal Reply Received"}
{"ts":"2026-04-05T23:15:16.841Z","level":"INFO","device":"868120100008","event":"RX_MSG","detail":"0x8001 bodyLen=5"}
{"ts":"2026-04-05T23:15:16.842Z","level":"INFO","device":"868120100008","event":"SERVER_ACK","detail":"0x0200 result=OK"}
{"ts":"2026-04-05T23:15:16.972Z","level":"INFO","device":"200000000010","event":"SERVER_ACK","detail":"0x8001 Universal Reply Received"}
{"ts":"2026-04-05T23:15:16.981Z","level":"INFO","device":"200000000008","event":"SERVER_ACK","detail":"0x8001 Universal Reply Received"}
{"ts":"2026-04-05T23:15:16.989Z","level":"INFO","device":"100000000010","event":"GPS_SENT","detail":""}
{"ts":"2026-04-05T23:15:16.997Z","level":"INFO","device":"868120100009","event":"RX_MSG","detail":"0x8001 bodyLen=5"}
{"ts":"2026-04-05T23:15:16.997Z","level":"INFO","device":"868120100009","event":"SERVER_ACK","detail":"0x0200 result=OK"}
{"ts":"2026-04-05T23:15:17.160Z","level":"INFO","device":"200000000009","event":"SERVER_ACK","detail":"0x8001 Universal Reply Received"}
{"ts":"2026-04-05T23:15:17.207Z","level":"INFO","device":"100000000010","event":"RX_MSG","detail":"0x8001 bodyLen=5"}
{"ts":"2026-04-05T23:15:17.207Z","level":"INFO","device":"100000000010","event":"SERVER_ACK","detail":"0x0200 result=OK"}
{"ts":"2026-04-05T23:15:17.307Z","level":"INFO","device":"200000000010","event":"SERVER_ACK","detail":"0x8001 Universal Reply Received"}
{"ts":"2026-04-05T23:15:30.429Z","level":"INFO","device":"291078985963","event":"OBD2_SENT_0x0200","detail":"Lat: 51.737710, Lng: 0.477686 | Speed: 34km/h | RPM: 2178"}
{"ts":"2026-04-05T23:15:30.570Z","level":"INFO","device":"200000000002","event":"OBD2_SENT_0x0200","detail":"Lat: 51.737239, Lng: 0.479402 | Speed: 37km/h | RPM: 2265"}
{"ts":"2026-04-05T23:15:30.626Z","level":"INFO","device":"291078985963","event":"SERVER_ACK","detail":"0x8001 Universal Reply Received"}
{"ts":"2026-04-05T23:15:30.720Z","level":"INFO","device":"200000000003","event":"OBD2_SENT_0x0200","detail":"Lat: 51.737286, Lng: 0.479285 | Speed: 38km/h | RPM: 2326"}
{"ts":"2026-04-05T23:15:30.777Z","level":"INFO","device":"200000000002","event":"SERVER_ACK","detail":"0x8001 Universal Reply Received"}
{"ts":"2026-04-05T23:15:30.871Z","level":"INFO","device":"200000000004","event":"OBD2_SENT_0x0200","detail":"Lat: 51.737032, Lng: 0.479919 | Speed: 43km/h | RPM: 2521"}
{"ts":"2026-04-05T23:15:30.934Z","level":"INFO","device":"200000000003","event":"SERVER_ACK","detail":"0x8001 Universal Reply Received"}
{"ts":"2026-04-05T23:15:31.023Z","level":"INFO","device":"200000000005","event":"OBD2_SENT_0x0200","detail":"Lat: 51.736541, Lng: 0.480611 | Speed: 43km/h | RPM: 2534"}
{"ts":"2026-04-05T23:15:31.058Z","level":"INFO","device":"200000000004","event":"SERVER_ACK","detail":"0x8001 Universal Reply Received"}
{"ts":"2026-04-05T23:15:31.170Z","level":"INFO","device":"200000000006","event":"OBD2_SENT_0x0200","detail":"Lat: 51.736423, Lng: 0.480769 | Speed: 47km/h | RPM: 2694"}
{"ts":"2026-04-05T23:15:31.225Z","level":"INFO","device":"200000000005","event":"SERVER_ACK","detail":"0x8001 Universal Reply Received"}
{"ts":"2026-04-05T23:15:31.321Z","level":"INFO","device":"200000000007","event":"OBD2_SENT_0x0200","detail":"Lat: 51.737137, Lng: 0.479657 | Speed: 44km/h | RPM: 2567"}
{"ts":"2026-04-05T23:15:31.356Z","level":"INFO","device":"200000000006","event":"SERVER_ACK","detail":"0x8001 Universal Reply Received"}
{"ts":"2026-04-05T23:15:31.472Z","level":"INFO","device":"200000000008","event":"OBD2_SENT_0x0200","detail":"Lat: 51.736349, Lng: 0.480859 | Speed: 47km/h | RPM: 2692"}
{"ts":"2026-04-05T23:15:31.508Z","level":"INFO","device":"200000000007","event":"SERVER_ACK","detail":"0x8001 Universal Reply Received"}
{"ts":"2026-04-05T23:15:31.622Z","level":"INFO","device":"200000000009","event":"OBD2_SENT_0x0200","detail":"Lat: 51.737483, Lng: 0.478668 | Speed: 37km/h | RPM: 2270"}
{"ts":"2026-04-05T23:15:31.660Z","level":"INFO","device":"200000000008","event":"SERVER_ACK","detail":"0x8001 Universal Reply Received"}
{"ts":"2026-04-05T23:15:31.770Z","level":"INFO","device":"200000000010","event":"OBD2_SENT_0x0200","detail":"Lat: 51.737118, Lng: 0.479705 | Speed: 43km/h | RPM: 2531"}
{"ts":"2026-04-05T23:15:31.834Z","level":"INFO","device":"200000000009","event":"SERVER_ACK","detail":"0x8001 Universal Reply Received"}
{"ts":"2026-04-05T23:15:31.974Z","level":"INFO","device":"200000000010","event":"SERVER_ACK","detail":"0x8001 Universal Reply Received"}
{"ts":"2026-04-05T23:15:35.634Z","level":"INFO","device":"291078985963","event":"INCIDENT_SENT","detail":"mediaId=2 alarmId=29107898596300260405231535020200"}
{"ts":"2026-04-05T23:15:35.635Z","level":"INFO","device":"291078985963","event":"GPS_SENT","detail":""}
{"ts":"2026-04-05T23:15:35.764Z","level":"INFO","device":"868120100002","event":"INCIDENT_SENT","detail":"mediaId=2 alarmId=86812010000200260405231535020200"}
{"ts":"2026-04-05T23:15:35.766Z","level":"INFO","device":"868120100002","event":"GPS_SENT","detail":""}
{"ts":"2026-04-05T23:15:35.844Z","level":"INFO","device":"291078985963","event":"RX_MSG","detail":"0x8001 bodyLen=5"}
{"ts":"2026-04-05T23:15:35.844Z","level":"INFO","device":"291078985963","event":"SERVER_ACK","detail":"0x0200 result=OK"}
{"ts":"2026-04-05T23:15:35.921Z","level":"INFO","device":"868120100003","event":"INCIDENT_SENT","detail":"mediaId=2 alarmId=86812010000300260405231535020200"}
{"ts":"2026-04-05T23:15:35.921Z","level":"INFO","device":"868120100003","event":"GPS_SENT","detail":""}
{"ts":"2026-04-05T23:15:35.959Z","level":"INFO","device":"868120100002","event":"RX_MSG","detail":"0x8001 bodyLen=5"}
{"ts":"2026-04-05T23:15:35.959Z","level":"INFO","device":"868120100002","event":"SERVER_ACK","detail":"0x0200 result=OK"}
{"ts":"2026-04-05T23:15:36.072Z","level":"INFO","device":"868120100004","event":"INCIDENT_SENT","detail":"mediaId=2 alarmId=86812010000400260405231536020200"}
{"ts":"2026-04-05T23:15:36.072Z","level":"INFO","device":"868120100004","event":"GPS_SENT","detail":""}
{"ts":"2026-04-05T23:15:36.123Z","level":"INFO","device":"868120100003","event":"RX_MSG","detail":"0x8001 bodyLen=5"}
{"ts":"2026-04-05T23:15:36.123Z","level":"INFO","device":"868120100003","event":"SERVER_ACK","detail":"0x0200 result=OK"}
{"ts":"2026-04-05T23:15:36.198Z","level":"INFO","device":"291078985963","event":"RX_MSG","detail":"0x8001 bodyLen=5"}
{"ts":"2026-04-05T23:15:36.198Z","level":"INFO","device":"291078985963","event":"SERVER_ACK","detail":"0x0800 result=OK"}
{"ts":"2026-04-05T23:15:36.198Z","level":"INFO","device":"291078985963","event":"RX_MSG","detail":"0x8001 bodyLen=5"}
{"ts":"2026-04-05T23:15:36.198Z","level":"INFO","device":"291078985963","event":"SERVER_ACK","detail":"0x0200 result=OK"}
{"ts":"2026-04-05T23:15:36.213Z","level":"INFO","device":"868120100005","event":"INCIDENT_SENT","detail":"mediaId=2 alarmId=86812010000500260405231536020200"}
{"ts":"2026-04-05T23:15:36.215Z","level":"INFO","device":"868120100005","event":"GPS_SENT","detail":""}
{"ts":"2026-04-05T23:15:36.273Z","level":"INFO","device":"868120100004","event":"RX_MSG","detail":"0x8001 bodyLen=5"}
{"ts":"2026-04-05T23:15:36.273Z","level":"INFO","device":"868120100004","event":"SERVER_ACK","detail":"0x0200 result=OK"}
{"ts":"2026-04-05T23:15:36.274Z","level":"INFO","device":"868120100002","event":"RX_MSG","detail":"0x8001 bodyLen=5"}
{"ts":"2026-04-05T23:15:36.274Z","level":"INFO","device":"868120100002","event":"SERVER_ACK","detail":"0x0800 result=OK"}
{"ts":"2026-04-05T23:15:36.274Z","level":"INFO","device":"868120100002","event":"RX_MSG","detail":"0x8001 bodyLen=5"}
{"ts":"2026-04-05T23:15:36.274Z","level":"INFO","device":"868120100002","event":"SERVER_ACK","detail":"0x0200 result=OK"}
{"ts":"2026-04-05T23:15:36.373Z","level":"INFO","device":"868120100006","event":"INCIDENT_SENT","detail":"mediaId=2 alarmId=86812010000600260405231536020200"}
{"ts":"2026-04-05T23:15:36.375Z","level":"INFO","device":"868120100006","event":"GPS_SENT","detail":""}
{"ts":"2026-04-05T23:15:36.409Z","level":"INFO","device":"868120100005","event":"RX_MSG","detail":"0x8001 bodyLen=5"}
{"ts":"2026-04-05T23:15:36.409Z","level":"INFO","device":"868120100005","event":"SERVER_ACK","detail":"0x0200 result=OK"}
{"ts":"2026-04-05T23:15:36.477Z","level":"INFO","device":"868120100003","event":"RX_MSG","detail":"0x8001 bodyLen=5"}
{"ts":"2026-04-05T23:15:36.477Z","level":"INFO","device":"868120100003","event":"SERVER_ACK","detail":"0x0800 result=OK"}
{"ts":"2026-04-05T23:15:36.477Z","level":"INFO","device":"868120100003","event":"RX_MSG","detail":"0x8001 bodyLen=5"}
{"ts":"2026-04-05T23:15:36.477Z","level":"INFO","device":"868120100003","event":"SERVER_ACK","detail":"0x0200 result=OK"}
{"ts":"2026-04-05T23:15:36.507Z","level":"INFO","device":"868120100007","event":"INCIDENT_SENT","detail":"mediaId=2 alarmId=86812010000700260405231536020200"}
{"ts":"2026-04-05T23:15:36.508Z","level":"INFO","device":"868120100007","event":"GPS_SENT","detail":""}
{"ts":"2026-04-05T23:15:36.577Z","level":"INFO","device":"868120100006","event":"RX_MSG","detail":"0x8001 bodyLen=5"}
{"ts":"2026-04-05T23:15:36.577Z","level":"INFO","device":"868120100006","event":"SERVER_ACK","detail":"0x0200 result=OK"}
{"ts":"2026-04-05T23:15:36.603Z","level":"INFO","device":"868120100004","event":"RX_MSG","detail":"0x8001 bodyLen=5"}
{"ts":"2026-04-05T23:15:36.604Z","level":"INFO","device":"868120100004","event":"SERVER_ACK","detail":"0x0800 result=OK"}
{"ts":"2026-04-05T23:15:36.604Z","level":"INFO","device":"868120100004","event":"RX_MSG","detail":"0x8001 bodyLen=5"}
{"ts":"2026-04-05T23:15:36.604Z","level":"INFO","device":"868120100004","event":"SERVER_ACK","detail":"0x0200 result=OK"}
{"ts":"2026-04-05T23:15:36.654Z","level":"INFO","device":"868120100008","event":"INCIDENT_SENT","detail":"mediaId=2 alarmId=86812010000800260405231536020200"}
{"ts":"2026-04-05T23:15:36.656Z","level":"INFO","device":"868120100008","event":"GPS_SENT","detail":""}
{"ts":"2026-04-05T23:15:36.696Z","level":"INFO","device":"868120100007","event":"RX_MSG","detail":"0x8001 bodyLen=5"}
{"ts":"2026-04-05T23:15:36.696Z","level":"INFO","device":"868120100007","event":"SERVER_ACK","detail":"0x0200 result=OK"}
{"ts":"2026-04-05T23:15:36.749Z","level":"INFO","device":"868120100005","event":"RX_MSG","detail":"0x8001 bodyLen=5"}
{"ts":"2026-04-05T23:15:36.751Z","level":"INFO","device":"868120100005","event":"SERVER_ACK","detail":"0x0800 result=OK"}
{"ts":"2026-04-05T23:15:36.751Z","level":"INFO","device":"868120100005","event":"RX_MSG","detail":"0x8001 bodyLen=5"}
{"ts":"2026-04-05T23:15:36.751Z","level":"INFO","device":"868120100005","event":"SERVER_ACK","detail":"0x0200 result=OK"}
{"ts":"2026-04-05T23:15:36.810Z","level":"INFO","device":"868120100009","event":"INCIDENT_SENT","detail":"mediaId=2 alarmId=86812010000900260405231536020200"}
{"ts":"2026-04-05T23:15:36.810Z","level":"INFO","device":"868120100009","event":"GPS_SENT","detail":""}
{"ts":"2026-04-05T23:15:36.839Z","level":"INFO","device":"868120100008","event":"RX_MSG","detail":"0x8001 bodyLen=5"}
{"ts":"2026-04-05T23:15:36.839Z","level":"INFO","device":"868120100008","event":"SERVER_ACK","detail":"0x0200 result=OK"}
{"ts":"2026-04-05T23:15:36.907Z","level":"INFO","device":"868120100006","event":"RX_MSG","detail":"0x8001 bodyLen=5"}
{"ts":"2026-04-05T23:15:36.907Z","level":"INFO","device":"868120100006","event":"SERVER_ACK","detail":"0x0800 result=OK"}
{"ts":"2026-04-05T23:15:36.907Z","level":"INFO","device":"868120100006","event":"RX_MSG","detail":"0x8001 bodyLen=5"}
{"ts":"2026-04-05T23:15:36.907Z","level":"INFO","device":"868120100006","event":"SERVER_ACK","detail":"0x0200 result=OK"}
{"ts":"2026-04-05T23:15:36.989Z","level":"INFO","device":"100000000010","event":"INCIDENT_SENT","detail":"mediaId=2 alarmId=10000000001000260405231536020200"}
{"ts":"2026-04-05T23:15:36.989Z","level":"INFO","device":"100000000010","event":"GPS_SENT","detail":""}
{"ts":"2026-04-05T23:15:36.995Z","level":"INFO","device":"868120100009","event":"RX_MSG","detail":"0x8001 bodyLen=5"}
{"ts":"2026-04-05T23:15:36.995Z","level":"INFO","device":"868120100009","event":"SERVER_ACK","detail":"0x0200 result=OK"}
{"ts":"2026-04-05T23:15:37.012Z","level":"INFO","device":"868120100007","event":"RX_MSG","detail":"0x8001 bodyLen=5"}
{"ts":"2026-04-05T23:15:37.012Z","level":"INFO","device":"868120100007","event":"SERVER_ACK","detail":"0x0800 result=OK"}
{"ts":"2026-04-05T23:15:37.012Z","level":"INFO","device":"868120100007","event":"RX_MSG","detail":"0x8001 bodyLen=5"}
{"ts":"2026-04-05T23:15:37.012Z","level":"INFO","device":"868120100007","event":"SERVER_ACK","detail":"0x0200 result=OK"}
{"ts":"2026-04-05T23:15:37.137Z","level":"INFO","device":"868120100008","event":"RX_MSG","detail":"0x8001 bodyLen=5"}
{"ts":"2026-04-05T23:15:37.137Z","level":"INFO","device":"868120100008","event":"SERVER_ACK","detail":"0x0800 result=OK"}
{"ts":"2026-04-05T23:15:37.137Z","level":"INFO","device":"868120100008","event":"RX_MSG","detail":"0x8001 bodyLen=5"}
{"ts":"2026-04-05T23:15:37.137Z","level":"INFO","device":"868120100008","event":"SERVER_ACK","detail":"0x0200 result=OK"}
{"ts":"2026-04-05T23:15:37.206Z","level":"INFO","device":"100000000010","event":"RX_MSG","detail":"0x8001 bodyLen=5"}
{"ts":"2026-04-05T23:15:37.206Z","level":"INFO","device":"100000000010","event":"SERVER_ACK","detail":"0x0200 result=OK"}
{"ts":"2026-04-05T23:15:37.293Z","level":"INFO","device":"868120100009","event":"RX_MSG","detail":"0x8001 bodyLen=5"}
{"ts":"2026-04-05T23:15:37.293Z","level":"INFO","device":"868120100009","event":"SERVER_ACK","detail":"0x0800 result=OK"}
{"ts":"2026-04-05T23:15:37.293Z","level":"INFO","device":"868120100009","event":"RX_MSG","detail":"0x8001 bodyLen=5"}
{"ts":"2026-04-05T23:15:37.293Z","level":"INFO","device":"868120100009","event":"SERVER_ACK","detail":"0x0200 result=OK"}
{"ts":"2026-04-05T23:15:37.542Z","level":"INFO","device":"100000000010","event":"RX_MSG","detail":"0x8001 bodyLen=5"}
{"ts":"2026-04-05T23:15:37.542Z","level":"INFO","device":"100000000010","event":"SERVER_ACK","detail":"0x0800 result=OK"}
{"ts":"2026-04-05T23:15:37.543Z","level":"INFO","device":"100000000010","event":"RX_MSG","detail":"0x8001 bodyLen=5"}
{"ts":"2026-04-05T23:15:37.543Z","level":"INFO","device":"100000000010","event":"SERVER_ACK","detail":"0x0200 result=OK"}
{"ts":"2026-04-05T23:15:45.421Z","level":"INFO","device":"291078985963","event":"HEARTBEAT_SENT","detail":"0x0002"}
{"ts":"2026-04-05T23:15:45.430Z","level":"INFO","device":"291078985963","event":"OBD2_SENT_0x0200","detail":"Lat: 51.737110, Lng: 0.479726 | Speed: 36km/h | RPM: 2258"}
{"ts":"2026-04-05T23:15:45.571Z","level":"INFO","device":"200000000002","event":"HEARTBEAT_SENT","detail":"0x0002"}
{"ts":"2026-04-05T23:15:45.571Z","level":"INFO","device":"200000000002","event":"OBD2_SENT_0x0200","detail":"Lat: 51.736305, Lng: 0.480911 | Speed: 35km/h | RPM: 2183"}
{"ts":"2026-04-05T23:15:45.617Z","level":"INFO","device":"291078985963","event":"SERVER_ACK","detail":"0x8001 Universal Reply Received"}
{"ts":"2026-04-05T23:15:45.719Z","level":"INFO","device":"200000000003","event":"HEARTBEAT_SENT","detail":"0x0002"}
{"ts":"2026-04-05T23:15:45.721Z","level":"INFO","device":"200000000003","event":"OBD2_SENT_0x0200","detail":"Lat: 51.736339, Lng: 0.480872 | Speed: 36km/h | RPM: 2230"}
{"ts":"2026-04-05T23:15:45.774Z","level":"INFO","device":"200000000002","event":"SERVER_ACK","detail":"0x8001 Universal Reply Received"}
{"ts":"2026-04-05T23:15:45.870Z","level":"INFO","device":"200000000004","event":"HEARTBEAT_SENT","detail":"0x0002"}
{"ts":"2026-04-05T23:15:45.871Z","level":"INFO","device":"200000000004","event":"OBD2_SENT_0x0200","detail":"Lat: 51.735711, Lng: 0.481604 | Speed: 44km/h | RPM: 2554"}
{"ts":"2026-04-05T23:15:45.916Z","level":"INFO","device":"291078985963","event":"SERVER_ACK","detail":"0x8001 Universal Reply Received"}
{"ts":"2026-04-05T23:15:45.930Z","level":"INFO","device":"200000000003","event":"SERVER_ACK","detail":"0x8001 Universal Reply Received"}
{"ts":"2026-04-05T23:15:46.021Z","level":"INFO","device":"200000000005","event":"HEARTBEAT_SENT","detail":"0x0002"}
{"ts":"2026-04-05T23:15:46.024Z","level":"INFO","device":"200000000005","event":"OBD2_SENT_0x0200","detail":"Lat: 51.735188, Lng: 0.482213 | Speed: 47km/h | RPM: 2673"}
{"ts":"2026-04-05T23:15:46.057Z","level":"INFO","device":"200000000004","event":"SERVER_ACK","detail":"0x8001 Universal Reply Received"}
{"ts":"2026-04-05T23:15:46.082Z","level":"INFO","device":"200000000002","event":"SERVER_ACK","detail":"0x8001 Universal Reply Received"}
{"ts":"2026-04-05T23:15:46.169Z","level":"INFO","device":"200000000006","event":"HEARTBEAT_SENT","detail":"0x0002"}
{"ts":"2026-04-05T23:15:46.170Z","level":"INFO","device":"200000000006","event":"OBD2_SENT_0x0200","detail":"Lat: 51.734928, Lng: 0.482518 | Speed: 52km/h | RPM: 2870"}
{"ts":"2026-04-05T23:15:46.223Z","level":"INFO","device":"200000000005","event":"SERVER_ACK","detail":"0x8001 Universal Reply Received"}
{"ts":"2026-04-05T23:15:46.245Z","level":"INFO","device":"200000000003","event":"SERVER_ACK","detail":"0x8001 Universal Reply Received"}
{"ts":"2026-04-05T23:15:46.320Z","level":"INFO","device":"200000000007","event":"HEARTBEAT_SENT","detail":"0x0002"}
{"ts":"2026-04-05T23:15:46.320Z","level":"INFO","device":"200000000007","event":"OBD2_SENT_0x0200","detail":"Lat: 51.735990, Lng: 0.481279 | Speed: 40km/h | RPM: 2395"}
{"ts":"2026-04-05T23:15:46.355Z","level":"INFO","device":"200000000006","event":"SERVER_ACK","detail":"0x8001 Universal Reply Received"}
{"ts":"2026-04-05T23:15:46.366Z","level":"INFO","device":"200000000004","event":"SERVER_ACK","detail":"0x8001 Universal Reply Received"}
{"ts":"2026-04-05T23:15:46.470Z","level":"INFO","device":"200000000008","event":"HEARTBEAT_SENT","detail":"0x0002"}
{"ts":"2026-04-05T23:15:46.474Z","level":"INFO","device":"200000000008","event":"OBD2_SENT_0x0200","detail":"Lat: 51.734952, Lng: 0.482489 | Speed: 46km/h | RPM: 2640"}
{"ts":"2026-04-05T23:15:46.506Z","level":"INFO","device":"200000000007","event":"SERVER_ACK","detail":"0x8001 Universal Reply Received"}
{"ts":"2026-04-05T23:15:46.569Z","level":"INFO","device":"200000000005","event":"SERVER_ACK","detail":"0x8001 Universal Reply Received"}
{"ts":"2026-04-05T23:15:46.620Z","level":"INFO","device":"200000000009","event":"HEARTBEAT_SENT","detail":"0x0002"}
{"ts":"2026-04-05T23:15:46.622Z","level":"INFO","device":"200000000009","event":"OBD2_SENT_0x0200","detail":"Lat: 51.736717, Lng: 0.480378 | Speed: 37km/h | RPM: 2296"}
{"ts":"2026-04-05T23:15:46.659Z","level":"INFO","device":"200000000008","event":"SERVER_ACK","detail":"0x8001 Universal Reply Received"}
{"ts":"2026-04-05T23:15:46.677Z","level":"INFO","device":"200000000006","event":"SERVER_ACK","detail":"0x8001 Universal Reply Received"}
{"ts":"2026-04-05T23:15:46.771Z","level":"INFO","device":"200000000010","event":"HEARTBEAT_SENT","detail":"0x0002"}
{"ts":"2026-04-05T23:15:46.772Z","level":"INFO","device":"200000000010","event":"OBD2_SENT_0x0200","detail":"Lat: 51.735880, Lng: 0.481406 | Speed: 43km/h | RPM: 2501"}
{"ts":"2026-04-05T23:15:46.811Z","level":"INFO","device":"200000000007","event":"SERVER_ACK","detail":"0x8001 Universal Reply Received"}
{"ts":"2026-04-05T23:15:46.832Z","level":"INFO","device":"200000000009","event":"SERVER_ACK","detail":"0x8001 Universal Reply Received"}
{"ts":"2026-04-05T23:15:46.966Z","level":"INFO","device":"200000000008","event":"SERVER_ACK","detail":"0x8001 Universal Reply Received"}
{"ts":"2026-04-05T23:15:46.972Z","level":"INFO","device":"200000000010","event":"SERVER_ACK","detail":"0x8001 Universal Reply Received"}
{"ts":"2026-04-05T23:15:47.146Z","level":"INFO","device":"200000000009","event":"SERVER_ACK","detail":"0x8001 Universal Reply Received"}
{"ts":"2026-04-05T23:15:47.293Z","level":"INFO","device":"200000000010","event":"SERVER_ACK","detail":"0x8001 Universal Reply Received"}
{"ts":"2026-04-05T23:15:54.826Z","level":"INFO","device":"868120100006","event":"RX_MSG","detail":"0x9101 bodyLen=20"}
{"ts":"2026-04-05T23:15:54.828Z","level":"INFO","device":"868120100006","event":"SENT_ACK","detail":"0x0001 acknowledging Live Stream Request"}
{"ts":"2026-04-05T23:15:54.830Z","level":"INFO","device":"868120100006","event":"LIVE_STREAM_REQ","detail":"Target: 54.37.225.65:3378 | Channel: 2"}
{"ts":"2026-04-05T23:15:54.831Z","level":"INFO","device":"868120100006","event":"LIVE_STREAM_CONNECTING","detail":"54.37.225.65:3378"}
{"ts":"2026-04-05T23:15:55.033Z","level":"INFO","device":"868120100006","event":"LIVE_STREAM_CONNECTED","detail":"Pumping video for CH2... (BCD: 868120100006)"}
{"ts":"2026-04-05T23:15:55.636Z","level":"INFO","device":"291078985963","event":"GPS_SENT","detail":""}
{"ts":"2026-04-05T23:15:55.766Z","level":"INFO","device":"868120100002","event":"GPS_SENT","detail":""}
{"ts":"2026-04-05T23:15:55.846Z","level":"INFO","device":"291078985963","event":"RX_MSG","detail":"0x8001 bodyLen=5"}
{"ts":"2026-04-05T23:15:55.847Z","level":"INFO","device":"291078985963","event":"SERVER_ACK","detail":"0x0200 result=OK"}
{"ts":"2026-04-05T23:15:55.921Z","level":"INFO","device":"868120100003","event":"GPS_SENT","detail":""}
{"ts":"2026-04-05T23:15:55.972Z","level":"INFO","device":"868120100002","event":"RX_MSG","detail":"0x8001 bodyLen=5"}
{"ts":"2026-04-05T23:15:55.973Z","level":"INFO","device":"868120100002","event":"SERVER_ACK","detail":"0x0200 result=OK"}
{"ts":"2026-04-05T23:15:56.072Z","level":"INFO","device":"868120100004","event":"GPS_SENT","detail":""}
{"ts":"2026-04-05T23:15:56.123Z","level":"INFO","device":"868120100003","event":"RX_MSG","detail":"0x8001 bodyLen=5"}
{"ts":"2026-04-05T23:15:56.123Z","level":"INFO","device":"868120100003","event":"SERVER_ACK","detail":"0x0200 result=OK"}
{"ts":"2026-04-05T23:15:56.215Z","level":"INFO","device":"868120100005","event":"GPS_SENT","detail":""}
{"ts":"2026-04-05T23:15:56.274Z","level":"INFO","device":"868120100004","event":"RX_MSG","detail":"0x8001 bodyLen=5"}
{"ts":"2026-04-05T23:15:56.275Z","level":"INFO","device":"868120100004","event":"SERVER_ACK","detail":"0x0200 result=OK"}
{"ts":"2026-04-05T23:15:56.376Z","level":"INFO","device":"868120100006","event":"GPS_SENT","detail":""}
{"ts":"2026-04-05T23:15:56.410Z","level":"INFO","device":"868120100005","event":"RX_MSG","detail":"0x8001 bodyLen=5"}
{"ts":"2026-04-05T23:15:56.410Z","level":"INFO","device":"868120100005","event":"SERVER_ACK","detail":"0x0200 result=OK"}
{"ts":"2026-04-05T23:15:56.508Z","level":"INFO","device":"868120100007","event":"GPS_SENT","detail":""}
{"ts":"2026-04-05T23:15:56.580Z","level":"INFO","device":"868120100006","event":"RX_MSG","detail":"0x8001 bodyLen=5"}
{"ts":"2026-04-05T23:15:56.580Z","level":"INFO","device":"868120100006","event":"SERVER_ACK","detail":"0x0200 result=OK"}
{"ts":"2026-04-05T23:15:56.657Z","level":"INFO","device":"868120100008","event":"GPS_SENT","detail":""}
{"ts":"2026-04-05T23:15:56.692Z","level":"INFO","device":"868120100007","event":"RX_MSG","detail":"0x8001 bodyLen=5"}
{"ts":"2026-04-05T23:15:56.692Z","level":"INFO","device":"868120100007","event":"SERVER_ACK","detail":"0x0200 result=OK"}
{"ts":"2026-04-05T23:15:56.811Z","level":"INFO","device":"868120100009","event":"GPS_SENT","detail":""}
{"ts":"2026-04-05T23:15:56.841Z","level":"INFO","device":"868120100008","event":"RX_MSG","detail":"0x8001 bodyLen=5"}
{"ts":"2026-04-05T23:15:56.842Z","level":"INFO","device":"868120100008","event":"SERVER_ACK","detail":"0x0200 result=OK"}
{"ts":"2026-04-05T23:15:56.990Z","level":"INFO","device":"100000000010","event":"GPS_SENT","detail":""}
{"ts":"2026-04-05T23:15:56.998Z","level":"INFO","device":"868120100009","event":"RX_MSG","detail":"0x8001 bodyLen=5"}
{"ts":"2026-04-05T23:15:56.998Z","level":"INFO","device":"868120100009","event":"SERVER_ACK","detail":"0x0200 result=OK"}
{"ts":"2026-04-05T23:15:57.207Z","level":"INFO","device":"100000000010","event":"RX_MSG","detail":"0x8001 bodyLen=5"}
{"ts":"2026-04-05T23:15:57.208Z","level":"INFO","device":"100000000010","event":"SERVER_ACK","detail":"0x0200 result=OK"}
{"ts":"2026-04-05T23:15:57.845Z","level":"ERROR","device":"300000000010","event":"SOCKET_ERROR","detail":"ECONNREFUSED"}
{"ts":"2026-04-05T23:16:00.430Z","level":"INFO","device":"291078985963","event":"OBD2_SENT_0x0200","detail":"Lat: 51.735901, Lng: 0.481382 | Speed: 41km/h | RPM: 2457"}
{"ts":"2026-04-05T23:16:00.571Z","level":"INFO","device":"200000000002","event":"OBD2_SENT_0x0200","detail":"Lat: 51.735355, Lng: 0.482019 | Speed: 31km/h | RPM: 2051"}
{"ts":"2026-04-05T23:16:00.628Z","level":"INFO","device":"291078985963","event":"SERVER_ACK","detail":"0x8001 Universal Reply Received"}
{"ts":"2026-04-05T23:16:00.721Z","level":"INFO","device":"200000000003","event":"OBD2_SENT_0x0200","detail":"Lat: 51.735213, Lng: 0.482185 | Speed: 37km/h | RPM: 2283"}
{"ts":"2026-04-05T23:16:00.775Z","level":"INFO","device":"200000000002","event":"SERVER_ACK","detail":"0x8001 Universal Reply Received"}
{"ts":"2026-04-05T23:16:00.872Z","level":"INFO","device":"200000000004","event":"OBD2_SENT_0x0200","detail":"Lat: 51.734522, Lng: 0.483025 | Speed: 40km/h | RPM: 2387"}
{"ts":"2026-04-05T23:16:00.934Z","level":"INFO","device":"200000000003","event":"SERVER_ACK","detail":"0x8001 Universal Reply Received"}
{"ts":"2026-04-05T23:16:01.024Z","level":"INFO","device":"200000000005","event":"OBD2_SENT_0x0200","detail":"Lat: 51.734036, Lng: 0.483844 | Speed: 42km/h | RPM: 2491"}
{"ts":"2026-04-05T23:16:01.058Z","level":"INFO","device":"200000000004","event":"SERVER_ACK","detail":"0x8001 Universal Reply Received"}
{"ts":"2026-04-05T23:16:01.171Z","level":"INFO","device":"200000000006","event":"OBD2_SENT_0x0200","detail":"Lat: 51.733609, Lng: 0.484905 | Speed: 56km/h | RPM: 3053"}
{"ts":"2026-04-05T23:16:01.227Z","level":"INFO","device":"200000000005","event":"SERVER_ACK","detail":"0x8001 Universal Reply Received"}
{"ts":"2026-04-05T23:16:01.321Z","level":"INFO","device":"200000000007","event":"OBD2_SENT_0x0200","detail":"Lat: 51.734636, Lng: 0.482858 | Speed: 45km/h | RPM: 2583"}
{"ts":"2026-04-05T23:16:01.359Z","level":"INFO","device":"200000000006","event":"SERVER_ACK","detail":"0x8001 Universal Reply Received"}
{"ts":"2026-04-05T23:16:01.474Z","level":"INFO","device":"200000000008","event":"OBD2_SENT_0x0200","detail":"Lat: 51.733806, Lng: 0.484361 | Speed: 46km/h | RPM: 2634"}
{"ts":"2026-04-05T23:16:01.507Z","level":"INFO","device":"200000000007","event":"SERVER_ACK","detail":"0x8001 Universal Reply Received"}
{"ts":"2026-04-05T23:16:01.622Z","level":"INFO","device":"200000000009","event":"OBD2_SENT_0x0200","detail":"Lat: 51.735558, Lng: 0.481782 | Speed: 40km/h | RPM: 2404"}
{"ts":"2026-04-05T23:16:01.662Z","level":"INFO","device":"200000000008","event":"SERVER_ACK","detail":"0x8001 Universal Reply Received"}
{"ts":"2026-04-05T23:16:01.772Z","level":"INFO","device":"200000000010","event":"OBD2_SENT_0x0200","detail":"Lat: 51.734558, Lng: 0.482967 | Speed: 44km/h | RPM: 2552"}
{"ts":"2026-04-05T23:16:01.833Z","level":"INFO","device":"200000000009","event":"SERVER_ACK","detail":"0x8001 Universal Reply Received"}
{"ts":"2026-04-05T23:16:01.975Z","level":"INFO","device":"200000000010","event":"SERVER_ACK","detail":"0x8001 Universal Reply Received"}
{"ts":"2026-04-05T23:16:08.603Z","level":"ERROR","device":"300000000002","event":"SOCKET_ERROR","detail":"ECONNREFUSED"}
{"ts":"2026-04-05T23:16:15.422Z","level":"INFO","device":"291078985963","event":"HEARTBEAT_SENT","detail":"0x0002"}
{"ts":"2026-04-05T23:16:15.430Z","level":"INFO","device":"291078985963","event":"OBD2_SENT_0x0200","detail":"Lat: 51.734636, Lng: 0.482859 | Speed: 42km/h | RPM: 2466"}
{"ts":"2026-04-05T23:16:15.571Z","level":"INFO","device":"200000000002","event":"HEARTBEAT_SENT","detail":"0x0002"}
{"ts":"2026-04-05T23:16:15.571Z","level":"INFO","device":"200000000002","event":"OBD2_SENT_0x0200","detail":"Lat: 51.734401, Lng: 0.483218 | Speed: 33km/h | RPM: 2108"}
{"ts":"2026-04-05T23:16:15.619Z","level":"INFO","device":"291078985963","event":"SERVER_ACK","detail":"0x8001 Universal Reply Received"}
{"ts":"2026-04-05T23:16:15.633Z","level":"INFO","device":"291078985963","event":"INCIDENT_SENT","detail":"mediaId=3 alarmId=29107898596300260405231615030200"}
{"ts":"2026-04-05T23:16:15.636Z","level":"INFO","device":"291078985963","event":"GPS_SENT","detail":""}
{"ts":"2026-04-05T23:16:15.719Z","level":"INFO","device":"200000000003","event":"HEARTBEAT_SENT","detail":"0x0002"}
{"ts":"2026-04-05T23:16:15.721Z","level":"INFO","device":"200000000003","event":"OBD2_SENT_0x0200","detail":"Lat: 51.734075, Lng: 0.483755 | Speed: 41km/h | RPM: 2446"}
{"ts":"2026-04-05T23:16:15.764Z","level":"INFO","device":"868120100002","event":"INCIDENT_SENT","detail":"mediaId=3 alarmId=86812010000200260405231615030200"}
{"ts":"2026-04-05T23:16:15.766Z","level":"INFO","device":"868120100002","event":"GPS_SENT","detail":""}
{"ts":"2026-04-05T23:16:15.775Z","level":"INFO","device":"200000000002","event":"SERVER_ACK","detail":"0x8001 Universal Reply Received"}
{"ts":"2026-04-05T23:16:15.844Z","level":"INFO","device":"291078985963","event":"RX_MSG","detail":"0x8001 bodyLen=5"}
{"ts":"2026-04-05T23:16:15.845Z","level":"INFO","device":"291078985963","event":"SERVER_ACK","detail":"0x0200 result=OK"}
{"ts":"2026-04-05T23:16:15.870Z","level":"INFO","device":"200000000004","event":"HEARTBEAT_SENT","detail":"0x0002"}
{"ts":"2026-04-05T23:16:15.874Z","level":"INFO","device":"200000000004","event":"OBD2_SENT_0x0200","detail":"Lat: 51.733666, Lng: 0.484714 | Speed: 37km/h | RPM: 2271"}
{"ts":"2026-04-05T23:16:15.921Z","level":"INFO","device":"868120100003","event":"INCIDENT_SENT","detail":"mediaId=3 alarmId=86812010000300260405231615030200"}
{"ts":"2026-04-05T23:16:15.923Z","level":"INFO","device":"868120100003","event":"GPS_SENT","detail":""}
{"ts":"2026-04-05T23:16:15.930Z","level":"INFO","device":"200000000003","event":"SERVER_ACK","detail":"0x8001 Universal Reply Received"}
{"ts":"2026-04-05T23:16:15.938Z","level":"INFO","device":"291078985963","event":"SERVER_ACK","detail":"0x8001 Universal Reply Received"}
{"ts":"2026-04-05T23:16:15.957Z","level":"INFO","device":"868120100002","event":"RX_MSG","detail":"0x8001 bodyLen=5"}
{"ts":"2026-04-05T23:16:15.957Z","level":"INFO","device":"868120100002","event":"SERVER_ACK","detail":"0x0200 result=OK"}
{"ts":"2026-04-05T23:16:16.021Z","level":"INFO","device":"200000000005","event":"HEARTBEAT_SENT","detail":"0x0002"}
{"ts":"2026-04-05T23:16:16.024Z","level":"INFO","device":"200000000005","event":"OBD2_SENT_0x0200","detail":"Lat: 51.733337, Lng: 0.485914 | Speed: 39km/h | RPM: 2378"}
{"ts":"2026-04-05T23:16:16.059Z","level":"INFO","device":"200000000004","event":"SERVER_ACK","detail":"0x8001 Universal Reply Received"}
{"ts":"2026-04-05T23:16:16.072Z","level":"INFO","device":"868120100004","event":"INCIDENT_SENT","detail":"mediaId=3 alarmId=86812010000400260405231616030200"}
{"ts":"2026-04-05T23:16:16.072Z","level":"INFO","device":"868120100004","event":"GPS_SENT","detail":""}
{"ts":"2026-04-05T23:16:16.104Z","level":"INFO","device":"200000000002","event":"SERVER_ACK","detail":"0x8001 Universal Reply Received"}
{"ts":"2026-04-05T23:16:16.126Z","level":"INFO","device":"868120100003","event":"RX_MSG","detail":"0x8001 bodyLen=5"}
{"ts":"2026-04-05T23:16:16.126Z","level":"INFO","device":"868120100003","event":"SERVER_ACK","detail":"0x0200 result=OK"}
{"ts":"2026-04-05T23:16:16.170Z","level":"INFO","device":"200000000006","event":"HEARTBEAT_SENT","detail":"0x0002"}
{"ts":"2026-04-05T23:16:16.170Z","level":"INFO","device":"200000000006","event":"OBD2_SENT_0x0200","detail":"Lat: 51.732698, Lng: 0.488405 | Speed: 59km/h | RPM: 3150"}
{"ts":"2026-04-05T23:16:16.204Z","level":"INFO","device":"291078985963","event":"RX_MSG","detail":"0x8001 bodyLen=5"}
{"ts":"2026-04-05T23:16:16.204Z","level":"INFO","device":"291078985963","event":"SERVER_ACK","detail":"0x0800 result=OK"}
{"ts":"2026-04-05T23:16:16.204Z","level":"INFO","device":"291078985963","event":"RX_MSG","detail":"0x8001 bodyLen=5"}
{"ts":"2026-04-05T23:16:16.205Z","level":"INFO","device":"291078985963","event":"SERVER_ACK","detail":"0x0200 result=OK"}
{"ts":"2026-04-05T23:16:16.214Z","level":"INFO","device":"868120100005","event":"INCIDENT_SENT","detail":"mediaId=3 alarmId=86812010000500260405231616030200"}
{"ts":"2026-04-05T23:16:16.215Z","level":"INFO","device":"868120100005","event":"GPS_SENT","detail":""}
{"ts":"2026-04-05T23:16:16.222Z","level":"INFO","device":"200000000005","event":"SERVER_ACK","detail":"0x8001 Universal Reply Received"}
{"ts":"2026-04-05T23:16:16.267Z","level":"INFO","device":"200000000003","event":"SERVER_ACK","detail":"0x8001 Universal Reply Received"}
{"ts":"2026-04-05T23:16:16.275Z","level":"INFO","device":"868120100004","event":"RX_MSG","detail":"0x8001 bodyLen=5"}
{"ts":"2026-04-05T23:16:16.275Z","level":"INFO","device":"868120100004","event":"SERVER_ACK","detail":"0x0200 result=OK"}
{"ts":"2026-04-05T23:16:16.280Z","level":"INFO","device":"868120100002","event":"RX_MSG","detail":"0x8001 bodyLen=5"}
{"ts":"2026-04-05T23:16:16.283Z","level":"INFO","device":"868120100002","event":"SERVER_ACK","detail":"0x0800 result=OK"}
{"ts":"2026-04-05T23:16:16.283Z","level":"INFO","device":"868120100002","event":"RX_MSG","detail":"0x8001 bodyLen=5"}
{"ts":"2026-04-05T23:16:16.284Z","level":"INFO","device":"868120100002","event":"SERVER_ACK","detail":"0x0200 result=OK"}
{"ts":"2026-04-05T23:16:16.320Z","level":"INFO","device":"200000000007","event":"HEARTBEAT_SENT","detail":"0x0002"}
{"ts":"2026-04-05T23:16:16.321Z","level":"INFO","device":"200000000007","event":"OBD2_SENT_0x0200","detail":"Lat: 51.733659, Lng: 0.484735 | Speed: 43km/h | RPM: 2534"}
{"ts":"2026-04-05T23:16:16.354Z","level":"INFO","device":"200000000006","event":"SERVER_ACK","detail":"0x8001 Universal Reply Received"}
{"ts":"2026-04-05T23:16:16.368Z","level":"INFO","device":"200000000004","event":"SERVER_ACK","detail":"0x8001 Universal Reply Received"}
{"ts":"2026-04-05T23:16:16.373Z","level":"INFO","device":"868120100006","event":"INCIDENT_SENT","detail":"mediaId=3 alarmId=86812010000600260405231616030200"}
{"ts":"2026-04-05T23:16:16.377Z","level":"INFO","device":"868120100006","event":"GPS_SENT","detail":""}
{"ts":"2026-04-05T23:16:16.409Z","level":"INFO","device":"868120100005","event":"RX_MSG","detail":"0x8001 bodyLen=5"}
{"ts":"2026-04-05T23:16:16.409Z","level":"INFO","device":"868120100005","event":"SERVER_ACK","detail":"0x0200 result=OK"}
{"ts":"2026-04-05T23:16:16.470Z","level":"INFO","device":"200000000008","event":"HEARTBEAT_SENT","detail":"0x0002"}
{"ts":"2026-04-05T23:16:16.474Z","level":"INFO","device":"200000000008","event":"OBD2_SENT_0x0200","detail":"Lat: 51.733052, Lng: 0.487193 | Speed: 51km/h | RPM: 2822"}
{"ts":"2026-04-05T23:16:16.479Z","level":"INFO","device":"868120100003","event":"RX_MSG","detail":"0x8001 bodyLen=5"}
{"ts":"2026-04-05T23:16:16.479Z","level":"INFO","device":"868120100003","event":"SERVER_ACK","detail":"0x0800 result=OK"}
{"ts":"2026-04-05T23:16:16.479Z","level":"INFO","device":"868120100003","event":"RX_MSG","detail":"0x8001 bodyLen=5"}
{"ts":"2026-04-05T23:16:16.479Z","level":"INFO","device":"868120100003","event":"SERVER_ACK","detail":"0x0200 result=OK"}
{"ts":"2026-04-05T23:16:16.506Z","level":"INFO","device":"200000000007","event":"SERVER_ACK","detail":"0x8001 Universal Reply Received"}
{"ts":"2026-04-05T23:16:16.508Z","level":"INFO","device":"868120100007","event":"INCIDENT_SENT","detail":"mediaId=3 alarmId=86812010000700260405231616030200"}
{"ts":"2026-04-05T23:16:16.509Z","level":"INFO","device":"868120100007","event":"GPS_SENT","detail":""}
{"ts":"2026-04-05T23:16:16.571Z","level":"INFO","device":"200000000005","event":"SERVER_ACK","detail":"0x8001 Universal Reply Received"}
{"ts":"2026-04-05T23:16:16.576Z","level":"INFO","device":"868120100006","event":"RX_MSG","detail":"0x8001 bodyLen=5"}
{"ts":"2026-04-05T23:16:16.577Z","level":"INFO","device":"868120100006","event":"SERVER_ACK","detail":"0x0200 result=OK"}
{"ts":"2026-04-05T23:16:16.603Z","level":"INFO","device":"868120100004","event":"RX_MSG","detail":"0x8001 bodyLen=5"}
{"ts":"2026-04-05T23:16:16.603Z","level":"INFO","device":"868120100004","event":"SERVER_ACK","detail":"0x0800 result=OK"}
{"ts":"2026-04-05T23:16:16.603Z","level":"INFO","device":"868120100004","event":"RX_MSG","detail":"0x8001 bodyLen=5"}
{"ts":"2026-04-05T23:16:16.603Z","level":"INFO","device":"868120100004","event":"SERVER_ACK","detail":"0x0200 result=OK"}
{"ts":"2026-04-05T23:16:16.621Z","level":"INFO","device":"200000000009","event":"HEARTBEAT_SENT","detail":"0x0002"}
{"ts":"2026-04-05T23:16:16.622Z","level":"INFO","device":"200000000009","event":"OBD2_SENT_0x0200","detail":"Lat: 51.734495, Lng: 0.483068 | Speed: 36km/h | RPM: 2228"}
{"ts":"2026-04-05T23:16:16.654Z","level":"INFO","device":"868120100008","event":"INCIDENT_SENT","detail":"mediaId=3 alarmId=86812010000800260405231616030200"}
{"ts":"2026-04-05T23:16:16.658Z","level":"INFO","device":"868120100008","event":"GPS_SENT","detail":""}
{"ts":"2026-04-05T23:16:16.663Z","level":"INFO","device":"200000000008","event":"SERVER_ACK","detail":"0x8001 Universal Reply Received"}
{"ts":"2026-04-05T23:16:16.679Z","level":"INFO","device":"200000000006","event":"SERVER_ACK","detail":"0x8001 Universal Reply Received"}
{"ts":"2026-04-05T23:16:16.696Z","level":"INFO","device":"868120100007","event":"RX_MSG","detail":"0x8001 bodyLen=5"}
{"ts":"2026-04-05T23:16:16.696Z","level":"INFO","device":"868120100007","event":"SERVER_ACK","detail":"0x0200 result=OK"}
{"ts":"2026-04-05T23:16:16.738Z","level":"INFO","device":"868120100005","event":"RX_MSG","detail":"0x8001 bodyLen=5"}
{"ts":"2026-04-05T23:16:16.739Z","level":"INFO","device":"868120100005","event":"SERVER_ACK","detail":"0x0800 result=OK"}
{"ts":"2026-04-05T23:16:16.739Z","level":"INFO","device":"868120100005","event":"RX_MSG","detail":"0x8001 bodyLen=5"}
{"ts":"2026-04-05T23:16:16.739Z","level":"INFO","device":"868120100005","event":"SERVER_ACK","detail":"0x0200 result=OK"}
{"ts":"2026-04-05T23:16:16.771Z","level":"INFO","device":"200000000010","event":"HEARTBEAT_SENT","detail":"0x0002"}
{"ts":"2026-04-05T23:16:16.774Z","level":"INFO","device":"200000000010","event":"OBD2_SENT_0x0200","detail":"Lat: 51.733635, Lng: 0.484816 | Speed: 40km/h | RPM: 2403"}
{"ts":"2026-04-05T23:16:16.810Z","level":"INFO","device":"868120100009","event":"INCIDENT_SENT","detail":"mediaId=3 alarmId=86812010000900260405231616030200"}
{"ts":"2026-04-05T23:16:16.811Z","level":"INFO","device":"868120100009","event":"GPS_SENT","detail":""}
{"ts":"2026-04-05T23:16:16.831Z","level":"INFO","device":"200000000009","event":"SERVER_ACK","detail":"0x8001 Universal Reply Received"}
{"ts":"2026-04-05T23:16:16.833Z","level":"INFO","device":"200000000007","event":"SERVER_ACK","detail":"0x8001 Universal Reply Received"}
{"ts":"2026-04-05T23:16:16.838Z","level":"INFO","device":"868120100008","event":"RX_MSG","detail":"0x8001 bodyLen=5"}
{"ts":"2026-04-05T23:16:16.839Z","level":"INFO","device":"868120100008","event":"SERVER_ACK","detail":"0x0200 result=OK"}
{"ts":"2026-04-05T23:16:16.913Z","level":"INFO","device":"868120100006","event":"RX_MSG","detail":"0x8001 bodyLen=5"}
{"ts":"2026-04-05T23:16:16.914Z","level":"INFO","device":"868120100006","event":"SERVER_ACK","detail":"0x0800 result=OK"}
{"ts":"2026-04-05T23:16:16.914Z","level":"INFO","device":"868120100006","event":"RX_MSG","detail":"0x8001 bodyLen=5"}
{"ts":"2026-04-05T23:16:16.914Z","level":"INFO","device":"868120100006","event":"SERVER_ACK","detail":"0x0200 result=OK"}
{"ts":"2026-04-05T23:16:16.973Z","level":"INFO","device":"200000000010","event":"SERVER_ACK","detail":"0x8001 Universal Reply Received"}
{"ts":"2026-04-05T23:16:16.989Z","level":"INFO","device":"200000000008","event":"SERVER_ACK","detail":"0x8001 Universal Reply Received"}
{"ts":"2026-04-05T23:16:16.989Z","level":"INFO","device":"100000000010","event":"INCIDENT_SENT","detail":"mediaId=3 alarmId=10000000001000260405231616030200"}
{"ts":"2026-04-05T23:16:16.990Z","level":"INFO","device":"100000000010","event":"GPS_SENT","detail":""}
{"ts":"2026-04-05T23:16:16.999Z","level":"INFO","device":"868120100009","event":"RX_MSG","detail":"0x8001 bodyLen=5"}
{"ts":"2026-04-05T23:16:16.999Z","level":"INFO","device":"868120100009","event":"SERVER_ACK","detail":"0x0200 result=OK"}
{"ts":"2026-04-05T23:16:17.018Z","level":"INFO","device":"868120100007","event":"RX_MSG","detail":"0x8001 bodyLen=5"}
{"ts":"2026-04-05T23:16:17.018Z","level":"INFO","device":"868120100007","event":"SERVER_ACK","detail":"0x0800 result=OK"}
{"ts":"2026-04-05T23:16:17.018Z","level":"INFO","device":"868120100007","event":"RX_MSG","detail":"0x8001 bodyLen=5"}
{"ts":"2026-04-05T23:16:17.018Z","level":"INFO","device":"868120100007","event":"SERVER_ACK","detail":"0x0200 result=OK"}
{"ts":"2026-04-05T23:16:17.142Z","level":"INFO","device":"868120100008","event":"RX_MSG","detail":"0x8001 bodyLen=5"}
{"ts":"2026-04-05T23:16:17.142Z","level":"INFO","device":"868120100008","event":"SERVER_ACK","detail":"0x0800 result=OK"}
{"ts":"2026-04-05T23:16:17.142Z","level":"INFO","device":"868120100008","event":"RX_MSG","detail":"0x8001 bodyLen=5"}
{"ts":"2026-04-05T23:16:17.142Z","level":"INFO","device":"868120100008","event":"SERVER_ACK","detail":"0x0200 result=OK"}
{"ts":"2026-04-05T23:16:17.168Z","level":"INFO","device":"200000000009","event":"SERVER_ACK","detail":"0x8001 Universal Reply Received"}
{"ts":"2026-04-05T23:16:17.206Z","level":"INFO","device":"100000000010","event":"RX_MSG","detail":"0x8001 bodyLen=5"}
{"ts":"2026-04-05T23:16:17.206Z","level":"INFO","device":"100000000010","event":"SERVER_ACK","detail":"0x0200 result=OK"}
{"ts":"2026-04-05T23:16:17.315Z","level":"INFO","device":"200000000010","event":"SERVER_ACK","detail":"0x8001 Universal Reply Received"}
{"ts":"2026-04-05T23:16:17.333Z","level":"INFO","device":"868120100009","event":"RX_MSG","detail":"0x8001 bodyLen=5"}
{"ts":"2026-04-05T23:16:17.334Z","level":"INFO","device":"868120100009","event":"SERVER_ACK","detail":"0x0800 result=OK"}
{"ts":"2026-04-05T23:16:17.334Z","level":"INFO","device":"868120100009","event":"RX_MSG","detail":"0x8001 bodyLen=5"}
{"ts":"2026-04-05T23:16:17.334Z","level":"INFO","device":"868120100009","event":"SERVER_ACK","detail":"0x0200 result=OK"}
{"ts":"2026-04-05T23:16:17.548Z","level":"INFO","device":"100000000010","event":"RX_MSG","detail":"0x8001 bodyLen=5"}
{"ts":"2026-04-05T23:16:17.549Z","level":"INFO","device":"100000000010","event":"SERVER_ACK","detail":"0x0800 result=OK"}
{"ts":"2026-04-05T23:16:17.549Z","level":"INFO","device":"100000000010","event":"RX_MSG","detail":"0x8001 bodyLen=5"}
{"ts":"2026-04-05T23:16:17.549Z","level":"INFO","device":"100000000010","event":"SERVER_ACK","detail":"0x0200 result=OK"}
{"ts":"2026-04-05T23:16:20.694Z","level":"ERROR","device":"300000000003","event":"SOCKET_ERROR","detail":"ECONNREFUSED"}
{"ts":"2026-04-05T23:16:30.430Z","level":"INFO","device":"291078985963","event":"OBD2_SENT_0x0200","detail":"Lat: 51.733694, Lng: 0.484620 | Speed: 41km/h | RPM: 2443"}
{"ts":"2026-04-05T23:16:30.572Z","level":"INFO","device":"200000000002","event":"OBD2_SENT_0x0200","detail":"Lat: 51.733653, Lng: 0.484758 | Speed: 33km/h | RPM: 2123"}
{"ts":"2026-04-05T23:16:30.623Z","level":"INFO","device":"291078985963","event":"SERVER_ACK","detail":"0x8001 Universal Reply Received"}
{"ts":"2026-04-05T23:16:30.721Z","level":"INFO","device":"200000000003","event":"OBD2_SENT_0x0200","detail":"Lat: 51.733361, Lng: 0.485794 | Speed: 39km/h | RPM: 2362"}
{"ts":"2026-04-05T23:16:30.775Z","level":"INFO","device":"200000000002","event":"SERVER_ACK","detail":"0x8001 Universal Reply Received"}
{"ts":"2026-04-05T23:16:30.875Z","level":"INFO","device":"200000000004","event":"OBD2_SENT_0x0200","detail":"Lat: 51.733155, Lng: 0.486780 | Speed: 37km/h | RPM: 2295"}
{"ts":"2026-04-05T23:16:30.932Z","level":"INFO","device":"200000000003","event":"SERVER_ACK","detail":"0x8001 Universal Reply Received"}
{"ts":"2026-04-05T23:16:31.026Z","level":"INFO","device":"200000000005","event":"OBD2_SENT_0x0200","detail":"Lat: 51.732631, Lng: 0.488606 | Speed: 41km/h | RPM: 2438"}
{"ts":"2026-04-05T23:16:31.060Z","level":"INFO","device":"200000000004","event":"SERVER_ACK","detail":"0x8001 Universal Reply Received"}
{"ts":"2026-04-05T23:16:31.170Z","level":"INFO","device":"200000000006","event":"OBD2_SENT_0x0200","detail":"Lat: 51.731626, Lng: 0.490949 | Speed: 55km/h | RPM: 3002"}
{"ts":"2026-04-05T23:16:31.228Z","level":"INFO","device":"200000000005","event":"SERVER_ACK","detail":"0x8001 Universal Reply Received"}
{"ts":"2026-04-05T23:16:31.321Z","level":"INFO","device":"200000000007","event":"OBD2_SENT_0x0200","detail":"Lat: 51.733003, Lng: 0.487388 | Speed: 46km/h | RPM: 2652"}
{"ts":"2026-04-05T23:16:31.356Z","level":"INFO","device":"200000000006","event":"SERVER_ACK","detail":"0x8001 Universal Reply Received"}
{"ts":"2026-04-05T23:16:31.474Z","level":"INFO","device":"200000000008","event":"OBD2_SENT_0x0200","detail":"Lat: 51.732224, Lng: 0.489690 | Speed: 47km/h | RPM: 2678"}
{"ts":"2026-04-05T23:16:31.507Z","level":"INFO","device":"200000000007","event":"SERVER_ACK","detail":"0x8001 Universal Reply Received"}
{"ts":"2026-04-05T23:16:31.622Z","level":"INFO","device":"200000000009","event":"OBD2_SENT_0x0200","detail":"Lat: 51.733720, Lng: 0.484556 | Speed: 33km/h | RPM: 2108"}
{"ts":"2026-04-05T23:16:31.662Z","level":"INFO","device":"200000000008","event":"SERVER_ACK","detail":"0x8001 Universal Reply Received"}
{"ts":"2026-04-05T23:16:31.775Z","level":"INFO","device":"200000000010","event":"OBD2_SENT_0x0200","detail":"Lat: 51.733160, Lng: 0.486762 | Speed: 35km/h | RPM: 2209"}
{"ts":"2026-04-05T23:16:31.833Z","level":"INFO","device":"200000000009","event":"SERVER_ACK","detail":"0x8001 Universal Reply Received"}
{"ts":"2026-04-05T23:16:31.980Z","level":"INFO","device":"200000000010","event":"SERVER_ACK","detail":"0x8001 Universal Reply Received"}
{"ts":"2026-04-05T23:16:32.833Z","level":"ERROR","device":"300000000004","event":"SOCKET_ERROR","detail":"ECONNREFUSED"}
{"ts":"2026-04-05T23:16:35.636Z","level":"INFO","device":"291078985963","event":"GPS_SENT","detail":""}
{"ts":"2026-04-05T23:16:35.766Z","level":"INFO","device":"868120100002","event":"GPS_SENT","detail":""}
{"ts":"2026-04-05T23:16:35.847Z","level":"INFO","device":"291078985963","event":"RX_MSG","detail":"0x8001 bodyLen=5"}
{"ts":"2026-04-05T23:16:35.847Z","level":"INFO","device":"291078985963","event":"SERVER_ACK","detail":"0x0200 result=OK"}
{"ts":"2026-04-05T23:16:35.923Z","level":"INFO","device":"868120100003","event":"GPS_SENT","detail":""}
{"ts":"2026-04-05T23:16:35.958Z","level":"INFO","device":"868120100002","event":"RX_MSG","detail":"0x8001 bodyLen=5"}
{"ts":"2026-04-05T23:16:35.958Z","level":"INFO","device":"868120100002","event":"SERVER_ACK","detail":"0x0200 result=OK"}
{"ts":"2026-04-05T23:16:36.072Z","level":"INFO","device":"868120100004","event":"GPS_SENT","detail":""}
{"ts":"2026-04-05T23:16:36.124Z","level":"INFO","device":"868120100003","event":"RX_MSG","detail":"0x8001 bodyLen=5"}
{"ts":"2026-04-05T23:16:36.125Z","level":"INFO","device":"868120100003","event":"SERVER_ACK","detail":"0x0200 result=OK"}
{"ts":"2026-04-05T23:16:36.215Z","level":"INFO","device":"868120100005","event":"GPS_SENT","detail":""}
{"ts":"2026-04-05T23:16:36.274Z","level":"INFO","device":"868120100004","event":"RX_MSG","detail":"0x8001 bodyLen=5"}
{"ts":"2026-04-05T23:16:36.274Z","level":"INFO","device":"868120100004","event":"SERVER_ACK","detail":"0x0200 result=OK"}
{"ts":"2026-04-05T23:16:36.378Z","level":"INFO","device":"868120100006","event":"GPS_SENT","detail":""}
{"ts":"2026-04-05T23:16:36.410Z","level":"INFO","device":"868120100005","event":"RX_MSG","detail":"0x8001 bodyLen=5"}
{"ts":"2026-04-05T23:16:36.411Z","level":"INFO","device":"868120100005","event":"SERVER_ACK","detail":"0x0200 result=OK"}
{"ts":"2026-04-05T23:16:36.510Z","level":"INFO","device":"868120100007","event":"GPS_SENT","detail":""}
{"ts":"2026-04-05T23:16:36.582Z","level":"INFO","device":"868120100006","event":"RX_MSG","detail":"0x8001 bodyLen=5"}
{"ts":"2026-04-05T23:16:36.582Z","level":"INFO","device":"868120100006","event":"SERVER_ACK","detail":"0x0200 result=OK"}
{"ts":"2026-04-05T23:16:36.658Z","level":"INFO","device":"868120100008","event":"GPS_SENT","detail":""}
{"ts":"2026-04-05T23:16:36.696Z","level":"INFO","device":"868120100007","event":"RX_MSG","detail":"0x8001 bodyLen=5"}
{"ts":"2026-04-05T23:16:36.696Z","level":"INFO","device":"868120100007","event":"SERVER_ACK","detail":"0x0200 result=OK"}
{"ts":"2026-04-05T23:16:36.812Z","level":"INFO","device":"868120100009","event":"GPS_SENT","detail":""}
{"ts":"2026-04-05T23:16:36.843Z","level":"INFO","device":"868120100008","event":"RX_MSG","detail":"0x8001 bodyLen=5"}
{"ts":"2026-04-05T23:16:36.843Z","level":"INFO","device":"868120100008","event":"SERVER_ACK","detail":"0x0200 result=OK"}
{"ts":"2026-04-05T23:16:36.989Z","level":"INFO","device":"100000000010","event":"GPS_SENT","detail":""}
{"ts":"2026-04-05T23:16:36.998Z","level":"INFO","device":"868120100009","event":"RX_MSG","detail":"0x8001 bodyLen=5"}
{"ts":"2026-04-05T23:16:36.998Z","level":"INFO","device":"868120100009","event":"SERVER_ACK","detail":"0x0200 result=OK"}
{"ts":"2026-04-05T23:16:37.207Z","level":"INFO","device":"100000000010","event":"RX_MSG","detail":"0x8001 bodyLen=5"}
{"ts":"2026-04-05T23:16:37.207Z","level":"INFO","device":"100000000010","event":"SERVER_ACK","detail":"0x0200 result=OK"}
{"ts":"2026-04-05T23:16:44.919Z","level":"ERROR","device":"300000000005","event":"SOCKET_ERROR","detail":"ECONNREFUSED"}
{"ts":"2026-04-05T23:16:45.422Z","level":"INFO","device":"291078985963","event":"HEARTBEAT_SENT","detail":"0x0002"}
{"ts":"2026-04-05T23:16:45.431Z","level":"INFO","device":"291078985963","event":"OBD2_SENT_0x0200","detail":"Lat: 51.733090, Lng: 0.487042 | Speed: 43km/h | RPM: 2525"}
{"ts":"2026-04-05T23:16:45.571Z","level":"INFO","device":"200000000002","event":"HEARTBEAT_SENT","detail":"0x0002"}
{"ts":"2026-04-05T23:16:45.572Z","level":"INFO","device":"200000000002","event":"OBD2_SENT_0x0200","detail":"Lat: 51.733199, Lng: 0.486604 | Speed: 34km/h | RPM: 2156"}
{"ts":"2026-04-05T23:16:45.617Z","level":"INFO","device":"291078985963","event":"SERVER_ACK","detail":"0x8001 Universal Reply Received"}
{"ts":"2026-04-05T23:16:45.719Z","level":"INFO","device":"200000000003","event":"HEARTBEAT_SENT","detail":"0x0002"}
{"ts":"2026-04-05T23:16:45.720Z","level":"INFO","device":"200000000003","event":"OBD2_SENT_0x0200","detail":"Lat: 51.732645, Lng: 0.488564 | Speed: 42km/h | RPM: 2497"}
{"ts":"2026-04-05T23:16:45.775Z","level":"INFO","device":"200000000002","event":"SERVER_ACK","detail":"0x8001 Universal Reply Received"}
{"ts":"2026-04-05T23:16:45.870Z","level":"INFO","device":"200000000004","event":"HEARTBEAT_SENT","detail":"0x0002"}
{"ts":"2026-04-05T23:16:45.875Z","level":"INFO","device":"200000000004","event":"OBD2_SENT_0x0200","detail":"Lat: 51.732471, Lng: 0.489071 | Speed: 41km/h | RPM: 2444"}
{"ts":"2026-04-05T23:16:45.931Z","level":"INFO","device":"200000000003","event":"SERVER_ACK","detail":"0x8001 Universal Reply Received"}
{"ts":"2026-04-05T23:16:45.932Z","level":"INFO","device":"291078985963","event":"SERVER_ACK","detail":"0x8001 Universal Reply Received"}
{"ts":"2026-04-05T23:16:46.020Z","level":"INFO","device":"200000000005","event":"HEARTBEAT_SENT","detail":"0x0002"}
{"ts":"2026-04-05T23:16:46.025Z","level":"INFO","device":"200000000005","event":"OBD2_SENT_0x0200","detail":"Lat: 51.731877, Lng: 0.490447 | Speed: 40km/h | RPM: 2399"}
{"ts":"2026-04-05T23:16:46.061Z","level":"INFO","device":"200000000004","event":"SERVER_ACK","detail":"0x8001 Universal Reply Received"}
{"ts":"2026-04-05T23:16:46.098Z","level":"INFO","device":"200000000002","event":"SERVER_ACK","detail":"0x8001 Universal Reply Received"}
{"ts":"2026-04-05T23:16:46.170Z","level":"INFO","device":"200000000006","event":"HEARTBEAT_SENT","detail":"0x0002"}
{"ts":"2026-04-05T23:16:46.170Z","level":"INFO","device":"200000000006","event":"OBD2_SENT_0x0200","detail":"Lat: 51.729806, Lng: 0.493456 | Speed: 57km/h | RPM: 3068"}
{"ts":"2026-04-05T23:16:46.222Z","level":"INFO","device":"200000000005","event":"SERVER_ACK","detail":"0x8001 Universal Reply Received"}
{"ts":"2026-04-05T23:16:46.261Z","level":"INFO","device":"200000000003","event":"SERVER_ACK","detail":"0x8001 Universal Reply Received"}
{"ts":"2026-04-05T23:16:46.320Z","level":"INFO","device":"200000000007","event":"HEARTBEAT_SENT","detail":"0x0002"}
{"ts":"2026-04-05T23:16:46.321Z","level":"INFO","device":"200000000007","event":"OBD2_SENT_0x0200","detail":"Lat: 51.732251, Lng: 0.489624 | Speed: 42km/h | RPM: 2483"}
{"ts":"2026-04-05T23:16:46.354Z","level":"INFO","device":"200000000006","event":"SERVER_ACK","detail":"0x8001 Universal Reply Received"}
{"ts":"2026-04-05T23:16:46.367Z","level":"INFO","device":"200000000004","event":"SERVER_ACK","detail":"0x8001 Universal Reply Received"}
{"ts":"2026-04-05T23:16:46.469Z","level":"INFO","device":"200000000008","event":"HEARTBEAT_SENT","detail":"0x0002"}
{"ts":"2026-04-05T23:16:46.474Z","level":"INFO","device":"200000000008","event":"OBD2_SENT_0x0200","detail":"Lat: 51.730864, Lng: 0.492175 | Speed: 49km/h | RPM: 2771"}
{"ts":"2026-04-05T23:16:46.506Z","level":"INFO","device":"200000000007","event":"SERVER_ACK","detail":"0x8001 Universal Reply Received"}
{"ts":"2026-04-05T23:16:46.570Z","level":"INFO","device":"200000000005","event":"SERVER_ACK","detail":"0x8001 Universal Reply Received"}
{"ts":"2026-04-05T23:16:46.621Z","level":"INFO","device":"200000000009","event":"HEARTBEAT_SENT","detail":"0x0002"}
{"ts":"2026-04-05T23:16:46.623Z","level":"INFO","device":"200000000009","event":"OBD2_SENT_0x0200","detail":"Lat: 51.733199, Lng: 0.486605 | Speed: 38km/h | RPM: 2304"}
{"ts":"2026-04-05T23:16:46.655Z","level":"INFO","device":"200000000008","event":"SERVER_ACK","detail":"0x8001 Universal Reply Received"}
{"ts":"2026-04-05T23:16:46.678Z","level":"INFO","device":"200000000006","event":"SERVER_ACK","detail":"0x8001 Universal Reply Received"}
{"ts":"2026-04-05T23:16:46.771Z","level":"INFO","device":"200000000010","event":"HEARTBEAT_SENT","detail":"0x0002"}
{"ts":"2026-04-05T23:16:46.775Z","level":"INFO","device":"200000000010","event":"OBD2_SENT_0x0200","detail":"Lat: 51.732612, Lng: 0.488665 | Speed: 34km/h | RPM: 2157"}
{"ts":"2026-04-05T23:16:46.827Z","level":"INFO","device":"200000000007","event":"SERVER_ACK","detail":"0x8001 Universal Reply Received"}
{"ts":"2026-04-05T23:16:46.831Z","level":"INFO","device":"200000000009","event":"SERVER_ACK","detail":"0x8001 Universal Reply Received"}
{"ts":"2026-04-05T23:16:46.952Z","level":"INFO","device":"200000000008","event":"SERVER_ACK","detail":"0x8001 Universal Reply Received"}
{"ts":"2026-04-05T23:16:46.972Z","level":"INFO","device":"200000000010","event":"SERVER_ACK","detail":"0x8001 Universal Reply Received"}
{"ts":"2026-04-05T23:16:47.162Z","level":"INFO","device":"200000000009","event":"SERVER_ACK","detail":"0x8001 Universal Reply Received"}
{"ts":"2026-04-05T23:16:47.309Z","level":"INFO","device":"200000000010","event":"SERVER_ACK","detail":"0x8001 Universal Reply Received"}
{"ts":"2026-04-05T23:16:55.633Z","level":"INFO","device":"291078985963","event":"INCIDENT_SENT","detail":"mediaId=4 alarmId=29107898596300260405231655040200"}
{"ts":"2026-04-05T23:16:55.636Z","level":"INFO","device":"291078985963","event":"GPS_SENT","detail":""}
{"ts":"2026-04-05T23:16:55.765Z","level":"INFO","device":"868120100002","event":"INCIDENT_SENT","detail":"mediaId=4 alarmId=86812010000200260405231655040200"}
{"ts":"2026-04-05T23:16:55.765Z","level":"INFO","device":"868120100002","event":"GPS_SENT","detail":""}
{"ts":"2026-04-05T23:16:55.843Z","level":"INFO","device":"291078985963","event":"RX_MSG","detail":"0x8001 bodyLen=5"}
{"ts":"2026-04-05T23:16:55.843Z","level":"INFO","device":"291078985963","event":"SERVER_ACK","detail":"0x0200 result=OK"}
{"ts":"2026-04-05T23:16:55.921Z","level":"INFO","device":"868120100003","event":"INCIDENT_SENT","detail":"mediaId=4 alarmId=86812010000300260405231655040200"}
{"ts":"2026-04-05T23:16:55.924Z","level":"INFO","device":"868120100003","event":"GPS_SENT","detail":""}
{"ts":"2026-04-05T23:16:55.957Z","level":"INFO","device":"868120100002","event":"RX_MSG","detail":"0x8001 bodyLen=5"}
{"ts":"2026-04-05T23:16:55.957Z","level":"INFO","device":"868120100002","event":"SERVER_ACK","detail":"0x0200 result=OK"}
{"ts":"2026-04-05T23:16:56.072Z","level":"INFO","device":"868120100004","event":"INCIDENT_SENT","detail":"mediaId=4 alarmId=86812010000400260405231656040200"}
{"ts":"2026-04-05T23:16:56.073Z","level":"INFO","device":"868120100004","event":"GPS_SENT","detail":""}
{"ts":"2026-04-05T23:16:56.123Z","level":"INFO","device":"868120100003","event":"RX_MSG","detail":"0x8001 bodyLen=5"}
{"ts":"2026-04-05T23:16:56.124Z","level":"INFO","device":"868120100003","event":"SERVER_ACK","detail":"0x0200 result=OK"}
{"ts":"2026-04-05T23:16:56.155Z","level":"INFO","device":"291078985963","event":"RX_MSG","detail":"0x8001 bodyLen=5"}
{"ts":"2026-04-05T23:16:56.156Z","level":"INFO","device":"291078985963","event":"SERVER_ACK","detail":"0x0800 result=OK"}
{"ts":"2026-04-05T23:16:56.156Z","level":"INFO","device":"291078985963","event":"RX_MSG","detail":"0x8001 bodyLen=5"}
{"ts":"2026-04-05T23:16:56.156Z","level":"INFO","device":"291078985963","event":"SERVER_ACK","detail":"0x0200 result=OK"}
{"ts":"2026-04-05T23:16:56.214Z","level":"INFO","device":"868120100005","event":"INCIDENT_SENT","detail":"mediaId=4 alarmId=86812010000500260405231656040200"}
{"ts":"2026-04-05T23:16:56.215Z","level":"INFO","device":"868120100005","event":"GPS_SENT","detail":""}
{"ts":"2026-04-05T23:16:56.262Z","level":"INFO","device":"868120100002","event":"RX_MSG","detail":"0x8001 bodyLen=5"}
{"ts":"2026-04-05T23:16:56.262Z","level":"INFO","device":"868120100002","event":"SERVER_ACK","detail":"0x0800 result=OK"}
{"ts":"2026-04-05T23:16:56.262Z","level":"INFO","device":"868120100002","event":"RX_MSG","detail":"0x8001 bodyLen=5"}
{"ts":"2026-04-05T23:16:56.262Z","level":"INFO","device":"868120100002","event":"SERVER_ACK","detail":"0x0200 result=OK"}
{"ts":"2026-04-05T23:16:56.274Z","level":"INFO","device":"868120100004","event":"RX_MSG","detail":"0x8001 bodyLen=5"}
{"ts":"2026-04-05T23:16:56.274Z","level":"INFO","device":"868120100004","event":"SERVER_ACK","detail":"0x0200 result=OK"}
{"ts":"2026-04-05T23:16:56.373Z","level":"INFO","device":"868120100006","event":"INCIDENT_SENT","detail":"mediaId=4 alarmId=86812010000600260405231656040200"}
{"ts":"2026-04-05T23:16:56.378Z","level":"INFO","device":"868120100006","event":"GPS_SENT","detail":""}
{"ts":"2026-04-05T23:16:56.408Z","level":"INFO","device":"868120100005","event":"RX_MSG","detail":"0x8001 bodyLen=5"}
{"ts":"2026-04-05T23:16:56.410Z","level":"INFO","device":"868120100005","event":"SERVER_ACK","detail":"0x0200 result=OK"}
{"ts":"2026-04-05T23:16:56.447Z","level":"INFO","device":"868120100003","event":"RX_MSG","detail":"0x8001 bodyLen=5"}
{"ts":"2026-04-05T23:16:56.448Z","level":"INFO","device":"868120100003","event":"SERVER_ACK","detail":"0x0800 result=OK"}
{"ts":"2026-04-05T23:16:56.448Z","level":"INFO","device":"868120100003","event":"RX_MSG","detail":"0x8001 bodyLen=5"}
{"ts":"2026-04-05T23:16:56.448Z","level":"INFO","device":"868120100003","event":"SERVER_ACK","detail":"0x0200 result=OK"}
{"ts":"2026-04-05T23:16:56.508Z","level":"INFO","device":"868120100007","event":"INCIDENT_SENT","detail":"mediaId=4 alarmId=86812010000700260405231656040200"}
{"ts":"2026-04-05T23:16:56.510Z","level":"INFO","device":"868120100007","event":"GPS_SENT","detail":""}
{"ts":"2026-04-05T23:16:56.576Z","level":"INFO","device":"868120100006","event":"RX_MSG","detail":"0x8001 bodyLen=5"}
{"ts":"2026-04-05T23:16:56.576Z","level":"INFO","device":"868120100006","event":"SERVER_ACK","detail":"0x0200 result=OK"}
{"ts":"2026-04-05T23:16:56.603Z","level":"INFO","device":"868120100004","event":"RX_MSG","detail":"0x8001 bodyLen=5"}
{"ts":"2026-04-05T23:16:56.603Z","level":"INFO","device":"868120100004","event":"SERVER_ACK","detail":"0x0800 result=OK"}
{"ts":"2026-04-05T23:16:56.604Z","level":"INFO","device":"868120100004","event":"RX_MSG","detail":"0x8001 bodyLen=5"}
{"ts":"2026-04-05T23:16:56.604Z","level":"INFO","device":"868120100004","event":"SERVER_ACK","detail":"0x0200 result=OK"}
{"ts":"2026-04-05T23:16:56.655Z","level":"INFO","device":"868120100008","event":"INCIDENT_SENT","detail":"mediaId=4 alarmId=86812010000800260405231656040200"}
{"ts":"2026-04-05T23:16:56.658Z","level":"INFO","device":"868120100008","event":"GPS_SENT","detail":""}
{"ts":"2026-04-05T23:16:56.692Z","level":"INFO","device":"868120100007","event":"RX_MSG","detail":"0x8001 bodyLen=5"}
{"ts":"2026-04-05T23:16:56.692Z","level":"INFO","device":"868120100007","event":"SERVER_ACK","detail":"0x0200 result=OK"}
{"ts":"2026-04-05T23:16:56.751Z","level":"INFO","device":"868120100005","event":"RX_MSG","detail":"0x8001 bodyLen=5"}
{"ts":"2026-04-05T23:16:56.751Z","level":"INFO","device":"868120100005","event":"SERVER_ACK","detail":"0x0800 result=OK"}
{"ts":"2026-04-05T23:16:56.751Z","level":"INFO","device":"868120100005","event":"RX_MSG","detail":"0x8001 bodyLen=5"}
{"ts":"2026-04-05T23:16:56.751Z","level":"INFO","device":"868120100005","event":"SERVER_ACK","detail":"0x0200 result=OK"}
{"ts":"2026-04-05T23:16:56.810Z","level":"INFO","device":"868120100009","event":"INCIDENT_SENT","detail":"mediaId=4 alarmId=86812010000900260405231656040200"}
{"ts":"2026-04-05T23:16:56.812Z","level":"INFO","device":"868120100009","event":"GPS_SENT","detail":""}
{"ts":"2026-04-05T23:16:56.840Z","level":"INFO","device":"868120100008","event":"RX_MSG","detail":"0x8001 bodyLen=5"}
{"ts":"2026-04-05T23:16:56.841Z","level":"INFO","device":"868120100008","event":"SERVER_ACK","detail":"0x0200 result=OK"}
{"ts":"2026-04-05T23:16:56.895Z","level":"INFO","device":"868120100006","event":"RX_MSG","detail":"0x8001 bodyLen=5"}
{"ts":"2026-04-05T23:16:56.895Z","level":"INFO","device":"868120100006","event":"SERVER_ACK","detail":"0x0800 result=OK"}
{"ts":"2026-04-05T23:16:56.895Z","level":"INFO","device":"868120100006","event":"RX_MSG","detail":"0x8001 bodyLen=5"}
{"ts":"2026-04-05T23:16:56.895Z","level":"INFO","device":"868120100006","event":"SERVER_ACK","detail":"0x0200 result=OK"}
{"ts":"2026-04-05T23:16:56.990Z","level":"INFO","device":"100000000010","event":"INCIDENT_SENT","detail":"mediaId=4 alarmId=10000000001000260405231656040200"}
{"ts":"2026-04-05T23:16:56.990Z","level":"INFO","device":"100000000010","event":"GPS_SENT","detail":""}
{"ts":"2026-04-05T23:16:56.995Z","level":"INFO","device":"868120100009","event":"RX_MSG","detail":"0x8001 bodyLen=5"}
{"ts":"2026-04-05T23:16:56.995Z","level":"INFO","device":"868120100009","event":"SERVER_ACK","detail":"0x0200 result=OK"}
{"ts":"2026-04-05T23:16:57.000Z","level":"INFO","device":"868120100007","event":"RX_MSG","detail":"0x8001 bodyLen=5"}
{"ts":"2026-04-05T23:16:57.000Z","level":"INFO","device":"868120100007","event":"SERVER_ACK","detail":"0x0800 result=OK"}
{"ts":"2026-04-05T23:16:57.001Z","level":"INFO","device":"868120100007","event":"RX_MSG","detail":"0x8001 bodyLen=5"}
{"ts":"2026-04-05T23:16:57.001Z","level":"INFO","device":"868120100007","event":"SERVER_ACK","detail":"0x0200 result=OK"}
{"ts":"2026-04-05T23:16:57.063Z","level":"ERROR","device":"300000000006","event":"SOCKET_ERROR","detail":"ECONNREFUSED"}
{"ts":"2026-04-05T23:16:57.125Z","level":"INFO","device":"868120100008","event":"RX_MSG","detail":"0x8001 bodyLen=5"}
{"ts":"2026-04-05T23:16:57.125Z","level":"INFO","device":"868120100008","event":"SERVER_ACK","detail":"0x0800 result=OK"}
{"ts":"2026-04-05T23:16:57.125Z","level":"INFO","device":"868120100008","event":"RX_MSG","detail":"0x8001 bodyLen=5"}
{"ts":"2026-04-05T23:16:57.125Z","level":"INFO","device":"868120100008","event":"SERVER_ACK","detail":"0x0200 result=OK"}
{"ts":"2026-04-05T23:16:57.207Z","level":"INFO","device":"100000000010","event":"RX_MSG","detail":"0x8001 bodyLen=5"}
{"ts":"2026-04-05T23:16:57.207Z","level":"INFO","device":"100000000010","event":"SERVER_ACK","detail":"0x0200 result=OK"}
{"ts":"2026-04-05T23:16:57.281Z","level":"INFO","device":"868120100009","event":"RX_MSG","detail":"0x8001 bodyLen=5"}
{"ts":"2026-04-05T23:16:57.282Z","level":"INFO","device":"868120100009","event":"SERVER_ACK","detail":"0x0800 result=OK"}
{"ts":"2026-04-05T23:16:57.282Z","level":"INFO","device":"868120100009","event":"RX_MSG","detail":"0x8001 bodyLen=5"}
{"ts":"2026-04-05T23:16:57.282Z","level":"INFO","device":"868120100009","event":"SERVER_ACK","detail":"0x0200 result=OK"}
{"ts":"2026-04-05T23:16:57.530Z","level":"INFO","device":"100000000010","event":"RX_MSG","detail":"0x8001 bodyLen=5"}
{"ts":"2026-04-05T23:16:57.530Z","level":"INFO","device":"100000000010","event":"SERVER_ACK","detail":"0x0800 result=OK"}
{"ts":"2026-04-05T23:16:57.531Z","level":"INFO","device":"100000000010","event":"RX_MSG","detail":"0x8001 bodyLen=5"}
{"ts":"2026-04-05T23:16:57.531Z","level":"INFO","device":"100000000010","event":"SERVER_ACK","detail":"0x0200 result=OK"}
{"ts":"2026-04-05T23:17:00.430Z","level":"INFO","device":"291078985963","event":"OBD2_SENT_0x0200","detail":"Lat: 51.732431, Lng: 0.489171 | Speed: 39km/h | RPM: 2343"}
{"ts":"2026-04-05T23:17:00.574Z","level":"INFO","device":"200000000002","event":"OBD2_SENT_0x0200","detail":"Lat: 51.732678, Lng: 0.488465 | Speed: 33km/h | RPM: 2127"}
{"ts":"2026-04-05T23:17:00.630Z","level":"INFO","device":"291078985963","event":"SERVER_ACK","detail":"0x8001 Universal Reply Received"}
{"ts":"2026-04-05T23:17:00.722Z","level":"INFO","device":"200000000003","event":"OBD2_SENT_0x0200","detail":"Lat: 51.731949, Lng: 0.490302 | Speed: 38km/h | RPM: 2301"}
{"ts":"2026-04-05T23:17:00.779Z","level":"INFO","device":"200000000002","event":"SERVER_ACK","detail":"0x8001 Universal Reply Received"}
{"ts":"2026-04-05T23:17:00.876Z","level":"INFO","device":"200000000004","event":"OBD2_SENT_0x0200","detail":"Lat: 51.731635, Lng: 0.490929 | Speed: 37km/h | RPM: 2262"}
{"ts":"2026-04-05T23:17:00.935Z","level":"INFO","device":"200000000003","event":"SERVER_ACK","detail":"0x8001 Universal Reply Received"}
{"ts":"2026-04-05T23:17:01.027Z","level":"INFO","device":"200000000005","event":"OBD2_SENT_0x0200","detail":"Lat: 51.730699, Lng: 0.492387 | Speed: 42km/h | RPM: 2485"}
{"ts":"2026-04-05T23:17:01.065Z","level":"INFO","device":"200000000004","event":"SERVER_ACK","detail":"0x8001 Universal Reply Received"}
{"ts":"2026-04-05T23:17:01.171Z","level":"INFO","device":"200000000006","event":"OBD2_SENT_0x0200","detail":"Lat: 51.727730, Lng: 0.495122 | Speed: 59km/h | RPM: 3144"}
{"ts":"2026-04-05T23:17:01.229Z","level":"INFO","device":"200000000005","event":"SERVER_ACK","detail":"0x8001 Universal Reply Received"}
{"ts":"2026-04-05T23:17:01.322Z","level":"INFO","device":"200000000007","event":"OBD2_SENT_0x0200","detail":"Lat: 51.731090, Lng: 0.491850 | Speed: 44km/h | RPM: 2552"}
{"ts":"2026-04-05T23:17:01.356Z","level":"INFO","device":"200000000006","event":"SERVER_ACK","detail":"0x8001 Universal Reply Received"}
{"ts":"2026-04-05T23:17:01.474Z","level":"INFO","device":"200000000008","event":"OBD2_SENT_0x0200","detail":"Lat: 51.729448, Lng: 0.493846 | Speed: 44km/h | RPM: 2580"}
{"ts":"2026-04-05T23:17:01.509Z","level":"INFO","device":"200000000007","event":"SERVER_ACK","detail":"0x8001 Universal Reply Received"}
{"ts":"2026-04-05T23:17:01.623Z","level":"INFO","device":"200000000009","event":"OBD2_SENT_0x0200","detail":"Lat: 51.732508, Lng: 0.488977 | Speed: 42km/h | RPM: 2491"}
{"ts":"2026-04-05T23:17:01.662Z","level":"INFO","device":"200000000008","event":"SERVER_ACK","detail":"0x8001 Universal Reply Received"}
{"ts":"2026-04-05T23:17:01.775Z","level":"INFO","device":"200000000010","event":"OBD2_SENT_0x0200","detail":"Lat: 51.731997, Lng: 0.490206 | Speed: 33km/h | RPM: 2138"}
{"ts":"2026-04-05T23:17:01.834Z","level":"INFO","device":"200000000009","event":"SERVER_ACK","detail":"0x8001 Universal Reply Received"}
{"ts":"2026-04-05T23:17:01.978Z","level":"INFO","device":"200000000010","event":"SERVER_ACK","detail":"0x8001 Universal Reply Received"}
{"ts":"2026-04-05T23:17:09.168Z","level":"ERROR","device":"300000000007","event":"SOCKET_ERROR","detail":"ECONNREFUSED"}
{"ts":"2026-04-05T23:17:15.422Z","level":"INFO","device":"291078985963","event":"HEARTBEAT_SENT","detail":"0x0002"}
{"ts":"2026-04-05T23:17:15.430Z","level":"INFO","device":"291078985963","event":"OBD2_SENT_0x0200","detail":"Lat: 51.731621, Lng: 0.490959 | Speed: 35km/h | RPM: 2207"}
{"ts":"2026-04-05T23:17:15.574Z","level":"INFO","device":"200000000002","event":"HEARTBEAT_SENT","detail":"0x0002"}
{"ts":"2026-04-05T23:17:15.574Z","level":"INFO","device":"200000000002","event":"OBD2_SENT_0x0200","detail":"Lat: 51.732158, Lng: 0.489856 | Speed: 29km/h | RPM: 1973"}
{"ts":"2026-04-05T23:17:15.617Z","level":"INFO","device":"291078985963","event":"SERVER_ACK","detail":"0x8001 Universal Reply Received"}
{"ts":"2026-04-05T23:17:15.636Z","level":"INFO","device":"291078985963","event":"GPS_SENT","detail":""}
{"ts":"2026-04-05T23:17:15.720Z","level":"INFO","device":"200000000003","event":"HEARTBEAT_SENT","detail":"0x0002"}
{"ts":"2026-04-05T23:17:15.722Z","level":"INFO","device":"200000000003","event":"OBD2_SENT_0x0200","detail":"Lat: 51.730937, Lng: 0.492081 | Speed: 38km/h | RPM: 2319"}
{"ts":"2026-04-05T23:17:15.766Z","level":"INFO","device":"868120100002","event":"GPS_SENT","detail":""}
{"ts":"2026-04-05T23:17:15.777Z","level":"INFO","device":"200000000002","event":"SERVER_ACK","detail":"0x8001 Universal Reply Received"}
{"ts":"2026-04-05T23:17:15.847Z","level":"INFO","device":"291078985963","event":"RX_MSG","detail":"0x8001 bodyLen=5"}
{"ts":"2026-04-05T23:17:15.847Z","level":"INFO","device":"291078985963","event":"SERVER_ACK","detail":"0x0200 result=OK"}
{"ts":"2026-04-05T23:17:15.871Z","level":"INFO","device":"200000000004","event":"HEARTBEAT_SENT","detail":"0x0002"}
{"ts":"2026-04-05T23:17:15.876Z","level":"INFO","device":"200000000004","event":"OBD2_SENT_0x0200","detail":"Lat: 51.730628, Lng: 0.492478 | Speed: 34km/h | RPM: 2161"}
{"ts":"2026-04-05T23:17:15.924Z","level":"INFO","device":"868120100003","event":"GPS_SENT","detail":""}
{"ts":"2026-04-05T23:17:15.932Z","level":"INFO","device":"291078985963","event":"SERVER_ACK","detail":"0x8001 Universal Reply Received"}
{"ts":"2026-04-05T23:17:15.932Z","level":"INFO","device":"200000000003","event":"SERVER_ACK","detail":"0x8001 Universal Reply Received"}
{"ts":"2026-04-05T23:17:15.958Z","level":"INFO","device":"868120100002","event":"RX_MSG","detail":"0x8001 bodyLen=5"}
{"ts":"2026-04-05T23:17:15.959Z","level":"INFO","device":"868120100002","event":"SERVER_ACK","detail":"0x0200 result=OK"}
{"ts":"2026-04-05T23:17:16.021Z","level":"INFO","device":"200000000005","event":"HEARTBEAT_SENT","detail":"0x0002"}
{"ts":"2026-04-05T23:17:16.026Z","level":"INFO","device":"200000000005","event":"OBD2_SENT_0x0200","detail":"Lat: 51.729295, Lng: 0.493982 | Speed: 43km/h | RPM: 2517"}
{"ts":"2026-04-05T23:17:16.062Z","level":"INFO","device":"200000000004","event":"SERVER_ACK","detail":"0x8001 Universal Reply Received"}
{"ts":"2026-04-05T23:17:16.073Z","level":"INFO","device":"868120100004","event":"GPS_SENT","detail":""}
{"ts":"2026-04-05T23:17:16.097Z","level":"INFO","device":"200000000002","event":"SERVER_ACK","detail":"0x8001 Universal Reply Received"}
{"ts":"2026-04-05T23:17:16.127Z","level":"INFO","device":"868120100003","event":"RX_MSG","detail":"0x8001 bodyLen=5"}
{"ts":"2026-04-05T23:17:16.127Z","level":"INFO","device":"868120100003","event":"SERVER_ACK","detail":"0x0200 result=OK"}
{"ts":"2026-04-05T23:17:16.171Z","level":"INFO","device":"200000000006","event":"HEARTBEAT_SENT","detail":"0x0002"}
{"ts":"2026-04-05T23:17:16.171Z","level":"INFO","device":"200000000006","event":"OBD2_SENT_0x0200","detail":"Lat: 51.725599, Lng: 0.496000 | Speed: 61km/h | RPM: 3227"}
{"ts":"2026-04-05T23:17:16.215Z","level":"INFO","device":"868120100005","event":"GPS_SENT","detail":""}
{"ts":"2026-04-05T23:17:16.223Z","level":"INFO","device":"200000000005","event":"SERVER_ACK","detail":"0x8001 Universal Reply Received"}
{"ts":"2026-04-05T23:17:16.261Z","level":"INFO","device":"200000000003","event":"SERVER_ACK","detail":"0x8001 Universal Reply Received"}
{"ts":"2026-04-05T23:17:16.276Z","level":"INFO","device":"868120100004","event":"RX_MSG","detail":"0x8001 bodyLen=5"}
{"ts":"2026-04-05T23:17:16.276Z","level":"INFO","device":"868120100004","event":"SERVER_ACK","detail":"0x0200 result=OK"}
{"ts":"2026-04-05T23:17:16.320Z","level":"INFO","device":"200000000007","event":"HEARTBEAT_SENT","detail":"0x0002"}
{"ts":"2026-04-05T23:17:16.322Z","level":"INFO","device":"200000000007","event":"OBD2_SENT_0x0200","detail":"Lat: 51.729591, Lng: 0.493698 | Speed: 47km/h | RPM: 2674"}
{"ts":"2026-04-05T23:17:16.357Z","level":"INFO","device":"200000000006","event":"SERVER_ACK","detail":"0x8001 Universal Reply Received"}
{"ts":"2026-04-05T23:17:16.370Z","level":"INFO","device":"200000000004","event":"SERVER_ACK","detail":"0x8001 Universal Reply Received"}
{"ts":"2026-04-05T23:17:16.378Z","level":"INFO","device":"868120100006","event":"GPS_SENT","detail":""}
{"ts":"2026-04-05T23:17:16.409Z","level":"INFO","device":"868120100005","event":"RX_MSG","detail":"0x8001 bodyLen=5"}
{"ts":"2026-04-05T23:17:16.409Z","level":"INFO","device":"868120100005","event":"SERVER_ACK","detail":"0x0200 result=OK"}
{"ts":"2026-04-05T23:17:16.470Z","level":"INFO","device":"200000000008","event":"HEARTBEAT_SENT","detail":"0x0002"}
{"ts":"2026-04-05T23:17:16.474Z","level":"INFO","device":"200000000008","event":"OBD2_SENT_0x0200","detail":"Lat: 51.727907, Lng: 0.495016 | Speed: 45km/h | RPM: 2594"}
{"ts":"2026-04-05T23:17:16.507Z","level":"INFO","device":"200000000007","event":"SERVER_ACK","detail":"0x8001 Universal Reply Received"}
{"ts":"2026-04-05T23:17:16.510Z","level":"INFO","device":"868120100007","event":"GPS_SENT","detail":""}
{"ts":"2026-04-05T23:17:16.573Z","level":"INFO","device":"200000000005","event":"SERVER_ACK","detail":"0x8001 Universal Reply Received"}
{"ts":"2026-04-05T23:17:16.582Z","level":"INFO","device":"868120100006","event":"RX_MSG","detail":"0x8001 bodyLen=5"}
{"ts":"2026-04-05T23:17:16.582Z","level":"INFO","device":"868120100006","event":"SERVER_ACK","detail":"0x0200 result=OK"}
{"ts":"2026-04-05T23:17:16.621Z","level":"INFO","device":"200000000009","event":"HEARTBEAT_SENT","detail":"0x0002"}
{"ts":"2026-04-05T23:17:16.623Z","level":"INFO","device":"200000000009","event":"OBD2_SENT_0x0200","detail":"Lat: 51.731778, Lng: 0.490645 | Speed: 37km/h | RPM: 2299"}
{"ts":"2026-04-05T23:17:16.658Z","level":"INFO","device":"200000000008","event":"SERVER_ACK","detail":"0x8001 Universal Reply Received"}
{"ts":"2026-04-05T23:17:16.658Z","level":"INFO","device":"868120100008","event":"GPS_SENT","detail":""}
{"ts":"2026-04-05T23:17:16.681Z","level":"INFO","device":"200000000006","event":"SERVER_ACK","detail":"0x8001 Universal Reply Received"}
{"ts":"2026-04-05T23:17:16.695Z","level":"INFO","device":"868120100007","event":"RX_MSG","detail":"0x8001 bodyLen=5"}
{"ts":"2026-04-05T23:17:16.695Z","level":"INFO","device":"868120100007","event":"SERVER_ACK","detail":"0x0200 result=OK"}
{"ts":"2026-04-05T23:17:16.771Z","level":"INFO","device":"200000000010","event":"HEARTBEAT_SENT","detail":"0x0002"}
{"ts":"2026-04-05T23:17:16.775Z","level":"INFO","device":"200000000010","event":"OBD2_SENT_0x0200","detail":"Lat: 51.731250, Lng: 0.491583 | Speed: 29km/h | RPM: 1970"}
{"ts":"2026-04-05T23:17:16.812Z","level":"INFO","device":"868120100009","event":"GPS_SENT","detail":""}
{"ts":"2026-04-05T23:17:16.827Z","level":"INFO","device":"200000000007","event":"SERVER_ACK","detail":"0x8001 Universal Reply Received"}
{"ts":"2026-04-05T23:17:16.831Z","level":"INFO","device":"200000000009","event":"SERVER_ACK","detail":"0x8001 Universal Reply Received"}
{"ts":"2026-04-05T23:17:16.844Z","level":"INFO","device":"868120100008","event":"RX_MSG","detail":"0x8001 bodyLen=5"}
{"ts":"2026-04-05T23:17:16.844Z","level":"INFO","device":"868120100008","event":"SERVER_ACK","detail":"0x0200 result=OK"}
{"ts":"2026-04-05T23:17:16.951Z","level":"INFO","device":"200000000008","event":"SERVER_ACK","detail":"0x8001 Universal Reply Received"}
{"ts":"2026-04-05T23:17:16.973Z","level":"INFO","device":"200000000010","event":"SERVER_ACK","detail":"0x8001 Universal Reply Received"}
{"ts":"2026-04-05T23:17:16.990Z","level":"INFO","device":"100000000010","event":"GPS_SENT","detail":""}
{"ts":"2026-04-05T23:17:16.997Z","level":"INFO","device":"868120100009","event":"RX_MSG","detail":"0x8001 bodyLen=5"}
{"ts":"2026-04-05T23:17:16.998Z","level":"INFO","device":"868120100009","event":"SERVER_ACK","detail":"0x0200 result=OK"}
{"ts":"2026-04-05T23:17:17.162Z","level":"INFO","device":"200000000009","event":"SERVER_ACK","detail":"0x8001 Universal Reply Received"}
{"ts":"2026-04-05T23:17:17.207Z","level":"INFO","device":"100000000010","event":"RX_MSG","detail":"0x8001 bodyLen=5"}
{"ts":"2026-04-05T23:17:17.207Z","level":"INFO","device":"100000000010","event":"SERVER_ACK","detail":"0x0200 result=OK"}
{"ts":"2026-04-05T23:17:17.309Z","level":"INFO","device":"200000000010","event":"SERVER_ACK","detail":"0x8001 Universal Reply Received"}
{"ts":"2026-04-05T23:17:21.279Z","level":"ERROR","device":"300000000008","event":"SOCKET_ERROR","detail":"ECONNREFUSED"}
{"ts":"2026-04-05T23:17:30.430Z","level":"INFO","device":"291078985963","event":"OBD2_SENT_0x0200","detail":"Lat: 51.730588, Lng: 0.492530 | Speed: 35km/h | RPM: 2186"}
{"ts":"2026-04-05T23:17:30.574Z","level":"INFO","device":"200000000002","event":"OBD2_SENT_0x0200","detail":"Lat: 51.731415, Lng: 0.491308 | Speed: 29km/h | RPM: 1943"}
{"ts":"2026-04-05T23:17:30.627Z","level":"INFO","device":"291078985963","event":"SERVER_ACK","detail":"0x8001 Universal Reply Received"}
{"ts":"2026-04-05T23:17:30.722Z","level":"INFO","device":"200000000003","event":"OBD2_SENT_0x0200","detail":"Lat: 51.729809, Lng: 0.493453 | Speed: 36km/h | RPM: 2256"}
{"ts":"2026-04-05T23:17:30.778Z","level":"INFO","device":"200000000002","event":"SERVER_ACK","detail":"0x8001 Universal Reply Received"}
{"ts":"2026-04-05T23:17:30.876Z","level":"INFO","device":"200000000004","event":"OBD2_SENT_0x0200","detail":"Lat: 51.729369, Lng: 0.493916 | Speed: 39km/h | RPM: 2342"}
{"ts":"2026-04-05T23:17:30.935Z","level":"INFO","device":"200000000003","event":"SERVER_ACK","detail":"0x8001 Universal Reply Received"}
{"ts":"2026-04-05T23:17:31.026Z","level":"INFO","device":"200000000005","event":"OBD2_SENT_0x0200","detail":"Lat: 51.727788, Lng: 0.495087 | Speed: 43km/h | RPM: 2537"}
{"ts":"2026-04-05T23:17:31.064Z","level":"INFO","device":"200000000004","event":"SERVER_ACK","detail":"0x8001 Universal Reply Received"}
{"ts":"2026-04-05T23:17:31.172Z","level":"INFO","device":"200000000006","event":"OBD2_SENT_0x0200","detail":"Lat: 51.723467, Lng: 0.496553 | Speed: 57km/h | RPM: 3093"}
{"ts":"2026-04-05T23:17:31.228Z","level":"INFO","device":"200000000005","event":"SERVER_ACK","detail":"0x8001 Universal Reply Received"}
{"ts":"2026-04-05T23:17:31.322Z","level":"INFO","device":"200000000007","event":"OBD2_SENT_0x0200","detail":"Lat: 51.727995, Lng: 0.494963 | Speed: 45km/h | RPM: 2589"}
{"ts":"2026-04-05T23:17:31.357Z","level":"INFO","device":"200000000006","event":"SERVER_ACK","detail":"0x8001 Universal Reply Received"}
{"ts":"2026-04-05T23:17:31.475Z","level":"INFO","device":"200000000008","event":"OBD2_SENT_0x0200","detail":"Lat: 51.726357, Lng: 0.495773 | Speed: 44km/h | RPM: 2565"}
{"ts":"2026-04-05T23:17:31.508Z","level":"INFO","device":"200000000007","event":"SERVER_ACK","detail":"0x8001 Universal Reply Received"}
{"ts":"2026-04-05T23:17:31.623Z","level":"INFO","device":"200000000009","event":"OBD2_SENT_0x0200","detail":"Lat: 51.730686, Lng: 0.492403 | Speed: 38km/h | RPM: 2333"}
{"ts":"2026-04-05T23:17:31.661Z","level":"INFO","device":"200000000008","event":"SERVER_ACK","detail":"0x8001 Universal Reply Received"}
{"ts":"2026-04-05T23:17:31.775Z","level":"INFO","device":"200000000010","event":"OBD2_SENT_0x0200","detail":"Lat: 51.730277, Lng: 0.492925 | Speed: 33km/h | RPM: 2130"}
{"ts":"2026-04-05T23:17:31.834Z","level":"INFO","device":"200000000009","event":"SERVER_ACK","detail":"0x8001 Universal Reply Received"}
{"ts":"2026-04-05T23:17:31.977Z","level":"INFO","device":"200000000010","event":"SERVER_ACK","detail":"0x8001 Universal Reply Received"}
{"ts":"2026-04-05T23:17:33.365Z","level":"ERROR","device":"300000000009","event":"SOCKET_ERROR","detail":"ECONNREFUSED"}
{"ts":"2026-04-05T23:17:35.633Z","level":"INFO","device":"291078985963","event":"INCIDENT_SENT","detail":"mediaId=5 alarmId=29107898596300260405231735050200"}
{"ts":"2026-04-05T23:17:35.635Z","level":"INFO","device":"291078985963","event":"GPS_SENT","detail":""}
{"ts":"2026-04-05T23:17:35.765Z","level":"INFO","device":"868120100002","event":"INCIDENT_SENT","detail":"mediaId=5 alarmId=86812010000200260405231735050200"}
{"ts":"2026-04-05T23:17:35.766Z","level":"INFO","device":"868120100002","event":"GPS_SENT","detail":""}
{"ts":"2026-04-05T23:17:35.843Z","level":"INFO","device":"291078985963","event":"RX_MSG","detail":"0x8001 bodyLen=5"}
{"ts":"2026-04-05T23:17:35.843Z","level":"INFO","device":"291078985963","event":"SERVER_ACK","detail":"0x0200 result=OK"}
{"ts":"2026-04-05T23:17:35.923Z","level":"INFO","device":"868120100003","event":"INCIDENT_SENT","detail":"mediaId=5 alarmId=86812010000300260405231735050200"}
{"ts":"2026-04-05T23:17:35.924Z","level":"INFO","device":"868120100003","event":"GPS_SENT","detail":""}
{"ts":"2026-04-05T23:17:35.958Z","level":"INFO","device":"868120100002","event":"RX_MSG","detail":"0x8001 bodyLen=5"}
{"ts":"2026-04-05T23:17:35.958Z","level":"INFO","device":"868120100002","event":"SERVER_ACK","detail":"0x0200 result=OK"}
{"ts":"2026-04-05T23:17:36.072Z","level":"INFO","device":"868120100004","event":"INCIDENT_SENT","detail":"mediaId=5 alarmId=86812010000400260405231736050200"}
{"ts":"2026-04-05T23:17:36.074Z","level":"INFO","device":"868120100004","event":"GPS_SENT","detail":""}
{"ts":"2026-04-05T23:17:36.125Z","level":"INFO","device":"868120100003","event":"RX_MSG","detail":"0x8001 bodyLen=5"}
{"ts":"2026-04-05T23:17:36.125Z","level":"INFO","device":"868120100003","event":"SERVER_ACK","detail":"0x0200 result=OK"}
{"ts":"2026-04-05T23:17:36.169Z","level":"INFO","device":"291078985963","event":"RX_MSG","detail":"0x8001 bodyLen=5"}
{"ts":"2026-04-05T23:17:36.169Z","level":"INFO","device":"291078985963","event":"SERVER_ACK","detail":"0x0800 result=OK"}
{"ts":"2026-04-05T23:17:36.169Z","level":"INFO","device":"291078985963","event":"RX_MSG","detail":"0x8001 bodyLen=5"}
{"ts":"2026-04-05T23:17:36.169Z","level":"INFO","device":"291078985963","event":"SERVER_ACK","detail":"0x0200 result=OK"}
{"ts":"2026-04-05T23:17:36.213Z","level":"INFO","device":"868120100005","event":"INCIDENT_SENT","detail":"mediaId=5 alarmId=86812010000500260405231736050200"}
{"ts":"2026-04-05T23:17:36.215Z","level":"INFO","device":"868120100005","event":"GPS_SENT","detail":""}
{"ts":"2026-04-05T23:17:36.274Z","level":"INFO","device":"868120100004","event":"RX_MSG","detail":"0x8001 bodyLen=5"}
{"ts":"2026-04-05T23:17:36.274Z","level":"INFO","device":"868120100004","event":"SERVER_ACK","detail":"0x0200 result=OK"}
{"ts":"2026-04-05T23:17:36.276Z","level":"INFO","device":"868120100002","event":"RX_MSG","detail":"0x8001 bodyLen=5"}
{"ts":"2026-04-05T23:17:36.276Z","level":"INFO","device":"868120100002","event":"SERVER_ACK","detail":"0x0800 result=OK"}
{"ts":"2026-04-05T23:17:36.277Z","level":"INFO","device":"868120100002","event":"RX_MSG","detail":"0x8001 bodyLen=5"}
{"ts":"2026-04-05T23:17:36.277Z","level":"INFO","device":"868120100002","event":"SERVER_ACK","detail":"0x0200 result=OK"}
{"ts":"2026-04-05T23:17:36.373Z","level":"INFO","device":"868120100006","event":"INCIDENT_SENT","detail":"mediaId=5 alarmId=86812010000600260405231736050200"}
{"ts":"2026-04-05T23:17:36.378Z","level":"INFO","device":"868120100006","event":"GPS_SENT","detail":""}
{"ts":"2026-04-05T23:17:36.408Z","level":"INFO","device":"868120100005","event":"RX_MSG","detail":"0x8001 bodyLen=5"}
{"ts":"2026-04-05T23:17:36.408Z","level":"INFO","device":"868120100005","event":"SERVER_ACK","detail":"0x0200 result=OK"}
{"ts":"2026-04-05T23:17:36.451Z","level":"INFO","device":"868120100003","event":"RX_MSG","detail":"0x8001 bodyLen=5"}
{"ts":"2026-04-05T23:17:36.451Z","level":"INFO","device":"868120100003","event":"SERVER_ACK","detail":"0x0800 result=OK"}
{"ts":"2026-04-05T23:17:36.451Z","level":"INFO","device":"868120100003","event":"RX_MSG","detail":"0x8001 bodyLen=5"}
{"ts":"2026-04-05T23:17:36.451Z","level":"INFO","device":"868120100003","event":"SERVER_ACK","detail":"0x0200 result=OK"}
{"ts":"2026-04-05T23:17:36.508Z","level":"INFO","device":"868120100007","event":"INCIDENT_SENT","detail":"mediaId=5 alarmId=86812010000700260405231736050200"}
{"ts":"2026-04-05T23:17:36.510Z","level":"INFO","device":"868120100007","event":"GPS_SENT","detail":""}
{"ts":"2026-04-05T23:17:36.576Z","level":"INFO","device":"868120100006","event":"RX_MSG","detail":"0x8001 bodyLen=5"}
{"ts":"2026-04-05T23:17:36.576Z","level":"INFO","device":"868120100006","event":"SERVER_ACK","detail":"0x0200 result=OK"}
{"ts":"2026-04-05T23:17:36.606Z","level":"INFO","device":"868120100004","event":"RX_MSG","detail":"0x8001 bodyLen=5"}
{"ts":"2026-04-05T23:17:36.607Z","level":"INFO","device":"868120100004","event":"SERVER_ACK","detail":"0x0800 result=OK"}
{"ts":"2026-04-05T23:17:36.607Z","level":"INFO","device":"868120100004","event":"RX_MSG","detail":"0x8001 bodyLen=5"}
{"ts":"2026-04-05T23:17:36.607Z","level":"INFO","device":"868120100004","event":"SERVER_ACK","detail":"0x0200 result=OK"}
{"ts":"2026-04-05T23:17:36.655Z","level":"INFO","device":"868120100008","event":"INCIDENT_SENT","detail":"mediaId=5 alarmId=86812010000800260405231736050200"}
{"ts":"2026-04-05T23:17:36.659Z","level":"INFO","device":"868120100008","event":"GPS_SENT","detail":""}
{"ts":"2026-04-05T23:17:36.692Z","level":"INFO","device":"868120100007","event":"RX_MSG","detail":"0x8001 bodyLen=5"}
{"ts":"2026-04-05T23:17:36.693Z","level":"INFO","device":"868120100007","event":"SERVER_ACK","detail":"0x0200 result=OK"}
{"ts":"2026-04-05T23:17:36.722Z","level":"INFO","device":"868120100005","event":"RX_MSG","detail":"0x8001 bodyLen=5"}
{"ts":"2026-04-05T23:17:36.723Z","level":"INFO","device":"868120100005","event":"SERVER_ACK","detail":"0x0800 result=OK"}
{"ts":"2026-04-05T23:17:36.723Z","level":"INFO","device":"868120100005","event":"RX_MSG","detail":"0x8001 bodyLen=5"}
{"ts":"2026-04-05T23:17:36.723Z","level":"INFO","device":"868120100005","event":"SERVER_ACK","detail":"0x0200 result=OK"}
{"ts":"2026-04-05T23:17:36.810Z","level":"INFO","device":"868120100009","event":"INCIDENT_SENT","detail":"mediaId=5 alarmId=86812010000900260405231736050200"}
{"ts":"2026-04-05T23:17:36.812Z","level":"INFO","device":"868120100009","event":"GPS_SENT","detail":""}
{"ts":"2026-04-05T23:17:36.839Z","level":"INFO","device":"868120100008","event":"RX_MSG","detail":"0x8001 bodyLen=5"}
{"ts":"2026-04-05T23:17:36.839Z","level":"INFO","device":"868120100008","event":"SERVER_ACK","detail":"0x0200 result=OK"}
{"ts":"2026-04-05T23:17:36.909Z","level":"INFO","device":"868120100006","event":"RX_MSG","detail":"0x8001 bodyLen=5"}
{"ts":"2026-04-05T23:17:36.909Z","level":"INFO","device":"868120100006","event":"SERVER_ACK","detail":"0x0800 result=OK"}
{"ts":"2026-04-05T23:17:36.909Z","level":"INFO","device":"868120100006","event":"RX_MSG","detail":"0x8001 bodyLen=5"}
{"ts":"2026-04-05T23:17:36.909Z","level":"INFO","device":"868120100006","event":"SERVER_ACK","detail":"0x0200 result=OK"}
{"ts":"2026-04-05T23:17:36.990Z","level":"INFO","device":"100000000010","event":"INCIDENT_SENT","detail":"mediaId=5 alarmId=10000000001000260405231736050200"}
{"ts":"2026-04-05T23:17:36.991Z","level":"INFO","device":"100000000010","event":"GPS_SENT","detail":""}
{"ts":"2026-04-05T23:17:36.994Z","level":"INFO","device":"868120100009","event":"RX_MSG","detail":"0x8001 bodyLen=5"}
{"ts":"2026-04-05T23:17:36.995Z","level":"INFO","device":"868120100009","event":"SERVER_ACK","detail":"0x0200 result=OK"}
{"ts":"2026-04-05T23:17:37.014Z","level":"INFO","device":"868120100007","event":"RX_MSG","detail":"0x8001 bodyLen=5"}
{"ts":"2026-04-05T23:17:37.014Z","level":"INFO","device":"868120100007","event":"SERVER_ACK","detail":"0x0800 result=OK"}
{"ts":"2026-04-05T23:17:37.014Z","level":"INFO","device":"868120100007","event":"RX_MSG","detail":"0x8001 bodyLen=5"}
{"ts":"2026-04-05T23:17:37.014Z","level":"INFO","device":"868120100007","event":"SERVER_ACK","detail":"0x0200 result=OK"}
{"ts":"2026-04-05T23:17:37.138Z","level":"INFO","device":"868120100008","event":"RX_MSG","detail":"0x8001 bodyLen=5"}
{"ts":"2026-04-05T23:17:37.138Z","level":"INFO","device":"868120100008","event":"SERVER_ACK","detail":"0x0800 result=OK"}
{"ts":"2026-04-05T23:17:37.138Z","level":"INFO","device":"868120100008","event":"RX_MSG","detail":"0x8001 bodyLen=5"}
{"ts":"2026-04-05T23:17:37.138Z","level":"INFO","device":"868120100008","event":"SERVER_ACK","detail":"0x0200 result=OK"}
{"ts":"2026-04-05T23:17:37.208Z","level":"INFO","device":"100000000010","event":"RX_MSG","detail":"0x8001 bodyLen=5"}
{"ts":"2026-04-05T23:17:37.208Z","level":"INFO","device":"100000000010","event":"SERVER_ACK","detail":"0x0200 result=OK"}
{"ts":"2026-04-05T23:17:37.295Z","level":"INFO","device":"868120100009","event":"RX_MSG","detail":"0x8001 bodyLen=5"}
{"ts":"2026-04-05T23:17:37.295Z","level":"INFO","device":"868120100009","event":"SERVER_ACK","detail":"0x0800 result=OK"}
{"ts":"2026-04-05T23:17:37.295Z","level":"INFO","device":"868120100009","event":"RX_MSG","detail":"0x8001 bodyLen=5"}
{"ts":"2026-04-05T23:17:37.295Z","level":"INFO","device":"868120100009","event":"SERVER_ACK","detail":"0x0200 result=OK"}
{"ts":"2026-04-05T23:17:37.544Z","level":"INFO","device":"100000000010","event":"RX_MSG","detail":"0x8001 bodyLen=5"}
{"ts":"2026-04-05T23:17:37.544Z","level":"INFO","device":"100000000010","event":"SERVER_ACK","detail":"0x0800 result=OK"}
{"ts":"2026-04-05T23:17:37.544Z","level":"INFO","device":"100000000010","event":"RX_MSG","detail":"0x8001 bodyLen=5"}
{"ts":"2026-04-05T23:17:37.544Z","level":"INFO","device":"100000000010","event":"SERVER_ACK","detail":"0x0200 result=OK"}
{"ts":"2026-04-05T23:17:45.422Z","level":"INFO","device":"291078985963","event":"HEARTBEAT_SENT","detail":"0x0002"}
{"ts":"2026-04-05T23:17:45.430Z","level":"INFO","device":"291078985963","event":"OBD2_SENT_0x0200","detail":"Lat: 51.729349, Lng: 0.493934 | Speed: 38km/h | RPM: 2308"}
{"ts":"2026-04-05T23:17:45.574Z","level":"INFO","device":"200000000002","event":"HEARTBEAT_SENT","detail":"0x0002"}
{"ts":"2026-04-05T23:17:45.574Z","level":"INFO","device":"200000000002","event":"OBD2_SENT_0x0200","detail":"Lat: 51.730734, Lng: 0.492342 | Speed: 25km/h | RPM: 1786"}
{"ts":"2026-04-05T23:17:45.616Z","level":"INFO","device":"291078985963","event":"SERVER_ACK","detail":"0x8001 Universal Reply Received"}
{"ts":"2026-04-05T23:17:45.720Z","level":"INFO","device":"200000000003","event":"HEARTBEAT_SENT","detail":"0x0002"}
{"ts":"2026-04-05T23:17:45.722Z","level":"INFO","device":"200000000003","event":"OBD2_SENT_0x0200","detail":"Lat: 51.728577, Lng: 0.494614 | Speed: 37km/h | RPM: 2266"}
{"ts":"2026-04-05T23:17:45.776Z","level":"INFO","device":"200000000002","event":"SERVER_ACK","detail":"0x8001 Universal Reply Received"}
{"ts":"2026-04-05T23:17:45.871Z","level":"INFO","device":"200000000004","event":"HEARTBEAT_SENT","detail":"0x0002"}
{"ts":"2026-04-05T23:17:45.876Z","level":"INFO","device":"200000000004","event":"OBD2_SENT_0x0200","detail":"Lat: 51.728004, Lng: 0.494958 | Speed: 40km/h | RPM: 2391"}
{"ts":"2026-04-05T23:17:45.918Z","level":"INFO","device":"291078985963","event":"SERVER_ACK","detail":"0x8001 Universal Reply Received"}
{"ts":"2026-04-05T23:17:45.935Z","level":"INFO","device":"200000000003","event":"SERVER_ACK","detail":"0x8001 Universal Reply Received"}
{"ts":"2026-04-05T23:17:46.021Z","level":"INFO","device":"200000000005","event":"HEARTBEAT_SENT","detail":"0x0002"}
{"ts":"2026-04-05T23:17:46.026Z","level":"INFO","device":"200000000005","event":"OBD2_SENT_0x0200","detail":"Lat: 51.726401, Lng: 0.495760 | Speed: 40km/h | RPM: 2380"}
{"ts":"2026-04-05T23:17:46.055Z","level":"INFO","device":"200000000004","event":"SERVER_ACK","detail":"0x8001 Universal Reply Received"}
{"ts":"2026-04-05T23:17:46.084Z","level":"INFO","device":"200000000002","event":"SERVER_ACK","detail":"0x8001 Universal Reply Received"}
{"ts":"2026-04-05T23:17:46.171Z","level":"INFO","device":"200000000006","event":"HEARTBEAT_SENT","detail":"0x0002"}
{"ts":"2026-04-05T23:17:46.172Z","level":"INFO","device":"200000000006","event":"OBD2_SENT_0x0200","detail":"Lat: 51.721508, Lng: 0.497455 | Speed: 54km/h | RPM: 2954"}
{"ts":"2026-04-05T23:17:46.222Z","level":"INFO","device":"200000000005","event":"SERVER_ACK","detail":"0x8001 Universal Reply Received"}
{"ts":"2026-04-05T23:17:46.247Z","level":"INFO","device":"200000000003","event":"SERVER_ACK","detail":"0x8001 Universal Reply Received"}
{"ts":"2026-04-05T23:17:46.320Z","level":"INFO","device":"200000000007","event":"HEARTBEAT_SENT","detail":"0x0002"}
{"ts":"2026-04-05T23:17:46.322Z","level":"INFO","device":"200000000007","event":"OBD2_SENT_0x0200","detail":"Lat: 51.726349, Lng: 0.495775 | Speed: 47km/h | RPM: 2674"}
{"ts":"2026-04-05T23:17:46.357Z","level":"INFO","device":"200000000006","event":"SERVER_ACK","detail":"0x8001 Universal Reply Received"}
{"ts":"2026-04-05T23:17:46.371Z","level":"INFO","device":"200000000004","event":"SERVER_ACK","detail":"0x8001 Universal Reply Received"}
{"ts":"2026-04-05T23:17:46.470Z","level":"INFO","device":"200000000008","event":"HEARTBEAT_SENT","detail":"0x0002"}
{"ts":"2026-04-05T23:17:46.475Z","level":"INFO","device":"200000000008","event":"OBD2_SENT_0x0200","detail":"Lat: 51.724665, Lng: 0.496187 | Speed: 46km/h | RPM: 2637"}
{"ts":"2026-04-05T23:17:46.508Z","level":"INFO","device":"200000000007","event":"SERVER_ACK","detail":"0x8001 Universal Reply Received"}
{"ts":"2026-04-05T23:17:46.543Z","level":"INFO","device":"200000000005","event":"SERVER_ACK","detail":"0x8001 Universal Reply Received"}
{"ts":"2026-04-05T23:17:46.622Z","level":"INFO","device":"200000000009","event":"HEARTBEAT_SENT","detail":"0x0002"}
{"ts":"2026-04-05T23:17:46.623Z","level":"INFO","device":"200000000009","event":"OBD2_SENT_0x0200","detail":"Lat: 51.729528, Lng: 0.493769 | Speed: 36km/h | RPM: 2249"}
{"ts":"2026-04-05T23:17:46.657Z","level":"INFO","device":"200000000008","event":"SERVER_ACK","detail":"0x8001 Universal Reply Received"}
{"ts":"2026-04-05T23:17:46.682Z","level":"INFO","device":"200000000006","event":"SERVER_ACK","detail":"0x8001 Universal Reply Received"}
{"ts":"2026-04-05T23:17:46.770Z","level":"INFO","device":"200000000010","event":"HEARTBEAT_SENT","detail":"0x0002"}
{"ts":"2026-04-05T23:17:46.775Z","level":"INFO","device":"200000000010","event":"OBD2_SENT_0x0200","detail":"Lat: 51.729232, Lng: 0.494038 | Speed: 33km/h | RPM: 2122"}
{"ts":"2026-04-05T23:17:46.813Z","level":"INFO","device":"200000000007","event":"SERVER_ACK","detail":"0x8001 Universal Reply Received"}
{"ts":"2026-04-05T23:17:46.832Z","level":"INFO","device":"200000000009","event":"SERVER_ACK","detail":"0x8001 Universal Reply Received"}
{"ts":"2026-04-05T23:17:46.969Z","level":"INFO","device":"200000000008","event":"SERVER_ACK","detail":"0x8001 Universal Reply Received"}
{"ts":"2026-04-05T23:17:46.973Z","level":"INFO","device":"200000000010","event":"SERVER_ACK","detail":"0x8001 Universal Reply Received"}
{"ts":"2026-04-05T23:17:47.179Z","level":"INFO","device":"200000000009","event":"SERVER_ACK","detail":"0x8001 Universal Reply Received"}
{"ts":"2026-04-05T23:17:47.295Z","level":"INFO","device":"200000000010","event":"SERVER_ACK","detail":"0x8001 Universal Reply Received"}
{"ts":"2026-04-05T23:17:55.637Z","level":"INFO","device":"291078985963","event":"GPS_SENT","detail":""}
{"ts":"2026-04-05T23:17:55.766Z","level":"INFO","device":"868120100002","event":"GPS_SENT","detail":""}
{"ts":"2026-04-05T23:17:55.847Z","level":"INFO","device":"291078985963","event":"RX_MSG","detail":"0x8001 bodyLen=5"}
{"ts":"2026-04-05T23:17:55.847Z","level":"INFO","device":"291078985963","event":"SERVER_ACK","detail":"0x0200 result=OK"}
{"ts":"2026-04-05T23:17:55.923Z","level":"INFO","device":"868120100003","event":"GPS_SENT","detail":""}
{"ts":"2026-04-05T23:17:55.959Z","level":"INFO","device":"868120100002","event":"RX_MSG","detail":"0x8001 bodyLen=5"}
{"ts":"2026-04-05T23:17:55.960Z","level":"INFO","device":"868120100002","event":"SERVER_ACK","detail":"0x0200 result=OK"}
{"ts":"2026-04-05T23:17:56.074Z","level":"INFO","device":"868120100004","event":"GPS_SENT","detail":""}
{"ts":"2026-04-05T23:17:56.126Z","level":"INFO","device":"868120100003","event":"RX_MSG","detail":"0x8001 bodyLen=5"}
{"ts":"2026-04-05T23:17:56.126Z","level":"INFO","device":"868120100003","event":"SERVER_ACK","detail":"0x0200 result=OK"}
{"ts":"2026-04-05T23:17:56.215Z","level":"INFO","device":"868120100005","event":"GPS_SENT","detail":""}
{"ts":"2026-04-05T23:17:56.276Z","level":"INFO","device":"868120100004","event":"RX_MSG","detail":"0x8001 bodyLen=5"}
{"ts":"2026-04-05T23:17:56.276Z","level":"INFO","device":"868120100004","event":"SERVER_ACK","detail":"0x0200 result=OK"}
{"ts":"2026-04-05T23:17:56.378Z","level":"INFO","device":"868120100006","event":"GPS_SENT","detail":""}
{"ts":"2026-04-05T23:17:56.409Z","level":"INFO","device":"868120100005","event":"RX_MSG","detail":"0x8001 bodyLen=5"}
{"ts":"2026-04-05T23:17:56.409Z","level":"INFO","device":"868120100005","event":"SERVER_ACK","detail":"0x0200 result=OK"}
{"ts":"2026-04-05T23:17:56.510Z","level":"INFO","device":"868120100007","event":"GPS_SENT","detail":""}
{"ts":"2026-04-05T23:17:56.583Z","level":"INFO","device":"868120100006","event":"RX_MSG","detail":"0x8001 bodyLen=5"}
{"ts":"2026-04-05T23:17:56.583Z","level":"INFO","device":"868120100006","event":"SERVER_ACK","detail":"0x0200 result=OK"}
{"ts":"2026-04-05T23:17:56.660Z","level":"INFO","device":"868120100008","event":"GPS_SENT","detail":""}
{"ts":"2026-04-05T23:17:56.694Z","level":"INFO","device":"868120100007","event":"RX_MSG","detail":"0x8001 bodyLen=5"}
{"ts":"2026-04-05T23:17:56.694Z","level":"INFO","device":"868120100007","event":"SERVER_ACK","detail":"0x0200 result=OK"}
{"ts":"2026-04-05T23:17:56.812Z","level":"INFO","device":"868120100009","event":"GPS_SENT","detail":""}
{"ts":"2026-04-05T23:17:56.845Z","level":"INFO","device":"868120100008","event":"RX_MSG","detail":"0x8001 bodyLen=5"}
{"ts":"2026-04-05T23:17:56.845Z","level":"INFO","device":"868120100008","event":"SERVER_ACK","detail":"0x0200 result=OK"}
{"ts":"2026-04-05T23:17:56.993Z","level":"INFO","device":"100000000010","event":"GPS_SENT","detail":""}
{"ts":"2026-04-05T23:17:56.998Z","level":"INFO","device":"868120100009","event":"RX_MSG","detail":"0x8001 bodyLen=5"}
{"ts":"2026-04-05T23:17:57.000Z","level":"INFO","device":"868120100009","event":"SERVER_ACK","detail":"0x0200 result=OK"}
{"ts":"2026-04-05T23:17:57.211Z","level":"INFO","device":"100000000010","event":"RX_MSG","detail":"0x8001 bodyLen=5"}
{"ts":"2026-04-05T23:17:57.211Z","level":"INFO","device":"100000000010","event":"SERVER_ACK","detail":"0x0200 result=OK"}
{"ts":"2026-04-05T23:18:00.430Z","level":"INFO","device":"291078985963","event":"OBD2_SENT_0x0200","detail":"Lat: 51.727878, Lng: 0.495033 | Speed: 43km/h | RPM: 2504"}
{"ts":"2026-04-05T23:18:00.575Z","level":"INFO","device":"200000000002","event":"OBD2_SENT_0x0200","detail":"Lat: 51.730113, Lng: 0.493111 | Speed: 20km/h | RPM: 1616"}
{"ts":"2026-04-05T23:18:00.627Z","level":"INFO","device":"291078985963","event":"SERVER_ACK","detail":"0x8001 Universal Reply Received"}
{"ts":"2026-04-05T23:18:00.722Z","level":"INFO","device":"200000000003","event":"OBD2_SENT_0x0200","detail":"Lat: 51.727233, Lng: 0.495383 | Speed: 38km/h | RPM: 2331"}
{"ts":"2026-04-05T23:18:00.780Z","level":"INFO","device":"200000000002","event":"SERVER_ACK","detail":"0x8001 Universal Reply Received"}
{"ts":"2026-04-05T23:18:00.876Z","level":"INFO","device":"200000000004","event":"OBD2_SENT_0x0200","detail":"Lat: 51.726654, Lng: 0.495673 | Speed: 38km/h | RPM: 2337"}
{"ts":"2026-04-05T23:18:00.942Z","level":"INFO","device":"200000000003","event":"SERVER_ACK","detail":"0x8001 Universal Reply Received"}
{"ts":"2026-04-05T23:18:01.026Z","level":"INFO","device":"200000000005","event":"OBD2_SENT_0x0200","detail":"Lat: 51.725059, Lng: 0.496108 | Speed: 36km/h | RPM: 2257"}
{"ts":"2026-04-05T23:18:01.065Z","level":"INFO","device":"200000000004","event":"SERVER_ACK","detail":"0x8001 Universal Reply Received"}
{"ts":"2026-04-05T23:18:01.172Z","level":"INFO","device":"200000000006","event":"OBD2_SENT_0x0200","detail":"Lat: 51.719789, Lng: 0.498649 | Speed: 49km/h | RPM: 2758"}
{"ts":"2026-04-05T23:18:01.229Z","level":"INFO","device":"200000000005","event":"SERVER_ACK","detail":"0x8001 Universal Reply Received"}
{"ts":"2026-04-05T23:18:01.322Z","level":"INFO","device":"200000000007","event":"OBD2_SENT_0x0200","detail":"Lat: 51.724779, Lng: 0.496164 | Speed: 43km/h | RPM: 2504"}
{"ts":"2026-04-05T23:18:01.359Z","level":"INFO","device":"200000000006","event":"SERVER_ACK","detail":"0x8001 Universal Reply Received"}
{"ts":"2026-04-05T23:18:01.475Z","level":"INFO","device":"200000000008","event":"OBD2_SENT_0x0200","detail":"Lat: 51.722906, Lng: 0.496777 | Speed: 47km/h | RPM: 2692"}
{"ts":"2026-04-05T23:18:01.510Z","level":"INFO","device":"200000000007","event":"SERVER_ACK","detail":"0x8001 Universal Reply Received"}
{"ts":"2026-04-05T23:18:01.623Z","level":"INFO","device":"200000000009","event":"OBD2_SENT_0x0200","detail":"Lat: 51.728081, Lng: 0.494911 | Speed: 40km/h | RPM: 2417"}
{"ts":"2026-04-05T23:18:01.661Z","level":"INFO","device":"200000000008","event":"SERVER_ACK","detail":"0x8001 Universal Reply Received"}
{"ts":"2026-04-05T23:18:01.775Z","level":"INFO","device":"200000000010","event":"OBD2_SENT_0x0200","detail":"Lat: 51.728037, Lng: 0.494938 | Speed: 35km/h | RPM: 2187"}
{"ts":"2026-04-05T23:18:01.836Z","level":"INFO","device":"200000000009","event":"SERVER_ACK","detail":"0x8001 Universal Reply Received"}
{"ts":"2026-04-05T23:18:01.977Z","level":"INFO","device":"200000000010","event":"SERVER_ACK","detail":"0x8001 Universal Reply Received"}
{"ts":"2026-04-05T23:18:15.422Z","level":"INFO","device":"291078985963","event":"HEARTBEAT_SENT","detail":"0x0002"}
{"ts":"2026-04-05T23:18:15.430Z","level":"INFO","device":"291078985963","event":"OBD2_SENT_0x0200","detail":"Lat: 51.726280, Lng: 0.495796 | Speed: 45km/h | RPM: 2619"}
{"ts":"2026-04-05T23:18:15.574Z","level":"INFO","device":"200000000002","event":"HEARTBEAT_SENT","detail":"0x0002"}
{"ts":"2026-04-05T23:18:15.575Z","level":"INFO","device":"200000000002","event":"OBD2_SENT_0x0200","detail":"Lat: 51.729532, Lng: 0.493764 | Speed: 19km/h | RPM: 1555"}
{"ts":"2026-04-05T23:18:15.617Z","level":"INFO","device":"291078985963","event":"SERVER_ACK","detail":"0x8001 Universal Reply Received"}
{"ts":"2026-04-05T23:18:15.633Z","level":"INFO","device":"291078985963","event":"INCIDENT_SENT","detail":"mediaId=6 alarmId=29107898596300260405231815060200"}
{"ts":"2026-04-05T23:18:15.637Z","level":"INFO","device":"291078985963","event":"GPS_SENT","detail":""}
{"ts":"2026-04-05T23:18:15.721Z","level":"INFO","device":"200000000003","event":"HEARTBEAT_SENT","detail":"0x0002"}
{"ts":"2026-04-05T23:18:15.722Z","level":"INFO","device":"200000000003","event":"OBD2_SENT_0x0200","detail":"Lat: 51.725958, Lng: 0.495893 | Speed: 36km/h | RPM: 2225"}
{"ts":"2026-04-05T23:18:15.765Z","level":"INFO","device":"868120100002","event":"INCIDENT_SENT","detail":"mediaId=6 alarmId=86812010000200260405231815060200"}
{"ts":"2026-04-05T23:18:15.765Z","level":"INFO","device":"868120100002","event":"GPS_SENT","detail":""}
{"ts":"2026-04-05T23:18:15.777Z","level":"INFO","device":"200000000002","event":"SERVER_ACK","detail":"0x8001 Universal Reply Received"}
{"ts":"2026-04-05T23:18:15.843Z","level":"INFO","device":"291078985963","event":"RX_MSG","detail":"0x8001 bodyLen=5"}
{"ts":"2026-04-05T23:18:15.843Z","level":"INFO","device":"291078985963","event":"SERVER_ACK","detail":"0x0200 result=OK"}
{"ts":"2026-04-05T23:18:15.871Z","level":"INFO","device":"200000000004","event":"HEARTBEAT_SENT","detail":"0x0002"}
{"ts":"2026-04-05T23:18:15.877Z","level":"INFO","device":"200000000004","event":"OBD2_SENT_0x0200","detail":"Lat: 51.725328, Lng: 0.496054 | Speed: 37km/h | RPM: 2282"}
{"ts":"2026-04-05T23:18:15.924Z","level":"INFO","device":"868120100003","event":"INCIDENT_SENT","detail":"mediaId=6 alarmId=86812010000300260405231815060200"}
{"ts":"2026-04-05T23:18:15.925Z","level":"INFO","device":"868120100003","event":"GPS_SENT","detail":""}
{"ts":"2026-04-05T23:18:15.932Z","level":"INFO","device":"200000000003","event":"SERVER_ACK","detail":"0x8001 Universal Reply Received"}
{"ts":"2026-04-05T23:18:15.947Z","level":"INFO","device":"291078985963","event":"SERVER_ACK","detail":"0x8001 Universal Reply Received"}
{"ts":"2026-04-05T23:18:15.957Z","level":"INFO","device":"868120100002","event":"RX_MSG","detail":"0x8001 bodyLen=5"}
{"ts":"2026-04-05T23:18:15.957Z","level":"INFO","device":"868120100002","event":"SERVER_ACK","detail":"0x0200 result=OK"}
{"ts":"2026-04-05T23:18:16.021Z","level":"INFO","device":"200000000005","event":"HEARTBEAT_SENT","detail":"0x0002"}
{"ts":"2026-04-05T23:18:16.026Z","level":"INFO","device":"200000000005","event":"OBD2_SENT_0x0200","detail":"Lat: 51.723656, Lng: 0.496483 | Speed: 38km/h | RPM: 2309"}
{"ts":"2026-04-05T23:18:16.057Z","level":"INFO","device":"200000000004","event":"SERVER_ACK","detail":"0x8001 Universal Reply Received"}
{"ts":"2026-04-05T23:18:16.072Z","level":"INFO","device":"868120100004","event":"INCIDENT_SENT","detail":"mediaId=6 alarmId=86812010000400260405231816060200"}
{"ts":"2026-04-05T23:18:16.074Z","level":"INFO","device":"868120100004","event":"GPS_SENT","detail":""}
{"ts":"2026-04-05T23:18:16.111Z","level":"INFO","device":"200000000002","event":"SERVER_ACK","detail":"0x8001 Universal Reply Received"}
{"ts":"2026-04-05T23:18:16.127Z","level":"INFO","device":"868120100003","event":"RX_MSG","detail":"0x8001 bodyLen=5"}
{"ts":"2026-04-05T23:18:16.127Z","level":"INFO","device":"868120100003","event":"SERVER_ACK","detail":"0x0200 result=OK"}
{"ts":"2026-04-05T23:18:16.171Z","level":"INFO","device":"200000000006","event":"HEARTBEAT_SENT","detail":"0x0002"}
{"ts":"2026-04-05T23:18:16.172Z","level":"INFO","device":"200000000006","event":"OBD2_SENT_0x0200","detail":"Lat: 51.718461, Lng: 0.500159 | Speed: 44km/h | RPM: 2573"}
{"ts":"2026-04-05T23:18:16.181Z","level":"INFO","device":"291078985963","event":"RX_MSG","detail":"0x8001 bodyLen=5"}
{"ts":"2026-04-05T23:18:16.181Z","level":"INFO","device":"291078985963","event":"SERVER_ACK","detail":"0x0800 result=OK"}
{"ts":"2026-04-05T23:18:16.181Z","level":"INFO","device":"291078985963","event":"RX_MSG","detail":"0x8001 bodyLen=5"}
{"ts":"2026-04-05T23:18:16.181Z","level":"INFO","device":"291078985963","event":"SERVER_ACK","detail":"0x0200 result=OK"}
{"ts":"2026-04-05T23:18:16.214Z","level":"INFO","device":"868120100005","event":"INCIDENT_SENT","detail":"mediaId=6 alarmId=86812010000500260405231816060200"}
{"ts":"2026-04-05T23:18:16.215Z","level":"INFO","device":"868120100005","event":"GPS_SENT","detail":""}
{"ts":"2026-04-05T23:18:16.226Z","level":"INFO","device":"200000000005","event":"SERVER_ACK","detail":"0x8001 Universal Reply Received"}
{"ts":"2026-04-05T23:18:16.275Z","level":"INFO","device":"200000000003","event":"SERVER_ACK","detail":"0x8001 Universal Reply Received"}
{"ts":"2026-04-05T23:18:16.276Z","level":"INFO","device":"868120100004","event":"RX_MSG","detail":"0x8001 bodyLen=5"}
{"ts":"2026-04-05T23:18:16.276Z","level":"INFO","device":"868120100004","event":"SERVER_ACK","detail":"0x0200 result=OK"}
{"ts":"2026-04-05T23:18:16.288Z","level":"INFO","device":"868120100002","event":"RX_MSG","detail":"0x8001 bodyLen=5"}
{"ts":"2026-04-05T23:18:16.288Z","level":"INFO","device":"868120100002","event":"SERVER_ACK","detail":"0x0800 result=OK"}
{"ts":"2026-04-05T23:18:16.288Z","level":"INFO","device":"868120100002","event":"RX_MSG","detail":"0x8001 bodyLen=5"}
{"ts":"2026-04-05T23:18:16.288Z","level":"INFO","device":"868120100002","event":"SERVER_ACK","detail":"0x0200 result=OK"}
{"ts":"2026-04-05T23:18:16.321Z","level":"INFO","device":"200000000007","event":"HEARTBEAT_SENT","detail":"0x0002"}
{"ts":"2026-04-05T23:18:16.322Z","level":"INFO","device":"200000000007","event":"OBD2_SENT_0x0200","detail":"Lat: 51.723142, Lng: 0.496683 | Speed: 44km/h | RPM: 2561"}
{"ts":"2026-04-05T23:18:16.370Z","level":"INFO","device":"200000000004","event":"SERVER_ACK","detail":"0x8001 Universal Reply Received"}
{"ts":"2026-04-05T23:18:16.373Z","level":"INFO","device":"868120100006","event":"INCIDENT_SENT","detail":"mediaId=6 alarmId=86812010000600260405231816060200"}
{"ts":"2026-04-05T23:18:16.378Z","level":"INFO","device":"868120100006","event":"GPS_SENT","detail":""}
{"ts":"2026-04-05T23:18:16.409Z","level":"INFO","device":"868120100005","event":"RX_MSG","detail":"0x8001 bodyLen=5"}
{"ts":"2026-04-05T23:18:16.410Z","level":"INFO","device":"868120100005","event":"SERVER_ACK","detail":"0x0200 result=OK"}
{"ts":"2026-04-05T23:18:16.450Z","level":"INFO","device":"868120100003","event":"RX_MSG","detail":"0x8001 bodyLen=5"}
{"ts":"2026-04-05T23:18:16.450Z","level":"INFO","device":"868120100003","event":"SERVER_ACK","detail":"0x0800 result=OK"}
{"ts":"2026-04-05T23:18:16.450Z","level":"INFO","device":"868120100003","event":"RX_MSG","detail":"0x8001 bodyLen=5"}
{"ts":"2026-04-05T23:18:16.450Z","level":"INFO","device":"868120100003","event":"SERVER_ACK","detail":"0x0200 result=OK"}
{"ts":"2026-04-05T23:18:16.471Z","level":"INFO","device":"200000000008","event":"HEARTBEAT_SENT","detail":"0x0002"}
{"ts":"2026-04-05T23:18:16.476Z","level":"INFO","device":"200000000008","event":"OBD2_SENT_0x0200","detail":"Lat: 51.721202, Lng: 0.497639 | Speed: 47km/h | RPM: 2674"}
{"ts":"2026-04-05T23:18:16.507Z","level":"INFO","device":"200000000007","event":"SERVER_ACK","detail":"0x8001 Universal Reply Received"}
{"ts":"2026-04-05T23:18:16.508Z","level":"INFO","device":"868120100007","event":"INCIDENT_SENT","detail":"mediaId=6 alarmId=86812010000700260405231816060200"}
{"ts":"2026-04-05T23:18:16.510Z","level":"INFO","device":"868120100007","event":"GPS_SENT","detail":""}
{"ts":"2026-04-05T23:18:16.556Z","level":"INFO","device":"200000000005","event":"SERVER_ACK","detail":"0x8001 Universal Reply Received"}
{"ts":"2026-04-05T23:18:16.575Z","level":"INFO","device":"868120100006","event":"RX_MSG","detail":"0x8001 bodyLen=5"}
{"ts":"2026-04-05T23:18:16.576Z","level":"INFO","device":"868120100006","event":"SERVER_ACK","detail":"0x0200 result=OK"}
{"ts":"2026-04-05T23:18:16.588Z","level":"INFO","device":"868120100004","event":"RX_MSG","detail":"0x8001 bodyLen=5"}
{"ts":"2026-04-05T23:18:16.588Z","level":"INFO","device":"868120100004","event":"SERVER_ACK","detail":"0x0800 result=OK"}
{"ts":"2026-04-05T23:18:16.588Z","level":"INFO","device":"868120100004","event":"RX_MSG","detail":"0x8001 bodyLen=5"}
{"ts":"2026-04-05T23:18:16.588Z","level":"INFO","device":"868120100004","event":"SERVER_ACK","detail":"0x0200 result=OK"}
{"ts":"2026-04-05T23:18:16.622Z","level":"INFO","device":"200000000009","event":"HEARTBEAT_SENT","detail":"0x0002"}
{"ts":"2026-04-05T23:18:16.623Z","level":"INFO","device":"200000000009","event":"OBD2_SENT_0x0200","detail":"Lat: 51.726544, Lng: 0.495717 | Speed: 44km/h | RPM: 2551"}
{"ts":"2026-04-05T23:18:16.655Z","level":"INFO","device":"868120100008","event":"INCIDENT_SENT","detail":"mediaId=6 alarmId=86812010000800260405231816060200"}
{"ts":"2026-04-05T23:18:16.661Z","level":"INFO","device":"200000000008","event":"SERVER_ACK","detail":"0x8001 Universal Reply Received"}
{"ts":"2026-04-05T23:18:16.661Z","level":"INFO","device":"868120100008","event":"GPS_SENT","detail":""}
{"ts":"2026-04-05T23:18:16.676Z","level":"INFO","device":"200000000006","event":"SERVER_ACK","detail":"0x8001 Universal Reply Received"}
{"ts":"2026-04-05T23:18:16.695Z","level":"INFO","device":"868120100007","event":"RX_MSG","detail":"0x8001 bodyLen=5"}
{"ts":"2026-04-05T23:18:16.695Z","level":"INFO","device":"868120100007","event":"SERVER_ACK","detail":"0x0200 result=OK"}
{"ts":"2026-04-05T23:18:16.705Z","level":"INFO","device":"868120100005","event":"RX_MSG","detail":"0x8001 bodyLen=5"}
{"ts":"2026-04-05T23:18:16.705Z","level":"INFO","device":"868120100005","event":"SERVER_ACK","detail":"0x0800 result=OK"}
{"ts":"2026-04-05T23:18:16.705Z","level":"INFO","device":"868120100005","event":"RX_MSG","detail":"0x8001 bodyLen=5"}
{"ts":"2026-04-05T23:18:16.705Z","level":"INFO","device":"868120100005","event":"SERVER_ACK","detail":"0x0200 result=OK"}
{"ts":"2026-04-05T23:18:16.771Z","level":"INFO","device":"200000000010","event":"HEARTBEAT_SENT","detail":"0x0002"}
{"ts":"2026-04-05T23:18:16.774Z","level":"INFO","device":"200000000010","event":"OBD2_SENT_0x0200","detail":"Lat: 51.726867, Lng: 0.495566 | Speed: 33km/h | RPM: 2133"}
{"ts":"2026-04-05T23:18:16.810Z","level":"INFO","device":"868120100009","event":"INCIDENT_SENT","detail":"mediaId=6 alarmId=86812010000900260405231816060200"}
{"ts":"2026-04-05T23:18:16.812Z","level":"INFO","device":"868120100009","event":"GPS_SENT","detail":""}
{"ts":"2026-04-05T23:18:16.832Z","level":"INFO","device":"200000000009","event":"SERVER_ACK","detail":"0x8001 Universal Reply Received"}
{"ts":"2026-04-05T23:18:16.838Z","level":"INFO","device":"868120100008","event":"RX_MSG","detail":"0x8001 bodyLen=5"}
{"ts":"2026-04-05T23:18:16.838Z","level":"INFO","device":"868120100008","event":"SERVER_ACK","detail":"0x0200 result=OK"}
{"ts":"2026-04-05T23:18:16.840Z","level":"INFO","device":"200000000007","event":"SERVER_ACK","detail":"0x8001 Universal Reply Received"}
{"ts":"2026-04-05T23:18:16.921Z","level":"INFO","device":"868120100006","event":"RX_MSG","detail":"0x8001 bodyLen=5"}
{"ts":"2026-04-05T23:18:16.921Z","level":"INFO","device":"868120100006","event":"SERVER_ACK","detail":"0x0800 result=OK"}
{"ts":"2026-04-05T23:18:16.921Z","level":"INFO","device":"868120100006","event":"RX_MSG","detail":"0x8001 bodyLen=5"}
{"ts":"2026-04-05T23:18:16.921Z","level":"INFO","device":"868120100006","event":"SERVER_ACK","detail":"0x0200 result=OK"}
{"ts":"2026-04-05T23:18:16.965Z","level":"INFO","device":"200000000008","event":"SERVER_ACK","detail":"0x8001 Universal Reply Received"}
{"ts":"2026-04-05T23:18:16.972Z","level":"INFO","device":"200000000010","event":"SERVER_ACK","detail":"0x8001 Universal Reply Received"}
{"ts":"2026-04-05T23:18:16.991Z","level":"INFO","device":"100000000010","event":"INCIDENT_SENT","detail":"mediaId=6 alarmId=10000000001000260405231816060200"}
{"ts":"2026-04-05T23:18:16.993Z","level":"INFO","device":"100000000010","event":"GPS_SENT","detail":""}
{"ts":"2026-04-05T23:18:16.994Z","level":"INFO","device":"200000000006","event":"SERVER_ACK","detail":"0x8001 Universal Reply Received"}
{"ts":"2026-04-05T23:18:16.996Z","level":"INFO","device":"868120100009","event":"RX_MSG","detail":"0x8001 bodyLen=5"}
{"ts":"2026-04-05T23:18:16.996Z","level":"INFO","device":"868120100009","event":"SERVER_ACK","detail":"0x0200 result=OK"}
{"ts":"2026-04-05T23:18:17.026Z","level":"INFO","device":"868120100007","event":"RX_MSG","detail":"0x8001 bodyLen=5"}
{"ts":"2026-04-05T23:18:17.026Z","level":"INFO","device":"868120100007","event":"SERVER_ACK","detail":"0x0800 result=OK"}
{"ts":"2026-04-05T23:18:17.026Z","level":"INFO","device":"868120100007","event":"RX_MSG","detail":"0x8001 bodyLen=5"}
{"ts":"2026-04-05T23:18:17.026Z","level":"INFO","device":"868120100007","event":"SERVER_ACK","detail":"0x0200 result=OK"}
{"ts":"2026-04-05T23:18:17.150Z","level":"INFO","device":"868120100008","event":"RX_MSG","detail":"0x8001 bodyLen=5"}
{"ts":"2026-04-05T23:18:17.151Z","level":"INFO","device":"868120100008","event":"SERVER_ACK","detail":"0x0800 result=OK"}
{"ts":"2026-04-05T23:18:17.151Z","level":"INFO","device":"868120100008","event":"RX_MSG","detail":"0x8001 bodyLen=5"}
{"ts":"2026-04-05T23:18:17.151Z","level":"INFO","device":"868120100008","event":"SERVER_ACK","detail":"0x0200 result=OK"}
{"ts":"2026-04-05T23:18:17.176Z","level":"INFO","device":"200000000009","event":"SERVER_ACK","detail":"0x8001 Universal Reply Received"}
{"ts":"2026-04-05T23:18:17.207Z","level":"INFO","device":"100000000010","event":"RX_MSG","detail":"0x8001 bodyLen=5"}
{"ts":"2026-04-05T23:18:17.207Z","level":"INFO","device":"100000000010","event":"SERVER_ACK","detail":"0x0200 result=OK"}
{"ts":"2026-04-05T23:18:17.291Z","level":"INFO","device":"200000000010","event":"SERVER_ACK","detail":"0x8001 Universal Reply Received"}
{"ts":"2026-04-05T23:18:17.307Z","level":"INFO","device":"868120100009","event":"RX_MSG","detail":"0x8001 bodyLen=5"}
{"ts":"2026-04-05T23:18:17.307Z","level":"INFO","device":"868120100009","event":"SERVER_ACK","detail":"0x0800 result=OK"}
{"ts":"2026-04-05T23:18:17.307Z","level":"INFO","device":"868120100009","event":"RX_MSG","detail":"0x8001 bodyLen=5"}
{"ts":"2026-04-05T23:18:17.307Z","level":"INFO","device":"868120100009","event":"SERVER_ACK","detail":"0x0200 result=OK"}
{"ts":"2026-04-05T23:18:17.556Z","level":"INFO","device":"100000000010","event":"RX_MSG","detail":"0x8001 bodyLen=5"}
{"ts":"2026-04-05T23:18:17.556Z","level":"INFO","device":"100000000010","event":"SERVER_ACK","detail":"0x0800 result=OK"}
{"ts":"2026-04-05T23:18:17.557Z","level":"INFO","device":"100000000010","event":"RX_MSG","detail":"0x8001 bodyLen=5"}
{"ts":"2026-04-05T23:18:17.557Z","level":"INFO","device":"100000000010","event":"SERVER_ACK","detail":"0x0200 result=OK"}
{"ts":"2026-04-05T23:18:30.038Z","level":"ERROR","device":"291078985963","event":"SOCKET_ERROR","detail":"ECONNREFUSED"}
{"ts":"2026-04-05T23:18:30.430Z","level":"INFO","device":"291078985963","event":"OBD2_SENT_0x0200","detail":"Lat: 51.724648, Lng: 0.496190 | Speed: 44km/h | RPM: 2572"}
{"ts":"2026-04-05T23:18:30.575Z","level":"INFO","device":"200000000002","event":"OBD2_SENT_0x0200","detail":"Lat: 51.728730, Lng: 0.494485 | Speed: 23km/h | RPM: 1733"}
{"ts":"2026-04-05T23:18:30.624Z","level":"INFO","device":"291078985963","event":"SERVER_ACK","detail":"0x8001 Universal Reply Received"}
{"ts":"2026-04-05T23:18:30.722Z","level":"INFO","device":"200000000003","event":"OBD2_SENT_0x0200","detail":"Lat: 51.724812, Lng: 0.496158 | Speed: 31km/h | RPM: 2044"}
{"ts":"2026-04-05T23:18:30.784Z","level":"INFO","device":"200000000002","event":"SERVER_ACK","detail":"0x8001 Universal Reply Received"}
{"ts":"2026-04-05T23:18:30.877Z","level":"INFO","device":"200000000004","event":"OBD2_SENT_0x0200","detail":"Lat: 51.723786, Lng: 0.496444 | Speed: 41km/h | RPM: 2459"}
{"ts":"2026-04-05T23:18:30.936Z","level":"INFO","device":"200000000003","event":"SERVER_ACK","detail":"0x8001 Universal Reply Received"}
{"ts":"2026-04-05T23:18:31.026Z","level":"INFO","device":"200000000005","event":"OBD2_SENT_0x0200","detail":"Lat: 51.722170, Lng: 0.497115 | Speed: 40km/h | RPM: 2413"}
{"ts":"2026-04-05T23:18:31.066Z","level":"INFO","device":"200000000004","event":"SERVER_ACK","detail":"0x8001 Universal Reply Received"}
{"ts":"2026-04-05T23:18:31.172Z","level":"INFO","device":"200000000006","event":"OBD2_SENT_0x0200","detail":"Lat: 51.717321, Lng: 0.502158 | Speed: 45km/h | RPM: 2581"}
{"ts":"2026-04-05T23:18:31.228Z","level":"INFO","device":"200000000005","event":"SERVER_ACK","detail":"0x8001 Universal Reply Received"}
{"ts":"2026-04-05T23:18:31.322Z","level":"INFO","device":"200000000007","event":"OBD2_SENT_0x0200","detail":"Lat: 51.721429, Lng: 0.497502 | Speed: 47km/h | RPM: 2683"}
{"ts":"2026-04-05T23:18:31.477Z","level":"INFO","device":"200000000008","event":"OBD2_SENT_0x0200","detail":"Lat: 51.719680, Lng: 0.498736 | Speed: 43km/h | RPM: 2534"}
{"ts":"2026-04-05T23:18:31.511Z","level":"INFO","device":"200000000007","event":"SERVER_ACK","detail":"0x8001 Universal Reply Received"}
{"ts":"2026-04-05T23:18:31.623Z","level":"INFO","device":"200000000009","event":"OBD2_SENT_0x0200","detail":"Lat: 51.724752, Lng: 0.496170 | Speed: 49km/h | RPM: 2745"}
{"ts":"2026-04-05T23:18:31.644Z","level":"INFO","device":"200000000006","event":"SERVER_ACK","detail":"0x8001 Universal Reply Received"}
{"ts":"2026-04-05T23:18:31.663Z","level":"INFO","device":"200000000008","event":"SERVER_ACK","detail":"0x8001 Universal Reply Received"}
{"ts":"2026-04-05T23:18:31.776Z","level":"INFO","device":"200000000010","event":"OBD2_SENT_0x0200","detail":"Lat: 51.725806, Lng: 0.495938 | Speed: 30km/h | RPM: 1986"}
{"ts":"2026-04-05T23:18:31.834Z","level":"INFO","device":"200000000009","event":"SERVER_ACK","detail":"0x8001 Universal Reply Received"}
{"ts":"2026-04-05T23:18:31.978Z","level":"INFO","device":"200000000010","event":"SERVER_ACK","detail":"0x8001 Universal Reply Received"}
{"ts":"2026-04-05T23:18:35.637Z","level":"INFO","device":"291078985963","event":"GPS_SENT","detail":""}
{"ts":"2026-04-05T23:18:35.767Z","level":"INFO","device":"868120100002","event":"GPS_SENT","detail":""}
{"ts":"2026-04-05T23:18:35.848Z","level":"INFO","device":"291078985963","event":"RX_MSG","detail":"0x8001 bodyLen=5"}
{"ts":"2026-04-05T23:18:35.848Z","level":"INFO","device":"291078985963","event":"SERVER_ACK","detail":"0x0200 result=OK"}
{"ts":"2026-04-05T23:18:35.925Z","level":"INFO","device":"868120100003","event":"GPS_SENT","detail":""}
{"ts":"2026-04-05T23:18:35.959Z","level":"INFO","device":"868120100002","event":"RX_MSG","detail":"0x8001 bodyLen=5"}
{"ts":"2026-04-05T23:18:35.959Z","level":"INFO","device":"868120100002","event":"SERVER_ACK","detail":"0x0200 result=OK"}
{"ts":"2026-04-05T23:18:36.075Z","level":"INFO","device":"868120100004","event":"GPS_SENT","detail":""}
{"ts":"2026-04-05T23:18:36.127Z","level":"INFO","device":"868120100003","event":"RX_MSG","detail":"0x8001 bodyLen=5"}
{"ts":"2026-04-05T23:18:36.127Z","level":"INFO","device":"868120100003","event":"SERVER_ACK","detail":"0x0200 result=OK"}
{"ts":"2026-04-05T23:18:36.215Z","level":"INFO","device":"868120100005","event":"GPS_SENT","detail":""}
{"ts":"2026-04-05T23:18:36.278Z","level":"INFO","device":"868120100004","event":"RX_MSG","detail":"0x8001 bodyLen=5"}
{"ts":"2026-04-05T23:18:36.278Z","level":"INFO","device":"868120100004","event":"SERVER_ACK","detail":"0x0200 result=OK"}
{"ts":"2026-04-05T23:18:36.378Z","level":"INFO","device":"868120100006","event":"GPS_SENT","detail":""}
{"ts":"2026-04-05T23:18:36.410Z","level":"INFO","device":"868120100005","event":"RX_MSG","detail":"0x8001 bodyLen=5"}
{"ts":"2026-04-05T23:18:36.410Z","level":"INFO","device":"868120100005","event":"SERVER_ACK","detail":"0x0200 result=OK"}
{"ts":"2026-04-05T23:18:36.511Z","level":"INFO","device":"868120100007","event":"GPS_SENT","detail":""}
{"ts":"2026-04-05T23:18:36.581Z","level":"INFO","device":"868120100006","event":"RX_MSG","detail":"0x8001 bodyLen=5"}
{"ts":"2026-04-05T23:18:36.581Z","level":"INFO","device":"868120100006","event":"SERVER_ACK","detail":"0x0200 result=OK"}
{"ts":"2026-04-05T23:18:36.661Z","level":"INFO","device":"868120100008","event":"GPS_SENT","detail":""}
{"ts":"2026-04-05T23:18:36.695Z","level":"INFO","device":"868120100007","event":"RX_MSG","detail":"0x8001 bodyLen=5"}
{"ts":"2026-04-05T23:18:36.695Z","level":"INFO","device":"868120100007","event":"SERVER_ACK","detail":"0x0200 result=OK"}
{"ts":"2026-04-05T23:18:36.812Z","level":"INFO","device":"868120100009","event":"GPS_SENT","detail":""}
{"ts":"2026-04-05T23:18:36.846Z","level":"INFO","device":"868120100008","event":"RX_MSG","detail":"0x8001 bodyLen=5"}
{"ts":"2026-04-05T23:18:36.846Z","level":"INFO","device":"868120100008","event":"SERVER_ACK","detail":"0x0200 result=OK"}
{"ts":"2026-04-05T23:18:36.993Z","level":"INFO","device":"100000000010","event":"GPS_SENT","detail":""}
{"ts":"2026-04-05T23:18:37.000Z","level":"INFO","device":"868120100009","event":"RX_MSG","detail":"0x8001 bodyLen=5"}
{"ts":"2026-04-05T23:18:37.000Z","level":"INFO","device":"868120100009","event":"SERVER_ACK","detail":"0x0200 result=OK"}
{"ts":"2026-04-05T23:18:37.211Z","level":"INFO","device":"100000000010","event":"RX_MSG","detail":"0x8001 bodyLen=5"}
{"ts":"2026-04-05T23:18:37.211Z","level":"INFO","device":"100000000010","event":"SERVER_ACK","detail":"0x0200 result=OK"}
{"ts":"2026-04-05T23:18:45.422Z","level":"INFO","device":"291078985963","event":"HEARTBEAT_SENT","detail":"0x0002"}
{"ts":"2026-04-05T23:18:45.430Z","level":"INFO","device":"291078985963","event":"OBD2_SENT_0x0200","detail":"Lat: 51.722829, Lng: 0.496808 | Speed: 49km/h | RPM: 2757"}
{"ts":"2026-04-05T23:18:45.574Z","level":"INFO","device":"200000000002","event":"HEARTBEAT_SENT","detail":"0x0002"}
{"ts":"2026-04-05T23:18:45.575Z","level":"INFO","device":"200000000002","event":"OBD2_SENT_0x0200","detail":"Lat: 51.727889, Lng: 0.495027 | Speed: 23km/h | RPM: 1738"}
{"ts":"2026-04-05T23:18:45.616Z","level":"INFO","device":"291078985963","event":"SERVER_ACK","detail":"0x8001 Universal Reply Received"}
{"ts":"2026-04-05T23:18:45.721Z","level":"INFO","device":"200000000003","event":"HEARTBEAT_SENT","detail":"0x0002"}
{"ts":"2026-04-05T23:18:45.722Z","level":"INFO","device":"200000000003","event":"OBD2_SENT_0x0200","detail":"Lat: 51.723680, Lng: 0.496476 | Speed: 30km/h | RPM: 2018"}
{"ts":"2026-04-05T23:18:45.778Z","level":"INFO","device":"200000000002","event":"SERVER_ACK","detail":"0x8001 Universal Reply Received"}
{"ts":"2026-04-05T23:18:45.872Z","level":"INFO","device":"200000000004","event":"HEARTBEAT_SENT","detail":"0x0002"}
{"ts":"2026-04-05T23:18:45.876Z","level":"INFO","device":"200000000004","event":"OBD2_SENT_0x0200","detail":"Lat: 51.722316, Lng: 0.497042 | Speed: 40km/h | RPM: 2396"}
{"ts":"2026-04-05T23:18:45.930Z","level":"INFO","device":"291078985963","event":"SERVER_ACK","detail":"0x8001 Universal Reply Received"}
{"ts":"2026-04-05T23:18:45.932Z","level":"INFO","device":"200000000003","event":"SERVER_ACK","detail":"0x8001 Universal Reply Received"}
{"ts":"2026-04-05T23:18:46.021Z","level":"INFO","device":"200000000005","event":"HEARTBEAT_SENT","detail":"0x0002"}
{"ts":"2026-04-05T23:18:46.026Z","level":"INFO","device":"200000000005","event":"OBD2_SENT_0x0200","detail":"Lat: 51.720795, Lng: 0.497883 | Speed: 38km/h | RPM: 2336"}
{"ts":"2026-04-05T23:18:46.056Z","level":"INFO","device":"200000000004","event":"SERVER_ACK","detail":"0x8001 Universal Reply Received"}
{"ts":"2026-04-05T23:18:46.095Z","level":"INFO","device":"200000000002","event":"SERVER_ACK","detail":"0x8001 Universal Reply Received"}
{"ts":"2026-04-05T23:18:46.171Z","level":"INFO","device":"200000000006","event":"HEARTBEAT_SENT","detail":"0x0002"}
{"ts":"2026-04-05T23:18:46.172Z","level":"INFO","device":"200000000006","event":"OBD2_SENT_0x0200","detail":"Lat: 51.716513, Lng: 0.504045 | Speed: 40km/h | RPM: 2403"}
{"ts":"2026-04-05T23:18:46.222Z","level":"INFO","device":"200000000005","event":"SERVER_ACK","detail":"0x8001 Universal Reply Received"}
{"ts":"2026-04-05T23:18:46.258Z","level":"INFO","device":"200000000003","event":"SERVER_ACK","detail":"0x8001 Universal Reply Received"}
{"ts":"2026-04-05T23:18:46.321Z","level":"INFO","device":"200000000007","event":"HEARTBEAT_SENT","detail":"0x0002"}
{"ts":"2026-04-05T23:18:46.323Z","level":"INFO","device":"200000000007","event":"OBD2_SENT_0x0200","detail":"Lat: 51.719610, Lng: 0.498792 | Speed: 52km/h | RPM: 2872"}
{"ts":"2026-04-05T23:18:46.356Z","level":"INFO","device":"200000000006","event":"SERVER_ACK","detail":"0x8001 Universal Reply Received"}
{"ts":"2026-04-05T23:18:46.372Z","level":"INFO","device":"200000000004","event":"SERVER_ACK","detail":"0x8001 Universal Reply Received"}
{"ts":"2026-04-05T23:18:46.471Z","level":"INFO","device":"200000000008","event":"HEARTBEAT_SENT","detail":"0x0002"}
{"ts":"2026-04-05T23:18:46.477Z","level":"INFO","device":"200000000008","event":"OBD2_SENT_0x0200","detail":"Lat: 51.718499, Lng: 0.500102 | Speed: 40km/h | RPM: 2386"}
{"ts":"2026-04-05T23:18:46.508Z","level":"INFO","device":"200000000007","event":"SERVER_ACK","detail":"0x8001 Universal Reply Received"}
{"ts":"2026-04-05T23:18:46.544Z","level":"INFO","device":"200000000005","event":"SERVER_ACK","detail":"0x8001 Universal Reply Received"}
{"ts":"2026-04-05T23:18:46.622Z","level":"INFO","device":"200000000009","event":"HEARTBEAT_SENT","detail":"0x0002"}
{"ts":"2026-04-05T23:18:46.623Z","level":"INFO","device":"200000000009","event":"OBD2_SENT_0x0200","detail":"Lat: 51.722943, Lng: 0.496763 | Speed: 49km/h | RPM: 2746"}
{"ts":"2026-04-05T23:18:46.660Z","level":"INFO","device":"200000000008","event":"SERVER_ACK","detail":"0x8001 Universal Reply Received"}
{"ts":"2026-04-05T23:18:46.683Z","level":"INFO","device":"200000000006","event":"SERVER_ACK","detail":"0x8001 Universal Reply Received"}
{"ts":"2026-04-05T23:18:46.771Z","level":"INFO","device":"200000000010","event":"HEARTBEAT_SENT","detail":"0x0002"}
{"ts":"2026-04-05T23:18:46.776Z","level":"INFO","device":"200000000010","event":"OBD2_SENT_0x0200","detail":"Lat: 51.724743, Lng: 0.496171 | Speed: 29km/h | RPM: 1955"}
{"ts":"2026-04-05T23:18:46.824Z","level":"INFO","device":"200000000007","event":"SERVER_ACK","detail":"0x8001 Universal Reply Received"}
{"ts":"2026-04-05T23:18:46.832Z","level":"INFO","device":"200000000009","event":"SERVER_ACK","detail":"0x8001 Universal Reply Received"}
{"ts":"2026-04-05T23:18:46.949Z","level":"INFO","device":"200000000008","event":"SERVER_ACK","detail":"0x8001 Universal Reply Received"}
{"ts":"2026-04-05T23:18:46.973Z","level":"INFO","device":"200000000010","event":"SERVER_ACK","detail":"0x8001 Universal Reply Received"}
{"ts":"2026-04-05T23:18:47.159Z","level":"INFO","device":"200000000009","event":"SERVER_ACK","detail":"0x8001 Universal Reply Received"}
{"ts":"2026-04-05T23:18:47.275Z","level":"INFO","device":"200000000010","event":"SERVER_ACK","detail":"0x8001 Universal Reply Received"}
{"ts":"2026-04-05T23:18:55.633Z","level":"INFO","device":"291078985963","event":"INCIDENT_SENT","detail":"mediaId=7 alarmId=29107898596300260405231855070200"}
{"ts":"2026-04-05T23:18:55.637Z","level":"INFO","device":"291078985963","event":"GPS_SENT","detail":""}
{"ts":"2026-04-05T23:18:55.765Z","level":"INFO","device":"868120100002","event":"INCIDENT_SENT","detail":"mediaId=7 alarmId=86812010000200260405231855070200"}
{"ts":"2026-04-05T23:18:55.768Z","level":"INFO","device":"868120100002","event":"GPS_SENT","detail":""}
{"ts":"2026-04-05T23:18:55.848Z","level":"INFO","device":"291078985963","event":"RX_MSG","detail":"0x8001 bodyLen=5"}
{"ts":"2026-04-05T23:18:55.848Z","level":"INFO","device":"291078985963","event":"SERVER_ACK","detail":"0x0200 result=OK"}
{"ts":"2026-04-05T23:18:55.925Z","level":"INFO","device":"868120100003","event":"INCIDENT_SENT","detail":"mediaId=7 alarmId=86812010000300260405231855070200"}
{"ts":"2026-04-05T23:18:55.925Z","level":"INFO","device":"868120100003","event":"GPS_SENT","detail":""}
{"ts":"2026-04-05T23:18:55.957Z","level":"INFO","device":"868120100002","event":"RX_MSG","detail":"0x8001 bodyLen=5"}
{"ts":"2026-04-05T23:18:55.958Z","level":"INFO","device":"868120100002","event":"SERVER_ACK","detail":"0x0200 result=OK"}
{"ts":"2026-04-05T23:18:56.072Z","level":"INFO","device":"868120100004","event":"INCIDENT_SENT","detail":"mediaId=7 alarmId=86812010000400260405231856070200"}
{"ts":"2026-04-05T23:18:56.076Z","level":"INFO","device":"868120100004","event":"GPS_SENT","detail":""}
{"ts":"2026-04-05T23:18:56.126Z","level":"INFO","device":"868120100003","event":"RX_MSG","detail":"0x8001 bodyLen=5"}
{"ts":"2026-04-05T23:18:56.127Z","level":"INFO","device":"868120100003","event":"SERVER_ACK","detail":"0x0200 result=OK"}
{"ts":"2026-04-05T23:18:56.179Z","level":"INFO","device":"291078985963","event":"RX_MSG","detail":"0x8001 bodyLen=5"}
{"ts":"2026-04-05T23:18:56.180Z","level":"INFO","device":"291078985963","event":"SERVER_ACK","detail":"0x0800 result=OK"}
{"ts":"2026-04-05T23:18:56.180Z","level":"INFO","device":"291078985963","event":"RX_MSG","detail":"0x8001 bodyLen=5"}
{"ts":"2026-04-05T23:18:56.180Z","level":"INFO","device":"291078985963","event":"SERVER_ACK","detail":"0x0200 result=OK"}
{"ts":"2026-04-05T23:18:56.214Z","level":"INFO","device":"868120100005","event":"INCIDENT_SENT","detail":"mediaId=7 alarmId=86812010000500260405231856070200"}
{"ts":"2026-04-05T23:18:56.217Z","level":"INFO","device":"868120100005","event":"GPS_SENT","detail":""}
{"ts":"2026-04-05T23:18:56.273Z","level":"INFO","device":"868120100004","event":"RX_MSG","detail":"0x8001 bodyLen=5"}
{"ts":"2026-04-05T23:18:56.274Z","level":"INFO","device":"868120100004","event":"SERVER_ACK","detail":"0x0200 result=OK"}
{"ts":"2026-04-05T23:18:56.288Z","level":"INFO","device":"868120100002","event":"RX_MSG","detail":"0x8001 bodyLen=5"}
{"ts":"2026-04-05T23:18:56.289Z","level":"INFO","device":"868120100002","event":"SERVER_ACK","detail":"0x0800 result=OK"}
{"ts":"2026-04-05T23:18:56.289Z","level":"INFO","device":"868120100002","event":"RX_MSG","detail":"0x8001 bodyLen=5"}
{"ts":"2026-04-05T23:18:56.289Z","level":"INFO","device":"868120100002","event":"SERVER_ACK","detail":"0x0200 result=OK"}
{"ts":"2026-04-05T23:18:56.373Z","level":"INFO","device":"868120100006","event":"INCIDENT_SENT","detail":"mediaId=7 alarmId=86812010000600260405231856070200"}
{"ts":"2026-04-05T23:18:56.378Z","level":"INFO","device":"868120100006","event":"GPS_SENT","detail":""}
{"ts":"2026-04-05T23:18:56.408Z","level":"INFO","device":"868120100005","event":"RX_MSG","detail":"0x8001 bodyLen=5"}
{"ts":"2026-04-05T23:18:56.408Z","level":"INFO","device":"868120100005","event":"SERVER_ACK","detail":"0x0200 result=OK"}
{"ts":"2026-04-05T23:18:56.453Z","level":"INFO","device":"868120100003","event":"RX_MSG","detail":"0x8001 bodyLen=5"}
{"ts":"2026-04-05T23:18:56.453Z","level":"INFO","device":"868120100003","event":"SERVER_ACK","detail":"0x0800 result=OK"}
{"ts":"2026-04-05T23:18:56.453Z","level":"INFO","device":"868120100003","event":"RX_MSG","detail":"0x8001 bodyLen=5"}
{"ts":"2026-04-05T23:18:56.453Z","level":"INFO","device":"868120100003","event":"SERVER_ACK","detail":"0x0200 result=OK"}
{"ts":"2026-04-05T23:18:56.508Z","level":"INFO","device":"868120100007","event":"INCIDENT_SENT","detail":"mediaId=7 alarmId=86812010000700260405231856070200"}
{"ts":"2026-04-05T23:18:56.511Z","level":"INFO","device":"868120100007","event":"GPS_SENT","detail":""}
{"ts":"2026-04-05T23:18:56.576Z","level":"INFO","device":"868120100006","event":"RX_MSG","detail":"0x8001 bodyLen=5"}
{"ts":"2026-04-05T23:18:56.576Z","level":"INFO","device":"868120100006","event":"SERVER_ACK","detail":"0x0200 result=OK"}
{"ts":"2026-04-05T23:18:56.608Z","level":"INFO","device":"868120100004","event":"RX_MSG","detail":"0x8001 bodyLen=5"}
{"ts":"2026-04-05T23:18:56.608Z","level":"INFO","device":"868120100004","event":"SERVER_ACK","detail":"0x0800 result=OK"}
{"ts":"2026-04-05T23:18:56.608Z","level":"INFO","device":"868120100004","event":"RX_MSG","detail":"0x8001 bodyLen=5"}
{"ts":"2026-04-05T23:18:56.608Z","level":"INFO","device":"868120100004","event":"SERVER_ACK","detail":"0x0200 result=OK"}
{"ts":"2026-04-05T23:18:56.655Z","level":"INFO","device":"868120100008","event":"INCIDENT_SENT","detail":"mediaId=7 alarmId=86812010000800260405231856070200"}
{"ts":"2026-04-05T23:18:56.661Z","level":"INFO","device":"868120100008","event":"GPS_SENT","detail":""}
{"ts":"2026-04-05T23:18:56.725Z","level":"INFO","device":"868120100005","event":"RX_MSG","detail":"0x8001 bodyLen=5"}
{"ts":"2026-04-05T23:18:56.725Z","level":"INFO","device":"868120100005","event":"SERVER_ACK","detail":"0x0800 result=OK"}
{"ts":"2026-04-05T23:18:56.725Z","level":"INFO","device":"868120100005","event":"RX_MSG","detail":"0x8001 bodyLen=5"}
{"ts":"2026-04-05T23:18:56.725Z","level":"INFO","device":"868120100005","event":"SERVER_ACK","detail":"0x0200 result=OK"}
{"ts":"2026-04-05T23:18:56.751Z","level":"INFO","device":"868120100007","event":"RX_MSG","detail":"0x8001 bodyLen=5"}
{"ts":"2026-04-05T23:18:56.752Z","level":"INFO","device":"868120100007","event":"SERVER_ACK","detail":"0x0200 result=OK"}
{"ts":"2026-04-05T23:18:56.810Z","level":"INFO","device":"868120100009","event":"INCIDENT_SENT","detail":"mediaId=7 alarmId=86812010000900260405231856070200"}
{"ts":"2026-04-05T23:18:56.812Z","level":"INFO","device":"868120100009","event":"GPS_SENT","detail":""}
{"ts":"2026-04-05T23:18:56.919Z","level":"INFO","device":"868120100006","event":"RX_MSG","detail":"0x8001 bodyLen=5"}
{"ts":"2026-04-05T23:18:56.919Z","level":"INFO","device":"868120100006","event":"SERVER_ACK","detail":"0x0800 result=OK"}
{"ts":"2026-04-05T23:18:56.919Z","level":"INFO","device":"868120100006","event":"RX_MSG","detail":"0x8001 bodyLen=5"}
{"ts":"2026-04-05T23:18:56.919Z","level":"INFO","device":"868120100006","event":"SERVER_ACK","detail":"0x0200 result=OK"}
{"ts":"2026-04-05T23:18:56.929Z","level":"INFO","device":"868120100008","event":"RX_MSG","detail":"0x8001 bodyLen=5"}
{"ts":"2026-04-05T23:18:56.930Z","level":"INFO","device":"868120100008","event":"SERVER_ACK","detail":"0x0200 result=OK"}
{"ts":"2026-04-05T23:18:56.991Z","level":"INFO","device":"100000000010","event":"INCIDENT_SENT","detail":"mediaId=7 alarmId=10000000001000260405231856070200"}
{"ts":"2026-04-05T23:18:56.992Z","level":"INFO","device":"100000000010","event":"GPS_SENT","detail":""}
{"ts":"2026-04-05T23:18:56.996Z","level":"INFO","device":"868120100009","event":"RX_MSG","detail":"0x8001 bodyLen=5"}
{"ts":"2026-04-05T23:18:56.998Z","level":"INFO","device":"868120100009","event":"SERVER_ACK","detail":"0x0200 result=OK"}
{"ts":"2026-04-05T23:18:57.056Z","level":"INFO","device":"868120100007","event":"RX_MSG","detail":"0x8001 bodyLen=5"}
{"ts":"2026-04-05T23:18:57.056Z","level":"INFO","device":"868120100007","event":"SERVER_ACK","detail":"0x0800 result=OK"}
{"ts":"2026-04-05T23:18:57.056Z","level":"INFO","device":"868120100007","event":"RX_MSG","detail":"0x8001 bodyLen=5"}
{"ts":"2026-04-05T23:18:57.057Z","level":"INFO","device":"868120100007","event":"SERVER_ACK","detail":"0x0200 result=OK"}
{"ts":"2026-04-05T23:18:57.208Z","level":"INFO","device":"100000000010","event":"RX_MSG","detail":"0x8001 bodyLen=5"}
{"ts":"2026-04-05T23:18:57.208Z","level":"INFO","device":"100000000010","event":"SERVER_ACK","detail":"0x0200 result=OK"}
{"ts":"2026-04-05T23:18:57.242Z","level":"INFO","device":"868120100008","event":"RX_MSG","detail":"0x8001 bodyLen=5"}
{"ts":"2026-04-05T23:18:57.243Z","level":"INFO","device":"868120100008","event":"SERVER_ACK","detail":"0x0800 result=OK"}
{"ts":"2026-04-05T23:18:57.243Z","level":"INFO","device":"868120100008","event":"RX_MSG","detail":"0x8001 bodyLen=5"}
{"ts":"2026-04-05T23:18:57.243Z","level":"INFO","device":"868120100008","event":"SERVER_ACK","detail":"0x0200 result=OK"}
{"ts":"2026-04-05T23:18:57.306Z","level":"INFO","device":"868120100009","event":"RX_MSG","detail":"0x8001 bodyLen=5"}
{"ts":"2026-04-05T23:18:57.308Z","level":"INFO","device":"868120100009","event":"SERVER_ACK","detail":"0x0800 result=OK"}
{"ts":"2026-04-05T23:18:57.309Z","level":"INFO","device":"868120100009","event":"RX_MSG","detail":"0x8001 bodyLen=5"}
{"ts":"2026-04-05T23:18:57.310Z","level":"INFO","device":"868120100009","event":"SERVER_ACK","detail":"0x0200 result=OK"}
{"ts":"2026-04-05T23:18:57.555Z","level":"INFO","device":"100000000010","event":"RX_MSG","detail":"0x8001 bodyLen=5"}
{"ts":"2026-04-05T23:18:57.555Z","level":"INFO","device":"100000000010","event":"SERVER_ACK","detail":"0x0800 result=OK"}
{"ts":"2026-04-05T23:18:57.555Z","level":"INFO","device":"100000000010","event":"RX_MSG","detail":"0x8001 bodyLen=5"}
{"ts":"2026-04-05T23:18:57.555Z","level":"INFO","device":"100000000010","event":"SERVER_ACK","detail":"0x0200 result=OK"}
{"ts":"2026-04-05T23:19:00.430Z","level":"INFO","device":"291078985963","event":"OBD2_SENT_0x0200","detail":"Lat: 51.721211, Lng: 0.497633 | Speed: 44km/h | RPM: 2580"}
{"ts":"2026-04-05T23:19:00.575Z","level":"INFO","device":"200000000002","event":"OBD2_SENT_0x0200","detail":"Lat: 51.727220, Lng: 0.495390 | Speed: 19km/h | RPM: 1562"}
{"ts":"2026-04-05T23:19:00.627Z","level":"INFO","device":"291078985963","event":"SERVER_ACK","detail":"0x8001 Universal Reply Received"}
{"ts":"2026-04-05T23:19:00.722Z","level":"INFO","device":"200000000003","event":"OBD2_SENT_0x0200","detail":"Lat: 51.722393, Lng: 0.497003 | Speed: 35km/h | RPM: 2197"}
{"ts":"2026-04-05T23:19:00.782Z","level":"INFO","device":"200000000002","event":"SERVER_ACK","detail":"0x8001 Universal Reply Received"}
{"ts":"2026-04-05T23:19:00.877Z","level":"INFO","device":"200000000004","event":"OBD2_SENT_0x0200","detail":"Lat: 51.720934, Lng: 0.497799 | Speed: 39km/h | RPM: 2344"}
{"ts":"2026-04-05T23:19:00.937Z","level":"INFO","device":"200000000003","event":"SERVER_ACK","detail":"0x8001 Universal Reply Received"}
{"ts":"2026-04-05T23:19:01.026Z","level":"INFO","device":"200000000005","event":"OBD2_SENT_0x0200","detail":"Lat: 51.719331, Lng: 0.499099 | Speed: 43km/h | RPM: 2502"}
{"ts":"2026-04-05T23:19:01.068Z","level":"INFO","device":"200000000004","event":"SERVER_ACK","detail":"0x8001 Universal Reply Received"}
{"ts":"2026-04-05T23:19:01.173Z","level":"INFO","device":"200000000006","event":"OBD2_SENT_0x0200","detail":"Lat: 51.715867, Lng: 0.506014 | Speed: 38km/h | RPM: 2303"}
{"ts":"2026-04-05T23:19:01.229Z","level":"INFO","device":"200000000005","event":"SERVER_ACK","detail":"0x8001 Universal Reply Received"}
{"ts":"2026-04-05T23:19:01.324Z","level":"INFO","device":"200000000007","event":"OBD2_SENT_0x0200","detail":"Lat: 51.718039, Lng: 0.500791 | Speed: 55km/h | RPM: 2987"}
{"ts":"2026-04-05T23:19:01.477Z","level":"INFO","device":"200000000008","event":"OBD2_SENT_0x0200","detail":"Lat: 51.717471, Lng: 0.501859 | Speed: 40km/h | RPM: 2387"}
{"ts":"2026-04-05T23:19:01.511Z","level":"INFO","device":"200000000007","event":"SERVER_ACK","detail":"0x8001 Universal Reply Received"}
{"ts":"2026-04-05T23:19:01.624Z","level":"INFO","device":"200000000009","event":"OBD2_SENT_0x0200","detail":"Lat: 51.721263, Lng: 0.497602 | Speed: 46km/h | RPM: 2647"}
{"ts":"2026-04-05T23:19:01.661Z","level":"INFO","device":"200000000006","event":"SERVER_ACK","detail":"0x8001 Universal Reply Received"}
{"ts":"2026-04-05T23:19:01.664Z","level":"INFO","device":"200000000008","event":"SERVER_ACK","detail":"0x8001 Universal Reply Received"}
{"ts":"2026-04-05T23:19:01.776Z","level":"INFO","device":"200000000010","event":"OBD2_SENT_0x0200","detail":"Lat: 51.723829, Lng: 0.496431 | Speed: 25km/h | RPM: 1783"}
{"ts":"2026-04-05T23:19:01.834Z","level":"INFO","device":"200000000009","event":"SERVER_ACK","detail":"0x8001 Universal Reply Received"}
{"ts":"2026-04-05T23:19:01.980Z","level":"INFO","device":"200000000010","event":"SERVER_ACK","detail":"0x8001 Universal Reply Received"}
{"ts":"2026-04-05T23:19:15.423Z","level":"INFO","device":"291078985963","event":"HEARTBEAT_SENT","detail":"0x0002"}
{"ts":"2026-04-05T23:19:15.430Z","level":"INFO","device":"291078985963","event":"OBD2_SENT_0x0200","detail":"Lat: 51.719505, Lng: 0.498905 | Speed: 49km/h | RPM: 2754"}
{"ts":"2026-04-05T23:19:15.575Z","level":"INFO","device":"200000000002","event":"HEARTBEAT_SENT","detail":"0x0002"}
{"ts":"2026-04-05T23:19:15.576Z","level":"INFO","device":"200000000002","event":"OBD2_SENT_0x0200","detail":"Lat: 51.726472, Lng: 0.495738 | Speed: 21km/h | RPM: 1636"}
{"ts":"2026-04-05T23:19:15.618Z","level":"INFO","device":"291078985963","event":"SERVER_ACK","detail":"0x8001 Universal Reply Received"}
{"ts":"2026-04-05T23:19:15.624Z","level":"ERROR","device":"291078985963","event":"SOCKET_ERROR","detail":"ECONNREFUSED"}
{"ts":"2026-04-05T23:19:15.638Z","level":"INFO","device":"291078985963","event":"GPS_SENT","detail":""}
{"ts":"2026-04-05T23:19:15.721Z","level":"INFO","device":"200000000003","event":"HEARTBEAT_SENT","detail":"0x0002"}
{"ts":"2026-04-05T23:19:15.721Z","level":"INFO","device":"200000000003","event":"OBD2_SENT_0x0200","detail":"Lat: 51.721042, Lng: 0.497735 | Speed: 38km/h | RPM: 2310"}
{"ts":"2026-04-05T23:19:15.768Z","level":"INFO","device":"868120100002","event":"GPS_SENT","detail":""}
{"ts":"2026-04-05T23:19:15.780Z","level":"ERROR","device":"300000000002","event":"SOCKET_ERROR","detail":"ECONNREFUSED"}
{"ts":"2026-04-05T23:19:15.780Z","level":"INFO","device":"200000000002","event":"SERVER_ACK","detail":"0x8001 Universal Reply Received"}
{"ts":"2026-04-05T23:19:15.850Z","level":"INFO","device":"291078985963","event":"RX_MSG","detail":"0x8001 bodyLen=5"}
{"ts":"2026-04-05T23:19:15.850Z","level":"INFO","device":"291078985963","event":"SERVER_ACK","detail":"0x0200 result=OK"}
{"ts":"2026-04-05T23:19:15.872Z","level":"INFO","device":"200000000004","event":"HEARTBEAT_SENT","detail":"0x0002"}
{"ts":"2026-04-05T23:19:15.877Z","level":"INFO","device":"200000000004","event":"OBD2_SENT_0x0200","detail":"Lat: 51.719517, Lng: 0.498892 | Speed: 41km/h | RPM: 2424"}
{"ts":"2026-04-05T23:19:15.903Z","level":"ERROR","device":"300000000003","event":"SOCKET_ERROR","detail":"ECONNREFUSED"}
{"ts":"2026-04-05T23:19:15.925Z","level":"INFO","device":"868120100003","event":"GPS_SENT","detail":""}
{"ts":"2026-04-05T23:19:15.932Z","level":"INFO","device":"200000000003","event":"SERVER_ACK","detail":"0x8001 Universal Reply Received"}
{"ts":"2026-04-05T23:19:15.944Z","level":"INFO","device":"291078985963","event":"SERVER_ACK","detail":"0x8001 Universal Reply Received"}
{"ts":"2026-04-05T23:19:15.961Z","level":"INFO","device":"868120100002","event":"RX_MSG","detail":"0x8001 bodyLen=5"}
{"ts":"2026-04-05T23:19:15.961Z","level":"INFO","device":"868120100002","event":"SERVER_ACK","detail":"0x0200 result=OK"}
{"ts":"2026-04-05T23:19:16.021Z","level":"INFO","device":"200000000005","event":"HEARTBEAT_SENT","detail":"0x0002"}
{"ts":"2026-04-05T23:19:16.027Z","level":"INFO","device":"200000000005","event":"OBD2_SENT_0x0200","detail":"Lat: 51.718180, Lng: 0.500580 | Speed: 39km/h | RPM: 2375"}
{"ts":"2026-04-05T23:19:16.056Z","level":"INFO","device":"200000000004","event":"SERVER_ACK","detail":"0x8001 Universal Reply Received"}
{"ts":"2026-04-05T23:19:16.070Z","level":"ERROR","device":"300000000004","event":"SOCKET_ERROR","detail":"ECONNREFUSED"}
{"ts":"2026-04-05T23:19:16.074Z","level":"INFO","device":"868120100004","event":"GPS_SENT","detail":""}
{"ts":"2026-04-05T23:19:16.109Z","level":"INFO","device":"200000000002","event":"SERVER_ACK","detail":"0x8001 Universal Reply Received"}
{"ts":"2026-04-05T23:19:16.127Z","level":"INFO","device":"868120100003","event":"RX_MSG","detail":"0x8001 bodyLen=5"}
{"ts":"2026-04-05T23:19:16.127Z","level":"INFO","device":"868120100003","event":"SERVER_ACK","detail":"0x0200 result=OK"}
{"ts":"2026-04-05T23:19:16.171Z","level":"INFO","device":"200000000006","event":"HEARTBEAT_SENT","detail":"0x0002"}
{"ts":"2026-04-05T23:19:16.173Z","level":"INFO","device":"200000000006","event":"OBD2_SENT_0x0200","detail":"Lat: 51.715256, Lng: 0.508205 | Speed: 40km/h | RPM: 2395"}
{"ts":"2026-04-05T23:19:16.203Z","level":"ERROR","device":"300000000005","event":"SOCKET_ERROR","detail":"ECONNREFUSED"}
{"ts":"2026-04-05T23:19:16.218Z","level":"INFO","device":"868120100005","event":"GPS_SENT","detail":""}
{"ts":"2026-04-05T23:19:16.222Z","level":"INFO","device":"200000000005","event":"SERVER_ACK","detail":"0x8001 Universal Reply Received"}
{"ts":"2026-04-05T23:19:16.273Z","level":"INFO","device":"200000000003","event":"SERVER_ACK","detail":"0x8001 Universal Reply Received"}
{"ts":"2026-04-05T23:19:16.275Z","level":"INFO","device":"868120100004","event":"RX_MSG","detail":"0x8001 bodyLen=5"}
{"ts":"2026-04-05T23:19:16.275Z","level":"INFO","device":"868120100004","event":"SERVER_ACK","detail":"0x0200 result=OK"}
{"ts":"2026-04-05T23:19:16.322Z","level":"INFO","device":"200000000007","event":"HEARTBEAT_SENT","detail":"0x0002"}
{"ts":"2026-04-05T23:19:16.324Z","level":"INFO","device":"200000000007","event":"OBD2_SENT_0x0200","detail":"Lat: 51.716726, Lng: 0.503505 | Speed: 57km/h | RPM: 3089"}
{"ts":"2026-04-05T23:19:16.356Z","level":"INFO","device":"200000000006","event":"SERVER_ACK","detail":"0x8001 Universal Reply Received"}
{"ts":"2026-04-05T23:19:16.371Z","level":"ERROR","device":"300000000006","event":"SOCKET_ERROR","detail":"ECONNREFUSED"}
{"ts":"2026-04-05T23:19:16.374Z","level":"INFO","device":"200000000004","event":"SERVER_ACK","detail":"0x8001 Universal Reply Received"}
{"ts":"2026-04-05T23:19:16.378Z","level":"INFO","device":"868120100006","event":"GPS_SENT","detail":""}
{"ts":"2026-04-05T23:19:16.412Z","level":"INFO","device":"868120100005","event":"RX_MSG","detail":"0x8001 bodyLen=5"}
{"ts":"2026-04-05T23:19:16.412Z","level":"INFO","device":"868120100005","event":"SERVER_ACK","detail":"0x0200 result=OK"}
{"ts":"2026-04-05T23:19:16.472Z","level":"INFO","device":"200000000008","event":"HEARTBEAT_SENT","detail":"0x0002"}
{"ts":"2026-04-05T23:19:16.477Z","level":"INFO","device":"200000000008","event":"OBD2_SENT_0x0200","detail":"Lat: 51.716579, Lng: 0.503859 | Speed: 43km/h | RPM: 2500"}
{"ts":"2026-04-05T23:19:16.504Z","level":"ERROR","device":"300000000007","event":"SOCKET_ERROR","detail":"ECONNREFUSED"}
{"ts":"2026-04-05T23:19:16.509Z","level":"INFO","device":"200000000007","event":"SERVER_ACK","detail":"0x8001 Universal Reply Received"}
{"ts":"2026-04-05T23:19:16.511Z","level":"INFO","device":"868120100007","event":"GPS_SENT","detail":""}
{"ts":"2026-04-05T23:19:16.546Z","level":"INFO","device":"200000000005","event":"SERVER_ACK","detail":"0x8001 Universal Reply Received"}
{"ts":"2026-04-05T23:19:16.580Z","level":"INFO","device":"868120100006","event":"RX_MSG","detail":"0x8001 bodyLen=5"}
{"ts":"2026-04-05T23:19:16.580Z","level":"INFO","device":"868120100006","event":"SERVER_ACK","detail":"0x0200 result=OK"}
{"ts":"2026-04-05T23:19:16.622Z","level":"INFO","device":"200000000009","event":"HEARTBEAT_SENT","detail":"0x0002"}
{"ts":"2026-04-05T23:19:16.624Z","level":"INFO","device":"200000000009","event":"OBD2_SENT_0x0200","detail":"Lat: 51.719727, Lng: 0.498699 | Speed: 44km/h | RPM: 2550"}
{"ts":"2026-04-05T23:19:16.660Z","level":"INFO","device":"200000000008","event":"SERVER_ACK","detail":"0x8001 Universal Reply Received"}
{"ts":"2026-04-05T23:19:16.661Z","level":"INFO","device":"868120100008","event":"GPS_SENT","detail":""}
{"ts":"2026-04-05T23:19:16.664Z","level":"ERROR","device":"300000000008","event":"SOCKET_ERROR","detail":"ECONNREFUSED"}
{"ts":"2026-04-05T23:19:16.685Z","level":"INFO","device":"200000000006","event":"SERVER_ACK","detail":"0x8001 Universal Reply Received"}
{"ts":"2026-04-05T23:19:16.695Z","level":"INFO","device":"868120100007","event":"RX_MSG","detail":"0x8001 bodyLen=5"}
{"ts":"2026-04-05T23:19:16.696Z","level":"INFO","device":"868120100007","event":"SERVER_ACK","detail":"0x0200 result=OK"}
{"ts":"2026-04-05T23:19:16.770Z","level":"INFO","device":"200000000010","event":"HEARTBEAT_SENT","detail":"0x0002"}
{"ts":"2026-04-05T23:19:16.776Z","level":"INFO","device":"200000000010","event":"OBD2_SENT_0x0200","detail":"Lat: 51.722999, Lng: 0.496740 | Speed: 23km/h | RPM: 1700"}
{"ts":"2026-04-05T23:19:16.807Z","level":"INFO","device":"200000000007","event":"SERVER_ACK","detail":"0x8001 Universal Reply Received"}
{"ts":"2026-04-05T23:19:16.812Z","level":"INFO","device":"868120100009","event":"GPS_SENT","detail":""}
{"ts":"2026-04-05T23:19:16.824Z","level":"ERROR","device":"300000000009","event":"SOCKET_ERROR","detail":"ECONNREFUSED"}
{"ts":"2026-04-05T23:19:16.834Z","level":"INFO","device":"200000000009","event":"SERVER_ACK","detail":"0x8001 Universal Reply Received"}
{"ts":"2026-04-05T23:19:16.845Z","level":"INFO","device":"868120100008","event":"RX_MSG","detail":"0x8001 bodyLen=5"}
{"ts":"2026-04-05T23:19:16.845Z","level":"INFO","device":"868120100008","event":"SERVER_ACK","detail":"0x0200 result=OK"}
{"ts":"2026-04-05T23:19:16.963Z","level":"ERROR","device":"300000000010","event":"SOCKET_ERROR","detail":"ECONNREFUSED"}
{"ts":"2026-04-05T23:19:16.964Z","level":"INFO","device":"200000000008","event":"SERVER_ACK","detail":"0x8001 Universal Reply Received"}
{"ts":"2026-04-05T23:19:16.973Z","level":"INFO","device":"200000000010","event":"SERVER_ACK","detail":"0x8001 Universal Reply Received"}
{"ts":"2026-04-05T23:19:16.993Z","level":"INFO","device":"100000000010","event":"GPS_SENT","detail":""}
{"ts":"2026-04-05T23:19:16.998Z","level":"INFO","device":"868120100009","event":"RX_MSG","detail":"0x8001 bodyLen=5"}
{"ts":"2026-04-05T23:19:16.998Z","level":"INFO","device":"868120100009","event":"SERVER_ACK","detail":"0x0200 result=OK"}
{"ts":"2026-04-05T23:19:17.174Z","level":"INFO","device":"200000000009","event":"SERVER_ACK","detail":"0x8001 Universal Reply Received"}
{"ts":"2026-04-05T23:19:17.210Z","level":"INFO","device":"100000000010","event":"RX_MSG","detail":"0x8001 bodyLen=5"}
{"ts":"2026-04-05T23:19:17.211Z","level":"INFO","device":"100000000010","event":"SERVER_ACK","detail":"0x0200 result=OK"}
{"ts":"2026-04-05T23:19:17.290Z","level":"INFO","device":"200000000010","event":"SERVER_ACK","detail":"0x8001 Universal Reply Received"}
{"ts":"2026-04-05T23:19:20.061Z","level":"INFO","device":"868120100006","event":"LIVE_STREAM_CLOSED","detail":"Stream ended."}
{"ts":"2026-04-05T23:19:20.063Z","level":"INFO","device":"868120100006","event":"RECONNECTING","detail":"attempt 1, backoff 1212ms"}
{"ts":"2026-04-05T23:19:20.063Z","level":"INFO","device":"868120100009","event":"RECONNECTING","detail":"attempt 1, backoff 1041ms"}
{"ts":"2026-04-05T23:19:20.064Z","level":"INFO","device":"868120100003","event":"RECONNECTING","detail":"attempt 1, backoff 1295ms"}
{"ts":"2026-04-05T23:19:20.064Z","level":"INFO","device":"868120100004","event":"RECONNECTING","detail":"attempt 1, backoff 1184ms"}
{"ts":"2026-04-05T23:19:20.064Z","level":"INFO","device":"868120100008","event":"RECONNECTING","detail":"attempt 1, backoff 1648ms"}
{"ts":"2026-04-05T23:19:20.064Z","level":"INFO","device":"868120100007","event":"RECONNECTING","detail":"attempt 1, backoff 1621ms"}
{"ts":"2026-04-05T23:19:20.071Z","level":"INFO","device":"868120100002","event":"RECONNECTING","detail":"attempt 1, backoff 1416ms"}
{"ts":"2026-04-05T23:19:20.073Z","level":"INFO","device":"291078985963","event":"RECONNECTING","detail":"attempt 1, backoff 1015ms"}
{"ts":"2026-04-05T23:19:20.074Z","level":"INFO","device":"868120100005","event":"RECONNECTING","detail":"attempt 1, backoff 1097ms"}
{"ts":"2026-04-05T23:19:20.074Z","level":"INFO","device":"100000000010","event":"RECONNECTING","detail":"attempt 1, backoff 1573ms"}
{"ts":"2026-04-05T23:19:21.290Z","level":"INFO","device":"291078985963","event":"CONNECTED","detail":"id:291078985963"}
{"ts":"2026-04-05T23:19:21.315Z","level":"INFO","device":"868120100009","event":"CONNECTED","detail":"id:868120100009"}
{"ts":"2026-04-05T23:19:21.374Z","level":"INFO","device":"868120100005","event":"CONNECTED","detail":"id:868120100005"}
{"ts":"2026-04-05T23:19:21.431Z","level":"INFO","device":"868120100004","event":"CONNECTED","detail":"id:868120100004"}
{"ts":"2026-04-05T23:19:21.479Z","level":"INFO","device":"868120100006","event":"CONNECTED","detail":"id:868120100006"}
{"ts":"2026-04-05T23:19:21.507Z","level":"INFO","device":"291078985963","event":"RX_MSG","detail":"0x8001 bodyLen=5"}
{"ts":"2026-04-05T23:19:21.507Z","level":"INFO","device":"291078985963","event":"SERVER_ACK","detail":"0x0102 result=OK"}
{"ts":"2026-04-05T23:19:21.543Z","level":"INFO","device":"868120100009","event":"RX_MSG","detail":"0x8001 bodyLen=5"}
{"ts":"2026-04-05T23:19:21.543Z","level":"INFO","device":"868120100009","event":"SERVER_ACK","detail":"0x0102 result=OK"}
{"ts":"2026-04-05T23:19:21.562Z","level":"INFO","device":"868120100003","event":"CONNECTED","detail":"id:868120100003"}
{"ts":"2026-04-05T23:19:21.582Z","level":"INFO","device":"868120100005","event":"RX_MSG","detail":"0x8001 bodyLen=5"}
{"ts":"2026-04-05T23:19:21.582Z","level":"INFO","device":"868120100005","event":"SERVER_ACK","detail":"0x0102 result=OK"}
{"ts":"2026-04-05T23:19:21.621Z","level":"INFO","device":"868120100004","event":"RX_MSG","detail":"0x8001 bodyLen=5"}
{"ts":"2026-04-05T23:19:21.621Z","level":"INFO","device":"868120100004","event":"SERVER_ACK","detail":"0x0102 result=OK"}
{"ts":"2026-04-05T23:19:21.687Z","level":"INFO","device":"868120100006","event":"RX_MSG","detail":"0x8001 bodyLen=5"}
{"ts":"2026-04-05T23:19:21.688Z","level":"INFO","device":"868120100006","event":"SERVER_ACK","detail":"0x0102 result=OK"}
{"ts":"2026-04-05T23:19:21.697Z","level":"INFO","device":"868120100002","event":"CONNECTED","detail":"id:868120100002"}
{"ts":"2026-04-05T23:19:21.770Z","level":"INFO","device":"868120100003","event":"RX_MSG","detail":"0x8001 bodyLen=5"}
{"ts":"2026-04-05T23:19:21.770Z","level":"INFO","device":"868120100003","event":"SERVER_ACK","detail":"0x0102 result=OK"}
{"ts":"2026-04-05T23:19:21.842Z","level":"INFO","device":"100000000010","event":"CONNECTED","detail":"id:100000000010"}
{"ts":"2026-04-05T23:19:21.889Z","level":"INFO","device":"868120100007","event":"CONNECTED","detail":"id:868120100007"}
{"ts":"2026-04-05T23:19:21.910Z","level":"INFO","device":"868120100002","event":"RX_MSG","detail":"0x8001 bodyLen=5"}
{"ts":"2026-04-05T23:19:21.910Z","level":"INFO","device":"868120100002","event":"SERVER_ACK","detail":"0x0102 result=OK"}
{"ts":"2026-04-05T23:19:21.914Z","level":"INFO","device":"868120100008","event":"CONNECTED","detail":"id:868120100008"}
{"ts":"2026-04-05T23:19:22.041Z","level":"INFO","device":"100000000010","event":"RX_MSG","detail":"0x8001 bodyLen=5"}
{"ts":"2026-04-05T23:19:22.042Z","level":"INFO","device":"100000000010","event":"SERVER_ACK","detail":"0x0102 result=OK"}
{"ts":"2026-04-05T23:19:22.093Z","level":"INFO","device":"868120100007","event":"RX_MSG","detail":"0x8001 bodyLen=5"}
{"ts":"2026-04-05T23:19:22.093Z","level":"INFO","device":"868120100007","event":"SERVER_ACK","detail":"0x0102 result=OK"}
{"ts":"2026-04-05T23:19:22.123Z","level":"INFO","device":"868120100008","event":"RX_MSG","detail":"0x8001 bodyLen=5"}
{"ts":"2026-04-05T23:19:22.123Z","level":"INFO","device":"868120100008","event":"SERVER_ACK","detail":"0x0102 result=OK"}
{"ts":"2026-04-05T23:19:30.433Z","level":"INFO","device":"291078985963","event":"OBD2_SENT_0x0200","detail":"Lat: 51.718171, Lng: 0.500594 | Speed: 45km/h | RPM: 2616"}
{"ts":"2026-04-05T23:19:30.576Z","level":"INFO","device":"200000000002","event":"OBD2_SENT_0x0200","detail":"Lat: 51.725785, Lng: 0.495945 | Speed: 19km/h | RPM: 1547"}
{"ts":"2026-04-05T23:19:30.630Z","level":"INFO","device":"291078985963","event":"SERVER_ACK","detail":"0x8001 Universal Reply Received"}
{"ts":"2026-04-05T23:19:30.722Z","level":"INFO","device":"200000000003","event":"OBD2_SENT_0x0200","detail":"Lat: 51.719785, Lng: 0.498652 | Speed: 36km/h | RPM: 2232"}
{"ts":"2026-04-05T23:19:30.780Z","level":"INFO","device":"200000000002","event":"SERVER_ACK","detail":"0x8001 Universal Reply Received"}
{"ts":"2026-04-05T23:19:30.877Z","level":"INFO","device":"200000000004","event":"OBD2_SENT_0x0200","detail":"Lat: 51.718296, Lng: 0.500407 | Speed: 41km/h | RPM: 2449"}
{"ts":"2026-04-05T23:19:30.934Z","level":"INFO","device":"200000000003","event":"SERVER_ACK","detail":"0x8001 Universal Reply Received"}
{"ts":"2026-04-05T23:19:31.027Z","level":"INFO","device":"200000000005","event":"OBD2_SENT_0x0200","detail":"Lat: 51.717204, Lng: 0.502392 | Speed: 39km/h | RPM: 2368"}
{"ts":"2026-04-05T23:19:31.069Z","level":"INFO","device":"200000000004","event":"SERVER_ACK","detail":"0x8001 Universal Reply Received"}
{"ts":"2026-04-05T23:19:31.174Z","level":"INFO","device":"200000000006","event":"OBD2_SENT_0x0200","detail":"Lat: 51.714743, Lng: 0.510598 | Speed: 42km/h | RPM: 2475"}
{"ts":"2026-04-05T23:19:31.230Z","level":"INFO","device":"200000000005","event":"SERVER_ACK","detail":"0x8001 Universal Reply Received"}
{"ts":"2026-04-05T23:19:31.325Z","level":"INFO","device":"200000000007","event":"OBD2_SENT_0x0200","detail":"Lat: 51.715779, Lng: 0.506323 | Speed: 57km/h | RPM: 3066"}
{"ts":"2026-04-05T23:19:31.360Z","level":"INFO","device":"200000000006","event":"SERVER_ACK","detail":"0x8001 Universal Reply Received"}
{"ts":"2026-04-05T23:19:31.478Z","level":"INFO","device":"200000000008","event":"OBD2_SENT_0x0200","detail":"Lat: 51.715881, Lng: 0.505965 | Speed: 40km/h | RPM: 2408"}
{"ts":"2026-04-05T23:19:31.512Z","level":"INFO","device":"200000000007","event":"SERVER_ACK","detail":"0x8001 Universal Reply Received"}
{"ts":"2026-04-05T23:19:31.603Z","level":"INFO","device":"291078985963","event":"RX_MSG","detail":"0x9208 bodyLen=81"}
{"ts":"2026-04-05T23:19:31.603Z","level":"INFO","device":"291078985963","event":"9208_RAW","detail":"0C35342E33372E3232352E36350D32000029107898596300260405231855070200323931303738393835393633303032363034303532333138353530373032303000000000000000000000000000000000"}
{"ts":"2026-04-05T23:19:31.604Z","level":"INFO","device":"291078985963","event":"UPLOAD_TRIGGERED","detail":"media: 54.37.225.65:3378 | alarmId: 29107898596300260405231855070200"}
{"ts":"2026-04-05T23:19:31.605Z","level":"INFO","device":"291078985963","event":"MEDIA_CONNECTING","detail":"54.37.225.65:3378 files=2"}
{"ts":"2026-04-05T23:19:31.619Z","level":"INFO","device":"868120100009","event":"RX_MSG","detail":"0x9208 bodyLen=81"}
{"ts":"2026-04-05T23:19:31.619Z","level":"INFO","device":"868120100009","event":"9208_RAW","detail":"0C35342E33372E3232352E36350D32000086812010000900260405231856070200383638313230313030303039303032363034303532333138353630373032303000000000000000000000000000000000"}
{"ts":"2026-04-05T23:19:31.619Z","level":"INFO","device":"868120100009","event":"UPLOAD_TRIGGERED","detail":"media: 54.37.225.65:3378 | alarmId: 86812010000900260405231856070200"}
{"ts":"2026-04-05T23:19:31.619Z","level":"INFO","device":"868120100009","event":"MEDIA_CONNECTING","detail":"54.37.225.65:3378 files=2"}
{"ts":"2026-04-05T23:19:31.624Z","level":"INFO","device":"200000000009","event":"OBD2_SENT_0x0200","detail":"Lat: 51.718521, Lng: 0.500069 | Speed: 40km/h | RPM: 2410"}
{"ts":"2026-04-05T23:19:31.627Z","level":"INFO","device":"868120100004","event":"RX_MSG","detail":"0x9208 bodyLen=81"}
{"ts":"2026-04-05T23:19:31.628Z","level":"INFO","device":"868120100004","event":"9208_RAW","detail":"0C35342E33372E3232352E36350D32000086812010000400260405231856070200383638313230313030303034303032363034303532333138353630373032303000000000000000000000000000000000"}
{"ts":"2026-04-05T23:19:31.628Z","level":"INFO","device":"868120100004","event":"UPLOAD_TRIGGERED","detail":"media: 54.37.225.65:3378 | alarmId: 86812010000400260405231856070200"}
{"ts":"2026-04-05T23:19:31.628Z","level":"INFO","device":"868120100004","event":"MEDIA_CONNECTING","detail":"54.37.225.65:3378 files=2"}
{"ts":"2026-04-05T23:19:31.654Z","level":"INFO","device":"868120100005","event":"RX_MSG","detail":"0x9208 bodyLen=81"}
{"ts":"2026-04-05T23:19:31.654Z","level":"INFO","device":"868120100005","event":"9208_RAW","detail":"0C35342E33372E3232352E36350D32000086812010000500260405231856070200383638313230313030303035303032363034303532333138353630373032303000000000000000000000000000000000"}
{"ts":"2026-04-05T23:19:31.654Z","level":"INFO","device":"868120100005","event":"UPLOAD_TRIGGERED","detail":"media: 54.37.225.65:3378 | alarmId: 86812010000500260405231856070200"}
{"ts":"2026-04-05T23:19:31.654Z","level":"INFO","device":"868120100005","event":"MEDIA_CONNECTING","detail":"54.37.225.65:3378 files=2"}
{"ts":"2026-04-05T23:19:31.665Z","level":"INFO","device":"200000000008","event":"SERVER_ACK","detail":"0x8001 Universal Reply Received"}
{"ts":"2026-04-05T23:19:31.692Z","level":"INFO","device":"868120100006","event":"RX_MSG","detail":"0x9208 bodyLen=81"}
{"ts":"2026-04-05T23:19:31.692Z","level":"INFO","device":"868120100006","event":"9208_RAW","detail":"0C35342E33372E3232352E36350D32000086812010000600260405231856070200383638313230313030303036303032363034303532333138353630373032303000000000000000000000000000000000"}
{"ts":"2026-04-05T23:19:31.692Z","level":"INFO","device":"868120100006","event":"UPLOAD_TRIGGERED","detail":"media: 54.37.225.65:3378 | alarmId: 86812010000600260405231856070200"}
{"ts":"2026-04-05T23:19:31.692Z","level":"INFO","device":"868120100006","event":"MEDIA_CONNECTING","detail":"54.37.225.65:3378 files=2"}
{"ts":"2026-04-05T23:19:31.776Z","level":"INFO","device":"200000000010","event":"OBD2_SENT_0x0200","detail":"Lat: 51.722129, Lng: 0.497135 | Speed: 24km/h | RPM: 1757"}
{"ts":"2026-04-05T23:19:31.777Z","level":"INFO","device":"868120100003","event":"RX_MSG","detail":"0x9208 bodyLen=81"}
{"ts":"2026-04-05T23:19:31.777Z","level":"INFO","device":"868120100003","event":"9208_RAW","detail":"0C35342E33372E3232352E36350D32000086812010000300260405231855070200383638313230313030303033303032363034303532333138353530373032303000000000000000000000000000000000"}
{"ts":"2026-04-05T23:19:31.777Z","level":"INFO","device":"868120100003","event":"UPLOAD_TRIGGERED","detail":"media: 54.37.225.65:3378 | alarmId: 86812010000300260405231855070200"}
{"ts":"2026-04-05T23:19:31.777Z","level":"INFO","device":"868120100003","event":"MEDIA_CONNECTING","detail":"54.37.225.65:3378 files=2"}
{"ts":"2026-04-05T23:19:31.813Z","level":"INFO","device":"868120100009","event":"MEDIA_CONNECTED","detail":"54.37.225.65:3378"}
{"ts":"2026-04-05T23:19:31.813Z","level":"INFO","device":"868120100009","event":"FILE_START","detail":"[1/2] 00_64_6401_00_86812010000900260405231856070200.jpg (215 bytes)"}
{"ts":"2026-04-05T23:19:31.814Z","level":"INFO","device":"868120100009","event":"SENT_1210","detail":"00_64_6401_00_86812010000900260405231856070200.jpg"}
{"ts":"2026-04-05T23:19:31.816Z","level":"INFO","device":"291078985963","event":"MEDIA_CONNECTED","detail":"54.37.225.65:3378"}
{"ts":"2026-04-05T23:19:31.816Z","level":"INFO","device":"291078985963","event":"FILE_START","detail":"[1/2] 00_64_6401_00_29107898596300260405231855070200.jpg (215 bytes)"}
{"ts":"2026-04-05T23:19:31.816Z","level":"INFO","device":"291078985963","event":"SENT_1210","detail":"00_64_6401_00_29107898596300260405231855070200.jpg"}
{"ts":"2026-04-05T23:19:31.820Z","level":"INFO","device":"868120100004","event":"MEDIA_CONNECTED","detail":"54.37.225.65:3378"}
{"ts":"2026-04-05T23:19:31.820Z","level":"INFO","device":"868120100004","event":"FILE_START","detail":"[1/2] 00_64_6401_00_86812010000400260405231856070200.jpg (215 bytes)"}
{"ts":"2026-04-05T23:19:31.820Z","level":"INFO","device":"868120100004","event":"SENT_1210","detail":"00_64_6401_00_86812010000400260405231856070200.jpg"}
{"ts":"2026-04-05T23:19:31.835Z","level":"INFO","device":"200000000009","event":"SERVER_ACK","detail":"0x8001 Universal Reply Received"}
{"ts":"2026-04-05T23:19:31.856Z","level":"INFO","device":"868120100005","event":"MEDIA_CONNECTED","detail":"54.37.225.65:3378"}
{"ts":"2026-04-05T23:19:31.857Z","level":"INFO","device":"868120100005","event":"FILE_START","detail":"[1/2] 00_64_6401_00_86812010000500260405231856070200.jpg (215 bytes)"}
{"ts":"2026-04-05T23:19:31.857Z","level":"INFO","device":"868120100005","event":"SENT_1210","detail":"00_64_6401_00_86812010000500260405231856070200.jpg"}
{"ts":"2026-04-05T23:19:31.885Z","level":"INFO","device":"868120100006","event":"MEDIA_CONNECTED","detail":"54.37.225.65:3378"}
{"ts":"2026-04-05T23:19:31.886Z","level":"INFO","device":"868120100006","event":"FILE_START","detail":"[1/2] 00_64_6401_00_86812010000600260405231856070200.jpg (215 bytes)"}
{"ts":"2026-04-05T23:19:31.886Z","level":"INFO","device":"868120100006","event":"SENT_1210","detail":"00_64_6401_00_86812010000600260405231856070200.jpg"}
{"ts":"2026-04-05T23:19:31.915Z","level":"INFO","device":"868120100009","event":"SENT_1212","detail":"00_64_6401_00_86812010000900260405231856070200.jpg"}
{"ts":"2026-04-05T23:19:31.916Z","level":"INFO","device":"868120100002","event":"RX_MSG","detail":"0x9208 bodyLen=81"}
{"ts":"2026-04-05T23:19:31.916Z","level":"INFO","device":"868120100002","event":"9208_RAW","detail":"0C35342E33372E3232352E36350D32000086812010000200260405231855070200383638313230313030303032303032363034303532333138353530373032303000000000000000000000000000000000"}
{"ts":"2026-04-05T23:19:31.916Z","level":"INFO","device":"868120100002","event":"UPLOAD_TRIGGERED","detail":"media: 54.37.225.65:3378 | alarmId: 86812010000200260405231855070200"}
{"ts":"2026-04-05T23:19:31.916Z","level":"INFO","device":"868120100002","event":"MEDIA_CONNECTING","detail":"54.37.225.65:3378 files=2"}
{"ts":"2026-04-05T23:19:31.917Z","level":"INFO","device":"291078985963","event":"SENT_1212","detail":"00_64_6401_00_29107898596300260405231855070200.jpg"}
{"ts":"2026-04-05T23:19:31.920Z","level":"INFO","device":"868120100004","event":"SENT_1212","detail":"00_64_6401_00_86812010000400260405231856070200.jpg"}
{"ts":"2026-04-05T23:19:31.957Z","level":"INFO","device":"868120100005","event":"SENT_1212","detail":"00_64_6401_00_86812010000500260405231856070200.jpg"}
{"ts":"2026-04-05T23:19:31.969Z","level":"INFO","device":"868120100003","event":"MEDIA_CONNECTED","detail":"54.37.225.65:3378"}
{"ts":"2026-04-05T23:19:31.970Z","level":"INFO","device":"868120100003","event":"FILE_START","detail":"[1/2] 00_64_6401_00_86812010000300260405231855070200.jpg (215 bytes)"}
{"ts":"2026-04-05T23:19:31.970Z","level":"INFO","device":"868120100003","event":"SENT_1210","detail":"00_64_6401_00_86812010000300260405231855070200.jpg"}
{"ts":"2026-04-05T23:19:31.980Z","level":"INFO","device":"200000000010","event":"SERVER_ACK","detail":"0x8001 Universal Reply Received"}
{"ts":"2026-04-05T23:19:31.986Z","level":"INFO","device":"868120100006","event":"SENT_1212","detail":"00_64_6401_00_86812010000600260405231856070200.jpg"}
{"ts":"2026-04-05T23:19:32.012Z","level":"INFO","device":"868120100009","event":"MEDIA_RX","detail":"7E 80 01 00 05 86 81 20 10 00 09 75 9E 00 00 12 10 00 53 7E"}
{"ts":"2026-04-05T23:19:32.014Z","level":"INFO","device":"868120100004","event":"MEDIA_RX","detail":"7E 80 01 00 05 86 81 20 10 00 04 36 DB 00 00 12 10 00 58 7E"}
{"ts":"2026-04-05T23:19:32.029Z","level":"INFO","device":"291078985963","event":"MEDIA_RX","detail":"7E 80 01 00 05 29 10 78 98 59 63 4E B7 00 00 12 10 00 9C 7E"}
{"ts":"2026-04-05T23:19:32.046Z","level":"INFO","device":"100000000010","event":"RX_MSG","detail":"0x9208 bodyLen=81"}
{"ts":"2026-04-05T23:19:32.046Z","level":"INFO","device":"100000000010","event":"9208_RAW","detail":"0C35342E33372E3232352E36350D32000010000000001000260405231856070200313030303030303030303130303032363034303532333138353630373032303000000000000000000000000000000000"}
{"ts":"2026-04-05T23:19:32.046Z","level":"INFO","device":"100000000010","event":"UPLOAD_TRIGGERED","detail":"media: 54.37.225.65:3378 | alarmId: 10000000001000260405231856070200"}
{"ts":"2026-04-05T23:19:32.046Z","level":"INFO","device":"100000000010","event":"MEDIA_CONNECTING","detail":"54.37.225.65:3378 files=2"}
{"ts":"2026-04-05T23:19:32.064Z","level":"INFO","device":"868120100005","event":"MEDIA_RX","detail":"7E 80 01 00 05 86 81 20 10 00 05 94 5B 00 00 12 10 00 7B 7E"}
{"ts":"2026-04-05T23:19:32.070Z","level":"INFO","device":"868120100003","event":"SENT_1212","detail":"00_64_6401_00_86812010000300260405231855070200.jpg"}
{"ts":"2026-04-05T23:19:32.079Z","level":"INFO","device":"868120100006","event":"MEDIA_RX","detail":"7E 80 01 00 05 86 81 20 10 00 06 63 19 00 00 12 10 00 CD 7E"}
{"ts":"2026-04-05T23:19:32.098Z","level":"INFO","device":"868120100007","event":"RX_MSG","detail":"0x9208 bodyLen=81"}
{"ts":"2026-04-05T23:19:32.098Z","level":"INFO","device":"868120100007","event":"9208_RAW","detail":"0C35342E33372E3232352E36350D32000086812010000700260405231856070200383638313230313030303037303032363034303532333138353630373032303000000000000000000000000000000000"}
{"ts":"2026-04-05T23:19:32.098Z","level":"INFO","device":"868120100007","event":"UPLOAD_TRIGGERED","detail":"media: 54.37.225.65:3378 | alarmId: 86812010000700260405231856070200"}
{"ts":"2026-04-05T23:19:32.098Z","level":"INFO","device":"868120100007","event":"MEDIA_CONNECTING","detail":"54.37.225.65:3378 files=2"}
{"ts":"2026-04-05T23:19:32.113Z","level":"INFO","device":"868120100002","event":"MEDIA_CONNECTED","detail":"54.37.225.65:3378"}
{"ts":"2026-04-05T23:19:32.114Z","level":"INFO","device":"868120100002","event":"FILE_START","detail":"[1/2] 00_64_6401_00_86812010000200260405231855070200.jpg (215 bytes)"}
{"ts":"2026-04-05T23:19:32.114Z","level":"INFO","device":"868120100002","event":"SENT_1210","detail":"00_64_6401_00_86812010000200260405231855070200.jpg"}
{"ts":"2026-04-05T23:19:32.127Z","level":"INFO","device":"868120100008","event":"RX_MSG","detail":"0x9208 bodyLen=81"}
{"ts":"2026-04-05T23:19:32.127Z","level":"INFO","device":"868120100008","event":"9208_RAW","detail":"0C35342E33372E3232352E36350D32000086812010000800260405231856070200383638313230313030303038303032363034303532333138353630373032303000000000000000000000000000000000"}
{"ts":"2026-04-05T23:19:32.127Z","level":"INFO","device":"868120100008","event":"UPLOAD_TRIGGERED","detail":"media: 54.37.225.65:3378 | alarmId: 86812010000800260405231856070200"}
{"ts":"2026-04-05T23:19:32.127Z","level":"INFO","device":"868120100008","event":"MEDIA_CONNECTING","detail":"54.37.225.65:3378 files=2"}
{"ts":"2026-04-05T23:19:32.164Z","level":"INFO","device":"868120100003","event":"MEDIA_RX","detail":"7E 80 01 00 05 86 81 20 10 00 03 25 2D 00 00 12 10 00 BA 7E"}
{"ts":"2026-04-05T23:19:32.202Z","level":"INFO","device":"868120100009","event":"MEDIA_RX","detail":"7E 80 01 00 05 86 81 20 10 00 09 48 51 00 01 12 11 00 A1 7E 7E 92 12 00 36 86 81 20 10 00 09 17 35 32 30 30 5F 36 34 5F 36 34 30 31 5F 30 30 5F 38 36 38 31 32 30 31 30 30 30 30 39 30 30 32 36 30 34 30 35 32 33 31 38 35 36 30 37 30 32 30 30 2E 6A 70 67 00 00 00 CC 7E"}
{"ts":"2026-04-05T23:19:32.205Z","level":"INFO","device":"868120100004","event":"MEDIA_RX","detail":"7E 80 01 00 05 86 81 20 10 00 04 5B C9 00 01 12 11 00 27 7E 7E 92 12 00 36 86 81 20 10 00 04 B3 16 32 30 30 5F 36 34 5F 36 34 30 31 5F 30 30 5F 38 36 38 31 32 30 31 30 30 30 30 34 30 30 32 36 30 34 30 35 32 33 31 38 35 36 30 37 30 32 30 30 2E 6A 70 67 00 00 00 4B 7E"}
{"ts":"2026-04-05T23:19:32.216Z","level":"INFO","device":"868120100002","event":"SENT_1212","detail":"00_64_6401_00_86812010000200260405231855070200.jpg"}
{"ts":"2026-04-05T23:19:32.217Z","level":"INFO","device":"868120100009","event":"FILE_START","detail":"[2/2] 02_64_6401_03_86812010000900260405231856070200.mp4 (65536 bytes)"}
{"ts":"2026-04-05T23:19:32.217Z","level":"INFO","device":"868120100009","event":"SENT_1210","detail":"02_64_6401_03_86812010000900260405231856070200.mp4"}
{"ts":"2026-04-05T23:19:32.217Z","level":"INFO","device":"291078985963","event":"FILE_START","detail":"[2/2] 02_64_6401_03_29107898596300260405231855070200.mp4 (65536 bytes)"}
{"ts":"2026-04-05T23:19:32.217Z","level":"INFO","device":"291078985963","event":"SENT_1210","detail":"02_64_6401_03_29107898596300260405231855070200.mp4"}
{"ts":"2026-04-05T23:19:32.221Z","level":"INFO","device":"868120100004","event":"FILE_START","detail":"[2/2] 02_64_6401_03_86812010000400260405231856070200.mp4 (65536 bytes)"}
{"ts":"2026-04-05T23:19:32.221Z","level":"INFO","device":"868120100004","event":"SENT_1210","detail":"02_64_6401_03_86812010000400260405231856070200.mp4"}
{"ts":"2026-04-05T23:19:32.236Z","level":"INFO","device":"291078985963","event":"MEDIA_RX","detail":"7E 80 01 00 05 29 10 78 98 59 63 1F 75 00 01 12 11 00 0F 7E 7E 92 12 00 36 29 10 78 98 59 63 D6 CA 32 30 30 5F 36 34 5F 36 34 30 31 5F 30 30 5F 32 39 31 30 37 38 39 38 35 39 36 33 30 30 32 36 30 34 30 35 32 33 31 38 35 35 30 37 30 32 30 30 2E 6A 70 67 00 00 00 2C 7E"}
{"ts":"2026-04-05T23:19:32.257Z","level":"INFO","device":"100000000010","event":"MEDIA_CONNECTED","detail":"54.37.225.65:3378"}
{"ts":"2026-04-05T23:19:32.257Z","level":"INFO","device":"100000000010","event":"FILE_START","detail":"[1/2] 00_64_6401_00_10000000001000260405231856070200.jpg (215 bytes)"}
{"ts":"2026-04-05T23:19:32.257Z","level":"INFO","device":"100000000010","event":"SENT_1210","detail":"00_64_6401_00_10000000001000260405231856070200.jpg"}
{"ts":"2026-04-05T23:19:32.257Z","level":"INFO","device":"868120100005","event":"FILE_START","detail":"[2/2] 02_64_6401_03_86812010000500260405231856070200.mp4 (65536 bytes)"}
{"ts":"2026-04-05T23:19:32.257Z","level":"INFO","device":"868120100005","event":"SENT_1210","detail":"02_64_6401_03_86812010000500260405231856070200.mp4"}
{"ts":"2026-04-05T23:19:32.260Z","level":"INFO","device":"868120100005","event":"MEDIA_RX","detail":"7E 80 01 00 05 86 81 20 10 00 05 8D F4 00 01 12 11 00 CD 7E 7E 92 12 00 36 86 81 20 10 00 05 C1 86 32 30 30 5F 36 34 5F 36 34 30 31 5F 30 30 5F 38 36 38 31 32 30 31 30 30 30 30 35 30 30 32 36 30 34 30 35 32 33 31 38 35 36 30 37 30 32 30 30 2E 6A 70 67 00 00 00 A9 7E"}
{"ts":"2026-04-05T23:19:32.270Z","level":"INFO","device":"868120100006","event":"MEDIA_RX","detail":"7E 80 01 00 05 86 81 20 10 00 06 BD 70 00 01 12 11 00 7A 7E 7E 92 12 00 36 86 81 20 10 00 06 FF E7 32 30 30 5F 36 34 5F 36 34 30 31 5F 30 30 5F 38 36 38 31 32 30 31 30 30 30 30 36 30 30 32 36 30 34 30 35 32 33 31 38 35 36 30 37 30 32 30 30 2E 6A 70 67 00 00 00 F6 7E"}
{"ts":"2026-04-05T23:19:32.285Z","level":"INFO","device":"868120100006","event":"FILE_START","detail":"[2/2] 02_64_6401_03_86812010000600260405231856070200.mp4 (65536 bytes)"}
{"ts":"2026-04-05T23:19:32.286Z","level":"INFO","device":"868120100006","event":"SENT_1210","detail":"02_64_6401_03_86812010000600260405231856070200.mp4"}
{"ts":"2026-04-05T23:19:32.308Z","level":"INFO","device":"868120100007","event":"MEDIA_CONNECTED","detail":"54.37.225.65:3378"}
{"ts":"2026-04-05T23:19:32.308Z","level":"INFO","device":"868120100007","event":"FILE_START","detail":"[1/2] 00_64_6401_00_86812010000700260405231856070200.jpg (215 bytes)"}
{"ts":"2026-04-05T23:19:32.308Z","level":"INFO","device":"868120100007","event":"SENT_1210","detail":"00_64_6401_00_86812010000700260405231856070200.jpg"}
{"ts":"2026-04-05T23:19:32.309Z","level":"INFO","device":"868120100002","event":"MEDIA_RX","detail":"7E 80 01 00 05 86 81 20 10 00 02 44 76 00 00 12 10 00 81 7E"}
{"ts":"2026-04-05T23:19:32.312Z","level":"INFO","device":"868120100008","event":"MEDIA_CONNECTED","detail":"54.37.225.65:3378"}
{"ts":"2026-04-05T23:19:32.312Z","level":"INFO","device":"868120100008","event":"FILE_START","detail":"[1/2] 00_64_6401_00_86812010000800260405231856070200.jpg (215 bytes)"}
{"ts":"2026-04-05T23:19:32.313Z","level":"INFO","device":"868120100008","event":"SENT_1210","detail":"00_64_6401_00_86812010000800260405231856070200.jpg"}
{"ts":"2026-04-05T23:19:32.326Z","level":"INFO","device":"868120100009","event":"SENT_1212","detail":"02_64_6401_03_86812010000900260405231856070200.mp4"}
{"ts":"2026-04-05T23:19:32.333Z","level":"INFO","device":"291078985963","event":"SENT_1212","detail":"02_64_6401_03_29107898596300260405231855070200.mp4"}
{"ts":"2026-04-05T23:19:32.344Z","level":"INFO","device":"868120100004","event":"SENT_1212","detail":"02_64_6401_03_86812010000400260405231856070200.mp4"}
{"ts":"2026-04-05T23:19:32.354Z","level":"INFO","device":"868120100003","event":"MEDIA_RX","detail":"7E 80 01 00 05 86 81 20 10 00 03 9E 4F 00 01 12 11 00 63 7E 7E 92 12 00 36 86 81 20 10 00 03 90 39 32 30 30 5F 36 34 5F 36 34 30 31 5F 30 30 5F 38 36 38 31 32 30 31 30 30 30 30 33 30 30 32 36 30 34 30 35 32 33 31 38 35 35 30 37 30 32 30 30 2E 6A 70 67 00 00 00 44 7E"}
{"ts":"2026-04-05T23:19:32.358Z","level":"INFO","device":"100000000010","event":"SENT_1212","detail":"00_64_6401_00_10000000001000260405231856070200.jpg"}
{"ts":"2026-04-05T23:19:32.362Z","level":"INFO","device":"868120100005","event":"SENT_1212","detail":"02_64_6401_03_86812010000500260405231856070200.mp4"}
{"ts":"2026-04-05T23:19:32.372Z","level":"INFO","device":"868120100003","event":"FILE_START","detail":"[2/2] 02_64_6401_03_86812010000300260405231855070200.mp4 (65536 bytes)"}
{"ts":"2026-04-05T23:19:32.372Z","level":"INFO","device":"868120100003","event":"SENT_1210","detail":"02_64_6401_03_86812010000300260405231855070200.mp4"}
{"ts":"2026-04-05T23:19:32.392Z","level":"INFO","device":"868120100006","event":"SENT_1212","detail":"02_64_6401_03_86812010000600260405231856070200.mp4"}
{"ts":"2026-04-05T23:19:32.409Z","level":"INFO","device":"868120100007","event":"SENT_1212","detail":"00_64_6401_00_86812010000700260405231856070200.jpg"}
{"ts":"2026-04-05T23:19:32.414Z","level":"INFO","device":"868120100009","event":"MEDIA_RX","detail":"7E 80 01 00 05 86 81 20 10 00 09 91 CA 00 03 12 10 00 E0 7E"}
{"ts":"2026-04-05T23:19:32.414Z","level":"INFO","device":"868120100008","event":"SENT_1212","detail":"00_64_6401_00_86812010000800260405231856070200.jpg"}
{"ts":"2026-04-05T23:19:32.415Z","level":"INFO","device":"868120100004","event":"MEDIA_RX","detail":"7E 80 01 00 05 86 81 20 10 00 04 8B 10 00 03 12 10 00 2D 7E"}
{"ts":"2026-04-05T23:19:32.471Z","level":"INFO","device":"100000000010","event":"MEDIA_RX","detail":"7E 80 01 00 05 10 00 00 00 00 10 BC 8C 00 00 12 10 00 B6 7E"}
{"ts":"2026-04-05T23:19:32.479Z","level":"INFO","device":"868120100003","event":"SENT_1212","detail":"02_64_6401_03_86812010000300260405231855070200.mp4"}
{"ts":"2026-04-05T23:19:32.479Z","level":"INFO","device":"868120100006","event":"MEDIA_RX","detail":"7E 80 01 00 05 86 81 20 10 00 06 96 22 00 03 12 10 00 00 7E"}
{"ts":"2026-04-05T23:19:32.499Z","level":"INFO","device":"868120100008","event":"MEDIA_RX","detail":"7E 80 01 00 05 86 81 20 10 00 08 5D AB 00 00 12 10 00 4F 7E"}
{"ts":"2026-04-05T23:19:32.503Z","level":"INFO","device":"868120100002","event":"MEDIA_RX","detail":"7E 80 01 00 05 86 81 20 10 00 02 53 4A 00 01 12 11 00 AA 7E 7E 92 12 00 36 86 81 20 10 00 02 43 96 32 30 30 5F 36 34 5F 36 34 30 31 5F 30 30 5F 38 36 38 31 32 30 31 30 30 30 30 32 30 30 32 36 30 34 30 35 32 33 31 38 35 35 30 37 30 32 30 30 2E 6A 70 67 00 00 00 38 7E"}
{"ts":"2026-04-05T23:19:32.517Z","level":"INFO","device":"868120100002","event":"FILE_START","detail":"[2/2] 02_64_6401_03_86812010000200260405231855070200.mp4 (65536 bytes)"}
{"ts":"2026-04-05T23:19:32.517Z","level":"INFO","device":"868120100002","event":"SENT_1210","detail":"02_64_6401_03_86812010000200260405231855070200.mp4"}
{"ts":"2026-04-05T23:19:32.536Z","level":"INFO","device":"291078985963","event":"MEDIA_RX","detail":"7E 80 01 00 05 29 10 78 98 59 63 70 15 00 03 12 10 00 03 7E"}
{"ts":"2026-04-05T23:19:32.559Z","level":"INFO","device":"868120100005","event":"MEDIA_RX","detail":"7E 80 01 00 05 86 81 20 10 00 05 D1 CF 00 03 12 10 00 A9 7E"}
{"ts":"2026-04-05T23:19:32.590Z","level":"INFO","device":"868120100007","event":"MEDIA_RX","detail":"7E 80 01 00 05 86 81 20 10 00 07 E3 26 00 00 12 10 00 73 7E"}
{"ts":"2026-04-05T23:19:32.599Z","level":"INFO","device":"868120100003","event":"MEDIA_RX","detail":"7E 80 01 00 05 86 81 20 10 00 03 8C 3D 00 03 12 10 00 00 7E"}
{"ts":"2026-04-05T23:19:32.609Z","level":"INFO","device":"868120100004","event":"MEDIA_RX","detail":"7E 80 01 00 05 86 81 20 10 00 04 75 2A 00 04 12 11 00 EF 7E 7E 80 01 00 05 86 81 20 10 00 04 E5 8F 00 05 12 11 00 DB 7E 7E 80 01 00 05 86 81 20 10 00 04 EA 0E 00 06 12 11 00 56 7E 7E 80 01 00 05 86 81 20 10 00 04 8A 8F 00 07 12 11 00 B6 7E 7E 80 01 00 05 86 81 20 10 00 04 1E 0F 00 08 12 11 00 AD 7E 7E 80 01 00 05 86 81 20 10 00 04 73 C4 00 09 12 11 00 0A 7E 7E 80 01 00 05 86 81 20 10 00 04 27 37 00 0A 12 11 00 AE 7E 7E 80 01 00 05 86 81 20 10 00 04 CD D8 00 0B 12 11 00 AA 7E 7E 80 01 00 05 86 81 20 10 00 04 31 9A 00 0C 12 11 00 13 7E 7E 80 01 00 05 86 81 20 10 00 04 59 09 00 0D 12 11 00 E9 7E 7E 80 01 00 05 86 81 20 10 00 04 F4 AF 00 0E 12 11 00 E1 7E 7E 80 01 00 05 86 81 20 10 00 04 34 47 00 0F 12 11 00 C8 7E 7E 80 01 00 05 86 81 20 10 00 04 AD 33 00 10 12 11 00 3A 7E 7E 80 01 00 05 86 81 20 10 00 04 B0 5F 00 11 12 11 00 4A 7E 7E 80 01 00 05 86 81 20 10 00 04 72 FA 00 12 12 11 00 2E 7E 7E 80 01 00 05 86 81 20 10 00 04 8D 8A 00 13 12 11 00 A0 7E 7E 80 01 00 05 86 81 20 10 00 04 1D 74 00 14 12 11 00 C9 7E 7E 80 01 00 05 86 81 20 10 00 04 06 F3 00 15 12 11 00 54 7E 7E 80 01 00 05 86 81 20 10 00 04 68 41 00 16 12 11 00 8B 7E 7E 80 01 00 05 86 81 20 10 00 04 38 81 00 17 12 11 00 1A 7E 7E 80 01 00 05 86 81 20 10 00 04 46 21 00 18 12 11 00 CB 7E 7E 80 01 00 05 86 81 20 10 00 04 82 20 00 19 12 11 00 0F 7E 7E 80 01 00 05 86 81 20 10 00 04 5F E9 00 1A 12 11 00 18 7E 7E 80 01 00 05 86 81 20 10 00 04 46 6E 00 1B 12 11 00 87 7E 7E 80 01 00 05 86 81 20 10 00 04 99 32 00 1C 12 11 00 03 7E 7E 80 01 00 05 86 81 20 10 00 04 5A AE 00 1D 12 11 00 5D 7E 7E 80 01 00 05 86 81 20 10 00 04 08 91 00 1E 12 11 00 33 7E 7E 80 01 00 05 86 81 20 10 00 04 1E 57 00 1F 12 11 00 E2 7E 7E 80 01 00 05 86 81 20 10 00 04 87 BF 00 20 12 11 00 AC 7E 7E 80 01 00 05 86 81 20 10 00 04 37 AF 00 21 12 11 00 0D 7E 7E 80 01 00 05 86 81 20 10 00 04 80 8B 00 22 12 11 00 9D 7E 7E 80 01 00 05 86 81 20 10 00 04 74 D6 00 23 12 11 00 35 7E 7E 80 01 00 05 86 81 20 10 00 04 D8 25 00 24 12 11 00 6D 7E"}
{"ts":"2026-04-05T23:19:32.609Z","level":"INFO","device":"868120100009","event":"MEDIA_RX","detail":"7E 80 01 00 05 86 81 20 10 00 09 28 1E 00 04 12 11 00 8B 7E 7E 80 01 00 05 86 81 20 10 00 09 29 8D 00 05 12 11 00 18 7E 7E 80 01 00 05 86 81 20 10 00 09 E4 69 00 06 12 11 00 32 7E 7E 80 01 00 05 86 81 20 10 00 09 F2 6C 00 07 12 11 00 20 7E 7E 80 01 00 05 86 81 20 10 00 09 11 04 00 08 12 11 00 A4 7E 7E 80 01 00 05 86 81 20 10 00 09 95 BF 00 09 12 11 00 9A 7E 7E 80 01 00 05 86 81 20 10 00 09 18 E7 00 0A 12 11 00 4C 7E 7E 80 01 00 05 86 81 20 10 00 09 65 DB 00 0B 12 11 00 0C 7E 7E 80 01 00 05 86 81 20 10 00 09 77 8D 00 0C 12 11 00 4F 7E 7E 80 01 00 05 86 81 20 10 00 09 C7 04 00 0D 12 11 00 77 7E 7E 80 01 00 05 86 81 20 10 00 09 D4 63 00 0E 12 11 00 00 7E 7E 80 01 00 05 86 81 20 10 00 09 50 9F 00 0F 12 11 00 79 7E 7E 80 01 00 05 86 81 20 10 00 09 35 4E 00 10 12 11 00 D2 7E 7E 80 01 00 05 86 81 20 10 00 09 84 15 00 11 12 11 00 39 7E 7E 80 01 00 05 86 81 20 10 00 09 5C 5A 00 12 12 11 00 AD 7E 7E 80 01 00 05 86 81 20 10 00 09 6F D8 00 13 12 11 00 1D 7E 7E 80 01 00 05 86 81 20 10 00 09 B6 E0 00 14 12 11 00 FB 7E 7E 80 01 00 05 86 81 20 10 00 09 C6 56 00 15 12 11 00 3C 7E 7E 80 01 00 05 86 81 20 10 00 09 68 B3 00 16 12 11 00 74 7E 7E 80 01 00 05 86 81 20 10 00 09 54 DA 00 17 12 11 00 20 7E 7E 80 01 00 05 86 81 20 10 00 09 57 AD 00 18 12 11 00 5B 7E 7E 80 01 00 05 86 81 20 10 00 09 72 A5 00 19 12 11 00 77 7E 7E 80 01 00 05 86 81 20 10 00 09 FD 13 00 1A 12 11 00 4D 7E 7E 80 01 00 05 86 81 20 10 00 09 8C 42 00 1B 12 11 00 6C 7E 7E 80 01 00 05 86 81 20 10 00 09 B4 2E 00 1C 12 11 00 3F 7E 7E 80 01 00 05 86 81 20 10 00 09 2C 87 00 1D 12 11 00 0F 7E 7E 80 01 00 05 86 81 20 10 00 09 F3 2B 00 1E 12 11 00 7F 7E 7E 80 01 00 05 86 81 20 10 00 09 1E 5F 00 1F 12 11 00 E7 7E 7E 80 01 00 05 86 81 20 10 00 09 28 B8 00 20 12 11 00 09 7E 7E 80 01 00 05 86 81 20 10 00 09 F6 09 00 21 12 11 00 67 7E 7E 80 01 00 05 86 81 20 10 00 09 2B AA 00 22 12 11 00 1A 7E 7E 80 01 00 05 86 81 20 10 00 09 66 32 00 23 12 11 00 CE 7E 7E 80 01 00 05 86 81 20 10 00 09 B7 3D 00 24 12 11 00 17 7E"}
{"ts":"2026-04-05T23:19:32.631Z","level":"INFO","device":"868120100002","event":"SENT_1212","detail":"02_64_6401_03_86812010000200260405231855070200.mp4"}
{"ts":"2026-04-05T23:19:32.633Z","level":"INFO","device":"868120100009","event":"BATCH_COMPLETE","detail":"All 2 files sent"}
{"ts":"2026-04-05T23:19:32.637Z","level":"INFO","device":"291078985963","event":"BATCH_COMPLETE","detail":"All 2 files sent"}
{"ts":"2026-04-05T23:19:32.644Z","level":"INFO","device":"868120100004","event":"BATCH_COMPLETE","detail":"All 2 files sent"}
{"ts":"2026-04-05T23:19:32.657Z","level":"INFO","device":"100000000010","event":"FILE_START","detail":"[2/2] 02_64_6401_03_10000000001000260405231856070200.mp4 (65536 bytes)"}
{"ts":"2026-04-05T23:19:32.658Z","level":"INFO","device":"100000000010","event":"SENT_1210","detail":"02_64_6401_03_10000000001000260405231856070200.mp4"}
{"ts":"2026-04-05T23:19:32.662Z","level":"INFO","device":"868120100005","event":"BATCH_COMPLETE","detail":"All 2 files sent"}
{"ts":"2026-04-05T23:19:32.669Z","level":"INFO","device":"868120100006","event":"MEDIA_RX","detail":"7E 80 01 00 05 86 81 20 10 00 06 B5 B0 00 04 12 11 00 B7 7E 7E 80 01 00 05 86 81 20 10 00 06 ED EE 00 05 12 11 00 B0 7E 7E 80 01 00 05 86 81 20 10 00 06 1E B8 00 06 12 11 00 16 7E 7E 80 01 00 05 86 81 20 10 00 06 11 37 00 07 12 11 00 97 7E 7E 80 01 00 05 86 81 20 10 00 06 B7 07 00 08 12 11 00 0E 7E 7E 80 01 00 05 86 81 20 10 00 06 23 D9 00 09 12 11 00 45 7E 7E 80 01 00 05 86 81 20 10 00 06 0B 8E 00 0A 12 11 00 39 7E 7E 80 01 00 05 86 81 20 10 00 06 2D C7 00 0B 12 11 00 57 7E 7E 80 01 00 05 86 81 20 10 00 06 D5 EB 00 0C 12 11 00 84 7E 7E 80 01 00 05 86 81 20 10 00 06 30 C6 00 0D 12 11 00 4D 7E 7E 80 01 00 05 86 81 20 10 00 06 FC D6 00 0E 12 11 00 92 7E 7E 80 01 00 05 86 81 20 10 00 06 9A F3 00 0F 12 11 00 D0 7E 7E 80 01 00 05 86 81 20 10 00 06 D6 74 00 10 12 11 00 04 7E 7E 80 01 00 05 86 81 20 10 00 06 45 D0 00 11 12 11 00 32 7E 7E 80 01 00 05 86 81 20 10 00 06 63 72 00 12 12 11 00 B5 7E 7E 80 01 00 05 86 81 20 10 00 06 06 CE 00 13 12 11 00 6D 7E 7E 80 01 00 05 86 81 20 10 00 06 D3 36 00 14 12 11 00 47 7E 7E 80 01 00 05 86 81 20 10 00 06 3E 1F 00 15 12 11 00 82 7E 7E 80 01 00 05 86 81 20 10 00 06 DB 2F 00 16 12 11 00 54 7E 7E 80 01 00 05 86 81 20 10 00 06 0D 0D 00 17 12 11 00 A1 7E 7E 80 01 00 05 86 81 20 10 00 06 2F B0 00 18 12 11 00 31 7E 7E 80 01 00 05 86 81 20 10 00 06 89 2D 00 19 12 11 00 0B 7E 7E 80 01 00 05 86 81 20 10 00 06 6A F0 00 1A 12 11 00 36 7E 7E 80 01 00 05 86 81 20 10 00 06 7C 24 00 1B 12 11 00 F5 7E 7E 80 01 00 05 86 81 20 10 00 06 79 20 00 1C 12 11 00 F3 7E 7E 80 01 00 05 86 81 20 10 00 06 39 33 00 1D 12 11 00 A1 7E 7E 80 01 00 05 86 81 20 10 00 06 23 B7 00 1E 12 11 00 3C 7E 7E 80 01 00 05 86 81 20 10 00 06 66 88 00 1F 12 11 00 47 7E 7E 80 01 00 05 86 81 20 10 00 06 4A 4B 00 20 12 11 00 97 7E 7E 80 01 00 05 86 81 20 10 00 06 89 89 00 21 12 11 00 97 7E 7E 80 01 00 05 86 81 20 10 00 06 A6 AD 00 22 12 11 00 9F 7E 7E 80 01 00 05 86 81 20 10 00 06 98 35 00 23 12 11 00 38 7E 7E 80 01 00 05 86 81 20 10 00 06 30 D8 00 24 12 11 00 7A 7E"}
{"ts":"2026-04-05T23:19:32.678Z","level":"INFO","device":"100000000010","event":"MEDIA_RX","detail":"7E 80 01 00 05 10 00 00 00 00 10 06 17 00 01 12 11 00 97 7E 7E 92 12 00 36 10 00 00 00 00 10 56 F4 32 30 30 5F 36 34 5F 36 34 30 31 5F 30 30 5F 31 30 30 30 30 30 30 30 30 30 31 30 30 30 32 36 30 34 30 35 32 33 31 38 35 36 30 37 30 32 30 30 2E 6A 70 67 00 00 00 7F 7E"}
{"ts":"2026-04-05T23:19:32.682Z","level":"INFO","device":"868120100008","event":"MEDIA_RX","detail":"7E 80 01 00 05 86 81 20 10 00 08 03 87 00 01 12 11 00 3D 7E 7E 92 12 00 36 86 81 20 10 00 08 4F E1 32 30 30 5F 36 34 5F 36 34 30 31 5F 30 30 5F 38 36 38 31 32 30 31 30 30 30 30 38 30 30 32 36 30 34 30 35 32 33 31 38 35 36 30 37 30 32 30 30 2E 6A 70 67 00 00 00 40 7E"}
{"ts":"2026-04-05T23:19:32.692Z","level":"INFO","device":"868120100006","event":"BATCH_COMPLETE","detail":"All 2 files sent"}
{"ts":"2026-04-05T23:19:32.709Z","level":"INFO","device":"868120100007","event":"FILE_START","detail":"[2/2] 02_64_6401_03_86812010000700260405231856070200.mp4 (65536 bytes)"}
{"ts":"2026-04-05T23:19:32.710Z","level":"INFO","device":"868120100007","event":"SENT_1210","detail":"02_64_6401_03_86812010000700260405231856070200.mp4"}
{"ts":"2026-04-05T23:19:32.714Z","level":"INFO","device":"868120100008","event":"FILE_START","detail":"[2/2] 02_64_6401_03_86812010000800260405231856070200.mp4 (65536 bytes)"}
{"ts":"2026-04-05T23:19:32.715Z","level":"INFO","device":"868120100008","event":"SENT_1210","detail":"02_64_6401_03_86812010000800260405231856070200.mp4"}
{"ts":"2026-04-05T23:19:32.726Z","level":"INFO","device":"868120100002","event":"MEDIA_RX","detail":"7E 80 01 00 05 86 81 20 10 00 02 79 4F 00 03 12 10 00 86 7E"}
{"ts":"2026-04-05T23:19:32.760Z","level":"INFO","device":"100000000010","event":"SENT_1212","detail":"02_64_6401_03_10000000001000260405231856070200.mp4"}
{"ts":"2026-04-05T23:19:32.780Z","level":"INFO","device":"868120100003","event":"BATCH_COMPLETE","detail":"All 2 files sent"}
{"ts":"2026-04-05T23:19:32.798Z","level":"INFO","device":"868120100007","event":"MEDIA_RX","detail":"7E 80 01 00 05 86 81 20 10 00 07 E4 B3 00 01 12 11 00 E1 7E 7E 92 12 00 36 86 81 20 10 00 07 AA 3D 32 30 30 5F 36 34 5F 36 34 30 31 5F 30 30 5F 38 36 38 31 32 30 31 30 30 30 30 37 30 30 32 36 30 34 30 35 32 33 31 38 35 36 30 37 30 32 30 30 2E 6A 70 67 00 00 00 79 7E"}
{"ts":"2026-04-05T23:19:32.817Z","level":"INFO","device":"868120100007","event":"SENT_1212","detail":"02_64_6401_03_86812010000700260405231856070200.mp4"}
{"ts":"2026-04-05T23:19:32.820Z","level":"INFO","device":"868120100008","event":"SENT_1212","detail":"02_64_6401_03_86812010000800260405231856070200.mp4"}
{"ts":"2026-04-05T23:19:32.901Z","level":"INFO","device":"868120100008","event":"MEDIA_RX","detail":"7E 80 01 00 05 86 81 20 10 00 08 53 A3 00 03 12 10 00 4A 7E"}
{"ts":"2026-04-05T23:19:32.919Z","level":"INFO","device":"868120100002","event":"MEDIA_RX","detail":"7E 80 01 00 05 86 81 20 10 00 02 71 C7 00 04 12 11 00 00 7E 7E 80 01 00 05 86 81 20 10 00 02 53 F6 00 05 12 11 00 12 7E 7E 80 01 00 05 86 81 20 10 00 02 2F 24 00 06 12 11 00 BF 7E 7E 80 01 00 05 86 81 20 10 00 02 B4 C9 00 07 12 11 00 C8 7E 7E 80 01 00 05 86 81 20 10 00 02 3A C9 00 08 12 11 00 49 7E 7E 80 01 00 05 86 81 20 10 00 02 FE 21 00 09 12 11 00 64 7E 7E 80 01 00 05 86 81 20 10 00 02 CF 46 00 0A 12 11 00 31 7E 7E 80 01 00 05 86 81 20 10 00 02 50 EB 00 0B 12 11 00 02 7E 7E 80 01 00 05 86 81 20 10 00 02 E6 F9 00 0C 12 11 00 A1 7E 7E 80 01 00 05 86 81 20 10 00 02 ED 29 00 0D 12 11 00 7B 7E 7E 80 01 00 05 86 81 20 10 00 02 7C 26 00 0E 12 11 00 E6 7E 7E 80 01 00 05 86 81 20 10 00 02 12 FC 00 0F 12 11 00 53 7E 7E 80 01 00 05 86 81 20 10 00 02 06 3C 00 10 12 11 00 98 7E 7E 80 01 00 05 86 81 20 10 00 02 3C D1 00 11 12 11 00 4E 7E 7E 80 01 00 05 86 81 20 10 00 02 1C 68 00 12 12 11 00 D4 7E 7E 80 01 00 05 86 81 20 10 00 02 37 DA 00 13 12 11 00 4C 7E 7E 80 01 00 05 86 81 20 10 00 02 6D 16 00 14 12 11 00 DD 7E 7E 80 01 00 05 86 81 20 10 00 02 D0 5D 00 15 12 11 00 2A 7E 7E 80 01 00 05 86 81 20 10 00 02 1E BB 00 16 12 11 00 01 7E 7E 80 01 00 05 86 81 20 10 00 02 56 C0 00 17 12 11 00 33 7E 7E 80 01 00 05 86 81 20 10 00 02 CB A6 00 18 12 11 00 C7 7E 7E 80 01 00 05 86 81 20 10 00 02 08 D0 00 19 12 11 00 73 7E 7E 80 01 00 05 86 81 20 10 00 02 10 B9 00 1A 12 11 00 01 7E 7E 80 01 00 05 86 81 20 10 00 02 EE DB 00 1B 12 11 00 9C 7E 7E 80 01 00 05 86 81 20 10 00 02 23 3D 00 1C 12 11 00 B0 7E 7E 80 01 00 05 86 81 20 10 00 02 8A FB 00 1D 12 11 00 DE 7E 7E 80 01 00 05 86 81 20 10 00 02 4A 7D 01 00 1E 12 11 00 9B 7E 7E 80 01 00 05 86 81 20 10 00 02 02 73 00 1F 12 11 00 DC 7E 7E 80 01 00 05 86 81 20 10 00 02 FA 78 00 20 12 11 00 10 7E 7E 80 01 00 05 86 81 20 10 00 02 8E 38 00 21 12 11 00 25 7E 7E 80 01 00 05 86 81 20 10 00 02 15 31 00 22 12 11 00 B4 7E 7E 80 01 00 05 86 81 20 10 00 02 87 4C 00 23 12 11 00 5A 7E 7E 80 01 00 05 86 81 20 10 00 02 12 BD 00 24 12 11 00 39 7E"}
{"ts":"2026-04-05T23:19:32.934Z","level":"INFO","device":"868120100002","event":"BATCH_COMPLETE","detail":"All 2 files sent"}
{"ts":"2026-04-05T23:19:32.968Z","level":"INFO","device":"100000000010","event":"MEDIA_RX","detail":"7E 80 01 00 05 10 00 00 00 00 10 0E F5 00 03 12 10 00 7D 02 7E"}
{"ts":"2026-04-05T23:19:33.020Z","level":"INFO","device":"868120100007","event":"MEDIA_RX","detail":"7E 80 01 00 05 86 81 20 10 00 07 7A 29 00 03 12 10 00 E6 7E"}
{"ts":"2026-04-05T23:19:33.047Z","level":"ERROR","device":"868120100009","event":"MEDIA_ERROR","detail":"54.37.225.65:3378 — read ECONNRESET"}
{"ts":"2026-04-05T23:19:33.049Z","level":"INFO","device":"868120100009","event":"MEDIA_CLOSED","detail":""}
{"ts":"2026-04-05T23:19:33.050Z","level":"ERROR","device":"868120100004","event":"MEDIA_ERROR","detail":"54.37.225.65:3378 — read ECONNRESET"}
{"ts":"2026-04-05T23:19:33.050Z","level":"INFO","device":"868120100004","event":"MEDIA_CLOSED","detail":""}
{"ts":"2026-04-05T23:19:33.060Z","level":"INFO","device":"100000000010","event":"BATCH_COMPLETE","detail":"All 2 files sent"}
{"ts":"2026-04-05T23:19:33.071Z","level":"INFO","device":"291078985963","event":"MEDIA_RX","detail":"7E 80 01 00 05 29 10 78 98 59 63 5F BF 00 04 12 11 00 80 7E 7E 80 01 00 05 29 10 78 98 59 63 69 6E 00 05 12 11 00 66 7E 7E 80 01 00 05 29 10 78 98 59 63 99 E4 00 06 12 11 00 1F 7E 7E 80 01 00 05 29 10 78 98 59 63 C6 6E 00 07 12 11 00 CB 7E 7E 80 01 00 05 29 10 78 98 59 63 D2 A0 00 08 12 11 00 1E 7E 7E 80 01 00 05 29 10 78 98 59 63 27 DA 00 09 12 11 00 90 7E 7E 80 01 00 05 29 10 78 98 59 63 1A A9 00 0A 12 11 00 DD 7E 7E 80 01 00 05 29 10 78 98 59 63 CB 46 00 0B 12 11 00 E2 7E 7E 80 01 00 05 29 10 78 98 59 63 DB 77 00 0C 12 11 00 C4 7E 7E 80 01 00 05 29 10 78 98 59 63 D8 83 00 0D 12 11 00 32 7E 7E 80 01 00 05 29 10 78 98 59 63 DF C4 00 0E 12 11 00 71 7E 7E 80 01 00 05 29 10 78 98 59 63 76 50 00 0F 12 11 00 4D 7E 7E 80 01 00 05 29 10 78 98 59 63 AA 14 00 10 12 11 00 CA 7E 7E 80 01 00 05 29 10 78 98 59 63 45 B5 00 11 12 11 00 85 7E 7E 80 01 00 05 29 10 78 98 59 63 20 FF 00 12 12 11 00 A9 7E 7E 80 01 00 05 29 10 78 98 59 63 F2 9B 00 13 12 11 00 1E 7E 7E 80 01 00 05 29 10 78 98 59 63 56 DE 00 14 12 11 00 F8 7E 7E 80 01 00 05 29 10 78 98 59 63 E9 87 00 15 12 11 00 1F 7E 7E 80 01 00 05 29 10 78 98 59 63 C7 C4 00 16 12 11 00 71 7E 7E 80 01 00 05 29 10 78 98 59 63 11 09 00 17 12 11 00 6B 7E 7E 80 01 00 05 29 10 78 98 59 63 E1 8B 00 18 12 11 00 16 7E 7E 80 01 00 05 29 10 78 98 59 63 1A B1 00 19 12 11 00 D6 7E 7E 80 01 00 05 29 10 78 98 59 63 33 FB 00 1A 12 11 00 B6 7E 7E 80 01 00 05 29 10 78 98 59 63 2A CC 00 1B 12 11 00 99 7E 7E 80 01 00 05 29 10 78 98 59 63 21 07 00 1C 12 11 00 5E 7E 7E 80 01 00 05 29 10 78 98 59 63 57 F9 00 1D 12 11 00 D7 7E 7E 80 01 00 05 29 10 78 98 59 63 E8 6C 00 1E 12 11 00 FE 7E 7E 80 01 00 05 29 10 78 98 59 63 13 78 00 1F 12 11 00 10 7E 7E 80 01 00 05 29 10 78 98 59 63 9E 72 00 20 12 11 00 A8 7E 7E 80 01 00 05 29 10 78 98 59 63 14 0F 00 21 12 11 00 5E 7E 7E 80 01 00 05 29 10 78 98 59 63 93 0C 00 22 12 11 00 D9 7E 7E 80 01 00 05 29 10 78 98 59 63 D3 F7 00 23 12 11 00 63 7E 7E 80 01 00 05 29 10 78 98 59 63 75 F7 00 24 12 11 00 C2 7E 7E 80 01 00 05 29 10 78 98 59 63 36 44 00 25 12 11 00 33 7E 7E 80 01 00 05 29 10 78 98 59 63 C7 23 00 26 12 11 00 A6 7E 7E 80 01 00 05 29 10 78 98 59 63 07 BF 00 27 12 11 00 FB 7E 7E 80 01 00 05 29 10 78 98 59 63 C9 92 00 28 12 11 00 17 7E 7E 80 01 00 05 29 10 78 98 59 63 35 D1 00 29 12 11 00 A9 7E 7E 80 01 00 05 29 10 78 98 59 63 53 FC 00 2A 12 11 00 E1 7E 7E 80 01 00 05 29 10 78 98 59 63 FB 47 00 2B 12 11 00 F3 7E 7E 80 01 00 05 29 10 78 98 59 63 CD B5 00 2C 12 11 00 30 7E 7E 80 01 00 05 29 10 78 98 59 63 11 FA 00 2D 12 11 00 A2 7E 7E 80 01 00 05 29 10 78 98 59 63 F7 B4 00 2E 12 11 00 09 7E 7E 80 01 00 05 29 10 78 98 59 63 9B 88 00 2F 12 11 00 58 7E 7E 80 01 00 05 29 10 78 98 59 63 3E 69 00 30 12 11 00 03 7E 7E 80 01 00 05 29 10 78 98 59 63 49 17 00 31 12 11 00 0B 7E 7E 80 01 00 05 29 10 78 98 59 63 0D 2E 00 32 12 11 00 75 7E 7E 80 01 00 05 29 10 78 98 59 63 A7 5F 00 33 12 11 00 AF 7E 7E 80 01 00 05 29 10 78 98 59 63 5A 9C 00 34 12 11 00 96 7E 7E 80 01 00 05 29 10 78 98 59 63 10 A8 00 35 12 11 00 E9 7E 7E 80 01 00 05 29 10 78 98 59 63 38 69 00 36 12 11 00 03 7E 7E 80 01 00 05 29 10 78 98 59 63 08 2F 00 37 12 11 00 74 7E 7E 80 01 00 05 29 10 78 98 59 63 6B 3A 00 38 12 11 00 0D 7E 7E 80 01 00 05 29 10 78 98 59 63 63 61 00 39 12 11 00 5F 7E 7E 80 01 00 05 29 10 78 98 59 63 A8 DC 00 3A 12 11 00 2A 7E 7E 80 01 00 05 29 10 78 98 59 63 6C BA 00 3B 12 11 00 89 7E 7E 80 01 00 05 29 10 78 98 59 63 30 7F 00 3C 12 11 00 17 7E 7E 80 01 00 05 29 10 78 98 59 63 FC 68 00 3D 12 11 00 CD 7E 7E 80 01 00 05 29 10 78 98 59 63 FA 92 00 3E 12 11 00 32 7E 7E 80 01 00 05 29 10 78 98 59 63 F1 8D 00 3F 12 11 00 27 7E 7E 80 01 00 05 29 10 78 98 59 63 73 D0 00 40 12 11 00 87 7E 7E 80 01 00 05 29 10 78 98 59 63 EA 1E 00 41 12 11 00 D1 7E 7E 80 01 00 05 29 10 78 98 59 63 F1 15 00 42 12 11 00 C2 7E 7E 80 01 00 05 29 10 78 98 59 63 64 6E 00 43 12 11 00 2D 7E 7E 92 12 00 36 29 10 78 98 59 63 46 F7 32 30 32 5F 36 34 5F 36 34 30 31 5F 30 33 5F 32 39 31 30 37 38 39 38 35 39 36 33 30 30 32 36 30 34 30 35 32 33 31 38 35 35 30 37 30 32 30 30 2E 6D 70 34 02 00 00 D6 7E"}
{"ts":"2026-04-05T23:19:33.073Z","level":"INFO","device":"291078985963","event":"MEDIA_CLOSED","detail":""}
{"ts":"2026-04-05T23:19:33.084Z","level":"INFO","device":"868120100008","event":"MEDIA_RX","detail":"7E 80 01 00 05 86 81 20 10 00 08 F8 65 00 04 12 11 00 21 7E 7E 80 01 00 05 86 81 20 10 00 08 6D 44 00 05 12 11 00 94 7E 7E 80 01 00 05 86 81 20 10 00 08 53 F2 00 06 12 11 00 1F 7E 7E 80 01 00 05 86 81 20 10 00 08 44 45 00 07 12 11 00 BE 7E 7E 80 01 00 05 86 81 20 10 00 08 CE 81 00 08 12 11 00 FF 7E 7E 80 01 00 05 86 81 20 10 00 08 0F 5D 00 09 12 11 00 E3 7E 7E 80 01 00 05 86 81 20 10 00 08 93 8D 00 0A 12 11 00 AC 7E 7E 80 01 00 05 86 81 20 10 00 08 54 5A 00 0B 12 11 00 BD 7E 7E 80 01 00 05 86 81 20 10 00 08 85 FE 00 0C 12 11 00 CF 7E 7E 80 01 00 05 86 81 20 10 00 08 49 64 00 0D 12 11 00 98 7E 7E 80 01 00 05 86 81 20 10 00 08 D2 E1 00 0E 12 11 00 85 7E 7E 80 01 00 05 86 81 20 10 00 08 E9 1C 00 0F 12 11 00 42 7E 7E 80 01 00 05 86 81 20 10 00 08 68 F4 00 10 12 11 00 34 7E 7E 80 01 00 05 86 81 20 10 00 08 9D AC 00 11 12 11 00 98 7E 7E 80 01 00 05 86 81 20 10 00 08 C9 DE 00 12 12 11 00 BD 7E 7E 80 01 00 05 86 81 20 10 00 08 18 BD 00 13 12 11 00 0E 7E 7E 80 01 00 05 86 81 20 10 00 08 9B 1C 00 14 12 11 00 2B 7E 7E 80 01 00 05 86 81 20 10 00 08 06 0E 00 15 12 11 00 A5 7E 7E 80 01 00 05 86 81 20 10 00 08 6E F9 00 16 12 11 00 39 7E 7E 80 01 00 05 86 81 20 10 00 08 55 42 00 17 12 11 00 B8 7E 7E 80 01 00 05 86 81 20 10 00 08 C5 57 00 18 12 11 00 32 7E 7E 80 01 00 05 86 81 20 10 00 08 6C EA 00 19 12 11 00 27 7E 7E 80 01 00 05 86 81 20 10 00 08 8D 15 00 1A 12 11 00 3A 7E 7E 80 01 00 05 86 81 20 10 00 08 83 62 00 1B 12 11 00 42 7E 7E 80 01 00 05 86 81 20 10 00 08 61 BD 00 1C 12 11 00 78 7E 7E 80 01 00 05 86 81 20 10 00 08 6A 4F 00 1D 12 11 00 80 7E 7E 80 01 00 05 86 81 20 10 00 08 45 23 00 1E 12 11 00 C0 7E 7E 80 01 00 05 86 81 20 10 00 08 B1 FA 00 1F 12 11 00 EC 7E 7E 80 01 00 05 86 81 20 10 00 08 B6 A3 00 20 12 11 00 8D 7E 7E 80 01 00 05 86 81 20 10 00 08 16 79 00 21 12 11 00 F6 7E 7E 80 01 00 05 86 81 20 10 00 08 AB 9C 00 22 12 11 00 AD 7E 7E 80 01 00 05 86 81 20 10 00 08 0C 1A 00 23 12 11 00 8D 7E 7E 80 01 00 05 86 81 20 10 00 08 D3 50 00 24 12 11 00 1F 7E"}
{"ts":"2026-04-05T23:19:33.093Z","level":"INFO","device":"868120100005","event":"MEDIA_RX","detail":"7E 80 01 00 05 86 81 20 10 00 05 EB 05 00 04 12 11 00 5F 7E 7E 80 01 00 05 86 81 20 10 00 05 55 6C 00 05 12 11 00 89 7E 7E 80 01 00 05 86 81 20 10 00 05 5C 24 00 06 12 11 00 CB 7E 7E 80 01 00 05 86 81 20 10 00 05 62 85 00 07 12 11 00 55 7E 7E 80 01 00 05 86 81 20 10 00 05 E5 80 00 08 12 11 00 D8 7E 7E 80 01 00 05 86 81 20 10 00 05 4C EC 00 09 12 11 00 1C 7E 7E 80 01 00 05 86 81 20 10 00 05 3B F4 00 0A 12 11 00 70 7E 7E 80 01 00 05 86 81 20 10 00 05 8A 27 00 0B 12 11 00 13 7E 7E 80 01 00 05 86 81 20 10 00 05 0A A9 00 0C 12 11 00 1A 7E 7E 80 01 00 05 86 81 20 10 00 05 8B 2E 00 0D 12 11 00 1D 7E 7E 80 01 00 05 86 81 20 10 00 05 C0 A5 00 0E 12 11 00 DE 7E 7E 80 01 00 05 86 81 20 10 00 05 8A 85 00 0F 12 11 00 B5 7E 7E 80 01 00 05 86 81 20 10 00 05 97 1E 00 10 12 11 00 2C 7E 7E 80 01 00 05 86 81 20 10 00 05 E5 23 00 11 12 11 00 62 7E 7E 80 01 00 05 86 81 20 10 00 05 0C 5C 00 12 12 11 00 F7 7E 7E 80 01 00 05 86 81 20 10 00 05 52 6C 00 13 12 11 00 98 7E 7E 80 01 00 05 86 81 20 10 00 05 3F C0 00 14 12 11 00 5E 7E 7E 80 01 00 05 86 81 20 10 00 05 A4 9E 00 15 12 11 00 9A 7E 7E 80 01 00 05 86 81 20 10 00 05 AE A0 00 16 12 11 00 AD 7E 7E 80 01 00 05 86 81 20 10 00 05 CD 91 00 17 12 11 00 FE 7E 7E 80 01 00 05 86 81 20 10 00 05 FF 00 00 18 12 11 00 52 7E 7E 80 01 00 05 86 81 20 10 00 05 D0 37 00 19 12 11 00 4B 7E 7E 80 01 00 05 86 81 20 10 00 05 92 60 00 1A 12 11 00 5D 7E 7E 80 01 00 05 86 81 20 10 00 05 F2 C9 00 1B 12 11 00 95 7E 7E 80 01 00 05 86 81 20 10 00 05 75 1C 00 1C 12 11 00 C0 7E 7E 80 01 00 05 86 81 20 10 00 05 85 BD 00 1D 12 11 00 90 7E 7E 80 01 00 05 86 81 20 10 00 05 BA 79 00 1E 12 11 00 68 7E 7E 80 01 00 05 86 81 20 10 00 05 D8 00 00 1F 12 11 00 72 7E 7E 80 01 00 05 86 81 20 10 00 05 71 D7 00 20 12 11 00 33 7E 7E 80 01 00 05 86 81 20 10 00 05 CE E0 00 21 12 11 00 BA 7E 7E 80 01 00 05 86 81 20 10 00 05 D1 EC 00 22 12 11 00 AA 7E 7E 80 01 00 05 86 81 20 10 00 05 57 C9 00 23 12 11 00 08 7E 7E 80 01 00 05 86 81 20 10 00 05 BB 26 00 24 12 11 00 0C 7E 7E 80 01 00 05 86 81 20 10 00 05 91 6C 00 25 12 11 00 6D 7E 7E 80 01 00 05 86 81 20 10 00 05 19 03 00 26 12 11 00 89 7E 7E 80 01 00 05 86 81 20 10 00 05 27 76 00 27 12 11 00 C3 7E 7E 80 01 00 05 86 81 20 10 00 05 B3 85 00 28 12 11 00 AB 7E 7E 80 01 00 05 86 81 20 10 00 05 C7 A6 00 29 12 11 00 FD 7E 7E 80 01 00 05 86 81 20 10 00 05 2E 65 00 2A 12 11 00 D4 7E 7E 80 01 00 05 86 81 20 10 00 05 7C 4B 00 2B 12 11 00 A9 7E 7E 80 01 00 05 86 81 20 10 00 05 E6 C4 00 2C 12 11 00 BB 7E 7E 80 01 00 05 86 81 20 10 00 05 EB BC 00 2D 12 11 00 CF 7E 7E 80 01 00 05 86 81 20 10 00 05 16 0F 00 2E 12 11 00 82 7E 7E 80 01 00 05 86 81 20 10 00 05 6F 4D 00 2F 12 11 00 B8 7E 7E 80 01 00 05 86 81 20 10 00 05 DD F7 00 30 12 11 00 AF 7E 7E 80 01 00 05 86 81 20 10 00 05 B0 39 00 31 12 11 00 0D 7E 7E 80 01 00 05 86 81 20 10 00 05 FC 49 00 32 12 11 00 32 7E 7E 80 01 00 05 86 81 20 10 00 05 71 EE 00 33 12 11 00 19 7E 7E 80 01 00 05 86 81 20 10 00 05 D3 67 00 34 12 11 00 35 7E 7E 80 01 00 05 86 81 20 10 00 05 2A 3A 00 35 12 11 00 90 7E 7E 80 01 00 05 86 81 20 10 00 05 CF CE 00 36 12 11 00 82 7E 7E 80 01 00 05 86 81 20 10 00 05 77 08 00 37 12 11 00 FD 7E 7E 80 01 00 05 86 81 20 10 00 05 4C 5A 00 38 12 11 00 9B 7E 7E 80 01 00 05 86 81 20 10 00 05 B7 8F 00 39 12 11 00 B4 7E 7E 80 01 00 05 86 81 20 10 00 05 CD A2 00 3A 12 11 00 E0 7E 7E 80 01 00 05 86 81 20 10 00 05 F1 FE 00 3B 12 11 00 81 7E 7E 80 01 00 05 86 81 20 10 00 05 F2 1F 00 3C 12 11 00 64 7E 7E 80 01 00 05 86 81 20 10 00 05 2F C0 00 3D 12 11 00 67 7E 7E 80 01 00 05 86 81 20 10 00 05 F4 FB 00 3E 12 11 00 84 7E 7E 80 01 00 05 86 81 20 10 00 05 19 6D 00 3F 12 11 00 FE 7E 7E 80 01 00 05 86 81 20 10 00 05 54 77 00 40 12 11 00 D6 7E 7E 80 01 00 05 86 81 20 10 00 05 6F C6 00 41 12 11 00 5D 7E 7E 80 01 00 05 86 81 20 10 00 05 9F 3A 00 42 12 11 00 52 7E 7E 80 01 00 05 86 81 20 10 00 05 8B C0 00 43 12 11 00 BD 7E 7E 92 12 00 36 86 81 20 10 00 05 88 EE 32 30 32 5F 36 34 5F 36 34 30 31 5F 30 33 5F 38 36 38 31 32 30 31 30 30 30 30 35 30 30 32 36 30 34 30 35 32 33 31 38 35 36 30 37 30 32 30 30 2E 6D 70 34 02 00 00 DF 7E"}
{"ts":"2026-04-05T23:19:33.094Z","level":"INFO","device":"868120100005","event":"MEDIA_CLOSED","detail":""}
{"ts":"2026-04-05T23:19:33.098Z","level":"ERROR","device":"868120100006","event":"MEDIA_ERROR","detail":"54.37.225.65:3378 — read ECONNRESET"}
{"ts":"2026-04-05T23:19:33.099Z","level":"INFO","device":"868120100006","event":"MEDIA_CLOSED","detail":""}
{"ts":"2026-04-05T23:19:33.118Z","level":"INFO","device":"868120100007","event":"BATCH_COMPLETE","detail":"All 2 files sent"}
{"ts":"2026-04-05T23:19:33.121Z","level":"INFO","device":"868120100008","event":"BATCH_COMPLETE","detail":"All 2 files sent"}
{"ts":"2026-04-05T23:19:33.186Z","level":"INFO","device":"868120100003","event":"MEDIA_RX","detail":"7E 80 01 00 05 86 81 20 10 00 03 6F ED 00 04 12 11 00 35 7E 7E 80 01 00 05 86 81 20 10 00 03 52 BB 00 05 12 11 00 5F 7E 7E 80 01 00 05 86 81 20 10 00 03 99 05 00 06 12 11 00 29 7E 7E 80 01 00 05 86 81 20 10 00 03 15 A5 00 07 12 11 00 04 7E 7E 80 01 00 05 86 81 20 10 00 03 5A 3F 00 08 12 11 00 DE 7E 7E 80 01 00 05 86 81 20 10 00 03 8D 63 00 09 12 11 00 54 7E 7E 80 01 00 05 86 81 20 10 00 03 C8 27 00 0A 12 11 00 56 7E 7E 80 01 00 05 86 81 20 10 00 03 61 D5 00 0B 12 11 00 0C 7E 7E 80 01 00 05 86 81 20 10 00 03 96 06 00 0C 12 11 00 2F 7E 7E 80 01 00 05 86 81 20 10 00 03 D3 42 00 0D 12 11 00 2F 7E 7E 80 01 00 05 86 81 20 10 00 03 0E 14 00 0E 12 11 00 A7 7E 7E 80 01 00 05 86 81 20 10 00 03 1A 61 00 0F 12 11 00 C7 7E 7E 80 01 00 05 86 81 20 10 00 03 E3 A2 00 10 12 11 00 E2 7E 7E 80 01 00 05 86 81 20 10 00 03 64 ED 00 11 12 11 00 2B 7E 7E 80 01 00 05 86 81 20 10 00 03 A0 BD 00 12 12 11 00 BC 7E 7E 80 01 00 05 86 81 20 10 00 03 5E 35 00 13 12 11 00 CB 7E 7E 80 01 00 05 86 81 20 10 00 03 FA 81 00 14 12 11 00 DC 7E 7E 80 01 00 05 86 81 20 10 00 03 74 2D 00 15 12 11 00 FF 7E 7E 80 01 00 05 86 81 20 10 00 03 CE 17 00 16 12 11 00 7C 7E 7E 80 01 00 05 86 81 20 10 00 03 C0 FC 00 17 12 11 00 98 7E 7E 80 01 00 05 86 81 20 10 00 03 3C C1 00 18 12 11 00 56 7E 7E 80 01 00 05 86 81 20 10 00 03 1B D4 00 19 12 11 00 65 7E 7E 80 01 00 05 86 81 20 10 00 03 31 80 00 1A 12 11 00 18 7E 7E 80 01 00 05 86 81 20 10 00 03 FE 5E 00 1B 12 11 00 08 7E 7E 80 01 00 05 86 81 20 10 00 03 CB 48 00 1C 12 11 00 2C 7E 7E 80 01 00 05 86 81 20 10 00 03 7C 69 00 1D 12 11 00 BB 7E 7E 80 01 00 05 86 81 20 10 00 03 A9 6A 00 1E 12 11 00 6E 7E 7E 80 01 00 05 86 81 20 10 00 03 55 1A 00 1F 12 11 00 E3 7E 7E 80 01 00 05 86 81 20 10 00 03 B1 18 00 20 12 11 00 3A 7E 7E 80 01 00 05 86 81 20 10 00 03 82 67 00 21 12 11 00 77 7E 7E 80 01 00 05 86 81 20 10 00 03 40 A9 00 22 12 11 00 78 7E 7E 80 01 00 05 86 81 20 10 00 03 C3 0B 00 23 12 11 00 58 7E 7E 80 01 00 05 86 81 20 10 00 03 88 F0 00 24 12 11 00 EF 7E 7E 80 01 00 05 86 81 20 10 00 03 35 C5 00 25 12 11 00 66 7E 7E 80 01 00 05 86 81 20 10 00 03 0B 02 00 26 12 11 00 9C 7E 7E 80 01 00 05 86 81 20 10 00 03 F8 13 00 27 12 11 00 7F 7E 7E 80 01 00 05 86 81 20 10 00 03 FD 07 00 28 12 11 00 61 7E 7E 80 01 00 05 86 81 20 10 00 03 45 27 00 29 12 11 00 F8 7E 7E 80 01 00 05 86 81 20 10 00 03 9F 46 00 2A 12 11 00 40 7E 7E 80 01 00 05 86 81 20 10 00 03 AB 49 00 2B 12 11 00 7A 7E 7E 80 01 00 05 86 81 20 10 00 03 9B A7 00 2C 12 11 00 A3 7E 7E 80 01 00 05 86 81 20 10 00 03 23 79 00 2D 12 11 00 C4 7E 7E 80 01 00 05 86 81 20 10 00 03 8E 76 00 2E 12 11 00 65 7E 7E 80 01 00 05 86 81 20 10 00 03 B3 D3 00 2F 12 11 00 FC 7E 7E 80 01 00 05 86 81 20 10 00 03 94 D5 00 30 12 11 00 C2 7E 7E 80 01 00 05 86 81 20 10 00 03 0D C8 00 31 12 11 00 47 7E 7E 80 01 00 05 86 81 20 10 00 03 56 4C 00 32 12 11 00 9B 7E 7E 80 01 00 05 86 81 20 10 00 03 3E 7D 02 00 33 12 11 00 C0 7E 7E 80 01 00 05 86 81 20 10 00 03 2A F1 00 34 12 11 00 5C 7E 7E 80 01 00 05 86 81 20 10 00 03 FC 49 00 35 12 11 00 33 7E 7E 80 01 00 05 86 81 20 10 00 03 3A E3 00 36 12 11 00 5C 7E 7E 80 01 00 05 86 81 20 10 00 03 8B 21 00 37 12 11 00 2E 7E 7E 80 01 00 05 86 81 20 10 00 03 74 63 00 38 12 11 00 9C 7E 7E 80 01 00 05 86 81 20 10 00 03 7F 1E 00 39 12 11 00 EB 7E 7E 80 01 00 05 86 81 20 10 00 03 D1 62 00 3A 12 11 00 3A 7E 7E 80 01 00 05 86 81 20 10 00 03 D0 99 00 3B 12 11 00 C1 7E 7E 80 01 00 05 86 81 20 10 00 03 03 6B 00 3C 12 11 00 E7 7E 7E 80 01 00 05 86 81 20 10 00 03 88 3D 00 3D 12 11 00 3B 7E 7E 80 01 00 05 86 81 20 10 00 03 87 0D 00 3E 12 11 00 07 7E 7E 80 01 00 05 86 81 20 10 00 03 D0 1A 00 3F 12 11 00 46 7E 7E 80 01 00 05 86 81 20 10 00 03 47 AA 00 40 12 11 00 1E 7E 7E 80 01 00 05 86 81 20 10 00 03 DB 96 00 41 12 11 00 BF 7E 7E 80 01 00 05 86 81 20 10 00 03 E7 6F 00 42 12 11 00 79 7E 7E 80 01 00 05 86 81 20 10 00 03 11 53 00 43 12 11 00 B2 7E 7E 92 12 00 36 86 81 20 10 00 03 51 D0 32 30 32 5F 36 34 5F 36 34 30 31 5F 30 33 5F 38 36 38 31 32 30 31 30 30 30 30 33 30 30 32 36 30 34 30 35 32 33 31 38 35 35 30 37 30 32 30 30 2E 6D 70 34 02 00 00 3B 7E"}
{"ts":"2026-04-05T23:19:33.188Z","level":"INFO","device":"868120100003","event":"MEDIA_CLOSED","detail":""}
{"ts":"2026-04-05T23:19:33.324Z","level":"ERROR","device":"868120100002","event":"MEDIA_ERROR","detail":"54.37.225.65:3378 — read ECONNRESET"}
{"ts":"2026-04-05T23:19:33.324Z","level":"INFO","device":"868120100002","event":"MEDIA_CLOSED","detail":""}
{"ts":"2026-04-05T23:19:33.483Z","level":"INFO","device":"100000000010","event":"MEDIA_RX","detail":"7E 80 01 00 05 10 00 00 00 00 10 DE 10 00 04 12 11 00 4D 7E 7E 80 01 00 05 10 00 00 00 00 10 51 87 00 05 12 11 00 54 7E 7E 80 01 00 05 10 00 00 00 00 10 21 EF 00 06 12 11 00 4F 7E 7E 80 01 00 05 10 00 00 00 00 10 44 51 00 07 12 11 00 95 7E 7E 80 01 00 05 10 00 00 00 00 10 5B FC 00 08 12 11 00 28 7E 7E 80 01 00 05 10 00 00 00 00 10 5E B3 00 09 12 11 00 63 7E 7E 80 01 00 05 10 00 00 00 00 10 9D 43 00 0A 12 11 00 53 7E 7E 80 01 00 05 10 00 00 00 00 10 EB 21 00 0B 12 11 00 46 7E 7E 80 01 00 05 10 00 00 00 00 10 45 F3 00 0C 12 11 00 3D 7E 7E 80 01 00 05 10 00 00 00 00 10 BD 06 00 0D 12 11 00 31 7E 7E 80 01 00 05 10 00 00 00 00 10 9D A8 00 0E 12 11 00 BC 7E 7E 80 01 00 05 10 00 00 00 00 10 C2 46 00 0F 12 11 00 0C 7E 7E 80 01 00 05 10 00 00 00 00 10 41 9B 00 10 12 11 00 4D 7E 7E 80 01 00 05 10 00 00 00 00 10 92 AC 00 11 12 11 00 A8 7E 7E 80 01 00 05 10 00 00 00 00 10 CF 5A 00 12 12 11 00 00 7E 7E 80 01 00 05 10 00 00 00 00 10 88 F2 00 13 12 11 00 EE 7E 7E 80 01 00 05 10 00 00 00 00 10 7D 02 CB 00 14 12 11 00 26 7E 7E 80 01 00 05 10 00 00 00 00 10 B2 A2 00 15 12 11 00 82 7E 7E 80 01 00 05 10 00 00 00 00 10 95 89 00 16 12 11 00 8D 7E 7E 80 01 00 05 10 00 00 00 00 10 C5 FD 00 17 12 11 00 A8 7E 7E 80 01 00 05 10 00 00 00 00 10 31 BB 00 18 12 11 00 15 7E 7E 80 01 00 05 10 00 00 00 00 10 A0 3A 00 19 12 11 00 04 7E 7E 80 01 00 05 10 00 00 00 00 10 BC C0 00 1A 12 11 00 E1 7E 7E 80 01 00 05 10 00 00 00 00 10 8F DB 00 1B 12 11 00 C8 7E 7E 80 01 00 05 10 00 00 00 00 10 2E 79 00 1C 12 11 00 CC 7E 7E 80 01 00 05 10 00 00 00 00 10 A5 3D 00 1D 12 11 00 02 7E 7E 80 01 00 05 10 00 00 00 00 10 CB 1C 00 1E 12 11 00 4E 7E 7E 80 01 00 05 10 00 00 00 00 10 3E 83 00 1F 12 11 00 25 7E 7E 80 01 00 05 10 00 00 00 00 10 79 6A 00 20 12 11 00 B4 7E 7E 80 01 00 05 10 00 00 00 00 10 C0 E8 00 21 12 11 00 8E 7E 7E 80 01 00 05 10 00 00 00 00 10 8B FC 00 22 12 11 00 D2 7E 7E 80 01 00 05 10 00 00 00 00 10 7C 35 00 23 12 11 00 ED 7E 7E 80 01 00 05 10 00 00 00 00 10 07 B2 00 24 12 11 00 16 7E 7E 80 01 00 05 10 00 00 00 00 10 19 12 00 25 12 11 00 A9 7E 7E 80 01 00 05 10 00 00 00 00 10 CA 41 00 26 12 11 00 2A 7E 7E 80 01 00 05 10 00 00 00 00 10 63 61 00 27 12 11 00 A2 7E 7E 80 01 00 05 10 00 00 00 00 10 51 21 00 28 12 11 00 DF 7E 7E 80 01 00 05 10 00 00 00 00 10 0B 80 00 29 12 11 00 25 7E 7E 80 01 00 05 10 00 00 00 00 10 99 04 00 2A 12 11 00 30 7E 7E 80 01 00 05 10 00 00 00 00 10 C5 E4 00 2B 12 11 00 8D 7E 7E 80 01 00 05 10 00 00 00 00 10 64 70 00 2C 12 11 00 BF 7E 7E 80 01 00 05 10 00 00 00 00 10 92 A6 00 2D 12 11 00 9E 7E 7E 80 01 00 05 10 00 00 00 00 10 23 90 00 2E 12 11 00 1A 7E 7E 80 01 00 05 10 00 00 00 00 10 53 41 00 2F 12 11 00 BA 7E 7E 80 01 00 05 10 00 00 00 00 10 76 06 00 30 12 11 00 C7 7E 7E 80 01 00 05 10 00 00 00 00 10 8C CA 00 31 12 11 00 F0 7E 7E 80 01 00 05 10 00 00 00 00 10 6C 9A 00 32 12 11 00 43 7E 7E 80 01 00 05 10 00 00 00 00 10 A9 EA 00 33 12 11 00 F7 7E 7E 80 01 00 05 10 00 00 00 00 10 5B A0 00 34 12 11 00 48 7E 7E 80 01 00 05 10 00 00 00 00 10 16 CE 00 35 12 11 00 6A 7E 7E 80 01 00 05 10 00 00 00 00 10 5B D5 00 36 12 11 00 3F 7E 7E 80 01 00 05 10 00 00 00 00 10 28 10 00 37 12 11 00 88 7E 7E 80 01 00 05 10 00 00 00 00 10 6B 92 00 38 12 11 00 46 7E 7E 80 01 00 05 10 00 00 00 00 10 51 E2 00 39 12 11 00 0D 7E 7E 80 01 00 05 10 00 00 00 00 10 3E 3D 00 3A 12 11 00 BE 7E 7E 80 01 00 05 10 00 00 00 00 10 64 F7 00 3B 12 11 00 2F 7E 7E 80 01 00 05 10 00 00 00 00 10 16 16 00 3C 12 11 00 BB 7E 7E 80 01 00 05 10 00 00 00 00 10 47 EF 00 3D 12 11 00 12 7E 7E 80 01 00 05 10 00 00 00 00 10 3A 98 00 3E 12 11 00 1B 7E 7E 80 01 00 05 10 00 00 00 00 10 64 7D 02 00 3F 12 11 00 A2 7E 7E 80 01 00 05 10 00 00 00 00 10 70 9B 00 40 12 11 00 2C 7E 7E 80 01 00 05 10 00 00 00 00 10 D5 A3 00 41 12 11 00 B0 7E 7E 80 01 00 05 10 00 00 00 00 10 6B C1 00 42 12 11 00 6F 7E 7E 80 01 00 05 10 00 00 00 00 10 9B BB 00 43 12 11 00 E4 7E 7E 92 12 00 36 10 00 00 00 00 10 0F 7F 32 30 32 5F 36 34 5F 36 34 30 31 5F 30 33 5F 31 30 30 30 30 30 30 30 30 30 31 30 30 30 32 36 30 34 30 35 32 33 31 38 35 36 30 37 30 32 30 30 2E 6D 70 34 02 00 00 FA 7E"}
{"ts":"2026-04-05T23:19:33.483Z","level":"INFO","device":"100000000010","event":"MEDIA_CLOSED","detail":""}
{"ts":"2026-04-05T23:19:33.492Z","level":"ERROR","device":"868120100008","event":"MEDIA_ERROR","detail":"54.37.225.65:3378 — read ECONNRESET"}
{"ts":"2026-04-05T23:19:33.492Z","level":"INFO","device":"868120100008","event":"MEDIA_CLOSED","detail":""}
{"ts":"2026-04-05T23:19:33.539Z","level":"INFO","device":"868120100007","event":"MEDIA_RX","detail":"7E 80 01 00 05 86 81 20 10 00 07 71 E5 00 04 12 11 00 27 7E 7E 80 01 00 05 86 81 20 10 00 07 11 36 00 05 12 11 00 95 7E 7E 80 01 00 05 86 81 20 10 00 07 0F F8 00 06 12 11 00 46 7E 7E 80 01 00 05 86 81 20 10 00 07 4B 6F 00 07 12 11 00 94 7E 7E 80 01 00 05 86 81 20 10 00 07 11 E5 00 08 12 11 00 4B 7E 7E 80 01 00 05 86 81 20 10 00 07 AB D8 00 09 12 11 00 CD 7E 7E 80 01 00 05 86 81 20 10 00 07 7F C7 00 0A 12 11 00 05 7E 7E 80 01 00 05 86 81 20 10 00 07 2A 4D 00 0B 12 11 00 DB 7E 7E 80 01 00 05 86 81 20 10 00 07 50 F3 00 0C 12 11 00 18 7E 7E 80 01 00 05 86 81 20 10 00 07 1A 9E 00 0D 12 11 00 3E 7E 7E 80 01 00 05 86 81 20 10 00 07 62 AD 00 0E 12 11 00 76 7E 7E 80 01 00 05 86 81 20 10 00 07 47 88 00 0F 12 11 00 77 7E 7E 80 01 00 05 86 81 20 10 00 07 18 1A 00 10 12 11 00 A5 7E 7E 80 01 00 05 86 81 20 10 00 07 39 8A 00 11 12 11 00 15 7E 7E 80 01 00 05 86 81 20 10 00 07 74 7F 00 12 12 11 00 AE 7E 7E 80 01 00 05 86 81 20 10 00 07 2C 89 00 13 12 11 00 01 7E 7E 80 01 00 05 86 81 20 10 00 07 FD A5 00 14 12 11 00 FB 7E 7E 80 01 00 05 86 81 20 10 00 07 C8 32 00 15 12 11 00 58 7E 7E 80 01 00 05 86 81 20 10 00 07 5E 88 00 16 12 11 00 77 7E 7E 80 01 00 05 86 81 20 10 00 07 88 93 00 17 12 11 00 BB 7E 7E 80 01 00 05 86 81 20 10 00 07 32 D4 00 18 12 11 00 49 7E 7E 80 01 00 05 86 81 20 10 00 07 65 EF 00 19 12 11 00 24 7E 7E 80 01 00 05 86 81 20 10 00 07 6F 40 00 1A 12 11 00 82 7E 7E 80 01 00 05 86 81 20 10 00 07 CD C2 00 1B 12 11 00 A3 7E 7E 80 01 00 05 86 81 20 10 00 07 7D 01 21 00 1C 12 11 00 F7 7E 7E 80 01 00 05 86 81 20 10 00 07 8D A5 00 1D 12 11 00 82 7E 7E 80 01 00 05 86 81 20 10 00 07 96 70 00 1E 12 11 00 4F 7E 7E 80 01 00 05 86 81 20 10 00 07 56 A0 00 1F 12 11 00 5E 7E 7E 80 01 00 05 86 81 20 10 00 07 0E 42 00 20 12 11 00 DB 7E 7E 80 01 00 05 86 81 20 10 00 07 E2 BB 00 21 12 11 00 CF 7E 7E 80 01 00 05 86 81 20 10 00 07 5F EC 00 22 12 11 00 26 7E 7E 80 01 00 05 86 81 20 10 00 07 06 AF 00 23 12 11 00 3D 7E 7E 80 01 00 05 86 81 20 10 00 07 38 DD 00 24 12 11 00 76 7E 7E 80 01 00 05 86 81 20 10 00 07 9A F4 00 25 12 11 00 FC 7E 7E 80 01 00 05 86 81 20 10 00 07 60 A4 00 26 12 11 00 55 7E 7E 80 01 00 05 86 81 20 10 00 07 5B 45 00 27 12 11 00 8E 7E 7E 80 01 00 05 86 81 20 10 00 07 F1 77 00 28 12 11 00 19 7E 7E 80 01 00 05 86 81 20 10 00 07 4F E0 00 29 12 11 00 31 7E 7E 80 01 00 05 86 81 20 10 00 07 88 A4 00 2A 12 11 00 B1 7E 7E 80 01 00 05 86 81 20 10 00 07 93 93 00 2B 12 11 00 9C 7E 7E 80 01 00 05 86 81 20 10 00 07 31 21 00 2C 12 11 00 8B 7E 7E 80 01 00 05 86 81 20 10 00 07 FD E6 00 2D 12 11 00 81 7E 7E 80 01 00 05 86 81 20 10 00 07 21 E4 00 2E 12 11 00 5C 7E 7E 80 01 00 05 86 81 20 10 00 07 4A A8 00 2F 12 11 00 7A 7E 7E 80 01 00 05 86 81 20 10 00 07 D3 24 00 30 12 11 00 70 7E 7E 80 01 00 05 86 81 20 10 00 07 90 E3 00 31 12 11 00 F5 7E 7E 80 01 00 05 86 81 20 10 00 07 D0 2F 00 32 12 11 00 7A 7E 7E 80 01 00 05 86 81 20 10 00 07 6D AC 00 33 12 11 00 45 7E 7E 80 01 00 05 86 81 20 10 00 07 98 29 00 34 12 11 00 32 7E 7E 80 01 00 05 86 81 20 10 00 07 45 CB 00 35 12 11 00 0C 7E 7E 80 01 00 05 86 81 20 10 00 07 E8 9C 00 36 12 11 00 F5 7E 7E 80 01 00 05 86 81 20 10 00 07 73 00 00 37 12 11 00 F3 7E 7E 80 01 00 05 86 81 20 10 00 07 13 2D 00 38 12 11 00 B1 7E 7E 80 01 00 05 86 81 20 10 00 07 5D 9D 00 39 12 11 00 4E 7E 7E 80 01 00 05 86 81 20 10 00 07 24 E6 00 3A 12 11 00 4F 7E 7E 80 01 00 05 86 81 20 10 00 07 57 07 00 3B 12 11 00 DC 7E 7E 80 01 00 05 86 81 20 10 00 07 3D C2 00 3C 12 11 00 74 7E 7E 80 01 00 05 86 81 20 10 00 07 C7 48 00 3D 12 11 00 05 7E 7E 80 01 00 05 86 81 20 10 00 07 79 41 00 3E 12 11 00 B1 7E 7E 80 01 00 05 86 81 20 10 00 07 27 49 00 3F 12 11 00 E6 7E 7E 80 01 00 05 86 81 20 10 00 07 09 0A 00 40 12 11 00 F4 7E 7E 80 01 00 05 86 81 20 10 00 07 39 F6 00 41 12 11 00 39 7E 7E 80 01 00 05 86 81 20 10 00 07 07 8D 00 42 12 11 00 7F 7E 7E 80 01 00 05 86 81 20 10 00 07 36 F2 00 43 12 11 00 30 7E 7E 92 12 00 36 86 81 20 10 00 07 96 8F 32 30 32 5F 36 34 5F 36 34 30 31 5F 30 33 5F 38 36 38 31 32 30 31 30 30 30 30 37 30 30 32 36 30 34 30 35 32 33 31 38 35 36 30 37 30 32 30 30 2E 6D 70 34 02 00 00 A0 7E"}
{"ts":"2026-04-05T23:19:33.540Z","level":"INFO","device":"868120100007","event":"MEDIA_CLOSED","detail":""}
{"ts":"2026-04-05T23:19:41.297Z","level":"INFO","device":"291078985963","event":"GPS_SENT","detail":""}
{"ts":"2026-04-05T23:19:41.316Z","level":"INFO","device":"868120100009","event":"GPS_SENT","detail":""}
{"ts":"2026-04-05T23:19:41.375Z","level":"INFO","device":"868120100005","event":"GPS_SENT","detail":""}
{"ts":"2026-04-05T23:19:41.432Z","level":"INFO","device":"868120100004","event":"GPS_SENT","detail":""}
{"ts":"2026-04-05T23:19:41.480Z","level":"INFO","device":"868120100006","event":"GPS_SENT","detail":""}
{"ts":"2026-04-05T23:19:41.499Z","level":"INFO","device":"291078985963","event":"RX_MSG","detail":"0x8001 bodyLen=5"}
{"ts":"2026-04-05T23:19:41.501Z","level":"INFO","device":"291078985963","event":"SERVER_ACK","detail":"0x0200 result=OK"}
{"ts":"2026-04-05T23:19:41.526Z","level":"INFO","device":"868120100009","event":"RX_MSG","detail":"0x8001 bodyLen=5"}
{"ts":"2026-04-05T23:19:41.527Z","level":"INFO","device":"868120100009","event":"SERVER_ACK","detail":"0x0200 result=OK"}
{"ts":"2026-04-05T23:19:41.563Z","level":"INFO","device":"868120100003","event":"GPS_SENT","detail":""}
{"ts":"2026-04-05T23:19:41.578Z","level":"INFO","device":"868120100005","event":"RX_MSG","detail":"0x8001 bodyLen=5"}
{"ts":"2026-04-05T23:19:41.578Z","level":"INFO","device":"868120100005","event":"SERVER_ACK","detail":"0x0200 result=OK"}
{"ts":"2026-04-05T23:19:41.616Z","level":"INFO","device":"868120100004","event":"RX_MSG","detail":"0x8001 bodyLen=5"}
{"ts":"2026-04-05T23:19:41.617Z","level":"INFO","device":"868120100004","event":"SERVER_ACK","detail":"0x0200 result=OK"}
{"ts":"2026-04-05T23:19:41.685Z","level":"INFO","device":"868120100006","event":"RX_MSG","detail":"0x8001 bodyLen=5"}
{"ts":"2026-04-05T23:19:41.685Z","level":"INFO","device":"868120100006","event":"SERVER_ACK","detail":"0x0200 result=OK"}
{"ts":"2026-04-05T23:19:41.697Z","level":"INFO","device":"868120100002","event":"GPS_SENT","detail":""}
{"ts":"2026-04-05T23:19:41.766Z","level":"INFO","device":"868120100003","event":"RX_MSG","detail":"0x8001 bodyLen=5"}
{"ts":"2026-04-05T23:19:41.766Z","level":"INFO","device":"868120100003","event":"SERVER_ACK","detail":"0x0200 result=OK"}
{"ts":"2026-04-05T23:19:41.842Z","level":"INFO","device":"100000000010","event":"GPS_SENT","detail":""}
{"ts":"2026-04-05T23:19:41.891Z","level":"INFO","device":"868120100007","event":"GPS_SENT","detail":""}
{"ts":"2026-04-05T23:19:41.907Z","level":"INFO","device":"868120100002","event":"RX_MSG","detail":"0x8001 bodyLen=5"}
{"ts":"2026-04-05T23:19:41.910Z","level":"INFO","device":"868120100002","event":"SERVER_ACK","detail":"0x0200 result=OK"}
{"ts":"2026-04-05T23:19:41.915Z","level":"INFO","device":"868120100008","event":"GPS_SENT","detail":""}
{"ts":"2026-04-05T23:19:42.037Z","level":"INFO","device":"100000000010","event":"RX_MSG","detail":"0x8001 bodyLen=5"}
{"ts":"2026-04-05T23:19:42.039Z","level":"INFO","device":"100000000010","event":"SERVER_ACK","detail":"0x0200 result=OK"}
{"ts":"2026-04-05T23:19:42.093Z","level":"INFO","device":"868120100007","event":"RX_MSG","detail":"0x8001 bodyLen=5"}
{"ts":"2026-04-05T23:19:42.094Z","level":"INFO","device":"868120100007","event":"SERVER_ACK","detail":"0x0200 result=OK"}
{"ts":"2026-04-05T23:19:42.116Z","level":"INFO","device":"868120100008","event":"RX_MSG","detail":"0x8001 bodyLen=5"}
{"ts":"2026-04-05T23:19:42.116Z","level":"INFO","device":"868120100008","event":"SERVER_ACK","detail":"0x0200 result=OK"}
{"ts":"2026-04-05T23:19:45.426Z","level":"INFO","device":"291078985963","event":"HEARTBEAT_SENT","detail":"0x0002"}
{"ts":"2026-04-05T23:19:45.434Z","level":"INFO","device":"291078985963","event":"OBD2_SENT_0x0200","detail":"Lat: 51.717059, Lng: 0.502729 | Speed: 46km/h | RPM: 2634"}
{"ts":"2026-04-05T23:19:45.576Z","level":"INFO","device":"200000000002","event":"HEARTBEAT_SENT","detail":"0x0002"}
{"ts":"2026-04-05T23:19:45.577Z","level":"INFO","device":"200000000002","event":"OBD2_SENT_0x0200","detail":"Lat: 51.724983, Lng: 0.496123 | Speed: 22km/h | RPM: 1671"}
{"ts":"2026-04-05T23:19:45.621Z","level":"INFO","device":"291078985963","event":"SERVER_ACK","detail":"0x8001 Universal Reply Received"}
{"ts":"2026-04-05T23:19:45.721Z","level":"INFO","device":"200000000003","event":"HEARTBEAT_SENT","detail":"0x0002"}
{"ts":"2026-04-05T23:19:45.721Z","level":"INFO","device":"200000000003","event":"OBD2_SENT_0x0200","detail":"Lat: 51.718793, Lng: 0.499697 | Speed: 32km/h | RPM: 2088"}
{"ts":"2026-04-05T23:19:45.779Z","level":"INFO","device":"200000000002","event":"SERVER_ACK","detail":"0x8001 Universal Reply Received"}
{"ts":"2026-04-05T23:19:45.872Z","level":"INFO","device":"200000000004","event":"HEARTBEAT_SENT","detail":"0x0002"}
{"ts":"2026-04-05T23:19:45.876Z","level":"INFO","device":"200000000004","event":"OBD2_SENT_0x0200","detail":"Lat: 51.717267, Lng: 0.502267 | Speed: 41km/h | RPM: 2431"}
{"ts":"2026-04-05T23:19:45.927Z","level":"INFO","device":"291078985963","event":"SERVER_ACK","detail":"0x8001 Universal Reply Received"}
{"ts":"2026-04-05T23:19:45.933Z","level":"INFO","device":"200000000003","event":"SERVER_ACK","detail":"0x8001 Universal Reply Received"}
{"ts":"2026-04-05T23:19:46.021Z","level":"INFO","device":"200000000005","event":"HEARTBEAT_SENT","detail":"0x0002"}
{"ts":"2026-04-05T23:19:46.028Z","level":"INFO","device":"200000000005","event":"OBD2_SENT_0x0200","detail":"Lat: 51.716522, Lng: 0.504018 | Speed: 35km/h | RPM: 2181"}
{"ts":"2026-04-05T23:19:46.060Z","level":"INFO","device":"200000000004","event":"SERVER_ACK","detail":"0x8001 Universal Reply Received"}
{"ts":"2026-04-05T23:19:46.093Z","level":"INFO","device":"200000000002","event":"SERVER_ACK","detail":"0x8001 Universal Reply Received"}
{"ts":"2026-04-05T23:19:46.172Z","level":"INFO","device":"200000000006","event":"HEARTBEAT_SENT","detail":"0x0002"}
{"ts":"2026-04-05T23:19:46.174Z","level":"INFO","device":"200000000006","event":"OBD2_SENT_0x0200","detail":"Lat: 51.714291, Lng: 0.512963 | Speed: 41km/h | RPM: 2455"}
{"ts":"2026-04-05T23:19:46.221Z","level":"INFO","device":"200000000005","event":"SERVER_ACK","detail":"0x8001 Universal Reply Received"}
{"ts":"2026-04-05T23:19:46.256Z","level":"INFO","device":"200000000003","event":"SERVER_ACK","detail":"0x8001 Universal Reply Received"}
{"ts":"2026-04-05T23:19:46.322Z","level":"INFO","device":"200000000007","event":"HEARTBEAT_SENT","detail":"0x0002"}
{"ts":"2026-04-05T23:19:46.325Z","level":"INFO","device":"200000000007","event":"OBD2_SENT_0x0200","detail":"Lat: 51.714934, Lng: 0.509707 | Speed: 62km/h | RPM: 3265"}
{"ts":"2026-04-05T23:19:46.356Z","level":"INFO","device":"200000000006","event":"SERVER_ACK","detail":"0x8001 Universal Reply Received"}
{"ts":"2026-04-05T23:19:46.378Z","level":"INFO","device":"200000000004","event":"SERVER_ACK","detail":"0x8001 Universal Reply Received"}
{"ts":"2026-04-05T23:19:46.472Z","level":"INFO","device":"200000000008","event":"HEARTBEAT_SENT","detail":"0x0002"}
{"ts":"2026-04-05T23:19:46.477Z","level":"INFO","device":"200000000008","event":"OBD2_SENT_0x0200","detail":"Lat: 51.715262, Lng: 0.508179 | Speed: 40km/h | RPM: 2412"}
{"ts":"2026-04-05T23:19:46.510Z","level":"INFO","device":"200000000007","event":"SERVER_ACK","detail":"0x8001 Universal Reply Received"}
{"ts":"2026-04-05T23:19:46.550Z","level":"INFO","device":"200000000005","event":"SERVER_ACK","detail":"0x8001 Universal Reply Received"}
{"ts":"2026-04-05T23:19:46.622Z","level":"INFO","device":"200000000009","event":"HEARTBEAT_SENT","detail":"0x0002"}
{"ts":"2026-04-05T23:19:46.624Z","level":"INFO","device":"200000000009","event":"OBD2_SENT_0x0200","detail":"Lat: 51.717445, Lng: 0.501911 | Speed: 42km/h | RPM: 2463"}
{"ts":"2026-04-05T23:19:46.659Z","level":"INFO","device":"200000000008","event":"SERVER_ACK","detail":"0x8001 Universal Reply Received"}
{"ts":"2026-04-05T23:19:46.688Z","level":"INFO","device":"200000000006","event":"SERVER_ACK","detail":"0x8001 Universal Reply Received"}
{"ts":"2026-04-05T23:19:46.771Z","level":"INFO","device":"200000000010","event":"HEARTBEAT_SENT","detail":"0x0002"}
{"ts":"2026-04-05T23:19:46.776Z","level":"INFO","device":"200000000010","event":"OBD2_SENT_0x0200","detail":"Lat: 51.721192, Lng: 0.497645 | Speed: 26km/h | RPM: 1847"}
{"ts":"2026-04-05T23:19:46.790Z","level":"INFO","device":"200000000007","event":"SERVER_ACK","detail":"0x8001 Universal Reply Received"}
{"ts":"2026-04-05T23:19:46.833Z","level":"INFO","device":"200000000009","event":"SERVER_ACK","detail":"0x8001 Universal Reply Received"}
{"ts":"2026-04-05T23:19:46.947Z","level":"INFO","device":"200000000008","event":"SERVER_ACK","detail":"0x8001 Universal Reply Received"}
{"ts":"2026-04-05T23:19:46.972Z","level":"INFO","device":"200000000010","event":"SERVER_ACK","detail":"0x8001 Universal Reply Received"}
{"ts":"2026-04-05T23:19:47.157Z","level":"INFO","device":"200000000009","event":"SERVER_ACK","detail":"0x8001 Universal Reply Received"}
{"ts":"2026-04-05T23:19:47.273Z","level":"INFO","device":"200000000010","event":"SERVER_ACK","detail":"0x8001 Universal Reply Received"}
{"ts":"2026-04-05T23:20:00.447Z","level":"INFO","device":"291078985963","event":"OBD2_SENT_0x0200","detail":"Lat: 51.716145, Lng: 0.505074 | Speed: 47km/h | RPM: 2686"}
{"ts":"2026-04-05T23:20:00.576Z","level":"INFO","device":"200000000002","event":"OBD2_SENT_0x0200","detail":"Lat: 51.724023, Lng: 0.496373 | Speed: 26km/h | RPM: 1832"}
{"ts":"2026-04-05T23:20:00.642Z","level":"INFO","device":"291078985963","event":"SERVER_ACK","detail":"0x8001 Universal Reply Received"}
{"ts":"2026-04-05T23:20:00.722Z","level":"INFO","device":"200000000003","event":"OBD2_SENT_0x0200","detail":"Lat: 51.717835, Lng: 0.501130 | Speed: 35km/h | RPM: 2195"}
{"ts":"2026-04-05T23:20:00.781Z","level":"INFO","device":"200000000002","event":"SERVER_ACK","detail":"0x8001 Universal Reply Received"}
{"ts":"2026-04-05T23:20:00.877Z","level":"INFO","device":"200000000004","event":"OBD2_SENT_0x0200","detail":"Lat: 51.716487, Lng: 0.504115 | Speed: 39km/h | RPM: 2371"}
{"ts":"2026-04-05T23:20:00.935Z","level":"INFO","device":"200000000003","event":"SERVER_ACK","detail":"0x8001 Universal Reply Received"}
{"ts":"2026-04-05T23:20:01.030Z","level":"INFO","device":"200000000005","event":"OBD2_SENT_0x0200","detail":"Lat: 51.715904, Lng: 0.505887 | Speed: 36km/h | RPM: 2227"}
{"ts":"2026-04-05T23:20:01.063Z","level":"INFO","device":"200000000004","event":"SERVER_ACK","detail":"0x8001 Universal Reply Received"}
{"ts":"2026-04-05T23:20:01.174Z","level":"INFO","device":"200000000006","event":"OBD2_SENT_0x0200","detail":"Lat: 51.713960, Lng: 0.515282 | Speed: 39km/h | RPM: 2374"}
{"ts":"2026-04-05T23:20:01.232Z","level":"INFO","device":"200000000005","event":"SERVER_ACK","detail":"0x8001 Universal Reply Received"}
{"ts":"2026-04-05T23:20:01.290Z","level":"INFO","device":"291078985963","event":"INCIDENT_SENT","detail":"mediaId=8 alarmId=29107898596300260405232001080200"}
{"ts":"2026-04-05T23:20:01.297Z","level":"INFO","device":"291078985963","event":"GPS_SENT","detail":""}
{"ts":"2026-04-05T23:20:01.316Z","level":"INFO","device":"868120100009","event":"INCIDENT_SENT","detail":"mediaId=8 alarmId=86812010000900260405232001080200"}
{"ts":"2026-04-05T23:20:01.316Z","level":"INFO","device":"868120100009","event":"GPS_SENT","detail":""}
{"ts":"2026-04-05T23:20:01.325Z","level":"INFO","device":"200000000007","event":"OBD2_SENT_0x0200","detail":"Lat: 51.714280, Lng: 0.513039 | Speed: 58km/h | RPM: 3131"}
{"ts":"2026-04-05T23:20:01.359Z","level":"INFO","device":"200000000006","event":"SERVER_ACK","detail":"0x8001 Universal Reply Received"}
{"ts":"2026-04-05T23:20:01.375Z","level":"INFO","device":"868120100005","event":"INCIDENT_SENT","detail":"mediaId=8 alarmId=86812010000500260405232001080200"}
{"ts":"2026-04-05T23:20:01.375Z","level":"INFO","device":"868120100005","event":"GPS_SENT","detail":""}
{"ts":"2026-04-05T23:20:01.432Z","level":"INFO","device":"868120100004","event":"INCIDENT_SENT","detail":"mediaId=8 alarmId=86812010000400260405232001080200"}
{"ts":"2026-04-05T23:20:01.433Z","level":"INFO","device":"868120100004","event":"GPS_SENT","detail":""}
{"ts":"2026-04-05T23:20:01.477Z","level":"INFO","device":"200000000008","event":"OBD2_SENT_0x0200","detail":"Lat: 51.714729, Lng: 0.510664 | Speed: 43km/h | RPM: 2539"}
{"ts":"2026-04-05T23:20:01.480Z","level":"INFO","device":"868120100006","event":"INCIDENT_SENT","detail":"mediaId=8 alarmId=86812010000600260405232001080200"}
{"ts":"2026-04-05T23:20:01.480Z","level":"INFO","device":"868120100006","event":"GPS_SENT","detail":""}
{"ts":"2026-04-05T23:20:01.492Z","level":"INFO","device":"291078985963","event":"RX_MSG","detail":"0x8001 bodyLen=5"}
{"ts":"2026-04-05T23:20:01.493Z","level":"INFO","device":"291078985963","event":"SERVER_ACK","detail":"0x0200 result=OK"}
{"ts":"2026-04-05T23:20:01.511Z","level":"INFO","device":"200000000007","event":"SERVER_ACK","detail":"0x8001 Universal Reply Received"}
{"ts":"2026-04-05T23:20:01.525Z","level":"INFO","device":"868120100009","event":"RX_MSG","detail":"0x8001 bodyLen=5"}
{"ts":"2026-04-05T23:20:01.525Z","level":"INFO","device":"868120100009","event":"SERVER_ACK","detail":"0x0200 result=OK"}
{"ts":"2026-04-05T23:20:01.563Z","level":"INFO","device":"868120100003","event":"INCIDENT_SENT","detail":"mediaId=8 alarmId=86812010000300260405232001080200"}
{"ts":"2026-04-05T23:20:01.563Z","level":"INFO","device":"868120100003","event":"GPS_SENT","detail":""}
{"ts":"2026-04-05T23:20:01.577Z","level":"INFO","device":"868120100005","event":"RX_MSG","detail":"0x8001 bodyLen=5"}
{"ts":"2026-04-05T23:20:01.578Z","level":"INFO","device":"868120100005","event":"SERVER_ACK","detail":"0x0200 result=OK"}
{"ts":"2026-04-05T23:20:01.618Z","level":"INFO","device":"868120100004","event":"RX_MSG","detail":"0x8001 bodyLen=5"}
{"ts":"2026-04-05T23:20:01.618Z","level":"INFO","device":"868120100004","event":"SERVER_ACK","detail":"0x0200 result=OK"}
{"ts":"2026-04-05T23:20:01.625Z","level":"INFO","device":"200000000009","event":"OBD2_SENT_0x0200","detail":"Lat: 51.716536, Lng: 0.503980 | Speed: 44km/h | RPM: 2559"}
{"ts":"2026-04-05T23:20:01.668Z","level":"INFO","device":"200000000008","event":"SERVER_ACK","detail":"0x8001 Universal Reply Received"}
{"ts":"2026-04-05T23:20:01.682Z","level":"INFO","device":"868120100006","event":"RX_MSG","detail":"0x8001 bodyLen=5"}
{"ts":"2026-04-05T23:20:01.683Z","level":"INFO","device":"868120100006","event":"SERVER_ACK","detail":"0x0200 result=OK"}
{"ts":"2026-04-05T23:20:01.699Z","level":"INFO","device":"868120100002","event":"INCIDENT_SENT","detail":"mediaId=8 alarmId=86812010000200260405232001080200"}
{"ts":"2026-04-05T23:20:01.700Z","level":"INFO","device":"868120100002","event":"GPS_SENT","detail":""}
{"ts":"2026-04-05T23:20:01.765Z","level":"INFO","device":"868120100003","event":"RX_MSG","detail":"0x8001 bodyLen=5"}
{"ts":"2026-04-05T23:20:01.766Z","level":"INFO","device":"868120100003","event":"SERVER_ACK","detail":"0x0200 result=OK"}
{"ts":"2026-04-05T23:20:01.776Z","level":"INFO","device":"200000000010","event":"OBD2_SENT_0x0200","detail":"Lat: 51.720264, Lng: 0.498269 | Speed: 26km/h | RPM: 1856"}
{"ts":"2026-04-05T23:20:01.819Z","level":"INFO","device":"291078985963","event":"RX_MSG","detail":"0x8001 bodyLen=5"}
{"ts":"2026-04-05T23:20:01.822Z","level":"INFO","device":"291078985963","event":"SERVER_ACK","detail":"0x0800 result=OK"}
{"ts":"2026-04-05T23:20:01.822Z","level":"INFO","device":"291078985963","event":"RX_MSG","detail":"0x8001 bodyLen=5"}
{"ts":"2026-04-05T23:20:01.823Z","level":"INFO","device":"291078985963","event":"SERVER_ACK","detail":"0x0200 result=OK"}
{"ts":"2026-04-05T23:20:01.835Z","level":"INFO","device":"200000000009","event":"SERVER_ACK","detail":"0x8001 Universal Reply Received"}
{"ts":"2026-04-05T23:20:01.843Z","level":"INFO","device":"100000000010","event":"INCIDENT_SENT","detail":"mediaId=8 alarmId=10000000001000260405232001080200"}
{"ts":"2026-04-05T23:20:01.847Z","level":"INFO","device":"100000000010","event":"GPS_SENT","detail":""}
{"ts":"2026-04-05T23:20:01.856Z","level":"INFO","device":"868120100009","event":"RX_MSG","detail":"0x8001 bodyLen=5"}
{"ts":"2026-04-05T23:20:01.857Z","level":"INFO","device":"868120100009","event":"SERVER_ACK","detail":"0x0800 result=OK"}
{"ts":"2026-04-05T23:20:01.857Z","level":"INFO","device":"868120100009","event":"RX_MSG","detail":"0x8001 bodyLen=5"}
{"ts":"2026-04-05T23:20:01.857Z","level":"INFO","device":"868120100009","event":"SERVER_ACK","detail":"0x0200 result=OK"}
{"ts":"2026-04-05T23:20:01.890Z","level":"INFO","device":"868120100007","event":"INCIDENT_SENT","detail":"mediaId=8 alarmId=86812010000700260405232001080200"}
{"ts":"2026-04-05T23:20:01.890Z","level":"INFO","device":"868120100007","event":"GPS_SENT","detail":""}
{"ts":"2026-04-05T23:20:01.908Z","level":"INFO","device":"868120100002","event":"RX_MSG","detail":"0x8001 bodyLen=5"}
{"ts":"2026-04-05T23:20:01.909Z","level":"INFO","device":"868120100002","event":"SERVER_ACK","detail":"0x0200 result=OK"}
{"ts":"2026-04-05T23:20:01.911Z","level":"INFO","device":"868120100005","event":"RX_MSG","detail":"0x8001 bodyLen=5"}
{"ts":"2026-04-05T23:20:01.912Z","level":"INFO","device":"868120100005","event":"SERVER_ACK","detail":"0x0800 result=OK"}
{"ts":"2026-04-05T23:20:01.912Z","level":"INFO","device":"868120100005","event":"RX_MSG","detail":"0x8001 bodyLen=5"}
{"ts":"2026-04-05T23:20:01.912Z","level":"INFO","device":"868120100005","event":"SERVER_ACK","detail":"0x0200 result=OK"}
{"ts":"2026-04-05T23:20:01.920Z","level":"INFO","device":"868120100008","event":"INCIDENT_SENT","detail":"mediaId=8 alarmId=86812010000800260405232001080200"}
{"ts":"2026-04-05T23:20:01.921Z","level":"INFO","device":"868120100008","event":"GPS_SENT","detail":""}
{"ts":"2026-04-05T23:20:01.923Z","level":"INFO","device":"868120100004","event":"RX_MSG","detail":"0x8001 bodyLen=5"}
{"ts":"2026-04-05T23:20:01.924Z","level":"INFO","device":"868120100004","event":"SERVER_ACK","detail":"0x0800 result=OK"}
{"ts":"2026-04-05T23:20:01.924Z","level":"INFO","device":"868120100004","event":"RX_MSG","detail":"0x8001 bodyLen=5"}
{"ts":"2026-04-05T23:20:01.924Z","level":"INFO","device":"868120100004","event":"SERVER_ACK","detail":"0x0200 result=OK"}
{"ts":"2026-04-05T23:20:01.980Z","level":"INFO","device":"200000000010","event":"SERVER_ACK","detail":"0x8001 Universal Reply Received"}
{"ts":"2026-04-05T23:20:02.003Z","level":"INFO","device":"868120100006","event":"RX_MSG","detail":"0x8001 bodyLen=5"}
{"ts":"2026-04-05T23:20:02.003Z","level":"INFO","device":"868120100006","event":"SERVER_ACK","detail":"0x0800 result=OK"}
{"ts":"2026-04-05T23:20:02.003Z","level":"INFO","device":"868120100006","event":"RX_MSG","detail":"0x8001 bodyLen=5"}
{"ts":"2026-04-05T23:20:02.003Z","level":"INFO","device":"868120100006","event":"SERVER_ACK","detail":"0x0200 result=OK"}
{"ts":"2026-04-05T23:20:02.037Z","level":"INFO","device":"100000000010","event":"RX_MSG","detail":"0x8001 bodyLen=5"}
{"ts":"2026-04-05T23:20:02.037Z","level":"INFO","device":"100000000010","event":"SERVER_ACK","detail":"0x0200 result=OK"}
{"ts":"2026-04-05T23:20:02.090Z","level":"INFO","device":"868120100007","event":"RX_MSG","detail":"0x8001 bodyLen=5"}
{"ts":"2026-04-05T23:20:02.092Z","level":"INFO","device":"868120100007","event":"SERVER_ACK","detail":"0x0200 result=OK"}
{"ts":"2026-04-05T23:20:02.097Z","level":"INFO","device":"868120100003","event":"RX_MSG","detail":"0x8001 bodyLen=5"}
{"ts":"2026-04-05T23:20:02.097Z","level":"INFO","device":"868120100003","event":"SERVER_ACK","detail":"0x0800 result=OK"}
{"ts":"2026-04-05T23:20:02.097Z","level":"INFO","device":"868120100003","event":"RX_MSG","detail":"0x8001 bodyLen=5"}
{"ts":"2026-04-05T23:20:02.097Z","level":"INFO","device":"868120100003","event":"SERVER_ACK","detail":"0x0200 result=OK"}
{"ts":"2026-04-05T23:20:02.121Z","level":"INFO","device":"868120100008","event":"RX_MSG","detail":"0x8001 bodyLen=5"}
{"ts":"2026-04-05T23:20:02.124Z","level":"INFO","device":"868120100008","event":"SERVER_ACK","detail":"0x0200 result=OK"}
{"ts":"2026-04-05T23:20:02.228Z","level":"INFO","device":"868120100002","event":"RX_MSG","detail":"0x8001 bodyLen=5"}
{"ts":"2026-04-05T23:20:02.229Z","level":"INFO","device":"868120100002","event":"SERVER_ACK","detail":"0x0800 result=OK"}
{"ts":"2026-04-05T23:20:02.229Z","level":"INFO","device":"868120100002","event":"RX_MSG","detail":"0x8001 bodyLen=5"}
{"ts":"2026-04-05T23:20:02.229Z","level":"INFO","device":"868120100002","event":"SERVER_ACK","detail":"0x0200 result=OK"}
{"ts":"2026-04-05T23:20:02.338Z","level":"INFO","device":"100000000010","event":"RX_MSG","detail":"0x8001 bodyLen=5"}
{"ts":"2026-04-05T23:20:02.338Z","level":"INFO","device":"100000000010","event":"SERVER_ACK","detail":"0x0800 result=OK"}
{"ts":"2026-04-05T23:20:02.338Z","level":"INFO","device":"100000000010","event":"RX_MSG","detail":"0x8001 bodyLen=5"}
{"ts":"2026-04-05T23:20:02.338Z","level":"INFO","device":"100000000010","event":"SERVER_ACK","detail":"0x0200 result=OK"}
{"ts":"2026-04-05T23:20:02.409Z","level":"INFO","device":"868120100007","event":"RX_MSG","detail":"0x8001 bodyLen=5"}
{"ts":"2026-04-05T23:20:02.410Z","level":"INFO","device":"868120100007","event":"SERVER_ACK","detail":"0x0800 result=OK"}
{"ts":"2026-04-05T23:20:02.410Z","level":"INFO","device":"868120100007","event":"RX_MSG","detail":"0x8001 bodyLen=5"}
{"ts":"2026-04-05T23:20:02.410Z","level":"INFO","device":"868120100007","event":"SERVER_ACK","detail":"0x0200 result=OK"}
{"ts":"2026-04-05T23:20:02.439Z","level":"INFO","device":"868120100008","event":"RX_MSG","detail":"0x8001 bodyLen=5"}
{"ts":"2026-04-05T23:20:02.439Z","level":"INFO","device":"868120100008","event":"SERVER_ACK","detail":"0x0800 result=OK"}
{"ts":"2026-04-05T23:20:02.439Z","level":"INFO","device":"868120100008","event":"RX_MSG","detail":"0x8001 bodyLen=5"}
{"ts":"2026-04-05T23:20:02.439Z","level":"INFO","device":"868120100008","event":"SERVER_ACK","detail":"0x0200 result=OK"}
{"ts":"2026-04-05T23:20:15.434Z","level":"INFO","device":"291078985963","event":"HEARTBEAT_SENT","detail":"0x0002"}
{"ts":"2026-04-05T23:20:15.447Z","level":"INFO","device":"291078985963","event":"OBD2_SENT_0x0200","detail":"Lat: 51.715380, Lng: 0.507720 | Speed: 50km/h | RPM: 2820"}
{"ts":"2026-04-05T23:20:15.576Z","level":"INFO","device":"200000000002","event":"HEARTBEAT_SENT","detail":"0x0002"}
{"ts":"2026-04-05T23:20:15.576Z","level":"INFO","device":"200000000002","event":"OBD2_SENT_0x0200","detail":"Lat: 51.723065, Lng: 0.496714 | Speed: 26km/h | RPM: 1841"}
{"ts":"2026-04-05T23:20:15.628Z","level":"INFO","device":"291078985963","event":"SERVER_ACK","detail":"0x8001 Universal Reply Received"}
{"ts":"2026-04-05T23:20:15.721Z","level":"INFO","device":"200000000003","event":"HEARTBEAT_SENT","detail":"0x0002"}
{"ts":"2026-04-05T23:20:15.721Z","level":"INFO","device":"200000000003","event":"OBD2_SENT_0x0200","detail":"Lat: 51.717006, Lng: 0.502853 | Speed: 37km/h | RPM: 2265"}
{"ts":"2026-04-05T23:20:15.779Z","level":"INFO","device":"200000000002","event":"SERVER_ACK","detail":"0x8001 Universal Reply Received"}
{"ts":"2026-04-05T23:20:15.874Z","level":"INFO","device":"200000000004","event":"HEARTBEAT_SENT","detail":"0x0002"}
{"ts":"2026-04-05T23:20:15.877Z","level":"INFO","device":"200000000004","event":"OBD2_SENT_0x0200","detail":"Lat: 51.715836, Lng: 0.506122 | Speed: 38km/h | RPM: 2332"}
{"ts":"2026-04-05T23:20:15.929Z","level":"INFO","device":"291078985963","event":"SERVER_ACK","detail":"0x8001 Universal Reply Received"}
{"ts":"2026-04-05T23:20:15.932Z","level":"INFO","device":"200000000003","event":"SERVER_ACK","detail":"0x8001 Universal Reply Received"}
{"ts":"2026-04-05T23:20:16.022Z","level":"INFO","device":"200000000005","event":"HEARTBEAT_SENT","detail":"0x0002"}
{"ts":"2026-04-05T23:20:16.030Z","level":"INFO","device":"200000000005","event":"OBD2_SENT_0x0200","detail":"Lat: 51.715411, Lng: 0.507613 | Speed: 31km/h | RPM: 2057"}
{"ts":"2026-04-05T23:20:16.059Z","level":"INFO","device":"200000000004","event":"SERVER_ACK","detail":"0x8001 Universal Reply Received"}
{"ts":"2026-04-05T23:20:16.094Z","level":"INFO","device":"200000000002","event":"SERVER_ACK","detail":"0x8001 Universal Reply Received"}
{"ts":"2026-04-05T23:20:16.172Z","level":"INFO","device":"200000000006","event":"HEARTBEAT_SENT","detail":"0x0002"}
{"ts":"2026-04-05T23:20:16.174Z","level":"INFO","device":"200000000006","event":"OBD2_SENT_0x0200","detail":"Lat: 51.736464, Lng: 0.469548 | Speed: 44km/h | RPM: 2550"}
{"ts":"2026-04-05T23:20:16.223Z","level":"INFO","device":"200000000005","event":"SERVER_ACK","detail":"0x8001 Universal Reply Received"}
{"ts":"2026-04-05T23:20:16.258Z","level":"INFO","device":"200000000003","event":"SERVER_ACK","detail":"0x8001 Universal Reply Received"}
{"ts":"2026-04-05T23:20:16.321Z","level":"INFO","device":"200000000007","event":"HEARTBEAT_SENT","detail":"0x0002"}
{"ts":"2026-04-05T23:20:16.326Z","level":"INFO","device":"200000000007","event":"OBD2_SENT_0x0200","detail":"Lat: 51.736025, Lng: 0.468261 | Speed: 57km/h | RPM: 3090"}
{"ts":"2026-04-05T23:20:16.357Z","level":"INFO","device":"200000000006","event":"SERVER_ACK","detail":"0x8001 Universal Reply Received"}
{"ts":"2026-04-05T23:20:16.378Z","level":"INFO","device":"200000000004","event":"SERVER_ACK","detail":"0x8001 Universal Reply Received"}
{"ts":"2026-04-05T23:20:16.475Z","level":"INFO","device":"200000000008","event":"HEARTBEAT_SENT","detail":"0x0002"}
{"ts":"2026-04-05T23:20:16.478Z","level":"INFO","device":"200000000008","event":"OBD2_SENT_0x0200","detail":"Lat: 51.714279, Lng: 0.513045 | Speed: 42km/h | RPM: 2466"}
{"ts":"2026-04-05T23:20:16.515Z","level":"INFO","device":"200000000007","event":"SERVER_ACK","detail":"0x8001 Universal Reply Received"}
{"ts":"2026-04-05T23:20:16.550Z","level":"INFO","device":"200000000005","event":"SERVER_ACK","detail":"0x8001 Universal Reply Received"}
{"ts":"2026-04-05T23:20:16.623Z","level":"INFO","device":"200000000009","event":"HEARTBEAT_SENT","detail":"0x0002"}
{"ts":"2026-04-05T23:20:16.625Z","level":"INFO","device":"200000000009","event":"OBD2_SENT_0x0200","detail":"Lat: 51.715780, Lng: 0.506320 | Speed: 45km/h | RPM: 2586"}
{"ts":"2026-04-05T23:20:16.660Z","level":"INFO","device":"200000000008","event":"SERVER_ACK","detail":"0x8001 Universal Reply Received"}
{"ts":"2026-04-05T23:20:16.689Z","level":"INFO","device":"200000000006","event":"SERVER_ACK","detail":"0x8001 Universal Reply Received"}
{"ts":"2026-04-05T23:20:16.770Z","level":"INFO","device":"200000000010","event":"HEARTBEAT_SENT","detail":"0x0002"}
{"ts":"2026-04-05T23:20:16.776Z","level":"INFO","device":"200000000010","event":"OBD2_SENT_0x0200","detail":"Lat: 51.719255, Lng: 0.499184 | Speed: 31km/h | RPM: 2049"}
{"ts":"2026-04-05T23:20:16.824Z","level":"INFO","device":"200000000007","event":"SERVER_ACK","detail":"0x8001 Universal Reply Received"}
{"ts":"2026-04-05T23:20:16.833Z","level":"INFO","device":"200000000009","event":"SERVER_ACK","detail":"0x8001 Universal Reply Received"}
{"ts":"2026-04-05T23:20:16.948Z","level":"INFO","device":"200000000008","event":"SERVER_ACK","detail":"0x8001 Universal Reply Received"}
{"ts":"2026-04-05T23:20:16.971Z","level":"INFO","device":"200000000010","event":"SERVER_ACK","detail":"0x8001 Universal Reply Received"}
{"ts":"2026-04-05T23:20:17.159Z","level":"INFO","device":"200000000009","event":"SERVER_ACK","detail":"0x8001 Universal Reply Received"}
{"ts":"2026-04-05T23:20:17.275Z","level":"INFO","device":"200000000010","event":"SERVER_ACK","detail":"0x8001 Universal Reply Received"}
{"ts":"2026-04-05T23:20:21.301Z","level":"INFO","device":"291078985963","event":"GPS_SENT","detail":""}
{"ts":"2026-04-05T23:20:21.317Z","level":"INFO","device":"868120100009","event":"GPS_SENT","detail":""}
{"ts":"2026-04-05T23:20:21.375Z","level":"INFO","device":"868120100005","event":"GPS_SENT","detail":""}
{"ts":"2026-04-05T23:20:21.433Z","level":"INFO","device":"868120100004","event":"GPS_SENT","detail":""}
{"ts":"2026-04-05T23:20:21.481Z","level":"INFO","device":"868120100006","event":"GPS_SENT","detail":""}
{"ts":"2026-04-05T23:20:21.503Z","level":"INFO","device":"291078985963","event":"RX_MSG","detail":"0x8001 bodyLen=5"}
{"ts":"2026-04-05T23:20:21.503Z","level":"INFO","device":"291078985963","event":"SERVER_ACK","detail":"0x0200 result=OK"}
{"ts":"2026-04-05T23:20:21.526Z","level":"INFO","device":"868120100009","event":"RX_MSG","detail":"0x8001 bodyLen=5"}
{"ts":"2026-04-05T23:20:21.526Z","level":"INFO","device":"868120100009","event":"SERVER_ACK","detail":"0x0200 result=OK"}
{"ts":"2026-04-05T23:20:21.563Z","level":"INFO","device":"868120100003","event":"GPS_SENT","detail":""}
{"ts":"2026-04-05T23:20:21.579Z","level":"INFO","device":"868120100005","event":"RX_MSG","detail":"0x8001 bodyLen=5"}
{"ts":"2026-04-05T23:20:21.580Z","level":"INFO","device":"868120100005","event":"SERVER_ACK","detail":"0x0200 result=OK"}
{"ts":"2026-04-05T23:20:21.617Z","level":"INFO","device":"868120100004","event":"RX_MSG","detail":"0x8001 bodyLen=5"}
{"ts":"2026-04-05T23:20:21.617Z","level":"INFO","device":"868120100004","event":"SERVER_ACK","detail":"0x0200 result=OK"}
{"ts":"2026-04-05T23:20:21.684Z","level":"INFO","device":"868120100006","event":"RX_MSG","detail":"0x8001 bodyLen=5"}
{"ts":"2026-04-05T23:20:21.684Z","level":"INFO","device":"868120100006","event":"SERVER_ACK","detail":"0x0200 result=OK"}
{"ts":"2026-04-05T23:20:21.700Z","level":"INFO","device":"868120100002","event":"GPS_SENT","detail":""}
{"ts":"2026-04-05T23:20:21.766Z","level":"INFO","device":"868120100003","event":"RX_MSG","detail":"0x8001 bodyLen=5"}
{"ts":"2026-04-05T23:20:21.766Z","level":"INFO","device":"868120100003","event":"SERVER_ACK","detail":"0x0200 result=OK"}
{"ts":"2026-04-05T23:20:21.847Z","level":"INFO","device":"100000000010","event":"GPS_SENT","detail":""}
{"ts":"2026-04-05T23:20:21.891Z","level":"INFO","device":"868120100007","event":"GPS_SENT","detail":""}
{"ts":"2026-04-05T23:20:21.910Z","level":"INFO","device":"868120100002","event":"RX_MSG","detail":"0x8001 bodyLen=5"}
{"ts":"2026-04-05T23:20:21.910Z","level":"INFO","device":"868120100002","event":"SERVER_ACK","detail":"0x0200 result=OK"}
{"ts":"2026-04-05T23:20:21.921Z","level":"INFO","device":"868120100008","event":"GPS_SENT","detail":""}
{"ts":"2026-04-05T23:20:22.041Z","level":"INFO","device":"100000000010","event":"RX_MSG","detail":"0x8001 bodyLen=5"}
{"ts":"2026-04-05T23:20:22.041Z","level":"INFO","device":"100000000010","event":"SERVER_ACK","detail":"0x0200 result=OK"}
{"ts":"2026-04-05T23:20:22.091Z","level":"INFO","device":"868120100007","event":"RX_MSG","detail":"0x8001 bodyLen=5"}
{"ts":"2026-04-05T23:20:22.091Z","level":"INFO","device":"868120100007","event":"SERVER_ACK","detail":"0x0200 result=OK"}
{"ts":"2026-04-05T23:20:22.122Z","level":"INFO","device":"868120100008","event":"RX_MSG","detail":"0x8001 bodyLen=5"}
{"ts":"2026-04-05T23:20:22.122Z","level":"INFO","device":"868120100008","event":"SERVER_ACK","detail":"0x0200 result=OK"}
{"ts":"2026-04-05T23:20:30.454Z","level":"INFO","device":"291078985963","event":"OBD2_SENT_0x0200","detail":"Lat: 51.714787, Lng: 0.510395 | Speed: 49km/h | RPM: 2748"}
{"ts":"2026-04-05T23:20:30.576Z","level":"INFO","device":"200000000002","event":"OBD2_SENT_0x0200","detail":"Lat: 51.722025, Lng: 0.497188 | Speed: 29km/h | RPM: 1943"}
{"ts":"2026-04-05T23:20:30.650Z","level":"INFO","device":"291078985963","event":"SERVER_ACK","detail":"0x8001 Universal Reply Received"}
{"ts":"2026-04-05T23:20:30.722Z","level":"INFO","device":"200000000003","event":"OBD2_SENT_0x0200","detail":"Lat: 51.716346, Lng: 0.504510 | Speed: 33km/h | RPM: 2132"}
{"ts":"2026-04-05T23:20:30.782Z","level":"INFO","device":"200000000002","event":"SERVER_ACK","detail":"0x8001 Universal Reply Received"}
{"ts":"2026-04-05T23:20:30.877Z","level":"INFO","device":"200000000004","event":"OBD2_SENT_0x0200","detail":"Lat: 51.715310, Lng: 0.507965 | Speed: 34km/h | RPM: 2142"}
{"ts":"2026-04-05T23:20:30.934Z","level":"INFO","device":"200000000003","event":"SERVER_ACK","detail":"0x8001 Universal Reply Received"}
{"ts":"2026-04-05T23:20:31.030Z","level":"INFO","device":"200000000005","event":"OBD2_SENT_0x0200","detail":"Lat: 51.715018, Lng: 0.509315 | Speed: 31km/h | RPM: 2039"}
{"ts":"2026-04-05T23:20:31.061Z","level":"INFO","device":"200000000004","event":"SERVER_ACK","detail":"0x8001 Universal Reply Received"}
{"ts":"2026-04-05T23:20:31.174Z","level":"INFO","device":"200000000006","event":"OBD2_SENT_0x0200","detail":"Lat: 51.737221, Lng: 0.472258 | Speed: 47km/h | RPM: 2689"}
{"ts":"2026-04-05T23:20:31.232Z","level":"INFO","device":"200000000005","event":"SERVER_ACK","detail":"0x8001 Universal Reply Received"}
{"ts":"2026-04-05T23:20:31.325Z","level":"INFO","device":"200000000007","event":"OBD2_SENT_0x0200","detail":"Lat: 51.736895, Lng: 0.471017 | Speed: 55km/h | RPM: 3010"}
{"ts":"2026-04-05T23:20:31.362Z","level":"INFO","device":"200000000006","event":"SERVER_ACK","detail":"0x8001 Universal Reply Received"}
{"ts":"2026-04-05T23:20:31.479Z","level":"INFO","device":"200000000008","event":"OBD2_SENT_0x0200","detail":"Lat: 51.713903, Lng: 0.515681 | Speed: 45km/h | RPM: 2589"}
{"ts":"2026-04-05T23:20:31.511Z","level":"INFO","device":"200000000007","event":"SERVER_ACK","detail":"0x8001 Universal Reply Received"}
{"ts":"2026-04-05T23:20:31.625Z","level":"INFO","device":"200000000009","event":"OBD2_SENT_0x0200","detail":"Lat: 51.715083, Lng: 0.509013 | Speed: 49km/h | RPM: 2762"}
{"ts":"2026-04-05T23:20:31.666Z","level":"INFO","device":"200000000008","event":"SERVER_ACK","detail":"0x8001 Universal Reply Received"}
{"ts":"2026-04-05T23:20:31.776Z","level":"INFO","device":"200000000010","event":"OBD2_SENT_0x0200","detail":"Lat: 51.718427, Lng: 0.500210 | Speed: 28km/h | RPM: 1917"}
{"ts":"2026-04-05T23:20:31.836Z","level":"INFO","device":"200000000009","event":"SERVER_ACK","detail":"0x8001 Universal Reply Received"}
{"ts":"2026-04-05T23:20:31.977Z","level":"INFO","device":"200000000010","event":"SERVER_ACK","detail":"0x8001 Universal Reply Received"}
{"ts":"2026-04-05T23:20:41.300Z","level":"INFO","device":"291078985963","event":"INCIDENT_SENT","detail":"mediaId=9 alarmId=29107898596300260405232041090200"}
{"ts":"2026-04-05T23:20:41.300Z","level":"INFO","device":"291078985963","event":"GPS_SENT","detail":""}
{"ts":"2026-04-05T23:20:41.316Z","level":"INFO","device":"868120100009","event":"INCIDENT_SENT","detail":"mediaId=9 alarmId=86812010000900260405232041090200"}
{"ts":"2026-04-05T23:20:41.317Z","level":"INFO","device":"868120100009","event":"GPS_SENT","detail":""}
{"ts":"2026-04-05T23:20:41.375Z","level":"INFO","device":"868120100005","event":"INCIDENT_SENT","detail":"mediaId=9 alarmId=86812010000500260405232041090200"}
{"ts":"2026-04-05T23:20:41.375Z","level":"INFO","device":"868120100005","event":"GPS_SENT","detail":""}
{"ts":"2026-04-05T23:20:41.432Z","level":"INFO","device":"868120100004","event":"INCIDENT_SENT","detail":"mediaId=9 alarmId=86812010000400260405232041090200"}
{"ts":"2026-04-05T23:20:41.432Z","level":"INFO","device":"868120100004","event":"GPS_SENT","detail":""}
{"ts":"2026-04-05T23:20:41.480Z","level":"INFO","device":"868120100006","event":"INCIDENT_SENT","detail":"mediaId=9 alarmId=86812010000600260405232041090200"}
{"ts":"2026-04-05T23:20:41.481Z","level":"INFO","device":"868120100006","event":"GPS_SENT","detail":""}
{"ts":"2026-04-05T23:20:41.501Z","level":"INFO","device":"291078985963","event":"RX_MSG","detail":"0x8001 bodyLen=5"}
{"ts":"2026-04-05T23:20:41.501Z","level":"INFO","device":"291078985963","event":"SERVER_ACK","detail":"0x0200 result=OK"}
{"ts":"2026-04-05T23:20:41.526Z","level":"INFO","device":"868120100009","event":"RX_MSG","detail":"0x8001 bodyLen=5"}
{"ts":"2026-04-05T23:20:41.527Z","level":"INFO","device":"868120100009","event":"SERVER_ACK","detail":"0x0200 result=OK"}
{"ts":"2026-04-05T23:20:41.563Z","level":"INFO","device":"868120100003","event":"INCIDENT_SENT","detail":"mediaId=9 alarmId=86812010000300260405232041090200"}
{"ts":"2026-04-05T23:20:41.563Z","level":"INFO","device":"868120100003","event":"GPS_SENT","detail":""}
{"ts":"2026-04-05T23:20:41.578Z","level":"INFO","device":"868120100005","event":"RX_MSG","detail":"0x8001 bodyLen=5"}
{"ts":"2026-04-05T23:20:41.579Z","level":"INFO","device":"868120100005","event":"SERVER_ACK","detail":"0x0200 result=OK"}
{"ts":"2026-04-05T23:20:41.623Z","level":"INFO","device":"868120100004","event":"RX_MSG","detail":"0x8001 bodyLen=5"}
{"ts":"2026-04-05T23:20:41.623Z","level":"INFO","device":"868120100004","event":"SERVER_ACK","detail":"0x0200 result=OK"}
{"ts":"2026-04-05T23:20:41.690Z","level":"INFO","device":"868120100006","event":"RX_MSG","detail":"0x8001 bodyLen=5"}
{"ts":"2026-04-05T23:20:41.690Z","level":"INFO","device":"868120100006","event":"SERVER_ACK","detail":"0x0200 result=OK"}
{"ts":"2026-04-05T23:20:41.700Z","level":"INFO","device":"868120100002","event":"INCIDENT_SENT","detail":"mediaId=9 alarmId=86812010000200260405232041090200"}
{"ts":"2026-04-05T23:20:41.700Z","level":"INFO","device":"868120100002","event":"GPS_SENT","detail":""}
{"ts":"2026-04-05T23:20:41.765Z","level":"INFO","device":"868120100003","event":"RX_MSG","detail":"0x8001 bodyLen=5"}
{"ts":"2026-04-05T23:20:41.765Z","level":"INFO","device":"868120100003","event":"SERVER_ACK","detail":"0x0200 result=OK"}
{"ts":"2026-04-05T23:20:41.814Z","level":"INFO","device":"291078985963","event":"RX_MSG","detail":"0x8001 bodyLen=5"}
{"ts":"2026-04-05T23:20:41.815Z","level":"INFO","device":"291078985963","event":"SERVER_ACK","detail":"0x0800 result=OK"}
{"ts":"2026-04-05T23:20:41.815Z","level":"INFO","device":"291078985963","event":"RX_MSG","detail":"0x8001 bodyLen=5"}
{"ts":"2026-04-05T23:20:41.815Z","level":"INFO","device":"291078985963","event":"SERVER_ACK","detail":"0x0200 result=OK"}
{"ts":"2026-04-05T23:20:41.843Z","level":"INFO","device":"100000000010","event":"INCIDENT_SENT","detail":"mediaId=9 alarmId=10000000001000260405232041090200"}
{"ts":"2026-04-05T23:20:41.847Z","level":"INFO","device":"100000000010","event":"GPS_SENT","detail":""}
{"ts":"2026-04-05T23:20:41.855Z","level":"INFO","device":"868120100009","event":"RX_MSG","detail":"0x8001 bodyLen=5"}
{"ts":"2026-04-05T23:20:41.855Z","level":"INFO","device":"868120100009","event":"SERVER_ACK","detail":"0x0800 result=OK"}
{"ts":"2026-04-05T23:20:41.855Z","level":"INFO","device":"868120100009","event":"RX_MSG","detail":"0x8001 bodyLen=5"}
{"ts":"2026-04-05T23:20:41.855Z","level":"INFO","device":"868120100009","event":"SERVER_ACK","detail":"0x0200 result=OK"}
{"ts":"2026-04-05T23:20:41.890Z","level":"INFO","device":"868120100007","event":"INCIDENT_SENT","detail":"mediaId=9 alarmId=86812010000700260405232041090200"}
{"ts":"2026-04-05T23:20:41.891Z","level":"INFO","device":"868120100007","event":"GPS_SENT","detail":""}
{"ts":"2026-04-05T23:20:41.913Z","level":"INFO","device":"868120100002","event":"RX_MSG","detail":"0x8001 bodyLen=5"}
{"ts":"2026-04-05T23:20:41.913Z","level":"INFO","device":"868120100002","event":"SERVER_ACK","detail":"0x0200 result=OK"}
{"ts":"2026-04-05T23:20:41.913Z","level":"INFO","device":"868120100005","event":"RX_MSG","detail":"0x8001 bodyLen=5"}
{"ts":"2026-04-05T23:20:41.914Z","level":"INFO","device":"868120100005","event":"SERVER_ACK","detail":"0x0800 result=OK"}
{"ts":"2026-04-05T23:20:41.915Z","level":"INFO","device":"868120100005","event":"RX_MSG","detail":"0x8001 bodyLen=5"}
{"ts":"2026-04-05T23:20:41.915Z","level":"INFO","device":"868120100005","event":"SERVER_ACK","detail":"0x0200 result=OK"}
{"ts":"2026-04-05T23:20:41.921Z","level":"INFO","device":"868120100008","event":"INCIDENT_SENT","detail":"mediaId=9 alarmId=86812010000800260405232041090200"}
{"ts":"2026-04-05T23:20:41.921Z","level":"INFO","device":"868120100008","event":"GPS_SENT","detail":""}
{"ts":"2026-04-05T23:20:41.922Z","level":"INFO","device":"868120100004","event":"RX_MSG","detail":"0x8001 bodyLen=5"}
{"ts":"2026-04-05T23:20:41.922Z","level":"INFO","device":"868120100004","event":"SERVER_ACK","detail":"0x0800 result=OK"}
{"ts":"2026-04-05T23:20:41.922Z","level":"INFO","device":"868120100004","event":"RX_MSG","detail":"0x8001 bodyLen=5"}
{"ts":"2026-04-05T23:20:41.922Z","level":"INFO","device":"868120100004","event":"SERVER_ACK","detail":"0x0200 result=OK"}
{"ts":"2026-04-05T23:20:42.004Z","level":"INFO","device":"868120100006","event":"RX_MSG","detail":"0x8001 bodyLen=5"}
{"ts":"2026-04-05T23:20:42.005Z","level":"INFO","device":"868120100006","event":"SERVER_ACK","detail":"0x0800 result=OK"}
{"ts":"2026-04-05T23:20:42.006Z","level":"INFO","device":"868120100006","event":"RX_MSG","detail":"0x8001 bodyLen=5"}
{"ts":"2026-04-05T23:20:42.006Z","level":"INFO","device":"868120100006","event":"SERVER_ACK","detail":"0x0200 result=OK"}
{"ts":"2026-04-05T23:20:42.037Z","level":"INFO","device":"100000000010","event":"RX_MSG","detail":"0x8001 bodyLen=5"}
{"ts":"2026-04-05T23:20:42.038Z","level":"INFO","device":"100000000010","event":"SERVER_ACK","detail":"0x0200 result=OK"}
{"ts":"2026-04-05T23:20:42.097Z","level":"INFO","device":"868120100007","event":"RX_MSG","detail":"0x8001 bodyLen=5"}
{"ts":"2026-04-05T23:20:42.097Z","level":"INFO","device":"868120100007","event":"SERVER_ACK","detail":"0x0200 result=OK"}
{"ts":"2026-04-05T23:20:42.122Z","level":"INFO","device":"868120100008","event":"RX_MSG","detail":"0x8001 bodyLen=5"}
{"ts":"2026-04-05T23:20:42.122Z","level":"INFO","device":"868120100008","event":"SERVER_ACK","detail":"0x0200 result=OK"}
{"ts":"2026-04-05T23:20:42.227Z","level":"INFO","device":"868120100002","event":"RX_MSG","detail":"0x8001 bodyLen=5"}
{"ts":"2026-04-05T23:20:42.227Z","level":"INFO","device":"868120100002","event":"SERVER_ACK","detail":"0x0800 result=OK"}
{"ts":"2026-04-05T23:20:42.227Z","level":"INFO","device":"868120100002","event":"RX_MSG","detail":"0x8001 bodyLen=5"}
{"ts":"2026-04-05T23:20:42.228Z","level":"INFO","device":"868120100002","event":"SERVER_ACK","detail":"0x0200 result=OK"}
{"ts":"2026-04-05T23:20:42.339Z","level":"INFO","device":"100000000010","event":"RX_MSG","detail":"0x8001 bodyLen=5"}
{"ts":"2026-04-05T23:20:42.339Z","level":"INFO","device":"100000000010","event":"SERVER_ACK","detail":"0x0800 result=OK"}
{"ts":"2026-04-05T23:20:42.340Z","level":"INFO","device":"100000000010","event":"RX_MSG","detail":"0x8001 bodyLen=5"}
{"ts":"2026-04-05T23:20:42.340Z","level":"INFO","device":"100000000010","event":"SERVER_ACK","detail":"0x0200 result=OK"}
{"ts":"2026-04-05T23:20:42.350Z","level":"INFO","device":"868120100003","event":"RX_MSG","detail":"0x8001 bodyLen=5"}
{"ts":"2026-04-05T23:20:42.350Z","level":"INFO","device":"868120100003","event":"SERVER_ACK","detail":"0x0800 result=OK"}
{"ts":"2026-04-05T23:20:42.405Z","level":"INFO","device":"868120100007","event":"RX_MSG","detail":"0x8001 bodyLen=5"}
{"ts":"2026-04-05T23:20:42.406Z","level":"INFO","device":"868120100007","event":"SERVER_ACK","detail":"0x0800 result=OK"}
{"ts":"2026-04-05T23:20:42.406Z","level":"INFO","device":"868120100007","event":"RX_MSG","detail":"0x8001 bodyLen=5"}
{"ts":"2026-04-05T23:20:42.406Z","level":"INFO","device":"868120100007","event":"SERVER_ACK","detail":"0x0200 result=OK"}
{"ts":"2026-04-05T23:20:42.436Z","level":"INFO","device":"868120100008","event":"RX_MSG","detail":"0x8001 bodyLen=5"}
{"ts":"2026-04-05T23:20:42.437Z","level":"INFO","device":"868120100008","event":"SERVER_ACK","detail":"0x0800 result=OK"}
{"ts":"2026-04-05T23:20:42.437Z","level":"INFO","device":"868120100008","event":"RX_MSG","detail":"0x8001 bodyLen=5"}
{"ts":"2026-04-05T23:20:42.437Z","level":"INFO","device":"868120100008","event":"SERVER_ACK","detail":"0x0200 result=OK"}
{"ts":"2026-04-05T23:20:42.656Z","level":"INFO","device":"868120100003","event":"RX_MSG","detail":"0x8001 bodyLen=5"}
{"ts":"2026-04-05T23:20:42.656Z","level":"INFO","device":"868120100003","event":"SERVER_ACK","detail":"0x0200 result=OK"}
{"ts":"2026-04-05T23:20:45.437Z","level":"INFO","device":"291078985963","event":"HEARTBEAT_SENT","detail":"0x0002"}
{"ts":"2026-04-05T23:20:45.455Z","level":"INFO","device":"291078985963","event":"OBD2_SENT_0x0200","detail":"Lat: 51.714255, Lng: 0.513218 | Speed: 49km/h | RPM: 2776"}
{"ts":"2026-04-05T23:20:45.576Z","level":"INFO","device":"200000000002","event":"HEARTBEAT_SENT","detail":"0x0002"}
{"ts":"2026-04-05T23:20:45.577Z","level":"INFO","device":"200000000002","event":"OBD2_SENT_0x0200","detail":"Lat: 51.721014, Lng: 0.497752 | Speed: 28km/h | RPM: 1930"}
{"ts":"2026-04-05T23:20:45.630Z","level":"INFO","device":"291078985963","event":"SERVER_ACK","detail":"0x8001 Universal Reply Received"}
{"ts":"2026-04-05T23:20:45.721Z","level":"INFO","device":"200000000003","event":"HEARTBEAT_SENT","detail":"0x0002"}
{"ts":"2026-04-05T23:20:45.721Z","level":"INFO","device":"200000000003","event":"OBD2_SENT_0x0200","detail":"Lat: 51.715768, Lng: 0.506364 | Speed: 35km/h | RPM: 2215"}
{"ts":"2026-04-05T23:20:45.779Z","level":"INFO","device":"200000000002","event":"SERVER_ACK","detail":"0x8001 Universal Reply Received"}
{"ts":"2026-04-05T23:20:45.874Z","level":"INFO","device":"200000000004","event":"HEARTBEAT_SENT","detail":"0x0002"}
{"ts":"2026-04-05T23:20:45.877Z","level":"INFO","device":"200000000004","event":"OBD2_SENT_0x0200","detail":"Lat: 51.714859, Lng: 0.510056 | Speed: 38km/h | RPM: 2323"}
{"ts":"2026-04-05T23:20:45.932Z","level":"INFO","device":"200000000003","event":"SERVER_ACK","detail":"0x8001 Universal Reply Received"}
{"ts":"2026-04-05T23:20:45.943Z","level":"INFO","device":"291078985963","event":"SERVER_ACK","detail":"0x8001 Universal Reply Received"}
{"ts":"2026-04-05T23:20:46.022Z","level":"INFO","device":"200000000005","event":"HEARTBEAT_SENT","detail":"0x0002"}
{"ts":"2026-04-05T23:20:46.030Z","level":"INFO","device":"200000000005","event":"OBD2_SENT_0x0200","detail":"Lat: 51.714616, Lng: 0.511191 | Speed: 33km/h | RPM: 2113"}
{"ts":"2026-04-05T23:20:46.060Z","level":"INFO","device":"200000000004","event":"SERVER_ACK","detail":"0x8001 Universal Reply Received"}
{"ts":"2026-04-05T23:20:46.108Z","level":"INFO","device":"200000000002","event":"SERVER_ACK","detail":"0x8001 Universal Reply Received"}
{"ts":"2026-04-05T23:20:46.172Z","level":"INFO","device":"200000000006","event":"HEARTBEAT_SENT","detail":"0x0002"}
{"ts":"2026-04-05T23:20:46.175Z","level":"INFO","device":"200000000006","event":"OBD2_SENT_0x0200","detail":"Lat: 51.737697, Lng: 0.474973 | Speed: 48km/h | RPM: 2727"}
{"ts":"2026-04-05T23:20:46.224Z","level":"INFO","device":"200000000005","event":"SERVER_ACK","detail":"0x8001 Universal Reply Received"}
{"ts":"2026-04-05T23:20:46.272Z","level":"INFO","device":"200000000003","event":"SERVER_ACK","detail":"0x8001 Universal Reply Received"}
{"ts":"2026-04-05T23:20:46.322Z","level":"INFO","device":"200000000007","event":"HEARTBEAT_SENT","detail":"0x0002"}
{"ts":"2026-04-05T23:20:46.325Z","level":"INFO","device":"200000000007","event":"OBD2_SENT_0x0200","detail":"Lat: 51.737606, Lng: 0.474248 | Speed: 58km/h | RPM: 3137"}
{"ts":"2026-04-05T23:20:46.357Z","level":"INFO","device":"200000000006","event":"SERVER_ACK","detail":"0x8001 Universal Reply Received"}
{"ts":"2026-04-05T23:20:46.376Z","level":"INFO","device":"200000000004","event":"SERVER_ACK","detail":"0x8001 Universal Reply Received"}
{"ts":"2026-04-05T23:20:46.475Z","level":"INFO","device":"200000000008","event":"HEARTBEAT_SENT","detail":"0x0002"}
{"ts":"2026-04-05T23:20:46.479Z","level":"INFO","device":"200000000008","event":"OBD2_SENT_0x0200","detail":"Lat: 51.736550, Lng: 0.469834 | Speed: 43km/h | RPM: 2527"}
{"ts":"2026-04-05T23:20:46.507Z","level":"INFO","device":"200000000007","event":"SERVER_ACK","detail":"0x8001 Universal Reply Received"}
{"ts":"2026-04-05T23:20:46.547Z","level":"INFO","device":"200000000005","event":"SERVER_ACK","detail":"0x8001 Universal Reply Received"}
{"ts":"2026-04-05T23:20:46.624Z","level":"INFO","device":"200000000009","event":"HEARTBEAT_SENT","detail":"0x0002"}
{"ts":"2026-04-05T23:20:46.625Z","level":"INFO","device":"200000000009","event":"OBD2_SENT_0x0200","detail":"Lat: 51.714477, Lng: 0.511842 | Speed: 50km/h | RPM: 2780"}
{"ts":"2026-04-05T23:20:46.656Z","level":"INFO","device":"200000000006","event":"SERVER_ACK","detail":"0x8001 Universal Reply Received"}
{"ts":"2026-04-05T23:20:46.662Z","level":"INFO","device":"200000000008","event":"SERVER_ACK","detail":"0x8001 Universal Reply Received"}
{"ts":"2026-04-05T23:20:46.771Z","level":"INFO","device":"200000000010","event":"HEARTBEAT_SENT","detail":"0x0002"}
{"ts":"2026-04-05T23:20:46.779Z","level":"INFO","device":"200000000010","event":"OBD2_SENT_0x0200","detail":"Lat: 51.717598, Lng: 0.501603 | Speed: 32km/h | RPM: 2070"}
{"ts":"2026-04-05T23:20:46.806Z","level":"INFO","device":"200000000007","event":"SERVER_ACK","detail":"0x8001 Universal Reply Received"}
{"ts":"2026-04-05T23:20:46.835Z","level":"INFO","device":"200000000009","event":"SERVER_ACK","detail":"0x8001 Universal Reply Received"}
{"ts":"2026-04-05T23:20:46.962Z","level":"INFO","device":"200000000008","event":"SERVER_ACK","detail":"0x8001 Universal Reply Received"}
{"ts":"2026-04-05T23:20:46.972Z","level":"INFO","device":"200000000010","event":"SERVER_ACK","detail":"0x8001 Universal Reply Received"}
{"ts":"2026-04-05T23:20:47.173Z","level":"INFO","device":"200000000009","event":"SERVER_ACK","detail":"0x8001 Universal Reply Received"}
{"ts":"2026-04-05T23:20:47.289Z","level":"INFO","device":"200000000010","event":"SERVER_ACK","detail":"0x8001 Universal Reply Received"}
{"ts":"2026-04-05T23:21:00.468Z","level":"INFO","device":"291078985963","event":"OBD2_SENT_0x0200","detail":"Lat: 51.713856, Lng: 0.516005 | Speed: 47km/h | RPM: 2692"}
{"ts":"2026-04-05T23:21:00.577Z","level":"INFO","device":"200000000002","event":"OBD2_SENT_0x0200","detail":"Lat: 51.720169, Lng: 0.498345 | Speed: 24km/h | RPM: 1762"}
{"ts":"2026-04-05T23:21:00.662Z","level":"INFO","device":"291078985963","event":"SERVER_ACK","detail":"0x8001 Universal Reply Received"}
{"ts":"2026-04-05T23:21:00.722Z","level":"INFO","device":"200000000003","event":"OBD2_SENT_0x0200","detail":"Lat: 51.715254, Lng: 0.508217 | Speed: 34km/h | RPM: 2150"}
{"ts":"2026-04-05T23:21:00.783Z","level":"INFO","device":"200000000002","event":"SERVER_ACK","detail":"0x8001 Universal Reply Received"}
{"ts":"2026-04-05T23:21:00.878Z","level":"INFO","device":"200000000004","event":"OBD2_SENT_0x0200","detail":"Lat: 51.714454, Lng: 0.511949 | Speed: 33km/h | RPM: 2125"}
{"ts":"2026-04-05T23:21:00.935Z","level":"INFO","device":"200000000003","event":"SERVER_ACK","detail":"0x8001 Universal Reply Received"}
{"ts":"2026-04-05T23:21:01.031Z","level":"INFO","device":"200000000005","event":"OBD2_SENT_0x0200","detail":"Lat: 51.714260, Lng: 0.513182 | Speed: 35km/h | RPM: 2193"}
{"ts":"2026-04-05T23:21:01.074Z","level":"INFO","device":"200000000004","event":"SERVER_ACK","detail":"0x8001 Universal Reply Received"}
{"ts":"2026-04-05T23:21:01.175Z","level":"INFO","device":"200000000006","event":"OBD2_SENT_0x0200","detail":"Lat: 51.737694, Lng: 0.477824 | Speed: 48km/h | RPM: 2723"}
{"ts":"2026-04-05T23:21:01.232Z","level":"INFO","device":"200000000005","event":"SERVER_ACK","detail":"0x8001 Universal Reply Received"}
{"ts":"2026-04-05T23:21:01.301Z","level":"INFO","device":"291078985963","event":"GPS_SENT","detail":""}
{"ts":"2026-04-05T23:21:01.317Z","level":"INFO","device":"868120100009","event":"GPS_SENT","detail":""}
{"ts":"2026-04-05T23:21:01.325Z","level":"INFO","device":"200000000007","event":"OBD2_SENT_0x0200","detail":"Lat: 51.737671, Lng: 0.477915 | Speed: 62km/h | RPM: 3273"}
{"ts":"2026-04-05T23:21:01.361Z","level":"INFO","device":"200000000006","event":"SERVER_ACK","detail":"0x8001 Universal Reply Received"}
{"ts":"2026-04-05T23:21:01.375Z","level":"INFO","device":"868120100005","event":"GPS_SENT","detail":""}
{"ts":"2026-04-05T23:21:01.433Z","level":"INFO","device":"868120100004","event":"GPS_SENT","detail":""}
{"ts":"2026-04-05T23:21:01.479Z","level":"INFO","device":"200000000008","event":"OBD2_SENT_0x0200","detail":"Lat: 51.737271, Lng: 0.472465 | Speed: 45km/h | RPM: 2619"}
{"ts":"2026-04-05T23:21:01.481Z","level":"INFO","device":"868120100006","event":"GPS_SENT","detail":""}
{"ts":"2026-04-05T23:21:01.503Z","level":"INFO","device":"291078985963","event":"RX_MSG","detail":"0x8001 bodyLen=5"}
{"ts":"2026-04-05T23:21:01.503Z","level":"INFO","device":"291078985963","event":"SERVER_ACK","detail":"0x0200 result=OK"}
{"ts":"2026-04-05T23:21:01.511Z","level":"INFO","device":"200000000007","event":"SERVER_ACK","detail":"0x8001 Universal Reply Received"}
{"ts":"2026-04-05T23:21:01.527Z","level":"INFO","device":"868120100009","event":"RX_MSG","detail":"0x8001 bodyLen=5"}
{"ts":"2026-04-05T23:21:01.527Z","level":"INFO","device":"868120100009","event":"SERVER_ACK","detail":"0x0200 result=OK"}
{"ts":"2026-04-05T23:21:01.564Z","level":"INFO","device":"868120100003","event":"GPS_SENT","detail":""}
{"ts":"2026-04-05T23:21:01.582Z","level":"INFO","device":"868120100005","event":"RX_MSG","detail":"0x8001 bodyLen=5"}
{"ts":"2026-04-05T23:21:01.582Z","level":"INFO","device":"868120100005","event":"SERVER_ACK","detail":"0x0200 result=OK"}
{"ts":"2026-04-05T23:21:01.617Z","level":"INFO","device":"868120100004","event":"RX_MSG","detail":"0x8001 bodyLen=5"}
{"ts":"2026-04-05T23:21:01.618Z","level":"INFO","device":"868120100004","event":"SERVER_ACK","detail":"0x0200 result=OK"}
{"ts":"2026-04-05T23:21:01.625Z","level":"INFO","device":"200000000009","event":"OBD2_SENT_0x0200","detail":"Lat: 51.714016, Lng: 0.514885 | Speed: 53km/h | RPM: 2929"}
{"ts":"2026-04-05T23:21:01.666Z","level":"INFO","device":"200000000008","event":"SERVER_ACK","detail":"0x8001 Universal Reply Received"}
{"ts":"2026-04-05T23:21:01.682Z","level":"INFO","device":"868120100006","event":"RX_MSG","detail":"0x8001 bodyLen=5"}
{"ts":"2026-04-05T23:21:01.683Z","level":"INFO","device":"868120100006","event":"SERVER_ACK","detail":"0x0200 result=OK"}
{"ts":"2026-04-05T23:21:01.700Z","level":"INFO","device":"868120100002","event":"GPS_SENT","detail":""}
{"ts":"2026-04-05T23:21:01.766Z","level":"INFO","device":"868120100003","event":"RX_MSG","detail":"0x8001 bodyLen=5"}
{"ts":"2026-04-05T23:21:01.766Z","level":"INFO","device":"868120100003","event":"SERVER_ACK","detail":"0x0200 result=OK"}
{"ts":"2026-04-05T23:21:01.778Z","level":"INFO","device":"200000000010","event":"OBD2_SENT_0x0200","detail":"Lat: 51.716861, Lng: 0.503191 | Speed: 34km/h | RPM: 2149"}
{"ts":"2026-04-05T23:21:01.837Z","level":"INFO","device":"200000000009","event":"SERVER_ACK","detail":"0x8001 Universal Reply Received"}
{"ts":"2026-04-05T23:21:01.847Z","level":"INFO","device":"100000000010","event":"GPS_SENT","detail":""}
{"ts":"2026-04-05T23:21:01.891Z","level":"INFO","device":"868120100007","event":"GPS_SENT","detail":""}
{"ts":"2026-04-05T23:21:01.910Z","level":"INFO","device":"868120100002","event":"RX_MSG","detail":"0x8001 bodyLen=5"}
{"ts":"2026-04-05T23:21:01.910Z","level":"INFO","device":"868120100002","event":"SERVER_ACK","detail":"0x0200 result=OK"}
{"ts":"2026-04-05T23:21:01.922Z","level":"INFO","device":"868120100008","event":"GPS_SENT","detail":""}
{"ts":"2026-04-05T23:21:01.979Z","level":"INFO","device":"200000000010","event":"SERVER_ACK","detail":"0x8001 Universal Reply Received"}
{"ts":"2026-04-05T23:21:02.041Z","level":"INFO","device":"100000000010","event":"RX_MSG","detail":"0x8001 bodyLen=5"}
{"ts":"2026-04-05T23:21:02.041Z","level":"INFO","device":"100000000010","event":"SERVER_ACK","detail":"0x0200 result=OK"}
{"ts":"2026-04-05T23:21:02.091Z","level":"INFO","device":"868120100007","event":"RX_MSG","detail":"0x8001 bodyLen=5"}
{"ts":"2026-04-05T23:21:02.092Z","level":"INFO","device":"868120100007","event":"SERVER_ACK","detail":"0x0200 result=OK"}
{"ts":"2026-04-05T23:21:02.123Z","level":"INFO","device":"868120100008","event":"RX_MSG","detail":"0x8001 bodyLen=5"}
{"ts":"2026-04-05T23:21:02.124Z","level":"INFO","device":"868120100008","event":"SERVER_ACK","detail":"0x0200 result=OK"}
{"ts":"2026-04-05T23:21:06.608Z","level":"INFO","device":"291078985963","event":"RX_MSG","detail":"0x9208 bodyLen=81"}
{"ts":"2026-04-05T23:21:06.609Z","level":"INFO","device":"291078985963","event":"9208_RAW","detail":"0C35342E33372E3232352E36350D32000029107898596300260405231815060200323931303738393835393633303032363034303532333138313530363032303000000000000000000000000000000000"}
{"ts":"2026-04-05T23:21:06.610Z","level":"INFO","device":"291078985963","event":"UPLOAD_TRIGGERED","detail":"media: 54.37.225.65:3378 | alarmId: 29107898596300260405231815060200"}
{"ts":"2026-04-05T23:21:06.610Z","level":"INFO","device":"291078985963","event":"MEDIA_CONNECTING","detail":"54.37.225.65:3378 files=2"}
{"ts":"2026-04-05T23:21:06.625Z","level":"INFO","device":"868120100009","event":"RX_MSG","detail":"0x9208 bodyLen=81"}
{"ts":"2026-04-05T23:21:06.625Z","level":"INFO","device":"868120100009","event":"9208_RAW","detail":"0C35342E33372E3232352E36350D32000086812010000900260405231816060200383638313230313030303039303032363034303532333138313630363032303000000000000000000000000000000000"}
{"ts":"2026-04-05T23:21:06.625Z","level":"INFO","device":"868120100009","event":"UPLOAD_TRIGGERED","detail":"media: 54.37.225.65:3378 | alarmId: 86812010000900260405231816060200"}
{"ts":"2026-04-05T23:21:06.625Z","level":"INFO","device":"868120100009","event":"MEDIA_CONNECTING","detail":"54.37.225.65:3378 files=2"}
{"ts":"2026-04-05T23:21:06.633Z","level":"INFO","device":"868120100004","event":"RX_MSG","detail":"0x9208 bodyLen=81"}
{"ts":"2026-04-05T23:21:06.634Z","level":"INFO","device":"868120100004","event":"9208_RAW","detail":"0C35342E33372E3232352E36350D32000086812010000400260405231816060200383638313230313030303034303032363034303532333138313630363032303000000000000000000000000000000000"}
{"ts":"2026-04-05T23:21:06.634Z","level":"INFO","device":"868120100004","event":"UPLOAD_TRIGGERED","detail":"media: 54.37.225.65:3378 | alarmId: 86812010000400260405231816060200"}
{"ts":"2026-04-05T23:21:06.635Z","level":"INFO","device":"868120100004","event":"MEDIA_CONNECTING","detail":"54.37.225.65:3378 files=2"}
{"ts":"2026-04-05T23:21:06.657Z","level":"INFO","device":"868120100005","event":"RX_MSG","detail":"0x9208 bodyLen=81"}
{"ts":"2026-04-05T23:21:06.660Z","level":"INFO","device":"868120100005","event":"9208_RAW","detail":"0C35342E33372E3232352E36350D32000086812010000500260405231816060200383638313230313030303035303032363034303532333138313630363032303000000000000000000000000000000000"}
{"ts":"2026-04-05T23:21:06.661Z","level":"INFO","device":"868120100005","event":"UPLOAD_TRIGGERED","detail":"media: 54.37.225.65:3378 | alarmId: 86812010000500260405231816060200"}
{"ts":"2026-04-05T23:21:06.661Z","level":"INFO","device":"868120100005","event":"MEDIA_CONNECTING","detail":"54.37.225.65:3378 files=2"}
{"ts":"2026-04-05T23:21:06.699Z","level":"INFO","device":"868120100006","event":"RX_MSG","detail":"0x9208 bodyLen=81"}
{"ts":"2026-04-05T23:21:06.699Z","level":"INFO","device":"868120100006","event":"9208_RAW","detail":"0C35342E33372E3232352E36350D32000086812010000600260405231816060200383638313230313030303036303032363034303532333138313630363032303000000000000000000000000000000000"}
{"ts":"2026-04-05T23:21:06.699Z","level":"INFO","device":"868120100006","event":"UPLOAD_TRIGGERED","detail":"media: 54.37.225.65:3378 | alarmId: 86812010000600260405231816060200"}
{"ts":"2026-04-05T23:21:06.699Z","level":"INFO","device":"868120100006","event":"MEDIA_CONNECTING","detail":"54.37.225.65:3378 files=2"}
{"ts":"2026-04-05T23:21:06.782Z","level":"INFO","device":"868120100003","event":"RX_MSG","detail":"0x9208 bodyLen=81"}
{"ts":"2026-04-05T23:21:06.782Z","level":"INFO","device":"868120100003","event":"9208_RAW","detail":"0C35342E33372E3232352E36350D32000086812010000300260405231815060200383638313230313030303033303032363034303532333138313530363032303000000000000000000000000000000000"}
{"ts":"2026-04-05T23:21:06.783Z","level":"INFO","device":"868120100003","event":"UPLOAD_TRIGGERED","detail":"media: 54.37.225.65:3378 | alarmId: 86812010000300260405231815060200"}
{"ts":"2026-04-05T23:21:06.783Z","level":"INFO","device":"868120100003","event":"MEDIA_CONNECTING","detail":"54.37.225.65:3378 files=2"}
{"ts":"2026-04-05T23:21:06.803Z","level":"INFO","device":"291078985963","event":"MEDIA_CONNECTED","detail":"54.37.225.65:3378"}
{"ts":"2026-04-05T23:21:06.804Z","level":"INFO","device":"291078985963","event":"FILE_START","detail":"[1/2] 00_64_6401_00_29107898596300260405231815060200.jpg (215 bytes)"}
{"ts":"2026-04-05T23:21:06.804Z","level":"INFO","device":"291078985963","event":"SENT_1210","detail":"00_64_6401_00_29107898596300260405231815060200.jpg"}
{"ts":"2026-04-05T23:21:06.810Z","level":"INFO","device":"868120100009","event":"MEDIA_CONNECTED","detail":"54.37.225.65:3378"}
{"ts":"2026-04-05T23:21:06.810Z","level":"INFO","device":"868120100009","event":"FILE_START","detail":"[1/2] 00_64_6401_00_86812010000900260405231816060200.jpg (215 bytes)"}
{"ts":"2026-04-05T23:21:06.811Z","level":"INFO","device":"868120100009","event":"SENT_1210","detail":"00_64_6401_00_86812010000900260405231816060200.jpg"}
{"ts":"2026-04-05T23:21:06.844Z","level":"INFO","device":"868120100004","event":"MEDIA_CONNECTED","detail":"54.37.225.65:3378"}
{"ts":"2026-04-05T23:21:06.844Z","level":"INFO","device":"868120100004","event":"FILE_START","detail":"[1/2] 00_64_6401_00_86812010000400260405231816060200.jpg (215 bytes)"}
{"ts":"2026-04-05T23:21:06.845Z","level":"INFO","device":"868120100004","event":"SENT_1210","detail":"00_64_6401_00_86812010000400260405231816060200.jpg"}
{"ts":"2026-04-05T23:21:06.853Z","level":"INFO","device":"868120100005","event":"MEDIA_CONNECTED","detail":"54.37.225.65:3378"}
{"ts":"2026-04-05T23:21:06.853Z","level":"INFO","device":"868120100005","event":"FILE_START","detail":"[1/2] 00_64_6401_00_86812010000500260405231816060200.jpg (215 bytes)"}
{"ts":"2026-04-05T23:21:06.854Z","level":"INFO","device":"868120100005","event":"SENT_1210","detail":"00_64_6401_00_86812010000500260405231816060200.jpg"}
{"ts":"2026-04-05T23:21:06.904Z","level":"INFO","device":"291078985963","event":"SENT_1212","detail":"00_64_6401_00_29107898596300260405231815060200.jpg"}
{"ts":"2026-04-05T23:21:06.911Z","level":"INFO","device":"868120100006","event":"MEDIA_CONNECTED","detail":"54.37.225.65:3378"}
{"ts":"2026-04-05T23:21:06.912Z","level":"INFO","device":"868120100006","event":"FILE_START","detail":"[1/2] 00_64_6401_00_86812010000600260405231816060200.jpg (215 bytes)"}
{"ts":"2026-04-05T23:21:06.912Z","level":"INFO","device":"868120100006","event":"SENT_1210","detail":"00_64_6401_00_86812010000600260405231816060200.jpg"}
{"ts":"2026-04-05T23:21:06.913Z","level":"INFO","device":"868120100009","event":"SENT_1212","detail":"00_64_6401_00_86812010000900260405231816060200.jpg"}
{"ts":"2026-04-05T23:21:06.920Z","level":"INFO","device":"868120100002","event":"RX_MSG","detail":"0x9208 bodyLen=81"}
{"ts":"2026-04-05T23:21:06.920Z","level":"INFO","device":"868120100002","event":"9208_RAW","detail":"0C35342E33372E3232352E36350D32000086812010000200260405231815060200383638313230313030303032303032363034303532333138313530363032303000000000000000000000000000000000"}
{"ts":"2026-04-05T23:21:06.920Z","level":"INFO","device":"868120100002","event":"UPLOAD_TRIGGERED","detail":"media: 54.37.225.65:3378 | alarmId: 86812010000200260405231815060200"}
{"ts":"2026-04-05T23:21:06.920Z","level":"INFO","device":"868120100002","event":"MEDIA_CONNECTING","detail":"54.37.225.65:3378 files=2"}
{"ts":"2026-04-05T23:21:06.945Z","level":"INFO","device":"868120100004","event":"SENT_1212","detail":"00_64_6401_00_86812010000400260405231816060200.jpg"}
{"ts":"2026-04-05T23:21:06.954Z","level":"INFO","device":"868120100005","event":"SENT_1212","detail":"00_64_6401_00_86812010000500260405231816060200.jpg"}
{"ts":"2026-04-05T23:21:06.984Z","level":"INFO","device":"868120100003","event":"MEDIA_CONNECTED","detail":"54.37.225.65:3378"}
{"ts":"2026-04-05T23:21:06.984Z","level":"INFO","device":"868120100003","event":"FILE_START","detail":"[1/2] 00_64_6401_00_86812010000300260405231815060200.jpg (215 bytes)"}
{"ts":"2026-04-05T23:21:06.984Z","level":"INFO","device":"868120100003","event":"SENT_1210","detail":"00_64_6401_00_86812010000300260405231815060200.jpg"}
{"ts":"2026-04-05T23:21:06.997Z","level":"INFO","device":"868120100009","event":"MEDIA_RX","detail":"7E 80 01 00 05 86 81 20 10 00 09 A8 8A 00 00 12 10 00 9A 7E"}
{"ts":"2026-04-05T23:21:07.001Z","level":"INFO","device":"291078985963","event":"MEDIA_RX","detail":"7E 80 01 00 05 29 10 78 98 59 63 20 8C 00 00 12 10 00 C9 7E"}
{"ts":"2026-04-05T23:21:07.012Z","level":"INFO","device":"868120100006","event":"SENT_1212","detail":"00_64_6401_00_86812010000600260405231816060200.jpg"}
{"ts":"2026-04-05T23:21:07.047Z","level":"INFO","device":"868120100005","event":"MEDIA_RX","detail":"7E 80 01 00 05 86 81 20 10 00 05 5D A2 00 00 12 10 00 4B 7E"}
{"ts":"2026-04-05T23:21:07.048Z","level":"INFO","device":"100000000010","event":"RX_MSG","detail":"0x9208 bodyLen=81"}
{"ts":"2026-04-05T23:21:07.048Z","level":"INFO","device":"100000000010","event":"9208_RAW","detail":"0C35342E33372E3232352E36350D32000010000000001000260405231816060200313030303030303030303130303032363034303532333138313630363032303000000000000000000000000000000000"}
{"ts":"2026-04-05T23:21:07.049Z","level":"INFO","device":"100000000010","event":"UPLOAD_TRIGGERED","detail":"media: 54.37.225.65:3378 | alarmId: 10000000001000260405231816060200"}
{"ts":"2026-04-05T23:21:07.049Z","level":"INFO","device":"100000000010","event":"MEDIA_CONNECTING","detail":"54.37.225.65:3378 files=2"}
{"ts":"2026-04-05T23:21:07.055Z","level":"INFO","device":"868120100004","event":"MEDIA_RX","detail":"7E 80 01 00 05 86 81 20 10 00 04 3B E5 00 00 12 10 00 6B 7E"}
{"ts":"2026-04-05T23:21:07.086Z","level":"INFO","device":"868120100003","event":"SENT_1212","detail":"00_64_6401_00_86812010000300260405231815060200.jpg"}
{"ts":"2026-04-05T23:21:07.103Z","level":"INFO","device":"868120100007","event":"RX_MSG","detail":"0x9208 bodyLen=81"}
{"ts":"2026-04-05T23:21:07.103Z","level":"INFO","device":"868120100007","event":"9208_RAW","detail":"0C35342E33372E3232352E36350D32000086812010000700260405231816060200383638313230313030303037303032363034303532333138313630363032303000000000000000000000000000000000"}
{"ts":"2026-04-05T23:21:07.103Z","level":"INFO","device":"868120100007","event":"UPLOAD_TRIGGERED","detail":"media: 54.37.225.65:3378 | alarmId: 86812010000700260405231816060200"}
{"ts":"2026-04-05T23:21:07.103Z","level":"INFO","device":"868120100007","event":"MEDIA_CONNECTING","detail":"54.37.225.65:3378 files=2"}
{"ts":"2026-04-05T23:21:07.126Z","level":"INFO","device":"868120100006","event":"MEDIA_RX","detail":"7E 80 01 00 05 86 81 20 10 00 06 62 28 00 00 12 10 00 FD 7E"}
{"ts":"2026-04-05T23:21:07.131Z","level":"INFO","device":"868120100002","event":"MEDIA_CONNECTED","detail":"54.37.225.65:3378"}
{"ts":"2026-04-05T23:21:07.131Z","level":"INFO","device":"868120100002","event":"FILE_START","detail":"[1/2] 00_64_6401_00_86812010000200260405231815060200.jpg (215 bytes)"}
{"ts":"2026-04-05T23:21:07.131Z","level":"INFO","device":"868120100002","event":"SENT_1210","detail":"00_64_6401_00_86812010000200260405231815060200.jpg"}
{"ts":"2026-04-05T23:21:07.132Z","level":"INFO","device":"868120100008","event":"RX_MSG","detail":"0x9208 bodyLen=81"}
{"ts":"2026-04-05T23:21:07.132Z","level":"INFO","device":"868120100008","event":"9208_RAW","detail":"0C35342E33372E3232352E36350D32000086812010000800260405231816060200383638313230313030303038303032363034303532333138313630363032303000000000000000000000000000000000"}
{"ts":"2026-04-05T23:21:07.132Z","level":"INFO","device":"868120100008","event":"UPLOAD_TRIGGERED","detail":"media: 54.37.225.65:3378 | alarmId: 86812010000800260405231816060200"}
{"ts":"2026-04-05T23:21:07.132Z","level":"INFO","device":"868120100008","event":"MEDIA_CONNECTING","detail":"54.37.225.65:3378 files=2"}
{"ts":"2026-04-05T23:21:07.179Z","level":"INFO","device":"868120100009","event":"MEDIA_RX","detail":"7E 80 01 00 05 86 81 20 10 00 09 B0 BD 00 01 12 11 00 B5 7E 7E 92 12 00 36 86 81 20 10 00 09 C2 6D 32 30 30 5F 36 34 5F 36 34 30 31 5F 30 30 5F 38 36 38 31 32 30 31 30 30 30 30 39 30 30 32 36 30 34 30 35 32 33 31 38 31 36 30 36 30 32 30 30 2E 6A 70 67 00 00 00 44 7E"}
{"ts":"2026-04-05T23:21:07.187Z","level":"INFO","device":"868120100003","event":"MEDIA_RX","detail":"7E 80 01 00 05 86 81 20 10 00 03 F8 AC 00 00 12 10 00 E6 7E"}
{"ts":"2026-04-05T23:21:07.192Z","level":"INFO","device":"291078985963","event":"MEDIA_RX","detail":"7E 80 01 00 05 29 10 78 98 59 63 A7 55 00 01 12 11 00 97 7E 7E 92 12 00 36 29 10 78 98 59 63 22 8F 32 30 30 5F 36 34 5F 36 34 30 31 5F 30 30 5F 32 39 31 30 37 38 39 38 35 39 36 33 30 30 32 36 30 34 30 35 32 33 31 38 31 35 30 36 30 32 30 30 2E 6A 70 67 00 00 00 98 7E"}
{"ts":"2026-04-05T23:21:07.207Z","level":"INFO","device":"291078985963","event":"FILE_START","detail":"[2/2] 02_64_6401_03_29107898596300260405231815060200.mp4 (65536 bytes)"}
{"ts":"2026-04-05T23:21:07.208Z","level":"INFO","device":"291078985963","event":"SENT_1210","detail":"02_64_6401_03_29107898596300260405231815060200.mp4"}
{"ts":"2026-04-05T23:21:07.213Z","level":"INFO","device":"868120100009","event":"FILE_START","detail":"[2/2] 02_64_6401_03_86812010000900260405231816060200.mp4 (65536 bytes)"}
{"ts":"2026-04-05T23:21:07.213Z","level":"INFO","device":"868120100009","event":"SENT_1210","detail":"02_64_6401_03_86812010000900260405231816060200.mp4"}
{"ts":"2026-04-05T23:21:07.231Z","level":"INFO","device":"868120100002","event":"SENT_1212","detail":"00_64_6401_00_86812010000200260405231815060200.jpg"}
{"ts":"2026-04-05T23:21:07.238Z","level":"INFO","device":"868120100005","event":"MEDIA_RX","detail":"7E 80 01 00 05 86 81 20 10 00 05 56 83 00 01 12 11 00 61 7E 7E 92 12 00 36 86 81 20 10 00 05 32 9F 32 30 30 5F 36 34 5F 36 34 30 31 5F 30 30 5F 38 36 38 31 32 30 31 30 30 30 30 35 30 30 32 36 30 34 30 35 32 33 31 38 31 36 30 36 30 32 30 30 2E 6A 70 67 00 00 00 46 7E"}
{"ts":"2026-04-05T23:21:07.245Z","level":"INFO","device":"868120100004","event":"FILE_START","detail":"[2/2] 02_64_6401_03_86812010000400260405231816060200.mp4 (65536 bytes)"}
{"ts":"2026-04-05T23:21:07.245Z","level":"INFO","device":"868120100004","event":"SENT_1210","detail":"02_64_6401_03_86812010000400260405231816060200.mp4"}
{"ts":"2026-04-05T23:21:07.253Z","level":"INFO","device":"100000000010","event":"MEDIA_CONNECTED","detail":"54.37.225.65:3378"}
{"ts":"2026-04-05T23:21:07.253Z","level":"INFO","device":"100000000010","event":"FILE_START","detail":"[1/2] 00_64_6401_00_10000000001000260405231816060200.jpg (215 bytes)"}
{"ts":"2026-04-05T23:21:07.254Z","level":"INFO","device":"100000000010","event":"SENT_1210","detail":"00_64_6401_00_10000000001000260405231816060200.jpg"}
{"ts":"2026-04-05T23:21:07.255Z","level":"INFO","device":"868120100005","event":"FILE_START","detail":"[2/2] 02_64_6401_03_86812010000500260405231816060200.mp4 (65536 bytes)"}
{"ts":"2026-04-05T23:21:07.255Z","level":"INFO","device":"868120100005","event":"SENT_1210","detail":"02_64_6401_03_86812010000500260405231816060200.mp4"}
{"ts":"2026-04-05T23:21:07.262Z","level":"INFO","device":"868120100004","event":"MEDIA_RX","detail":"7E 80 01 00 05 86 81 20 10 00 04 5F 75 00 01 12 11 00 9F 7E 7E 92 12 00 36 86 81 20 10 00 04 EE B0 32 30 30 5F 36 34 5F 36 34 30 31 5F 30 30 5F 38 36 38 31 32 30 31 30 30 30 30 34 30 30 32 36 30 34 30 35 32 33 31 38 31 36 30 36 30 32 30 30 2E 6A 70 67 00 00 00 B5 7E"}
{"ts":"2026-04-05T23:21:07.316Z","level":"INFO","device":"291078985963","event":"SENT_1212","detail":"02_64_6401_03_29107898596300260405231815060200.mp4"}
{"ts":"2026-04-05T23:21:07.317Z","level":"INFO","device":"868120100006","event":"FILE_START","detail":"[2/2] 02_64_6401_03_86812010000600260405231816060200.mp4 (65536 bytes)"}
{"ts":"2026-04-05T23:21:07.317Z","level":"INFO","device":"868120100006","event":"SENT_1210","detail":"02_64_6401_03_86812010000600260405231816060200.mp4"}
{"ts":"2026-04-05T23:21:07.323Z","level":"INFO","device":"868120100009","event":"SENT_1212","detail":"02_64_6401_03_86812010000900260405231816060200.mp4"}
{"ts":"2026-04-05T23:21:07.323Z","level":"INFO","device":"868120100007","event":"MEDIA_CONNECTED","detail":"54.37.225.65:3378"}
{"ts":"2026-04-05T23:21:07.324Z","level":"INFO","device":"868120100007","event":"FILE_START","detail":"[1/2] 00_64_6401_00_86812010000700260405231816060200.jpg (215 bytes)"}
{"ts":"2026-04-05T23:21:07.324Z","level":"INFO","device":"868120100007","event":"SENT_1210","detail":"00_64_6401_00_86812010000700260405231816060200.jpg"}
{"ts":"2026-04-05T23:21:07.324Z","level":"INFO","device":"868120100008","event":"MEDIA_CONNECTED","detail":"54.37.225.65:3378"}
{"ts":"2026-04-05T23:21:07.324Z","level":"INFO","device":"868120100008","event":"FILE_START","detail":"[1/2] 00_64_6401_00_86812010000800260405231816060200.jpg (215 bytes)"}
{"ts":"2026-04-05T23:21:07.324Z","level":"INFO","device":"868120100008","event":"SENT_1210","detail":"00_64_6401_00_86812010000800260405231816060200.jpg"}
{"ts":"2026-04-05T23:21:07.337Z","level":"INFO","device":"868120100006","event":"MEDIA_RX","detail":"7E 80 01 00 05 86 81 20 10 00 06 58 00 00 01 12 11 00 EF 7E 7E 92 12 00 36 86 81 20 10 00 06 59 8F 32 30 30 5F 36 34 5F 36 34 30 31 5F 30 30 5F 38 36 38 31 32 30 31 30 30 30 30 36 30 30 32 36 30 34 30 35 32 33 31 38 31 36 30 36 30 32 30 30 2E 6A 70 67 00 00 00 3D 7E"}
{"ts":"2026-04-05T23:21:07.346Z","level":"INFO","device":"868120100002","event":"MEDIA_RX","detail":"7E 80 01 00 05 86 81 20 10 00 02 05 B0 00 00 12 10 00 06 7E"}
{"ts":"2026-04-05T23:21:07.355Z","level":"INFO","device":"868120100004","event":"SENT_1212","detail":"02_64_6401_03_86812010000400260405231816060200.mp4"}
{"ts":"2026-04-05T23:21:07.356Z","level":"INFO","device":"100000000010","event":"SENT_1212","detail":"00_64_6401_00_10000000001000260405231816060200.jpg"}
{"ts":"2026-04-05T23:21:07.364Z","level":"INFO","device":"868120100005","event":"SENT_1212","detail":"02_64_6401_03_86812010000500260405231816060200.mp4"}
{"ts":"2026-04-05T23:21:07.385Z","level":"INFO","device":"868120100003","event":"FILE_START","detail":"[2/2] 02_64_6401_03_86812010000300260405231815060200.mp4 (65536 bytes)"}
{"ts":"2026-04-05T23:21:07.386Z","level":"INFO","device":"868120100003","event":"SENT_1210","detail":"02_64_6401_03_86812010000300260405231815060200.mp4"}
{"ts":"2026-04-05T23:21:07.386Z","level":"INFO","device":"868120100003","event":"MEDIA_RX","detail":"7E 80 01 00 05 86 81 20 10 00 03 C3 17 00 01 12 11 00 66 7E 7E 92 12 00 36 86 81 20 10 00 03 CF C8 32 30 30 5F 36 34 5F 36 34 30 31 5F 30 30 5F 38 36 38 31 32 30 31 30 30 30 30 33 30 30 32 36 30 34 30 35 32 33 31 38 31 35 30 36 30 32 30 30 2E 6A 70 67 00 00 00 EF 7E"}
{"ts":"2026-04-05T23:21:07.398Z","level":"INFO","device":"868120100009","event":"MEDIA_RX","detail":"7E 80 01 00 05 86 81 20 10 00 09 6F BC 00 03 12 10 00 68 7E"}
{"ts":"2026-04-05T23:21:07.401Z","level":"INFO","device":"291078985963","event":"MEDIA_RX","detail":"7E 80 01 00 05 29 10 78 98 59 63 B2 FA 00 03 12 10 00 2E 7E"}
{"ts":"2026-04-05T23:21:07.422Z","level":"INFO","device":"868120100006","event":"SENT_1212","detail":"02_64_6401_03_86812010000600260405231816060200.mp4"}
{"ts":"2026-04-05T23:21:07.425Z","level":"INFO","device":"868120100007","event":"SENT_1212","detail":"00_64_6401_00_86812010000700260405231816060200.jpg"}
{"ts":"2026-04-05T23:21:07.427Z","level":"INFO","device":"868120100008","event":"SENT_1212","detail":"00_64_6401_00_86812010000800260405231816060200.jpg"}
{"ts":"2026-04-05T23:21:07.449Z","level":"INFO","device":"868120100005","event":"MEDIA_RX","detail":"7E 80 01 00 05 86 81 20 10 00 05 E7 9F 00 03 12 10 00 CF 7E"}
{"ts":"2026-04-05T23:21:07.459Z","level":"INFO","device":"100000000010","event":"MEDIA_RX","detail":"7E 80 01 00 05 10 00 00 00 00 10 86 62 00 00 12 10 00 62 7E"}
{"ts":"2026-04-05T23:21:07.490Z","level":"INFO","device":"868120100003","event":"SENT_1212","detail":"02_64_6401_03_86812010000300260405231815060200.mp4"}
{"ts":"2026-04-05T23:21:07.521Z","level":"INFO","device":"868120100008","event":"MEDIA_RX","detail":"7E 80 01 00 05 86 81 20 10 00 08 62 1F 00 00 12 10 00 C4 7E"}
{"ts":"2026-04-05T23:21:07.532Z","level":"INFO","device":"868120100002","event":"FILE_START","detail":"[2/2] 02_64_6401_03_86812010000200260405231815060200.mp4 (65536 bytes)"}
{"ts":"2026-04-05T23:21:07.532Z","level":"INFO","device":"868120100002","event":"SENT_1210","detail":"02_64_6401_03_86812010000200260405231815060200.mp4"}
{"ts":"2026-04-05T23:21:07.536Z","level":"INFO","device":"868120100007","event":"MEDIA_RX","detail":"7E 80 01 00 05 86 81 20 10 00 07 3E 8C 00 00 12 10 00 04 7E"}
{"ts":"2026-04-05T23:21:07.552Z","level":"INFO","device":"868120100002","event":"MEDIA_RX","detail":"7E 80 01 00 05 86 81 20 10 00 02 31 8C 00 01 12 11 00 0E 7E 7E 92 12 00 36 86 81 20 10 00 02 C8 F7 32 30 30 5F 36 34 5F 36 34 30 31 5F 30 30 5F 38 36 38 31 32 30 31 30 30 30 30 32 30 30 32 36 30 34 30 35 32 33 31 38 31 35 30 36 30 32 30 30 2E 6A 70 67 00 00 00 D7 7E"}
{"ts":"2026-04-05T23:21:07.555Z","level":"INFO","device":"868120100004","event":"MEDIA_RX","detail":"7E 80 01 00 05 86 81 20 10 00 04 91 42 00 03 12 10 00 65 7E"}
{"ts":"2026-04-05T23:21:07.580Z","level":"INFO","device":"868120100009","event":"MEDIA_RX","detail":"7E 80 01 00 05 86 81 20 10 00 09 DE C9 00 04 12 11 00 AA 7E 7E 80 01 00 05 86 81 20 10 00 09 8E D0 00 05 12 11 00 E2 7E 7E 80 01 00 05 86 81 20 10 00 09 E7 A4 00 06 12 11 00 FC 7E 7E 80 01 00 05 86 81 20 10 00 09 4D 93 00 07 12 11 00 60 7E 7E 80 01 00 05 86 81 20 10 00 09 C2 B0 00 08 12 11 00 C3 7E 7E 80 01 00 05 86 81 20 10 00 09 AF 80 00 09 12 11 00 9F 7E 7E 80 01 00 05 86 81 20 10 00 09 48 02 00 0A 12 11 00 F9 7E 7E 80 01 00 05 86 81 20 10 00 09 41 B1 00 0B 12 11 00 42 7E 7E 80 01 00 05 86 81 20 10 00 09 F8 93 00 0C 12 11 00 DE 7E 7E 80 01 00 05 86 81 20 10 00 09 41 A2 00 0D 12 11 00 57 7E 7E 80 01 00 05 86 81 20 10 00 09 AB AA 00 0E 12 11 00 B6 7E 7E 80 01 00 05 86 81 20 10 00 09 AD D8 00 0F 12 11 00 C3 7E 7E 80 01 00 05 86 81 20 10 00 09 8A D3 00 10 12 11 00 F0 7E 7E 80 01 00 05 86 81 20 10 00 09 E3 1B 00 11 12 11 00 50 7E 7E 80 01 00 05 86 81 20 10 00 09 64 BE 00 12 12 11 00 71 7E 7E 80 01 00 05 86 81 20 10 00 09 5E EF 00 13 12 11 00 1B 7E 7E 80 01 00 05 86 81 20 10 00 09 23 11 00 14 12 11 00 9F 7E 7E 80 01 00 05 86 81 20 10 00 09 7A 54 00 15 12 11 00 82 7E 7E 80 01 00 05 86 81 20 10 00 09 EC D5 00 16 12 11 00 96 7E 7E 80 01 00 05 86 81 20 10 00 09 E7 A6 00 17 12 11 00 EF 7E 7E 80 01 00 05 86 81 20 10 00 09 2B 99 00 18 12 11 00 13 7E 7E 80 01 00 05 86 81 20 10 00 09 11 90 00 19 12 11 00 21 7E 7E 80 01 00 05 86 81 20 10 00 09 4E DC 00 1A 12 11 00 31 7E 7E 80 01 00 05 86 81 20 10 00 09 0E 43 00 1B 12 11 00 EF 7E 7E 80 01 00 05 86 81 20 10 00 09 9A F7 00 1C 12 11 00 C8 7E 7E 80 01 00 05 86 81 20 10 00 09 AB 2E 00 1D 12 11 00 21 7E 7E 80 01 00 05 86 81 20 10 00 09 09 EA 00 1E 12 11 00 44 7E 7E 80 01 00 05 86 81 20 10 00 09 14 80 00 1F 12 11 00 32 7E 7E 80 01 00 05 86 81 20 10 00 09 DF 27 00 20 12 11 00 61 7E 7E 80 01 00 05 86 81 20 10 00 09 78 1C 00 21 12 11 00 FC 7E 7E 80 01 00 05 86 81 20 10 00 09 F7 E1 00 22 12 11 00 8D 7E 7E 80 01 00 05 86 81 20 10 00 09 7A EF 00 23 12 11 00 0F 7E 7E 80 01 00 05 86 81 20 10 00 09 53 6A 00 24 12 11 00 A4 7E"}
{"ts":"2026-04-05T23:21:07.593Z","level":"INFO","device":"291078985963","event":"MEDIA_RX","detail":"7E 80 01 00 05 29 10 78 98 59 63 F8 72 00 04 12 11 00 EA 7E 7E 80 01 00 05 29 10 78 98 59 63 79 49 00 05 12 11 00 51 7E 7E 80 01 00 05 29 10 78 98 59 63 B2 8E 00 06 12 11 00 5E 7E 7E 80 01 00 05 29 10 78 98 59 63 EF 20 00 07 12 11 00 AC 7E 7E 80 01 00 05 29 10 78 98 59 63 FA 3F 00 08 12 11 00 A9 7E 7E 80 01 00 05 29 10 78 98 59 63 5C A1 00 09 12 11 00 90 7E 7E 80 01 00 05 29 10 78 98 59 63 5A 97 00 0A 12 11 00 A3 7E 7E 80 01 00 05 29 10 78 98 59 63 AD 6E 00 0B 12 11 00 AC 7E 7E 80 01 00 05 29 10 78 98 59 63 60 D0 00 0C 12 11 00 D8 7E 7E 80 01 00 05 29 10 78 98 59 63 AA 9B 00 0D 12 11 00 58 7E 7E 80 01 00 05 29 10 78 98 59 63 C7 24 00 0E 12 11 00 89 7E 7E 80 01 00 05 29 10 78 98 59 63 E5 82 00 0F 12 11 00 0C 7E 7E 80 01 00 05 29 10 78 98 59 63 BD 5C 00 10 12 11 00 95 7E 7E 80 01 00 05 29 10 78 98 59 63 B7 A6 00 11 12 11 00 64 7E 7E 80 01 00 05 29 10 78 98 59 63 08 89 00 12 12 11 00 F7 7E 7E 80 01 00 05 29 10 78 98 59 63 5A 75 00 13 12 11 00 58 7E 7E 80 01 00 05 29 10 78 98 59 63 B4 19 00 14 12 11 00 DD 7E 7E 80 01 00 05 29 10 78 98 59 63 96 B4 00 15 12 11 00 53 7E 7E 80 01 00 05 29 10 78 98 59 63 0E 30 00 16 12 11 00 4C 7E 7E 80 01 00 05 29 10 78 98 59 63 6C 9D 00 17 12 11 00 82 7E 7E 80 01 00 05 29 10 78 98 59 63 FA 98 00 18 12 11 00 1E 7E 7E 80 01 00 05 29 10 78 98 59 63 25 6F 00 19 12 11 00 37 7E 7E 80 01 00 05 29 10 78 98 59 63 F6 55 00 1A 12 11 00 DD 7E 7E 80 01 00 05 29 10 78 98 59 63 FD FB 00 1B 12 11 00 79 7E 7E 80 01 00 05 29 10 78 98 59 63 AF 52 00 1C 12 11 00 85 7E 7E 80 01 00 05 29 10 78 98 59 63 5A F6 00 1D 12 11 00 D5 7E 7E 80 01 00 05 29 10 78 98 59 63 6C E8 00 1E 12 11 00 FE 7E 7E 80 01 00 05 29 10 78 98 59 63 CC 9D 00 1F 12 11 00 2A 7E 7E 80 01 00 05 29 10 78 98 59 63 28 F7 00 20 12 11 00 9B 7E 7E 80 01 00 05 29 10 78 98 59 63 DE 99 00 21 12 11 00 02 7E 7E 80 01 00 05 29 10 78 98 59 63 EB CE 00 22 12 11 00 63 7E 7E 80 01 00 05 29 10 78 98 59 63 9B B0 00 23 12 11 00 6C 7E 7E 80 01 00 05 29 10 78 98 59 63 0C E1 00 24 12 11 00 AD 7E"}
{"ts":"2026-04-05T23:21:07.602Z","level":"INFO","device":"868120100003","event":"MEDIA_RX","detail":"7E 80 01 00 05 86 81 20 10 00 03 C6 71 00 03 12 10 00 06 7E"}
{"ts":"2026-04-05T23:21:07.616Z","level":"INFO","device":"291078985963","event":"BATCH_COMPLETE","detail":"All 2 files sent"}
{"ts":"2026-04-05T23:21:07.624Z","level":"INFO","device":"868120100009","event":"BATCH_COMPLETE","detail":"All 2 files sent"}
{"ts":"2026-04-05T23:21:07.628Z","level":"INFO","device":"868120100006","event":"MEDIA_RX","detail":"7E 80 01 00 05 86 81 20 10 00 06 74 4D 00 03 12 10 00 8D 7E"}
{"ts":"2026-04-05T23:21:07.638Z","level":"INFO","device":"868120100002","event":"SENT_1212","detail":"02_64_6401_03_86812010000200260405231815060200.mp4"}
{"ts":"2026-04-05T23:21:07.640Z","level":"INFO","device":"868120100005","event":"MEDIA_RX","detail":"7E 80 01 00 05 86 81 20 10 00 05 CB FF 00 04 12 11 00 85 7E 7E 80 01 00 05 86 81 20 10 00 05 C1 20 00 05 12 11 00 51 7E 7E 80 01 00 05 86 81 20 10 00 05 B6 7D 02 00 06 12 11 00 7B 7E 7E 80 01 00 05 86 81 20 10 00 05 A3 41 00 07 12 11 00 50 7E 7E 80 01 00 05 86 81 20 10 00 05 A7 80 00 08 12 11 00 9A 7E 7E 80 01 00 05 86 81 20 10 00 05 7A 5F 00 09 12 11 00 99 7E 7E 80 01 00 05 86 81 20 10 00 05 6B F2 00 0A 12 11 00 26 7E 7E 80 01 00 05 86 81 20 10 00 05 91 02 00 0B 12 11 00 2D 7E 7E 80 01 00 05 86 81 20 10 00 05 51 E9 00 0C 12 11 00 01 7E 7E 80 01 00 05 86 81 20 10 00 05 C6 51 00 0D 12 11 00 2F 7E 7E 80 01 00 05 86 81 20 10 00 05 A3 C4 00 0E 12 11 00 DC 7E 7E 80 01 00 05 86 81 20 10 00 05 3B 94 00 0F 12 11 00 15 7E 7E 80 01 00 05 86 81 20 10 00 05 EC EB 00 10 12 11 00 A2 7E 7E 80 01 00 05 86 81 20 10 00 05 C7 85 00 11 12 11 00 E6 7E 7E 80 01 00 05 86 81 20 10 00 05 4C C8 00 12 12 11 00 23 7E 7E 80 01 00 05 86 81 20 10 00 05 44 88 00 13 12 11 00 6A 7E 7E 80 01 00 05 86 81 20 10 00 05 6E 92 00 14 12 11 00 5D 7E 7E 80 01 00 05 86 81 20 10 00 05 B9 C2 00 15 12 11 00 DB 7E 7E 80 01 00 05 86 81 20 10 00 05 CA D9 00 16 12 11 00 B0 7E 7E 80 01 00 05 86 81 20 10 00 05 BC BF 00 17 12 11 00 A1 7E 7E 80 01 00 05 86 81 20 10 00 05 AE 05 00 18 12 11 00 06 7E 7E 80 01 00 05 86 81 20 10 00 05 41 BD 00 19 12 11 00 50 7E 7E 80 01 00 05 86 81 20 10 00 05 7F 6D 00 1A 12 11 00 BD 7E 7E 80 01 00 05 86 81 20 10 00 05 5A 0A 00 1B 12 11 00 FE 7E 7E 80 01 00 05 86 81 20 10 00 05 77 49 00 1C 12 11 00 97 7E 7E 80 01 00 05 86 81 20 10 00 05 2A D8 00 1D 12 11 00 5A 7E 7E 80 01 00 05 86 81 20 10 00 05 2A 05 00 1E 12 11 00 84 7E 7E 80 01 00 05 86 81 20 10 00 05 0F 98 00 1F 12 11 00 3D 7E 7E 80 01 00 05 86 81 20 10 00 05 86 01 00 20 12 11 00 12 7E 7E 80 01 00 05 86 81 20 10 00 05 EB E2 00 21 12 11 00 9D 7E 7E 80 01 00 05 86 81 20 10 00 05 C4 4C 00 22 12 11 00 1F 7E 7E 80 01 00 05 86 81 20 10 00 05 EF F8 00 23 12 11 00 81 7E 7E 80 01 00 05 86 81 20 10 00 05 18 78 00 24 12 11 00 F1 7E"}
{"ts":"2026-04-05T23:21:07.656Z","level":"INFO","device":"868120100004","event":"BATCH_COMPLETE","detail":"All 2 files sent"}
{"ts":"2026-04-05T23:21:07.657Z","level":"INFO","device":"100000000010","event":"FILE_START","detail":"[2/2] 02_64_6401_03_10000000001000260405231816060200.mp4 (65536 bytes)"}
{"ts":"2026-04-05T23:21:07.657Z","level":"INFO","device":"100000000010","event":"SENT_1210","detail":"02_64_6401_03_10000000001000260405231816060200.mp4"}
{"ts":"2026-04-05T23:21:07.659Z","level":"INFO","device":"100000000010","event":"MEDIA_RX","detail":"7E 80 01 00 05 10 00 00 00 00 10 7B FA 00 01 12 11 00 07 7E 7E 92 12 00 36 10 00 00 00 00 10 7C 24 32 30 30 5F 36 34 5F 36 34 30 31 5F 30 30 5F 31 30 30 30 30 30 30 30 30 30 31 30 30 30 32 36 30 34 30 35 32 33 31 38 31 36 30 36 30 32 30 30 2E 6A 70 67 00 00 00 80 7E"}
{"ts":"2026-04-05T23:21:07.664Z","level":"INFO","device":"868120100005","event":"BATCH_COMPLETE","detail":"All 2 files sent"}
{"ts":"2026-04-05T23:21:07.702Z","level":"INFO","device":"868120100008","event":"MEDIA_RX","detail":"7E 80 01 00 05 86 81 20 10 00 08 8A 7D 02 00 01 12 11 00 4D 7E 7E 92 12 00 36 86 81 20 10 00 08 E2 47 32 30 30 5F 36 34 5F 36 34 30 31 5F 30 30 5F 38 36 38 31 32 30 31 30 30 30 30 38 30 30 32 36 30 34 30 35 32 33 31 38 31 36 30 36 30 32 30 30 2E 6A 70 67 00 00 00 4E 7E"}
{"ts":"2026-04-05T23:21:07.725Z","level":"INFO","device":"868120100006","event":"BATCH_COMPLETE","detail":"All 2 files sent"}
{"ts":"2026-04-05T23:21:07.727Z","level":"INFO","device":"868120100007","event":"FILE_START","detail":"[2/2] 02_64_6401_03_86812010000700260405231816060200.mp4 (65536 bytes)"}
{"ts":"2026-04-05T23:21:07.728Z","level":"INFO","device":"868120100007","event":"SENT_1210","detail":"02_64_6401_03_86812010000700260405231816060200.mp4"}
{"ts":"2026-04-05T23:21:07.730Z","level":"INFO","device":"868120100008","event":"FILE_START","detail":"[2/2] 02_64_6401_03_86812010000800260405231816060200.mp4 (65536 bytes)"}
{"ts":"2026-04-05T23:21:07.731Z","level":"INFO","device":"868120100008","event":"SENT_1210","detail":"02_64_6401_03_86812010000800260405231816060200.mp4"}
{"ts":"2026-04-05T23:21:07.746Z","level":"INFO","device":"868120100007","event":"MEDIA_RX","detail":"7E 80 01 00 05 86 81 20 10 00 07 F7 0F 00 01 12 11 00 4E 7E 7E 92 12 00 36 86 81 20 10 00 07 74 93 32 30 30 5F 36 34 5F 36 34 30 31 5F 30 30 5F 38 36 38 31 32 30 31 30 30 30 30 37 30 30 32 36 30 34 30 35 32 33 31 38 31 36 30 36 30 32 30 30 2E 6A 70 67 00 00 00 0C 7E"}
{"ts":"2026-04-05T23:21:07.765Z","level":"INFO","device":"100000000010","event":"SENT_1212","detail":"02_64_6401_03_10000000001000260405231816060200.mp4"}
{"ts":"2026-04-05T23:21:07.791Z","level":"INFO","device":"868120100003","event":"BATCH_COMPLETE","detail":"All 2 files sent"}
{"ts":"2026-04-05T23:21:07.830Z","level":"INFO","device":"868120100007","event":"SENT_1212","detail":"02_64_6401_03_86812010000700260405231816060200.mp4"}
{"ts":"2026-04-05T23:21:07.837Z","level":"INFO","device":"868120100008","event":"SENT_1212","detail":"02_64_6401_03_86812010000800260405231816060200.mp4"}
{"ts":"2026-04-05T23:21:07.841Z","level":"INFO","device":"868120100002","event":"MEDIA_RX","detail":"7E 80 01 00 05 86 81 20 10 00 02 BE D8 00 03 12 10 00 D6 7E"}
{"ts":"2026-04-05T23:21:07.938Z","level":"INFO","device":"868120100002","event":"BATCH_COMPLETE","detail":"All 2 files sent"}
{"ts":"2026-04-05T23:21:08.065Z","level":"INFO","device":"100000000010","event":"BATCH_COMPLETE","detail":"All 2 files sent"}
{"ts":"2026-04-05T23:21:08.134Z","level":"INFO","device":"868120100007","event":"BATCH_COMPLETE","detail":"All 2 files sent"}
{"ts":"2026-04-05T23:21:08.139Z","level":"INFO","device":"868120100008","event":"BATCH_COMPLETE","detail":"All 2 files sent"}
{"ts":"2026-04-05T23:21:08.445Z","level":"INFO","device":"868120100007","event":"MEDIA_RX","detail":"7E 80 01 00 05 86 81 20 10 00 07 1F E9 00 03 12 10 00 43 7E"}
{"ts":"2026-04-05T23:21:08.551Z","level":"INFO","device":"868120100003","event":"MEDIA_RX","detail":"7E 80 01 00 05 86 81 20 10 00 03 99 D0 00 04 12 11 00 FE 7E 7E 80 01 00 05 86 81 20 10 00 03 9D 37 00 05 12 11 00 1C 7E 7E 80 01 00 05 86 81 20 10 00 03 14 E2 00 06 12 11 00 43 7E 7E 80 01 00 05 86 81 20 10 00 03 F1 48 00 07 12 11 00 0D 7E 7E 80 01 00 05 86 81 20 10 00 03 3C A9 00 08 12 11 00 2E 7E 7E 80 01 00 05 86 81 20 10 00 03 95 BC 00 09 12 11 00 93 7E 7E 80 01 00 05 86 81 20 10 00 03 2B 98 00 0A 12 11 00 0A 7E 7E 80 01 00 05 86 81 20 10 00 03 3E D0 00 0B 12 11 00 56 7E 7E 80 01 00 05 86 81 20 10 00 03 45 25 00 0C 12 11 00 DF 7E 7E 80 01 00 05 86 81 20 10 00 03 18 24 00 0D 12 11 00 82 7E 7E 80 01 00 05 86 81 20 10 00 03 4D E5 00 0E 12 11 00 15 7E 7E 80 01 00 05 86 81 20 10 00 03 EE 65 00 0F 12 11 00 37 7E 7E 80 01 00 05 86 81 20 10 00 03 E6 47 00 10 12 11 00 02 7E 7E 80 01 00 05 86 81 20 10 00 03 78 F5 00 11 12 11 00 2F 7E 7E 80 01 00 05 86 81 20 10 00 03 36 63 00 12 12 11 00 F4 7E 7E 80 01 00 05 86 81 20 10 00 03 E9 3C 00 13 12 11 00 75 7E 7E 80 01 00 05 86 81 20 10 00 03 7B 26 00 14 12 11 00 FA 7E 7E 80 01 00 05 86 81 20 10 00 03 2C 30 00 15 12 11 00 BA 7E 7E 80 01 00 05 86 81 20 10 00 03 18 C9 00 16 12 11 00 74 7E 7E 80 01 00 05 86 81 20 10 00 03 05 96 00 17 12 11 00 37 7E 7E 80 01 00 05 86 81 20 10 00 03 76 87 00 18 12 11 00 5A 7E 7E 80 01 00 05 86 81 20 10 00 03 E6 A4 00 19 12 11 00 E8 7E 7E 80 01 00 05 86 81 20 10 00 03 34 A2 00 1A 12 11 00 3F 7E 7E 80 01 00 05 86 81 20 10 00 03 27 AD 00 1B 12 11 00 22 7E 7E 80 01 00 05 86 81 20 10 00 03 5E 6A 00 1C 12 11 00 9B 7E 7E 80 01 00 05 86 81 20 10 00 03 FB 75 00 1D 12 11 00 20 7E 7E 80 01 00 05 86 81 20 10 00 03 7F 20 00 1E 12 11 00 F2 7E 7E 80 01 00 05 86 81 20 10 00 03 3E 1D 00 1F 12 11 00 8F 7E 7E 80 01 00 05 86 81 20 10 00 03 2E 05 00 20 12 11 00 B8 7E 7E 80 01 00 05 86 81 20 10 00 03 9D D4 00 21 12 11 00 DB 7E 7E 80 01 00 05 86 81 20 10 00 03 84 C7 00 22 12 11 00 D2 7E 7E 80 01 00 05 86 81 20 10 00 03 5B E6 00 23 12 11 00 2D 7E 7E 80 01 00 05 86 81 20 10 00 03 6A 9A 00 24 12 11 00 67 7E 7E 80 01 00 05 86 81 20 10 00 03 B0 5A 00 25 12 11 00 7C 7E 7E 80 01 00 05 86 81 20 10 00 03 9E 90 00 26 12 11 00 9B 7E 7E 80 01 00 05 86 81 20 10 00 03 3D 83 00 27 12 11 00 2A 7E 7E 80 01 00 05 86 81 20 10 00 03 0F F6 00 28 12 11 00 62 7E 7E 80 01 00 05 86 81 20 10 00 03 F7 7D 02 00 29 12 11 00 13 7E 7E 80 01 00 05 86 81 20 10 00 03 30 2C 00 2A 12 11 00 85 7E 7E 80 01 00 05 86 81 20 10 00 03 EE 34 00 2B 12 11 00 42 7E 7E 80 01 00 05 86 81 20 10 00 03 D7 C6 00 2C 12 11 00 8E 7E 7E 80 01 00 05 86 81 20 10 00 03 2D 89 00 2D 12 11 00 3A 7E 7E 80 01 00 05 86 81 20 10 00 03 1E 74 00 2E 12 11 00 F7 7E 7E 80 01 00 05 86 81 20 10 00 03 49 02 00 2F 12 11 00 D7 7E 7E 80 01 00 05 86 81 20 10 00 03 11 C4 00 30 12 11 00 56 7E 7E 80 01 00 05 86 81 20 10 00 03 19 EC 00 31 12 11 00 77 7E 7E 80 01 00 05 86 81 20 10 00 03 41 E6 00 32 12 11 00 26 7E 7E 80 01 00 05 86 81 20 10 00 03 A5 E6 00 33 12 11 00 C3 7E 7E 80 01 00 05 86 81 20 10 00 03 53 8E 00 34 12 11 00 5A 7E 7E 80 01 00 05 86 81 20 10 00 03 AF 1F 00 35 12 11 00 36 7E 7E 80 01 00 05 86 81 20 10 00 03 EA AA 00 36 12 11 00 C5 7E 7E 80 01 00 05 86 81 20 10 00 03 34 1E 00 37 12 11 00 AE 7E 7E 80 01 00 05 86 81 20 10 00 03 8C D6 00 38 12 11 00 D1 7E 7E 80 01 00 05 86 81 20 10 00 03 37 35 00 39 12 11 00 88 7E 7E 80 01 00 05 86 81 20 10 00 03 59 A1 00 3A 12 11 00 71 7E 7E 80 01 00 05 86 81 20 10 00 03 AD 06 00 3B 12 11 00 23 7E 7E 80 01 00 05 86 81 20 10 00 03 BC 42 00 3C 12 11 00 71 7E 7E 80 01 00 05 86 81 20 10 00 03 B6 2E 00 3D 12 11 00 16 7E 7E 80 01 00 05 86 81 20 10 00 03 5E 3B 00 3E 12 11 00 E8 7E 7E 80 01 00 05 86 81 20 10 00 03 4F CA 00 3F 12 11 00 09 7E 7E 80 01 00 05 86 81 20 10 00 03 35 A1 00 40 12 11 00 67 7E 7E 80 01 00 05 86 81 20 10 00 03 4F 1A 00 41 12 11 00 A7 7E 7E 80 01 00 05 86 81 20 10 00 03 3C 7C 00 42 12 11 00 B1 7E 7E 80 01 00 05 86 81 20 10 00 03 77 55 00 43 12 11 00 D2 7E 7E 92 12 00 36 86 81 20 10 00 03 D3 B0 32 30 32 5F 36 34 5F 36 34 30 31 5F 30 33 5F 38 36 38 31 32 30 31 30 30 30 30 33 30 30 32 36 30 34 30 35 32 33 31 38 31 35 30 36 30 32 30 30 2E 6D 70 34 02 00 00 DC 7E"}
{"ts":"2026-04-05T23:21:08.568Z","level":"INFO","device":"868120100004","event":"MEDIA_RX","detail":"7E 80 01 00 05 86 81 20 10 00 04 E5 B2 00 04 12 11 00 E7 7E 7E 80 01 00 05 86 81 20 10 00 04 39 67 00 05 12 11 00 EF 7E 7E 80 01 00 05 86 81 20 10 00 04 A7 8D 00 06 12 11 00 98 7E 7E 80 01 00 05 86 81 20 10 00 04 78 B4 00 07 12 11 00 7F 7E 7E 80 01 00 05 86 81 20 10 00 04 20 47 00 08 12 11 00 DB 7E 7E 80 01 00 05 86 81 20 10 00 04 4E 31 00 09 12 11 00 C2 7E 7E 80 01 00 05 86 81 20 10 00 04 10 58 00 0A 12 11 00 F6 7E 7E 80 01 00 05 86 81 20 10 00 04 53 C5 00 0B 12 11 00 29 7E 7E 80 01 00 05 86 81 20 10 00 04 0C 9A 00 0C 12 11 00 2E 7E 7E 80 01 00 05 86 81 20 10 00 04 72 3C 00 0D 12 11 00 F7 7E 7E 80 01 00 05 86 81 20 10 00 04 58 DE 00 0E 12 11 00 3C 7E 7E 80 01 00 05 86 81 20 10 00 04 0F 88 00 0F 12 11 00 3C 7E 7E 80 01 00 05 86 81 20 10 00 04 07 1D 00 10 12 11 00 BE 7E 7E 80 01 00 05 86 81 20 10 00 04 AD D8 00 11 12 11 00 D0 7E 7E 80 01 00 05 86 81 20 10 00 04 9C C2 00 12 12 11 00 F8 7E 7E 80 01 00 05 86 81 20 10 00 04 10 3A 00 13 12 11 00 8D 7E 7E 80 01 00 05 86 81 20 10 00 04 30 36 00 14 12 11 00 A6 7E 7E 80 01 00 05 86 81 20 10 00 04 EF 04 00 15 12 11 00 4A 7E 7E 80 01 00 05 86 81 20 10 00 04 37 18 00 16 12 11 00 8D 7E 7E 80 01 00 05 86 81 20 10 00 04 18 4F 00 17 12 11 00 F4 7E 7E 80 01 00 05 86 81 20 10 00 04 0B 34 00 18 12 11 00 93 7E 7E 80 01 00 05 86 81 20 10 00 04 56 60 00 19 12 11 00 9B 7E 7E 80 01 00 05 86 81 20 10 00 04 59 78 00 1A 12 11 00 8F 7E 7E 80 01 00 05 86 81 20 10 00 04 C5 CA 00 1B 12 11 00 A0 7E 7E 80 01 00 05 86 81 20 10 00 04 AC 46 00 1C 12 11 00 42 7E 7E 80 01 00 05 86 81 20 10 00 04 9C E2 00 1D 12 11 00 D7 7E 7E 80 01 00 05 86 81 20 10 00 04 80 1D 00 1E 12 11 00 37 7E 7E 80 01 00 05 86 81 20 10 00 04 16 9E 00 1F 12 11 00 23 7E 7E 80 01 00 05 86 81 20 10 00 04 AC 6B 00 20 12 11 00 53 7E 7E 80 01 00 05 86 81 20 10 00 04 50 41 00 21 12 11 00 84 7E 7E 80 01 00 05 86 81 20 10 00 04 51 B1 00 22 12 11 00 76 7E 7E 80 01 00 05 86 81 20 10 00 04 B7 53 00 23 12 11 00 73 7E 7E 80 01 00 05 86 81 20 10 00 04 30 27 00 24 12 11 00 87 7E 7E 80 01 00 05 86 81 20 10 00 04 F4 45 00 25 12 11 00 20 7E 7E 80 01 00 05 86 81 20 10 00 04 47 A1 00 26 12 11 00 74 7E 7E 80 01 00 05 86 81 20 10 00 04 FE E3 00 27 12 11 00 8E 7E 7E 80 01 00 05 86 81 20 10 00 04 A6 9E 00 28 12 11 00 A4 7E 7E 80 01 00 05 86 81 20 10 00 04 B0 2F 00 29 12 11 00 02 7E 7E 80 01 00 05 86 81 20 10 00 04 D5 BF 00 2A 12 11 00 F4 7E 7E 80 01 00 05 86 81 20 10 00 04 9B 60 00 2B 12 11 00 64 7E 7E 80 01 00 05 86 81 20 10 00 04 C0 43 00 2C 12 11 00 1B 7E 7E 80 01 00 05 86 81 20 10 00 04 5F 5B 00 2D 12 11 00 9D 7E 7E 80 01 00 05 86 81 20 10 00 04 09 68 00 2E 12 11 00 FB 7E 7E 80 01 00 05 86 81 20 10 00 04 80 C8 00 2F 12 11 00 D3 7E 7E 80 01 00 05 86 81 20 10 00 04 C3 35 00 30 12 11 00 72 7E 7E 80 01 00 05 86 81 20 10 00 04 38 CE 00 31 12 11 00 73 7E 7E 80 01 00 05 86 81 20 10 00 04 09 8C 00 32 12 11 00 03 7E 7E 80 01 00 05 86 81 20 10 00 04 13 F7 00 33 12 11 00 63 7E 7E 80 01 00 05 86 81 20 10 00 04 2B AD 00 34 12 11 00 06 7E 7E 80 01 00 05 86 81 20 10 00 04 1D 56 00 35 12 11 00 CA 7E 7E 80 01 00 05 86 81 20 10 00 04 23 5B 00 36 12 11 00 FA 7E 7E 80 01 00 05 86 81 20 10 00 04 16 FE 00 37 12 11 00 6B 7E 7E 80 01 00 05 86 81 20 10 00 04 17 8C 00 38 12 11 00 17 7E 7E 80 01 00 05 86 81 20 10 00 04 5D C1 00 39 12 11 00 11 7E 7E 80 01 00 05 86 81 20 10 00 04 B8 83 00 3A 12 11 00 B5 7E 7E 80 01 00 05 86 81 20 10 00 04 CC 7C 00 3B 12 11 00 3F 7E 7E 80 01 00 05 86 81 20 10 00 04 88 63 00 3C 12 11 00 63 7E 7E 80 01 00 05 86 81 20 10 00 04 DD 5B 00 3D 12 11 00 0F 7E 7E 80 01 00 05 86 81 20 10 00 04 0A 21 00 3E 12 11 00 A1 7E 7E 80 01 00 05 86 81 20 10 00 04 2A 35 00 3F 12 11 00 94 7E 7E 80 01 00 05 86 81 20 10 00 04 71 09 00 40 12 11 00 8C 7E 7E 80 01 00 05 86 81 20 10 00 04 54 7D 01 00 41 12 11 00 DC 7E 7E 80 01 00 05 86 81 20 10 00 04 D0 A2 00 42 12 11 00 84 7E 7E 80 01 00 05 86 81 20 10 00 04 C3 25 00 43 12 11 00 11 7E 7E 92 12 00 36 86 81 20 10 00 04 40 8B 32 30 32 5F 36 34 5F 36 34 30 31 5F 30 33 5F 38 36 38 31 32 30 31 30 30 30 30 34 30 30 32 36 30 34 30 35 32 33 31 38 31 36 30 36 30 32 30 30 2E 6D 70 34 02 00 00 77 7E"}
{"ts":"2026-04-05T23:21:08.619Z","level":"INFO","device":"868120100007","event":"MEDIA_RX","detail":"7E 80 01 00 05 86 81 20 10 00 07 DF 81 00 04 12 11 00 ED 7E 7E 80 01 00 05 86 81 20 10 00 07 86 1E 00 05 12 11 00 2A 7E 7E 80 01 00 05 86 81 20 10 00 07 21 13 00 06 12 11 00 83 7E 7E 80 01 00 05 86 81 20 10 00 07 CD 60 00 07 12 11 00 1D 7E 7E 80 01 00 05 86 81 20 10 00 07 AE 91 00 08 12 11 00 80 7E 7E 80 01 00 05 86 81 20 10 00 07 7B 11 00 09 12 11 00 D4 7E 7E 80 01 00 05 86 81 20 10 00 07 F6 5C 00 0A 12 11 00 17 7E 7E 80 01 00 05 86 81 20 10 00 07 C9 D2 00 0B 12 11 00 A7 7E 7E 80 01 00 05 86 81 20 10 00 07 78 1C 00 0C 12 11 00 DF 7E 7E 80 01 00 05 86 81 20 10 00 07 37 AF 00 0D 12 11 00 22 7E 7E 80 01 00 05 86 81 20 10 00 07 C5 6F 00 0E 12 11 00 13 7E 7E 80 01 00 05 86 81 20 10 00 07 1D AA 00 0F 12 11 00 0F 7E 7E 80 01 00 05 86 81 20 10 00 07 C8 6D 00 10 12 11 00 02 7E 7E 80 01 00 05 86 81 20 10 00 07 D5 13 00 11 12 11 00 60 7E 7E 80 01 00 05 86 81 20 10 00 07 4F E6 00 12 12 11 00 0C 7E 7E 80 01 00 05 86 81 20 10 00 07 E6 B0 00 13 12 11 00 F2 7E 7E 80 01 00 05 86 81 20 10 00 07 27 F1 00 14 12 11 00 75 7E 7E 80 01 00 05 86 81 20 10 00 07 6C 32 00 15 12 11 00 FC 7E 7E 80 01 00 05 86 81 20 10 00 07 39 30 00 16 12 11 00 A8 7E 7E 80 01 00 05 86 81 20 10 00 07 1F 88 00 17 12 11 00 37 7E 7E 80 01 00 05 86 81 20 10 00 07 45 18 00 18 12 11 00 F2 7E 7E 80 01 00 05 86 81 20 10 00 07 80 99 00 19 12 11 00 B7 7E 7E 80 01 00 05 86 81 20 10 00 07 83 43 00 1A 12 11 00 6D 7E 7E 80 01 00 05 86 81 20 10 00 07 56 6B 00 1B 12 11 00 91 7E 7E 80 01 00 05 86 81 20 10 00 07 25 04 00 1C 12 11 00 8A 7E 7E 80 01 00 05 86 81 20 10 00 07 2A 93 00 1D 12 11 00 13 7E 7E 80 01 00 05 86 81 20 10 00 07 6B 34 00 1E 12 11 00 F6 7E 7E 80 01 00 05 86 81 20 10 00 07 79 AC 00 1F 12 11 00 7D 01 7E 7E 80 01 00 05 86 81 20 10 00 07 50 06 00 20 12 11 00 C1 7E 7E 80 01 00 05 86 81 20 10 00 07 EE 22 00 21 12 11 00 5A 7E 7E 80 01 00 05 86 81 20 10 00 07 EF 32 00 22 12 11 00 48 7E 7E 80 01 00 05 86 81 20 10 00 07 E4 33 00 23 12 11 00 43 7E 7E 80 01 00 05 86 81 20 10 00 07 0B 42 00 24 12 11 00 DA 7E 7E 80 01 00 05 86 81 20 10 00 07 FA F3 00 25 12 11 00 9B 7E 7E 80 01 00 05 86 81 20 10 00 07 BC 75 00 26 12 11 00 58 7E 7E 80 01 00 05 86 81 20 10 00 07 6E 3D 00 27 12 11 00 C3 7E 7E 80 01 00 05 86 81 20 10 00 07 CF 26 00 28 12 11 00 76 7E 7E 80 01 00 05 86 81 20 10 00 07 82 60 00 29 12 11 00 7C 7E 7E 80 01 00 05 86 81 20 10 00 07 D9 E9 00 2A 12 11 00 AD 7E 7E 80 01 00 05 86 81 20 10 00 07 30 7F 00 2B 12 11 00 D3 7E 7E 80 01 00 05 86 81 20 10 00 07 3A 67 00 2C 12 11 00 C6 7E 7E 80 01 00 05 86 81 20 10 00 07 55 2D 00 2D 12 11 00 E2 7E 7E 80 01 00 05 86 81 20 10 00 07 02 7D 02 00 2E 12 11 00 E5 7E 7E 80 01 00 05 86 81 20 10 00 07 C9 73 00 2F 12 11 00 22 7E 7E 80 01 00 05 86 81 20 10 00 07 F1 D4 00 30 12 11 00 A2 7E 7E 80 01 00 05 86 81 20 10 00 07 24 EA 00 31 12 11 00 48 7E 7E 80 01 00 05 86 81 20 10 00 07 B3 96 00 32 12 11 00 A0 7E 7E 80 01 00 05 86 81 20 10 00 07 D1 6F 00 33 12 11 00 3A 7E 7E 80 01 00 05 86 81 20 10 00 07 7C 2B 00 34 12 11 00 D4 7E 7E 80 01 00 05 86 81 20 10 00 07 0F 6D 00 35 12 11 00 E0 7E 7E 80 01 00 05 86 81 20 10 00 07 51 EC 00 36 12 11 00 3C 7E 7E 80 01 00 05 86 81 20 10 00 07 23 17 00 37 12 11 00 B4 7E 7E 80 01 00 05 86 81 20 10 00 07 80 7C 00 38 12 11 00 73 7E 7E 80 01 00 05 86 81 20 10 00 07 D4 48 00 39 12 11 00 12 7E 7E 80 01 00 05 86 81 20 10 00 07 59 22 00 3A 12 11 00 F6 7E 7E 80 01 00 05 86 81 20 10 00 07 D5 BE 00 3B 12 11 00 E7 7E 7E 80 01 00 05 86 81 20 10 00 07 87 27 00 3C 12 11 00 2B 7E 7E 80 01 00 05 86 81 20 10 00 07 EB 68 00 3D 12 11 00 09 7E 7E 80 01 00 05 86 81 20 10 00 07 77 54 00 3E 12 11 00 AA 7E 7E 80 01 00 05 86 81 20 10 00 07 6C 94 00 3F 12 11 00 70 7E 7E 80 01 00 05 86 81 20 10 00 07 04 76 00 40 12 11 00 85 7E 7E 80 01 00 05 86 81 20 10 00 07 C6 D3 00 41 12 11 00 E3 7E 7E 80 01 00 05 86 81 20 10 00 07 A8 D9 00 42 12 11 00 84 7E 7E 80 01 00 05 86 81 20 10 00 07 E4 59 00 43 12 11 00 49 7E 7E 92 12 00 36 86 81 20 10 00 07 33 BF 32 30 32 5F 36 34 5F 36 34 30 31 5F 30 33 5F 38 36 38 31 32 30 31 30 30 30 30 37 30 30 32 36 30 34 30 35 32 33 31 38 31 36 30 36 30 32 30 30 2E 6D 70 34 02 00 00 30 7E"}
{"ts":"2026-04-05T23:21:08.620Z","level":"INFO","device":"868120100007","event":"MEDIA_CLOSED","detail":""}
{"ts":"2026-04-05T23:21:08.635Z","level":"INFO","device":"868120100006","event":"MEDIA_RX","detail":"7E 80 01 00 05 86 81 20 10 00 06 E7 BC 00 04 12 11 00 E9 7E 7E 80 01 00 05 86 81 20 10 00 06 0E 9D 00 05 12 11 00 20 7E 7E 80 01 00 05 86 81 20 10 00 06 CD 69 00 06 12 11 00 14 7E 7E 80 01 00 05 86 81 20 10 00 06 FF CA 00 07 12 11 00 84 7E 7E 80 01 00 05 86 81 20 10 00 06 DC 8B 00 08 12 11 00 E9 7E 7E 80 01 00 05 86 81 20 10 00 06 1F 8F 00 09 12 11 00 2F 7E 7E 80 01 00 05 86 81 20 10 00 06 26 64 00 0A 12 11 00 FE 7E 7E 80 01 00 05 86 81 20 10 00 06 DE 03 00 0B 12 11 00 60 7E 7E 80 01 00 05 86 81 20 10 00 06 64 D3 00 0C 12 11 00 0D 7E 7E 80 01 00 05 86 81 20 10 00 06 C7 10 00 0D 12 11 00 6C 7E 7E 80 01 00 05 86 81 20 10 00 06 78 98 00 0E 12 11 00 58 7E 7E 80 01 00 05 86 81 20 10 00 06 39 48 00 0F 12 11 00 C8 7E 7E 80 01 00 05 86 81 20 10 00 06 0E FD 00 10 12 11 00 55 7E 7E 80 01 00 05 86 81 20 10 00 06 3C FB 00 11 12 11 00 60 7E 7E 80 01 00 05 86 81 20 10 00 06 88 51 00 12 12 11 00 7D 01 7E 7E 80 01 00 05 86 81 20 10 00 06 FB 8D 00 13 12 11 00 D3 7E 7E 80 01 00 05 86 81 20 10 00 06 24 F9 00 14 12 11 00 7F 7E 7E 80 01 00 05 86 81 20 10 00 06 DC 8C 00 15 12 11 00 F3 7E 7E 80 01 00 05 86 81 20 10 00 06 26 39 00 16 12 11 00 BF 7E 7E 80 01 00 05 86 81 20 10 00 06 AB B4 00 17 12 11 00 BE 7E 7E 80 01 00 05 86 81 20 10 00 06 C8 0D 00 18 12 11 00 6B 7E 7E 80 01 00 05 86 81 20 10 00 06 B7 07 00 19 12 11 00 1F 7E 7E 80 01 00 05 86 81 20 10 00 06 AA 1C 00 1A 12 11 00 1A 7E 7E 80 01 00 05 86 81 20 10 00 06 41 E3 00 1B 12 11 00 0F 7E 7E 80 01 00 05 86 81 20 10 00 06 E2 3D 00 1C 12 11 00 75 7E 7E 80 01 00 05 86 81 20 10 00 06 FC 08 00 1D 12 11 00 5F 7E 7E 80 01 00 05 86 81 20 10 00 06 96 F6 00 1E 12 11 00 C8 7E 7E 80 01 00 05 86 81 20 10 00 06 82 45 00 1F 12 11 00 6E 7E 7E 80 01 00 05 86 81 20 10 00 06 A8 AE 00 20 12 11 00 90 7E 7E 80 01 00 05 86 81 20 10 00 06 14 CF 00 21 12 11 00 4C 7E 7E 80 01 00 05 86 81 20 10 00 06 71 20 00 22 12 11 00 C5 7E 7E 80 01 00 05 86 81 20 10 00 06 61 AB 00 23 12 11 00 5F 7E 7E 80 01 00 05 86 81 20 10 00 06 9D F3 00 24 12 11 00 FC 7E 7E 80 01 00 05 86 81 20 10 00 06 C1 1F 00 25 12 11 00 4D 7E 7E 80 01 00 05 86 81 20 10 00 06 9C 8F 00 26 12 11 00 83 7E 7E 80 01 00 05 86 81 20 10 00 06 4A 18 00 27 12 11 00 C3 7E 7E 80 01 00 05 86 81 20 10 00 06 5E 88 00 28 12 11 00 48 7E 7E 80 01 00 05 86 81 20 10 00 06 5D 3D 00 29 12 11 00 FF 7E 7E 80 01 00 05 86 81 20 10 00 06 10 67 00 2A 12 11 00 EB 7E 7E 80 01 00 05 86 81 20 10 00 06 7D 02 47 00 2B 12 11 00 A4 7E 7E 80 01 00 05 86 81 20 10 00 06 46 D6 00 2C 12 11 00 0A 7E 7E 80 01 00 05 86 81 20 10 00 06 A6 B8 00 2D 12 11 00 85 7E 7E 80 01 00 05 86 81 20 10 00 06 B2 09 00 2E 12 11 00 23 7E 7E 80 01 00 05 86 81 20 10 00 06 0A CF 00 2F 12 11 00 5C 7E 7E 80 01 00 05 86 81 20 10 00 06 61 5C 00 30 12 11 00 BB 7E 7E 80 01 00 05 86 81 20 10 00 06 7C 61 00 31 12 11 00 9A 7E 7E 80 01 00 05 86 81 20 10 00 06 12 FF 00 32 12 11 00 69 7E 7E 80 01 00 05 86 81 20 10 00 06 7D 01 BB 00 33 12 11 00 43 7E 7E 80 01 00 05 86 81 20 10 00 06 0D FB 00 34 12 11 00 74 7E 7E 80 01 00 05 86 81 20 10 00 06 5F 93 00 35 12 11 00 4F 7E 7E 80 01 00 05 86 81 20 10 00 06 5C 00 00 36 12 11 00 DC 7E 7E 80 01 00 05 86 81 20 10 00 06 D7 A4 00 37 12 11 00 F2 7E 7E 80 01 00 05 86 81 20 10 00 06 FA 58 00 38 12 11 00 2C 7E 7E 80 01 00 05 86 81 20 10 00 06 F2 68 00 39 12 11 00 15 7E 7E 80 01 00 05 86 81 20 10 00 06 2A 5E 00 3A 12 11 00 F8 7E 7E 80 01 00 05 86 81 20 10 00 06 9E FF 00 3B 12 11 00 EC 7E 7E 80 01 00 05 86 81 20 10 00 06 17 FF 00 3C 12 11 00 62 7E 7E 80 01 00 05 86 81 20 10 00 06 37 68 00 3D 12 11 00 D4 7E 7E 80 01 00 05 86 81 20 10 00 06 20 37 00 3E 12 11 00 9F 7E 7E 80 01 00 05 86 81 20 10 00 06 29 1F 00 3F 12 11 00 BF 7E 7E 80 01 00 05 86 81 20 10 00 06 9A 59 00 40 12 11 00 35 7E 7E 80 01 00 05 86 81 20 10 00 06 7D 01 15 00 41 12 11 00 9F 7E 7E 80 01 00 05 86 81 20 10 00 06 1B 82 00 42 12 11 00 6D 7E 7E 80 01 00 05 86 81 20 10 00 06 E2 02 00 43 12 11 00 15 7E 7E 92 12 00 36 86 81 20 10 00 06 9A 14 32 30 32 5F 36 34 5F 36 34 30 31 5F 30 33 5F 38 36 38 31 32 30 31 30 30 30 30 36 30 30 32 36 30 34 30 35 32 33 31 38 31 36 30 36 30 32 30 30 2E 6D 70 34 02 00 00 32 7E"}
{"ts":"2026-04-05T23:21:08.636Z","level":"INFO","device":"868120100006","event":"MEDIA_CLOSED","detail":""}
{"ts":"2026-04-05T23:21:08.753Z","level":"INFO","device":"868120100003","event":"MEDIA_CLOSED","detail":""}
{"ts":"2026-04-05T23:21:08.775Z","level":"INFO","device":"868120100004","event":"MEDIA_CLOSED","detail":""}
{"ts":"2026-04-05T23:21:15.441Z","level":"INFO","device":"291078985963","event":"HEARTBEAT_SENT","detail":"0x0002"}
{"ts":"2026-04-05T23:21:15.468Z","level":"INFO","device":"291078985963","event":"OBD2_SENT_0x0200","detail":"Lat: 51.736697, Lng: 0.470324 | Speed: 48km/h | RPM: 2730"}
{"ts":"2026-04-05T23:21:15.576Z","level":"INFO","device":"200000000002","event":"HEARTBEAT_SENT","detail":"0x0002"}
{"ts":"2026-04-05T23:21:15.577Z","level":"INFO","device":"200000000002","event":"OBD2_SENT_0x0200","detail":"Lat: 51.719334, Lng: 0.499096 | Speed: 26km/h | RPM: 1831"}
{"ts":"2026-04-05T23:21:15.635Z","level":"INFO","device":"291078985963","event":"SERVER_ACK","detail":"0x8001 Universal Reply Received"}
{"ts":"2026-04-05T23:21:15.720Z","level":"INFO","device":"200000000003","event":"HEARTBEAT_SENT","detail":"0x0002"}
{"ts":"2026-04-05T23:21:15.722Z","level":"INFO","device":"200000000003","event":"OBD2_SENT_0x0200","detail":"Lat: 51.714806, Lng: 0.510307 | Speed: 37km/h | RPM: 2263"}
{"ts":"2026-04-05T23:21:15.779Z","level":"INFO","device":"200000000002","event":"SERVER_ACK","detail":"0x8001 Universal Reply Received"}
{"ts":"2026-04-05T23:21:15.875Z","level":"INFO","device":"200000000004","event":"HEARTBEAT_SENT","detail":"0x0002"}
{"ts":"2026-04-05T23:21:15.877Z","level":"INFO","device":"200000000004","event":"OBD2_SENT_0x0200","detail":"Lat: 51.714153, Lng: 0.513931 | Speed: 35km/h | RPM: 2186"}
{"ts":"2026-04-05T23:21:15.926Z","level":"INFO","device":"291078985963","event":"SERVER_ACK","detail":"0x8001 Universal Reply Received"}
{"ts":"2026-04-05T23:21:15.932Z","level":"INFO","device":"200000000003","event":"SERVER_ACK","detail":"0x8001 Universal Reply Received"}
{"ts":"2026-04-05T23:21:16.023Z","level":"INFO","device":"200000000005","event":"HEARTBEAT_SENT","detail":"0x0002"}
{"ts":"2026-04-05T23:21:16.031Z","level":"INFO","device":"200000000005","event":"OBD2_SENT_0x0200","detail":"Lat: 51.713936, Lng: 0.515446 | Speed: 38km/h | RPM: 2337"}
{"ts":"2026-04-05T23:21:16.060Z","level":"INFO","device":"200000000004","event":"SERVER_ACK","detail":"0x8001 Universal Reply Received"}
{"ts":"2026-04-05T23:21:16.092Z","level":"INFO","device":"200000000002","event":"SERVER_ACK","detail":"0x8001 Universal Reply Received"}
{"ts":"2026-04-05T23:21:16.172Z","level":"INFO","device":"200000000006","event":"HEARTBEAT_SENT","detail":"0x0002"}
{"ts":"2026-04-05T23:21:16.175Z","level":"INFO","device":"200000000006","event":"OBD2_SENT_0x0200","detail":"Lat: 51.736768, Lng: 0.480309 | Speed: 51km/h | RPM: 2824"}
{"ts":"2026-04-05T23:21:16.224Z","level":"INFO","device":"200000000005","event":"SERVER_ACK","detail":"0x8001 Universal Reply Received"}
{"ts":"2026-04-05T23:21:16.286Z","level":"INFO","device":"200000000003","event":"SERVER_ACK","detail":"0x8001 Universal Reply Received"}
{"ts":"2026-04-05T23:21:16.322Z","level":"INFO","device":"200000000007","event":"HEARTBEAT_SENT","detail":"0x0002"}
{"ts":"2026-04-05T23:21:16.325Z","level":"INFO","device":"200000000007","event":"OBD2_SENT_0x0200","detail":"Lat: 51.736362, Lng: 0.480845 | Speed: 63km/h | RPM: 3339"}
{"ts":"2026-04-05T23:21:16.357Z","level":"INFO","device":"200000000006","event":"SERVER_ACK","detail":"0x8001 Universal Reply Received"}
{"ts":"2026-04-05T23:21:16.377Z","level":"INFO","device":"200000000004","event":"SERVER_ACK","detail":"0x8001 Universal Reply Received"}
{"ts":"2026-04-05T23:21:16.476Z","level":"INFO","device":"200000000008","event":"HEARTBEAT_SENT","detail":"0x0002"}
{"ts":"2026-04-05T23:21:16.479Z","level":"INFO","device":"200000000008","event":"OBD2_SENT_0x0200","detail":"Lat: 51.737716, Lng: 0.475130 | Speed: 47km/h | RPM: 2690"}
{"ts":"2026-04-05T23:21:16.509Z","level":"INFO","device":"200000000007","event":"SERVER_ACK","detail":"0x8001 Universal Reply Received"}
{"ts":"2026-04-05T23:21:16.548Z","level":"INFO","device":"200000000005","event":"SERVER_ACK","detail":"0x8001 Universal Reply Received"}
{"ts":"2026-04-05T23:21:16.625Z","level":"INFO","device":"200000000009","event":"HEARTBEAT_SENT","detail":"0x0002"}
{"ts":"2026-04-05T23:21:16.626Z","level":"INFO","device":"200000000009","event":"OBD2_SENT_0x0200","detail":"Lat: 51.736554, Lng: 0.469846 | Speed: 57km/h | RPM: 3077"}
{"ts":"2026-04-05T23:21:16.657Z","level":"INFO","device":"200000000006","event":"SERVER_ACK","detail":"0x8001 Universal Reply Received"}
{"ts":"2026-04-05T23:21:16.664Z","level":"INFO","device":"200000000008","event":"SERVER_ACK","detail":"0x8001 Universal Reply Received"}
{"ts":"2026-04-05T23:21:16.772Z","level":"INFO","device":"200000000010","event":"HEARTBEAT_SENT","detail":"0x0002"}
{"ts":"2026-04-05T23:21:16.778Z","level":"INFO","device":"200000000010","event":"OBD2_SENT_0x0200","detail":"Lat: 51.716154, Lng: 0.505048 | Speed: 37km/h | RPM: 2294"}
{"ts":"2026-04-05T23:21:16.813Z","level":"INFO","device":"200000000007","event":"SERVER_ACK","detail":"0x8001 Universal Reply Received"}
{"ts":"2026-04-05T23:21:16.836Z","level":"INFO","device":"200000000009","event":"SERVER_ACK","detail":"0x8001 Universal Reply Received"}
{"ts":"2026-04-05T23:21:16.973Z","level":"INFO","device":"200000000010","event":"SERVER_ACK","detail":"0x8001 Universal Reply Received"}
{"ts":"2026-04-05T23:21:16.977Z","level":"INFO","device":"200000000008","event":"SERVER_ACK","detail":"0x8001 Universal Reply Received"}
{"ts":"2026-04-05T23:21:17.187Z","level":"INFO","device":"200000000009","event":"SERVER_ACK","detail":"0x8001 Universal Reply Received"}
{"ts":"2026-04-05T23:21:17.303Z","level":"INFO","device":"200000000010","event":"SERVER_ACK","detail":"0x8001 Universal Reply Received"}
{"ts":"2026-04-05T23:21:21.300Z","level":"INFO","device":"291078985963","event":"INCIDENT_SENT","detail":"mediaId=10 alarmId=291078985963002604052321210A0200"}
{"ts":"2026-04-05T23:21:21.301Z","level":"INFO","device":"291078985963","event":"GPS_SENT","detail":""}
{"ts":"2026-04-05T23:21:21.316Z","level":"INFO","device":"868120100009","event":"INCIDENT_SENT","detail":"mediaId=10 alarmId=868120100009002604052321210A0200"}
{"ts":"2026-04-05T23:21:21.316Z","level":"INFO","device":"868120100009","event":"GPS_SENT","detail":""}
{"ts":"2026-04-05T23:21:21.376Z","level":"INFO","device":"868120100005","event":"INCIDENT_SENT","detail":"mediaId=10 alarmId=868120100005002604052321210A0200"}
{"ts":"2026-04-05T23:21:21.376Z","level":"INFO","device":"868120100005","event":"GPS_SENT","detail":""}
{"ts":"2026-04-05T23:21:21.432Z","level":"INFO","device":"868120100004","event":"INCIDENT_SENT","detail":"mediaId=10 alarmId=868120100004002604052321210A0200"}
{"ts":"2026-04-05T23:21:21.433Z","level":"INFO","device":"868120100004","event":"GPS_SENT","detail":""}
{"ts":"2026-04-05T23:21:21.480Z","level":"INFO","device":"868120100006","event":"INCIDENT_SENT","detail":"mediaId=10 alarmId=868120100006002604052321210A0200"}
{"ts":"2026-04-05T23:21:21.481Z","level":"INFO","device":"868120100006","event":"GPS_SENT","detail":""}
{"ts":"2026-04-05T23:21:21.507Z","level":"INFO","device":"291078985963","event":"RX_MSG","detail":"0x8001 bodyLen=5"}
{"ts":"2026-04-05T23:21:21.507Z","level":"INFO","device":"291078985963","event":"SERVER_ACK","detail":"0x0200 result=OK"}
{"ts":"2026-04-05T23:21:21.526Z","level":"INFO","device":"868120100009","event":"RX_MSG","detail":"0x8001 bodyLen=5"}
{"ts":"2026-04-05T23:21:21.526Z","level":"INFO","device":"868120100009","event":"SERVER_ACK","detail":"0x0200 result=OK"}
{"ts":"2026-04-05T23:21:21.563Z","level":"INFO","device":"868120100003","event":"INCIDENT_SENT","detail":"mediaId=10 alarmId=868120100003002604052321210A0200"}
{"ts":"2026-04-05T23:21:21.564Z","level":"INFO","device":"868120100003","event":"GPS_SENT","detail":""}
{"ts":"2026-04-05T23:21:21.579Z","level":"INFO","device":"868120100005","event":"RX_MSG","detail":"0x8001 bodyLen=5"}
{"ts":"2026-04-05T23:21:21.579Z","level":"INFO","device":"868120100005","event":"SERVER_ACK","detail":"0x0200 result=OK"}
{"ts":"2026-04-05T23:21:21.616Z","level":"INFO","device":"868120100004","event":"RX_MSG","detail":"0x8001 bodyLen=5"}
{"ts":"2026-04-05T23:21:21.616Z","level":"INFO","device":"868120100004","event":"SERVER_ACK","detail":"0x0200 result=OK"}
{"ts":"2026-04-05T23:21:21.684Z","level":"INFO","device":"868120100006","event":"RX_MSG","detail":"0x8001 bodyLen=5"}
{"ts":"2026-04-05T23:21:21.685Z","level":"INFO","device":"868120100006","event":"SERVER_ACK","detail":"0x0200 result=OK"}
{"ts":"2026-04-05T23:21:21.700Z","level":"INFO","device":"868120100002","event":"INCIDENT_SENT","detail":"mediaId=10 alarmId=868120100002002604052321210A0200"}
{"ts":"2026-04-05T23:21:21.700Z","level":"INFO","device":"868120100002","event":"GPS_SENT","detail":""}
{"ts":"2026-04-05T23:21:21.765Z","level":"INFO","device":"868120100003","event":"RX_MSG","detail":"0x8001 bodyLen=5"}
{"ts":"2026-04-05T23:21:21.765Z","level":"INFO","device":"868120100003","event":"SERVER_ACK","detail":"0x0200 result=OK"}
{"ts":"2026-04-05T23:21:21.813Z","level":"INFO","device":"291078985963","event":"RX_MSG","detail":"0x8001 bodyLen=5"}
{"ts":"2026-04-05T23:21:21.814Z","level":"INFO","device":"291078985963","event":"SERVER_ACK","detail":"0x0800 result=OK"}
{"ts":"2026-04-05T23:21:21.814Z","level":"INFO","device":"291078985963","event":"RX_MSG","detail":"0x8001 bodyLen=5"}
{"ts":"2026-04-05T23:21:21.814Z","level":"INFO","device":"291078985963","event":"SERVER_ACK","detail":"0x0200 result=OK"}
{"ts":"2026-04-05T23:21:21.845Z","level":"INFO","device":"100000000010","event":"INCIDENT_SENT","detail":"mediaId=10 alarmId=100000000010002604052321210A0200"}
{"ts":"2026-04-05T23:21:21.849Z","level":"INFO","device":"100000000010","event":"GPS_SENT","detail":""}
{"ts":"2026-04-05T23:21:21.854Z","level":"INFO","device":"868120100009","event":"RX_MSG","detail":"0x8001 bodyLen=5"}
{"ts":"2026-04-05T23:21:21.855Z","level":"INFO","device":"868120100009","event":"SERVER_ACK","detail":"0x0800 result=OK"}
{"ts":"2026-04-05T23:21:21.855Z","level":"INFO","device":"868120100009","event":"RX_MSG","detail":"0x8001 bodyLen=5"}
{"ts":"2026-04-05T23:21:21.857Z","level":"INFO","device":"868120100009","event":"SERVER_ACK","detail":"0x0200 result=OK"}
{"ts":"2026-04-05T23:21:21.891Z","level":"INFO","device":"868120100007","event":"INCIDENT_SENT","detail":"mediaId=10 alarmId=868120100007002604052321210A0200"}
{"ts":"2026-04-05T23:21:21.891Z","level":"INFO","device":"868120100007","event":"GPS_SENT","detail":""}
{"ts":"2026-04-05T23:21:21.909Z","level":"INFO","device":"868120100002","event":"RX_MSG","detail":"0x8001 bodyLen=5"}
{"ts":"2026-04-05T23:21:21.910Z","level":"INFO","device":"868120100002","event":"SERVER_ACK","detail":"0x0200 result=OK"}
{"ts":"2026-04-05T23:21:21.910Z","level":"INFO","device":"868120100005","event":"RX_MSG","detail":"0x8001 bodyLen=5"}
{"ts":"2026-04-05T23:21:21.910Z","level":"INFO","device":"868120100005","event":"SERVER_ACK","detail":"0x0800 result=OK"}
{"ts":"2026-04-05T23:21:21.910Z","level":"INFO","device":"868120100005","event":"RX_MSG","detail":"0x8001 bodyLen=5"}
{"ts":"2026-04-05T23:21:21.910Z","level":"INFO","device":"868120100005","event":"SERVER_ACK","detail":"0x0200 result=OK"}
{"ts":"2026-04-05T23:21:21.922Z","level":"INFO","device":"868120100004","event":"RX_MSG","detail":"0x8001 bodyLen=5"}
{"ts":"2026-04-05T23:21:21.922Z","level":"INFO","device":"868120100004","event":"SERVER_ACK","detail":"0x0800 result=OK"}
{"ts":"2026-04-05T23:21:21.922Z","level":"INFO","device":"868120100004","event":"RX_MSG","detail":"0x8001 bodyLen=5"}
{"ts":"2026-04-05T23:21:21.922Z","level":"INFO","device":"868120100004","event":"SERVER_ACK","detail":"0x0200 result=OK"}
{"ts":"2026-04-05T23:21:21.923Z","level":"INFO","device":"868120100008","event":"INCIDENT_SENT","detail":"mediaId=10 alarmId=868120100008002604052321210A0200"}
{"ts":"2026-04-05T23:21:21.923Z","level":"INFO","device":"868120100008","event":"GPS_SENT","detail":""}
{"ts":"2026-04-05T23:21:22.002Z","level":"INFO","device":"868120100006","event":"RX_MSG","detail":"0x8001 bodyLen=5"}
{"ts":"2026-04-05T23:21:22.002Z","level":"INFO","device":"868120100006","event":"SERVER_ACK","detail":"0x0800 result=OK"}
{"ts":"2026-04-05T23:21:22.002Z","level":"INFO","device":"868120100006","event":"RX_MSG","detail":"0x8001 bodyLen=5"}
{"ts":"2026-04-05T23:21:22.002Z","level":"INFO","device":"868120100006","event":"SERVER_ACK","detail":"0x0200 result=OK"}
{"ts":"2026-04-05T23:21:22.039Z","level":"INFO","device":"100000000010","event":"RX_MSG","detail":"0x8001 bodyLen=5"}
{"ts":"2026-04-05T23:21:22.039Z","level":"INFO","device":"100000000010","event":"SERVER_ACK","detail":"0x0200 result=OK"}
{"ts":"2026-04-05T23:21:22.064Z","level":"INFO","device":"868120100003","event":"RX_MSG","detail":"0x8001 bodyLen=5"}
{"ts":"2026-04-05T23:21:22.064Z","level":"INFO","device":"868120100003","event":"SERVER_ACK","detail":"0x0800 result=OK"}
{"ts":"2026-04-05T23:21:22.064Z","level":"INFO","device":"868120100003","event":"RX_MSG","detail":"0x8001 bodyLen=5"}
{"ts":"2026-04-05T23:21:22.064Z","level":"INFO","device":"868120100003","event":"SERVER_ACK","detail":"0x0200 result=OK"}
{"ts":"2026-04-05T23:21:22.092Z","level":"INFO","device":"868120100007","event":"RX_MSG","detail":"0x8001 bodyLen=5"}
{"ts":"2026-04-05T23:21:22.092Z","level":"INFO","device":"868120100007","event":"SERVER_ACK","detail":"0x0200 result=OK"}
{"ts":"2026-04-05T23:21:22.124Z","level":"INFO","device":"868120100008","event":"RX_MSG","detail":"0x8001 bodyLen=5"}
{"ts":"2026-04-05T23:21:22.124Z","level":"INFO","device":"868120100008","event":"SERVER_ACK","detail":"0x0200 result=OK"}
{"ts":"2026-04-05T23:21:22.227Z","level":"INFO","device":"868120100002","event":"RX_MSG","detail":"0x8001 bodyLen=5"}
{"ts":"2026-04-05T23:21:22.228Z","level":"INFO","device":"868120100002","event":"SERVER_ACK","detail":"0x0800 result=OK"}
{"ts":"2026-04-05T23:21:22.229Z","level":"INFO","device":"868120100002","event":"RX_MSG","detail":"0x8001 bodyLen=5"}
{"ts":"2026-04-05T23:21:22.229Z","level":"INFO","device":"868120100002","event":"SERVER_ACK","detail":"0x0200 result=OK"}
{"ts":"2026-04-05T23:21:22.336Z","level":"INFO","device":"100000000010","event":"RX_MSG","detail":"0x8001 bodyLen=5"}
{"ts":"2026-04-05T23:21:22.338Z","level":"INFO","device":"100000000010","event":"SERVER_ACK","detail":"0x0800 result=OK"}
{"ts":"2026-04-05T23:21:22.339Z","level":"INFO","device":"100000000010","event":"RX_MSG","detail":"0x8001 bodyLen=5"}
{"ts":"2026-04-05T23:21:22.339Z","level":"INFO","device":"100000000010","event":"SERVER_ACK","detail":"0x0200 result=OK"}
{"ts":"2026-04-05T23:21:22.406Z","level":"INFO","device":"868120100007","event":"RX_MSG","detail":"0x8001 bodyLen=5"}
{"ts":"2026-04-05T23:21:22.406Z","level":"INFO","device":"868120100007","event":"SERVER_ACK","detail":"0x0800 result=OK"}
{"ts":"2026-04-05T23:21:22.406Z","level":"INFO","device":"868120100007","event":"RX_MSG","detail":"0x8001 bodyLen=5"}
{"ts":"2026-04-05T23:21:22.406Z","level":"INFO","device":"868120100007","event":"SERVER_ACK","detail":"0x0200 result=OK"}
{"ts":"2026-04-05T23:21:22.438Z","level":"INFO","device":"868120100008","event":"RX_MSG","detail":"0x8001 bodyLen=5"}
{"ts":"2026-04-05T23:21:22.439Z","level":"INFO","device":"868120100008","event":"SERVER_ACK","detail":"0x0800 result=OK"}
{"ts":"2026-04-05T23:21:22.439Z","level":"INFO","device":"868120100008","event":"RX_MSG","detail":"0x8001 bodyLen=5"}
{"ts":"2026-04-05T23:21:22.439Z","level":"INFO","device":"868120100008","event":"SERVER_ACK","detail":"0x0200 result=OK"}
{"ts":"2026-04-05T23:21:30.474Z","level":"INFO","device":"291078985963","event":"OBD2_SENT_0x0200","detail":"Lat: 51.737440, Lng: 0.473240 | Speed: 50km/h | RPM: 2780"}
{"ts":"2026-04-05T23:21:30.577Z","level":"INFO","device":"200000000002","event":"OBD2_SENT_0x0200","detail":"Lat: 51.718631, Lng: 0.499904 | Speed: 23km/h | RPM: 1722"}
{"ts":"2026-04-05T23:21:30.671Z","level":"INFO","device":"291078985963","event":"SERVER_ACK","detail":"0x8001 Universal Reply Received"}
{"ts":"2026-04-05T23:21:30.722Z","level":"INFO","device":"200000000003","event":"OBD2_SENT_0x0200","detail":"Lat: 51.714367, Lng: 0.512428 | Speed: 37km/h | RPM: 2284"}
{"ts":"2026-04-05T23:21:30.783Z","level":"INFO","device":"200000000002","event":"SERVER_ACK","detail":"0x8001 Universal Reply Received"}
{"ts":"2026-04-05T23:21:30.878Z","level":"INFO","device":"200000000004","event":"OBD2_SENT_0x0200","detail":"Lat: 51.713874, Lng: 0.515879 | Speed: 33km/h | RPM: 2122"}
{"ts":"2026-04-05T23:21:30.934Z","level":"INFO","device":"200000000003","event":"SERVER_ACK","detail":"0x8001 Universal Reply Received"}
{"ts":"2026-04-05T23:21:31.032Z","level":"INFO","device":"200000000005","event":"OBD2_SENT_0x0200","detail":"Lat: 51.736353, Lng: 0.469216 | Speed: 35km/h | RPM: 2182"}
{"ts":"2026-04-05T23:21:31.063Z","level":"INFO","device":"200000000004","event":"SERVER_ACK","detail":"0x8001 Universal Reply Received"}
{"ts":"2026-04-05T23:21:31.175Z","level":"INFO","device":"200000000006","event":"OBD2_SENT_0x0200","detail":"Lat: 51.735239, Lng: 0.482155 | Speed: 53km/h | RPM: 2917"}
{"ts":"2026-04-05T23:21:31.235Z","level":"INFO","device":"200000000005","event":"SERVER_ACK","detail":"0x8001 Universal Reply Received"}
{"ts":"2026-04-05T23:21:31.327Z","level":"INFO","device":"200000000007","event":"OBD2_SENT_0x0200","detail":"Lat: 51.734472, Lng: 0.483104 | Speed: 63km/h | RPM: 3322"}
{"ts":"2026-04-05T23:21:31.362Z","level":"INFO","device":"200000000006","event":"SERVER_ACK","detail":"0x8001 Universal Reply Received"}
{"ts":"2026-04-05T23:21:31.481Z","level":"INFO","device":"200000000008","event":"OBD2_SENT_0x0200","detail":"Lat: 51.737623, Lng: 0.478110 | Speed: 50km/h | RPM: 2810"}
{"ts":"2026-04-05T23:21:31.513Z","level":"INFO","device":"200000000007","event":"SERVER_ACK","detail":"0x8001 Universal Reply Received"}
{"ts":"2026-04-05T23:21:31.626Z","level":"INFO","device":"200000000009","event":"OBD2_SENT_0x0200","detail":"Lat: 51.737453, Lng: 0.473316 | Speed: 60km/h | RPM: 3183"}
{"ts":"2026-04-05T23:21:31.670Z","level":"INFO","device":"200000000008","event":"SERVER_ACK","detail":"0x8001 Universal Reply Received"}
{"ts":"2026-04-05T23:21:31.778Z","level":"INFO","device":"200000000010","event":"OBD2_SENT_0x0200","detail":"Lat: 51.715523, Lng: 0.507218 | Speed: 41km/h | RPM: 2456"}
{"ts":"2026-04-05T23:21:31.838Z","level":"INFO","device":"200000000009","event":"SERVER_ACK","detail":"0x8001 Universal Reply Received"}
{"ts":"2026-04-05T23:21:31.981Z","level":"INFO","device":"200000000010","event":"SERVER_ACK","detail":"0x8001 Universal Reply Received"}
{"ts":"2026-04-05T23:21:41.309Z","level":"INFO","device":"291078985963","event":"GPS_SENT","detail":""}
{"ts":"2026-04-05T23:21:41.317Z","level":"INFO","device":"868120100009","event":"GPS_SENT","detail":""}
{"ts":"2026-04-05T23:21:41.375Z","level":"INFO","device":"868120100005","event":"GPS_SENT","detail":""}
{"ts":"2026-04-05T23:21:41.434Z","level":"INFO","device":"868120100004","event":"GPS_SENT","detail":""}
{"ts":"2026-04-05T23:21:41.481Z","level":"INFO","device":"868120100006","event":"GPS_SENT","detail":""}
{"ts":"2026-04-05T23:21:41.512Z","level":"INFO","device":"291078985963","event":"RX_MSG","detail":"0x8001 bodyLen=5"}
{"ts":"2026-04-05T23:21:41.512Z","level":"INFO","device":"291078985963","event":"SERVER_ACK","detail":"0x0200 result=OK"}
{"ts":"2026-04-05T23:21:41.531Z","level":"INFO","device":"868120100009","event":"RX_MSG","detail":"0x8001 bodyLen=5"}
{"ts":"2026-04-05T23:21:41.531Z","level":"INFO","device":"868120100009","event":"SERVER_ACK","detail":"0x0200 result=OK"}
{"ts":"2026-04-05T23:21:41.564Z","level":"INFO","device":"868120100003","event":"GPS_SENT","detail":""}
{"ts":"2026-04-05T23:21:41.579Z","level":"INFO","device":"868120100005","event":"RX_MSG","detail":"0x8001 bodyLen=5"}
{"ts":"2026-04-05T23:21:41.579Z","level":"INFO","device":"868120100005","event":"SERVER_ACK","detail":"0x0200 result=OK"}
{"ts":"2026-04-05T23:21:41.618Z","level":"INFO","device":"868120100004","event":"RX_MSG","detail":"0x8001 bodyLen=5"}
{"ts":"2026-04-05T23:21:41.619Z","level":"INFO","device":"868120100004","event":"SERVER_ACK","detail":"0x0200 result=OK"}
{"ts":"2026-04-05T23:21:41.683Z","level":"INFO","device":"868120100006","event":"RX_MSG","detail":"0x8001 bodyLen=5"}
{"ts":"2026-04-05T23:21:41.684Z","level":"INFO","device":"868120100006","event":"SERVER_ACK","detail":"0x0200 result=OK"}
{"ts":"2026-04-05T23:21:41.700Z","level":"INFO","device":"868120100002","event":"GPS_SENT","detail":""}
{"ts":"2026-04-05T23:21:41.767Z","level":"INFO","device":"868120100003","event":"RX_MSG","detail":"0x8001 bodyLen=5"}
{"ts":"2026-04-05T23:21:41.767Z","level":"INFO","device":"868120100003","event":"SERVER_ACK","detail":"0x0200 result=OK"}
{"ts":"2026-04-05T23:21:41.849Z","level":"INFO","device":"100000000010","event":"GPS_SENT","detail":""}
{"ts":"2026-04-05T23:21:41.891Z","level":"INFO","device":"868120100007","event":"GPS_SENT","detail":""}
{"ts":"2026-04-05T23:21:41.909Z","level":"INFO","device":"868120100002","event":"RX_MSG","detail":"0x8001 bodyLen=5"}
{"ts":"2026-04-05T23:21:41.910Z","level":"INFO","device":"868120100002","event":"SERVER_ACK","detail":"0x0200 result=OK"}
{"ts":"2026-04-05T23:21:41.923Z","level":"INFO","device":"868120100008","event":"GPS_SENT","detail":""}
{"ts":"2026-04-05T23:21:42.045Z","level":"INFO","device":"100000000010","event":"RX_MSG","detail":"0x8001 bodyLen=5"}
{"ts":"2026-04-05T23:21:42.045Z","level":"INFO","device":"100000000010","event":"SERVER_ACK","detail":"0x0200 result=OK"}
{"ts":"2026-04-05T23:21:42.093Z","level":"INFO","device":"868120100007","event":"RX_MSG","detail":"0x8001 bodyLen=5"}
{"ts":"2026-04-05T23:21:42.093Z","level":"INFO","device":"868120100007","event":"SERVER_ACK","detail":"0x0200 result=OK"}
{"ts":"2026-04-05T23:21:42.125Z","level":"INFO","device":"868120100008","event":"RX_MSG","detail":"0x8001 bodyLen=5"}
{"ts":"2026-04-05T23:21:42.126Z","level":"INFO","device":"868120100008","event":"SERVER_ACK","detail":"0x0200 result=OK"}
{"ts":"2026-04-05T23:21:45.445Z","level":"INFO","device":"291078985963","event":"HEARTBEAT_SENT","detail":"0x0002"}
{"ts":"2026-04-05T23:21:45.474Z","level":"INFO","device":"291078985963","event":"OBD2_SENT_0x0200","detail":"Lat: 51.737789, Lng: 0.476331 | Speed: 53km/h | RPM: 2916"}
{"ts":"2026-04-05T23:21:45.577Z","level":"INFO","device":"200000000002","event":"HEARTBEAT_SENT","detail":"0x0002"}
{"ts":"2026-04-05T23:21:45.577Z","level":"INFO","device":"200000000002","event":"OBD2_SENT_0x0200","detail":"Lat: 51.718111, Lng: 0.500684 | Speed: 19km/h | RPM: 1558"}
{"ts":"2026-04-05T23:21:45.639Z","level":"INFO","device":"291078985963","event":"SERVER_ACK","detail":"0x8001 Universal Reply Received"}
{"ts":"2026-04-05T23:21:45.721Z","level":"INFO","device":"200000000003","event":"HEARTBEAT_SENT","detail":"0x0002"}
{"ts":"2026-04-05T23:21:45.723Z","level":"INFO","device":"200000000003","event":"OBD2_SENT_0x0200","detail":"Lat: 51.714083, Lng: 0.514418 | Speed: 34km/h | RPM: 2151"}
{"ts":"2026-04-05T23:21:45.781Z","level":"INFO","device":"200000000002","event":"SERVER_ACK","detail":"0x8001 Universal Reply Received"}
{"ts":"2026-04-05T23:21:45.875Z","level":"INFO","device":"200000000004","event":"HEARTBEAT_SENT","detail":"0x0002"}
{"ts":"2026-04-05T23:21:45.878Z","level":"INFO","device":"200000000004","event":"OBD2_SENT_0x0200","detail":"Lat: 51.736484, Lng: 0.469613 | Speed: 35km/h | RPM: 2202"}
{"ts":"2026-04-05T23:21:45.931Z","level":"INFO","device":"200000000003","event":"SERVER_ACK","detail":"0x8001 Universal Reply Received"}
{"ts":"2026-04-05T23:21:45.941Z","level":"INFO","device":"291078985963","event":"SERVER_ACK","detail":"0x8001 Universal Reply Received"}
{"ts":"2026-04-05T23:21:46.023Z","level":"INFO","device":"200000000005","event":"HEARTBEAT_SENT","detail":"0x0002"}
{"ts":"2026-04-05T23:21:46.032Z","level":"INFO","device":"200000000005","event":"OBD2_SENT_0x0200","detail":"Lat: 51.736909, Lng: 0.471068 | Speed: 38km/h | RPM: 2329"}
{"ts":"2026-04-05T23:21:46.059Z","level":"INFO","device":"200000000004","event":"SERVER_ACK","detail":"0x8001 Universal Reply Received"}
{"ts":"2026-04-05T23:21:46.107Z","level":"INFO","device":"200000000002","event":"SERVER_ACK","detail":"0x8001 Universal Reply Received"}
{"ts":"2026-04-05T23:21:46.172Z","level":"INFO","device":"200000000006","event":"HEARTBEAT_SENT","detail":"0x0002"}
{"ts":"2026-04-05T23:21:46.175Z","level":"INFO","device":"200000000006","event":"OBD2_SENT_0x0200","detail":"Lat: 51.733836, Lng: 0.484295 | Speed: 54km/h | RPM: 2953"}
{"ts":"2026-04-05T23:21:46.224Z","level":"INFO","device":"200000000005","event":"SERVER_ACK","detail":"0x8001 Universal Reply Received"}
{"ts":"2026-04-05T23:21:46.270Z","level":"INFO","device":"200000000003","event":"SERVER_ACK","detail":"0x8001 Universal Reply Received"}
{"ts":"2026-04-05T23:21:46.322Z","level":"INFO","device":"200000000007","event":"HEARTBEAT_SENT","detail":"0x0002"}
{"ts":"2026-04-05T23:21:46.326Z","level":"INFO","device":"200000000007","event":"OBD2_SENT_0x0200","detail":"Lat: 51.733239, Lng: 0.486403 | Speed: 67km/h | RPM: 3466"}
{"ts":"2026-04-05T23:21:46.358Z","level":"INFO","device":"200000000006","event":"SERVER_ACK","detail":"0x8001 Universal Reply Received"}
{"ts":"2026-04-05T23:21:46.378Z","level":"INFO","device":"200000000004","event":"SERVER_ACK","detail":"0x8001 Universal Reply Received"}
{"ts":"2026-04-05T23:21:46.476Z","level":"INFO","device":"200000000008","event":"HEARTBEAT_SENT","detail":"0x0002"}
{"ts":"2026-04-05T23:21:46.481Z","level":"INFO","device":"200000000008","event":"OBD2_SENT_0x0200","detail":"Lat: 51.736712, Lng: 0.480384 | Speed: 48km/h | RPM: 2701"}
{"ts":"2026-04-05T23:21:46.509Z","level":"INFO","device":"200000000007","event":"SERVER_ACK","detail":"0x8001 Universal Reply Received"}
{"ts":"2026-04-05T23:21:46.550Z","level":"INFO","device":"200000000005","event":"SERVER_ACK","detail":"0x8001 Universal Reply Received"}
{"ts":"2026-04-05T23:21:46.625Z","level":"INFO","device":"200000000009","event":"HEARTBEAT_SENT","detail":"0x0002"}
{"ts":"2026-04-05T23:21:46.626Z","level":"INFO","device":"200000000009","event":"OBD2_SENT_0x0200","detail":"Lat: 51.737785, Lng: 0.476782 | Speed: 59km/h | RPM: 3173"}
{"ts":"2026-04-05T23:21:46.658Z","level":"INFO","device":"200000000006","event":"SERVER_ACK","detail":"0x8001 Universal Reply Received"}
{"ts":"2026-04-05T23:21:46.663Z","level":"INFO","device":"200000000008","event":"SERVER_ACK","detail":"0x8001 Universal Reply Received"}
{"ts":"2026-04-05T23:21:46.772Z","level":"INFO","device":"200000000010","event":"HEARTBEAT_SENT","detail":"0x0002"}
{"ts":"2026-04-05T23:21:46.778Z","level":"INFO","device":"200000000010","event":"OBD2_SENT_0x0200","detail":"Lat: 51.715004, Lng: 0.509383 | Speed: 39km/h | RPM: 2377"}
{"ts":"2026-04-05T23:21:46.805Z","level":"INFO","device":"200000000007","event":"SERVER_ACK","detail":"0x8001 Universal Reply Received"}
{"ts":"2026-04-05T23:21:46.835Z","level":"INFO","device":"200000000009","event":"SERVER_ACK","detail":"0x8001 Universal Reply Received"}
{"ts":"2026-04-05T23:21:46.961Z","level":"INFO","device":"200000000008","event":"SERVER_ACK","detail":"0x8001 Universal Reply Received"}
{"ts":"2026-04-05T23:21:46.973Z","level":"INFO","device":"200000000010","event":"SERVER_ACK","detail":"0x8001 Universal Reply Received"}
{"ts":"2026-04-05T23:21:47.171Z","level":"INFO","device":"200000000009","event":"SERVER_ACK","detail":"0x8001 Universal Reply Received"}
{"ts":"2026-04-05T23:21:47.287Z","level":"INFO","device":"200000000010","event":"SERVER_ACK","detail":"0x8001 Universal Reply Received"}
{"ts":"2026-04-05T23:22:00.487Z","level":"INFO","device":"291078985963","event":"OBD2_SENT_0x0200","detail":"Lat: 51.737197, Lng: 0.479509 | Speed: 54km/h | RPM: 2973"}
{"ts":"2026-04-05T23:22:00.577Z","level":"INFO","device":"200000000002","event":"OBD2_SENT_0x0200","detail":"Lat: 51.717556, Lng: 0.501688 | Speed: 22km/h | RPM: 1681"}
{"ts":"2026-04-05T23:22:00.682Z","level":"INFO","device":"291078985963","event":"SERVER_ACK","detail":"0x8001 Universal Reply Received"}
{"ts":"2026-04-05T23:22:00.724Z","level":"INFO","device":"200000000003","event":"OBD2_SENT_0x0200","detail":"Lat: 51.736038, Lng: 0.468298 | Speed: 35km/h | RPM: 2182"}
{"ts":"2026-04-05T23:22:00.781Z","level":"INFO","device":"200000000002","event":"SERVER_ACK","detail":"0x8001 Universal Reply Received"}
{"ts":"2026-04-05T23:22:00.879Z","level":"INFO","device":"200000000004","event":"OBD2_SENT_0x0200","detail":"Lat: 51.737008, Lng: 0.471428 | Speed: 32km/h | RPM: 2082"}
{"ts":"2026-04-05T23:22:00.937Z","level":"INFO","device":"200000000003","event":"SERVER_ACK","detail":"0x8001 Universal Reply Received"}
{"ts":"2026-04-05T23:22:01.032Z","level":"INFO","device":"200000000005","event":"OBD2_SENT_0x0200","detail":"Lat: 51.737474, Lng: 0.473443 | Speed: 43km/h | RPM: 2517"}
{"ts":"2026-04-05T23:22:01.066Z","level":"INFO","device":"200000000004","event":"SERVER_ACK","detail":"0x8001 Universal Reply Received"}
{"ts":"2026-04-05T23:22:01.174Z","level":"INFO","device":"200000000006","event":"OBD2_SENT_0x0200","detail":"Lat: 51.732945, Lng: 0.487620 | Speed: 58km/h | RPM: 3135"}
{"ts":"2026-04-05T23:22:01.234Z","level":"INFO","device":"200000000005","event":"SERVER_ACK","detail":"0x8001 Universal Reply Received"}
{"ts":"2026-04-05T23:22:01.300Z","level":"INFO","device":"291078985963","event":"INCIDENT_SENT","detail":"mediaId=11 alarmId=291078985963002604052322010B0200"}
{"ts":"2026-04-05T23:22:01.310Z","level":"INFO","device":"291078985963","event":"GPS_SENT","detail":""}
{"ts":"2026-04-05T23:22:01.316Z","level":"INFO","device":"868120100009","event":"INCIDENT_SENT","detail":"mediaId=11 alarmId=868120100009002604052322010B0200"}
{"ts":"2026-04-05T23:22:01.316Z","level":"INFO","device":"868120100009","event":"GPS_SENT","detail":""}
{"ts":"2026-04-05T23:22:01.327Z","level":"INFO","device":"200000000007","event":"OBD2_SENT_0x0200","detail":"Lat: 51.731687, Lng: 0.490825 | Speed: 70km/h | RPM: 3594"}
{"ts":"2026-04-05T23:22:01.360Z","level":"INFO","device":"200000000006","event":"SERVER_ACK","detail":"0x8001 Universal Reply Received"}
{"ts":"2026-04-05T23:22:01.376Z","level":"INFO","device":"868120100005","event":"INCIDENT_SENT","detail":"mediaId=11 alarmId=868120100005002604052322010B0200"}
{"ts":"2026-04-05T23:22:01.376Z","level":"INFO","device":"868120100005","event":"GPS_SENT","detail":""}
{"ts":"2026-04-05T23:22:01.432Z","level":"INFO","device":"868120100004","event":"INCIDENT_SENT","detail":"mediaId=11 alarmId=868120100004002604052322010B0200"}
{"ts":"2026-04-05T23:22:01.434Z","level":"INFO","device":"868120100004","event":"GPS_SENT","detail":""}
{"ts":"2026-04-05T23:22:01.480Z","level":"INFO","device":"868120100006","event":"INCIDENT_SENT","detail":"mediaId=11 alarmId=868120100006002604052322010B0200"}
{"ts":"2026-04-05T23:22:01.481Z","level":"INFO","device":"200000000008","event":"OBD2_SENT_0x0200","detail":"Lat: 51.735482, Lng: 0.481871 | Speed: 43km/h | RPM: 2502"}
{"ts":"2026-04-05T23:22:01.482Z","level":"INFO","device":"868120100006","event":"GPS_SENT","detail":""}
{"ts":"2026-04-05T23:22:01.501Z","level":"INFO","device":"291078985963","event":"RX_MSG","detail":"0x8001 bodyLen=5"}
{"ts":"2026-04-05T23:22:01.501Z","level":"INFO","device":"291078985963","event":"SERVER_ACK","detail":"0x0200 result=OK"}
{"ts":"2026-04-05T23:22:01.514Z","level":"INFO","device":"200000000007","event":"SERVER_ACK","detail":"0x8001 Universal Reply Received"}
{"ts":"2026-04-05T23:22:01.526Z","level":"INFO","device":"868120100009","event":"RX_MSG","detail":"0x8001 bodyLen=5"}
{"ts":"2026-04-05T23:22:01.528Z","level":"INFO","device":"868120100009","event":"SERVER_ACK","detail":"0x0200 result=OK"}
{"ts":"2026-04-05T23:22:01.564Z","level":"INFO","device":"868120100003","event":"INCIDENT_SENT","detail":"mediaId=11 alarmId=868120100003002604052322010B0200"}
{"ts":"2026-04-05T23:22:01.564Z","level":"INFO","device":"868120100003","event":"GPS_SENT","detail":""}
{"ts":"2026-04-05T23:22:01.579Z","level":"INFO","device":"868120100005","event":"RX_MSG","detail":"0x8001 bodyLen=5"}
{"ts":"2026-04-05T23:22:01.580Z","level":"INFO","device":"868120100005","event":"SERVER_ACK","detail":"0x0200 result=OK"}
{"ts":"2026-04-05T23:22:01.616Z","level":"INFO","device":"868120100004","event":"RX_MSG","detail":"0x8001 bodyLen=5"}
{"ts":"2026-04-05T23:22:01.616Z","level":"INFO","device":"868120100004","event":"SERVER_ACK","detail":"0x0200 result=OK"}
{"ts":"2026-04-05T23:22:01.626Z","level":"INFO","device":"200000000009","event":"OBD2_SENT_0x0200","detail":"Lat: 51.736970, Lng: 0.480040 | Speed: 58km/h | RPM: 3120"}
{"ts":"2026-04-05T23:22:01.668Z","level":"INFO","device":"200000000008","event":"SERVER_ACK","detail":"0x8001 Universal Reply Received"}
{"ts":"2026-04-05T23:22:01.682Z","level":"INFO","device":"868120100006","event":"RX_MSG","detail":"0x8001 bodyLen=5"}
{"ts":"2026-04-05T23:22:01.682Z","level":"INFO","device":"868120100006","event":"SERVER_ACK","detail":"0x0200 result=OK"}
{"ts":"2026-04-05T23:22:01.704Z","level":"INFO","device":"868120100002","event":"INCIDENT_SENT","detail":"mediaId=11 alarmId=868120100002002604052322010B0200"}
{"ts":"2026-04-05T23:22:01.704Z","level":"INFO","device":"868120100002","event":"GPS_SENT","detail":""}
{"ts":"2026-04-05T23:22:01.766Z","level":"INFO","device":"868120100003","event":"RX_MSG","detail":"0x8001 bodyLen=5"}
{"ts":"2026-04-05T23:22:01.767Z","level":"INFO","device":"868120100003","event":"SERVER_ACK","detail":"0x0200 result=OK"}
{"ts":"2026-04-05T23:22:01.780Z","level":"INFO","device":"200000000010","event":"OBD2_SENT_0x0200","detail":"Lat: 51.714509, Lng: 0.511689 | Speed: 40km/h | RPM: 2414"}
{"ts":"2026-04-05T23:22:01.825Z","level":"INFO","device":"291078985963","event":"RX_MSG","detail":"0x8001 bodyLen=5"}
{"ts":"2026-04-05T23:22:01.825Z","level":"INFO","device":"291078985963","event":"SERVER_ACK","detail":"0x0800 result=OK"}
{"ts":"2026-04-05T23:22:01.825Z","level":"INFO","device":"291078985963","event":"RX_MSG","detail":"0x8001 bodyLen=5"}
{"ts":"2026-04-05T23:22:01.825Z","level":"INFO","device":"291078985963","event":"SERVER_ACK","detail":"0x0200 result=OK"}
{"ts":"2026-04-05T23:22:01.837Z","level":"INFO","device":"200000000009","event":"SERVER_ACK","detail":"0x8001 Universal Reply Received"}
{"ts":"2026-04-05T23:22:01.847Z","level":"INFO","device":"100000000010","event":"INCIDENT_SENT","detail":"mediaId=11 alarmId=100000000010002604052322010B0200"}
{"ts":"2026-04-05T23:22:01.850Z","level":"INFO","device":"100000000010","event":"GPS_SENT","detail":""}
{"ts":"2026-04-05T23:22:01.851Z","level":"INFO","device":"868120100009","event":"RX_MSG","detail":"0x8001 bodyLen=5"}
{"ts":"2026-04-05T23:22:01.852Z","level":"INFO","device":"868120100009","event":"SERVER_ACK","detail":"0x0800 result=OK"}
{"ts":"2026-04-05T23:22:01.852Z","level":"INFO","device":"868120100009","event":"RX_MSG","detail":"0x8001 bodyLen=5"}
{"ts":"2026-04-05T23:22:01.853Z","level":"INFO","device":"868120100009","event":"SERVER_ACK","detail":"0x0200 result=OK"}
{"ts":"2026-04-05T23:22:01.876Z","level":"INFO","device":"868120100005","event":"RX_MSG","detail":"0x8001 bodyLen=5"}
{"ts":"2026-04-05T23:22:01.876Z","level":"INFO","device":"868120100005","event":"SERVER_ACK","detail":"0x0800 result=OK"}
{"ts":"2026-04-05T23:22:01.876Z","level":"INFO","device":"868120100005","event":"RX_MSG","detail":"0x8001 bodyLen=5"}
{"ts":"2026-04-05T23:22:01.876Z","level":"INFO","device":"868120100005","event":"SERVER_ACK","detail":"0x0200 result=OK"}
{"ts":"2026-04-05T23:22:01.892Z","level":"INFO","device":"868120100007","event":"INCIDENT_SENT","detail":"mediaId=11 alarmId=868120100007002604052322010B0200"}
{"ts":"2026-04-05T23:22:01.893Z","level":"INFO","device":"868120100007","event":"GPS_SENT","detail":""}
{"ts":"2026-04-05T23:22:01.913Z","level":"INFO","device":"868120100002","event":"RX_MSG","detail":"0x8001 bodyLen=5"}
{"ts":"2026-04-05T23:22:01.913Z","level":"INFO","device":"868120100002","event":"SERVER_ACK","detail":"0x0200 result=OK"}
{"ts":"2026-04-05T23:22:01.919Z","level":"INFO","device":"868120100004","event":"RX_MSG","detail":"0x8001 bodyLen=5"}
{"ts":"2026-04-05T23:22:01.919Z","level":"INFO","device":"868120100004","event":"SERVER_ACK","detail":"0x0800 result=OK"}
{"ts":"2026-04-05T23:22:01.919Z","level":"INFO","device":"868120100004","event":"RX_MSG","detail":"0x8001 bodyLen=5"}
{"ts":"2026-04-05T23:22:01.919Z","level":"INFO","device":"868120100004","event":"SERVER_ACK","detail":"0x0200 result=OK"}
{"ts":"2026-04-05T23:22:01.923Z","level":"INFO","device":"868120100008","event":"INCIDENT_SENT","detail":"mediaId=11 alarmId=868120100008002604052322010B0200"}
{"ts":"2026-04-05T23:22:01.924Z","level":"INFO","device":"868120100008","event":"GPS_SENT","detail":""}
{"ts":"2026-04-05T23:22:01.983Z","level":"INFO","device":"200000000010","event":"SERVER_ACK","detail":"0x8001 Universal Reply Received"}
{"ts":"2026-04-05T23:22:02.029Z","level":"INFO","device":"868120100006","event":"RX_MSG","detail":"0x8001 bodyLen=5"}
{"ts":"2026-04-05T23:22:02.029Z","level":"INFO","device":"868120100006","event":"SERVER_ACK","detail":"0x0800 result=OK"}
{"ts":"2026-04-05T23:22:02.029Z","level":"INFO","device":"868120100006","event":"RX_MSG","detail":"0x8001 bodyLen=5"}
{"ts":"2026-04-05T23:22:02.029Z","level":"INFO","device":"868120100006","event":"SERVER_ACK","detail":"0x0200 result=OK"}
{"ts":"2026-04-05T23:22:02.041Z","level":"INFO","device":"100000000010","event":"RX_MSG","detail":"0x8001 bodyLen=5"}
{"ts":"2026-04-05T23:22:02.041Z","level":"INFO","device":"100000000010","event":"SERVER_ACK","detail":"0x0200 result=OK"}
{"ts":"2026-04-05T23:22:02.092Z","level":"INFO","device":"868120100003","event":"RX_MSG","detail":"0x8001 bodyLen=5"}
{"ts":"2026-04-05T23:22:02.093Z","level":"INFO","device":"868120100003","event":"SERVER_ACK","detail":"0x0800 result=OK"}
{"ts":"2026-04-05T23:22:02.093Z","level":"INFO","device":"868120100003","event":"RX_MSG","detail":"0x8001 bodyLen=5"}
{"ts":"2026-04-05T23:22:02.093Z","level":"INFO","device":"868120100003","event":"SERVER_ACK","detail":"0x0200 result=OK"}
{"ts":"2026-04-05T23:22:02.095Z","level":"INFO","device":"868120100007","event":"RX_MSG","detail":"0x8001 bodyLen=5"}
{"ts":"2026-04-05T23:22:02.096Z","level":"INFO","device":"868120100007","event":"SERVER_ACK","detail":"0x0200 result=OK"}
{"ts":"2026-04-05T23:22:02.125Z","level":"INFO","device":"868120100008","event":"RX_MSG","detail":"0x8001 bodyLen=5"}
{"ts":"2026-04-05T23:22:02.125Z","level":"INFO","device":"868120100008","event":"SERVER_ACK","detail":"0x0200 result=OK"}
{"ts":"2026-04-05T23:22:02.255Z","level":"INFO","device":"868120100002","event":"RX_MSG","detail":"0x8001 bodyLen=5"}
{"ts":"2026-04-05T23:22:02.255Z","level":"INFO","device":"868120100002","event":"SERVER_ACK","detail":"0x0800 result=OK"}
{"ts":"2026-04-05T23:22:02.255Z","level":"INFO","device":"868120100002","event":"RX_MSG","detail":"0x8001 bodyLen=5"}
{"ts":"2026-04-05T23:22:02.255Z","level":"INFO","device":"868120100002","event":"SERVER_ACK","detail":"0x0200 result=OK"}
{"ts":"2026-04-05T23:22:02.366Z","level":"INFO","device":"100000000010","event":"RX_MSG","detail":"0x8001 bodyLen=5"}
{"ts":"2026-04-05T23:22:02.366Z","level":"INFO","device":"100000000010","event":"SERVER_ACK","detail":"0x0800 result=OK"}
{"ts":"2026-04-05T23:22:02.366Z","level":"INFO","device":"100000000010","event":"RX_MSG","detail":"0x8001 bodyLen=5"}
{"ts":"2026-04-05T23:22:02.366Z","level":"INFO","device":"100000000010","event":"SERVER_ACK","detail":"0x0200 result=OK"}
{"ts":"2026-04-05T23:22:02.433Z","level":"INFO","device":"868120100007","event":"RX_MSG","detail":"0x8001 bodyLen=5"}
{"ts":"2026-04-05T23:22:02.433Z","level":"INFO","device":"868120100007","event":"SERVER_ACK","detail":"0x0800 result=OK"}
{"ts":"2026-04-05T23:22:02.434Z","level":"INFO","device":"868120100007","event":"RX_MSG","detail":"0x8001 bodyLen=5"}
{"ts":"2026-04-05T23:22:02.434Z","level":"INFO","device":"868120100007","event":"SERVER_ACK","detail":"0x0200 result=OK"}
{"ts":"2026-04-05T23:22:02.464Z","level":"INFO","device":"868120100008","event":"RX_MSG","detail":"0x8001 bodyLen=5"}
{"ts":"2026-04-05T23:22:02.465Z","level":"INFO","device":"868120100008","event":"SERVER_ACK","detail":"0x0800 result=OK"}
{"ts":"2026-04-05T23:22:02.466Z","level":"INFO","device":"868120100008","event":"RX_MSG","detail":"0x8001 bodyLen=5"}
{"ts":"2026-04-05T23:22:02.466Z","level":"INFO","device":"868120100008","event":"SERVER_ACK","detail":"0x0200 result=OK"}
{"ts":"2026-04-05T23:22:15.454Z","level":"INFO","device":"291078985963","event":"HEARTBEAT_SENT","detail":"0x0002"}
{"ts":"2026-04-05T23:22:15.488Z","level":"INFO","device":"291078985963","event":"OBD2_SENT_0x0200","detail":"Lat: 51.735504, Lng: 0.481846 | Speed: 59km/h | RPM: 3149"}
{"ts":"2026-04-05T23:22:15.577Z","level":"INFO","device":"200000000002","event":"HEARTBEAT_SENT","detail":"0x0002"}
{"ts":"2026-04-05T23:22:15.577Z","level":"INFO","device":"200000000002","event":"OBD2_SENT_0x0200","detail":"Lat: 51.717134, Lng: 0.502555 | Speed: 18km/h | RPM: 1536"}
{"ts":"2026-04-05T23:22:15.648Z","level":"INFO","device":"291078985963","event":"SERVER_ACK","detail":"0x8001 Universal Reply Received"}
{"ts":"2026-04-05T23:22:15.721Z","level":"INFO","device":"200000000003","event":"HEARTBEAT_SENT","detail":"0x0002"}
{"ts":"2026-04-05T23:22:15.723Z","level":"INFO","device":"200000000003","event":"OBD2_SENT_0x0200","detail":"Lat: 51.736564, Lng: 0.469880 | Speed: 31km/h | RPM: 2035"}
{"ts":"2026-04-05T23:22:15.795Z","level":"INFO","device":"200000000002","event":"SERVER_ACK","detail":"0x8001 Universal Reply Received"}
{"ts":"2026-04-05T23:22:15.875Z","level":"INFO","device":"200000000004","event":"HEARTBEAT_SENT","detail":"0x0002"}
{"ts":"2026-04-05T23:22:15.879Z","level":"INFO","device":"200000000004","event":"OBD2_SENT_0x0200","detail":"Lat: 51.737453, Lng: 0.473320 | Speed: 34km/h | RPM: 2169"}
{"ts":"2026-04-05T23:22:15.932Z","level":"INFO","device":"200000000003","event":"SERVER_ACK","detail":"0x8001 Universal Reply Received"}
{"ts":"2026-04-05T23:22:15.969Z","level":"INFO","device":"291078985963","event":"SERVER_ACK","detail":"0x8001 Universal Reply Received"}
{"ts":"2026-04-05T23:22:16.023Z","level":"INFO","device":"200000000005","event":"HEARTBEAT_SENT","detail":"0x0002"}
{"ts":"2026-04-05T23:22:16.033Z","level":"INFO","device":"200000000005","event":"OBD2_SENT_0x0200","detail":"Lat: 51.737767, Lng: 0.475804 | Speed: 40km/h | RPM: 2416"}
{"ts":"2026-04-05T23:22:16.059Z","level":"INFO","device":"200000000004","event":"SERVER_ACK","detail":"0x8001 Universal Reply Received"}
{"ts":"2026-04-05T23:22:16.104Z","level":"INFO","device":"200000000002","event":"SERVER_ACK","detail":"0x8001 Universal Reply Received"}
{"ts":"2026-04-05T23:22:16.172Z","level":"INFO","device":"200000000006","event":"HEARTBEAT_SENT","detail":"0x0002"}
{"ts":"2026-04-05T23:22:16.175Z","level":"INFO","device":"200000000006","event":"OBD2_SENT_0x0200","detail":"Lat: 51.731749, Lng: 0.490703 | Speed: 61km/h | RPM: 3241"}
{"ts":"2026-04-05T23:22:16.224Z","level":"INFO","device":"200000000005","event":"SERVER_ACK","detail":"0x8001 Universal Reply Received"}
{"ts":"2026-04-05T23:22:16.267Z","level":"INFO","device":"200000000003","event":"SERVER_ACK","detail":"0x8001 Universal Reply Received"}
{"ts":"2026-04-05T23:22:16.322Z","level":"INFO","device":"200000000007","event":"HEARTBEAT_SENT","detail":"0x0002"}
{"ts":"2026-04-05T23:22:16.328Z","level":"INFO","device":"200000000007","event":"OBD2_SENT_0x0200","detail":"Lat: 51.729583, Lng: 0.493707 | Speed: 65km/h | RPM: 3410"}
{"ts":"2026-04-05T23:22:16.357Z","level":"INFO","device":"200000000006","event":"SERVER_ACK","detail":"0x8001 Universal Reply Received"}
{"ts":"2026-04-05T23:22:16.379Z","level":"INFO","device":"200000000004","event":"SERVER_ACK","detail":"0x8001 Universal Reply Received"}
{"ts":"2026-04-05T23:22:16.476Z","level":"INFO","device":"200000000008","event":"HEARTBEAT_SENT","detail":"0x0002"}
{"ts":"2026-04-05T23:22:16.481Z","level":"INFO","device":"200000000008","event":"OBD2_SENT_0x0200","detail":"Lat: 51.734175, Lng: 0.483580 | Speed: 46km/h | RPM: 2634"}
{"ts":"2026-04-05T23:22:16.508Z","level":"INFO","device":"200000000007","event":"SERVER_ACK","detail":"0x8001 Universal Reply Received"}
{"ts":"2026-04-05T23:22:16.550Z","level":"INFO","device":"200000000005","event":"SERVER_ACK","detail":"0x8001 Universal Reply Received"}
{"ts":"2026-04-05T23:22:16.625Z","level":"INFO","device":"200000000009","event":"HEARTBEAT_SENT","detail":"0x0002"}
{"ts":"2026-04-05T23:22:16.625Z","level":"INFO","device":"200000000009","event":"OBD2_SENT_0x0200","detail":"Lat: 51.735355, Lng: 0.482019 | Speed: 56km/h | RPM: 3035"}
{"ts":"2026-04-05T23:22:16.659Z","level":"INFO","device":"200000000006","event":"SERVER_ACK","detail":"0x8001 Universal Reply Received"}
{"ts":"2026-04-05T23:22:16.663Z","level":"INFO","device":"200000000008","event":"SERVER_ACK","detail":"0x8001 Universal Reply Received"}
{"ts":"2026-04-05T23:22:16.772Z","level":"INFO","device":"200000000010","event":"HEARTBEAT_SENT","detail":"0x0002"}
{"ts":"2026-04-05T23:22:16.779Z","level":"INFO","device":"200000000010","event":"OBD2_SENT_0x0200","detail":"Lat: 51.714117, Lng: 0.514183 | Speed: 44km/h | RPM: 2545"}
{"ts":"2026-04-05T23:22:16.802Z","level":"INFO","device":"200000000007","event":"SERVER_ACK","detail":"0x8001 Universal Reply Received"}
{"ts":"2026-04-05T23:22:16.837Z","level":"INFO","device":"200000000009","event":"SERVER_ACK","detail":"0x8001 Universal Reply Received"}
{"ts":"2026-04-05T23:22:16.959Z","level":"INFO","device":"200000000008","event":"SERVER_ACK","detail":"0x8001 Universal Reply Received"}
{"ts":"2026-04-05T23:22:16.975Z","level":"INFO","device":"200000000010","event":"SERVER_ACK","detail":"0x8001 Universal Reply Received"}
{"ts":"2026-04-05T23:22:17.168Z","level":"INFO","device":"200000000009","event":"SERVER_ACK","detail":"0x8001 Universal Reply Received"}
{"ts":"2026-04-05T23:22:17.284Z","level":"INFO","device":"200000000010","event":"SERVER_ACK","detail":"0x8001 Universal Reply Received"}
{"ts":"2026-04-05T23:22:21.314Z","level":"INFO","device":"291078985963","event":"GPS_SENT","detail":""}
{"ts":"2026-04-05T23:22:21.317Z","level":"INFO","device":"868120100009","event":"GPS_SENT","detail":""}
{"ts":"2026-04-05T23:22:21.378Z","level":"INFO","device":"868120100005","event":"GPS_SENT","detail":""}
{"ts":"2026-04-05T23:22:21.435Z","level":"INFO","device":"868120100004","event":"GPS_SENT","detail":""}
{"ts":"2026-04-05T23:22:21.482Z","level":"INFO","device":"868120100006","event":"GPS_SENT","detail":""}
{"ts":"2026-04-05T23:22:21.516Z","level":"INFO","device":"291078985963","event":"RX_MSG","detail":"0x8001 bodyLen=5"}
{"ts":"2026-04-05T23:22:21.516Z","level":"INFO","device":"291078985963","event":"SERVER_ACK","detail":"0x0200 result=OK"}
{"ts":"2026-04-05T23:22:21.526Z","level":"INFO","device":"868120100009","event":"RX_MSG","detail":"0x8001 bodyLen=5"}
{"ts":"2026-04-05T23:22:21.526Z","level":"INFO","device":"868120100009","event":"SERVER_ACK","detail":"0x0200 result=OK"}
{"ts":"2026-04-05T23:22:21.565Z","level":"INFO","device":"868120100003","event":"GPS_SENT","detail":""}
{"ts":"2026-04-05T23:22:21.581Z","level":"INFO","device":"868120100005","event":"RX_MSG","detail":"0x8001 bodyLen=5"}
{"ts":"2026-04-05T23:22:21.581Z","level":"INFO","device":"868120100005","event":"SERVER_ACK","detail":"0x0200 result=OK"}
{"ts":"2026-04-05T23:22:21.619Z","level":"INFO","device":"868120100004","event":"RX_MSG","detail":"0x8001 bodyLen=5"}
{"ts":"2026-04-05T23:22:21.620Z","level":"INFO","device":"868120100004","event":"SERVER_ACK","detail":"0x0200 result=OK"}
{"ts":"2026-04-05T23:22:21.684Z","level":"INFO","device":"868120100006","event":"RX_MSG","detail":"0x8001 bodyLen=5"}
{"ts":"2026-04-05T23:22:21.685Z","level":"INFO","device":"868120100006","event":"SERVER_ACK","detail":"0x0200 result=OK"}
{"ts":"2026-04-05T23:22:21.708Z","level":"INFO","device":"868120100002","event":"GPS_SENT","detail":""}
{"ts":"2026-04-05T23:22:21.768Z","level":"INFO","device":"868120100003","event":"RX_MSG","detail":"0x8001 bodyLen=5"}
{"ts":"2026-04-05T23:22:21.768Z","level":"INFO","device":"868120100003","event":"SERVER_ACK","detail":"0x0200 result=OK"}
{"ts":"2026-04-05T23:22:21.851Z","level":"INFO","device":"100000000010","event":"GPS_SENT","detail":""}
{"ts":"2026-04-05T23:22:21.893Z","level":"INFO","device":"868120100007","event":"GPS_SENT","detail":""}
{"ts":"2026-04-05T23:22:21.919Z","level":"INFO","device":"868120100002","event":"RX_MSG","detail":"0x8001 bodyLen=5"}
{"ts":"2026-04-05T23:22:21.919Z","level":"INFO","device":"868120100002","event":"SERVER_ACK","detail":"0x0200 result=OK"}
{"ts":"2026-04-05T23:22:21.924Z","level":"INFO","device":"868120100008","event":"GPS_SENT","detail":""}
{"ts":"2026-04-05T23:22:22.046Z","level":"INFO","device":"100000000010","event":"RX_MSG","detail":"0x8001 bodyLen=5"}
{"ts":"2026-04-05T23:22:22.046Z","level":"INFO","device":"100000000010","event":"SERVER_ACK","detail":"0x0200 result=OK"}
{"ts":"2026-04-05T23:22:22.095Z","level":"INFO","device":"868120100007","event":"RX_MSG","detail":"0x8001 bodyLen=5"}
{"ts":"2026-04-05T23:22:22.095Z","level":"INFO","device":"868120100007","event":"SERVER_ACK","detail":"0x0200 result=OK"}
{"ts":"2026-04-05T23:22:22.126Z","level":"INFO","device":"868120100008","event":"RX_MSG","detail":"0x8001 bodyLen=5"}
{"ts":"2026-04-05T23:22:22.126Z","level":"INFO","device":"868120100008","event":"SERVER_ACK","detail":"0x0200 result=OK"}
{"ts":"2026-04-05T23:22:30.491Z","level":"INFO","device":"291078985963","event":"OBD2_SENT_0x0200","detail":"Lat: 51.733827, Lng: 0.484314 | Speed: 63km/h | RPM: 3319"}
{"ts":"2026-04-05T23:22:30.577Z","level":"INFO","device":"200000000002","event":"OBD2_SENT_0x0200","detail":"Lat: 51.716678, Lng: 0.503618 | Speed: 21km/h | RPM: 1655"}
{"ts":"2026-04-05T23:22:30.685Z","level":"INFO","device":"291078985963","event":"SERVER_ACK","detail":"0x8001 Universal Reply Received"}
{"ts":"2026-04-05T23:22:30.724Z","level":"INFO","device":"200000000003","event":"OBD2_SENT_0x0200","detail":"Lat: 51.737019, Lng: 0.471469 | Speed: 28km/h | RPM: 1914"}
{"ts":"2026-04-05T23:22:30.780Z","level":"INFO","device":"200000000002","event":"SERVER_ACK","detail":"0x8001 Universal Reply Received"}
{"ts":"2026-04-05T23:22:30.879Z","level":"INFO","device":"200000000004","event":"OBD2_SENT_0x0200","detail":"Lat: 51.737738, Lng: 0.475305 | Speed: 34km/h | RPM: 2159"}
{"ts":"2026-04-05T23:22:30.935Z","level":"INFO","device":"200000000003","event":"SERVER_ACK","detail":"0x8001 Universal Reply Received"}
{"ts":"2026-04-05T23:22:31.033Z","level":"INFO","device":"200000000005","event":"OBD2_SENT_0x0200","detail":"Lat: 51.737660, Lng: 0.477961 | Speed: 36km/h | RPM: 2229"}
{"ts":"2026-04-05T23:22:31.064Z","level":"INFO","device":"200000000004","event":"SERVER_ACK","detail":"0x8001 Universal Reply Received"}
{"ts":"2026-04-05T23:22:31.176Z","level":"INFO","device":"200000000006","event":"OBD2_SENT_0x0200","detail":"Lat: 51.729964, Lng: 0.493279 | Speed: 58km/h | RPM: 3109"}
{"ts":"2026-04-05T23:22:31.234Z","level":"INFO","device":"200000000005","event":"SERVER_ACK","detail":"0x8001 Universal Reply Received"}
{"ts":"2026-04-05T23:22:31.329Z","level":"INFO","device":"200000000007","event":"OBD2_SENT_0x0200","detail":"Lat: 51.727145, Lng: 0.495427 | Speed: 67km/h | RPM: 3463"}
{"ts":"2026-04-05T23:22:31.361Z","level":"INFO","device":"200000000006","event":"SERVER_ACK","detail":"0x8001 Universal Reply Received"}
{"ts":"2026-04-05T23:22:31.482Z","level":"INFO","device":"200000000008","event":"OBD2_SENT_0x0200","detail":"Lat: 51.733359, Lng: 0.485804 | Speed: 44km/h | RPM: 2569"}
{"ts":"2026-04-05T23:22:31.515Z","level":"INFO","device":"200000000007","event":"SERVER_ACK","detail":"0x8001 Universal Reply Received"}
{"ts":"2026-04-05T23:22:31.626Z","level":"INFO","device":"200000000009","event":"OBD2_SENT_0x0200","detail":"Lat: 51.733903, Lng: 0.484143 | Speed: 54km/h | RPM: 2974"}
{"ts":"2026-04-05T23:22:31.669Z","level":"INFO","device":"200000000008","event":"SERVER_ACK","detail":"0x8001 Universal Reply Received"}
{"ts":"2026-04-05T23:22:31.780Z","level":"INFO","device":"200000000010","event":"OBD2_SENT_0x0200","detail":"Lat: 51.736144, Lng: 0.468608 | Speed: 44km/h | RPM: 2577"}
{"ts":"2026-04-05T23:22:31.836Z","level":"INFO","device":"200000000009","event":"SERVER_ACK","detail":"0x8001 Universal Reply Received"}
{"ts":"2026-04-05T23:22:31.981Z","level":"INFO","device":"200000000010","event":"SERVER_ACK","detail":"0x8001 Universal Reply Received"}
{"ts":"2026-04-05T23:22:41.310Z","level":"INFO","device":"291078985963","event":"INCIDENT_SENT","detail":"mediaId=12 alarmId=291078985963002604052322410C0200"}
{"ts":"2026-04-05T23:22:41.315Z","level":"INFO","device":"291078985963","event":"GPS_SENT","detail":""}
{"ts":"2026-04-05T23:22:41.316Z","level":"INFO","device":"868120100009","event":"INCIDENT_SENT","detail":"mediaId=12 alarmId=868120100009002604052322410C0200"}
{"ts":"2026-04-05T23:22:41.317Z","level":"INFO","device":"868120100009","event":"GPS_SENT","detail":""}
{"ts":"2026-04-05T23:22:41.377Z","level":"INFO","device":"868120100005","event":"INCIDENT_SENT","detail":"mediaId=12 alarmId=868120100005002604052322410C0200"}
{"ts":"2026-04-05T23:22:41.378Z","level":"INFO","device":"868120100005","event":"GPS_SENT","detail":""}
{"ts":"2026-04-05T23:22:41.432Z","level":"INFO","device":"868120100004","event":"INCIDENT_SENT","detail":"mediaId=12 alarmId=868120100004002604052322410C0200"}
{"ts":"2026-04-05T23:22:41.435Z","level":"INFO","device":"868120100004","event":"GPS_SENT","detail":""}
{"ts":"2026-04-05T23:22:41.480Z","level":"INFO","device":"868120100006","event":"INCIDENT_SENT","detail":"mediaId=12 alarmId=868120100006002604052322410C0200"}
{"ts":"2026-04-05T23:22:41.482Z","level":"INFO","device":"868120100006","event":"GPS_SENT","detail":""}
{"ts":"2026-04-05T23:22:41.512Z","level":"INFO","device":"291078985963","event":"RX_MSG","detail":"0x8001 bodyLen=5"}
{"ts":"2026-04-05T23:22:41.512Z","level":"INFO","device":"291078985963","event":"SERVER_ACK","detail":"0x0200 result=OK"}
{"ts":"2026-04-05T23:22:41.527Z","level":"INFO","device":"868120100009","event":"RX_MSG","detail":"0x8001 bodyLen=5"}
{"ts":"2026-04-05T23:22:41.527Z","level":"INFO","device":"868120100009","event":"SERVER_ACK","detail":"0x0200 result=OK"}
{"ts":"2026-04-05T23:22:41.563Z","level":"INFO","device":"868120100003","event":"INCIDENT_SENT","detail":"mediaId=12 alarmId=868120100003002604052322410C0200"}
{"ts":"2026-04-05T23:22:41.565Z","level":"INFO","device":"868120100003","event":"GPS_SENT","detail":""}
{"ts":"2026-04-05T23:22:41.582Z","level":"INFO","device":"868120100005","event":"RX_MSG","detail":"0x8001 bodyLen=5"}
{"ts":"2026-04-05T23:22:41.582Z","level":"INFO","device":"868120100005","event":"SERVER_ACK","detail":"0x0200 result=OK"}
{"ts":"2026-04-05T23:22:41.617Z","level":"INFO","device":"868120100004","event":"RX_MSG","detail":"0x8001 bodyLen=5"}
{"ts":"2026-04-05T23:22:41.617Z","level":"INFO","device":"868120100004","event":"SERVER_ACK","detail":"0x0200 result=OK"}
{"ts":"2026-04-05T23:22:41.682Z","level":"INFO","device":"868120100006","event":"RX_MSG","detail":"0x8001 bodyLen=5"}
{"ts":"2026-04-05T23:22:41.682Z","level":"INFO","device":"868120100006","event":"SERVER_ACK","detail":"0x0200 result=OK"}
{"ts":"2026-04-05T23:22:41.705Z","level":"INFO","device":"868120100002","event":"INCIDENT_SENT","detail":"mediaId=12 alarmId=868120100002002604052322410C0200"}
{"ts":"2026-04-05T23:22:41.710Z","level":"INFO","device":"868120100002","event":"GPS_SENT","detail":""}
{"ts":"2026-04-05T23:22:41.765Z","level":"INFO","device":"868120100003","event":"RX_MSG","detail":"0x8001 bodyLen=5"}
{"ts":"2026-04-05T23:22:41.765Z","level":"INFO","device":"868120100003","event":"SERVER_ACK","detail":"0x0200 result=OK"}
{"ts":"2026-04-05T23:22:41.824Z","level":"INFO","device":"291078985963","event":"RX_MSG","detail":"0x9208 bodyLen=81"}
{"ts":"2026-04-05T23:22:41.825Z","level":"INFO","device":"291078985963","event":"9208_RAW","detail":"0C35342E33372E3232352E36350D32000029107898596300260405231735050200323931303738393835393633303032363034303532333137333530353032303000000000000000000000000000000000"}
{"ts":"2026-04-05T23:22:41.825Z","level":"INFO","device":"291078985963","event":"UPLOAD_TRIGGERED","detail":"media: 54.37.225.65:3378 | alarmId: 29107898596300260405231735050200"}
{"ts":"2026-04-05T23:22:41.825Z","level":"INFO","device":"291078985963","event":"MEDIA_CONNECTING","detail":"54.37.225.65:3378 files=2"}
{"ts":"2026-04-05T23:22:41.825Z","level":"INFO","device":"291078985963","event":"RX_MSG","detail":"0x8001 bodyLen=5"}
{"ts":"2026-04-05T23:22:41.825Z","level":"INFO","device":"291078985963","event":"SERVER_ACK","detail":"0x0800 result=OK"}
{"ts":"2026-04-05T23:22:41.825Z","level":"INFO","device":"291078985963","event":"RX_MSG","detail":"0x8001 bodyLen=5"}
{"ts":"2026-04-05T23:22:41.825Z","level":"INFO","device":"291078985963","event":"SERVER_ACK","detail":"0x0200 result=OK"}
{"ts":"2026-04-05T23:22:41.847Z","level":"INFO","device":"100000000010","event":"INCIDENT_SENT","detail":"mediaId=12 alarmId=100000000010002604052322410C0200"}
{"ts":"2026-04-05T23:22:41.852Z","level":"INFO","device":"100000000010","event":"GPS_SENT","detail":""}
{"ts":"2026-04-05T23:22:41.864Z","level":"INFO","device":"868120100009","event":"RX_MSG","detail":"0x9208 bodyLen=81"}
{"ts":"2026-04-05T23:22:41.864Z","level":"INFO","device":"868120100009","event":"9208_RAW","detail":"0C35342E33372E3232352E36350D32000086812010000900260405231736050200383638313230313030303039303032363034303532333137333630353032303000000000000000000000000000000000"}
{"ts":"2026-04-05T23:22:41.865Z","level":"INFO","device":"868120100009","event":"UPLOAD_TRIGGERED","detail":"media: 54.37.225.65:3378 | alarmId: 86812010000900260405231736050200"}
{"ts":"2026-04-05T23:22:41.865Z","level":"INFO","device":"868120100009","event":"MEDIA_CONNECTING","detail":"54.37.225.65:3378 files=2"}
{"ts":"2026-04-05T23:22:41.865Z","level":"INFO","device":"868120100009","event":"RX_MSG","detail":"0x8001 bodyLen=5"}
{"ts":"2026-04-05T23:22:41.865Z","level":"INFO","device":"868120100009","event":"SERVER_ACK","detail":"0x0800 result=OK"}
{"ts":"2026-04-05T23:22:41.865Z","level":"INFO","device":"868120100009","event":"RX_MSG","detail":"0x8001 bodyLen=5"}
{"ts":"2026-04-05T23:22:41.865Z","level":"INFO","device":"868120100009","event":"SERVER_ACK","detail":"0x0200 result=OK"}
{"ts":"2026-04-05T23:22:41.890Z","level":"INFO","device":"868120100005","event":"RX_MSG","detail":"0x9208 bodyLen=81"}
{"ts":"2026-04-05T23:22:41.890Z","level":"INFO","device":"868120100005","event":"9208_RAW","detail":"0C35342E33372E3232352E36350D32000086812010000500260405231736050200383638313230313030303035303032363034303532333137333630353032303000000000000000000000000000000000"}
{"ts":"2026-04-05T23:22:41.890Z","level":"INFO","device":"868120100005","event":"UPLOAD_TRIGGERED","detail":"media: 54.37.225.65:3378 | alarmId: 86812010000500260405231736050200"}
{"ts":"2026-04-05T23:22:41.890Z","level":"INFO","device":"868120100005","event":"MEDIA_CONNECTING","detail":"54.37.225.65:3378 files=2"}
{"ts":"2026-04-05T23:22:41.891Z","level":"INFO","device":"868120100005","event":"RX_MSG","detail":"0x8001 bodyLen=5"}
{"ts":"2026-04-05T23:22:41.891Z","level":"INFO","device":"868120100005","event":"SERVER_ACK","detail":"0x0800 result=OK"}
{"ts":"2026-04-05T23:22:41.891Z","level":"INFO","device":"868120100005","event":"RX_MSG","detail":"0x8001 bodyLen=5"}
{"ts":"2026-04-05T23:22:41.891Z","level":"INFO","device":"868120100005","event":"SERVER_ACK","detail":"0x0200 result=OK"}
{"ts":"2026-04-05T23:22:41.893Z","level":"INFO","device":"868120100007","event":"INCIDENT_SENT","detail":"mediaId=12 alarmId=868120100007002604052322410C0200"}
{"ts":"2026-04-05T23:22:41.895Z","level":"INFO","device":"868120100007","event":"GPS_SENT","detail":""}
{"ts":"2026-04-05T23:22:41.915Z","level":"INFO","device":"868120100002","event":"RX_MSG","detail":"0x8001 bodyLen=5"}
{"ts":"2026-04-05T23:22:41.915Z","level":"INFO","device":"868120100002","event":"SERVER_ACK","detail":"0x0200 result=OK"}
{"ts":"2026-04-05T23:22:41.923Z","level":"INFO","device":"868120100008","event":"INCIDENT_SENT","detail":"mediaId=12 alarmId=868120100008002604052322410C0200"}
{"ts":"2026-04-05T23:22:41.924Z","level":"INFO","device":"868120100008","event":"GPS_SENT","detail":""}
{"ts":"2026-04-05T23:22:41.935Z","level":"INFO","device":"868120100004","event":"RX_MSG","detail":"0x9208 bodyLen=81"}
{"ts":"2026-04-05T23:22:41.935Z","level":"INFO","device":"868120100004","event":"9208_RAW","detail":"0C35342E33372E3232352E36350D32000086812010000400260405231736050200383638313230313030303034303032363034303532333137333630353032303000000000000000000000000000000000"}
{"ts":"2026-04-05T23:22:41.935Z","level":"INFO","device":"868120100004","event":"UPLOAD_TRIGGERED","detail":"media: 54.37.225.65:3378 | alarmId: 86812010000400260405231736050200"}
{"ts":"2026-04-05T23:22:41.935Z","level":"INFO","device":"868120100004","event":"MEDIA_CONNECTING","detail":"54.37.225.65:3378 files=2"}
{"ts":"2026-04-05T23:22:41.936Z","level":"INFO","device":"868120100004","event":"RX_MSG","detail":"0x8001 bodyLen=5"}
{"ts":"2026-04-05T23:22:41.936Z","level":"INFO","device":"868120100004","event":"SERVER_ACK","detail":"0x0800 result=OK"}
{"ts":"2026-04-05T23:22:41.936Z","level":"INFO","device":"868120100004","event":"RX_MSG","detail":"0x8001 bodyLen=5"}
{"ts":"2026-04-05T23:22:41.936Z","level":"INFO","device":"868120100004","event":"SERVER_ACK","detail":"0x0200 result=OK"}
{"ts":"2026-04-05T23:22:42.011Z","level":"INFO","device":"868120100006","event":"RX_MSG","detail":"0x9208 bodyLen=81"}
{"ts":"2026-04-05T23:22:42.012Z","level":"INFO","device":"868120100006","event":"9208_RAW","detail":"0C35342E33372E3232352E36350D32000086812010000600260405231736050200383638313230313030303036303032363034303532333137333630353032303000000000000000000000000000000000"}
{"ts":"2026-04-05T23:22:42.012Z","level":"INFO","device":"868120100006","event":"UPLOAD_TRIGGERED","detail":"media: 54.37.225.65:3378 | alarmId: 86812010000600260405231736050200"}
{"ts":"2026-04-05T23:22:42.012Z","level":"INFO","device":"868120100006","event":"MEDIA_CONNECTING","detail":"54.37.225.65:3378 files=2"}
{"ts":"2026-04-05T23:22:42.012Z","level":"INFO","device":"868120100006","event":"RX_MSG","detail":"0x8001 bodyLen=5"}
{"ts":"2026-04-05T23:22:42.012Z","level":"INFO","device":"868120100006","event":"SERVER_ACK","detail":"0x0800 result=OK"}
{"ts":"2026-04-05T23:22:42.012Z","level":"INFO","device":"868120100006","event":"RX_MSG","detail":"0x8001 bodyLen=5"}
{"ts":"2026-04-05T23:22:42.012Z","level":"INFO","device":"868120100006","event":"SERVER_ACK","detail":"0x0200 result=OK"}
{"ts":"2026-04-05T23:22:42.026Z","level":"INFO","device":"291078985963","event":"MEDIA_CONNECTED","detail":"54.37.225.65:3378"}
{"ts":"2026-04-05T23:22:42.027Z","level":"INFO","device":"291078985963","event":"FILE_START","detail":"[1/2] 00_64_6401_00_29107898596300260405231735050200.jpg (215 bytes)"}
{"ts":"2026-04-05T23:22:42.027Z","level":"INFO","device":"291078985963","event":"SENT_1210","detail":"00_64_6401_00_29107898596300260405231735050200.jpg"}
{"ts":"2026-04-05T23:22:42.044Z","level":"INFO","device":"100000000010","event":"RX_MSG","detail":"0x8001 bodyLen=5"}
{"ts":"2026-04-05T23:22:42.044Z","level":"INFO","device":"100000000010","event":"SERVER_ACK","detail":"0x0200 result=OK"}
{"ts":"2026-04-05T23:22:42.079Z","level":"INFO","device":"868120100003","event":"RX_MSG","detail":"0x9208 bodyLen=81"}
{"ts":"2026-04-05T23:22:42.079Z","level":"INFO","device":"868120100003","event":"9208_RAW","detail":"0C35342E33372E3232352E36350D32000086812010000300260405231735050200383638313230313030303033303032363034303532333137333530353032303000000000000000000000000000000000"}
{"ts":"2026-04-05T23:22:42.079Z","level":"INFO","device":"868120100003","event":"UPLOAD_TRIGGERED","detail":"media: 54.37.225.65:3378 | alarmId: 86812010000300260405231735050200"}
{"ts":"2026-04-05T23:22:42.079Z","level":"INFO","device":"868120100003","event":"MEDIA_CONNECTING","detail":"54.37.225.65:3378 files=2"}
{"ts":"2026-04-05T23:22:42.079Z","level":"INFO","device":"868120100003","event":"RX_MSG","detail":"0x8001 bodyLen=5"}
{"ts":"2026-04-05T23:22:42.079Z","level":"INFO","device":"868120100003","event":"SERVER_ACK","detail":"0x0800 result=OK"}
{"ts":"2026-04-05T23:22:42.079Z","level":"INFO","device":"868120100003","event":"RX_MSG","detail":"0x8001 bodyLen=5"}
{"ts":"2026-04-05T23:22:42.079Z","level":"INFO","device":"868120100003","event":"SERVER_ACK","detail":"0x0200 result=OK"}
{"ts":"2026-04-05T23:22:42.079Z","level":"INFO","device":"868120100009","event":"MEDIA_CONNECTED","detail":"54.37.225.65:3378"}
{"ts":"2026-04-05T23:22:42.079Z","level":"INFO","device":"868120100009","event":"FILE_START","detail":"[1/2] 00_64_6401_00_86812010000900260405231736050200.jpg (215 bytes)"}
{"ts":"2026-04-05T23:22:42.079Z","level":"INFO","device":"868120100009","event":"SENT_1210","detail":"00_64_6401_00_86812010000900260405231736050200.jpg"}
{"ts":"2026-04-05T23:22:42.094Z","level":"INFO","device":"868120100007","event":"RX_MSG","detail":"0x8001 bodyLen=5"}
{"ts":"2026-04-05T23:22:42.096Z","level":"INFO","device":"868120100007","event":"SERVER_ACK","detail":"0x0200 result=OK"}
{"ts":"2026-04-05T23:22:42.100Z","level":"INFO","device":"868120100005","event":"MEDIA_CONNECTED","detail":"54.37.225.65:3378"}
{"ts":"2026-04-05T23:22:42.100Z","level":"INFO","device":"868120100005","event":"FILE_START","detail":"[1/2] 00_64_6401_00_86812010000500260405231736050200.jpg (215 bytes)"}
{"ts":"2026-04-05T23:22:42.101Z","level":"INFO","device":"868120100005","event":"SENT_1210","detail":"00_64_6401_00_86812010000500260405231736050200.jpg"}
{"ts":"2026-04-05T23:22:42.120Z","level":"INFO","device":"868120100004","event":"MEDIA_CONNECTED","detail":"54.37.225.65:3378"}
{"ts":"2026-04-05T23:22:42.120Z","level":"INFO","device":"868120100004","event":"FILE_START","detail":"[1/2] 00_64_6401_00_86812010000400260405231736050200.jpg (215 bytes)"}
{"ts":"2026-04-05T23:22:42.120Z","level":"INFO","device":"868120100004","event":"SENT_1210","detail":"00_64_6401_00_86812010000400260405231736050200.jpg"}
{"ts":"2026-04-05T23:22:42.125Z","level":"INFO","device":"868120100008","event":"RX_MSG","detail":"0x8001 bodyLen=5"}
{"ts":"2026-04-05T23:22:42.125Z","level":"INFO","device":"868120100008","event":"SERVER_ACK","detail":"0x0200 result=OK"}
{"ts":"2026-04-05T23:22:42.127Z","level":"INFO","device":"291078985963","event":"SENT_1212","detail":"00_64_6401_00_29107898596300260405231735050200.jpg"}
{"ts":"2026-04-05T23:22:42.179Z","level":"INFO","device":"868120100009","event":"SENT_1212","detail":"00_64_6401_00_86812010000900260405231736050200.jpg"}
{"ts":"2026-04-05T23:22:42.200Z","level":"INFO","device":"868120100005","event":"SENT_1212","detail":"00_64_6401_00_86812010000500260405231736050200.jpg"}
{"ts":"2026-04-05T23:22:42.213Z","level":"INFO","device":"868120100006","event":"MEDIA_CONNECTED","detail":"54.37.225.65:3378"}
{"ts":"2026-04-05T23:22:42.213Z","level":"INFO","device":"868120100006","event":"FILE_START","detail":"[1/2] 00_64_6401_00_86812010000600260405231736050200.jpg (215 bytes)"}
{"ts":"2026-04-05T23:22:42.213Z","level":"INFO","device":"868120100006","event":"SENT_1210","detail":"00_64_6401_00_86812010000600260405231736050200.jpg"}
{"ts":"2026-04-05T23:22:42.221Z","level":"INFO","device":"868120100004","event":"SENT_1212","detail":"00_64_6401_00_86812010000400260405231736050200.jpg"}
{"ts":"2026-04-05T23:22:42.229Z","level":"INFO","device":"291078985963","event":"MEDIA_RX","detail":"7E 80 01 00 05 29 10 78 98 59 63 5A 75 00 00 12 10 00 4A 7E"}
{"ts":"2026-04-05T23:22:42.237Z","level":"INFO","device":"868120100002","event":"RX_MSG","detail":"0x9208 bodyLen=81"}
{"ts":"2026-04-05T23:22:42.237Z","level":"INFO","device":"868120100002","event":"9208_RAW","detail":"0C35342E33372E3232352E36350D32000086812010000200260405231735050200383638313230313030303032303032363034303532333137333530353032303000000000000000000000000000000000"}
{"ts":"2026-04-05T23:22:42.237Z","level":"INFO","device":"868120100002","event":"UPLOAD_TRIGGERED","detail":"media: 54.37.225.65:3378 | alarmId: 86812010000200260405231735050200"}
{"ts":"2026-04-05T23:22:42.237Z","level":"INFO","device":"868120100002","event":"MEDIA_CONNECTING","detail":"54.37.225.65:3378 files=2"}
{"ts":"2026-04-05T23:22:42.237Z","level":"INFO","device":"868120100002","event":"RX_MSG","detail":"0x8001 bodyLen=5"}
{"ts":"2026-04-05T23:22:42.237Z","level":"INFO","device":"868120100002","event":"SERVER_ACK","detail":"0x0800 result=OK"}
{"ts":"2026-04-05T23:22:42.237Z","level":"INFO","device":"868120100002","event":"RX_MSG","detail":"0x8001 bodyLen=5"}
{"ts":"2026-04-05T23:22:42.237Z","level":"INFO","device":"868120100002","event":"SERVER_ACK","detail":"0x0200 result=OK"}
{"ts":"2026-04-05T23:22:42.274Z","level":"INFO","device":"868120100003","event":"MEDIA_CONNECTED","detail":"54.37.225.65:3378"}
{"ts":"2026-04-05T23:22:42.275Z","level":"INFO","device":"868120100003","event":"FILE_START","detail":"[1/2] 00_64_6401_00_86812010000300260405231735050200.jpg (215 bytes)"}
{"ts":"2026-04-05T23:22:42.275Z","level":"INFO","device":"868120100003","event":"SENT_1210","detail":"00_64_6401_00_86812010000300260405231735050200.jpg"}
{"ts":"2026-04-05T23:22:42.290Z","level":"INFO","device":"868120100009","event":"MEDIA_RX","detail":"7E 80 01 00 05 86 81 20 10 00 09 00 A7 00 00 12 10 00 1F 7E"}
{"ts":"2026-04-05T23:22:42.306Z","level":"INFO","device":"868120100004","event":"MEDIA_RX","detail":"7E 80 01 00 05 86 81 20 10 00 04 08 89 00 00 12 10 00 34 7E"}
{"ts":"2026-04-05T23:22:42.312Z","level":"INFO","device":"868120100005","event":"MEDIA_RX","detail":"7E 80 01 00 05 86 81 20 10 00 05 0E E7 00 00 12 10 00 5D 7E"}
{"ts":"2026-04-05T23:22:42.314Z","level":"INFO","device":"868120100006","event":"SENT_1212","detail":"00_64_6401_00_86812010000600260405231736050200.jpg"}
{"ts":"2026-04-05T23:22:42.346Z","level":"INFO","device":"100000000010","event":"RX_MSG","detail":"0x9208 bodyLen=81"}
{"ts":"2026-04-05T23:22:42.346Z","level":"INFO","device":"100000000010","event":"9208_RAW","detail":"0C35342E33372E3232352E36350D32000010000000001000260405231736050200313030303030303030303130303032363034303532333137333630353032303000000000000000000000000000000000"}
{"ts":"2026-04-05T23:22:42.346Z","level":"INFO","device":"100000000010","event":"UPLOAD_TRIGGERED","detail":"media: 54.37.225.65:3378 | alarmId: 10000000001000260405231736050200"}
{"ts":"2026-04-05T23:22:42.346Z","level":"INFO","device":"100000000010","event":"MEDIA_CONNECTING","detail":"54.37.225.65:3378 files=2"}
{"ts":"2026-04-05T23:22:42.346Z","level":"INFO","device":"100000000010","event":"RX_MSG","detail":"0x8001 bodyLen=5"}
{"ts":"2026-04-05T23:22:42.346Z","level":"INFO","device":"100000000010","event":"SERVER_ACK","detail":"0x0800 result=OK"}
{"ts":"2026-04-05T23:22:42.346Z","level":"INFO","device":"100000000010","event":"RX_MSG","detail":"0x8001 bodyLen=5"}
{"ts":"2026-04-05T23:22:42.346Z","level":"INFO","device":"100000000010","event":"SERVER_ACK","detail":"0x0200 result=OK"}
{"ts":"2026-04-05T23:22:42.376Z","level":"INFO","device":"868120100003","event":"SENT_1212","detail":"00_64_6401_00_86812010000300260405231735050200.jpg"}
{"ts":"2026-04-05T23:22:42.415Z","level":"INFO","device":"868120100006","event":"MEDIA_RX","detail":"7E 80 01 00 05 86 81 20 10 00 06 3A 7D 02 00 00 12 10 00 F3 7E"}
{"ts":"2026-04-05T23:22:42.416Z","level":"INFO","device":"868120100007","event":"RX_MSG","detail":"0x9208 bodyLen=81"}
{"ts":"2026-04-05T23:22:42.416Z","level":"INFO","device":"868120100007","event":"9208_RAW","detail":"0C35342E33372E3232352E36350D32000086812010000700260405231736050200383638313230313030303037303032363034303532333137333630353032303000000000000000000000000000000000"}
{"ts":"2026-04-05T23:22:42.416Z","level":"INFO","device":"868120100007","event":"UPLOAD_TRIGGERED","detail":"media: 54.37.225.65:3378 | alarmId: 86812010000700260405231736050200"}
{"ts":"2026-04-05T23:22:42.416Z","level":"INFO","device":"868120100007","event":"MEDIA_CONNECTING","detail":"54.37.225.65:3378 files=2"}
{"ts":"2026-04-05T23:22:42.416Z","level":"INFO","device":"868120100007","event":"RX_MSG","detail":"0x8001 bodyLen=5"}
{"ts":"2026-04-05T23:22:42.416Z","level":"INFO","device":"868120100007","event":"SERVER_ACK","detail":"0x0800 result=OK"}
{"ts":"2026-04-05T23:22:42.416Z","level":"INFO","device":"868120100007","event":"RX_MSG","detail":"0x8001 bodyLen=5"}
{"ts":"2026-04-05T23:22:42.416Z","level":"INFO","device":"868120100007","event":"SERVER_ACK","detail":"0x0200 result=OK"}
{"ts":"2026-04-05T23:22:42.428Z","level":"INFO","device":"291078985963","event":"FILE_START","detail":"[2/2] 02_64_6401_03_29107898596300260405231735050200.mp4 (65536 bytes)"}
{"ts":"2026-04-05T23:22:42.428Z","level":"INFO","device":"291078985963","event":"SENT_1210","detail":"02_64_6401_03_29107898596300260405231735050200.mp4"}
{"ts":"2026-04-05T23:22:42.428Z","level":"INFO","device":"291078985963","event":"MEDIA_RX","detail":"7E 80 01 00 05 29 10 78 98 59 63 90 35 00 01 12 11 00 C0 7E 7E 92 12 00 36 29 10 78 98 59 63 BC 4B 32 30 30 5F 36 34 5F 36 34 30 31 5F 30 30 5F 32 39 31 30 37 38 39 38 35 39 36 33 30 30 32 36 30 34 30 35 32 33 31 37 33 35 30 35 30 32 30 30 2E 6A 70 67 00 00 00 CC 7E"}
{"ts":"2026-04-05T23:22:42.446Z","level":"INFO","device":"868120100008","event":"RX_MSG","detail":"0x9208 bodyLen=81"}
{"ts":"2026-04-05T23:22:42.446Z","level":"INFO","device":"868120100008","event":"9208_RAW","detail":"0C35342E33372E3232352E36350D32000086812010000800260405231736050200383638313230313030303038303032363034303532333137333630353032303000000000000000000000000000000000"}
{"ts":"2026-04-05T23:22:42.447Z","level":"INFO","device":"868120100008","event":"UPLOAD_TRIGGERED","detail":"media: 54.37.225.65:3378 | alarmId: 86812010000800260405231736050200"}
{"ts":"2026-04-05T23:22:42.447Z","level":"INFO","device":"868120100008","event":"MEDIA_CONNECTING","detail":"54.37.225.65:3378 files=2"}
{"ts":"2026-04-05T23:22:42.447Z","level":"INFO","device":"868120100008","event":"RX_MSG","detail":"0x8001 bodyLen=5"}
{"ts":"2026-04-05T23:22:42.447Z","level":"INFO","device":"868120100008","event":"SERVER_ACK","detail":"0x0800 result=OK"}
{"ts":"2026-04-05T23:22:42.447Z","level":"INFO","device":"868120100008","event":"RX_MSG","detail":"0x8001 bodyLen=5"}
{"ts":"2026-04-05T23:22:42.447Z","level":"INFO","device":"868120100008","event":"SERVER_ACK","detail":"0x0200 result=OK"}
{"ts":"2026-04-05T23:22:42.447Z","level":"INFO","device":"868120100002","event":"MEDIA_CONNECTED","detail":"54.37.225.65:3378"}
{"ts":"2026-04-05T23:22:42.447Z","level":"INFO","device":"868120100002","event":"FILE_START","detail":"[1/2] 00_64_6401_00_86812010000200260405231735050200.jpg (215 bytes)"}
{"ts":"2026-04-05T23:22:42.447Z","level":"INFO","device":"868120100002","event":"SENT_1210","detail":"00_64_6401_00_86812010000200260405231735050200.jpg"}
{"ts":"2026-04-05T23:22:42.470Z","level":"INFO","device":"868120100003","event":"MEDIA_RX","detail":"7E 80 01 00 05 86 81 20 10 00 03 81 36 00 00 12 10 00 05 7E"}
{"ts":"2026-04-05T23:22:42.480Z","level":"INFO","device":"868120100009","event":"FILE_START","detail":"[2/2] 02_64_6401_03_86812010000900260405231736050200.mp4 (65536 bytes)"}
{"ts":"2026-04-05T23:22:42.480Z","level":"INFO","device":"868120100009","event":"SENT_1210","detail":"02_64_6401_03_86812010000900260405231736050200.mp4"}
{"ts":"2026-04-05T23:22:42.488Z","level":"INFO","device":"868120100004","event":"MEDIA_RX","detail":"7E 80 01 00 05 86 81 20 10 00 04 32 ED 00 01 12 11 00 6A 7E 7E 92 12 00 36 86 81 20 10 00 04 7F 68 32 30 30 5F 36 34 5F 36 34 30 31 5F 30 30 5F 38 36 38 31 32 30 31 30 30 30 30 34 30 30 32 36 30 34 30 35 32 33 31 37 33 36 30 35 30 32 30 30 2E 6A 70 67 00 00 00 F2 7E"}
{"ts":"2026-04-05T23:22:42.499Z","level":"INFO","device":"868120100009","event":"MEDIA_RX","detail":"7E 80 01 00 05 86 81 20 10 00 09 53 8C 00 01 12 11 00 67 7E 7E 92 12 00 36 86 81 20 10 00 09 68 DC 32 30 30 5F 36 34 5F 36 34 30 31 5F 30 30 5F 38 36 38 31 32 30 31 30 30 30 30 39 30 30 32 36 30 34 30 35 32 33 31 37 33 36 30 35 30 32 30 30 2E 6A 70 67 00 00 00 51 7E"}
{"ts":"2026-04-05T23:22:42.500Z","level":"INFO","device":"868120100005","event":"FILE_START","detail":"[2/2] 02_64_6401_03_86812010000500260405231736050200.mp4 (65536 bytes)"}
{"ts":"2026-04-05T23:22:42.500Z","level":"INFO","device":"868120100005","event":"SENT_1210","detail":"02_64_6401_03_86812010000500260405231736050200.mp4"}
{"ts":"2026-04-05T23:22:42.520Z","level":"INFO","device":"868120100005","event":"MEDIA_RX","detail":"7E 80 01 00 05 86 81 20 10 00 05 03 11 00 01 12 11 00 A6 7E 7E 92 12 00 36 86 81 20 10 00 05 0B 8D 32 30 30 5F 36 34 5F 36 34 30 31 5F 30 30 5F 38 36 38 31 32 30 31 30 30 30 30 35 30 30 32 36 30 34 30 35 32 33 31 37 33 36 30 35 30 32 30 30 2E 6A 70 67 00 00 00 63 7E"}
{"ts":"2026-04-05T23:22:42.522Z","level":"INFO","device":"868120100004","event":"FILE_START","detail":"[2/2] 02_64_6401_03_86812010000400260405231736050200.mp4 (65536 bytes)"}
{"ts":"2026-04-05T23:22:42.523Z","level":"INFO","device":"868120100004","event":"SENT_1210","detail":"02_64_6401_03_86812010000400260405231736050200.mp4"}
{"ts":"2026-04-05T23:22:42.533Z","level":"INFO","device":"291078985963","event":"SENT_1212","detail":"02_64_6401_03_29107898596300260405231735050200.mp4"}
{"ts":"2026-04-05T23:22:42.533Z","level":"INFO","device":"100000000010","event":"MEDIA_CONNECTED","detail":"54.37.225.65:3378"}
{"ts":"2026-04-05T23:22:42.533Z","level":"INFO","device":"100000000010","event":"FILE_START","detail":"[1/2] 00_64_6401_00_10000000001000260405231736050200.jpg (215 bytes)"}
{"ts":"2026-04-05T23:22:42.533Z","level":"INFO","device":"100000000010","event":"SENT_1210","detail":"00_64_6401_00_10000000001000260405231736050200.jpg"}
{"ts":"2026-04-05T23:22:42.547Z","level":"INFO","device":"868120100002","event":"SENT_1212","detail":"00_64_6401_00_86812010000200260405231735050200.jpg"}
{"ts":"2026-04-05T23:22:42.583Z","level":"INFO","device":"868120100009","event":"SENT_1212","detail":"02_64_6401_03_86812010000900260405231736050200.mp4"}
{"ts":"2026-04-05T23:22:42.605Z","level":"INFO","device":"868120100005","event":"SENT_1212","detail":"02_64_6401_03_86812010000500260405231736050200.mp4"}
{"ts":"2026-04-05T23:22:42.615Z","level":"INFO","device":"868120100006","event":"MEDIA_RX","detail":"7E 80 01 00 05 86 81 20 10 00 06 AF E4 00 01 12 11 00 FC 7E 7E 92 12 00 36 86 81 20 10 00 06 C4 62 32 30 30 5F 36 34 5F 36 34 30 31 5F 30 30 5F 38 36 38 31 32 30 31 30 30 30 30 36 30 30 32 36 30 34 30 35 32 33 31 37 33 36 30 35 30 32 30 30 2E 6A 70 67 00 00 00 43 7E"}
{"ts":"2026-04-05T23:22:42.615Z","level":"INFO","device":"868120100006","event":"FILE_START","detail":"[2/2] 02_64_6401_03_86812010000600260405231736050200.mp4 (65536 bytes)"}
{"ts":"2026-04-05T23:22:42.615Z","level":"INFO","device":"868120100006","event":"SENT_1210","detail":"02_64_6401_03_86812010000600260405231736050200.mp4"}
{"ts":"2026-04-05T23:22:42.619Z","level":"INFO","device":"868120100007","event":"MEDIA_CONNECTED","detail":"54.37.225.65:3378"}
{"ts":"2026-04-05T23:22:42.619Z","level":"INFO","device":"868120100007","event":"FILE_START","detail":"[1/2] 00_64_6401_00_86812010000700260405231736050200.jpg (215 bytes)"}
{"ts":"2026-04-05T23:22:42.619Z","level":"INFO","device":"868120100007","event":"SENT_1210","detail":"00_64_6401_00_86812010000700260405231736050200.jpg"}
{"ts":"2026-04-05T23:22:42.630Z","level":"INFO","device":"868120100004","event":"SENT_1212","detail":"02_64_6401_03_86812010000400260405231736050200.mp4"}
{"ts":"2026-04-05T23:22:42.630Z","level":"INFO","device":"291078985963","event":"MEDIA_RX","detail":"7E 80 01 00 05 29 10 78 98 59 63 5B 64 00 03 12 10 00 59 7E"}
{"ts":"2026-04-05T23:22:42.633Z","level":"INFO","device":"100000000010","event":"SENT_1212","detail":"00_64_6401_00_10000000001000260405231736050200.jpg"}
{"ts":"2026-04-05T23:22:42.648Z","level":"INFO","device":"868120100008","event":"MEDIA_CONNECTED","detail":"54.37.225.65:3378"}
{"ts":"2026-04-05T23:22:42.648Z","level":"INFO","device":"868120100008","event":"FILE_START","detail":"[1/2] 00_64_6401_00_86812010000800260405231736050200.jpg (215 bytes)"}
{"ts":"2026-04-05T23:22:42.648Z","level":"INFO","device":"868120100008","event":"SENT_1210","detail":"00_64_6401_00_86812010000800260405231736050200.jpg"}
{"ts":"2026-04-05T23:22:42.659Z","level":"INFO","device":"868120100002","event":"MEDIA_RX","detail":"7E 80 01 00 05 86 81 20 10 00 02 13 6F 00 00 12 10 00 CF 7E"}
{"ts":"2026-04-05T23:22:42.662Z","level":"INFO","device":"868120100003","event":"MEDIA_RX","detail":"7E 80 01 00 05 86 81 20 10 00 03 DF 6A 00 01 12 11 00 07 7E 7E 92 12 00 36 86 81 20 10 00 03 B7 2B 32 30 30 5F 36 34 5F 36 34 30 31 5F 30 30 5F 38 36 38 31 32 30 31 30 30 30 30 33 30 30 32 36 30 34 30 35 32 33 31 37 33 35 30 35 30 32 30 30 2E 6A 70 67 00 00 00 7A 7E"}
{"ts":"2026-04-05T23:22:42.677Z","level":"INFO","device":"868120100003","event":"FILE_START","detail":"[2/2] 02_64_6401_03_86812010000300260405231735050200.mp4 (65536 bytes)"}
{"ts":"2026-04-05T23:22:42.677Z","level":"INFO","device":"868120100003","event":"SENT_1210","detail":"02_64_6401_03_86812010000300260405231735050200.mp4"}
{"ts":"2026-04-05T23:22:42.711Z","level":"INFO","device":"868120100004","event":"MEDIA_RX","detail":"7E 80 01 00 05 86 81 20 10 00 04 4A 83 00 03 12 10 00 7F 7E"}
{"ts":"2026-04-05T23:22:42.719Z","level":"INFO","device":"868120100006","event":"SENT_1212","detail":"02_64_6401_03_86812010000600260405231736050200.mp4"}
{"ts":"2026-04-05T23:22:42.720Z","level":"INFO","device":"868120100007","event":"SENT_1212","detail":"00_64_6401_00_86812010000700260405231736050200.jpg"}
{"ts":"2026-04-05T23:22:42.723Z","level":"INFO","device":"100000000010","event":"MEDIA_RX","detail":"7E 80 01 00 05 10 00 00 00 00 10 83 89 00 00 12 10 00 8C 7E"}
{"ts":"2026-04-05T23:22:42.748Z","level":"INFO","device":"868120100008","event":"SENT_1212","detail":"00_64_6401_00_86812010000800260405231736050200.jpg"}
{"ts":"2026-04-05T23:22:42.783Z","level":"INFO","device":"868120100003","event":"SENT_1212","detail":"02_64_6401_03_86812010000300260405231735050200.mp4"}
{"ts":"2026-04-05T23:22:42.790Z","level":"INFO","device":"868120100009","event":"MEDIA_RX","detail":"7E 80 01 00 05 86 81 20 10 00 09 2E FC 00 03 12 10 00 69 7E"}
{"ts":"2026-04-05T23:22:42.811Z","level":"INFO","device":"868120100005","event":"MEDIA_RX","detail":"7E 80 01 00 05 86 81 20 10 00 05 6B 4D 00 03 12 10 00 91 7E"}
{"ts":"2026-04-05T23:22:42.817Z","level":"INFO","device":"868120100006","event":"MEDIA_RX","detail":"7E 80 01 00 05 86 81 20 10 00 06 C8 54 00 03 12 10 00 28 7E"}
{"ts":"2026-04-05T23:22:42.823Z","level":"INFO","device":"868120100007","event":"MEDIA_RX","detail":"7E 80 01 00 05 86 81 20 10 00 07 C2 31 00 00 12 10 00 45 7E"}
{"ts":"2026-04-05T23:22:42.829Z","level":"INFO","device":"291078985963","event":"MEDIA_RX","detail":"7E 80 01 00 05 29 10 78 98 59 63 A9 51 00 04 12 11 00 98 7E 7E 80 01 00 05 29 10 78 98 59 63 66 89 00 05 12 11 00 8E 7E 7E 80 01 00 05 29 10 78 98 59 63 DA 05 00 06 12 11 00 BD 7E 7E 80 01 00 05 29 10 78 98 59 63 7D 02 98 00 07 12 11 00 85 7E 7E 80 01 00 05 29 10 78 98 59 63 83 14 00 08 12 11 00 FB 7E 7E 80 01 00 05 29 10 78 98 59 63 0C 62 00 09 12 11 00 03 7E 7E 80 01 00 05 29 10 78 98 59 63 5B 04 00 0A 12 11 00 31 7E 7E 80 01 00 05 29 10 78 98 59 63 1F 2D 00 0B 12 11 00 5D 7E 7E 80 01 00 05 29 10 78 98 59 63 7A E5 00 0C 12 11 00 F7 7E 7E 80 01 00 05 29 10 78 98 59 63 D5 AF 00 0D 12 11 00 13 7E 7E 80 01 00 05 29 10 78 98 59 63 C2 32 00 0E 12 11 00 9A 7E 7E 80 01 00 05 29 10 78 98 59 63 1A 02 00 0F 12 11 00 73 7E 7E 80 01 00 05 29 10 78 98 59 63 F9 38 00 10 12 11 00 B5 7E 7E 80 01 00 05 29 10 78 98 59 63 E6 6B 00 11 12 11 00 F8 7E 7E 80 01 00 05 29 10 78 98 59 63 9F C6 00 12 12 11 00 2F 7E 7E 80 01 00 05 29 10 78 98 59 63 41 5B 00 13 12 11 00 6D 7E 7E 80 01 00 05 29 10 78 98 59 63 E4 02 00 14 12 11 00 96 7E 7E 80 01 00 05 29 10 78 98 59 63 92 38 00 15 12 11 00 DB 7E 7E 80 01 00 05 29 10 78 98 59 63 D8 C2 00 16 12 11 00 68 7E 7E 80 01 00 05 29 10 78 98 59 63 5D 72 00 17 12 11 00 5C 7E 7E 80 01 00 05 29 10 78 98 59 63 7D 01 8A 00 18 12 11 00 8B 7E 7E 80 01 00 05 29 10 78 98 59 63 30 96 00 19 12 11 00 DB 7E 7E 80 01 00 05 29 10 78 98 59 63 65 76 00 1A 12 11 00 6D 7E 7E 80 01 00 05 29 10 78 98 59 63 5E 13 00 1B 12 11 00 32 7E 7E 80 01 00 05 29 10 78 98 59 63 EC F0 00 1C 12 11 00 64 7E 7E 80 01 00 05 29 10 78 98 59 63 6C 49 00 1D 12 11 00 5C 7E 7E 80 01 00 05 29 10 78 98 59 63 BC BD 00 1E 12 11 00 7B 7E 7E 80 01 00 05 29 10 78 98 59 63 1C 7D 01 00 1F 12 11 00 1A 7E 7E 80 01 00 05 29 10 78 98 59 63 39 95 00 20 12 11 00 E8 7E 7E 80 01 00 05 29 10 78 98 59 63 2D 9B 00 21 12 11 00 F3 7E 7E 80 01 00 05 29 10 78 98 59 63 60 2F 00 22 12 11 00 09 7E 7E 80 01 00 05 29 10 78 98 59 63 57 BA 00 23 12 11 00 AA 7E 7E 80 01 00 05 29 10 78 98 59 63 37 0C 00 24 12 11 00 7B 7E"}
{"ts":"2026-04-05T23:22:42.833Z","level":"INFO","device":"291078985963","event":"BATCH_COMPLETE","detail":"All 2 files sent"}
{"ts":"2026-04-05T23:22:42.847Z","level":"INFO","device":"868120100002","event":"FILE_START","detail":"[2/2] 02_64_6401_03_86812010000200260405231735050200.mp4 (65536 bytes)"}
{"ts":"2026-04-05T23:22:42.848Z","level":"INFO","device":"868120100002","event":"SENT_1210","detail":"02_64_6401_03_86812010000200260405231735050200.mp4"}
{"ts":"2026-04-05T23:22:42.850Z","level":"INFO","device":"868120100008","event":"MEDIA_RX","detail":"7E 80 01 00 05 86 81 20 10 00 08 11 3C 00 00 12 10 00 94 7E"}
{"ts":"2026-04-05T23:22:42.866Z","level":"INFO","device":"868120100002","event":"MEDIA_RX","detail":"7E 80 01 00 05 86 81 20 10 00 02 C9 34 00 01 12 11 00 4E 7E 7E 92 12 00 36 86 81 20 10 00 02 BA 5C 32 30 30 5F 36 34 5F 36 34 30 31 5F 30 30 5F 38 36 38 31 32 30 31 30 30 30 30 32 30 30 32 36 30 34 30 35 32 33 31 37 33 35 30 35 30 32 30 30 2E 6A 70 67 00 00 00 00 7E"}
{"ts":"2026-04-05T23:22:42.875Z","level":"INFO","device":"868120100003","event":"MEDIA_RX","detail":"7E 80 01 00 05 86 81 20 10 00 03 68 B1 00 03 12 10 00 68 7E"}
{"ts":"2026-04-05T23:22:42.883Z","level":"INFO","device":"868120100009","event":"BATCH_COMPLETE","detail":"All 2 files sent"}
{"ts":"2026-04-05T23:22:42.894Z","level":"INFO","device":"868120100004","event":"MEDIA_RX","detail":"7E 80 01 00 05 86 81 20 10 00 04 CB 98 00 04 12 11 00 E3 7E 7E 80 01 00 05 86 81 20 10 00 04 1A 17 00 05 12 11 00 BC 7E 7E 80 01 00 05 86 81 20 10 00 04 AE 3C 00 06 12 11 00 20 7E 7E 80 01 00 05 86 81 20 10 00 04 64 00 00 07 12 11 00 D7 7E 7E 80 01 00 05 86 81 20 10 00 04 1E 22 00 08 12 11 00 80 7E 7E 80 01 00 05 86 81 20 10 00 04 9B AE 00 09 12 11 00 88 7E 7E 80 01 00 05 86 81 20 10 00 04 4F A1 00 0A 12 11 00 50 7E 7E 80 01 00 05 86 81 20 10 00 04 B7 BA 00 0B 12 11 00 B2 7E 7E 80 01 00 05 86 81 20 10 00 04 72 7A 00 0C 12 11 00 B0 7E 7E 80 01 00 05 86 81 20 10 00 04 EB A3 00 0D 12 11 00 F1 7E 7E 80 01 00 05 86 81 20 10 00 04 82 BD 00 0E 12 11 00 85 7E 7E 80 01 00 05 86 81 20 10 00 04 9A 99 00 0F 12 11 00 B8 7E 7E 80 01 00 05 86 81 20 10 00 04 45 53 00 10 12 11 00 B2 7E 7E 80 01 00 05 86 81 20 10 00 04 B2 59 00 11 12 11 00 4E 7E 7E 80 01 00 05 86 81 20 10 00 04 A6 4D 00 12 12 11 00 4D 7E 7E 80 01 00 05 86 81 20 10 00 04 79 36 00 13 12 11 00 E8 7E 7E 80 01 00 05 86 81 20 10 00 04 54 57 00 14 12 11 00 A3 7E 7E 80 01 00 05 86 81 20 10 00 04 64 A8 00 15 12 11 00 6D 7E 7E 80 01 00 05 86 81 20 10 00 04 E1 6E 00 16 12 11 00 2D 7E 7E 80 01 00 05 86 81 20 10 00 04 3B B0 00 17 12 11 00 28 7E 7E 80 01 00 05 86 81 20 10 00 04 68 04 00 18 12 11 00 C0 7E 7E 80 01 00 05 86 81 20 10 00 04 E5 36 00 19 12 11 00 7D 02 7E 7E 80 01 00 05 86 81 20 10 00 04 59 53 00 1A 12 11 00 A4 7E 7E 80 01 00 05 86 81 20 10 00 04 B9 52 00 1B 12 11 00 44 7E 7E 80 01 00 05 86 81 20 10 00 04 51 31 00 1C 12 11 00 C8 7E 7E 80 01 00 05 86 81 20 10 00 04 9F AE 00 1D 12 11 00 98 7E 7E 80 01 00 05 86 81 20 10 00 04 53 89 00 1E 12 11 00 70 7E 7E 80 01 00 05 86 81 20 10 00 04 52 E5 00 1F 12 11 00 1C 7E 7E 80 01 00 05 86 81 20 10 00 04 5B B1 00 20 12 11 00 7D 02 7E 7E 80 01 00 05 86 81 20 10 00 04 ED 19 00 21 12 11 00 61 7E 7E 80 01 00 05 86 81 20 10 00 04 FA C4 00 22 12 11 00 A8 7E 7E 80 01 00 05 86 81 20 10 00 04 26 D5 00 23 12 11 00 64 7E 7E 80 01 00 05 86 81 20 10 00 04 32 5C 00 24 12 11 00 FE 7E"}
{"ts":"2026-04-05T23:22:42.906Z","level":"INFO","device":"100000000010","event":"MEDIA_RX","detail":"7E 80 01 00 05 10 00 00 00 00 10 A5 68 00 01 12 11 00 4B 7E 7E 92 12 00 36 10 00 00 00 00 10 70 FB 32 30 30 5F 36 34 5F 36 34 30 31 5F 30 30 5F 31 30 30 30 30 30 30 30 30 30 31 30 30 30 32 36 30 34 30 35 32 33 31 37 33 36 30 35 30 32 30 30 2E 6A 70 67 00 00 00 5D 7E"}
{"ts":"2026-04-05T23:22:42.907Z","level":"INFO","device":"868120100005","event":"BATCH_COMPLETE","detail":"All 2 files sent"}
{"ts":"2026-04-05T23:22:42.930Z","level":"INFO","device":"868120100004","event":"BATCH_COMPLETE","detail":"All 2 files sent"}
{"ts":"2026-04-05T23:22:42.932Z","level":"INFO","device":"100000000010","event":"FILE_START","detail":"[2/2] 02_64_6401_03_10000000001000260405231736050200.mp4 (65536 bytes)"}
{"ts":"2026-04-05T23:22:42.932Z","level":"INFO","device":"100000000010","event":"SENT_1210","detail":"02_64_6401_03_10000000001000260405231736050200.mp4"}
{"ts":"2026-04-05T23:22:42.953Z","level":"INFO","device":"868120100002","event":"SENT_1212","detail":"02_64_6401_03_86812010000200260405231735050200.mp4"}
{"ts":"2026-04-05T23:22:43.016Z","level":"INFO","device":"868120100006","event":"MEDIA_RX","detail":"7E 80 01 00 05 86 81 20 10 00 06 A3 9E 00 04 12 11 00 8F 7E 7E 80 01 00 05 86 81 20 10 00 06 F4 11 00 05 12 11 00 56 7E 7E 80 01 00 05 86 81 20 10 00 06 FB 56 00 06 12 11 00 1D 7E 7E 80 01 00 05 86 81 20 10 00 06 B5 0B 00 07 12 11 00 0F 7E 7E 80 01 00 05 86 81 20 10 00 06 9D 69 00 08 12 11 00 4A 7E 7E 80 01 00 05 86 81 20 10 00 06 C7 F1 00 09 12 11 00 89 7E 7E 80 01 00 05 86 81 20 10 00 06 62 43 00 0A 12 11 00 9D 7E 7E 80 01 00 05 86 81 20 10 00 06 F8 E7 00 0B 12 11 00 A2 7E 7E 80 01 00 05 86 81 20 10 00 06 B5 48 00 0C 12 11 00 47 7E 7E 80 01 00 05 86 81 20 10 00 06 C9 0E 00 0D 12 11 00 7C 7E 7E 80 01 00 05 86 81 20 10 00 06 AC 9C 00 0E 12 11 00 88 7E 7E 80 01 00 05 86 81 20 10 00 06 F8 41 00 0F 12 11 00 00 7E 7E 80 01 00 05 86 81 20 10 00 06 D3 0F 00 10 12 11 00 7A 7E 7E 80 01 00 05 86 81 20 10 00 06 A7 92 00 11 12 11 00 92 7E 7E 80 01 00 05 86 81 20 10 00 06 92 28 00 12 12 11 00 1E 7E 7E 80 01 00 05 86 81 20 10 00 06 2D C5 00 13 12 11 00 4D 7E 7E 80 01 00 05 86 81 20 10 00 06 F2 F5 00 14 12 11 00 A5 7E 7E 80 01 00 05 86 81 20 10 00 06 6B D7 00 15 12 11 00 1F 7E 7E 80 01 00 05 86 81 20 10 00 06 92 88 00 16 12 11 00 BA 7E 7E 80 01 00 05 86 81 20 10 00 06 B5 1F 00 17 12 11 00 0B 7E 7E 80 01 00 05 86 81 20 10 00 06 6A 8C 00 18 12 11 00 48 7E 7E 80 01 00 05 86 81 20 10 00 06 52 77 00 19 12 11 00 8A 7E 7E 80 01 00 05 86 81 20 10 00 06 5D EF 00 1A 12 11 00 1E 7E 7E 80 01 00 05 86 81 20 10 00 06 5D C2 00 1B 12 11 00 32 7E 7E 80 01 00 05 86 81 20 10 00 06 D1 1F 00 1C 12 11 00 64 7E 7E 80 01 00 05 86 81 20 10 00 06 88 57 00 1D 12 11 00 74 7E 7E 80 01 00 05 86 81 20 10 00 06 68 5B 00 1E 12 11 00 9B 7E 7E 80 01 00 05 86 81 20 10 00 06 02 BC 00 1F 12 11 00 17 7E 7E 80 01 00 05 86 81 20 10 00 06 0E 55 00 20 12 11 00 CD 7E 7E 80 01 00 05 86 81 20 10 00 06 C4 16 00 21 12 11 00 45 7E 7E 80 01 00 05 86 81 20 10 00 06 D5 B3 00 22 12 11 00 F2 7E 7E 80 01 00 05 86 81 20 10 00 06 47 76 00 23 12 11 00 A4 7E 7E 80 01 00 05 86 81 20 10 00 06 55 F9 00 24 12 11 00 3E 7E"}
{"ts":"2026-04-05T23:22:43.019Z","level":"INFO","device":"868120100006","event":"BATCH_COMPLETE","detail":"All 2 files sent"}
{"ts":"2026-04-05T23:22:43.021Z","level":"INFO","device":"868120100007","event":"FILE_START","detail":"[2/2] 02_64_6401_03_86812010000700260405231736050200.mp4 (65536 bytes)"}
{"ts":"2026-04-05T23:22:43.021Z","level":"INFO","device":"868120100007","event":"SENT_1210","detail":"02_64_6401_03_86812010000700260405231736050200.mp4"}
{"ts":"2026-04-05T23:22:43.024Z","level":"INFO","device":"868120100007","event":"MEDIA_RX","detail":"7E 80 01 00 05 86 81 20 10 00 07 DC 4C 00 01 12 11 00 26 7E 7E 92 12 00 36 86 81 20 10 00 07 5B EC 32 30 30 5F 36 34 5F 36 34 30 31 5F 30 30 5F 38 36 38 31 32 30 31 30 30 30 30 37 30 30 32 36 30 34 30 35 32 33 31 37 33 36 30 35 30 32 30 30 2E 6A 70 67 00 00 00 52 7E"}
{"ts":"2026-04-05T23:22:43.035Z","level":"INFO","device":"100000000010","event":"SENT_1212","detail":"02_64_6401_03_10000000001000260405231736050200.mp4"}
{"ts":"2026-04-05T23:22:43.048Z","level":"INFO","device":"868120100008","event":"FILE_START","detail":"[2/2] 02_64_6401_03_86812010000800260405231736050200.mp4 (65536 bytes)"}
{"ts":"2026-04-05T23:22:43.048Z","level":"INFO","device":"868120100008","event":"SENT_1210","detail":"02_64_6401_03_86812010000800260405231736050200.mp4"}
{"ts":"2026-04-05T23:22:43.049Z","level":"INFO","device":"868120100008","event":"MEDIA_RX","detail":"7E 80 01 00 05 86 81 20 10 00 08 82 8B 00 01 12 11 00 B0 7E 7E 92 12 00 36 86 81 20 10 00 08 06 CF 32 30 30 5F 36 34 5F 36 34 30 31 5F 30 30 5F 38 36 38 31 32 30 31 30 30 30 30 38 30 30 32 36 30 34 30 35 32 33 31 37 33 36 30 35 30 32 30 30 2E 6A 70 67 00 00 00 2C 7E"}
{"ts":"2026-04-05T23:22:43.065Z","level":"INFO","device":"868120100003","event":"MEDIA_RX","detail":"7E 80 01 00 05 86 81 20 10 00 03 EB D1 00 04 12 11 00 8D 7E 7E 80 01 00 05 86 81 20 10 00 03 EA F5 00 05 12 11 00 A9 7E 7E 80 01 00 05 86 81 20 10 00 03 8A ED 00 06 12 11 00 D2 7E 7E 80 01 00 05 86 81 20 10 00 03 5C 3C 00 07 12 11 00 D4 7E 7E 80 01 00 05 86 81 20 10 00 03 85 14 00 08 12 11 00 2A 7E 7E 80 01 00 05 86 81 20 10 00 03 B2 2F 00 09 12 11 00 27 7E 7E 80 01 00 05 86 81 20 10 00 03 04 D7 00 0A 12 11 00 6A 7E 7E 80 01 00 05 86 81 20 10 00 03 71 2E 00 0B 12 11 00 E7 7E 7E 80 01 00 05 86 81 20 10 00 03 95 48 00 0C 12 11 00 62 7E 7E 80 01 00 05 86 81 20 10 00 03 47 86 00 0D 12 11 00 7F 7E 7E 80 01 00 05 86 81 20 10 00 03 05 3E 00 0E 12 11 00 86 7E 7E 80 01 00 05 86 81 20 10 00 03 AA 96 00 0F 12 11 00 80 7E 7E 80 01 00 05 86 81 20 10 00 03 79 37 00 10 12 11 00 ED 7E 7E 80 01 00 05 86 81 20 10 00 03 AE 00 00 11 12 11 00 0C 7E 7E 80 01 00 05 86 81 20 10 00 03 D1 04 00 12 12 11 00 74 7E 7E 80 01 00 05 86 81 20 10 00 03 C8 51 00 13 12 11 00 39 7E 7E 80 01 00 05 86 81 20 10 00 03 DB 71 00 14 12 11 00 0D 7E 7E 80 01 00 05 86 81 20 10 00 03 A0 5B 00 15 12 11 00 5D 7E 7E 80 01 00 05 86 81 20 10 00 03 0F B7 00 16 12 11 00 1D 7E 7E 80 01 00 05 86 81 20 10 00 03 F6 CB 00 17 12 11 00 99 7E 7E 80 01 00 05 86 81 20 10 00 03 62 B3 00 18 12 11 00 7A 7E 7E 80 01 00 05 86 81 20 10 00 03 B2 12 00 19 12 11 00 0A 7E 7E 80 01 00 05 86 81 20 10 00 03 ED 81 00 1A 12 11 00 C5 7E 7E 80 01 00 05 86 81 20 10 00 03 0B 06 00 1B 12 11 00 A5 7E 7E 80 01 00 05 86 81 20 10 00 03 25 58 00 1C 12 11 00 D2 7E 7E 80 01 00 05 86 81 20 10 00 03 62 A9 00 1D 12 11 00 65 7E 7E 80 01 00 05 86 81 20 10 00 03 1B 19 00 1E 12 11 00 AF 7E 7E 80 01 00 05 86 81 20 10 00 03 27 FE 00 1F 12 11 00 75 7E 7E 80 01 00 05 86 81 20 10 00 03 41 C1 00 20 12 11 00 13 7E 7E 80 01 00 05 86 81 20 10 00 03 A0 31 00 21 12 11 00 03 7E 7E 80 01 00 05 86 81 20 10 00 03 65 35 00 22 12 11 00 C1 7E 7E 80 01 00 05 86 81 20 10 00 03 35 72 00 23 12 11 00 D7 7E 7E 80 01 00 05 86 81 20 10 00 03 3A F3 00 24 12 11 00 5E 7E"}
{"ts":"2026-04-05T23:22:43.083Z","level":"INFO","device":"868120100003","event":"BATCH_COMPLETE","detail":"All 2 files sent"}
{"ts":"2026-04-05T23:22:43.127Z","level":"INFO","device":"868120100007","event":"SENT_1212","detail":"02_64_6401_03_86812010000700260405231736050200.mp4"}
{"ts":"2026-04-05T23:22:43.148Z","level":"INFO","device":"100000000010","event":"MEDIA_RX","detail":"7E 80 01 00 05 10 00 00 00 00 10 10 49 00 03 12 10 00 DC 7E"}
{"ts":"2026-04-05T23:22:43.150Z","level":"INFO","device":"868120100008","event":"SENT_1212","detail":"02_64_6401_03_86812010000800260405231736050200.mp4"}
{"ts":"2026-04-05T23:22:43.157Z","level":"INFO","device":"868120100002","event":"MEDIA_RX","detail":"7E 80 01 00 05 86 81 20 10 00 02 C4 68 00 03 12 10 00 1C 7E"}
{"ts":"2026-04-05T23:22:43.253Z","level":"INFO","device":"868120100002","event":"BATCH_COMPLETE","detail":"All 2 files sent"}
{"ts":"2026-04-05T23:22:43.264Z","level":"INFO","device":"868120100008","event":"MEDIA_RX","detail":"7E 80 01 00 05 86 81 20 10 00 08 5B FD 00 03 12 10 00 1C 7E"}
{"ts":"2026-04-05T23:22:43.269Z","level":"ERROR","device":"291078985963","event":"MEDIA_ERROR","detail":"54.37.225.65:3378 — read ECONNRESET"}
{"ts":"2026-04-05T23:22:43.269Z","level":"INFO","device":"291078985963","event":"MEDIA_CLOSED","detail":""}
{"ts":"2026-04-05T23:22:43.302Z","level":"ERROR","device":"868120100004","event":"MEDIA_ERROR","detail":"54.37.225.65:3378 — read ECONNRESET"}
{"ts":"2026-04-05T23:22:43.302Z","level":"INFO","device":"868120100004","event":"MEDIA_CLOSED","detail":""}
{"ts":"2026-04-05T23:22:43.304Z","level":"INFO","device":"868120100009","event":"MEDIA_RX","detail":"7E 80 01 00 05 86 81 20 10 00 09 C6 3C 00 04 12 11 00 47 7E 7E 80 01 00 05 86 81 20 10 00 09 61 BA 00 05 12 11 00 67 7E 7E 80 01 00 05 86 81 20 10 00 09 8B 98 00 06 12 11 00 AC 7E 7E 80 01 00 05 86 81 20 10 00 09 49 D1 00 07 12 11 00 26 7E 7E 80 01 00 05 86 81 20 10 00 09 0F 93 00 08 12 11 00 2D 7E 7E 80 01 00 05 86 81 20 10 00 09 43 A5 00 09 12 11 00 56 7E 7E 80 01 00 05 86 81 20 10 00 09 FA 6D 00 0A 12 11 00 24 7E 7E 80 01 00 05 86 81 20 10 00 09 5C 63 00 0B 12 11 00 8D 7E 7E 80 01 00 05 86 81 20 10 00 09 96 A5 00 0C 12 11 00 86 7E 7E 80 01 00 05 86 81 20 10 00 09 5F 0F 00 0D 12 11 00 E4 7E 7E 80 01 00 05 86 81 20 10 00 09 AC FF 00 0E 12 11 00 E4 7E 7E 80 01 00 05 86 81 20 10 00 09 F3 9B 00 0F 12 11 00 DE 7E 7E 80 01 00 05 86 81 20 10 00 09 95 A9 00 10 12 11 00 95 7E 7E 80 01 00 05 86 81 20 10 00 09 39 DF 00 11 12 11 00 4E 7E 7E 80 01 00 05 86 81 20 10 00 09 54 B1 00 12 12 11 00 4E 7E 7E 80 01 00 05 86 81 20 10 00 09 B5 E8 00 13 12 11 00 F7 7E 7E 80 01 00 05 86 81 20 10 00 09 89 5C 00 14 12 11 00 78 7E 7E 80 01 00 05 86 81 20 10 00 09 EF E4 00 15 12 11 00 A7 7E 7E 80 01 00 05 86 81 20 10 00 09 29 1D 00 16 12 11 00 9B 7E 7E 80 01 00 05 86 81 20 10 00 09 0C DD 00 17 12 11 00 7F 7E 7E 80 01 00 05 86 81 20 10 00 09 08 D2 00 18 12 11 00 7B 7E 7E 80 01 00 05 86 81 20 10 00 09 2C 34 00 19 12 11 00 B8 7E 7E 80 01 00 05 86 81 20 10 00 09 AD B4 00 1A 12 11 00 BA 7E 7E 80 01 00 05 86 81 20 10 00 09 B6 7B 00 1B 12 11 00 6F 7E 7E 80 01 00 05 86 81 20 10 00 09 FB 61 00 1C 12 11 00 3F 7E 7E 80 01 00 05 86 81 20 10 00 09 DE EF 00 1D 12 11 00 95 7E 7E 80 01 00 05 86 81 20 10 00 09 42 3D 00 1E 12 11 00 D8 7E 7E 80 01 00 05 86 81 20 10 00 09 A7 6C 00 1F 12 11 00 6D 7E 7E 80 01 00 05 86 81 20 10 00 09 FC C4 00 20 12 11 00 A1 7E 7E 80 01 00 05 86 81 20 10 00 09 D7 65 00 21 12 11 00 2A 7E 7E 80 01 00 05 86 81 20 10 00 09 54 DF 00 22 12 11 00 10 7E 7E 80 01 00 05 86 81 20 10 00 09 AF 19 00 23 12 11 00 2C 7E 7E 80 01 00 05 86 81 20 10 00 09 5F 74 00 24 12 11 00 B6 7E 7E 80 01 00 05 86 81 20 10 00 09 D1 FE 00 25 12 11 00 B3 7E 7E 80 01 00 05 86 81 20 10 00 09 23 3E 00 26 12 11 00 82 7E 7E 80 01 00 05 86 81 20 10 00 09 FC B8 00 27 12 11 00 DA 7E 7E 80 01 00 05 86 81 20 10 00 09 11 4B 00 28 12 11 00 CB 7E 7E 80 01 00 05 86 81 20 10 00 09 CF 3E 00 29 12 11 00 61 7E 7E 80 01 00 05 86 81 20 10 00 09 6E E7 00 2A 12 11 00 1A 7E 7E 80 01 00 05 86 81 20 10 00 09 30 0F 00 2B 12 11 00 AD 7E 7E 80 01 00 05 86 81 20 10 00 09 6B 2F 00 2C 12 11 00 D1 7E 7E 80 01 00 05 86 81 20 10 00 09 C9 A0 00 2D 12 11 00 FD 7E 7E 80 01 00 05 86 81 20 10 00 09 24 0B 00 2E 12 11 00 B8 7E 7E 80 01 00 05 86 81 20 10 00 09 BD 4B 00 2F 12 11 00 60 7E 7E 80 01 00 05 86 81 20 10 00 09 BE 65 00 30 12 11 00 52 7E 7E 80 01 00 05 86 81 20 10 00 09 EE 29 00 31 12 11 00 4F 7E 7E 80 01 00 05 86 81 20 10 00 09 7C 75 00 32 12 11 00 82 7E 7E 80 01 00 05 86 81 20 10 00 09 B1 0E 00 33 12 11 00 35 7E 7E 80 01 00 05 86 81 20 10 00 09 63 6A 00 34 12 11 00 84 7E 7E 80 01 00 05 86 81 20 10 00 09 E3 D6 00 35 12 11 00 B9 7E 7E 80 01 00 05 86 81 20 10 00 09 97 CC 00 36 12 11 00 D4 7E 7E 80 01 00 05 86 81 20 10 00 09 4C 54 00 37 12 11 00 96 7E 7E 80 01 00 05 86 81 20 10 00 09 99 B0 00 38 12 11 00 A8 7E 7E 80 01 00 05 86 81 20 10 00 09 32 49 00 39 12 11 00 FB 7E 7E 80 01 00 05 86 81 20 10 00 09 C1 F1 00 3A 12 11 00 B3 7E 7E 80 01 00 05 86 81 20 10 00 09 3F D7 00 3B 12 11 00 6A 7E 7E 80 01 00 05 86 81 20 10 00 09 4F 53 00 3C 12 11 00 99 7E 7E 80 01 00 05 86 81 20 10 00 09 7F 7D 02 00 3D 12 11 00 85 7E 7E 80 01 00 05 86 81 20 10 00 09 87 9B 00 3E 12 11 00 9B 7E 7E 80 01 00 05 86 81 20 10 00 09 15 60 00 3F 12 11 00 F3 7E 7E 80 01 00 05 86 81 20 10 00 09 CE BD 00 40 12 11 00 8A 7E 7E 80 01 00 05 86 81 20 10 00 09 C0 AE 00 41 12 11 00 96 7E 7E 80 01 00 05 86 81 20 10 00 09 F0 80 00 42 12 11 00 8B 7E 7E 80 01 00 05 86 81 20 10 00 09 09 EE 00 43 12 11 00 1D 7E 7E 92 12 00 36 86 81 20 10 00 09 2B 65 32 30 32 5F 36 34 5F 36 34 30 31 5F 30 33 5F 38 36 38 31 32 30 31 30 30 30 30 39 30 30 32 36 30 34 30 35 32 33 31 37 33 36 30 35 30 32 30 30 2E 6D 70 34 02 00 00 FC 7E"}
{"ts":"2026-04-05T23:22:43.304Z","level":"INFO","device":"868120100009","event":"MEDIA_CLOSED","detail":""}
{"ts":"2026-04-05T23:22:43.326Z","level":"INFO","device":"868120100007","event":"MEDIA_RX","detail":"7E 80 01 00 05 86 81 20 10 00 07 3E 6C 00 03 12 10 00 E7 7E"}
{"ts":"2026-04-05T23:22:43.334Z","level":"INFO","device":"868120100005","event":"MEDIA_RX","detail":"7E 80 01 00 05 86 81 20 10 00 05 E6 69 00 04 12 11 00 3E 7E 7E 80 01 00 05 86 81 20 10 00 05 55 0D 00 05 12 11 00 E8 7E 7E 80 01 00 05 86 81 20 10 00 05 B1 3C 00 06 12 11 00 3E 7E 7E 80 01 00 05 86 81 20 10 00 05 24 BD 00 07 12 11 00 2B 7E 7E 80 01 00 05 86 81 20 10 00 05 61 54 00 08 12 11 00 88 7E 7E 80 01 00 05 86 81 20 10 00 05 49 9F 00 09 12 11 00 6A 7E 7E 80 01 00 05 86 81 20 10 00 05 DA A4 00 0A 12 11 00 C1 7E 7E 80 01 00 05 86 81 20 10 00 05 03 BC 00 0B 12 11 00 01 7E 7E 80 01 00 05 86 81 20 10 00 05 3A D7 00 0C 12 11 00 54 7E 7E 80 01 00 05 86 81 20 10 00 05 B8 76 00 0D 12 11 00 76 7E 7E 80 01 00 05 86 81 20 10 00 05 BA 3D 00 0E 12 11 00 3C 7E 7E 80 01 00 05 86 81 20 10 00 05 93 D6 00 0F 12 11 00 FF 7E 7E 80 01 00 05 86 81 20 10 00 05 1E 72 00 10 12 11 00 C9 7E 7E 80 01 00 05 86 81 20 10 00 05 F4 DA 00 11 12 11 00 8A 7E 7E 80 01 00 05 86 81 20 10 00 05 7A 56 00 12 12 11 00 8B 7E 7E 80 01 00 05 86 81 20 10 00 05 0E 6E 00 13 12 11 00 C6 7E 7E 80 01 00 05 86 81 20 10 00 05 1D C5 00 14 12 11 00 79 7E 7E 80 01 00 05 86 81 20 10 00 05 92 98 00 15 12 11 00 AA 7E 7E 80 01 00 05 86 81 20 10 00 05 C7 25 00 16 12 11 00 41 7E 7E 80 01 00 05 86 81 20 10 00 05 FE 66 00 17 12 11 00 3A 7E 7E 80 01 00 05 86 81 20 10 00 05 B6 0E 00 18 12 11 00 15 7E 7E 80 01 00 05 86 81 20 10 00 05 D1 74 00 19 12 11 00 09 7E 7E 80 01 00 05 86 81 20 10 00 05 D3 1E 00 1A 12 11 00 62 7E 7E 80 01 00 05 86 81 20 10 00 05 29 2C 00 1B 12 11 00 AB 7E 7E 80 01 00 05 86 81 20 10 00 05 66 46 00 1C 12 11 00 89 7E 7E 80 01 00 05 86 81 20 10 00 05 7C AE 00 1D 12 11 00 7A 7E 7E 80 01 00 05 86 81 20 10 00 05 B5 A1 00 1E 12 11 00 BF 7E 7E 80 01 00 05 86 81 20 10 00 05 A5 39 00 1F 12 11 00 36 7E 7E 80 01 00 05 86 81 20 10 00 05 61 0B 00 20 12 11 00 FF 7E 7E 80 01 00 05 86 81 20 10 00 05 09 C7 00 21 12 11 00 5A 7E 7E 80 01 00 05 86 81 20 10 00 05 B4 6F 00 22 12 11 00 4C 7E 7E 80 01 00 05 86 81 20 10 00 05 A9 EB 00 23 12 11 00 D4 7E 7E 80 01 00 05 86 81 20 10 00 05 97 E3 00 24 12 11 00 E5 7E 7E 80 01 00 05 86 81 20 10 00 05 27 C9 00 25 12 11 00 7D 02 7E 7E 80 01 00 05 86 81 20 10 00 05 FB E3 00 26 12 11 00 8B 7E 7E 80 01 00 05 86 81 20 10 00 05 EE 61 00 27 12 11 00 1D 7E 7E 80 01 00 05 86 81 20 10 00 05 E0 6C 00 28 12 11 00 11 7E 7E 80 01 00 05 86 81 20 10 00 05 7C 85 00 29 12 11 00 65 7E 7E 80 01 00 05 86 81 20 10 00 05 17 01 00 2A 12 11 00 89 7E 7E 80 01 00 05 86 81 20 10 00 05 17 AE 00 2B 12 11 00 27 7E 7E 80 01 00 05 86 81 20 10 00 05 79 45 00 2C 12 11 00 A5 7E 7E 80 01 00 05 86 81 20 10 00 05 FB B8 00 2D 12 11 00 DB 7E 7E 80 01 00 05 86 81 20 10 00 05 C9 43 00 2E 12 11 00 11 7E 7E 80 01 00 05 86 81 20 10 00 05 44 17 00 2F 12 11 00 C9 7E 7E 80 01 00 05 86 81 20 10 00 05 86 E5 00 30 12 11 00 E6 7E 7E 80 01 00 05 86 81 20 10 00 05 58 EA 00 31 12 11 00 36 7E 7E 80 01 00 05 86 81 20 10 00 05 6D 91 00 32 12 11 00 7B 7E 7E 80 01 00 05 86 81 20 10 00 05 23 CF 00 33 12 11 00 6A 7E 7E 80 01 00 05 86 81 20 10 00 05 2B 69 00 34 12 11 00 C3 7E 7E 80 01 00 05 86 81 20 10 00 05 3F A0 00 35 12 11 00 1F 7E 7E 80 01 00 05 86 81 20 10 00 05 48 AA 00 36 12 11 00 61 7E 7E 80 01 00 05 86 81 20 10 00 05 BD AF 00 37 12 11 00 90 7E 7E 80 01 00 05 86 81 20 10 00 05 AA 4B 00 38 12 11 00 6C 7E 7E 80 01 00 05 86 81 20 10 00 05 58 89 00 39 12 11 00 5D 7E 7E 80 01 00 05 86 81 20 10 00 05 CC AF 00 3A 12 11 00 EC 7E 7E 80 01 00 05 86 81 20 10 00 05 E0 6A 00 3B 12 11 00 04 7E 7E 80 01 00 05 86 81 20 10 00 05 32 0C 00 3C 12 11 00 B7 7E 7E 80 01 00 05 86 81 20 10 00 05 29 42 00 3D 12 11 00 E3 7E 7E 80 01 00 05 86 81 20 10 00 05 99 1A 00 3E 12 11 00 08 7E 7E 80 01 00 05 86 81 20 10 00 05 63 6D 00 3F 12 11 00 84 7E 7E 80 01 00 05 86 81 20 10 00 05 53 1D 00 40 12 11 00 BB 7E 7E 80 01 00 05 86 81 20 10 00 05 AB 61 00 41 12 11 00 3E 7E 7E 80 01 00 05 86 81 20 10 00 05 67 95 00 42 12 11 00 05 7E 7E 80 01 00 05 86 81 20 10 00 05 58 82 00 43 12 11 00 2C 7E 7E 92 12 00 36 86 81 20 10 00 05 5C 3E 32 30 32 5F 36 34 5F 36 34 30 31 5F 30 33 5F 38 36 38 31 32 30 31 30 30 30 30 35 30 30 32 36 30 34 30 35 32 33 31 37 33 36 30 35 30 32 30 30 2E 6D 70 34 02 00 00 D0 7E"}
{"ts":"2026-04-05T23:22:43.334Z","level":"INFO","device":"868120100005","event":"MEDIA_CLOSED","detail":""}
{"ts":"2026-04-05T23:22:43.336Z","level":"INFO","device":"100000000010","event":"BATCH_COMPLETE","detail":"All 2 files sent"}
{"ts":"2026-04-05T23:22:43.428Z","level":"INFO","device":"868120100007","event":"BATCH_COMPLETE","detail":"All 2 files sent"}
{"ts":"2026-04-05T23:22:43.451Z","level":"INFO","device":"868120100008","event":"BATCH_COMPLETE","detail":"All 2 files sent"}
{"ts":"2026-04-05T23:22:43.455Z","level":"ERROR","device":"868120100006","event":"MEDIA_ERROR","detail":"54.37.225.65:3378 — read ECONNRESET"}
{"ts":"2026-04-05T23:22:43.455Z","level":"INFO","device":"868120100006","event":"MEDIA_CLOSED","detail":""}
{"ts":"2026-04-05T23:22:43.482Z","level":"ERROR","device":"868120100003","event":"MEDIA_ERROR","detail":"54.37.225.65:3378 — read ECONNRESET"}
{"ts":"2026-04-05T23:22:43.482Z","level":"INFO","device":"868120100003","event":"MEDIA_CLOSED","detail":""}
{"ts":"2026-04-05T23:22:43.684Z","level":"INFO","device":"868120100002","event":"MEDIA_RX","detail":"7E 80 01 00 05 86 81 20 10 00 02 97 90 00 04 12 11 00 B1 7E 7E 80 01 00 05 86 81 20 10 00 02 16 34 00 05 12 11 00 95 7E 7E 80 01 00 05 86 81 20 10 00 02 3C EC 00 06 12 11 00 64 7E 7E 80 01 00 05 86 81 20 10 00 02 B9 F3 00 07 12 11 00 FF 7E 7E 80 01 00 05 86 81 20 10 00 02 B5 A6 00 08 12 11 00 A9 7E 7E 80 01 00 05 86 81 20 10 00 02 83 44 00 09 12 11 00 7C 7E 7E 80 01 00 05 86 81 20 10 00 02 5D F1 00 0A 12 11 00 14 7E 7E 80 01 00 05 86 81 20 10 00 02 94 80 00 0B 12 11 00 AD 7E 7E 80 01 00 05 86 81 20 10 00 02 98 92 00 0C 12 11 00 B4 7E 7E 80 01 00 05 86 81 20 10 00 02 FD 61 00 0D 12 11 00 23 7E 7E 80 01 00 05 86 81 20 10 00 02 0D 8B 00 0E 12 11 00 3A 7E 7E 80 01 00 05 86 81 20 10 00 02 53 FD 00 0F 12 11 00 13 7E 7E 80 01 00 05 86 81 20 10 00 02 BE 26 00 10 12 11 00 3A 7E 7E 80 01 00 05 86 81 20 10 00 02 89 BC 00 11 12 11 00 96 7E 7E 80 01 00 05 86 81 20 10 00 02 F6 30 00 12 12 11 00 66 7E 7E 80 01 00 05 86 81 20 10 00 02 A9 52 00 13 12 11 00 5A 7E 7E 80 01 00 05 86 81 20 10 00 02 57 D0 00 14 12 11 00 21 7E 7E 80 01 00 05 86 81 20 10 00 02 AB 6C 00 15 12 11 00 60 7E 7E 80 01 00 05 86 81 20 10 00 02 DD 39 00 16 12 11 00 40 7E 7E 80 01 00 05 86 81 20 10 00 02 E8 E0 00 17 12 11 00 AD 7E 7E 80 01 00 05 86 81 20 10 00 02 04 3B 00 18 12 11 00 95 7E 7E 80 01 00 05 86 81 20 10 00 02 60 15 00 19 12 11 00 DE 7E 7E 80 01 00 05 86 81 20 10 00 02 FB 7C 00 1A 12 11 00 2F 7E 7E 80 01 00 05 86 81 20 10 00 02 78 F0 00 1B 12 11 00 21 7E 7E 80 01 00 05 86 81 20 10 00 02 97 B7 00 1C 12 11 00 8E 7E 7E 80 01 00 05 86 81 20 10 00 02 97 25 00 1D 12 11 00 1D 7E 7E 80 01 00 05 86 81 20 10 00 02 97 A2 00 1E 12 11 00 99 7E 7E 80 01 00 05 86 81 20 10 00 02 7D 02 33 00 1F 12 11 00 E0 7E 7E 80 01 00 05 86 81 20 10 00 02 A7 33 00 20 12 11 00 06 7E 7E 80 01 00 05 86 81 20 10 00 02 BC EF 00 21 12 11 00 C0 7E 7E 80 01 00 05 86 81 20 10 00 02 79 41 00 22 12 11 00 A8 7E 7E 80 01 00 05 86 81 20 10 00 02 4C ED 00 23 12 11 00 30 7E 7E 80 01 00 05 86 81 20 10 00 02 1B B1 00 24 12 11 00 3C 7E 7E 80 01 00 05 86 81 20 10 00 02 64 C6 00 25 12 11 00 35 7E 7E 80 01 00 05 86 81 20 10 00 02 A0 E8 00 26 12 11 00 DC 7E 7E 80 01 00 05 86 81 20 10 00 02 16 5E 00 27 12 11 00 DD 7E 7E 80 01 00 05 86 81 20 10 00 02 3D 9C 00 28 12 11 00 3B 7E 7E 80 01 00 05 86 81 20 10 00 02 92 63 00 29 12 11 00 6A 7E 7E 80 01 00 05 86 81 20 10 00 02 D2 D2 00 2A 12 11 00 98 7E 7E 80 01 00 05 86 81 20 10 00 02 DA 19 00 2B 12 11 00 5A 7E 7E 80 01 00 05 86 81 20 10 00 02 3D E1 00 2C 12 11 00 42 7E 7E 80 01 00 05 86 81 20 10 00 02 12 C9 00 2D 12 11 00 44 7E 7E 80 01 00 05 86 81 20 10 00 02 9A 63 00 2E 12 11 00 65 7E 7E 80 01 00 05 86 81 20 10 00 02 C7 8B 00 2F 12 11 00 D1 7E 7E 80 01 00 05 86 81 20 10 00 02 E7 B5 00 30 12 11 00 D0 7E 7E 80 01 00 05 86 81 20 10 00 02 05 02 00 31 12 11 00 84 7E 7E 80 01 00 05 86 81 20 10 00 02 A3 8E 00 32 12 11 00 AD 7E 7E 80 01 00 05 86 81 20 10 00 02 A4 40 00 33 12 11 00 65 7E 7E 80 01 00 05 86 81 20 10 00 02 F1 F2 00 34 12 11 00 85 7E 7E 80 01 00 05 86 81 20 10 00 02 72 06 00 35 12 11 00 F3 7E 7E 80 01 00 05 86 81 20 10 00 02 13 94 00 36 12 11 00 03 7E 7E 80 01 00 05 86 81 20 10 00 02 9D DB 00 37 12 11 00 C3 7E 7E 80 01 00 05 86 81 20 10 00 02 AA DC 00 38 12 11 00 FC 7E 7E 80 01 00 05 86 81 20 10 00 02 5E 7A 00 39 12 11 00 AF 7E 7E 80 01 00 05 86 81 20 10 00 02 29 39 00 3A 12 11 00 98 7E 7E 80 01 00 05 86 81 20 10 00 02 2F 5E 00 3B 12 11 00 F8 7E 7E 80 01 00 05 86 81 20 10 00 02 57 BC 00 3C 12 11 00 65 7E 7E 80 01 00 05 86 81 20 10 00 02 F5 2D 00 3D 12 11 00 57 7E 7E 80 01 00 05 86 81 20 10 00 02 A4 9E 00 3E 12 11 00 B6 7E 7E 80 01 00 05 86 81 20 10 00 02 F3 4C 00 3F 12 11 00 32 7E 7E 80 01 00 05 86 81 20 10 00 02 F4 C8 00 40 12 11 00 CE 7E 7E 80 01 00 05 86 81 20 10 00 02 40 02 00 41 12 11 00 B1 7E 7E 80 01 00 05 86 81 20 10 00 02 6B 25 00 42 12 11 00 BE 7E 7E 80 01 00 05 86 81 20 10 00 02 5C 63 00 43 12 11 00 CE 7E 7E 92 12 00 36 86 81 20 10 00 02 B2 23 32 30 32 5F 36 34 5F 36 34 30 31 5F 30 33 5F 38 36 38 31 32 30 31 30 30 30 30 32 30 30 32 36 30 34 30 35 32 33 31 37 33 35 30 35 30 32 30 30 2E 6D 70 34 02 00 00 20 7E"}
{"ts":"2026-04-05T23:22:43.684Z","level":"INFO","device":"868120100002","event":"MEDIA_CLOSED","detail":""}
{"ts":"2026-04-05T23:22:44.152Z","level":"INFO","device":"100000000010","event":"MEDIA_RX","detail":"7E 80 01 00 05 10 00 00 00 00 10 4E 07 00 04 12 11 00 CA 7E 7E 80 01 00 05 10 00 00 00 00 10 57 61 00 05 12 11 00 B4 7E 7E 80 01 00 05 10 00 00 00 00 10 38 38 00 06 12 11 00 81 7E 7E 80 01 00 05 10 00 00 00 00 10 C7 6F 00 07 12 11 00 28 7E 7E 80 01 00 05 10 00 00 00 00 10 FC F5 00 08 12 11 00 86 7E 7E 80 01 00 05 10 00 00 00 00 10 90 E3 00 09 12 11 00 FD 7E 7E 80 01 00 05 10 00 00 00 00 10 2A 47 00 0A 12 11 00 E0 7E 7E 80 01 00 05 10 00 00 00 00 10 86 18 00 0B 12 11 00 12 7E 7E 80 01 00 05 10 00 00 00 00 10 5F F0 00 0C 12 11 00 24 7E 7E 80 01 00 05 10 00 00 00 00 10 DE F9 00 0D 12 11 00 AD 7E 7E 80 01 00 05 10 00 00 00 00 10 E4 74 00 0E 12 11 00 19 7E 7E 80 01 00 05 10 00 00 00 00 10 94 33 00 0F 12 11 00 2F 7E 7E 80 01 00 05 10 00 00 00 00 10 99 25 00 10 12 11 00 2B 7E 7E 80 01 00 05 10 00 00 00 00 10 E5 8B 00 11 12 11 00 F8 7E 7E 80 01 00 05 10 00 00 00 00 10 3E DE 00 12 12 11 00 75 7E 7E 80 01 00 05 10 00 00 00 00 10 35 7A 00 13 12 11 00 DB 7E 7E 80 01 00 05 10 00 00 00 00 10 7F 6C 00 14 12 11 00 80 7E 7E 80 01 00 05 10 00 00 00 00 10 DA AE 00 15 12 11 00 E6 7E 7E 80 01 00 05 10 00 00 00 00 10 18 42 00 16 12 11 00 CB 7E 7E 80 01 00 05 10 00 00 00 00 10 A6 FF 00 17 12 11 00 C9 7E 7E 80 01 00 05 10 00 00 00 00 10 25 BD 00 18 12 11 00 07 7E 7E 80 01 00 05 10 00 00 00 00 10 9C 61 00 19 12 11 00 63 7E 7E 80 01 00 05 10 00 00 00 00 10 A6 66 00 1A 12 11 00 5D 7E 7E 80 01 00 05 10 00 00 00 00 10 9F 78 00 1B 12 11 00 7B 7E 7E 80 01 00 05 10 00 00 00 00 10 60 0B 00 1C 12 11 00 F0 7E 7E 80 01 00 05 10 00 00 00 00 10 AB 77 00 1D 12 11 00 46 7E 7E 80 01 00 05 10 00 00 00 00 10 B1 4E 00 1E 12 11 00 66 7E 7E 80 01 00 05 10 00 00 00 00 10 0D AE 00 1F 12 11 00 3B 7E 7E 80 01 00 05 10 00 00 00 00 10 27 6B 00 20 12 11 00 EB 7E 7E 80 01 00 05 10 00 00 00 00 10 84 0E 00 21 12 11 00 2C 7E 7E 80 01 00 05 10 00 00 00 00 10 78 62 00 22 12 11 00 BF 7E 7E 80 01 00 05 10 00 00 00 00 10 02 D6 00 23 12 11 00 70 7E 7E 80 01 00 05 10 00 00 00 00 10 4A 31 00 24 12 11 00 D8 7E 7E 80 01 00 05 10 00 00 00 00 10 37 10 00 25 12 11 00 85 7E 7E 80 01 00 05 10 00 00 00 00 10 B4 35 00 26 12 11 00 20 7E 7E 80 01 00 05 10 00 00 00 00 10 8C 20 00 27 12 11 00 0C 7E 7E 80 01 00 05 10 00 00 00 00 10 24 40 00 28 12 11 00 CB 7E 7E 80 01 00 05 10 00 00 00 00 10 4B 05 00 29 12 11 00 E0 7E 7E 80 01 00 05 10 00 00 00 00 10 B7 77 00 2A 12 11 00 6D 7E 7E 80 01 00 05 10 00 00 00 00 10 B7 56 00 2B 12 11 00 4D 7E 7E 80 01 00 05 10 00 00 00 00 10 44 6D 00 2C 12 11 00 82 7E 7E 80 01 00 05 10 00 00 00 00 10 79 F8 00 2D 12 11 00 2B 7E 7E 80 01 00 05 10 00 00 00 00 10 30 7C 00 2E 12 11 00 E5 7E 7E 80 01 00 05 10 00 00 00 00 10 EF 7D 01 00 2F 12 11 00 3A 7E 7E 80 01 00 05 10 00 00 00 00 10 E6 2D 00 30 12 11 00 7C 7E 7E 80 01 00 05 10 00 00 00 00 10 A8 FE 00 31 12 11 00 E0 7E 7E 80 01 00 05 10 00 00 00 00 10 92 82 00 32 12 11 00 A5 7E 7E 80 01 00 05 10 00 00 00 00 10 08 0A 00 33 12 11 00 B6 7E 7E 80 01 00 05 10 00 00 00 00 10 26 99 00 34 12 11 00 0C 7E 7E 80 01 00 05 10 00 00 00 00 10 86 79 00 35 12 11 00 4D 7E 7E 80 01 00 05 10 00 00 00 00 10 D3 43 00 36 12 11 00 21 7E 7E 80 01 00 05 10 00 00 00 00 10 6D 81 00 37 12 11 00 5C 7E 7E 80 01 00 05 10 00 00 00 00 10 F8 F3 00 38 12 11 00 B4 7E 7E 80 01 00 05 10 00 00 00 00 10 1D 70 00 39 12 11 00 D3 7E 7E 80 01 00 05 10 00 00 00 00 10 35 7D 01 00 3A 12 11 00 F5 7E 7E 80 01 00 05 10 00 00 00 00 10 7F ED 00 3B 12 11 00 2E 7E 7E 80 01 00 05 10 00 00 00 00 10 9E 5C 00 3C 12 11 00 79 7E 7E 80 01 00 05 10 00 00 00 00 10 7F 91 00 3D 12 11 00 54 7E 7E 80 01 00 05 10 00 00 00 00 10 A8 AB 00 3E 12 11 00 BA 7E 7E 80 01 00 05 10 00 00 00 00 10 E6 25 00 3F 12 11 00 7B 7E 7E 80 01 00 05 10 00 00 00 00 10 8B C3 00 40 12 11 00 8F 7E 7E 80 01 00 05 10 00 00 00 00 10 6E DD 00 41 12 11 00 75 7E 7E 80 01 00 05 10 00 00 00 00 10 85 08 00 42 12 11 00 48 7E 7E 80 01 00 05 10 00 00 00 00 10 1E 3F 00 43 12 11 00 E5 7E 7E 92 12 00 36 10 00 00 00 00 10 11 6A 32 30 32 5F 36 34 5F 36 34 30 31 5F 30 33 5F 31 30 30 30 30 30 30 30 30 30 31 30 30 30 32 36 30 34 30 35 32 33 31 37 33 36 30 35 30 32 30 30 2E 6D 70 34 02 00 00 FA 7E"}
{"ts":"2026-04-05T23:22:44.232Z","level":"INFO","device":"868120100008","event":"MEDIA_RX","detail":"7E 80 01 00 05 86 81 20 10 00 08 E8 4D 00 04 12 11 00 19 7E 7E 80 01 00 05 86 81 20 10 00 08 9A B8 00 05 12 11 00 9F 7E 7E 80 01 00 05 86 81 20 10 00 08 9D F4 00 06 12 11 00 D7 7E 7E 80 01 00 05 86 81 20 10 00 08 3E 05 00 07 12 11 00 84 7E 7E 80 01 00 05 86 81 20 10 00 08 A9 43 00 08 12 11 00 5A 7E 7E 80 01 00 05 86 81 20 10 00 08 F9 37 00 09 12 11 00 7F 7E 7E 80 01 00 05 86 81 20 10 00 08 74 A7 00 0A 12 11 00 61 7E 7E 80 01 00 05 86 81 20 10 00 08 F1 D4 00 0B 12 11 00 96 7E 7E 80 01 00 05 86 81 20 10 00 08 F4 04 00 0C 12 11 00 44 7E 7E 80 01 00 05 86 81 20 10 00 08 57 0A 00 0D 12 11 00 E8 7E 7E 80 01 00 05 86 81 20 10 00 08 B5 1E 00 0E 12 11 00 1D 7E 7E 80 01 00 05 86 81 20 10 00 08 5F 16 00 0F 12 11 00 FE 7E 7E 80 01 00 05 86 81 20 10 00 08 B4 A0 00 10 12 11 00 BC 7E 7E 80 01 00 05 86 81 20 10 00 08 0E BC 00 11 12 11 00 1B 7E 7E 80 01 00 05 86 81 20 10 00 08 D4 D3 00 12 12 11 00 AD 7E 7E 80 01 00 05 86 81 20 10 00 08 93 E1 00 13 12 11 00 D9 7E 7E 80 01 00 05 86 81 20 10 00 08 D0 12 00 14 12 11 00 6E 7E 7E 80 01 00 05 86 81 20 10 00 08 B1 04 00 15 12 11 00 18 7E 7E 80 01 00 05 86 81 20 10 00 08 DD BA 00 16 12 11 00 C9 7E 7E 80 01 00 05 86 81 20 10 00 08 3C 3C 00 17 12 11 00 AF 7E 7E 80 01 00 05 86 81 20 10 00 08 3B 66 00 18 12 11 00 FD 7E 7E 80 01 00 05 86 81 20 10 00 08 6B FD 00 19 12 11 00 37 7E 7E 80 01 00 05 86 81 20 10 00 08 B9 5B 00 1A 12 11 00 40 7E 7E 80 01 00 05 86 81 20 10 00 08 47 FB 00 1B 12 11 00 1F 7E 7E 80 01 00 05 86 81 20 10 00 08 AC D9 00 1C 12 11 00 D1 7E 7E 80 01 00 05 86 81 20 10 00 08 70 4D 00 1D 12 11 00 98 7E 7E 80 01 00 05 86 81 20 10 00 08 BB B9 00 1E 12 11 00 A4 7E 7E 80 01 00 05 86 81 20 10 00 08 E4 F5 00 1F 12 11 00 B6 7E 7E 80 01 00 05 86 81 20 10 00 08 17 77 00 20 12 11 00 F8 7E 7E 80 01 00 05 86 81 20 10 00 08 C8 57 00 21 12 11 00 06 7E 7E 80 01 00 05 86 81 20 10 00 08 43 37 00 22 12 11 00 EE 7E 7E 80 01 00 05 86 81 20 10 00 08 38 14 00 23 12 11 00 B7 7E 7E 80 01 00 05 86 81 20 10 00 08 50 32 00 24 12 11 00 FE 7E 7E 80 01 00 05 86 81 20 10 00 08 2D 05 00 25 12 11 00 B5 7E"}
{"ts":"2026-04-05T23:22:44.298Z","level":"INFO","device":"868120100007","event":"MEDIA_RX","detail":"7E 80 01 00 05 86 81 20 10 00 07 9D F9 00 04 12 11 00 D7 7E 7E 80 01 00 05 86 81 20 10 00 07 6A 2A 00 05 12 11 00 F2 7E 7E 80 01 00 05 86 81 20 10 00 07 E3 7D 01 00 06 12 11 00 2F 7E 7E 80 01 00 05 86 81 20 10 00 07 B0 2F 00 07 12 11 00 2F 7E 7E 80 01 00 05 86 81 20 10 00 07 30 BB 00 08 12 11 00 34 7E 7E 80 01 00 05 86 81 20 10 00 07 7C 0C 00 09 12 11 00 CE 7E 7E 80 01 00 05 86 81 20 10 00 07 51 C4 00 0A 12 11 00 28 7E 7E 80 01 00 05 86 81 20 10 00 07 C4 B3 00 0B 12 11 00 CB 7E 7E 80 01 00 05 86 81 20 10 00 07 FE ED 00 0C 12 11 00 A8 7E 7E 80 01 00 05 86 81 20 10 00 07 15 4D 00 0D 12 11 00 E2 7E 7E 80 01 00 05 86 81 20 10 00 07 AB AD 00 0E 12 11 00 BF 7E 7E 80 01 00 05 86 81 20 10 00 07 53 F7 00 0F 12 11 00 1C 7E 7E 80 01 00 05 86 81 20 10 00 07 14 3D 00 10 12 11 00 8E 7E 7E 80 01 00 05 86 81 20 10 00 07 83 D1 00 11 12 11 00 F4 7E 7E 80 01 00 05 86 81 20 10 00 07 5E 3E 00 12 12 11 00 C5 7E 7E 80 01 00 05 86 81 20 10 00 07 4E E0 00 13 12 11 00 0A 7E 7E 80 01 00 05 86 81 20 10 00 07 47 83 00 14 12 11 00 67 7E 7E 80 01 00 05 86 81 20 10 00 07 B4 39 00 15 12 11 00 2F 7E 7E 80 01 00 05 86 81 20 10 00 07 CC 23 00 16 12 11 00 4E 7E 7E 80 01 00 05 86 81 20 10 00 07 EA 15 00 17 12 11 00 5F 7E 7E 80 01 00 05 86 81 20 10 00 07 FD A1 00 18 12 11 00 F3 7E 7E 80 01 00 05 86 81 20 10 00 07 D1 C1 00 19 12 11 00 BE 7E 7E 80 01 00 05 86 81 20 10 00 07 01 19 00 1A 12 11 00 B5 7E 7E 80 01 00 05 86 81 20 10 00 07 17 88 00 1B 12 11 00 33 7E 7E 80 01 00 05 86 81 20 10 00 07 AA 57 00 1C 12 11 00 56 7E 7E 80 01 00 05 86 81 20 10 00 07 58 12 00 1D 12 11 00 E0 7E 7E 80 01 00 05 86 81 20 10 00 07 2C 64 00 1E 12 11 00 E1 7E 7E 80 01 00 05 86 81 20 10 00 07 82 60 00 1F 12 11 00 4A 7E 7E 80 01 00 05 86 81 20 10 00 07 8E 47 00 20 12 11 00 5E 7E 7E 80 01 00 05 86 81 20 10 00 07 9C A9 00 21 12 11 00 A3 7E 7E 80 01 00 05 86 81 20 10 00 07 6B 7D 02 00 22 12 11 00 80 7E 7E 80 01 00 05 86 81 20 10 00 07 65 A8 00 23 12 11 00 59 7E 7E 80 01 00 05 86 81 20 10 00 07 96 09 00 24 12 11 00 0C 7E 7E 80 01 00 05 86 81 20 10 00 07 A7 1B 00 25 12 11 00 2E 7E 7E 80 01 00 05 86 81 20 10 00 07 04 5D 00 26 12 11 00 C8 7E 7E 80 01 00 05 86 81 20 10 00 07 C9 01 00 27 12 11 00 58 7E 7E 80 01 00 05 86 81 20 10 00 07 5A D0 00 28 12 11 00 15 7E 7E 80 01 00 05 86 81 20 10 00 07 24 B0 00 29 12 11 00 0A 7E 7E 80 01 00 05 86 81 20 10 00 07 18 A6 00 2A 12 11 00 23 7E 7E 80 01 00 05 86 81 20 10 00 07 B2 F4 00 2B 12 11 00 DA 7E 7E 80 01 00 05 86 81 20 10 00 07 1C 6E 00 2C 12 11 00 E9 7E 7E 80 01 00 05 86 81 20 10 00 07 AA 8C 00 2D 12 11 00 BC 7E 7E 80 01 00 05 86 81 20 10 00 07 E7 43 00 2E 12 11 00 3D 7E"}
{"ts":"2026-04-05T23:22:44.432Z","level":"INFO","device":"868120100008","event":"MEDIA_RX","detail":"7E 80 01 00 05 86 81 20 10 00 08 00 3A 00 26 12 11 00 A4 7E 7E 80 01 00 05 86 81 20 10 00 08 E9 EA 00 27 12 11 00 9C 7E 7E 80 01 00 05 86 81 20 10 00 08 02 81 00 28 12 11 00 13 7E 7E 80 01 00 05 86 81 20 10 00 08 46 A3 00 29 12 11 00 74 7E 7E 80 01 00 05 86 81 20 10 00 08 85 57 00 2A 12 11 00 40 7E 7E 80 01 00 05 86 81 20 10 00 08 03 C7 00 2B 12 11 00 57 7E 7E 80 01 00 05 86 81 20 10 00 08 69 2B 00 2C 12 11 00 D6 7E 7E 80 01 00 05 86 81 20 10 00 08 93 61 00 2D 12 11 00 67 7E 7E 80 01 00 05 86 81 20 10 00 08 EB 78 00 2E 12 11 00 05 7E 7E 80 01 00 05 86 81 20 10 00 08 87 D3 00 2F 12 11 00 C3 7E 7E 80 01 00 05 86 81 20 10 00 08 8C 63 00 30 12 11 00 67 7E 7E 80 01 00 05 86 81 20 10 00 08 D3 C8 00 31 12 11 00 92 7E 7E 80 01 00 05 86 81 20 10 00 08 3B E0 00 32 12 11 00 51 7E 7E 80 01 00 05 86 81 20 10 00 08 31 AF 00 33 12 11 00 15 7E 7E 80 01 00 05 86 81 20 10 00 08 2A 96 00 34 12 11 00 30 7E 7E 80 01 00 05 86 81 20 10 00 08 E0 52 00 35 12 11 00 3F 7E 7E 80 01 00 05 86 81 20 10 00 08 B9 25 00 36 12 11 00 12 7E 7E 80 01 00 05 86 81 20 10 00 08 65 9F 00 37 12 11 00 75 7E 7E 80 01 00 05 86 81 20 10 00 08 12 35 00 38 12 11 00 A7 7E 7E 80 01 00 05 86 81 20 10 00 08 04 94 00 39 12 11 00 11 7E 7E 80 01 00 05 86 81 20 10 00 08 95 4E 00 3A 12 11 00 59 7E 7E 80 01 00 05 86 81 20 10 00 08 CA F2 00 3B 12 11 00 BB 7E 7E 80 01 00 05 86 81 20 10 00 08 87 AB 00 3C 12 11 00 A8 7E 7E 80 01 00 05 86 81 20 10 00 08 8A 7B 00 3D 12 11 00 74 7E 7E 80 01 00 05 86 81 20 10 00 08 2C A0 00 3E 12 11 00 0A 7E 7E 80 01 00 05 86 81 20 10 00 08 BC E9 00 3F 12 11 00 D2 7E 7E 80 01 00 05 86 81 20 10 00 08 65 8A 00 40 12 11 00 17 7E 7E 80 01 00 05 86 81 20 10 00 08 14 81 00 41 12 11 00 6C 7E 7E 80 01 00 05 86 81 20 10 00 08 21 92 00 42 12 11 00 49 7E 7E 80 01 00 05 86 81 20 10 00 08 F7 4B 00 43 12 11 00 47 7E 7E 92 12 00 36 86 81 20 10 00 08 C0 98 32 30 32 5F 36 34 5F 36 34 30 31 5F 30 33 5F 38 36 38 31 32 30 31 30 30 30 30 38 30 30 32 36 30 34 30 35 32 33 31 37 33 36 30 35 30 32 30 30 2E 6D 70 34 02 00 00 EA 7E"}
{"ts":"2026-04-05T23:22:44.440Z","level":"INFO","device":"100000000010","event":"MEDIA_CLOSED","detail":""}
{"ts":"2026-04-05T23:22:44.441Z","level":"INFO","device":"868120100008","event":"MEDIA_CLOSED","detail":""}
{"ts":"2026-04-05T23:22:44.500Z","level":"INFO","device":"868120100007","event":"MEDIA_RX","detail":"7E 80 01 00 05 86 81 20 10 00 07 69 8F 00 2F 12 11 00 7D 02 7E 7E 80 01 00 05 86 81 20 10 00 07 A4 65 00 30 12 11 00 46 7E 7E 80 01 00 05 86 81 20 10 00 07 0B 9D 00 31 12 11 00 10 7E 7E 80 01 00 05 86 81 20 10 00 07 3A D3 00 32 12 11 00 6C 7E 7E 80 01 00 05 86 81 20 10 00 07 2B A7 00 33 12 11 00 08 7E 7E 80 01 00 05 86 81 20 10 00 07 B1 8A 00 34 12 11 00 B8 7E 7E 80 01 00 05 86 81 20 10 00 07 9A AD 00 35 12 11 00 B5 7E 7E 80 01 00 05 86 81 20 10 00 07 C7 07 00 36 12 11 00 41 7E 7E 80 01 00 05 86 81 20 10 00 07 95 B0 00 37 12 11 00 A5 7E 7E 80 01 00 05 86 81 20 10 00 07 F2 35 00 38 12 11 00 48 7E 7E 80 01 00 05 86 81 20 10 00 07 D7 DC 00 39 12 11 00 85 7E 7E 80 01 00 05 86 81 20 10 00 07 23 49 00 3A 12 11 00 E7 7E 7E 80 01 00 05 86 81 20 10 00 07 5D F8 00 3B 12 11 00 29 7E 7E 80 01 00 05 86 81 20 10 00 07 B9 B7 00 3C 12 11 00 85 7E 7E 80 01 00 05 86 81 20 10 00 07 A0 87 00 3D 12 11 00 AD 7E 7E 80 01 00 05 86 81 20 10 00 07 83 52 00 3E 12 11 00 58 7E 7E 80 01 00 05 86 81 20 10 00 07 FB 24 00 3F 12 11 00 57 7E 7E 80 01 00 05 86 81 20 10 00 07 F9 FE 00 40 12 11 00 F0 7E 7E 80 01 00 05 86 81 20 10 00 07 BB 2B 00 41 12 11 00 66 7E 7E 80 01 00 05 86 81 20 10 00 07 DF 6B 00 42 12 11 00 41 7E 7E 80 01 00 05 86 81 20 10 00 07 CF C1 00 43 12 11 00 FA 7E 7E 92 12 00 36 86 81 20 10 00 07 B5 0D 32 30 32 5F 36 34 5F 36 34 30 31 5F 30 33 5F 38 36 38 31 32 30 31 30 30 30 30 37 30 30 32 36 30 34 30 35 32 33 31 37 33 36 30 35 30 32 30 30 2E 6D 70 34 02 00 00 0A 7E"}
{"ts":"2026-04-05T23:22:44.500Z","level":"INFO","device":"868120100007","event":"MEDIA_CLOSED","detail":""}
{"ts":"2026-04-05T23:22:45.456Z","level":"INFO","device":"291078985963","event":"HEARTBEAT_SENT","detail":"0x0002"}
{"ts":"2026-04-05T23:22:45.491Z","level":"INFO","device":"291078985963","event":"OBD2_SENT_0x0200","detail":"Lat: 51.732810, Lng: 0.488071 | Speed: 65km/h | RPM: 3395"}
{"ts":"2026-04-05T23:22:45.576Z","level":"INFO","device":"200000000002","event":"HEARTBEAT_SENT","detail":"0x0002"}
{"ts":"2026-04-05T23:22:45.579Z","level":"INFO","device":"200000000002","event":"OBD2_SENT_0x0200","detail":"Lat: 51.716371, Lng: 0.504441 | Speed: 17km/h | RPM: 1462"}
{"ts":"2026-04-05T23:22:45.651Z","level":"INFO","device":"291078985963","event":"SERVER_ACK","detail":"0x8001 Universal Reply Received"}
{"ts":"2026-04-05T23:22:45.721Z","level":"INFO","device":"200000000003","event":"HEARTBEAT_SENT","detail":"0x0002"}
{"ts":"2026-04-05T23:22:45.724Z","level":"INFO","device":"200000000003","event":"OBD2_SENT_0x0200","detail":"Lat: 51.737440, Lng: 0.473238 | Speed: 32km/h | RPM: 2080"}
{"ts":"2026-04-05T23:22:45.779Z","level":"INFO","device":"200000000002","event":"SERVER_ACK","detail":"0x8001 Universal Reply Received"}
{"ts":"2026-04-05T23:22:45.874Z","level":"INFO","device":"200000000004","event":"HEARTBEAT_SENT","detail":"0x0002"}
{"ts":"2026-04-05T23:22:45.880Z","level":"INFO","device":"200000000004","event":"OBD2_SENT_0x0200","detail":"Lat: 51.737759, Lng: 0.477098 | Speed: 30km/h | RPM: 2009"}
{"ts":"2026-04-05T23:22:45.932Z","level":"INFO","device":"200000000003","event":"SERVER_ACK","detail":"0x8001 Universal Reply Received"}
{"ts":"2026-04-05T23:22:45.983Z","level":"INFO","device":"291078985963","event":"SERVER_ACK","detail":"0x8001 Universal Reply Received"}
{"ts":"2026-04-05T23:22:46.023Z","level":"INFO","device":"200000000005","event":"HEARTBEAT_SENT","detail":"0x0002"}
{"ts":"2026-04-05T23:22:46.033Z","level":"INFO","device":"200000000005","event":"OBD2_SENT_0x0200","detail":"Lat: 51.737126, Lng: 0.479686 | Speed: 33km/h | RPM: 2128"}
{"ts":"2026-04-05T23:22:46.061Z","level":"INFO","device":"200000000004","event":"SERVER_ACK","detail":"0x8001 Universal Reply Received"}
{"ts":"2026-04-05T23:22:46.118Z","level":"INFO","device":"200000000002","event":"SERVER_ACK","detail":"0x8001 Universal Reply Received"}
{"ts":"2026-04-05T23:22:46.172Z","level":"INFO","device":"200000000006","event":"HEARTBEAT_SENT","detail":"0x0002"}
{"ts":"2026-04-05T23:22:46.176Z","level":"INFO","device":"200000000006","event":"OBD2_SENT_0x0200","detail":"Lat: 51.727986, Lng: 0.494968 | Speed: 57km/h | RPM: 3083"}
{"ts":"2026-04-05T23:22:46.225Z","level":"INFO","device":"200000000005","event":"SERVER_ACK","detail":"0x8001 Universal Reply Received"}
{"ts":"2026-04-05T23:22:46.281Z","level":"INFO","device":"200000000003","event":"SERVER_ACK","detail":"0x8001 Universal Reply Received"}
{"ts":"2026-04-05T23:22:46.322Z","level":"INFO","device":"200000000007","event":"HEARTBEAT_SENT","detail":"0x0002"}
{"ts":"2026-04-05T23:22:46.330Z","level":"INFO","device":"200000000007","event":"OBD2_SENT_0x0200","detail":"Lat: 51.724647, Lng: 0.496191 | Speed: 70km/h | RPM: 3592"}
{"ts":"2026-04-05T23:22:46.357Z","level":"INFO","device":"200000000006","event":"SERVER_ACK","detail":"0x8001 Universal Reply Received"}
{"ts":"2026-04-05T23:22:46.381Z","level":"INFO","device":"200000000004","event":"SERVER_ACK","detail":"0x8001 Universal Reply Received"}
{"ts":"2026-04-05T23:22:46.476Z","level":"INFO","device":"200000000008","event":"HEARTBEAT_SENT","detail":"0x0002"}
{"ts":"2026-04-05T23:22:46.482Z","level":"INFO","device":"200000000008","event":"OBD2_SENT_0x0200","detail":"Lat: 51.732632, Lng: 0.488604 | Speed: 43km/h | RPM: 2513"}
{"ts":"2026-04-05T23:22:46.508Z","level":"INFO","device":"200000000007","event":"SERVER_ACK","detail":"0x8001 Universal Reply Received"}
{"ts":"2026-04-05T23:22:46.553Z","level":"INFO","device":"200000000005","event":"SERVER_ACK","detail":"0x8001 Universal Reply Received"}
{"ts":"2026-04-05T23:22:46.625Z","level":"INFO","device":"200000000009","event":"HEARTBEAT_SENT","detail":"0x0002"}
{"ts":"2026-04-05T23:22:46.625Z","level":"INFO","device":"200000000009","event":"OBD2_SENT_0x0200","detail":"Lat: 51.733098, Lng: 0.487008 | Speed: 52km/h | RPM: 2886"}
{"ts":"2026-04-05T23:22:46.661Z","level":"INFO","device":"200000000006","event":"SERVER_ACK","detail":"0x8001 Universal Reply Received"}
{"ts":"2026-04-05T23:22:46.662Z","level":"INFO","device":"200000000008","event":"SERVER_ACK","detail":"0x8001 Universal Reply Received"}
{"ts":"2026-04-05T23:22:46.772Z","level":"INFO","device":"200000000010","event":"HEARTBEAT_SENT","detail":"0x0002"}
{"ts":"2026-04-05T23:22:46.780Z","level":"INFO","device":"200000000010","event":"OBD2_SENT_0x0200","detail":"Lat: 51.736805, Lng: 0.470691 | Speed: 42km/h | RPM: 2491"}
{"ts":"2026-04-05T23:22:46.816Z","level":"INFO","device":"200000000007","event":"SERVER_ACK","detail":"0x8001 Universal Reply Received"}
{"ts":"2026-04-05T23:22:46.835Z","level":"INFO","device":"200000000009","event":"SERVER_ACK","detail":"0x8001 Universal Reply Received"}
{"ts":"2026-04-05T23:22:46.972Z","level":"INFO","device":"200000000008","event":"SERVER_ACK","detail":"0x8001 Universal Reply Received"}
{"ts":"2026-04-05T23:22:46.974Z","level":"INFO","device":"200000000010","event":"SERVER_ACK","detail":"0x8001 Universal Reply Received"}
{"ts":"2026-04-05T23:22:47.182Z","level":"INFO","device":"200000000009","event":"SERVER_ACK","detail":"0x8001 Universal Reply Received"}
{"ts":"2026-04-05T23:22:47.298Z","level":"INFO","device":"200000000010","event":"SERVER_ACK","detail":"0x8001 Universal Reply Received"}
{"ts":"2026-04-05T23:23:00.500Z","level":"INFO","device":"291078985963","event":"OBD2_SENT_0x0200","detail":"Lat: 51.731655, Lng: 0.490889 | Speed: 60km/h | RPM: 3199"}
{"ts":"2026-04-05T23:23:00.579Z","level":"INFO","device":"200000000002","event":"OBD2_SENT_0x0200","detail":"Lat: 51.716051, Lng: 0.505370 | Speed: 18km/h | RPM: 1509"}
{"ts":"2026-04-05T23:23:00.698Z","level":"INFO","device":"291078985963","event":"SERVER_ACK","detail":"0x8001 Universal Reply Received"}
{"ts":"2026-04-05T23:23:00.724Z","level":"INFO","device":"200000000003","event":"OBD2_SENT_0x0200","detail":"Lat: 51.737681, Lng: 0.474847 | Speed: 28km/h | RPM: 1901"}
{"ts":"2026-04-05T23:23:00.785Z","level":"INFO","device":"200000000002","event":"SERVER_ACK","detail":"0x8001 Universal Reply Received"}
{"ts":"2026-04-05T23:23:00.880Z","level":"INFO","device":"200000000004","event":"OBD2_SENT_0x0200","detail":"Lat: 51.737427, Lng: 0.478893 | Speed: 30km/h | RPM: 1998"}
{"ts":"2026-04-05T23:23:00.936Z","level":"INFO","device":"200000000003","event":"SERVER_ACK","detail":"0x8001 Universal Reply Received"}
{"ts":"2026-04-05T23:23:01.033Z","level":"INFO","device":"200000000005","event":"OBD2_SENT_0x0200","detail":"Lat: 51.736151, Lng: 0.481091 | Speed: 34km/h | RPM: 2161"}
{"ts":"2026-04-05T23:23:01.067Z","level":"INFO","device":"200000000004","event":"SERVER_ACK","detail":"0x8001 Universal Reply Received"}
{"ts":"2026-04-05T23:23:01.176Z","level":"INFO","device":"200000000006","event":"OBD2_SENT_0x0200","detail":"Lat: 51.726022, Lng: 0.495873 | Speed: 56km/h | RPM: 3037"}
{"ts":"2026-04-05T23:23:01.235Z","level":"INFO","device":"200000000005","event":"SERVER_ACK","detail":"0x8001 Universal Reply Received"}
{"ts":"2026-04-05T23:23:01.315Z","level":"INFO","device":"291078985963","event":"GPS_SENT","detail":""}
{"ts":"2026-04-05T23:23:01.317Z","level":"INFO","device":"868120100009","event":"GPS_SENT","detail":""}
{"ts":"2026-04-05T23:23:01.331Z","level":"INFO","device":"200000000007","event":"OBD2_SENT_0x0200","detail":"Lat: 51.722194, Lng: 0.497103 | Speed: 66km/h | RPM: 3438"}
{"ts":"2026-04-05T23:23:01.360Z","level":"INFO","device":"200000000006","event":"SERVER_ACK","detail":"0x8001 Universal Reply Received"}
{"ts":"2026-04-05T23:23:01.378Z","level":"INFO","device":"868120100005","event":"GPS_SENT","detail":""}
{"ts":"2026-04-05T23:23:01.435Z","level":"INFO","device":"868120100004","event":"GPS_SENT","detail":""}
{"ts":"2026-04-05T23:23:01.482Z","level":"INFO","device":"200000000008","event":"OBD2_SENT_0x0200","detail":"Lat: 51.731893, Lng: 0.490414 | Speed: 39km/h | RPM: 2372"}
{"ts":"2026-04-05T23:23:01.482Z","level":"INFO","device":"868120100006","event":"GPS_SENT","detail":""}
{"ts":"2026-04-05T23:23:01.516Z","level":"INFO","device":"291078985963","event":"RX_MSG","detail":"0x8001 bodyLen=5"}
{"ts":"2026-04-05T23:23:01.516Z","level":"INFO","device":"291078985963","event":"SERVER_ACK","detail":"0x0200 result=OK"}
{"ts":"2026-04-05T23:23:01.517Z","level":"INFO","device":"200000000007","event":"SERVER_ACK","detail":"0x8001 Universal Reply Received"}
{"ts":"2026-04-05T23:23:01.531Z","level":"INFO","device":"868120100009","event":"RX_MSG","detail":"0x8001 bodyLen=5"}
{"ts":"2026-04-05T23:23:01.531Z","level":"INFO","device":"868120100009","event":"SERVER_ACK","detail":"0x0200 result=OK"}
{"ts":"2026-04-05T23:23:01.565Z","level":"INFO","device":"868120100003","event":"GPS_SENT","detail":""}
{"ts":"2026-04-05T23:23:01.581Z","level":"INFO","device":"868120100005","event":"RX_MSG","detail":"0x8001 bodyLen=5"}
{"ts":"2026-04-05T23:23:01.581Z","level":"INFO","device":"868120100005","event":"SERVER_ACK","detail":"0x0200 result=OK"}
{"ts":"2026-04-05T23:23:01.620Z","level":"INFO","device":"868120100004","event":"RX_MSG","detail":"0x8001 bodyLen=5"}
{"ts":"2026-04-05T23:23:01.620Z","level":"INFO","device":"868120100004","event":"SERVER_ACK","detail":"0x0200 result=OK"}
{"ts":"2026-04-05T23:23:01.626Z","level":"INFO","device":"200000000009","event":"OBD2_SENT_0x0200","detail":"Lat: 51.732264, Lng: 0.489589 | Speed: 48km/h | RPM: 2724"}
{"ts":"2026-04-05T23:23:01.668Z","level":"INFO","device":"200000000008","event":"SERVER_ACK","detail":"0x8001 Universal Reply Received"}
{"ts":"2026-04-05T23:23:01.683Z","level":"INFO","device":"868120100006","event":"RX_MSG","detail":"0x8001 bodyLen=5"}
{"ts":"2026-04-05T23:23:01.683Z","level":"INFO","device":"868120100006","event":"SERVER_ACK","detail":"0x0200 result=OK"}
{"ts":"2026-04-05T23:23:01.710Z","level":"INFO","device":"868120100002","event":"GPS_SENT","detail":""}
{"ts":"2026-04-05T23:23:01.767Z","level":"INFO","device":"868120100003","event":"RX_MSG","detail":"0x8001 bodyLen=5"}
{"ts":"2026-04-05T23:23:01.768Z","level":"INFO","device":"868120100003","event":"SERVER_ACK","detail":"0x0200 result=OK"}
{"ts":"2026-04-05T23:23:01.780Z","level":"INFO","device":"200000000010","event":"OBD2_SENT_0x0200","detail":"Lat: 51.737388, Lng: 0.472950 | Speed: 41km/h | RPM: 2434"}
{"ts":"2026-04-05T23:23:01.838Z","level":"INFO","device":"200000000009","event":"SERVER_ACK","detail":"0x8001 Universal Reply Received"}
{"ts":"2026-04-05T23:23:01.853Z","level":"INFO","device":"100000000010","event":"GPS_SENT","detail":""}
{"ts":"2026-04-05T23:23:01.894Z","level":"INFO","device":"868120100007","event":"GPS_SENT","detail":""}
{"ts":"2026-04-05T23:23:01.920Z","level":"INFO","device":"868120100002","event":"RX_MSG","detail":"0x8001 bodyLen=5"}
{"ts":"2026-04-05T23:23:01.920Z","level":"INFO","device":"868120100002","event":"SERVER_ACK","detail":"0x0200 result=OK"}
{"ts":"2026-04-05T23:23:01.924Z","level":"INFO","device":"868120100008","event":"GPS_SENT","detail":""}
{"ts":"2026-04-05T23:23:01.982Z","level":"INFO","device":"200000000010","event":"SERVER_ACK","detail":"0x8001 Universal Reply Received"}
{"ts":"2026-04-05T23:23:02.046Z","level":"INFO","device":"100000000010","event":"RX_MSG","detail":"0x8001 bodyLen=5"}
{"ts":"2026-04-05T23:23:02.046Z","level":"INFO","device":"100000000010","event":"SERVER_ACK","detail":"0x0200 result=OK"}
{"ts":"2026-04-05T23:23:02.096Z","level":"INFO","device":"868120100007","event":"RX_MSG","detail":"0x8001 bodyLen=5"}
{"ts":"2026-04-05T23:23:02.096Z","level":"INFO","device":"868120100007","event":"SERVER_ACK","detail":"0x0200 result=OK"}
{"ts":"2026-04-05T23:23:02.125Z","level":"INFO","device":"868120100008","event":"RX_MSG","detail":"0x8001 bodyLen=5"}
{"ts":"2026-04-05T23:23:02.125Z","level":"INFO","device":"868120100008","event":"SERVER_ACK","detail":"0x0200 result=OK"}
{"ts":"2026-04-05T23:23:15.468Z","level":"INFO","device":"291078985963","event":"HEARTBEAT_SENT","detail":"0x0002"}
{"ts":"2026-04-05T23:23:15.500Z","level":"INFO","device":"291078985963","event":"OBD2_SENT_0x0200","detail":"Lat: 51.729583, Lng: 0.493706 | Speed: 64km/h | RPM: 3355"}
{"ts":"2026-04-05T23:23:15.576Z","level":"INFO","device":"200000000002","event":"HEARTBEAT_SENT","detail":"0x0002"}
{"ts":"2026-04-05T23:23:15.580Z","level":"INFO","device":"200000000002","event":"OBD2_SENT_0x0200","detail":"Lat: 51.715844, Lng: 0.506095 | Speed: 13km/h | RPM: 1328"}
{"ts":"2026-04-05T23:23:15.661Z","level":"INFO","device":"291078985963","event":"SERVER_ACK","detail":"0x8001 Universal Reply Received"}
{"ts":"2026-04-05T23:23:15.721Z","level":"INFO","device":"200000000003","event":"HEARTBEAT_SENT","detail":"0x0002"}
{"ts":"2026-04-05T23:23:15.724Z","level":"INFO","device":"200000000003","event":"OBD2_SENT_0x0200","detail":"Lat: 51.737791, Lng: 0.476704 | Speed: 31km/h | RPM: 2052"}
{"ts":"2026-04-05T23:23:15.780Z","level":"INFO","device":"200000000002","event":"SERVER_ACK","detail":"0x8001 Universal Reply Received"}
{"ts":"2026-04-05T23:23:15.875Z","level":"INFO","device":"200000000004","event":"HEARTBEAT_SENT","detail":"0x0002"}
{"ts":"2026-04-05T23:23:15.881Z","level":"INFO","device":"200000000004","event":"OBD2_SENT_0x0200","detail":"Lat: 51.736795, Lng: 0.480274 | Speed: 31km/h | RPM: 2024"}
{"ts":"2026-04-05T23:23:15.932Z","level":"INFO","device":"200000000003","event":"SERVER_ACK","detail":"0x8001 Universal Reply Received"}
{"ts":"2026-04-05T23:23:15.973Z","level":"INFO","device":"291078985963","event":"SERVER_ACK","detail":"0x8001 Universal Reply Received"}
{"ts":"2026-04-05T23:23:16.022Z","level":"INFO","device":"200000000005","event":"HEARTBEAT_SENT","detail":"0x0002"}
{"ts":"2026-04-05T23:23:16.034Z","level":"INFO","device":"200000000005","event":"OBD2_SENT_0x0200","detail":"Lat: 51.735247, Lng: 0.482145 | Speed: 30km/h | RPM: 1990"}
{"ts":"2026-04-05T23:23:16.061Z","level":"INFO","device":"200000000004","event":"SERVER_ACK","detail":"0x8001 Universal Reply Received"}
{"ts":"2026-04-05T23:23:16.108Z","level":"INFO","device":"200000000002","event":"SERVER_ACK","detail":"0x8001 Universal Reply Received"}
{"ts":"2026-04-05T23:23:16.172Z","level":"INFO","device":"200000000006","event":"HEARTBEAT_SENT","detail":"0x0002"}
{"ts":"2026-04-05T23:23:16.175Z","level":"INFO","device":"200000000006","event":"OBD2_SENT_0x0200","detail":"Lat: 51.724070, Lng: 0.496359 | Speed: 53km/h | RPM: 2920"}
{"ts":"2026-04-05T23:23:16.224Z","level":"INFO","device":"200000000005","event":"SERVER_ACK","detail":"0x8001 Universal Reply Received"}
{"ts":"2026-04-05T23:23:16.271Z","level":"INFO","device":"200000000003","event":"SERVER_ACK","detail":"0x8001 Universal Reply Received"}
{"ts":"2026-04-05T23:23:16.322Z","level":"INFO","device":"200000000007","event":"HEARTBEAT_SENT","detail":"0x0002"}
{"ts":"2026-04-05T23:23:16.331Z","level":"INFO","device":"200000000007","event":"OBD2_SENT_0x0200","detail":"Lat: 51.719707, Lng: 0.498715 | Speed: 70km/h | RPM: 3580"}
{"ts":"2026-04-05T23:23:16.361Z","level":"INFO","device":"200000000006","event":"SERVER_ACK","detail":"0x8001 Universal Reply Received"}
{"ts":"2026-04-05T23:23:16.380Z","level":"INFO","device":"200000000004","event":"SERVER_ACK","detail":"0x8001 Universal Reply Received"}
{"ts":"2026-04-05T23:23:16.472Z","level":"INFO","device":"200000000008","event":"DTC_SENT_0x0900","detail":"Injected Fault Code: P0420"}
{"ts":"2026-04-05T23:23:16.475Z","level":"INFO","device":"200000000008","event":"HEARTBEAT_SENT","detail":"0x0002"}
{"ts":"2026-04-05T23:23:16.482Z","level":"INFO","device":"200000000008","event":"OBD2_SENT_0x0200","detail":"Lat: 51.730977, Lng: 0.492029 | Speed: 34km/h | RPM: 2175"}
{"ts":"2026-04-05T23:23:16.508Z","level":"INFO","device":"200000000007","event":"SERVER_ACK","detail":"0x8001 Universal Reply Received"}
{"ts":"2026-04-05T23:23:16.551Z","level":"INFO","device":"200000000005","event":"SERVER_ACK","detail":"0x8001 Universal Reply Received"}
{"ts":"2026-04-05T23:23:16.625Z","level":"INFO","device":"200000000009","event":"HEARTBEAT_SENT","detail":"0x0002"}
{"ts":"2026-04-05T23:23:16.627Z","level":"INFO","device":"200000000009","event":"OBD2_SENT_0x0200","detail":"Lat: 51.731004, Lng: 0.491994 | Speed: 47km/h | RPM: 2692"}
{"ts":"2026-04-05T23:23:16.659Z","level":"INFO","device":"200000000006","event":"SERVER_ACK","detail":"0x8001 Universal Reply Received"}
{"ts":"2026-04-05T23:23:16.665Z","level":"INFO","device":"200000000008","event":"SERVER_ACK","detail":"0x8001 Universal Reply Received"}
{"ts":"2026-04-05T23:23:16.773Z","level":"INFO","device":"200000000010","event":"HEARTBEAT_SENT","detail":"0x0002"}
{"ts":"2026-04-05T23:23:16.780Z","level":"INFO","device":"200000000010","event":"OBD2_SENT_0x0200","detail":"Lat: 51.737731, Lng: 0.475249 | Speed: 41km/h | RPM: 2432"}
{"ts":"2026-04-05T23:23:16.806Z","level":"INFO","device":"200000000007","event":"SERVER_ACK","detail":"0x8001 Universal Reply Received"}
{"ts":"2026-04-05T23:23:16.835Z","level":"INFO","device":"200000000009","event":"SERVER_ACK","detail":"0x8001 Universal Reply Received"}
{"ts":"2026-04-05T23:23:16.961Z","level":"INFO","device":"200000000008","event":"SERVER_ACK","detail":"0x8001 Universal Reply Received"}
{"ts":"2026-04-05T23:23:16.975Z","level":"INFO","device":"200000000010","event":"SERVER_ACK","detail":"0x8001 Universal Reply Received"}
{"ts":"2026-04-05T23:23:17.172Z","level":"INFO","device":"200000000009","event":"SERVER_ACK","detail":"0x8001 Universal Reply Received"}
{"ts":"2026-04-05T23:23:17.288Z","level":"INFO","device":"200000000010","event":"SERVER_ACK","detail":"0x8001 Universal Reply Received"}
{"ts":"2026-04-05T23:23:21.315Z","level":"INFO","device":"291078985963","event":"INCIDENT_SENT","detail":"mediaId=13 alarmId=291078985963002604052323210D0200"}
{"ts":"2026-04-05T23:23:21.315Z","level":"INFO","device":"291078985963","event":"GPS_SENT","detail":""}
{"ts":"2026-04-05T23:23:21.317Z","level":"INFO","device":"868120100009","event":"INCIDENT_SENT","detail":"mediaId=13 alarmId=868120100009002604052323210D0200"}
{"ts":"2026-04-05T23:23:21.317Z","level":"INFO","device":"868120100009","event":"GPS_SENT","detail":""}
{"ts":"2026-04-05T23:23:21.377Z","level":"INFO","device":"868120100005","event":"INCIDENT_SENT","detail":"mediaId=13 alarmId=868120100005002604052323210D0200"}
{"ts":"2026-04-05T23:23:21.378Z","level":"INFO","device":"868120100005","event":"GPS_SENT","detail":""}
{"ts":"2026-04-05T23:23:21.432Z","level":"INFO","device":"868120100004","event":"INCIDENT_SENT","detail":"mediaId=13 alarmId=868120100004002604052323210D0200"}
{"ts":"2026-04-05T23:23:21.435Z","level":"INFO","device":"868120100004","event":"GPS_SENT","detail":""}
{"ts":"2026-04-05T23:23:21.480Z","level":"INFO","device":"868120100006","event":"INCIDENT_SENT","detail":"mediaId=13 alarmId=868120100006002604052323210D0200"}
{"ts":"2026-04-05T23:23:21.481Z","level":"INFO","device":"868120100006","event":"GPS_SENT","detail":""}
{"ts":"2026-04-05T23:23:21.517Z","level":"INFO","device":"291078985963","event":"RX_MSG","detail":"0x8001 bodyLen=5"}
{"ts":"2026-04-05T23:23:21.517Z","level":"INFO","device":"291078985963","event":"SERVER_ACK","detail":"0x0200 result=OK"}
{"ts":"2026-04-05T23:23:21.531Z","level":"INFO","device":"868120100009","event":"RX_MSG","detail":"0x8001 bodyLen=5"}
{"ts":"2026-04-05T23:23:21.531Z","level":"INFO","device":"868120100009","event":"SERVER_ACK","detail":"0x0200 result=OK"}
{"ts":"2026-04-05T23:23:21.564Z","level":"INFO","device":"868120100003","event":"INCIDENT_SENT","detail":"mediaId=13 alarmId=868120100003002604052323210D0200"}
{"ts":"2026-04-05T23:23:21.565Z","level":"INFO","device":"868120100003","event":"GPS_SENT","detail":""}
{"ts":"2026-04-05T23:23:21.581Z","level":"INFO","device":"868120100005","event":"RX_MSG","detail":"0x8001 bodyLen=5"}
{"ts":"2026-04-05T23:23:21.581Z","level":"INFO","device":"868120100005","event":"SERVER_ACK","detail":"0x0200 result=OK"}
{"ts":"2026-04-05T23:23:21.616Z","level":"INFO","device":"868120100004","event":"RX_MSG","detail":"0x8001 bodyLen=5"}
{"ts":"2026-04-05T23:23:21.616Z","level":"INFO","device":"868120100004","event":"SERVER_ACK","detail":"0x0200 result=OK"}
{"ts":"2026-04-05T23:23:21.681Z","level":"INFO","device":"868120100006","event":"RX_MSG","detail":"0x8001 bodyLen=5"}
{"ts":"2026-04-05T23:23:21.681Z","level":"INFO","device":"868120100006","event":"SERVER_ACK","detail":"0x0200 result=OK"}
{"ts":"2026-04-05T23:23:21.706Z","level":"INFO","device":"868120100002","event":"INCIDENT_SENT","detail":"mediaId=13 alarmId=868120100002002604052323210D0200"}
{"ts":"2026-04-05T23:23:21.710Z","level":"INFO","device":"868120100002","event":"GPS_SENT","detail":""}
{"ts":"2026-04-05T23:23:21.766Z","level":"INFO","device":"868120100003","event":"RX_MSG","detail":"0x8001 bodyLen=5"}
{"ts":"2026-04-05T23:23:21.766Z","level":"INFO","device":"868120100003","event":"SERVER_ACK","detail":"0x0200 result=OK"}
{"ts":"2026-04-05T23:23:21.831Z","level":"INFO","device":"291078985963","event":"RX_MSG","detail":"0x8001 bodyLen=5"}
{"ts":"2026-04-05T23:23:21.831Z","level":"INFO","device":"291078985963","event":"SERVER_ACK","detail":"0x0800 result=OK"}
{"ts":"2026-04-05T23:23:21.831Z","level":"INFO","device":"291078985963","event":"RX_MSG","detail":"0x8001 bodyLen=5"}
{"ts":"2026-04-05T23:23:21.831Z","level":"INFO","device":"291078985963","event":"SERVER_ACK","detail":"0x0200 result=OK"}
{"ts":"2026-04-05T23:23:21.847Z","level":"INFO","device":"100000000010","event":"INCIDENT_SENT","detail":"mediaId=13 alarmId=100000000010002604052323210D0200"}
{"ts":"2026-04-05T23:23:21.853Z","level":"INFO","device":"100000000010","event":"GPS_SENT","detail":""}
{"ts":"2026-04-05T23:23:21.870Z","level":"INFO","device":"868120100009","event":"RX_MSG","detail":"0x8001 bodyLen=5"}
{"ts":"2026-04-05T23:23:21.870Z","level":"INFO","device":"868120100009","event":"SERVER_ACK","detail":"0x0800 result=OK"}
{"ts":"2026-04-05T23:23:21.871Z","level":"INFO","device":"868120100009","event":"RX_MSG","detail":"0x8001 bodyLen=5"}
{"ts":"2026-04-05T23:23:21.871Z","level":"INFO","device":"868120100009","event":"SERVER_ACK","detail":"0x0200 result=OK"}
{"ts":"2026-04-05T23:23:21.893Z","level":"INFO","device":"868120100007","event":"INCIDENT_SENT","detail":"mediaId=13 alarmId=868120100007002604052323210D0200"}
{"ts":"2026-04-05T23:23:21.893Z","level":"INFO","device":"868120100005","event":"RX_MSG","detail":"0x8001 bodyLen=5"}
{"ts":"2026-04-05T23:23:21.893Z","level":"INFO","device":"868120100005","event":"SERVER_ACK","detail":"0x0800 result=OK"}
{"ts":"2026-04-05T23:23:21.894Z","level":"INFO","device":"868120100005","event":"RX_MSG","detail":"0x8001 bodyLen=5"}
{"ts":"2026-04-05T23:23:21.894Z","level":"INFO","device":"868120100005","event":"SERVER_ACK","detail":"0x0200 result=OK"}
{"ts":"2026-04-05T23:23:21.895Z","level":"INFO","device":"868120100007","event":"GPS_SENT","detail":""}
{"ts":"2026-04-05T23:23:21.917Z","level":"INFO","device":"868120100002","event":"RX_MSG","detail":"0x8001 bodyLen=5"}
{"ts":"2026-04-05T23:23:21.917Z","level":"INFO","device":"868120100002","event":"SERVER_ACK","detail":"0x0200 result=OK"}
{"ts":"2026-04-05T23:23:21.925Z","level":"INFO","device":"868120100008","event":"INCIDENT_SENT","detail":"mediaId=13 alarmId=868120100008002604052323210D0200"}
{"ts":"2026-04-05T23:23:21.926Z","level":"INFO","device":"868120100008","event":"GPS_SENT","detail":""}
{"ts":"2026-04-05T23:23:21.936Z","level":"INFO","device":"868120100004","event":"RX_MSG","detail":"0x8001 bodyLen=5"}
{"ts":"2026-04-05T23:23:21.936Z","level":"INFO","device":"868120100004","event":"SERVER_ACK","detail":"0x0800 result=OK"}
{"ts":"2026-04-05T23:23:21.937Z","level":"INFO","device":"868120100004","event":"RX_MSG","detail":"0x8001 bodyLen=5"}
{"ts":"2026-04-05T23:23:21.937Z","level":"INFO","device":"868120100004","event":"SERVER_ACK","detail":"0x0200 result=OK"}
{"ts":"2026-04-05T23:23:22.016Z","level":"INFO","device":"868120100006","event":"RX_MSG","detail":"0x8001 bodyLen=5"}
{"ts":"2026-04-05T23:23:22.017Z","level":"INFO","device":"868120100006","event":"SERVER_ACK","detail":"0x0800 result=OK"}
{"ts":"2026-04-05T23:23:22.018Z","level":"INFO","device":"868120100006","event":"RX_MSG","detail":"0x8001 bodyLen=5"}
{"ts":"2026-04-05T23:23:22.018Z","level":"INFO","device":"868120100006","event":"SERVER_ACK","detail":"0x0200 result=OK"}
{"ts":"2026-04-05T23:23:22.041Z","level":"INFO","device":"100000000010","event":"RX_MSG","detail":"0x8001 bodyLen=5"}
{"ts":"2026-04-05T23:23:22.041Z","level":"INFO","device":"100000000010","event":"SERVER_ACK","detail":"0x0200 result=OK"}
{"ts":"2026-04-05T23:23:22.081Z","level":"INFO","device":"868120100003","event":"RX_MSG","detail":"0x8001 bodyLen=5"}
{"ts":"2026-04-05T23:23:22.081Z","level":"INFO","device":"868120100003","event":"SERVER_ACK","detail":"0x0800 result=OK"}
{"ts":"2026-04-05T23:23:22.081Z","level":"INFO","device":"868120100003","event":"RX_MSG","detail":"0x8001 bodyLen=5"}
{"ts":"2026-04-05T23:23:22.082Z","level":"INFO","device":"868120100003","event":"SERVER_ACK","detail":"0x0200 result=OK"}
{"ts":"2026-04-05T23:23:22.093Z","level":"INFO","device":"868120100007","event":"RX_MSG","detail":"0x8001 bodyLen=5"}
{"ts":"2026-04-05T23:23:22.094Z","level":"INFO","device":"868120100007","event":"SERVER_ACK","detail":"0x0200 result=OK"}
{"ts":"2026-04-05T23:23:22.125Z","level":"INFO","device":"868120100008","event":"RX_MSG","detail":"0x8001 bodyLen=5"}
{"ts":"2026-04-05T23:23:22.126Z","level":"INFO","device":"868120100008","event":"SERVER_ACK","detail":"0x0200 result=OK"}
{"ts":"2026-04-05T23:23:22.241Z","level":"INFO","device":"868120100002","event":"RX_MSG","detail":"0x8001 bodyLen=5"}
{"ts":"2026-04-05T23:23:22.241Z","level":"INFO","device":"868120100002","event":"SERVER_ACK","detail":"0x0800 result=OK"}
{"ts":"2026-04-05T23:23:22.241Z","level":"INFO","device":"868120100002","event":"RX_MSG","detail":"0x8001 bodyLen=5"}
{"ts":"2026-04-05T23:23:22.241Z","level":"INFO","device":"868120100002","event":"SERVER_ACK","detail":"0x0200 result=OK"}
{"ts":"2026-04-05T23:23:22.351Z","level":"INFO","device":"100000000010","event":"RX_MSG","detail":"0x8001 bodyLen=5"}
{"ts":"2026-04-05T23:23:22.351Z","level":"INFO","device":"100000000010","event":"SERVER_ACK","detail":"0x0800 result=OK"}
{"ts":"2026-04-05T23:23:22.351Z","level":"INFO","device":"100000000010","event":"RX_MSG","detail":"0x8001 bodyLen=5"}
{"ts":"2026-04-05T23:23:22.351Z","level":"INFO","device":"100000000010","event":"SERVER_ACK","detail":"0x0200 result=OK"}
{"ts":"2026-04-05T23:23:22.420Z","level":"INFO","device":"868120100007","event":"RX_MSG","detail":"0x8001 bodyLen=5"}
{"ts":"2026-04-05T23:23:22.420Z","level":"INFO","device":"868120100007","event":"SERVER_ACK","detail":"0x0800 result=OK"}
{"ts":"2026-04-05T23:23:22.420Z","level":"INFO","device":"868120100007","event":"RX_MSG","detail":"0x8001 bodyLen=5"}
{"ts":"2026-04-05T23:23:22.420Z","level":"INFO","device":"868120100007","event":"SERVER_ACK","detail":"0x0200 result=OK"}
{"ts":"2026-04-05T23:23:22.450Z","level":"INFO","device":"868120100008","event":"RX_MSG","detail":"0x8001 bodyLen=5"}
{"ts":"2026-04-05T23:23:22.451Z","level":"INFO","device":"868120100008","event":"SERVER_ACK","detail":"0x0800 result=OK"}
{"ts":"2026-04-05T23:23:22.451Z","level":"INFO","device":"868120100008","event":"RX_MSG","detail":"0x8001 bodyLen=5"}
{"ts":"2026-04-05T23:23:22.451Z","level":"INFO","device":"868120100008","event":"SERVER_ACK","detail":"0x0200 result=OK"}
{"ts":"2026-04-05T23:23:30.509Z","level":"INFO","device":"291078985963","event":"OBD2_SENT_0x0200","detail":"Lat: 51.727343, Lng: 0.495329 | Speed: 61km/h | RPM: 3258"}
{"ts":"2026-04-05T23:23:30.580Z","level":"INFO","device":"200000000002","event":"OBD2_SENT_0x0200","detail":"Lat: 51.715638, Lng: 0.506817 | Speed: 13km/h | RPM: 1325"}
{"ts":"2026-04-05T23:23:30.708Z","level":"INFO","device":"291078985963","event":"SERVER_ACK","detail":"0x8001 Universal Reply Received"}
{"ts":"2026-04-05T23:23:30.726Z","level":"INFO","device":"200000000003","event":"OBD2_SENT_0x0200","detail":"Lat: 51.737470, Lng: 0.478719 | Speed: 34km/h | RPM: 2144"}
{"ts":"2026-04-05T23:23:30.784Z","level":"INFO","device":"200000000002","event":"SERVER_ACK","detail":"0x8001 Universal Reply Received"}
{"ts":"2026-04-05T23:23:30.881Z","level":"INFO","device":"200000000004","event":"OBD2_SENT_0x0200","detail":"Lat: 51.735895, Lng: 0.481389 | Speed: 31km/h | RPM: 2045"}
{"ts":"2026-04-05T23:23:30.938Z","level":"INFO","device":"200000000003","event":"SERVER_ACK","detail":"0x8001 Universal Reply Received"}
{"ts":"2026-04-05T23:23:31.034Z","level":"INFO","device":"200000000005","event":"OBD2_SENT_0x0200","detail":"Lat: 51.734269, Lng: 0.483430 | Speed: 34km/h | RPM: 2175"}
{"ts":"2026-04-05T23:23:31.066Z","level":"INFO","device":"200000000004","event":"SERVER_ACK","detail":"0x8001 Universal Reply Received"}
{"ts":"2026-04-05T23:23:31.176Z","level":"INFO","device":"200000000006","event":"OBD2_SENT_0x0200","detail":"Lat: 51.721987, Lng: 0.497206 | Speed: 57km/h | RPM: 3061"}
{"ts":"2026-04-05T23:23:31.236Z","level":"INFO","device":"200000000005","event":"SERVER_ACK","detail":"0x8001 Universal Reply Received"}
{"ts":"2026-04-05T23:23:31.331Z","level":"INFO","device":"200000000007","event":"OBD2_SENT_0x0200","detail":"Lat: 51.717687, Lng: 0.501426 | Speed: 72km/h | RPM: 3672"}
{"ts":"2026-04-05T23:23:31.366Z","level":"INFO","device":"200000000006","event":"SERVER_ACK","detail":"0x8001 Universal Reply Received"}
{"ts":"2026-04-05T23:23:31.482Z","level":"INFO","device":"200000000008","event":"OBD2_SENT_0x0200","detail":"Lat: 51.729984, Lng: 0.493255 | Speed: 33km/h | RPM: 2101"}
{"ts":"2026-04-05T23:23:31.519Z","level":"INFO","device":"200000000007","event":"SERVER_ACK","detail":"0x8001 Universal Reply Received"}
{"ts":"2026-04-05T23:23:31.627Z","level":"INFO","device":"200000000009","event":"OBD2_SENT_0x0200","detail":"Lat: 51.729590, Lng: 0.493698 | Speed: 44km/h | RPM: 2543"}
{"ts":"2026-04-05T23:23:31.669Z","level":"INFO","device":"200000000008","event":"SERVER_ACK","detail":"0x8001 Universal Reply Received"}
{"ts":"2026-04-05T23:23:31.780Z","level":"INFO","device":"200000000010","event":"OBD2_SENT_0x0200","detail":"Lat: 51.737709, Lng: 0.477693 | Speed: 41km/h | RPM: 2448"}
{"ts":"2026-04-05T23:23:31.840Z","level":"INFO","device":"200000000009","event":"SERVER_ACK","detail":"0x8001 Universal Reply Received"}
{"ts":"2026-04-05T23:23:31.983Z","level":"INFO","device":"200000000010","event":"SERVER_ACK","detail":"0x8001 Universal Reply Received"}
{"ts":"2026-04-05T23:23:41.325Z","level":"INFO","device":"291078985963","event":"GPS_SENT","detail":""}
{"ts":"2026-04-05T23:23:41.326Z","level":"INFO","device":"868120100009","event":"GPS_SENT","detail":""}
{"ts":"2026-04-05T23:23:41.378Z","level":"INFO","device":"868120100005","event":"GPS_SENT","detail":""}
{"ts":"2026-04-05T23:23:41.436Z","level":"INFO","device":"868120100004","event":"GPS_SENT","detail":""}
{"ts":"2026-04-05T23:23:41.482Z","level":"INFO","device":"868120100006","event":"GPS_SENT","detail":""}
{"ts":"2026-04-05T23:23:41.527Z","level":"INFO","device":"291078985963","event":"RX_MSG","detail":"0x8001 bodyLen=5"}
{"ts":"2026-04-05T23:23:41.527Z","level":"INFO","device":"291078985963","event":"SERVER_ACK","detail":"0x0200 result=OK"}
{"ts":"2026-04-05T23:23:41.536Z","level":"INFO","device":"868120100009","event":"RX_MSG","detail":"0x8001 bodyLen=5"}
{"ts":"2026-04-05T23:23:41.536Z","level":"INFO","device":"868120100009","event":"SERVER_ACK","detail":"0x0200 result=OK"}
{"ts":"2026-04-05T23:23:41.565Z","level":"INFO","device":"868120100003","event":"GPS_SENT","detail":""}
{"ts":"2026-04-05T23:23:41.581Z","level":"INFO","device":"868120100005","event":"RX_MSG","detail":"0x8001 bodyLen=5"}
{"ts":"2026-04-05T23:23:41.581Z","level":"INFO","device":"868120100005","event":"SERVER_ACK","detail":"0x0200 result=OK"}
{"ts":"2026-04-05T23:23:41.621Z","level":"INFO","device":"868120100004","event":"RX_MSG","detail":"0x8001 bodyLen=5"}
{"ts":"2026-04-05T23:23:41.621Z","level":"INFO","device":"868120100004","event":"SERVER_ACK","detail":"0x0200 result=OK"}
{"ts":"2026-04-05T23:23:41.684Z","level":"INFO","device":"868120100006","event":"RX_MSG","detail":"0x8001 bodyLen=5"}
{"ts":"2026-04-05T23:23:41.684Z","level":"INFO","device":"868120100006","event":"SERVER_ACK","detail":"0x0200 result=OK"}
{"ts":"2026-04-05T23:23:41.709Z","level":"INFO","device":"868120100002","event":"GPS_SENT","detail":""}
{"ts":"2026-04-05T23:23:41.767Z","level":"INFO","device":"868120100003","event":"RX_MSG","detail":"0x8001 bodyLen=5"}
{"ts":"2026-04-05T23:23:41.768Z","level":"INFO","device":"868120100003","event":"SERVER_ACK","detail":"0x0200 result=OK"}
{"ts":"2026-04-05T23:23:41.853Z","level":"INFO","device":"100000000010","event":"GPS_SENT","detail":""}
{"ts":"2026-04-05T23:23:41.895Z","level":"INFO","device":"868120100007","event":"GPS_SENT","detail":""}
{"ts":"2026-04-05T23:23:41.919Z","level":"INFO","device":"868120100002","event":"RX_MSG","detail":"0x8001 bodyLen=5"}
{"ts":"2026-04-05T23:23:41.919Z","level":"INFO","device":"868120100002","event":"SERVER_ACK","detail":"0x0200 result=OK"}
{"ts":"2026-04-05T23:23:41.926Z","level":"INFO","device":"868120100008","event":"GPS_SENT","detail":""}
{"ts":"2026-04-05T23:23:42.048Z","level":"INFO","device":"100000000010","event":"RX_MSG","detail":"0x8001 bodyLen=5"}
{"ts":"2026-04-05T23:23:42.048Z","level":"INFO","device":"100000000010","event":"SERVER_ACK","detail":"0x0200 result=OK"}
{"ts":"2026-04-05T23:23:42.096Z","level":"INFO","device":"868120100007","event":"RX_MSG","detail":"0x8001 bodyLen=5"}
{"ts":"2026-04-05T23:23:42.096Z","level":"INFO","device":"868120100007","event":"SERVER_ACK","detail":"0x0200 result=OK"}
{"ts":"2026-04-05T23:23:42.126Z","level":"INFO","device":"868120100008","event":"RX_MSG","detail":"0x8001 bodyLen=5"}
{"ts":"2026-04-05T23:23:42.126Z","level":"INFO","device":"868120100008","event":"SERVER_ACK","detail":"0x0200 result=OK"}
{"ts":"2026-04-05T23:23:45.471Z","level":"INFO","device":"291078985963","event":"HEARTBEAT_SENT","detail":"0x0002"}
{"ts":"2026-04-05T23:23:45.509Z","level":"INFO","device":"291078985963","event":"OBD2_SENT_0x0200","detail":"Lat: 51.725073, Lng: 0.496105 | Speed: 63km/h | RPM: 3337"}
{"ts":"2026-04-05T23:23:45.577Z","level":"INFO","device":"200000000002","event":"HEARTBEAT_SENT","detail":"0x0002"}
{"ts":"2026-04-05T23:23:45.580Z","level":"INFO","device":"200000000002","event":"OBD2_SENT_0x0200","detail":"Lat: 51.715477, Lng: 0.507382 | Speed: 10km/h | RPM: 1211"}
{"ts":"2026-04-05T23:23:45.665Z","level":"INFO","device":"291078985963","event":"SERVER_ACK","detail":"0x8001 Universal Reply Received"}
{"ts":"2026-04-05T23:23:45.721Z","level":"INFO","device":"200000000003","event":"HEARTBEAT_SENT","detail":"0x0002"}
{"ts":"2026-04-05T23:23:45.726Z","level":"INFO","device":"200000000003","event":"OBD2_SENT_0x0200","detail":"Lat: 51.736838, Lng: 0.480216 | Speed: 32km/h | RPM: 2086"}
{"ts":"2026-04-05T23:23:45.780Z","level":"INFO","device":"200000000002","event":"SERVER_ACK","detail":"0x8001 Universal Reply Received"}
{"ts":"2026-04-05T23:23:45.876Z","level":"INFO","device":"200000000004","event":"HEARTBEAT_SENT","detail":"0x0002"}
{"ts":"2026-04-05T23:23:45.881Z","level":"INFO","device":"200000000004","event":"OBD2_SENT_0x0200","detail":"Lat: 51.734991, Lng: 0.482444 | Speed: 30km/h | RPM: 1991"}
{"ts":"2026-04-05T23:23:45.933Z","level":"INFO","device":"200000000003","event":"SERVER_ACK","detail":"0x8001 Universal Reply Received"}
{"ts":"2026-04-05T23:23:45.988Z","level":"INFO","device":"291078985963","event":"SERVER_ACK","detail":"0x8001 Universal Reply Received"}
{"ts":"2026-04-05T23:23:46.022Z","level":"INFO","device":"200000000005","event":"HEARTBEAT_SENT","detail":"0x0002"}
{"ts":"2026-04-05T23:23:46.035Z","level":"INFO","device":"200000000005","event":"OBD2_SENT_0x0200","detail":"Lat: 51.733589, Lng: 0.484969 | Speed: 32km/h | RPM: 2082"}
{"ts":"2026-04-05T23:23:46.062Z","level":"INFO","device":"200000000004","event":"SERVER_ACK","detail":"0x8001 Universal Reply Received"}
{"ts":"2026-04-05T23:23:46.123Z","level":"INFO","device":"200000000002","event":"SERVER_ACK","detail":"0x8001 Universal Reply Received"}
{"ts":"2026-04-05T23:23:46.172Z","level":"INFO","device":"200000000006","event":"HEARTBEAT_SENT","detail":"0x0002"}
{"ts":"2026-04-05T23:23:46.175Z","level":"INFO","device":"200000000006","event":"OBD2_SENT_0x0200","detail":"Lat: 51.719931, Lng: 0.498535 | Speed: 57km/h | RPM: 3098"}
{"ts":"2026-04-05T23:23:46.225Z","level":"INFO","device":"200000000005","event":"SERVER_ACK","detail":"0x8001 Universal Reply Received"}
{"ts":"2026-04-05T23:23:46.286Z","level":"INFO","device":"200000000003","event":"SERVER_ACK","detail":"0x8001 Universal Reply Received"}
{"ts":"2026-04-05T23:23:46.321Z","level":"INFO","device":"200000000007","event":"HEARTBEAT_SENT","detail":"0x0002"}
{"ts":"2026-04-05T23:23:46.331Z","level":"INFO","device":"200000000007","event":"OBD2_SENT_0x0200","detail":"Lat: 51.716242, Lng: 0.504803 | Speed: 72km/h | RPM: 3670"}
{"ts":"2026-04-05T23:23:46.357Z","level":"INFO","device":"200000000006","event":"SERVER_ACK","detail":"0x8001 Universal Reply Received"}
{"ts":"2026-04-05T23:23:46.383Z","level":"INFO","device":"200000000004","event":"SERVER_ACK","detail":"0x8001 Universal Reply Received"}
{"ts":"2026-04-05T23:23:46.476Z","level":"INFO","device":"200000000008","event":"HEARTBEAT_SENT","detail":"0x0002"}
{"ts":"2026-04-05T23:23:46.482Z","level":"INFO","device":"200000000008","event":"OBD2_SENT_0x0200","detail":"Lat: 51.728790, Lng: 0.494431 | Speed: 36km/h | RPM: 2252"}
{"ts":"2026-04-05T23:23:46.507Z","level":"INFO","device":"200000000007","event":"SERVER_ACK","detail":"0x8001 Universal Reply Received"}
{"ts":"2026-04-05T23:23:46.554Z","level":"INFO","device":"200000000005","event":"SERVER_ACK","detail":"0x8001 Universal Reply Received"}
{"ts":"2026-04-05T23:23:46.624Z","level":"INFO","device":"200000000009","event":"HEARTBEAT_SENT","detail":"0x0002"}
{"ts":"2026-04-05T23:23:46.627Z","level":"INFO","device":"200000000009","event":"OBD2_SENT_0x0200","detail":"Lat: 51.728053, Lng: 0.494928 | Speed: 43km/h | RPM: 2528"}
{"ts":"2026-04-05T23:23:46.662Z","level":"INFO","device":"200000000008","event":"SERVER_ACK","detail":"0x8001 Universal Reply Received"}
{"ts":"2026-04-05T23:23:46.662Z","level":"INFO","device":"200000000006","event":"SERVER_ACK","detail":"0x8001 Universal Reply Received"}
{"ts":"2026-04-05T23:23:46.773Z","level":"INFO","device":"200000000010","event":"HEARTBEAT_SENT","detail":"0x0002"}
{"ts":"2026-04-05T23:23:46.781Z","level":"INFO","device":"200000000010","event":"OBD2_SENT_0x0200","detail":"Lat: 51.737108, Lng: 0.479731 | Speed: 36km/h | RPM: 2257"}
{"ts":"2026-04-05T23:23:46.819Z","level":"INFO","device":"200000000007","event":"SERVER_ACK","detail":"0x8001 Universal Reply Received"}
{"ts":"2026-04-05T23:23:46.835Z","level":"INFO","device":"200000000009","event":"SERVER_ACK","detail":"0x8001 Universal Reply Received"}
{"ts":"2026-04-05T23:23:46.975Z","level":"INFO","device":"200000000010","event":"SERVER_ACK","detail":"0x8001 Universal Reply Received"}
{"ts":"2026-04-05T23:23:46.976Z","level":"INFO","device":"200000000008","event":"SERVER_ACK","detail":"0x8001 Universal Reply Received"}
{"ts":"2026-04-05T23:23:47.187Z","level":"INFO","device":"200000000009","event":"SERVER_ACK","detail":"0x8001 Universal Reply Received"}
{"ts":"2026-04-05T23:23:47.303Z","level":"INFO","device":"200000000010","event":"SERVER_ACK","detail":"0x8001 Universal Reply Received"}
{"ts":"2026-04-05T23:24:00.522Z","level":"INFO","device":"291078985963","event":"OBD2_SENT_0x0200","detail":"Lat: 51.722765, Lng: 0.496834 | Speed: 62km/h | RPM: 3282"}
{"ts":"2026-04-05T23:24:00.580Z","level":"INFO","device":"200000000002","event":"OBD2_SENT_0x0200","detail":"Lat: 51.715334, Lng: 0.507881 | Speed: 9km/h | RPM: 1164"}
{"ts":"2026-04-05T23:24:00.718Z","level":"INFO","device":"291078985963","event":"SERVER_ACK","detail":"0x8001 Universal Reply Received"}
{"ts":"2026-04-05T23:24:00.727Z","level":"INFO","device":"200000000003","event":"OBD2_SENT_0x0200","detail":"Lat: 51.735997, Lng: 0.481270 | Speed: 29km/h | RPM: 1964"}
{"ts":"2026-04-05T23:24:00.785Z","level":"INFO","device":"200000000002","event":"SERVER_ACK","detail":"0x8001 Universal Reply Received"}
{"ts":"2026-04-05T23:24:00.882Z","level":"INFO","device":"200000000004","event":"OBD2_SENT_0x0200","detail":"Lat: 51.734076, Lng: 0.483755 | Speed: 34km/h | RPM: 2153"}
{"ts":"2026-04-05T23:24:00.939Z","level":"INFO","device":"200000000003","event":"SERVER_ACK","detail":"0x8001 Universal Reply Received"}
{"ts":"2026-04-05T23:24:01.035Z","level":"INFO","device":"200000000005","event":"OBD2_SENT_0x0200","detail":"Lat: 51.733223, Lng: 0.486483 | Speed: 28km/h | RPM: 1912"}
{"ts":"2026-04-05T23:24:01.068Z","level":"INFO","device":"200000000004","event":"SERVER_ACK","detail":"0x8001 Universal Reply Received"}
{"ts":"2026-04-05T23:24:01.176Z","level":"INFO","device":"200000000006","event":"OBD2_SENT_0x0200","detail":"Lat: 51.718091, Lng: 0.500714 | Speed: 62km/h | RPM: 3294"}
{"ts":"2026-04-05T23:24:01.237Z","level":"INFO","device":"200000000005","event":"SERVER_ACK","detail":"0x8001 Universal Reply Received"}
{"ts":"2026-04-05T23:24:01.315Z","level":"INFO","device":"291078985963","event":"INCIDENT_SENT","detail":"mediaId=14 alarmId=291078985963002604052324010E0200"}
{"ts":"2026-04-05T23:24:01.317Z","level":"INFO","device":"868120100009","event":"INCIDENT_SENT","detail":"mediaId=14 alarmId=868120100009002604052324010E0200"}
{"ts":"2026-04-05T23:24:01.326Z","level":"INFO","device":"291078985963","event":"GPS_SENT","detail":""}
{"ts":"2026-04-05T23:24:01.326Z","level":"INFO","device":"868120100009","event":"GPS_SENT","detail":""}
{"ts":"2026-04-05T23:24:01.331Z","level":"INFO","device":"200000000007","event":"OBD2_SENT_0x0200","detail":"Lat: 51.715194, Lng: 0.508495 | Speed: 70km/h | RPM: 3619"}
{"ts":"2026-04-05T23:24:01.362Z","level":"INFO","device":"200000000006","event":"SERVER_ACK","detail":"0x8001 Universal Reply Received"}
{"ts":"2026-04-05T23:24:01.378Z","level":"INFO","device":"868120100005","event":"INCIDENT_SENT","detail":"mediaId=14 alarmId=868120100005002604052324010E0200"}
{"ts":"2026-04-05T23:24:01.378Z","level":"INFO","device":"868120100005","event":"GPS_SENT","detail":""}
{"ts":"2026-04-05T23:24:01.432Z","level":"INFO","device":"868120100004","event":"INCIDENT_SENT","detail":"mediaId=14 alarmId=868120100004002604052324010E0200"}
{"ts":"2026-04-05T23:24:01.437Z","level":"INFO","device":"868120100004","event":"GPS_SENT","detail":""}
{"ts":"2026-04-05T23:24:01.480Z","level":"INFO","device":"868120100006","event":"INCIDENT_SENT","detail":"mediaId=14 alarmId=868120100006002604052324010E0200"}
{"ts":"2026-04-05T23:24:01.482Z","level":"INFO","device":"200000000008","event":"OBD2_SENT_0x0200","detail":"Lat: 51.727516, Lng: 0.495242 | Speed: 35km/h | RPM: 2219"}
{"ts":"2026-04-05T23:24:01.483Z","level":"INFO","device":"868120100006","event":"GPS_SENT","detail":""}
{"ts":"2026-04-05T23:24:01.517Z","level":"INFO","device":"291078985963","event":"RX_MSG","detail":"0x8001 bodyLen=5"}
{"ts":"2026-04-05T23:24:01.517Z","level":"INFO","device":"291078985963","event":"SERVER_ACK","detail":"0x0200 result=OK"}
{"ts":"2026-04-05T23:24:01.519Z","level":"INFO","device":"200000000007","event":"SERVER_ACK","detail":"0x8001 Universal Reply Received"}
{"ts":"2026-04-05T23:24:01.529Z","level":"INFO","device":"868120100009","event":"RX_MSG","detail":"0x8001 bodyLen=5"}
{"ts":"2026-04-05T23:24:01.529Z","level":"INFO","device":"868120100009","event":"SERVER_ACK","detail":"0x0200 result=OK"}
{"ts":"2026-04-05T23:24:01.564Z","level":"INFO","device":"868120100003","event":"INCIDENT_SENT","detail":"mediaId=14 alarmId=868120100003002604052324010E0200"}
{"ts":"2026-04-05T23:24:01.564Z","level":"INFO","device":"868120100003","event":"GPS_SENT","detail":""}
{"ts":"2026-04-05T23:24:01.581Z","level":"INFO","device":"868120100005","event":"RX_MSG","detail":"0x8001 bodyLen=5"}
{"ts":"2026-04-05T23:24:01.581Z","level":"INFO","device":"868120100005","event":"SERVER_ACK","detail":"0x0200 result=OK"}
{"ts":"2026-04-05T23:24:01.616Z","level":"INFO","device":"868120100004","event":"RX_MSG","detail":"0x8001 bodyLen=5"}
{"ts":"2026-04-05T23:24:01.617Z","level":"INFO","device":"868120100004","event":"SERVER_ACK","detail":"0x0200 result=OK"}
{"ts":"2026-04-05T23:24:01.627Z","level":"INFO","device":"200000000009","event":"OBD2_SENT_0x0200","detail":"Lat: 51.726589, Lng: 0.495703 | Speed: 42km/h | RPM: 2466"}
{"ts":"2026-04-05T23:24:01.671Z","level":"INFO","device":"200000000008","event":"SERVER_ACK","detail":"0x8001 Universal Reply Received"}
{"ts":"2026-04-05T23:24:01.682Z","level":"INFO","device":"868120100006","event":"RX_MSG","detail":"0x8001 bodyLen=5"}
{"ts":"2026-04-05T23:24:01.682Z","level":"INFO","device":"868120100006","event":"SERVER_ACK","detail":"0x0200 result=OK"}
{"ts":"2026-04-05T23:24:01.706Z","level":"INFO","device":"868120100002","event":"INCIDENT_SENT","detail":"mediaId=14 alarmId=868120100002002604052324010E0200"}
{"ts":"2026-04-05T23:24:01.710Z","level":"INFO","device":"868120100002","event":"GPS_SENT","detail":""}
{"ts":"2026-04-05T23:24:01.766Z","level":"INFO","device":"868120100003","event":"RX_MSG","detail":"0x8001 bodyLen=5"}
{"ts":"2026-04-05T23:24:01.767Z","level":"INFO","device":"868120100003","event":"SERVER_ACK","detail":"0x0200 result=OK"}
{"ts":"2026-04-05T23:24:01.781Z","level":"INFO","device":"200000000010","event":"OBD2_SENT_0x0200","detail":"Lat: 51.735972, Lng: 0.481299 | Speed: 39km/h | RPM: 2359"}
{"ts":"2026-04-05T23:24:01.832Z","level":"INFO","device":"291078985963","event":"RX_MSG","detail":"0x8001 bodyLen=5"}
{"ts":"2026-04-05T23:24:01.832Z","level":"INFO","device":"291078985963","event":"SERVER_ACK","detail":"0x0800 result=OK"}
{"ts":"2026-04-05T23:24:01.832Z","level":"INFO","device":"291078985963","event":"RX_MSG","detail":"0x8001 bodyLen=5"}
{"ts":"2026-04-05T23:24:01.832Z","level":"INFO","device":"291078985963","event":"SERVER_ACK","detail":"0x0200 result=OK"}
{"ts":"2026-04-05T23:24:01.838Z","level":"INFO","device":"200000000009","event":"SERVER_ACK","detail":"0x8001 Universal Reply Received"}
{"ts":"2026-04-05T23:24:01.847Z","level":"INFO","device":"100000000010","event":"INCIDENT_SENT","detail":"mediaId=14 alarmId=100000000010002604052324010E0200"}
{"ts":"2026-04-05T23:24:01.854Z","level":"INFO","device":"100000000010","event":"GPS_SENT","detail":""}
{"ts":"2026-04-05T23:24:01.876Z","level":"INFO","device":"868120100009","event":"RX_MSG","detail":"0x8001 bodyLen=5"}
{"ts":"2026-04-05T23:24:01.876Z","level":"INFO","device":"868120100009","event":"SERVER_ACK","detail":"0x0800 result=OK"}
{"ts":"2026-04-05T23:24:01.876Z","level":"INFO","device":"868120100009","event":"RX_MSG","detail":"0x8001 bodyLen=5"}
{"ts":"2026-04-05T23:24:01.876Z","level":"INFO","device":"868120100009","event":"SERVER_ACK","detail":"0x0200 result=OK"}
{"ts":"2026-04-05T23:24:01.893Z","level":"INFO","device":"868120100007","event":"INCIDENT_SENT","detail":"mediaId=14 alarmId=868120100007002604052324010E0200"}
{"ts":"2026-04-05T23:24:01.894Z","level":"INFO","device":"868120100007","event":"GPS_SENT","detail":""}
{"ts":"2026-04-05T23:24:01.900Z","level":"INFO","device":"868120100005","event":"RX_MSG","detail":"0x8001 bodyLen=5"}
{"ts":"2026-04-05T23:24:01.900Z","level":"INFO","device":"868120100005","event":"SERVER_ACK","detail":"0x0800 result=OK"}
{"ts":"2026-04-05T23:24:01.900Z","level":"INFO","device":"868120100005","event":"RX_MSG","detail":"0x8001 bodyLen=5"}
{"ts":"2026-04-05T23:24:01.900Z","level":"INFO","device":"868120100005","event":"SERVER_ACK","detail":"0x0200 result=OK"}
{"ts":"2026-04-05T23:24:01.912Z","level":"INFO","device":"868120100004","event":"RX_MSG","detail":"0x8001 bodyLen=5"}
{"ts":"2026-04-05T23:24:01.912Z","level":"INFO","device":"868120100004","event":"SERVER_ACK","detail":"0x0800 result=OK"}
{"ts":"2026-04-05T23:24:01.912Z","level":"INFO","device":"868120100004","event":"RX_MSG","detail":"0x8001 bodyLen=5"}
{"ts":"2026-04-05T23:24:01.912Z","level":"INFO","device":"868120100004","event":"SERVER_ACK","detail":"0x0200 result=OK"}
{"ts":"2026-04-05T23:24:01.915Z","level":"INFO","device":"868120100002","event":"RX_MSG","detail":"0x8001 bodyLen=5"}
{"ts":"2026-04-05T23:24:01.915Z","level":"INFO","device":"868120100002","event":"SERVER_ACK","detail":"0x0200 result=OK"}
{"ts":"2026-04-05T23:24:01.925Z","level":"INFO","device":"868120100008","event":"INCIDENT_SENT","detail":"mediaId=14 alarmId=868120100008002604052324010E0200"}
{"ts":"2026-04-05T23:24:01.926Z","level":"INFO","device":"868120100008","event":"GPS_SENT","detail":""}
{"ts":"2026-04-05T23:24:01.982Z","level":"INFO","device":"200000000010","event":"SERVER_ACK","detail":"0x8001 Universal Reply Received"}
{"ts":"2026-04-05T23:24:02.022Z","level":"INFO","device":"868120100006","event":"RX_MSG","detail":"0x8001 bodyLen=5"}
{"ts":"2026-04-05T23:24:02.022Z","level":"INFO","device":"868120100006","event":"SERVER_ACK","detail":"0x0800 result=OK"}
{"ts":"2026-04-05T23:24:02.022Z","level":"INFO","device":"868120100006","event":"RX_MSG","detail":"0x8001 bodyLen=5"}
{"ts":"2026-04-05T23:24:02.022Z","level":"INFO","device":"868120100006","event":"SERVER_ACK","detail":"0x0200 result=OK"}
{"ts":"2026-04-05T23:24:02.041Z","level":"INFO","device":"100000000010","event":"RX_MSG","detail":"0x8001 bodyLen=5"}
{"ts":"2026-04-05T23:24:02.041Z","level":"INFO","device":"100000000010","event":"SERVER_ACK","detail":"0x0200 result=OK"}
{"ts":"2026-04-05T23:24:02.086Z","level":"INFO","device":"868120100003","event":"RX_MSG","detail":"0x8001 bodyLen=5"}
{"ts":"2026-04-05T23:24:02.086Z","level":"INFO","device":"868120100003","event":"SERVER_ACK","detail":"0x0800 result=OK"}
{"ts":"2026-04-05T23:24:02.086Z","level":"INFO","device":"868120100003","event":"RX_MSG","detail":"0x8001 bodyLen=5"}
{"ts":"2026-04-05T23:24:02.086Z","level":"INFO","device":"868120100003","event":"SERVER_ACK","detail":"0x0200 result=OK"}
{"ts":"2026-04-05T23:24:02.095Z","level":"INFO","device":"868120100007","event":"RX_MSG","detail":"0x8001 bodyLen=5"}
{"ts":"2026-04-05T23:24:02.095Z","level":"INFO","device":"868120100007","event":"SERVER_ACK","detail":"0x0200 result=OK"}
{"ts":"2026-04-05T23:24:02.126Z","level":"INFO","device":"868120100008","event":"RX_MSG","detail":"0x8001 bodyLen=5"}
{"ts":"2026-04-05T23:24:02.126Z","level":"INFO","device":"868120100008","event":"SERVER_ACK","detail":"0x0200 result=OK"}
{"ts":"2026-04-05T23:24:02.248Z","level":"INFO","device":"868120100002","event":"RX_MSG","detail":"0x8001 bodyLen=5"}
{"ts":"2026-04-05T23:24:02.248Z","level":"INFO","device":"868120100002","event":"SERVER_ACK","detail":"0x0800 result=OK"}
{"ts":"2026-04-05T23:24:02.248Z","level":"INFO","device":"868120100002","event":"RX_MSG","detail":"0x8001 bodyLen=5"}
{"ts":"2026-04-05T23:24:02.248Z","level":"INFO","device":"868120100002","event":"SERVER_ACK","detail":"0x0200 result=OK"}
{"ts":"2026-04-05T23:24:02.357Z","level":"INFO","device":"100000000010","event":"RX_MSG","detail":"0x8001 bodyLen=5"}
{"ts":"2026-04-05T23:24:02.357Z","level":"INFO","device":"100000000010","event":"SERVER_ACK","detail":"0x0800 result=OK"}
{"ts":"2026-04-05T23:24:02.357Z","level":"INFO","device":"100000000010","event":"RX_MSG","detail":"0x8001 bodyLen=5"}
{"ts":"2026-04-05T23:24:02.357Z","level":"INFO","device":"100000000010","event":"SERVER_ACK","detail":"0x0200 result=OK"}
{"ts":"2026-04-05T23:24:02.426Z","level":"INFO","device":"868120100007","event":"RX_MSG","detail":"0x8001 bodyLen=5"}
{"ts":"2026-04-05T23:24:02.426Z","level":"INFO","device":"868120100007","event":"SERVER_ACK","detail":"0x0800 result=OK"}
{"ts":"2026-04-05T23:24:02.426Z","level":"INFO","device":"868120100007","event":"RX_MSG","detail":"0x8001 bodyLen=5"}
{"ts":"2026-04-05T23:24:02.427Z","level":"INFO","device":"868120100007","event":"SERVER_ACK","detail":"0x0200 result=OK"}
{"ts":"2026-04-05T23:24:02.457Z","level":"INFO","device":"868120100008","event":"RX_MSG","detail":"0x8001 bodyLen=5"}
{"ts":"2026-04-05T23:24:02.458Z","level":"INFO","device":"868120100008","event":"SERVER_ACK","detail":"0x0800 result=OK"}
{"ts":"2026-04-05T23:24:02.458Z","level":"INFO","device":"868120100008","event":"RX_MSG","detail":"0x8001 bodyLen=5"}
{"ts":"2026-04-05T23:24:02.458Z","level":"INFO","device":"868120100008","event":"SERVER_ACK","detail":"0x0200 result=OK"}
{"ts":"2026-04-05T23:24:08.170Z","level":"INFO","device":"291078985963","event":"DISCONNECTED","detail":"clean stop"}
{"ts":"2026-04-05T23:24:08.173Z","level":"INFO","device":"291078985963","event":"DISCONNECTED","detail":"clean stop"}
{"ts":"2026-04-05T23:24:08.173Z","level":"INFO","device":"291078985963","event":"DISCONNECTED","detail":"clean stop"}
{"ts":"2026-04-05T23:24:08.173Z","level":"INFO","device":"868120100002","event":"DISCONNECTED","detail":"clean stop"}
{"ts":"2026-04-05T23:24:08.174Z","level":"INFO","device":"200000000002","event":"DISCONNECTED","detail":"clean stop"}
{"ts":"2026-04-05T23:24:08.175Z","level":"INFO","device":"300000000002","event":"DISCONNECTED","detail":"clean stop"}
{"ts":"2026-04-05T23:24:08.176Z","level":"INFO","device":"868120100003","event":"DISCONNECTED","detail":"clean stop"}
{"ts":"2026-04-05T23:24:08.176Z","level":"INFO","device":"200000000003","event":"DISCONNECTED","detail":"clean stop"}
{"ts":"2026-04-05T23:24:08.177Z","level":"INFO","device":"300000000003","event":"DISCONNECTED","detail":"clean stop"}
{"ts":"2026-04-05T23:24:08.179Z","level":"INFO","device":"868120100004","event":"DISCONNECTED","detail":"clean stop"}
{"ts":"2026-04-05T23:24:08.180Z","level":"INFO","device":"200000000004","event":"DISCONNECTED","detail":"clean stop"}
{"ts":"2026-04-05T23:24:08.182Z","level":"INFO","device":"300000000004","event":"DISCONNECTED","detail":"clean stop"}
{"ts":"2026-04-05T23:24:08.183Z","level":"INFO","device":"868120100005","event":"DISCONNECTED","detail":"clean stop"}
{"ts":"2026-04-05T23:24:08.184Z","level":"INFO","device":"200000000005","event":"DISCONNECTED","detail":"clean stop"}
{"ts":"2026-04-05T23:24:08.186Z","level":"INFO","device":"300000000005","event":"DISCONNECTED","detail":"clean stop"}
{"ts":"2026-04-05T23:24:08.186Z","level":"INFO","device":"868120100006","event":"DISCONNECTED","detail":"clean stop"}
{"ts":"2026-04-05T23:24:08.187Z","level":"INFO","device":"200000000006","event":"DISCONNECTED","detail":"clean stop"}
{"ts":"2026-04-05T23:24:08.190Z","level":"INFO","device":"300000000006","event":"DISCONNECTED","detail":"clean stop"}
{"ts":"2026-04-05T23:24:08.191Z","level":"INFO","device":"868120100007","event":"DISCONNECTED","detail":"clean stop"}
{"ts":"2026-04-05T23:24:08.191Z","level":"INFO","device":"200000000007","event":"DISCONNECTED","detail":"clean stop"}
{"ts":"2026-04-05T23:24:08.191Z","level":"INFO","device":"300000000007","event":"DISCONNECTED","detail":"clean stop"}
{"ts":"2026-04-05T23:24:08.191Z","level":"INFO","device":"868120100008","event":"DISCONNECTED","detail":"clean stop"}
{"ts":"2026-04-05T23:24:08.191Z","level":"INFO","device":"200000000008","event":"DISCONNECTED","detail":"clean stop"}
{"ts":"2026-04-05T23:24:08.191Z","level":"INFO","device":"300000000008","event":"DISCONNECTED","detail":"clean stop"}
{"ts":"2026-04-05T23:24:08.191Z","level":"INFO","device":"868120100009","event":"DISCONNECTED","detail":"clean stop"}
{"ts":"2026-04-05T23:24:08.192Z","level":"INFO","device":"200000000009","event":"DISCONNECTED","detail":"clean stop"}
{"ts":"2026-04-05T23:24:08.192Z","level":"INFO","device":"300000000009","event":"DISCONNECTED","detail":"clean stop"}
{"ts":"2026-04-05T23:24:08.192Z","level":"INFO","device":"100000000010","event":"DISCONNECTED","detail":"clean stop"}
{"ts":"2026-04-05T23:24:08.192Z","level":"INFO","device":"200000000010","event":"DISCONNECTED","detail":"clean stop"}
{"ts":"2026-04-05T23:24:08.192Z","level":"INFO","device":"300000000010","event":"DISCONNECTED","detail":"clean stop"}

[SUMMARY] Run duration: 595s
[SUMMARY] GPS packets sent: 680
[SUMMARY] OBD2 packets sent: 390
[SUMMARY] DTC faults sent: 2
[SUMMARY] Incidents fired: 140
[SUMMARY] Videos uploaded OK: 30
[SUMMARY] Videos failed: 9
[SUMMARY] Tracker pings sent: 0
[SUMMARY] Reconnections: 0
[SUMMARY] Log file: logs/sim-2026-04-05T23-14-15.log
