{"ts":"2026-04-10T16:08:26.621Z","level":"INFO","device":"291078985963","event":"CONNECTED","detail":"id:291078985963"}
{"ts":"2026-04-10T16:08:26.622Z","level":"INFO","device":"291078985963","event":"OBD2_CONNECTED","detail":"Binary Mode"}
{"ts":"2026-04-10T16:08:26.853Z","level":"INFO","device":"291078985963","event":"SERVER_ACK","detail":"0x8100 Registration Reply Received"}
{"ts":"2026-04-10T16:08:26.855Z","level":"INFO","device":"291078985963","event":"RX_MSG","detail":"0x8001 bodyLen=5"}
{"ts":"2026-04-10T16:08:26.856Z","level":"INFO","device":"291078985963","event":"SERVER_ACK","detail":"0x0102 result=OK"}
{"ts":"2026-04-10T16:08:27.335Z","level":"INFO","device":"291078985963","event":"SERVER_ACK","detail":"0x8001 Universal Reply Received"}
{"ts":"2026-04-10T16:08:56.429Z","level":"INFO","device":"291078985963","event":"HEARTBEAT_SENT","detail":"0x0002"}
{"ts":"2026-04-10T16:08:56.641Z","level":"INFO","device":"291078985963","event":"SERVER_ACK","detail":"0x8001 Universal Reply Received"}
{"ts":"2026-04-10T16:09:17.517Z","level":"ERROR","device":"291078985963","event":"SOCKET_ERROR","detail":"ECONNREFUSED"}
{"ts":"2026-04-10T16:09:26.417Z","level":"INFO","device":"291078985963","event":"OBD2_SENT_0x0200","detail":"Lat: 51.736637, Lng: 0.470124 | Speed: 37km/h | RPM: 2281"}
{"ts":"2026-04-10T16:09:26.428Z","level":"INFO","device":"291078985963","event":"HEARTBEAT_SENT","detail":"0x0002"}
{"ts":"2026-04-10T16:09:26.608Z","level":"ERROR","device":"291078985963","event":"SOCKET_ERROR","detail":"ECONNREFUSED"}
{"ts":"2026-04-10T16:09:26.624Z","level":"INFO","device":"291078985963","event":"GPS_SENT","detail":""}
{"ts":"2026-04-10T16:09:26.636Z","level":"INFO","device":"291078985963","event":"SERVER_ACK","detail":"0x8001 Universal Reply Received"}
{"ts":"2026-04-10T16:09:26.842Z","level":"INFO","device":"291078985963","event":"RX_MSG","detail":"0x8001 bodyLen=5"}
{"ts":"2026-04-10T16:09:26.843Z","level":"INFO","device":"291078985963","event":"SERVER_ACK","detail":"0x0200 result=OK"}
{"ts":"2026-04-10T16:09:26.952Z","level":"INFO","device":"291078985963","event":"SERVER_ACK","detail":"0x8001 Universal Reply Received"}
{"ts":"2026-04-10T16:09:56.455Z","level":"INFO","device":"291078985963","event":"HEARTBEAT_SENT","detail":"0x0002"}
{"ts":"2026-04-10T16:09:56.679Z","level":"INFO","device":"291078985963","event":"SERVER_ACK","detail":"0x8001 Universal Reply Received"}
{"ts":"2026-04-10T16:10:26.446Z","level":"INFO","device":"291078985963","event":"OBD2_SENT_0x0200","detail":"Lat: 51.737231, Lng: 0.472302 | Speed: 37km/h | RPM: 2296"}
{"ts":"2026-04-10T16:10:26.456Z","level":"INFO","device":"291078985963","event":"HEARTBEAT_SENT","detail":"0x0002"}
{"ts":"2026-04-10T16:10:26.624Z","level":"INFO","device":"291078985963","event":"GPS_SENT","detail":""}
{"ts":"2026-04-10T16:10:26.654Z","level":"ERROR","device":"291078985963","event":"SOCKET_ERROR","detail":"ECONNREFUSED"}
{"ts":"2026-04-10T16:10:26.659Z","level":"INFO","device":"291078985963","event":"SERVER_ACK","detail":"0x8001 Universal Reply Received"}
{"ts":"2026-04-10T16:10:26.834Z","level":"INFO","device":"291078985963","event":"RX_MSG","detail":"0x8001 bodyLen=5"}
{"ts":"2026-04-10T16:10:26.834Z","level":"INFO","device":"291078985963","event":"SERVER_ACK","detail":"0x0200 result=OK"}
{"ts":"2026-04-10T16:10:26.988Z","level":"INFO","device":"291078985963","event":"SERVER_ACK","detail":"0x8001 Universal Reply Received"}
{"ts":"2026-04-10T16:10:56.485Z","level":"INFO","device":"291078985963","event":"HEARTBEAT_SENT","detail":"0x0002"}
{"ts":"2026-04-10T16:10:56.702Z","level":"INFO","device":"291078985963","event":"SERVER_ACK","detail":"0x8001 Universal Reply Received"}
{"ts":"2026-04-10T16:11:26.468Z","level":"INFO","device":"291078985963","event":"OBD2_SENT_0x0200","detail":"Lat: 51.737657, Lng: 0.474652 | Speed: 42km/h | RPM: 2468"}
{"ts":"2026-04-10T16:11:26.486Z","level":"INFO","device":"291078985963","event":"HEARTBEAT_SENT","detail":"0x0002"}
{"ts":"2026-04-10T16:11:26.624Z","level":"INFO","device":"291078985963","event":"GPS_SENT","detail":""}
{"ts":"2026-04-10T16:11:26.674Z","level":"ERROR","device":"291078985963","event":"SOCKET_ERROR","detail":"ECONNREFUSED"}
{"ts":"2026-04-10T16:11:26.682Z","level":"INFO","device":"291078985963","event":"SERVER_ACK","detail":"0x8001 Universal Reply Received"}
{"ts":"2026-04-10T16:11:26.835Z","level":"INFO","device":"291078985963","event":"RX_MSG","detail":"0x8001 bodyLen=5"}
{"ts":"2026-04-10T16:11:26.835Z","level":"INFO","device":"291078985963","event":"SERVER_ACK","detail":"0x0200 result=OK"}
{"ts":"2026-04-10T16:11:27.009Z","level":"INFO","device":"291078985963","event":"SERVER_ACK","detail":"0x8001 Universal Reply Received"}
{"ts":"2026-04-10T16:11:56.514Z","level":"INFO","device":"291078985963","event":"HEARTBEAT_SENT","detail":"0x0002"}
{"ts":"2026-04-10T16:11:56.730Z","level":"INFO","device":"291078985963","event":"SERVER_ACK","detail":"0x8001 Universal Reply Received"}
{"ts":"2026-04-10T16:12:26.494Z","level":"INFO","device":"291078985963","event":"OBD2_SENT_0x0200","detail":"Lat: 51.737735, Lng: 0.477379 | Speed: 46km/h | RPM: 2639"}
{"ts":"2026-04-10T16:12:26.515Z","level":"INFO","device":"291078985963","event":"HEARTBEAT_SENT","detail":"0x0002"}
{"ts":"2026-04-10T16:12:26.624Z","level":"INFO","device":"291078985963","event":"GPS_SENT","detail":""}
{"ts":"2026-04-10T16:12:26.684Z","level":"ERROR","device":"291078985963","event":"SOCKET_ERROR","detail":"ECONNREFUSED"}
{"ts":"2026-04-10T16:12:26.702Z","level":"INFO","device":"291078985963","event":"SERVER_ACK","detail":"0x8001 Universal Reply Received"}
{"ts":"2026-04-10T16:12:26.835Z","level":"INFO","device":"291078985963","event":"RX_MSG","detail":"0x8001 bodyLen=5"}
{"ts":"2026-04-10T16:12:26.836Z","level":"INFO","device":"291078985963","event":"SERVER_ACK","detail":"0x0200 result=OK"}
{"ts":"2026-04-10T16:12:27.015Z","level":"INFO","device":"291078985963","event":"SERVER_ACK","detail":"0x8001 Universal Reply Received"}
{"ts":"2026-04-10T16:12:56.543Z","level":"INFO","device":"291078985963","event":"HEARTBEAT_SENT","detail":"0x0002"}
{"ts":"2026-04-10T16:12:56.762Z","level":"INFO","device":"291078985963","event":"SERVER_ACK","detail":"0x8001 Universal Reply Received"}
{"ts":"2026-04-10T16:13:26.519Z","level":"INFO","device":"291078985963","event":"OBD2_SENT_0x0200","detail":"Lat: 51.737040, Lng: 0.479901 | Speed: 45km/h | RPM: 2603"}
{"ts":"2026-04-10T16:13:26.544Z","level":"INFO","device":"291078985963","event":"HEARTBEAT_SENT","detail":"0x0002"}
{"ts":"2026-04-10T16:13:26.623Z","level":"INFO","device":"291078985963","event":"GPS_SENT","detail":""}
{"ts":"2026-04-10T16:13:26.712Z","level":"ERROR","device":"291078985963","event":"SOCKET_ERROR","detail":"ECONNREFUSED"}
{"ts":"2026-04-10T16:13:26.739Z","level":"INFO","device":"291078985963","event":"SERVER_ACK","detail":"0x8001 Universal Reply Received"}
{"ts":"2026-04-10T16:13:26.834Z","level":"INFO","device":"291078985963","event":"RX_MSG","detail":"0x8001 bodyLen=5"}
{"ts":"2026-04-10T16:13:26.834Z","level":"INFO","device":"291078985963","event":"SERVER_ACK","detail":"0x0200 result=OK"}
{"ts":"2026-04-10T16:13:27.056Z","level":"INFO","device":"291078985963","event":"SERVER_ACK","detail":"0x8001 Universal Reply Received"}
{"ts":"2026-04-10T16:13:56.560Z","level":"INFO","device":"291078985963","event":"HEARTBEAT_SENT","detail":"0x0002"}
{"ts":"2026-04-10T16:13:56.775Z","level":"INFO","device":"291078985963","event":"SERVER_ACK","detail":"0x8001 Universal Reply Received"}
{"ts":"2026-04-10T16:14:26.548Z","level":"INFO","device":"291078985963","event":"OBD2_SENT_0x0200","detail":"Lat: 51.735794, Lng: 0.481507 | Speed: 41km/h | RPM: 2459"}
{"ts":"2026-04-10T16:14:26.561Z","level":"INFO","device":"291078985963","event":"HEARTBEAT_SENT","detail":"0x0002"}
{"ts":"2026-04-10T16:14:26.623Z","level":"INFO","device":"291078985963","event":"GPS_SENT","detail":""}
{"ts":"2026-04-10T16:14:26.746Z","level":"ERROR","device":"291078985963","event":"SOCKET_ERROR","detail":"ECONNREFUSED"}
{"ts":"2026-04-10T16:14:26.770Z","level":"INFO","device":"291078985963","event":"SERVER_ACK","detail":"0x8001 Universal Reply Received"}
{"ts":"2026-04-10T16:14:26.839Z","level":"INFO","device":"291078985963","event":"RX_MSG","detail":"0x8001 bodyLen=5"}
{"ts":"2026-04-10T16:14:26.840Z","level":"INFO","device":"291078985963","event":"SERVER_ACK","detail":"0x0200 result=OK"}
{"ts":"2026-04-10T16:14:27.116Z","level":"INFO","device":"291078985963","event":"SERVER_ACK","detail":"0x8001 Universal Reply Received"}
{"ts":"2026-04-10T16:14:56.591Z","level":"INFO","device":"291078985963","event":"HEARTBEAT_SENT","detail":"0x0002"}
{"ts":"2026-04-10T16:14:56.801Z","level":"INFO","device":"291078985963","event":"SERVER_ACK","detail":"0x8001 Universal Reply Received"}
{"ts":"2026-04-10T16:15:26.578Z","level":"INFO","device":"291078985963","event":"OBD2_SENT_0x0200","detail":"Lat: 51.734608, Lng: 0.482891 | Speed: 39km/h | RPM: 2363"}
{"ts":"2026-04-10T16:15:26.592Z","level":"INFO","device":"291078985963","event":"HEARTBEAT_SENT","detail":"0x0002"}
{"ts":"2026-04-10T16:15:26.623Z","level":"INFO","device":"291078985963","event":"GPS_SENT","detail":""}
{"ts":"2026-04-10T16:15:26.766Z","level":"ERROR","device":"291078985963","event":"SOCKET_ERROR","detail":"ECONNREFUSED"}
{"ts":"2026-04-10T16:15:26.795Z","level":"INFO","device":"291078985963","event":"SERVER_ACK","detail":"0x8001 Universal Reply Received"}
{"ts":"2026-04-10T16:15:26.841Z","level":"INFO","device":"291078985963","event":"RX_MSG","detail":"0x8001 bodyLen=5"}
{"ts":"2026-04-10T16:15:26.842Z","level":"INFO","device":"291078985963","event":"SERVER_ACK","detail":"0x0200 result=OK"}
{"ts":"2026-04-10T16:15:27.134Z","level":"INFO","device":"291078985963","event":"SERVER_ACK","detail":"0x8001 Universal Reply Received"}
{"ts":"2026-04-10T16:15:56.616Z","level":"INFO","device":"291078985963","event":"HEARTBEAT_SENT","detail":"0x0002"}
{"ts":"2026-04-10T16:15:56.831Z","level":"INFO","device":"291078985963","event":"SERVER_ACK","detail":"0x8001 Universal Reply Received"}
{"ts":"2026-04-10T16:16:26.586Z","level":"INFO","device":"291078985963","event":"OBD2_SENT_0x0200","detail":"Lat: 51.733757, Lng: 0.484472 | Speed: 37km/h | RPM: 2278"}
{"ts":"2026-04-10T16:16:26.587Z","level":"INFO","device":"291078985963","event":"DTC_SENT_0x0900","detail":"Injected Fault Code: P0420"}
{"ts":"2026-04-10T16:16:26.617Z","level":"INFO","device":"291078985963","event":"HEARTBEAT_SENT","detail":"0x0002"}
{"ts":"2026-04-10T16:16:26.623Z","level":"INFO","device":"291078985963","event":"GPS_SENT","detail":""}
{"ts":"2026-04-10T16:16:26.792Z","level":"ERROR","device":"291078985963","event":"SOCKET_ERROR","detail":"ECONNREFUSED"}
{"ts":"2026-04-10T16:16:26.797Z","level":"INFO","device":"291078985963","event":"SERVER_ACK","detail":"0x8001 Universal Reply Received"}
{"ts":"2026-04-10T16:16:26.831Z","level":"INFO","device":"291078985963","event":"RX_MSG","detail":"0x8001 bodyLen=5"}
{"ts":"2026-04-10T16:16:26.831Z","level":"INFO","device":"291078985963","event":"SERVER_ACK","detail":"0x0200 result=OK"}
{"ts":"2026-04-10T16:16:27.101Z","level":"INFO","device":"291078985963","event":"SERVER_ACK","detail":"0x8001 Universal Reply Received"}
{"ts":"2026-04-10T16:16:56.646Z","level":"INFO","device":"291078985963","event":"HEARTBEAT_SENT","detail":"0x0002"}
{"ts":"2026-04-10T16:16:56.855Z","level":"INFO","device":"291078985963","event":"SERVER_ACK","detail":"0x8001 Universal Reply Received"}
{"ts":"2026-04-10T16:17:26.617Z","level":"INFO","device":"291078985963","event":"OBD2_SENT_0x0200","detail":"Lat: 51.733171, Lng: 0.486716 | Speed: 41km/h | RPM: 2440"}
{"ts":"2026-04-10T16:17:26.623Z","level":"INFO","device":"291078985963","event":"GPS_SENT","detail":""}
{"ts":"2026-04-10T16:17:26.647Z","level":"INFO","device":"291078985963","event":"HEARTBEAT_SENT","detail":"0x0002"}
{"ts":"2026-04-10T16:17:26.807Z","level":"ERROR","device":"291078985963","event":"SOCKET_ERROR","detail":"ECONNREFUSED"}
{"ts":"2026-04-10T16:17:26.831Z","level":"INFO","device":"291078985963","event":"SERVER_ACK","detail":"0x8001 Universal Reply Received"}
{"ts":"2026-04-10T16:17:26.837Z","level":"INFO","device":"291078985963","event":"RX_MSG","detail":"0x8001 bodyLen=5"}
{"ts":"2026-04-10T16:17:26.838Z","level":"INFO","device":"291078985963","event":"SERVER_ACK","detail":"0x0200 result=OK"}
{"ts":"2026-04-10T16:17:27.164Z","level":"INFO","device":"291078985963","event":"SERVER_ACK","detail":"0x8001 Universal Reply Received"}
{"ts":"2026-04-10T16:17:56.675Z","level":"INFO","device":"291078985963","event":"HEARTBEAT_SENT","detail":"0x0002"}
{"ts":"2026-04-10T16:17:56.883Z","level":"INFO","device":"291078985963","event":"SERVER_ACK","detail":"0x8001 Universal Reply Received"}
{"ts":"2026-04-10T16:18:26.646Z","level":"INFO","device":"291078985963","event":"OBD2_SENT_0x0200","detail":"Lat: 51.732487, Lng: 0.489034 | Speed: 41km/h | RPM: 2457"}
{"ts":"2026-04-10T16:18:26.648Z","level":"INFO","device":"291078985963","event":"GPS_SENT","detail":""}
{"ts":"2026-04-10T16:18:26.676Z","level":"INFO","device":"291078985963","event":"HEARTBEAT_SENT","detail":"0x0002"}
{"ts":"2026-04-10T16:18:26.835Z","level":"ERROR","device":"291078985963","event":"SOCKET_ERROR","detail":"ECONNREFUSED"}
{"ts":"2026-04-10T16:18:26.856Z","level":"INFO","device":"291078985963","event":"SERVER_ACK","detail":"0x8001 Universal Reply Received"}
{"ts":"2026-04-10T16:18:26.856Z","level":"INFO","device":"291078985963","event":"RX_MSG","detail":"0x8001 bodyLen=5"}
{"ts":"2026-04-10T16:18:26.856Z","level":"INFO","device":"291078985963","event":"SERVER_ACK","detail":"0x0200 result=OK"}
{"ts":"2026-04-10T16:18:27.171Z","level":"INFO","device":"291078985963","event":"SERVER_ACK","detail":"0x8001 Universal Reply Received"}
{"ts":"2026-04-10T16:18:56.694Z","level":"INFO","device":"291078985963","event":"HEARTBEAT_SENT","detail":"0x0002"}
{"ts":"2026-04-10T16:18:56.911Z","level":"INFO","device":"291078985963","event":"SERVER_ACK","detail":"0x8001 Universal Reply Received"}
{"ts":"2026-04-10T16:19:26.676Z","level":"INFO","device":"291078985963","event":"OBD2_SENT_0x0200","detail":"Lat: 51.731531, Lng: 0.491115 | Speed: 41km/h | RPM: 2438"}
{"ts":"2026-04-10T16:19:26.676Z","level":"INFO","device":"291078985963","event":"DTC_SENT_0x0900","detail":"Injected Fault Code: P0420"}
{"ts":"2026-04-10T16:19:26.677Z","level":"INFO","device":"291078985963","event":"GPS_SENT","detail":""}
{"ts":"2026-04-10T16:19:26.695Z","level":"INFO","device":"291078985963","event":"HEARTBEAT_SENT","detail":"0x0002"}
{"ts":"2026-04-10T16:19:26.882Z","level":"ERROR","device":"291078985963","event":"SOCKET_ERROR","detail":"ECONNREFUSED"}
{"ts":"2026-04-10T16:19:26.888Z","level":"INFO","device":"291078985963","event":"SERVER_ACK","detail":"0x8001 Universal Reply Received"}
{"ts":"2026-04-10T16:19:26.890Z","level":"INFO","device":"291078985963","event":"RX_MSG","detail":"0x8001 bodyLen=5"}
{"ts":"2026-04-10T16:19:26.890Z","level":"INFO","device":"291078985963","event":"SERVER_ACK","detail":"0x0200 result=OK"}
{"ts":"2026-04-10T16:19:27.218Z","level":"INFO","device":"291078985963","event":"SERVER_ACK","detail":"0x8001 Universal Reply Received"}
{"ts":"2026-04-10T16:19:56.697Z","level":"INFO","device":"291078985963","event":"HEARTBEAT_SENT","detail":"0x0002"}
{"ts":"2026-04-10T16:19:56.908Z","level":"INFO","device":"291078985963","event":"SERVER_ACK","detail":"0x8001 Universal Reply Received"}
{"ts":"2026-04-10T16:20:26.705Z","level":"INFO","device":"291078985963","event":"OBD2_SENT_0x0200","detail":"Lat: 51.730384, Lng: 0.492792 | Speed: 41km/h | RPM: 2425"}
{"ts":"2026-04-10T16:20:26.707Z","level":"INFO","device":"291078985963","event":"GPS_SENT","detail":""}
{"ts":"2026-04-10T16:20:26.707Z","level":"INFO","device":"291078985963","event":"HEARTBEAT_SENT","detail":"0x0002"}
{"ts":"2026-04-10T16:20:26.913Z","level":"ERROR","device":"291078985963","event":"SOCKET_ERROR","detail":"ECONNREFUSED"}
{"ts":"2026-04-10T16:20:26.914Z","level":"INFO","device":"291078985963","event":"SERVER_ACK","detail":"0x8001 Universal Reply Received"}
{"ts":"2026-04-10T16:20:26.917Z","level":"INFO","device":"291078985963","event":"RX_MSG","detail":"0x8001 bodyLen=5"}
{"ts":"2026-04-10T16:20:26.917Z","level":"INFO","device":"291078985963","event":"SERVER_ACK","detail":"0x0200 result=OK"}
{"ts":"2026-04-10T16:20:27.253Z","level":"INFO","device":"291078985963","event":"SERVER_ACK","detail":"0x8001 Universal Reply Received"}
{"ts":"2026-04-10T16:20:56.737Z","level":"INFO","device":"291078985963","event":"HEARTBEAT_SENT","detail":"0x0002"}
{"ts":"2026-04-10T16:20:56.952Z","level":"INFO","device":"291078985963","event":"SERVER_ACK","detail":"0x8001 Universal Reply Received"}
{"ts":"2026-04-10T16:21:26.734Z","level":"INFO","device":"291078985963","event":"OBD2_SENT_0x0200","detail":"Lat: 51.728858, Lng: 0.494371 | Speed: 44km/h | RPM: 2552"}
{"ts":"2026-04-10T16:21:26.735Z","level":"INFO","device":"291078985963","event":"GPS_SENT","detail":""}
{"ts":"2026-04-10T16:21:26.737Z","level":"INFO","device":"291078985963","event":"HEARTBEAT_SENT","detail":"0x0002"}
{"ts":"2026-04-10T16:21:26.941Z","level":"ERROR","device":"291078985963","event":"SOCKET_ERROR","detail":"ECONNREFUSED"}
{"ts":"2026-04-10T16:21:26.943Z","level":"INFO","device":"291078985963","event":"SERVER_ACK","detail":"0x8001 Universal Reply Received"}
{"ts":"2026-04-10T16:21:26.943Z","level":"INFO","device":"291078985963","event":"RX_MSG","detail":"0x8001 bodyLen=5"}
{"ts":"2026-04-10T16:21:26.943Z","level":"INFO","device":"291078985963","event":"SERVER_ACK","detail":"0x0200 result=OK"}
{"ts":"2026-04-10T16:21:27.266Z","level":"INFO","device":"291078985963","event":"SERVER_ACK","detail":"0x8001 Universal Reply Received"}
{"ts":"2026-04-10T16:21:56.760Z","level":"INFO","device":"291078985963","event":"HEARTBEAT_SENT","detail":"0x0002"}
{"ts":"2026-04-10T16:21:56.969Z","level":"INFO","device":"291078985963","event":"SERVER_ACK","detail":"0x8001 Universal Reply Received"}
{"ts":"2026-04-10T16:22:26.765Z","level":"INFO","device":"291078985963","event":"OBD2_SENT_0x0200","detail":"Lat: 51.727170, Lng: 0.495415 | Speed: 47km/h | RPM: 2683"}
{"ts":"2026-04-10T16:22:26.766Z","level":"INFO","device":"291078985963","event":"GPS_SENT","detail":""}
{"ts":"2026-04-10T16:22:26.768Z","level":"INFO","device":"291078985963","event":"INCIDENT_SENT","detail":"mediaId=1 alarmId=29107898596300260410162226010200"}
{"ts":"2026-04-10T16:22:26.768Z","level":"INFO","device":"291078985963","event":"HEARTBEAT_SENT","detail":"0x0002"}
{"ts":"2026-04-10T16:22:26.953Z","level":"ERROR","device":"291078985963","event":"SOCKET_ERROR","detail":"ECONNREFUSED"}
{"ts":"2026-04-10T16:22:26.974Z","level":"INFO","device":"291078985963","event":"SERVER_ACK","detail":"0x8001 Universal Reply Received"}
{"ts":"2026-04-10T16:22:26.975Z","level":"INFO","device":"291078985963","event":"RX_MSG","detail":"0x8001 bodyLen=5"}
{"ts":"2026-04-10T16:22:26.975Z","level":"INFO","device":"291078985963","event":"SERVER_ACK","detail":"0x0200 result=OK"}
{"ts":"2026-04-10T16:22:27.302Z","level":"INFO","device":"291078985963","event":"SERVER_ACK","detail":"0x8001 Universal Reply Received"}
{"ts":"2026-04-10T16:22:27.304Z","level":"INFO","device":"291078985963","event":"RX_MSG","detail":"0x8001 bodyLen=5"}
{"ts":"2026-04-10T16:22:27.304Z","level":"INFO","device":"291078985963","event":"SERVER_ACK","detail":"0x0200 result=OK"}
{"ts":"2026-04-10T16:22:27.304Z","level":"INFO","device":"291078985963","event":"RX_MSG","detail":"0x8001 bodyLen=5"}
{"ts":"2026-04-10T16:22:27.305Z","level":"INFO","device":"291078985963","event":"SERVER_ACK","detail":"0x0800 result=OK"}
{"ts":"2026-04-10T16:22:27.305Z","level":"INFO","device":"291078985963","event":"RX_MSG","detail":"0x9208 bodyLen=81"}
{"ts":"2026-04-10T16:22:27.305Z","level":"INFO","device":"291078985963","event":"9208_RAW","detail":"0C35342E33372E3232352E36350D32000029107898596300260410162226010200323931303738393835393633303032363034313031363232323630313032303000000000000000000000000000000000"}
{"ts":"2026-04-10T16:22:27.306Z","level":"INFO","device":"291078985963","event":"UPLOAD_TRIGGERED","detail":"media: 54.37.225.65:3378 | alarmId: 29107898596300260410162226010200"}
{"ts":"2026-04-10T16:22:27.307Z","level":"INFO","device":"291078985963","event":"MEDIA_CONNECTING","detail":"54.37.225.65:3378 files=2"}
{"ts":"2026-04-10T16:22:27.513Z","level":"INFO","device":"291078985963","event":"MEDIA_CONNECTED","detail":"54.37.225.65:3378"}
{"ts":"2026-04-10T16:22:27.514Z","level":"INFO","device":"291078985963","event":"FILE_START","detail":"[1/2] 00_64_6401_00_29107898596300260410162226010200.jpg (215 bytes)"}
{"ts":"2026-04-10T16:22:27.515Z","level":"INFO","device":"291078985963","event":"SENT_1210","detail":"00_64_6401_00_29107898596300260410162226010200.jpg"}
{"ts":"2026-04-10T16:22:27.725Z","level":"INFO","device":"291078985963","event":"MEDIA_RX","detail":"7E 80 01 00 05 29 10 78 98 59 63 19 1D 00 00 12 10 00 61 7E"}
{"ts":"2026-04-10T16:22:27.824Z","level":"INFO","device":"291078985963","event":"SENT_1212","detail":"00_64_6401_00_29107898596300260410162226010200.jpg"}
{"ts":"2026-04-10T16:22:27.927Z","level":"INFO","device":"291078985963","event":"MEDIA_RX","detail":"7E 80 01 00 05 29 10 78 98 59 63 07 78 00 01 12 11 00 1A 7E"}
{"ts":"2026-04-10T16:22:28.125Z","level":"INFO","device":"291078985963","event":"FILE_START","detail":"[2/2] 02_64_6401_03_29107898596300260410162226010200.mp4 (1570024 bytes)"}
{"ts":"2026-04-10T16:22:28.126Z","level":"INFO","device":"291078985963","event":"SENT_1210","detail":"02_64_6401_03_29107898596300260410162226010200.mp4"}
{"ts":"2026-04-10T16:22:28.266Z","level":"INFO","device":"291078985963","event":"MEDIA_RX","detail":"7E 92 12 00 36 29 10 78 98 59 63 31 91 32 30 30 5F 36 34 5F 36 34 30 31 5F 30 30 5F 32 39 31 30 37 38 39 38 35 39 36 33 30 30 32 36 30 34 31 30 31 36 32 32 32 36 30 31 30 32 30 30 2E 6A 70 67 00 00 00 99 7E"}
{"ts":"2026-04-10T16:22:28.471Z","level":"INFO","device":"291078985963","event":"MEDIA_RX","detail":"7E 80 01 00 05 29 10 78 98 59 63 6C 64 00 03 12 10 00 6E 7E 7E 80 01 00 05 29 10 78 98 59 63 85 F0 00 04 12 11 00 15 7E 7E 80 01 00 05 29 10 78 98 59 63 2F 18 00 05 12 11 00 56 7E 7E 80 01 00 05 29 10 78 98 59 63 BC 45 00 06 12 11 00 9B 7E 7E 80 01 00 05 29 10 78 98 59 63 B3 E4 00 07 12 11 00 34 7E 7E 80 01 00 05 29 10 78 98 59 63 5A 25 00 08 12 11 00 13 7E 7E 80 01 00 05 29 10 78 98 59 63 D4 18 00 09 12 11 00 A1 7E"}
{"ts":"2026-04-10T16:22:28.677Z","level":"INFO","device":"291078985963","event":"MEDIA_RX","detail":"7E 80 01 00 05 29 10 78 98 59 63 C6 DB 00 0A 12 11 00 73 7E 7E 80 01 00 05 29 10 78 98 59 63 1C F8 00 0B 12 11 00 8B 7E 7E 80 01 00 05 29 10 78 98 59 63 8A C3 00 0C 12 11 00 21 7E 7E 80 01 00 05 29 10 78 98 59 63 8B 49 00 0D 12 11 00 AB 7E 7E 80 01 00 05 29 10 78 98 59 63 DF 17 00 0E 12 11 00 A2 7E 7E 80 01 00 05 29 10 78 98 59 63 78 8C 00 0F 12 11 00 9F 7E 7E 80 01 00 05 29 10 78 98 59 63 5F BD 00 10 12 11 00 96 7E 7E 80 01 00 05 29 10 78 98 59 63 3A 48 00 11 12 11 00 07 7E 7E 80 01 00 05 29 10 78 98 59 63 A6 9A 00 12 12 11 00 4A 7E 7E 80 01 00 05 29 10 78 98 59 63 67 CF 00 13 12 11 00 DF 7E 7E 80 01 00 05 29 10 78 98 59 63 74 59 00 14 12 11 00 5D 7E 7E 80 01 00 05 29 10 78 98 59 63 54 28 00 15 12 11 00 0D 7E 7E 80 01 00 05 29 10 78 98 59 63 FD 22 00 16 12 11 00 AD 7E 7E 80 01 00 05 29 10 78 98 59 63 DE 7C 00 17 12 11 00 D1 7E 7E 80 01 00 05 29 10 78 98 59 63 3E 03 00 18 12 11 00 41 7E 7E 80 01 00 05 29 10 78 98 59 63 CB D8 00 19 12 11 00 6E 7E 7E 80 01 00 05 29 10 78 98 59 63 7B 06 00 1A 12 11 00 03 7E 7E 80 01 00 05 29 10 78 98 59 63 CF 12 00 1B 12 11 00 A2 7E 7E 80 01 00 05 29 10 78 98 59 63 33 81 00 1C 12 11 00 CA 7E 7E 80 01 00 05 29 10 78 98 59 63 C9 CD 00 1D 12 11 00 7D 01 7E 7E 80 01 00 05 29 10 78 98 59 63 BA 8F 00 1E 12 11 00 4F 7E 7E 80 01 00 05 29 10 78 98 59 63 17 17 00 1F 12 11 00 7B 7E 7E 80 01 00 05 29 10 78 98 59 63 F7 4C 00 20 12 11 00 FF 7E 7E 80 01 00 05 29 10 78 98 59 63 E6 C0 00 21 12 11 00 63 7E 7E 80 01 00 05 29 10 78 98 59 63 FB 56 00 22 12 11 00 EB 7E 7E 80 01 00 05 29 10 78 98 59 63 61 B2 00 23 12 11 00 94 7E 7E 80 01 00 05 29 10 78 98 59 63 65 07 00 24 12 11 00 22 7E 7E 80 01 00 05 29 10 78 98 59 63 FA E1 00 25 12 11 00 5A 7E 7E 80 01 00 05 29 10 78 98 59 63 24 E0 00 26 12 11 00 86 7E 7E 80 01 00 05 29 10 78 98 59 63 BC 50 00 27 12 11 00 AF 7E 7E 80 01 00 05 29 10 78 98 59 63 92 5E 00 28 12 11 00 80 7E 7E 80 01 00 05 29 10 78 98 59 63 BC 48 00 29 12 11 00 B9 7E 7E 80 01 00 05 29 10 78 98 59 63 1F B1 00 2A 12 11 00 E0 7E 7E 80 01 00 05 29 10 78 98 59 63 4B 19 00 2B 12 11 00 1D 7E 7E 80 01 00 05 29 10 78 98 59 63 A5 C7 00 2C 12 11 00 2A 7E"}
{"ts":"2026-04-10T16:22:28.880Z","level":"INFO","device":"291078985963","event":"MEDIA_RX","detail":"7E 80 01 00 05 29 10 78 98 59 63 04 6E 00 2D 12 11 00 23 7E 7E 80 01 00 05 29 10 78 98 59 63 B3 0F 00 2E 12 11 00 F6 7E 7E 80 01 00 05 29 10 78 98 59 63 BD 1C 00 2F 12 11 00 EA 7E 7E 80 01 00 05 29 10 78 98 59 63 66 84 00 30 12 11 00 B6 7E 7E 80 01 00 05 29 10 78 98 59 63 FB 98 00 31 12 11 00 36 7E 7E 80 01 00 05 29 10 78 98 59 63 CD 4F 00 32 12 11 00 D4 7E 7E 80 01 00 05 29 10 78 98 59 63 C3 8D 00 33 12 11 00 19 7E 7E 80 01 00 05 29 10 78 98 59 63 6E 91 00 34 12 11 00 AF 7E 7E 80 01 00 05 29 10 78 98 59 63 DB 3A 00 35 12 11 00 B0 7E 7E 80 01 00 05 29 10 78 98 59 63 72 69 00 36 12 11 00 49 7E 7E 80 01 00 05 29 10 78 98 59 63 0E 0B 00 37 12 11 00 56 7E 7E 80 01 00 05 29 10 78 98 59 63 3C 74 00 38 12 11 00 14 7E 7E 80 01 00 05 29 10 78 98 59 63 45 00 00 39 12 11 00 18 7E 7E 80 01 00 05 29 10 78 98 59 63 22 60 00 3A 12 11 00 1C 7E 7E 80 01 00 05 29 10 78 98 59 63 8D F0 00 3B 12 11 00 22 7E 7E 80 01 00 05 29 10 78 98 59 63 C4 46 00 3C 12 11 00 DA 7E 7E 80 01 00 05 29 10 78 98 59 63 34 93 00 3D 12 11 00 FE 7E 7E 80 01 00 05 29 10 78 98 59 63 D6 09 00 3E 12 11 00 85 7E 7E 80 01 00 05 29 10 78 98 59 63 82 61 00 3F 12 11 00 B8 7E 7E 80 01 00 05 29 10 78 98 59 63 3C 48 00 40 12 11 00 50 7E 7E 80 01 00 05 29 10 78 98 59 63 C4 CC 00 41 12 11 00 2D 7E 7E 80 01 00 05 29 10 78 98 59 63 9F C9 00 42 12 11 00 70 7E 7E 80 01 00 05 29 10 78 98 59 63 05 DE 00 43 12 11 00 FC 7E 7E 80 01 00 05 29 10 78 98 59 63 FB 8F 00 44 12 11 00 54 7E 7E 80 01 00 05 29 10 78 98 59 63 EB 5A 00 45 12 11 00 90 7E 7E 80 01 00 05 29 10 78 98 59 63 F3 54 00 46 12 11 00 85 7E 7E 80 01 00 05 29 10 78 98 59 63 28 B0 00 47 12 11 00 BB 7E 7E 80 01 00 05 29 10 78 98 59 63 AA 43 00 48 12 11 00 C5 7E 7E 80 01 00 05 29 10 78 98 59 63 13 36 00 49 12 11 00 08 7E 7E 80 01 00 05 29 10 78 98 59 63 36 39 00 4A 12 11 00 21 7E 7E 80 01 00 05 29 10 78 98 59 63 A0 51 00 4B 12 11 00 DE 7E 7E 80 01 00 05 29 10 78 98 59 63 15 10 00 4C 12 11 00 2D 7E 7E 80 01 00 05 29 10 78 98 59 63 43 45 00 4D 12 11 00 2F 7E 7E 80 01 00 05 29 10 78 98 59 63 D7 5B 00 4E 12 11 00 A6 7E"}
{"ts":"2026-04-10T16:22:29.086Z","level":"INFO","device":"291078985963","event":"MEDIA_RX","detail":"7E 80 01 00 05 29 10 78 98 59 63 A6 BD 00 4F 12 11 00 30 7E 7E 80 01 00 05 29 10 78 98 59 63 DC 0A 00 50 12 11 00 E2 7E 7E 80 01 00 05 29 10 78 98 59 63 15 26 00 51 12 11 00 06 7E 7E 80 01 00 05 29 10 78 98 59 63 31 32 00 52 12 11 00 35 7E 7E 80 01 00 05 29 10 78 98 59 63 92 02 00 53 12 11 00 A7 7E 7E 80 01 00 05 29 10 78 98 59 63 1B 9B 00 54 12 11 00 B0 7E 7E 80 01 00 05 29 10 78 98 59 63 AE 58 00 55 12 11 00 C7 7E 7E 80 01 00 05 29 10 78 98 59 63 C4 D6 00 56 12 11 00 20 7E 7E 80 01 00 05 29 10 78 98 59 63 DF 30 00 57 12 11 00 DC 7E 7E 80 01 00 05 29 10 78 98 59 63 EB 56 00 58 12 11 00 81 7E 7E 80 01 00 05 29 10 78 98 59 63 B0 88 00 59 12 11 00 05 7E 7E 80 01 00 05 29 10 78 98 59 63 94 E7 00 5A 12 11 00 4D 7E 7E 80 01 00 05 29 10 78 98 59 63 AD 79 00 5B 12 11 00 EB 7E 7E 80 01 00 05 29 10 78 98 59 63 B8 D8 00 5C 12 11 00 58 7E 7E 80 01 00 05 29 10 78 98 59 63 F0 D1 00 5D 12 11 00 18 7E 7E 80 01 00 05 29 10 78 98 59 63 73 C2 00 5E 12 11 00 8B 7E 7E 80 01 00 05 29 10 78 98 59 63 D8 9E 00 5F 12 11 00 7D 01 7E 7E 80 01 00 05 29 10 78 98 59 63 02 C2 00 60 12 11 00 C4 7E 7E 80 01 00 05 29 10 78 98 59 63 C9 06 00 61 12 11 00 CA 7E 7E 80 01 00 05 29 10 78 98 59 63 81 5A 00 62 12 11 00 DD 7E 7E 80 01 00 05 29 10 78 98 59 63 A9 AF 00 63 12 11 00 01 7E 7E 80 01 00 05 29 10 78 98 59 63 14 7D 01 00 64 12 11 00 69 7E 7E 80 01 00 05 29 10 78 98 59 63 FE 8F 00 65 12 11 00 70 7E 7E 80 01 00 05 29 10 78 98 59 63 92 C3 00 66 12 11 00 53 7E 7E 80 01 00 05 29 10 78 98 59 63 70 EC 00 67 12 11 00 9F 7E 7E 80 01 00 05 29 10 78 98 59 63 10 3F 00 68 12 11 00 23 7E 7E 80 01 00 05 29 10 78 98 59 63 53 BF 00 69 12 11 00 E1 7E 7E 80 01 00 05 29 10 78 98 59 63 F5 2C 00 6A 12 11 00 D7 7E 7E 80 01 00 05 29 10 78 98 59 63 06 BB 00 6B 12 11 00 B2 7E 7E 80 01 00 05 29 10 78 98 59 63 A6 32 00 6C 12 11 00 9C 7E 7E 80 01 00 05 29 10 78 98 59 63 94 16 00 6D 12 11 00 8B 7E 7E 80 01 00 05 29 10 78 98 59 63 E4 C8 00 6E 12 11 00 26 7E 7E 80 01 00 05 29 10 78 98 59 63 EE B4 00 6F 12 11 00 51 7E 7E 80 01 00 05 29 10 78 98 59 63 1F 26 00 70 12 11 00 2D 7E 7E 80 01 00 05 29 10 78 98 59 63 D8 B1 00 71 12 11 00 7C 7E 7E 80 01 00 05 29 10 78 98 59 63 50 2E 00 72 12 11 00 68 7E 7E 80 01 00 05 29 10 78 98 59 63 E2 A5 00 73 12 11 00 50 7E 7E 80 01 00 05 29 10 78 98 59 63 C5 03 00 74 12 11 00 D6 7E 7E 80 01 00 05 29 10 78 98 59 63 08 A3 00 75 12 11 00 BA 7E"}
{"ts":"2026-04-10T16:22:29.289Z","level":"INFO","device":"291078985963","event":"MEDIA_RX","detail":"7E 80 01 00 05 29 10 78 98 59 63 D2 4F 00 76 12 11 00 8F 7E 7E 80 01 00 05 29 10 78 98 59 63 F5 7F 00 77 12 11 00 99 7E 7E 80 01 00 05 29 10 78 98 59 63 E2 55 00 78 12 11 00 AB 7E 7E 80 01 00 05 29 10 78 98 59 63 00 D6 00 79 12 11 00 CB 7E 7E 80 01 00 05 29 10 78 98 59 63 9D 90 00 7A 12 11 00 13 7E 7E 80 01 00 05 29 10 78 98 59 63 38 E9 00 7B 12 11 00 CE 7E 7E 80 01 00 05 29 10 78 98 59 63 CC 37 00 7C 12 11 00 E3 7E 7E 80 01 00 05 29 10 78 98 59 63 86 3D 00 7D 01 12 11 00 A2 7E 7E 80 01 00 05 29 10 78 98 59 63 8D FE 00 7D 02 12 11 00 69 7E 7E 80 01 00 05 29 10 78 98 59 63 5D 85 00 7F 12 11 00 C3 7E 7E 80 01 00 05 29 10 78 98 59 63 BC 85 00 80 12 11 00 DD 7E 7E 80 01 00 05 29 10 78 98 59 63 4B 0B 00 81 12 11 00 A5 7E 7E 80 01 00 05 29 10 78 98 59 63 4A D4 00 82 12 11 00 78 7E 7E 80 01 00 05 29 10 78 98 59 63 AC 31 00 83 12 11 00 7A 7E 7E 80 01 00 05 29 10 78 98 59 63 6F E2 00 84 12 11 00 6D 7E 7E 80 01 00 05 29 10 78 98 59 63 17 82 00 85 12 11 00 74 7E 7E 80 01 00 05 29 10 78 98 59 63 34 8A 00 86 12 11 00 5C 7E 7E 80 01 00 05 29 10 78 98 59 63 BD E8 00 87 12 11 00 B6 7E 7E 80 01 00 05 29 10 78 98 59 63 F9 25 00 88 12 11 00 30 7E 7E 80 01 00 05 29 10 78 98 59 63 7A 5A 00 89 12 11 00 CD 7E 7E 80 01 00 05 29 10 78 98 59 63 CC 23 00 8A 12 11 00 01 7E 7E 80 01 00 05 29 10 78 98 59 63 9C E1 00 8B 12 11 00 92 7E 7E 80 01 00 05 29 10 78 98 59 63 32 B4 00 8C 12 11 00 6E 7E 7E 80 01 00 05 29 10 78 98 59 63 E5 F7 00 8D 12 11 00 FB 7E 7E 80 01 00 05 29 10 78 98 59 63 2E A5 00 8E 12 11 00 61 7E 7E 80 01 00 05 29 10 78 98 59 63 61 51 00 8F 12 11 00 DB 7E 7E 80 01 00 05 29 10 78 98 59 63 52 3B 00 90 12 11 00 9D 7E 7E 80 01 00 05 29 10 78 98 59 63 BD 45 00 91 12 11 00 0D 7E 7E 80 01 00 05 29 10 78 98 59 63 BF E0 00 92 12 11 00 A9 7E 7E 80 01 00 05 29 10 78 98 59 63 11 C6 00 93 12 11 00 20 7E 7E 80 01 00 05 29 10 78 98 59 63 71 CD 00 94 12 11 00 4C 7E 7E 80 01 00 05 29 10 78 98 59 63 85 18 00 95 12 11 00 6C 7E 7E 80 01 00 05 29 10 78 98 59 63 DE 51 00 96 12 11 00 7D 01 7E 7E 80 01 00 05 29 10 78 98 59 63 B5 92 00 97 12 11 00 D4 7E 7E 80 01 00 05 29 10 78 98 59 63 24 A5 00 98 12 11 00 7D 01 7E 7E 80 01 00 05 29 10 78 98 59 63 36 98 00 99 12 11 00 53 7E"}
{"ts":"2026-04-10T16:22:29.493Z","level":"INFO","device":"291078985963","event":"MEDIA_RX","detail":"7E 80 01 00 05 29 10 78 98 59 63 A5 F4 00 9A 12 11 00 AF 7E 7E 80 01 00 05 29 10 78 98 59 63 A6 6C 00 9B 12 11 00 35 7E 7E 80 01 00 05 29 10 78 98 59 63 A2 22 00 9C 12 11 00 78 7E 7E 80 01 00 05 29 10 78 98 59 63 F8 26 00 9D 12 11 00 27 7E 7E 80 01 00 05 29 10 78 98 59 63 D2 1D 00 9E 12 11 00 35 7E 7E 80 01 00 05 29 10 78 98 59 63 24 38 00 9F 12 11 00 E7 7E 7E 80 01 00 05 29 10 78 98 59 63 72 DC 00 A0 12 11 00 6A 7E 7E 80 01 00 05 29 10 78 98 59 63 14 47 00 A1 12 11 00 96 7E 7E 80 01 00 05 29 10 78 98 59 63 F0 7F 00 A2 12 11 00 49 7E 7E 80 01 00 05 29 10 78 98 59 63 7D 02 E5 00 A3 12 11 00 5C 7E 7E 80 01 00 05 29 10 78 98 59 63 0D F4 00 A4 12 11 00 39 7E 7E 80 01 00 05 29 10 78 98 59 63 43 06 00 A5 12 11 00 84 7E 7E 80 01 00 05 29 10 78 98 59 63 0A E4 00 A6 12 11 00 2C 7E 7E 80 01 00 05 29 10 78 98 59 63 11 5A 00 A7 12 11 00 88 7E 7E 80 01 00 05 29 10 78 98 59 63 5D 56 00 A8 12 11 00 C7 7E 7E 80 01 00 05 29 10 78 98 59 63 7D 02 F2 00 A9 12 11 00 41 7E 7E 80 01 00 05 29 10 78 98 59 63 36 14 00 AA 12 11 00 EC 7E 7E 80 01 00 05 29 10 78 98 59 63 6E 6D 00 AB 12 11 00 CC 7E 7E 80 01 00 05 29 10 78 98 59 63 C9 20 00 AC 12 11 00 21 7E 7E 80 01 00 05 29 10 78 98 59 63 AC A3 00 AD 12 11 00 C6 7E 7E 80 01 00 05 29 10 78 98 59 63 8D BF 00 AE 12 11 00 F8 7E 7E 80 01 00 05 29 10 78 98 59 63 B9 B4 00 AF 12 11 00 C6 7E 7E 80 01 00 05 29 10 78 98 59 63 06 2E 00 B0 12 11 00 FC 7E 7E 80 01 00 05 29 10 78 98 59 63 EC 33 00 B1 12 11 00 0A 7E 7E 80 01 00 05 29 10 78 98 59 63 3E 65 00 B2 12 11 00 8D 7E 7E 80 01 00 05 29 10 78 98 59 63 9F 42 00 B3 12 11 00 0A 7E 7E 80 01 00 05 29 10 78 98 59 63 59 8A 00 B4 12 11 00 03 7E 7E 80 01 00 05 29 10 78 98 59 63 A3 BE 00 B5 12 11 00 CC 7E 7E 80 01 00 05 29 10 78 98 59 63 E4 8E 00 B6 12 11 00 B8 7E 7E 80 01 00 05 29 10 78 98 59 63 37 11 00 B7 12 11 00 F5 7E 7E 80 01 00 05 29 10 78 98 59 63 2F A8 00 B8 12 11 00 5B 7E 7E 80 01 00 05 29 10 78 98 59 63 0A DE 00 B9 12 11 00 09 7E 7E 80 01 00 05 29 10 78 98 59 63 75 5C 00 BA 12 11 00 F7 7E 7E 80 01 00 05 29 10 78 98 59 63 B3 78 00 BB 12 11 00 14 7E 7E 80 01 00 05 29 10 78 98 59 63 AB E9 00 BC 12 11 00 9A 7E"}
{"ts":"2026-04-10T16:22:29.697Z","level":"INFO","device":"291078985963","event":"MEDIA_RX","detail":"7E 80 01 00 05 29 10 78 98 59 63 94 93 00 BD 12 11 00 DE 7E 7E 80 01 00 05 29 10 78 98 59 63 04 0D 00 BE 12 11 00 D3 7E 7E 80 01 00 05 29 10 78 98 59 63 E3 3B 00 BF 12 11 00 03 7E 7E 80 01 00 05 29 10 78 98 59 63 3D 06 00 C0 12 11 00 9F 7E 7E 80 01 00 05 29 10 78 98 59 63 6D 9F 00 C1 12 11 00 57 7E 7E 80 01 00 05 29 10 78 98 59 63 7D 01 BF 00 C2 12 11 00 64 7E 7E 80 01 00 05 29 10 78 98 59 63 EB C7 00 C3 12 11 00 8B 7E 7E 80 01 00 05 29 10 78 98 59 63 2E FC 00 C4 12 11 00 72 7E 7E 80 01 00 05 29 10 78 98 59 63 90 E3 00 C5 12 11 00 D2 7E 7E 80 01 00 05 29 10 78 98 59 63 2C 4C 00 C6 12 11 00 C2 7E 7E 80 01 00 05 29 10 78 98 59 63 1B FC 00 C7 12 11 00 44 7E 7E 80 01 00 05 29 10 78 98 59 63 67 76 00 C8 12 11 00 BD 7E 7E 80 01 00 05 29 10 78 98 59 63 96 6E 00 C9 12 11 00 55 7E 7E 80 01 00 05 29 10 78 98 59 63 E0 1D 00 CA 12 11 00 53 7E 7E 80 01 00 05 29 10 78 98 59 63 3D 74 00 CB 12 11 00 E6 7E 7E 80 01 00 05 29 10 78 98 59 63 F0 D3 00 CC 12 11 00 8B 7E 7E 80 01 00 05 29 10 78 98 59 63 C3 98 00 CD 12 11 00 F2 7E 7E 80 01 00 05 29 10 78 98 59 63 0C 43 00 CE 12 11 00 E5 7E 7E 80 01 00 05 29 10 78 98 59 63 4A 59 00 CF 12 11 00 B8 7E 7E 80 01 00 05 29 10 78 98 59 63 0E ED 00 D0 12 11 00 57 7E 7E 80 01 00 05 29 10 78 98 59 63 2F 09 00 D1 12 11 00 93 7E 7E 80 01 00 05 29 10 78 98 59 63 50 BC 00 D2 12 11 00 5A 7E 7E 80 01 00 05 29 10 78 98 59 63 BB 70 00 D3 12 11 00 7C 7E 7E 80 01 00 05 29 10 78 98 59 63 36 B0 00 D4 12 11 00 36 7E 7E 80 01 00 05 29 10 78 98 59 63 C9 EF 00 D5 12 11 00 97 7E 7E 80 01 00 05 29 10 78 98 59 63 97 D2 00 D6 12 11 00 F7 7E 7E 80 01 00 05 29 10 78 98 59 63 CC B1 00 D7 12 11 00 CE 7E 7E 80 01 00 05 29 10 78 98 59 63 96 AA 00 D8 12 11 00 80 7E 7E 80 01 00 05 29 10 78 98 59 63 1E 9E 00 D9 12 11 00 3D 7E 7E 80 01 00 05 29 10 78 98 59 63 7C 86 00 DA 12 11 00 44 7E 7E 80 01 00 05 29 10 78 98 59 63 68 63 00 DB 12 11 00 B4 7E 7E 80 01 00 05 29 10 78 98 59 63 E3 57 00 DC 12 11 00 0C 7E 7E 80 01 00 05 29 10 78 98 59 63 01 F1 00 DD 12 11 00 49 7E 7E 80 01 00 05 29 10 78 98 59 63 51 6E 00 DE 12 11 00 85 7E 7E 80 01 00 05 29 10 78 98 59 63 AC F2 00 DF 12 11 00 E5 7E 7E 80 01 00 05 29 10 78 98 59 63 A2 26 00 E0 12 11 00 00 7E"}
{"ts":"2026-04-10T16:22:29.903Z","level":"INFO","device":"291078985963","event":"MEDIA_RX","detail":"7E 80 01 00 05 29 10 78 98 59 63 8F 29 00 E1 12 11 00 23 7E 7E 80 01 00 05 29 10 78 98 59 63 50 E9 00 E2 12 11 00 3F 7E 7E 80 01 00 05 29 10 78 98 59 63 A2 64 00 E3 12 11 00 41 7E 7E 80 01 00 05 29 10 78 98 59 63 F7 1E 00 E4 12 11 00 69 7E 7E 80 01 00 05 29 10 78 98 59 63 C0 F0 00 E5 12 11 00 B1 7E 7E 80 01 00 05 29 10 78 98 59 63 CE BD 00 E6 12 11 00 F1 7E 7E 80 01 00 05 29 10 78 98 59 63 E0 07 00 E7 12 11 00 64 7E 7E 80 01 00 05 29 10 78 98 59 63 7D 02 06 00 E8 12 11 00 F4 7E 7E 80 01 00 05 29 10 78 98 59 63 21 0D 00 E9 12 11 00 A1 7E 7E 80 01 00 05 29 10 78 98 59 63 35 CA 00 EA 12 11 00 71 7E 7E 80 01 00 05 29 10 78 98 59 63 67 E5 00 EB 12 11 00 0D 7E 7E 80 01 00 05 29 10 78 98 59 63 BF 09 00 EC 12 11 00 3E 7E 7E 80 01 00 05 29 10 78 98 59 63 52 12 00 ED 12 11 00 C9 7E 7E 80 01 00 05 29 10 78 98 59 63 38 16 00 EE 12 11 00 A4 7E 7E 80 01 00 05 29 10 78 98 59 63 33 5E 00 EF 12 11 00 E6 7E 7E 80 01 00 05 29 10 78 98 59 63 C4 1B 00 F0 12 11 00 4B 7E 7E 80 01 00 05 29 10 78 98 59 63 C3 B3 00 F1 12 11 00 E5 7E 7E 80 01 00 05 29 10 78 98 59 63 40 56 00 F2 12 11 00 80 7E 7E 80 01 00 05 29 10 78 98 59 63 B2 55 00 F3 12 11 00 70 7E 7E 80 01 00 05 29 10 78 98 59 63 3D 38 00 F4 12 11 00 95 7E 7E 80 01 00 05 29 10 78 98 59 63 8C 5C 00 F5 12 11 00 41 7E 7E 80 01 00 05 29 10 78 98 59 63 A3 6D 00 F6 12 11 00 5C 7E 7E 80 01 00 05 29 10 78 98 59 63 F1 D8 00 F7 12 11 00 BA 7E 7E 80 01 00 05 29 10 78 98 59 63 F2 87 00 F8 12 11 00 E9 7E 7E 80 01 00 05 29 10 78 98 59 63 12 1A 00 F9 12 11 00 95 7E 7E 80 01 00 05 29 10 78 98 59 63 85 5C 00 FA 12 11 00 47 7E 7E 80 01 00 05 29 10 78 98 59 63 B7 67 00 FB 12 11 00 4F 7E 7E 80 01 00 05 29 10 78 98 59 63 3F 0A 00 FC 12 11 00 AD 7E 7E 80 01 00 05 29 10 78 98 59 63 D8 82 00 FD 12 11 00 C3 7E 7E 80 01 00 05 29 10 78 98 59 63 CD C9 00 FE 12 11 00 9E 7E 7E 80 01 00 05 29 10 78 98 59 63 3A 28 00 FF 12 11 00 89 7E 7E 80 01 00 05 29 10 78 98 59 63 E2 0E 01 00 12 11 00 89 7E 7E 80 01 00 05 29 10 78 98 59 63 E5 19 01 01 12 11 00 98 7E 7E 80 01 00 05 29 10 78 98 59 63 4E 30 01 02 12 11 00 19 7E 7E 80 01 00 05 29 10 78 98 59 63 EF 4C 01 03 12 11 00 C5 7E 7E 80 01 00 05 29 10 78 98 59 63 7F 2E 01 04 12 11 00 30 7E 7E 80 01 00 05 29 10 78 98 59 63 EE 20 01 05 12 11 00 AE 7E"}
{"ts":"2026-04-10T16:22:30.107Z","level":"INFO","device":"291078985963","event":"MEDIA_RX","detail":"7E 80 01 00 05 29 10 78 98 59 63 9B 3B 01 06 12 11 00 C3 7E 7E 80 01 00 05 29 10 78 98 59 63 72 07 01 07 12 11 00 17 7E 7E 80 01 00 05 29 10 78 98 59 63 53 C1 01 08 12 11 00 FF 7E 7E 80 01 00 05 29 10 78 98 59 63 B1 AE 01 09 12 11 00 73 7E 7E 80 01 00 05 29 10 78 98 59 63 9A 9A 01 0A 12 11 00 6F 7E 7E 80 01 00 05 29 10 78 98 59 63 13 54 01 0B 12 11 00 29 7E 7E 80 01 00 05 29 10 78 98 59 63 17 38 01 0C 12 11 00 46 7E 7E 80 01 00 05 29 10 78 98 59 63 74 1A 01 0D 12 11 00 06 7E 7E 80 01 00 05 29 10 78 98 59 63 9D D1 01 0E 12 11 00 27 7E 7E 80 01 00 05 29 10 78 98 59 63 DE 8D 01 0F 12 11 00 39 7E 7E 80 01 00 05 29 10 78 98 59 63 D3 E0 01 10 12 11 00 46 7E 7E 80 01 00 05 29 10 78 98 59 63 47 89 01 11 12 11 00 BA 7E 7E 80 01 00 05 29 10 78 98 59 63 E9 00 01 12 12 11 00 9E 7E 7E 80 01 00 05 29 10 78 98 59 63 79 80 01 13 12 11 00 8F 7E 7E 80 01 00 05 29 10 78 98 59 63 41 4F 01 14 12 11 00 7F 7E 7E 80 01 00 05 29 10 78 98 59 63 21 1E 01 15 12 11 00 4F 7E 7E 80 01 00 05 29 10 78 98 59 63 89 35 01 16 12 11 00 CF 7E 7E 80 01 00 05 29 10 78 98 59 63 26 37 01 17 12 11 00 63 7E 7E 80 01 00 05 29 10 78 98 59 63 74 33 01 18 12 11 00 3A 7E 7E 80 01 00 05 29 10 78 98 59 63 A9 98 01 19 12 11 00 4D 7E 7E 80 01 00 05 29 10 78 98 59 63 4B 1A 01 1A 12 11 00 2E 7E 7E 80 01 00 05 29 10 78 98 59 63 95 F1 01 1B 12 11 00 1A 7E 7E 80 01 00 05 29 10 78 98 59 63 6A 97 01 1C 12 11 00 84 7E 7E 80 01 00 05 29 10 78 98 59 63 C4 A9 01 1D 12 11 00 15 7E 7E 80 01 00 05 29 10 78 98 59 63 D5 F4 01 1E 12 11 00 5A 7E 7E 80 01 00 05 29 10 78 98 59 63 CA AB 01 1F 12 11 00 1B 7E 7E 80 01 00 05 29 10 78 98 59 63 B9 02 01 20 12 11 00 FE 7E 7E 80 01 00 05 29 10 78 98 59 63 8B 96 01 21 12 11 00 59 7E 7E 80 01 00 05 29 10 78 98 59 63 70 84 01 22 12 11 00 B3 7E 7E 80 01 00 05 29 10 78 98 59 63 1A C0 01 23 12 11 00 9C 7E 7E 80 01 00 05 29 10 78 98 59 63 62 41 01 24 12 11 00 62 7E 7E 80 01 00 05 29 10 78 98 59 63 83 30 01 25 12 11 00 F3 7E 7E 80 01 00 05 29 10 78 98 59 63 7D 01 C6 01 26 12 11 00 F8 7E 7E 80 01 00 05 29 10 78 98 59 63 C9 2A 01 27 12 11 00 A1 7E 7E 80 01 00 05 29 10 78 98 59 63 56 EF 01 28 12 11 00 F4 7E 7E 80 01 00 05 29 10 78 98 59 63 74 03 01 29 12 11 00 3B 7E"}
{"ts":"2026-04-10T16:22:30.312Z","level":"INFO","device":"291078985963","event":"MEDIA_RX","detail":"7E 80 01 00 05 29 10 78 98 59 63 DF 76 01 2A 12 11 00 E6 7E 7E 80 01 00 05 29 10 78 98 59 63 47 FB 01 2B 12 11 00 F2 7E 7E 80 01 00 05 29 10 78 98 59 63 D6 3E 01 2C 12 11 00 A1 7E 7E 80 01 00 05 29 10 78 98 59 63 B3 90 01 2D 12 11 00 6B 7E 7E 80 01 00 05 29 10 78 98 59 63 69 2E 01 2E 12 11 00 0C 7E 7E 80 01 00 05 29 10 78 98 59 63 DD 79 01 2F 12 11 00 EE 7E 7E 80 01 00 05 29 10 78 98 59 63 30 00 01 30 12 11 00 65 7E 7E 80 01 00 05 29 10 78 98 59 63 29 2D 01 31 12 11 00 50 7E 7E 80 01 00 05 29 10 78 98 59 63 9E 28 01 32 12 11 00 E1 7E 7E 80 01 00 05 29 10 78 98 59 63 2C 14 01 33 12 11 00 6E 7E 7E 80 01 00 05 29 10 78 98 59 63 DB 4B 01 34 12 11 00 C1 7E 7E 80 01 00 05 29 10 78 98 59 63 A8 1E 01 35 12 11 00 E6 7E 7E 80 01 00 05 29 10 78 98 59 63 52 AC 01 36 12 11 00 AD 7E 7E 80 01 00 05 29 10 78 98 59 63 30 22 01 37 12 11 00 40 7E 7E 80 01 00 05 29 10 78 98 59 63 AF 4F 01 38 12 11 00 BD 7E 7E 80 01 00 05 29 10 78 98 59 63 D9 AA 01 39 12 11 00 2F 7E 7E 80 01 00 05 29 10 78 98 59 63 05 4C 01 3A 12 11 00 16 7E 7E 80 01 00 05 29 10 78 98 59 63 A4 73 01 3B 12 11 00 89 7E 7E 80 01 00 05 29 10 78 98 59 63 A8 15 01 3C 12 11 00 E4 7E 7E 80 01 00 05 29 10 78 98 59 63 46 F2 01 3D 12 11 00 EC 7E 7E 80 01 00 05 29 10 78 98 59 63 CA 77 01 3E 12 11 00 E6 7E 7E 80 01 00 05 29 10 78 98 59 63 9E A0 01 3F 12 11 00 64 7E 7E 80 01 00 05 29 10 78 98 59 63 50 3D 01 40 12 11 00 48 7E 7E 80 01 00 05 29 10 78 98 59 63 E7 65 01 41 12 11 00 A6 7E 7E 80 01 00 05 29 10 78 98 59 63 B7 61 01 42 12 11 00 F1 7E 7E 80 01 00 05 29 10 78 98 59 63 8F F3 01 43 12 11 00 5A 7E 7E 80 01 00 05 29 10 78 98 59 63 ED 52 01 44 12 11 00 9E 7E 7E 80 01 00 05 29 10 78 98 59 63 EA 8E 01 45 12 11 00 44 7E 7E 80 01 00 05 29 10 78 98 59 63 AE EA 01 46 12 11 00 67 7E 7E 80 01 00 05 29 10 78 98 59 63 36 25 01 47 12 11 00 31 7E 7E 80 01 00 05 29 10 78 98 59 63 6D 30 01 48 12 11 00 70 7E 7E 80 01 00 05 29 10 78 98 59 63 05 04 01 49 12 11 00 2D 7E 7E 80 01 00 05 29 10 78 98 59 63 C4 51 01 4A 12 11 00 BA 7E 7E 80 01 00 05 29 10 78 98 59 63 8B 19 01 4B 12 11 00 BC 7E 7E 80 01 00 05 29 10 78 98 59 63 E4 2D 01 4C 12 11 00 E0 7E 7E 80 01 00 05 29 10 78 98 59 63 FC EF 01 4D 12 11 00 3B 7E 7E 80 01 00 05 29 10 78 98 59 63 F6 99 01 4E 12 11 00 44 7E"}
{"ts":"2026-04-10T16:22:30.517Z","level":"INFO","device":"291078985963","event":"MEDIA_RX","detail":"7E 80 01 00 05 29 10 78 98 59 63 48 0F 01 4F 12 11 00 6D 7E 7E 80 01 00 05 29 10 78 98 59 63 A2 FD 01 50 12 11 00 6A 7E 7E 80 01 00 05 29 10 78 98 59 63 6B DD 01 51 12 11 00 82 7E 7E 80 01 00 05 29 10 78 98 59 63 E5 3F 01 52 12 11 00 ED 7E 7E 80 01 00 05 29 10 78 98 59 63 DB 45 01 53 12 11 00 A8 7E 7E 80 01 00 05 29 10 78 98 59 63 1B 00 01 54 12 11 00 2A 7E 7E 80 01 00 05 29 10 78 98 59 63 0E A1 01 55 12 11 00 9F 7E 7E 80 01 00 05 29 10 78 98 59 63 31 9E 01 56 12 11 00 9C 7E 7E 80 01 00 05 29 10 78 98 59 63 B5 35 01 57 12 11 00 B2 7E 7E 80 01 00 05 29 10 78 98 59 63 5C BE 01 58 12 11 00 DF 7E 7E 80 01 00 05 29 10 78 98 59 63 22 C4 01 59 12 11 00 DA 7E 7E 80 01 00 05 29 10 78 98 59 63 A8 C8 01 5A 12 11 00 5F 7E 7E 80 01 00 05 29 10 78 98 59 63 88 0D 01 5B 12 11 00 BB 7E 7E 80 01 00 05 29 10 78 98 59 63 64 A8 01 5C 12 11 00 F5 7E 7E 80 01 00 05 29 10 78 98 59 63 8B 5E 01 5D 12 11 00 ED 7E 7E 80 01 00 05 29 10 78 98 59 63 E5 F7 01 5E 12 11 00 29 7E 7E 80 01 00 05 29 10 78 98 59 63 CC C8 01 5F 12 11 00 3E 7E 7E 80 01 00 05 29 10 78 98 59 63 C9 0B 01 60 12 11 00 C7 7E 7E 80 01 00 05 29 10 78 98 59 63 85 97 01 61 12 11 00 16 7E 7E 80 01 00 05 29 10 78 98 59 63 30 36 01 62 12 11 00 01 7E 7E 80 01 00 05 29 10 78 98 59 63 40 CD 01 63 12 11 00 8B 7E 7E 80 01 00 05 29 10 78 98 59 63 B8 3D 01 64 12 11 00 84 7E 7E 80 01 00 05 29 10 78 98 59 63 B9 C5 01 65 12 11 00 7C 7E 7E 80 01 00 05 29 10 78 98 59 63 4C E0 01 66 12 11 00 AF 7E 7E 80 01 00 05 29 10 78 98 59 63 74 4D 01 67 12 11 00 3B 7E 7E 80 01 00 05 29 10 78 98 59 63 CB C5 01 68 12 11 00 03 7E 7E 80 01 00 05 29 10 78 98 59 63 BA 22 01 69 12 11 00 94 7E 7E 80 01 00 05 29 10 78 98 59 63 0E 71 01 6A 12 11 00 70 7E 7E 80 01 00 05 29 10 78 98 59 63 47 C0 01 6B 12 11 00 89 7E 7E 80 01 00 05 29 10 78 98 59 63 4C 99 01 6C 12 11 00 DC 7E 7E 80 01 00 05 29 10 78 98 59 63 C3 88 01 6D 12 11 00 43 7E 7E 80 01 00 05 29 10 78 98 59 63 49 F3 01 6E 12 11 00 B1 7E 7E 80 01 00 05 29 10 78 98 59 63 79 66 01 6F 12 11 00 15 7E 7E 80 01 00 05 29 10 78 98 59 63 92 21 01 70 12 11 00 A6 7E 7E 80 01 00 05 29 10 78 98 59 63 9F B3 01 71 12 11 00 38 7E"}
{"ts":"2026-04-10T16:22:30.723Z","level":"INFO","device":"291078985963","event":"MEDIA_RX","detail":"7E 80 01 00 05 29 10 78 98 59 63 C3 EE 01 72 12 11 00 3A 7E 7E 80 01 00 05 29 10 78 98 59 63 F7 9B 01 73 12 11 00 7A 7E 7E 80 01 00 05 29 10 78 98 59 63 C8 0F 01 74 12 11 00 D6 7E 7E 80 01 00 05 29 10 78 98 59 63 68 CC 01 75 12 11 00 B4 7E 7E 80 01 00 05 29 10 78 98 59 63 D5 5F 01 76 12 11 00 99 7E 7E 80 01 00 05 29 10 78 98 59 63 C9 F4 01 77 12 11 00 2F 7E 7E 80 01 00 05 29 10 78 98 59 63 DD A8 01 78 12 11 00 68 7E 7E 80 01 00 05 29 10 78 98 59 63 E7 18 01 79 12 11 00 E3 7E 7E 80 01 00 05 29 10 78 98 59 63 1E 6B 01 7A 12 11 00 6A 7E 7E 80 01 00 05 29 10 78 98 59 63 49 BC 01 7B 12 11 00 EB 7E 7E 80 01 00 05 29 10 78 98 59 63 8C 91 01 7C 12 11 00 04 7E 7E 80 01 00 05 29 10 78 98 59 63 2B 1B 01 7D 01 12 11 00 28 7E 7E 80 01 00 05 29 10 78 98 59 63 7A 42 01 7D 02 12 11 00 23 7E 7E 80 01 00 05 29 10 78 98 59 63 7C 5B 01 7F 12 11 00 3D 7E 7E 80 01 00 05 29 10 78 98 59 63 5A 62 01 80 12 11 00 DD 7E 7E 80 01 00 05 29 10 78 98 59 63 9E 5C 01 81 12 11 00 26 7E 7E 80 01 00 05 29 10 78 98 59 63 05 78 01 82 12 11 00 9A 7E 7E 80 01 00 05 29 10 78 98 59 63 8F 46 01 83 12 11 00 2F 7E 7E 80 01 00 05 29 10 78 98 59 63 B9 A4 01 84 12 11 00 FC 7E 7E 80 01 00 05 29 10 78 98 59 63 75 5D 01 85 12 11 00 C8 7E 7E 80 01 00 05 29 10 78 98 59 63 BB 17 01 86 12 11 00 4F 7E 7E 80 01 00 05 29 10 78 98 59 63 5F D6 01 87 12 11 00 6B 7E 7E 80 01 00 05 29 10 78 98 59 63 36 E3 01 88 12 11 00 38 7E 7E 80 01 00 05 29 10 78 98 59 63 60 B2 01 89 12 11 00 3E 7E 7E 80 01 00 05 29 10 78 98 59 63 D8 A7 01 8A 12 11 00 90 7E 7E 80 01 00 05 29 10 78 98 59 63 24 A9 01 8B 12 11 00 63 7E 7E 80 01 00 05 29 10 78 98 59 63 95 07 01 8C 12 11 00 7B 7E 7E 80 01 00 05 29 10 78 98 59 63 AC E7 01 8D 12 11 00 A3 7E 7E 80 01 00 05 29 10 78 98 59 63 58 C0 01 8E 12 11 00 73 7E 7E 80 01 00 05 29 10 78 98 59 63 7D 01 24 01 8F 12 11 00 B3 7E 7E 80 01 00 05 29 10 78 98 59 63 3C D0 01 90 12 11 00 19 7E 7E 80 01 00 05 29 10 78 98 59 63 D1 2E 01 91 12 11 00 0B 7E 7E 80 01 00 05 29 10 78 98 59 63 06 B0 01 92 12 11 00 41 7E 7E 80 01 00 05 29 10 78 98 59 63 E7 69 01 93 12 11 00 78 7E 7E 80 01 00 05 29 10 78 98 59 63 5C E6 01 94 12 11 00 4B 7E 7E 80 01 00 05 29 10 78 98 59 63 E9 4D 01 95 12 11 00 54 7E 7E 80 01 00 05 29 10 78 98 59 63 80 4B 01 96 12 11 00 38 7E 7E 80 01 00 05 29 10 78 98 59 63 E9 7D 02 01 97 12 11 00 65 7E"}
{"ts":"2026-04-10T16:22:30.926Z","level":"INFO","device":"291078985963","event":"MEDIA_RX","detail":"7E 80 01 00 05 29 10 78 98 59 63 47 4E 01 98 12 11 00 F4 7E 7E 80 01 00 05 29 10 78 98 59 63 3D 24 01 99 12 11 00 E5 7E 7E 80 01 00 05 29 10 78 98 59 63 70 3B 01 9A 12 11 00 B4 7E 7E 80 01 00 05 29 10 78 98 59 63 77 82 01 9B 12 11 00 0B 7E 7E 80 01 00 05 29 10 78 98 59 63 99 7C 01 9C 12 11 00 1C 7E 7E 80 01 00 05 29 10 78 98 59 63 DE A4 01 9D 12 11 00 82 7E 7E 80 01 00 05 29 10 78 98 59 63 21 67 01 9E 12 11 00 BD 7E 7E 80 01 00 05 29 10 78 98 59 63 D0 55 01 9F 12 11 00 7F 7E 7E 80 01 00 05 29 10 78 98 59 63 9E 65 01 A0 12 11 00 3E 7E 7E 80 01 00 05 29 10 78 98 59 63 2B 3F 01 A1 12 11 00 D0 7E 7E 80 01 00 05 29 10 78 98 59 63 F4 F4 01 A2 12 11 00 C7 7E 7E 80 01 00 05 29 10 78 98 59 63 FA FC 01 A3 12 11 00 C0 7E 7E 80 01 00 05 29 10 78 98 59 63 3D 45 01 A4 12 11 00 B9 7E 7E 80 01 00 05 29 10 78 98 59 63 3C 33 01 A5 12 11 00 CF 7E 7E 80 01 00 05 29 10 78 98 59 63 31 43 01 A6 12 11 00 B1 7E 7E 80 01 00 05 29 10 78 98 59 63 05 03 01 A7 12 11 00 C4 7E 7E 80 01 00 05 29 10 78 98 59 63 F0 43 01 A8 12 11 00 7D 02 7E 7E 80 01 00 05 29 10 78 98 59 63 9F B3 01 A9 12 11 00 E0 7E 7E 80 01 00 05 29 10 78 98 59 63 C9 BF 01 AA 12 11 00 B9 7E 7E 80 01 00 05 29 10 78 98 59 63 38 EF 01 AB 12 11 00 19 7E 7E 80 01 00 05 29 10 78 98 59 63 12 4A 01 AC 12 11 00 91 7E 7E 80 01 00 05 29 10 78 98 59 63 33 BA 01 AD 12 11 00 41 7E 7E 80 01 00 05 29 10 78 98 59 63 A7 16 01 AE 12 11 00 7A 7E 7E 80 01 00 05 29 10 78 98 59 63 DC B5 01 AF 12 11 00 A3 7E 7E 80 01 00 05 29 10 78 98 59 63 4C 26 01 B0 12 11 00 BF 7E 7E 80 01 00 05 29 10 78 98 59 63 09 26 01 B1 12 11 00 FB 7E 7E 80 01 00 05 29 10 78 98 59 63 5B 23 01 B2 12 11 00 AF 7E 7E 80 01 00 05 29 10 78 98 59 63 89 5D 01 B3 12 11 00 02 7E 7E 80 01 00 05 29 10 78 98 59 63 97 E5 01 B4 12 11 00 A3 7E 7E 80 01 00 05 29 10 78 98 59 63 DB C0 01 B5 12 11 00 CB 7E 7E 80 01 00 05 29 10 78 98 59 63 B1 69 01 B6 12 11 00 0B 7E 7E 80 01 00 05 29 10 78 98 59 63 7F 98 01 B7 12 11 00 35 7E 7E 80 01 00 05 29 10 78 98 59 63 5F 53 01 B8 12 11 00 D1 7E 7E 80 01 00 05 29 10 78 98 59 63 3A 4C 01 B9 12 11 00 AA 7E 7E 80 01 00 05 29 10 78 98 59 63 8B 80 01 BA 12 11 00 D4 7E 7E 80 01 00 05 29 10 78 98 59 63 7C 14 01 BB 12 11 00 B6 7E"}
{"ts":"2026-04-10T16:22:31.131Z","level":"INFO","device":"291078985963","event":"MEDIA_RX","detail":"7E 80 01 00 05 29 10 78 98 59 63 F1 2A 01 BC 12 11 00 02 7E 7E 80 01 00 05 29 10 78 98 59 63 0D 73 01 BD 12 11 00 A6 7E 7E 80 01 00 05 29 10 78 98 59 63 11 C6 01 BE 12 11 00 0C 7E 7E 80 01 00 05 29 10 78 98 59 63 B9 DE 01 BF 12 11 00 BD 7E 7E 80 01 00 05 29 10 78 98 59 63 05 76 01 C0 12 11 00 D6 7E 7E 80 01 00 05 29 10 78 98 59 63 90 49 01 C1 12 11 00 7D 01 7E 7E 80 01 00 05 29 10 78 98 59 63 6C 44 01 C2 12 11 00 8F 7E 7E 80 01 00 05 29 10 78 98 59 63 21 29 01 C3 12 11 00 AE 7E 7E 80 01 00 05 29 10 78 98 59 63 3B 72 01 C4 12 11 00 E8 7E 7E 80 01 00 05 29 10 78 98 59 63 CA 67 01 C5 12 11 00 0D 7E 7E 80 01 00 05 29 10 78 98 59 63 A5 D8 01 C6 12 11 00 DE 7E 7E 80 01 00 05 29 10 78 98 59 63 2B 41 01 C7 12 11 00 C8 7E 7E 80 01 00 05 29 10 78 98 59 63 E5 CE 01 C8 12 11 00 86 7E 7E 80 01 00 05 29 10 78 98 59 63 D4 98 01 C9 12 11 00 E0 7E 7E 80 01 00 05 29 10 78 98 59 63 2F 2F 01 CA 12 11 00 AF 7E 7E 80 01 00 05 29 10 78 98 59 63 DE 6B 01 CB 12 11 00 1B 7E 7E 80 01 00 05 29 10 78 98 59 63 E6 58 01 CC 12 11 00 17 7E 7E 80 01 00 05 29 10 78 98 59 63 4C 72 01 CD 12 11 00 96 7E 7E 80 01 00 05 29 10 78 98 59 63 FA 36 01 CE 12 11 00 67 7E 7E 80 01 00 05 29 10 78 98 59 63 85 A5 01 CF 12 11 00 8A 7E 7E 80 01 00 05 29 10 78 98 59 63 25 9E 01 D0 12 11 00 0E 7E 7E 80 01 00 05 29 10 78 98 59 63 25 35 01 D1 12 11 00 A4 7E 7E 80 01 00 05 29 10 78 98 59 63 1D E8 01 D2 12 11 00 42 7E"}
{"ts":"2026-04-10T16:22:31.335Z","level":"INFO","device":"291078985963","event":"MEDIA_RX","detail":"7E 80 01 00 05 29 10 78 98 59 63 FF 5F 01 D3 12 11 00 16 7E 7E 80 01 00 05 29 10 78 98 59 63 97 D2 01 D4 12 11 00 F4 7E 7E 80 01 00 05 29 10 78 98 59 63 F6 C7 01 D5 12 11 00 81 7E 7E 80 01 00 05 29 10 78 98 59 63 90 99 01 D6 12 11 00 BA 7E 7E 80 01 00 05 29 10 78 98 59 63 44 09 01 D7 12 11 00 FF 7E 7E 80 01 00 05 29 10 78 98 59 63 35 03 01 D8 12 11 00 8B 7E 7E 80 01 00 05 29 10 78 98 59 63 CE EC 01 D9 12 11 00 9E 7E 7E 80 01 00 05 29 10 78 98 59 63 5A 7C 01 DA 12 11 00 99 7E 7E 80 01 00 05 29 10 78 98 59 63 DB 51 01 DB 12 11 00 34 7E 7E 80 01 00 05 29 10 78 98 59 63 AB FA 01 DC 12 11 00 E8 7E 7E 80 01 00 05 29 10 78 98 59 63 00 D4 01 DD 12 11 00 6C 7E 7E 80 01 00 05 29 10 78 98 59 63 1A 0E 01 DE 12 11 00 AF 7E 7E 80 01 00 05 29 10 78 98 59 63 3C 7D 01 01 DF 12 11 00 FB 7E 7E 80 01 00 05 29 10 78 98 59 63 08 4D 01 E0 12 11 00 C0 7E 7E 80 01 00 05 29 10 78 98 59 63 6B 07 01 E1 12 11 00 E8 7E 7E 80 01 00 05 29 10 78 98 59 63 28 0F 01 E2 12 11 00 A0 7E 7E 80 01 00 05 29 10 78 98 59 63 C0 F4 01 E3 12 11 00 B2 7E 7E 80 01 00 05 29 10 78 98 59 63 9A E9 01 E4 12 11 00 F2 7E 7E 80 01 00 05 29 10 78 98 59 63 C0 7D 02 01 E5 12 11 00 3E 7E 7E 80 01 00 05 29 10 78 98 59 63 75 D8 01 E6 12 11 00 2E 7E 7E 80 01 00 05 29 10 78 98 59 63 5F 2C 01 E7 12 11 00 F1 7E 7E 80 01 00 05 29 10 78 98 59 63 82 FD 01 E8 12 11 00 F2 7E 7E 80 01 00 05 29 10 78 98 59 63 BC 54 01 E9 12 11 00 64 7E 7E 80 01 00 05 29 10 78 98 59 63 06 68 01 EA 12 11 00 E1 7E 7E 80 01 00 05 29 10 78 98 59 63 76 F8 01 EB 12 11 00 00 7E 7E 80 01 00 05 29 10 78 98 59 63 EA 06 01 EC 12 11 00 65 7E 7E 80 01 00 05 29 10 78 98 59 63 E2 B8 01 ED 12 11 00 D2 7E 7E 80 01 00 05 29 10 78 98 59 63 51 1E 01 EE 12 11 00 C4 7E 7E 80 01 00 05 29 10 78 98 59 63 3B 9F 01 EF 12 11 00 2E 7E 7E 80 01 00 05 29 10 78 98 59 63 A2 0B 01 F0 12 11 00 3C 7E 7E 80 01 00 05 29 10 78 98 59 63 5F C3 01 F1 12 11 00 08 7E 7E 80 01 00 05 29 10 78 98 59 63 35 4D 01 F2 12 11 00 EF 7E 7E 80 01 00 05 29 10 78 98 59 63 56 EA 01 F3 12 11 00 2A 7E 7E 80 01 00 05 29 10 78 98 59 63 5A 2F 01 F4 12 11 00 E4 7E 7E 80 01 00 05 29 10 78 98 59 63 4B 0C 01 F5 12 11 00 D7 7E 7E 80 01 00 05 29 10 78 98 59 63 5E 28 01 F6 12 11 00 E5 7E 7E 80 01 00 05 29 10 78 98 59 63 DF 5C 01 F7 12 11 00 11 7E 7E 80 01 00 05 29 10 78 98 59 63 56 10 01 F8 12 11 00 DB 7E 7E 80 01 00 05 29 10 78 98 59 63 9B D3 01 F9 12 11 00 D4 7E 7E 80 01 00 05 29 10 78 98 59 63 25 22 01 FA 12 11 00 98 7E 7E 80 01 00 05 29 10 78 98 59 63 20 22 01 FB 12 11 00 9C 7E 7E 80 01 00 05 29 10 78 98 59 63 23 09 01 FC 12 11 00 B3 7E 7E 80 01 00 05 29 10 78 98 59 63 32 B1 01 FD 12 11 00 1B 7E 7E 80 01 00 05 29 10 78 98 59 63 35 9B 01 FE 12 11 00 35 7E 7E 80 01 00 05 29 10 78 98 59 63 0D CB 01 FF 12 11 00 5C 7E 7E 80 01 00 05 29 10 78 98 59 63 7A 9C 02 00 12 11 00 80 7E 7E 80 01 00 05 29 10 78 98 59 63 15 96 02 01 12 11 00 E4 7E 7E 80 01 00 05 29 10 78 98 59 63 34 85 02 02 12 11 00 D5 7E 7E 80 01 00 05 29 10 78 98 59 63 57 B5 02 03 12 11 00 87 7E 7E 80 01 00 05 29 10 78 98 59 63 8A 08 02 04 12 11 00 E0 7E"}
{"ts":"2026-04-10T16:22:31.539Z","level":"INFO","device":"291078985963","event":"MEDIA_RX","detail":"7E 80 01 00 05 29 10 78 98 59 63 B8 D5 02 05 12 11 00 0E 7E 7E 80 01 00 05 29 10 78 98 59 63 2A 06 02 06 12 11 00 4C 7E 7E 80 01 00 05 29 10 78 98 59 63 0A E6 02 07 12 11 00 8D 7E 7E 80 01 00 05 29 10 78 98 59 63 8F C4 02 08 12 11 00 25 7E 7E 80 01 00 05 29 10 78 98 59 63 9B CA 02 09 12 11 00 3E 7E 7E 80 01 00 05 29 10 78 98 59 63 BC 9D 02 0A 12 11 00 4D 7E 7E 80 01 00 05 29 10 78 98 59 63 B0 D0 02 0B 12 11 00 0D 7E 7E 80 01 00 05 29 10 78 98 59 63 B8 74 02 0C 12 11 00 A6 7E 7E 80 01 00 05 29 10 78 98 59 63 63 83 02 0D 12 11 00 8B 7E 7E 80 01 00 05 29 10 78 98 59 63 D4 9E 02 0E 12 11 00 22 7E 7E 80 01 00 05 29 10 78 98 59 63 24 84 02 0F 12 11 00 C9 7E 7E 80 01 00 05 29 10 78 98 59 63 14 21 02 10 12 11 00 43 7E 7E 80 01 00 05 29 10 78 98 59 63 5E 37 02 11 12 11 00 1E 7E 7E 80 01 00 05 29 10 78 98 59 63 E8 81 02 12 12 11 00 1D 7E 7E 80 01 00 05 29 10 78 98 59 63 10 AA 02 13 12 11 00 CF 7E 7E 80 01 00 05 29 10 78 98 59 63 28 22 02 14 12 11 00 78 7E 7E 80 01 00 05 29 10 78 98 59 63 D7 9D 02 15 12 11 00 39 7E 7E 80 01 00 05 29 10 78 98 59 63 C5 C6 02 16 12 11 00 73 7E 7E 80 01 00 05 29 10 78 98 59 63 DC EE 02 17 12 11 00 43 7E 7E 80 01 00 05 29 10 78 98 59 63 AD D8 02 18 12 11 00 0B 7E 7E 80 01 00 05 29 10 78 98 59 63 FE 5A 02 19 12 11 00 DB 7E 7E 80 01 00 05 29 10 78 98 59 63 57 A3 02 1A 12 11 00 88 7E 7E 80 01 00 05 29 10 78 98 59 63 7C 96 02 1B 12 11 00 97 7E 7E 80 01 00 05 29 10 78 98 59 63 8C 17 02 1C 12 11 00 E1 7E 7E 80 01 00 05 29 10 78 98 59 63 FD 27 02 1D 12 11 00 A1 7E 7E 80 01 00 05 29 10 78 98 59 63 8D 8A 02 1E 12 11 00 7F 7E 7E 80 01 00 05 29 10 78 98 59 63 62 65 02 1F 12 11 00 7D 02 7E 7E 80 01 00 05 29 10 78 98 59 63 68 B5 02 20 12 11 00 9B 7E 7E 80 01 00 05 29 10 78 98 59 63 4E 75 02 21 12 11 00 7C 7E 7E 80 01 00 05 29 10 78 98 59 63 47 EC 02 22 12 11 00 EF 7E 7E 80 01 00 05 29 10 78 98 59 63 72 30 02 23 12 11 00 07 7E 7E 80 01 00 05 29 10 78 98 59 63 33 A8 02 24 12 11 00 D9 7E 7E 80 01 00 05 29 10 78 98 59 63 BB BA 02 25 12 11 00 42 7E 7E 80 01 00 05 29 10 78 98 59 63 29 3E 02 26 12 11 00 57 7E 7E 80 01 00 05 29 10 78 98 59 63 CA 8F 02 27 12 11 00 04 7E 7E 80 01 00 05 29 10 78 98 59 63 D3 8A 02 28 12 11 00 17 7E"}
{"ts":"2026-04-10T16:22:31.744Z","level":"INFO","device":"291078985963","event":"MEDIA_RX","detail":"7E 80 01 00 05 29 10 78 98 59 63 17 11 02 29 12 11 00 49 7E 7E 80 01 00 05 29 10 78 98 59 63 AF 42 02 2A 12 11 00 A1 7E 7E 80 01 00 05 29 10 78 98 59 63 52 8D 02 2B 12 11 00 92 7E 7E 80 01 00 05 29 10 78 98 59 63 F4 78 02 2C 12 11 00 C6 7E 7E 80 01 00 05 29 10 78 98 59 63 C8 8F 02 2D 12 11 00 0C 7E 7E 80 01 00 05 29 10 78 98 59 63 01 08 02 2E 12 11 00 41 7E 7E 80 01 00 05 29 10 78 98 59 63 47 3E 02 2F 12 11 00 30 7E 7E 80 01 00 05 29 10 78 98 59 63 28 3C 02 30 12 11 00 42 7E 7E 80 01 00 05 29 10 78 98 59 63 82 2B 02 31 12 11 00 FE 7E 7E 80 01 00 05 29 10 78 98 59 63 01 4F 02 32 12 11 00 1A 7E 7E 80 01 00 05 29 10 78 98 59 63 5A F0 02 33 12 11 00 FF 7E 7E 80 01 00 05 29 10 78 98 59 63 CA 5A 02 34 12 11 00 C2 7E 7E 80 01 00 05 29 10 78 98 59 63 F0 92 02 35 12 11 00 31 7E 7E 80 01 00 05 29 10 78 98 59 63 22 A4 02 36 12 11 00 D6 7E 7E 80 01 00 05 29 10 78 98 59 63 9E 90 02 37 12 11 00 5F 7E 7E 80 01 00 05 29 10 78 98 59 63 87 4A 02 38 12 11 00 93 7E 7E 80 01 00 05 29 10 78 98 59 63 0B 7D 02 02 39 12 11 00 2A 7E 7E 80 01 00 05 29 10 78 98 59 63 4F E6 02 3A 12 11 00 F5 7E 7E 80 01 00 05 29 10 78 98 59 63 A5 39 02 3B 12 11 00 C1 7E 7E 80 01 00 05 29 10 78 98 59 63 F6 48 02 3C 12 11 00 E4 7E 7E 80 01 00 05 29 10 78 98 59 63 ED 6C 02 3D 12 11 00 DA 7E 7E 80 01 00 05 29 10 78 98 59 63 87 81 02 3E 12 11 00 5E 7E 7E 80 01 00 05 29 10 78 98 59 63 08 42 02 3F 12 11 00 13 7E 7E 80 01 00 05 29 10 78 98 59 63 36 50 02 40 12 11 00 40 7E 7E 80 01 00 05 29 10 78 98 59 63 A6 4C 02 41 12 11 00 CD 7E 7E 80 01 00 05 29 10 78 98 59 63 69 32 02 42 12 11 00 7F 7E 7E 80 01 00 05 29 10 78 98 59 63 4B 95 02 43 12 11 00 FB 7E 7E 80 01 00 05 29 10 78 98 59 63 8A AA 02 44 12 11 00 02 7E 7E 80 01 00 05 29 10 78 98 59 63 A5 C5 02 45 12 11 00 43 7E 7E 80 01 00 05 29 10 78 98 59 63 24 7A 02 46 12 11 00 7D 02 7E 7E 80 01 00 05 29 10 78 98 59 63 EA A7 02 47 12 11 00 6C 7E 7E 80 01 00 05 29 10 78 98 59 63 B6 2B 02 48 12 11 00 B3 7E 7E 80 01 00 05 29 10 78 98 59 63 B8 1D 02 49 12 11 00 8A 7E 7E 80 01 00 05 29 10 78 98 59 63 CB 0F 02 4A 12 11 00 E8 7E 7E 80 01 00 05 29 10 78 98 59 63 30 D7 02 4B 12 11 00 CA 7E 7E 80 01 00 05 29 10 78 98 59 63 81 37 02 4C 12 11 00 9C 7E 7E 80 01 00 05 29 10 78 98 59 63 1C 59 02 4D 12 11 00 6E 7E 7E 80 01 00 05 29 10 78 98 59 63 2C 93 02 4E 12 11 00 97 7E"}
{"ts":"2026-04-10T16:22:31.947Z","level":"INFO","device":"291078985963","event":"MEDIA_RX","detail":"7E 80 01 00 05 29 10 78 98 59 63 FA 4B 02 4F 12 11 00 98 7E 7E 80 01 00 05 29 10 78 98 59 63 D4 08 02 50 12 11 00 EA 7E 7E 80 01 00 05 29 10 78 98 59 63 38 3B 02 51 12 11 00 34 7E 7E 80 01 00 05 29 10 78 98 59 63 3B BA 02 52 12 11 00 B5 7E 7E 80 01 00 05 29 10 78 98 59 63 5F 6D 02 53 12 11 00 07 7E 7E 80 01 00 05 29 10 78 98 59 63 8A 02 02 54 12 11 00 BA 7E 7E 80 01 00 05 29 10 78 98 59 63 82 4E 02 55 12 11 00 FF 7E 7E 80 01 00 05 29 10 78 98 59 63 7C 3D 02 56 12 11 00 71 7E 7E 80 01 00 05 29 10 78 98 59 63 D8 D9 02 57 12 11 00 30 7E 7E 80 01 00 05 29 10 78 98 59 63 44 89 02 58 12 11 00 F3 7E 7E 80 01 00 05 29 10 78 98 59 63 CF A2 02 59 12 11 00 52 7E 7E 80 01 00 05 29 10 78 98 59 63 75 F0 02 5A 12 11 00 B9 7E 7E 80 01 00 05 29 10 78 98 59 63 78 FD 02 5B 12 11 00 B8 7E 7E 80 01 00 05 29 10 78 98 59 63 5B 64 02 5C 12 11 00 05 7E 7E 80 01 00 05 29 10 78 98 59 63 98 C6 02 5D 12 11 00 65 7E 7E 80 01 00 05 29 10 78 98 59 63 10 FE 02 5E 12 11 00 D6 7E 7E 80 01 00 05 29 10 78 98 59 63 34 23 02 5F 12 11 00 2E 7E 7E 80 01 00 05 29 10 78 98 59 63 FA 3E 02 60 12 11 00 C2 7E 7E 80 01 00 05 29 10 78 98 59 63 1A 25 02 61 12 11 00 38 7E 7E 80 01 00 05 29 10 78 98 59 63 BA 70 02 62 12 11 00 CE 7E 7E 80 01 00 05 29 10 78 98 59 63 14 9F 02 63 12 11 00 8E 7E 7E 80 01 00 05 29 10 78 98 59 63 48 84 02 64 12 11 00 CE 7E 7E 80 01 00 05 29 10 78 98 59 63 D0 FF 02 65 12 11 00 2C 7E 7E 80 01 00 05 29 10 78 98 59 63 BF 16 02 66 12 11 00 A9 7E 7E 80 01 00 05 29 10 78 98 59 63 B8 35 02 67 12 11 00 8C 7E 7E 80 01 00 05 29 10 78 98 59 63 AE B2 02 68 12 11 00 12 7E 7E 80 01 00 05 29 10 78 98 59 63 B0 FC 02 69 12 11 00 43 7E 7E 80 01 00 05 29 10 78 98 59 63 EA B8 02 6A 12 11 00 5E 7E 7E 80 01 00 05 29 10 78 98 59 63 67 46 02 6B 12 11 00 2C 7E 7E 80 01 00 05 29 10 78 98 59 63 49 C6 02 6C 12 11 00 85 7E 7E 80 01 00 05 29 10 78 98 59 63 87 80 02 6D 12 11 00 0C 7E 7E 80 01 00 05 29 10 78 98 59 63 5E 66 02 6E 12 11 00 30 7E 7E 80 01 00 05 29 10 78 98 59 63 5D 6D 02 6F 12 11 00 39 7E 7E 80 01 00 05 29 10 78 98 59 63 0E DB 02 70 12 11 00 C3 7E 7E 80 01 00 05 29 10 78 98 59 63 B5 A4 02 71 12 11 00 06 7E 7E 80 01 00 05 29 10 78 98 59 63 64 93 02 72 12 11 00 E3 7E"}
{"ts":"2026-04-10T16:22:32.153Z","level":"INFO","device":"291078985963","event":"MEDIA_RX","detail":"7E 80 01 00 05 29 10 78 98 59 63 43 5D 02 73 12 11 00 0B 7E 7E 80 01 00 05 29 10 78 98 59 63 C8 71 02 74 12 11 00 AB 7E 7E 80 01 00 05 29 10 78 98 59 63 C4 9A 02 75 12 11 00 4D 7E 7E 80 01 00 05 29 10 78 98 59 63 56 72 02 76 12 11 00 34 7E 7E 80 01 00 05 29 10 78 98 59 63 04 A2 02 77 12 11 00 B7 7E 7E 80 01 00 05 29 10 78 98 59 63 8F 46 02 78 12 11 00 D7 7E 7E 80 01 00 05 29 10 78 98 59 63 7D 01 26 02 79 12 11 00 44 7E 7E 80 01 00 05 29 10 78 98 59 63 06 50 02 7A 12 11 00 4A 7E 7E 80 01 00 05 29 10 78 98 59 63 4B 2C 02 7B 12 11 00 7A 7E 7E 80 01 00 05 29 10 78 98 59 63 DB 67 02 7C 12 11 00 A6 7E 7E 80 01 00 05 29 10 78 98 59 63 EF A8 02 7D 01 12 11 00 5C 7E 7E 80 01 00 05 29 10 78 98 59 63 D1 E2 02 7D 02 12 11 00 2B 7E 7E 80 01 00 05 29 10 78 98 59 63 43 86 02 7F 12 11 00 DC 7E 7E 80 01 00 05 29 10 78 98 59 63 6A 61 02 80 12 11 00 ED 7E 7E 80 01 00 05 29 10 78 98 59 63 8D 91 02 81 12 11 00 FB 7E 7E 80 01 00 05 29 10 78 98 59 63 97 11 02 82 12 11 00 62 7E 7E 80 01 00 05 29 10 78 98 59 63 02 25 02 83 12 11 00 C2 7E 7E 80 01 00 05 29 10 78 98 59 63 B6 C9 02 84 12 11 00 9D 7E 7E 80 01 00 05 29 10 78 98 59 63 05 59 02 85 12 11 00 BF 7E 7E 80 01 00 05 29 10 78 98 59 63 93 F8 02 86 12 11 00 8B 7E 7E 80 01 00 05 29 10 78 98 59 63 C6 CA 02 87 12 11 00 ED 7E 7E 80 01 00 05 29 10 78 98 59 63 26 55 02 88 12 11 00 9D 7E 7E 80 01 00 05 29 10 78 98 59 63 D3 91 02 89 12 11 00 AD 7E 7E 80 01 00 05 29 10 78 98 59 63 26 81 02 8A 12 11 00 4B 7E 7E 80 01 00 05 29 10 78 98 59 63 B9 8F 02 8B 12 11 00 DB 7E 7E 80 01 00 05 29 10 78 98 59 63 62 ED 02 8C 12 11 00 65 7E 7E 80 01 00 05 29 10 78 98 59 63 D8 54 02 8D 12 11 00 67 7E 7E 80 01 00 05 29 10 78 98 59 63 18 1A 02 8E 12 11 00 EA 7E 7E 80 01 00 05 29 10 78 98 59 63 42 3B 02 8F 12 11 00 90 7E 7E 80 01 00 05 29 10 78 98 59 63 6C FD 02 90 12 11 00 67 7E 7E 80 01 00 05 29 10 78 98 59 63 34 CF 02 91 12 11 00 0C 7E 7E 80 01 00 05 29 10 78 98 59 63 73 5C 02 92 12 11 00 DB 7E 7E 80 01 00 05 29 10 78 98 59 63 6B 33 02 93 12 11 00 AD 7E 7E 80 01 00 05 29 10 78 98 59 63 6B 1A 02 94 12 11 00 83 7E 7E 80 01 00 05 29 10 78 98 59 63 E2 9E 02 95 12 11 00 8F 7E 7E 80 01 00 05 29 10 78 98 59 63 E0 1F 02 96 12 11 00 0F 7E 7E 80 01 00 05 29 10 78 98 59 63 6A 8A 02 97 12 11 00 11 7E"}
{"ts":"2026-04-10T16:22:32.357Z","level":"INFO","device":"291078985963","event":"MEDIA_RX","detail":"7E 80 01 00 05 29 10 78 98 59 63 1C 43 02 98 12 11 00 A1 7E 7E 80 01 00 05 29 10 78 98 59 63 35 34 02 99 12 11 00 FE 7E 7E 80 01 00 05 29 10 78 98 59 63 26 4D 02 9A 12 11 00 97 7E 7E 80 01 00 05 29 10 78 98 59 63 19 EA 02 9B 12 11 00 0E 7E 7E 80 01 00 05 29 10 78 98 59 63 4E 16 02 9C 12 11 00 A2 7E 7E 80 01 00 05 29 10 78 98 59 63 D2 BE 02 9D 12 11 00 97 7E 7E 80 01 00 05 29 10 78 98 59 63 EA 52 02 9E 12 11 00 40 7E 7E 80 01 00 05 29 10 78 98 59 63 A0 F7 02 9F 12 11 00 AE 7E 7E 80 01 00 05 29 10 78 98 59 63 F3 E5 02 A0 12 11 00 D0 7E 7E 80 01 00 05 29 10 78 98 59 63 32 E9 02 A1 12 11 00 1C 7E 7E 80 01 00 05 29 10 78 98 59 63 8E 1E 02 A2 12 11 00 54 7E 7E 80 01 00 05 29 10 78 98 59 63 FF 58 02 A3 12 11 00 62 7E 7E 80 01 00 05 29 10 78 98 59 63 76 91 02 A4 12 11 00 25 7E 7E 80 01 00 05 29 10 78 98 59 63 83 16 02 A5 12 11 00 56 7E 7E 80 01 00 05 29 10 78 98 59 63 6D E4 02 A6 12 11 00 49 7E 7E 80 01 00 05 29 10 78 98 59 63 F5 50 02 A7 12 11 00 64 7E 7E 80 01 00 05 29 10 78 98 59 63 CF 6D 02 A8 12 11 00 6C 7E 7E 80 01 00 05 29 10 78 98 59 63 83 EF 02 A9 12 11 00 A3 7E 7E 80 01 00 05 29 10 78 98 59 63 44 D6 02 AA 12 11 00 5E 7E 7E 80 01 00 05 29 10 78 98 59 63 FF 2D 02 AB 12 11 00 1F 7E 7E 80 01 00 05 29 10 78 98 59 63 94 EC 02 AC 12 11 00 B2 7E 7E 80 01 00 05 29 10 78 98 59 63 32 7C 02 AD 12 11 00 85 7E 7E 80 01 00 05 29 10 78 98 59 63 45 96 02 AE 12 11 00 1B 7E 7E 80 01 00 05 29 10 78 98 59 63 C3 0B 02 AF 12 11 00 01 7E 7E 80 01 00 05 29 10 78 98 59 63 3E 2B 02 B0 12 11 00 C3 7E 7E 80 01 00 05 29 10 78 98 59 63 AD 1A 02 B1 12 11 00 60 7E 7E 80 01 00 05 29 10 78 98 59 63 72 D3 02 B2 12 11 00 75 7E 7E 80 01 00 05 29 10 78 98 59 63 E5 9C 02 B3 12 11 00 AC 7E 7E 80 01 00 05 29 10 78 98 59 63 4D E6 02 B4 12 11 00 79 7E 7E 80 01 00 05 29 10 78 98 59 63 D0 E8 02 B5 12 11 00 EB 7E 7E 80 01 00 05 29 10 78 98 59 63 D3 22 02 B6 12 11 00 21 7E 7E 80 01 00 05 29 10 78 98 59 63 8E E0 02 B7 12 11 00 BF 7E 7E 80 01 00 05 29 10 78 98 59 63 4A 94 02 B8 12 11 00 00 7E 7E 80 01 00 05 29 10 78 98 59 63 0B AD 02 B9 12 11 00 79 7E 7E 80 01 00 05 29 10 78 98 59 63 A5 6F 02 BA 12 11 00 16 7E 7E 80 01 00 05 29 10 78 98 59 63 DD 9A 02 BB 12 11 00 9A 7E 7E 80 01 00 05 29 10 78 98 59 63 77 74 02 BC 12 11 00 D9 7E"}
{"ts":"2026-04-10T16:22:32.561Z","level":"INFO","device":"291078985963","event":"MEDIA_RX","detail":"7E 80 01 00 05 29 10 78 98 59 63 1F 83 02 BD 12 11 00 47 7E 7E 80 01 00 05 29 10 78 98 59 63 49 92 02 BE 12 11 00 03 7E 7E 80 01 00 05 29 10 78 98 59 63 D7 53 02 BF 12 11 00 5D 7E 7E 80 01 00 05 29 10 78 98 59 63 D7 37 02 C0 12 11 00 46 7E 7E 80 01 00 05 29 10 78 98 59 63 26 1A 02 C1 12 11 00 9B 7E 7E 80 01 00 05 29 10 78 98 59 63 46 50 02 C2 12 11 00 B2 7E 7E 80 01 00 05 29 10 78 98 59 63 55 26 02 C3 12 11 00 D6 7E 7E 80 01 00 05 29 10 78 98 59 63 05 60 02 C4 12 11 00 C7 7E 7E 80 01 00 05 29 10 78 98 59 63 2C CF 02 C5 12 11 00 40 7E 7E 80 01 00 05 29 10 78 98 59 63 AC 70 02 C6 12 11 00 7C 7E 7E 80 01 00 05 29 10 78 98 59 63 80 B3 02 C7 12 11 00 92 7E 7E 80 01 00 05 29 10 78 98 59 63 F6 E2 02 C8 12 11 00 BA 7E 7E 80 01 00 05 29 10 78 98 59 63 E7 4C 02 C9 12 11 00 04 7E 7E 80 01 00 05 29 10 78 98 59 63 94 7F 02 CA 12 11 00 47 7E 7E 80 01 00 05 29 10 78 98 59 63 3D F3 02 CB 12 11 00 63 7E 7E 80 01 00 05 29 10 78 98 59 63 26 00 02 CC 12 11 00 8C 7E 7E 80 01 00 05 29 10 78 98 59 63 C7 17 02 CD 12 11 00 7B 7E 7E 80 01 00 05 29 10 78 98 59 63 41 09 02 CE 12 11 00 E0 7E 7E 80 01 00 05 29 10 78 98 59 63 38 84 02 CF 12 11 00 15 7E 7E 80 01 00 05 29 10 78 98 59 63 48 C2 02 D0 12 11 00 3C 7E 7E 80 01 00 05 29 10 78 98 59 63 7C F3 02 D1 12 11 00 38 7E 7E 80 01 00 05 29 10 78 98 59 63 B5 FD 02 D2 12 11 00 FC 7E 7E 80 01 00 05 29 10 78 98 59 63 B7 ED 02 D3 12 11 00 EF 7E 7E 80 01 00 05 29 10 78 98 59 63 EC 8F 02 D4 12 11 00 D1 7E 7E 80 01 00 05 29 10 78 98 59 63 57 47 02 D5 12 11 00 A3 7E 7E 80 01 00 05 29 10 78 98 59 63 6D 40 02 D6 12 11 00 9D 7E 7E 80 01 00 05 29 10 78 98 59 63 53 7B 02 D7 12 11 00 99 7E 7E 80 01 00 05 29 10 78 98 59 63 72 BC 02 D8 12 11 00 70 7E 7E 80 01 00 05 29 10 78 98 59 63 3D A5 02 D9 12 11 00 27 7E 7E 80 01 00 05 29 10 78 98 59 63 88 CF 02 DA 12 11 00 FB 7E 7E 80 01 00 05 29 10 78 98 59 63 19 A3 02 DB 12 11 00 07 7E 7E 80 01 00 05 29 10 78 98 59 63 34 93 02 DC 12 11 00 1D 7E 7E 80 01 00 05 29 10 78 98 59 63 C7 EF 02 DD 12 11 00 93 7E 7E 80 01 00 05 29 10 78 98 59 63 AB 86 02 DE 12 11 00 95 7E 7E 80 01 00 05 29 10 78 98 59 63 F8 95 02 DF 12 11 00 D4 7E 7E 80 01 00 05 29 10 78 98 59 63 8E 35 02 E0 12 11 00 3D 7E"}
{"ts":"2026-04-10T16:22:32.765Z","level":"INFO","device":"291078985963","event":"MEDIA_RX","detail":"7E 80 01 00 05 29 10 78 98 59 63 D2 C6 02 E1 12 11 00 93 7E 7E 80 01 00 05 29 10 78 98 59 63 37 27 02 E2 12 11 00 94 7E 7E 80 01 00 05 29 10 78 98 59 63 B1 41 02 E3 12 11 00 75 7E 7E 80 01 00 05 29 10 78 98 59 63 7B E1 02 E4 12 11 00 18 7E 7E 80 01 00 05 29 10 78 98 59 63 9A 1F 02 E5 12 11 00 06 7E 7E 80 01 00 05 29 10 78 98 59 63 E1 B5 02 E6 12 11 00 D4 7E 7E 80 01 00 05 29 10 78 98 59 63 40 D5 02 E7 12 11 00 14 7E 7E 80 01 00 05 29 10 78 98 59 63 85 52 02 E8 12 11 00 59 7E 7E 80 01 00 05 29 10 78 98 59 63 5C A6 02 E9 12 11 00 75 7E 7E 80 01 00 05 29 10 78 98 59 63 9B 18 02 EA 12 11 00 0F 7E 7E 80 01 00 05 29 10 78 98 59 63 40 D5 02 EB 12 11 00 18 7E 7E 80 01 00 05 29 10 78 98 59 63 75 62 02 EC 12 11 00 9D 7E 7E 80 01 00 05 29 10 78 98 59 63 49 E9 02 ED 12 11 00 2B 7E 7E 80 01 00 05 29 10 78 98 59 63 3E DB 02 EE 12 11 00 6D 7E 7E 80 01 00 05 29 10 78 98 59 63 78 43 02 EF 12 11 00 B2 7E 7E 80 01 00 05 29 10 78 98 59 63 7D 01 FD 02 F0 12 11 00 16 7E 7E 80 01 00 05 29 10 78 98 59 63 C1 35 02 F1 12 11 00 63 7E 7E 80 01 00 05 29 10 78 98 59 63 93 C3 02 F2 12 11 00 C4 7E 7E 80 01 00 05 29 10 78 98 59 63 C5 E7 02 F3 12 11 00 B7 7E 7E 80 01 00 05 29 10 78 98 59 63 8E 6E 02 F4 12 11 00 72 7E 7E 80 01 00 05 29 10 78 98 59 63 D8 D4 02 F5 12 11 00 9F 7E 7E 80 01 00 05 29 10 78 98 59 63 83 69 02 F6 12 11 00 7A 7E 7E 80 01 00 05 29 10 78 98 59 63 89 24 02 F7 12 11 00 3C 7E 7E 80 01 00 05 29 10 78 98 59 63 62 45 02 F8 12 11 00 B9 7E 7E 80 01 00 05 29 10 78 98 59 63 AB 09 02 F9 12 11 00 3D 7E 7E 80 01 00 05 29 10 78 98 59 63 B4 CC 02 FA 12 11 00 E4 7E 7E 80 01 00 05 29 10 78 98 59 63 4D 78 02 FB 12 11 00 A8 7E 7E 80 01 00 05 29 10 78 98 59 63 4B FB 02 FC 12 11 00 2A 7E 7E 80 01 00 05 29 10 78 98 59 63 A4 38 02 FD 12 11 00 07 7E 7E 80 01 00 05 29 10 78 98 59 63 43 4D 02 FE 12 11 00 96 7E 7E 80 01 00 05 29 10 78 98 59 63 04 51 02 FF 12 11 00 CC 7E 7E 80 01 00 05 29 10 78 98 59 63 17 61 03 00 12 11 00 11 7E 7E 80 01 00 05 29 10 78 98 59 63 EB 89 03 01 12 11 00 04 7E 7E 80 01 00 05 29 10 78 98 59 63 A9 E3 03 02 12 11 00 2F 7E 7E 80 01 00 05 29 10 78 98 59 63 BA DC 03 03 12 11 00 02 7E 7E 80 01 00 05 29 10 78 98 59 63 3F 07 03 04 12 11 00 5B 7E"}
{"ts":"2026-04-10T16:22:32.969Z","level":"INFO","device":"291078985963","event":"MEDIA_RX","detail":"7E 80 01 00 05 29 10 78 98 59 63 A0 58 03 05 12 11 00 9A 7E 7E 80 01 00 05 29 10 78 98 59 63 6B 41 03 06 12 11 00 4B 7E 7E 80 01 00 05 29 10 78 98 59 63 59 71 03 07 12 11 00 48 7E 7E 80 01 00 05 29 10 78 98 59 63 A2 06 03 08 12 11 00 CB 7E 7E 80 01 00 05 29 10 78 98 59 63 73 AC 03 09 12 11 00 B1 7E 7E 80 01 00 05 29 10 78 98 59 63 B0 1E 03 0A 12 11 00 C3 7E 7E 80 01 00 05 29 10 78 98 59 63 3E 8C 03 0B 12 11 00 DE 7E 7E 80 01 00 05 29 10 78 98 59 63 4B A1 03 0C 12 11 00 81 7E 7E 80 01 00 05 29 10 78 98 59 63 B5 99 03 0D 12 11 00 46 7E 7E 80 01 00 05 29 10 78 98 59 63 D1 1F 03 0E 12 11 00 A7 7E 7E 80 01 00 05 29 10 78 98 59 63 9B 42 03 0F 12 11 00 B1 7E 7E 80 01 00 05 29 10 78 98 59 63 DC 7D 02 03 10 12 11 00 D5 7E 7E 80 01 00 05 29 10 78 98 59 63 03 74 03 11 12 11 00 01 7E 7E 80 01 00 05 29 10 78 98 59 63 E6 32 03 12 12 11 00 A1 7E 7E 80 01 00 05 29 10 78 98 59 63 B9 CF 03 13 12 11 00 02 7E 7E 80 01 00 05 29 10 78 98 59 63 E3 FE 03 14 12 11 00 6E 7E 7E 80 01 00 05 29 10 78 98 59 63 EA 6C 03 15 12 11 00 F4 7E 7E 80 01 00 05 29 10 78 98 59 63 F8 D2 03 16 12 11 00 5B 7E 7E 80 01 00 05 29 10 78 98 59 63 7F CE 03 17 12 11 00 C1 7E 7E 80 01 00 05 29 10 78 98 59 63 EE AC 03 18 12 11 00 3D 7E 7E 80 01 00 05 29 10 78 98 59 63 1F AD 03 19 12 11 00 CC 7E 7E 80 01 00 05 29 10 78 98 59 63 4A CF 03 1A 12 11 00 F8 7E 7E 80 01 00 05 29 10 78 98 59 63 54 43 03 1B 12 11 00 6B 7E 7E 80 01 00 05 29 10 78 98 59 63 4F 35 03 1C 12 11 00 01 7E 7E 80 01 00 05 29 10 78 98 59 63 DA BF 03 1D 12 11 00 1F 7E 7E 80 01 00 05 29 10 78 98 59 63 C7 49 03 1E 12 11 00 F7 7E 7E 80 01 00 05 29 10 78 98 59 63 DA 0D 03 1F 12 11 00 AF 7E 7E 80 01 00 05 29 10 78 98 59 63 49 0F 03 20 12 11 00 01 7E 7E 80 01 00 05 29 10 78 98 59 63 6A B5 03 21 12 11 00 99 7E 7E 80 01 00 05 29 10 78 98 59 63 65 AE 03 22 12 11 00 8E 7E 7E 80 01 00 05 29 10 78 98 59 63 19 48 03 23 12 11 00 15 7E 7E 80 01 00 05 29 10 78 98 59 63 21 78 03 24 12 11 00 1A 7E 7E 80 01 00 05 29 10 78 98 59 63 18 FA 03 25 12 11 00 A0 7E 7E 80 01 00 05 29 10 78 98 59 63 67 7B 03 26 12 11 00 5D 7E 7E 80 01 00 05 29 10 78 98 59 63 B6 01 03 27 12 11 00 F7 7E 7E 80 01 00 05 29 10 78 98 59 63 99 12 03 28 12 11 00 C4 7E 7E 80 01 00 05 29 10 78 98 59 63 BF 06 03 29 12 11 00 F7 7E"}
{"ts":"2026-04-10T16:22:33.174Z","level":"INFO","device":"291078985963","event":"MEDIA_RX","detail":"7E 80 01 00 05 29 10 78 98 59 63 11 93 03 2A 12 11 00 CF 7E 7E 80 01 00 05 29 10 78 98 59 63 30 6E 03 2B 12 11 00 12 7E 7E 80 01 00 05 29 10 78 98 59 63 F5 91 03 2C 12 11 00 2F 7E 7E 80 01 00 05 29 10 78 98 59 63 B8 59 03 2D 12 11 00 AB 7E 7E 80 01 00 05 29 10 78 98 59 63 E0 81 03 2E 12 11 00 28 7E 7E 80 01 00 05 29 10 78 98 59 63 BF C2 03 2F 12 11 00 35 7E 7E 80 01 00 05 29 10 78 98 59 63 87 41 03 30 12 11 00 91 7E 7E 80 01 00 05 29 10 78 98 59 63 62 4B 03 31 12 11 00 7F 7E 7E 80 01 00 05 29 10 78 98 59 63 FE 37 03 32 12 11 00 9C 7E 7E 80 01 00 05 29 10 78 98 59 63 A1 3E 03 33 12 11 00 CB 7E 7E 80 01 00 05 29 10 78 98 59 63 B5 37 03 34 12 11 00 D1 7E 7E 80 01 00 05 29 10 78 98 59 63 EA 69 03 35 12 11 00 D1 7E 7E 80 01 00 05 29 10 78 98 59 63 8E FB 03 36 12 11 00 24 7E 7E 80 01 00 05 29 10 78 98 59 63 E6 CB 03 37 12 11 00 7D 01 7E 7E 80 01 00 05 29 10 78 98 59 63 7C C3 03 38 12 11 00 E0 7E 7E 80 01 00 05 29 10 78 98 59 63 E7 C6 03 39 12 11 00 7F 7E 7E 80 01 00 05 29 10 78 98 59 63 EB 64 03 3A 12 11 00 D2 7E 7E 80 01 00 05 29 10 78 98 59 63 7F 14 03 3B 12 11 00 37 7E 7E 80 01 00 05 29 10 78 98 59 63 BD 2E 03 3C 12 11 00 C8 7E"}
{"ts":"2026-04-10T16:22:33.378Z","level":"INFO","device":"291078985963","event":"MEDIA_RX","detail":"7E 80 01 00 05 29 10 78 98 59 63 B4 84 03 3D 12 11 00 6A 7E 7E 80 01 00 05 29 10 78 98 59 63 9B 11 03 3E 12 11 00 D3 7E 7E 80 01 00 05 29 10 78 98 59 63 3D 24 03 3F 12 11 00 41 7E 7E 80 01 00 05 29 10 78 98 59 63 3B 1C 03 40 12 11 00 00 7E 7E 80 01 00 05 29 10 78 98 59 63 6D 15 03 41 12 11 00 5E 7E 7E 80 01 00 05 29 10 78 98 59 63 6A 11 03 42 12 11 00 5E 7E 7E 80 01 00 05 29 10 78 98 59 63 A8 26 03 43 12 11 00 AA 7E 7E 80 01 00 05 29 10 78 98 59 63 28 84 03 44 12 11 00 8F 7E 7E 80 01 00 05 29 10 78 98 59 63 9E 57 03 45 12 11 00 EB 7E 7E 80 01 00 05 29 10 78 98 59 63 C0 B8 03 46 12 11 00 59 7E 7E 80 01 00 05 29 10 78 98 59 63 1E 6C 03 47 12 11 00 52 7E 7E 80 01 00 05 29 10 78 98 59 63 72 02 03 48 12 11 00 5F 7E 7E 80 01 00 05 29 10 78 98 59 63 61 DF 03 49 12 11 00 90 7E 7E 80 01 00 05 29 10 78 98 59 63 74 53 03 4A 12 11 00 0A 7E 7E 80 01 00 05 29 10 78 98 59 63 E5 78 03 4B 12 11 00 B1 7E 7E 80 01 00 05 29 10 78 98 59 63 80 B0 03 4C 12 11 00 1B 7E 7E 80 01 00 05 29 10 78 98 59 63 22 30 03 4D 12 11 00 38 7E 7E 80 01 00 05 29 10 78 98 59 63 08 FB 03 4E 12 11 00 DA 7E 7E 80 01 00 05 29 10 78 98 59 63 3F 89 03 4F 12 11 00 9E 7E 7E 80 01 00 05 29 10 78 98 59 63 48 32 03 50 12 11 00 4D 7E 7E 80 01 00 05 29 10 78 98 59 63 3B A9 03 51 12 11 00 A4 7E 7E 80 01 00 05 29 10 78 98 59 63 DF A5 03 52 12 11 00 4F 7E 7E 80 01 00 05 29 10 78 98 59 63 03 E8 03 53 12 11 00 DF 7E 7E 80 01 00 05 29 10 78 98 59 63 BF 3F 03 54 12 11 00 B3 7E 7E 80 01 00 05 29 10 78 98 59 63 65 FB 03 55 12 11 00 AC 7E 7E 80 01 00 05 29 10 78 98 59 63 3E 74 03 56 12 11 00 7B 7E 7E 80 01 00 05 29 10 78 98 59 63 9D 0B 03 57 12 11 00 A6 7E 7E 80 01 00 05 29 10 78 98 59 63 B3 BD 03 58 12 11 00 31 7E 7E 80 01 00 05 29 10 78 98 59 63 6C 8E 03 59 12 11 00 DC 7E 7E 80 01 00 05 29 10 78 98 59 63 64 19 03 5A 12 11 00 40 7E 7E 80 01 00 05 29 10 78 98 59 63 C6 61 03 5B 12 11 00 9B 7E 7E 80 01 00 05 29 10 78 98 59 63 19 AF 03 5C 12 11 00 8D 7E 7E 80 01 00 05 29 10 78 98 59 63 56 6E 03 5D 12 11 00 02 7E 7E 80 01 00 05 29 10 78 98 59 63 06 98 03 5E 12 11 00 A7 7E 7E 80 01 00 05 29 10 78 98 59 63 EE B4 03 5F 12 11 00 62 7E 7E 80 01 00 05 29 10 78 98 59 63 FE A9 03 60 12 11 00 50 7E 7E 80 01 00 05 29 10 78 98 59 63 88 DC 03 61 12 11 00 52 7E 7E 80 01 00 05 29 10 78 98 59 63 D1 8E 03 62 12 11 00 5A 7E 7E 80 01 00 05 29 10 78 98 59 63 B7 CC 03 63 12 11 00 7F 7E 7E 80 01 00 05 29 10 78 98 59 63 6B 23 03 64 12 11 00 4B 7E 7E 80 01 00 05 29 10 78 98 59 63 1F 6C 03 65 12 11 00 71 7E 7E 80 01 00 05 29 10 78 98 59 63 36 E5 03 66 12 11 00 D2 7E 7E 80 01 00 05 29 10 78 98 59 63 61 42 03 67 12 11 00 23 7E 7E 80 01 00 05 29 10 78 98 59 63 44 AE 03 68 12 11 00 E5 7E 7E 80 01 00 05 29 10 78 98 59 63 65 F5 03 69 12 11 00 9E 7E 7E 80 01 00 05 29 10 78 98 59 63 3F 8C 03 6A 12 11 00 BE 7E 7E 80 01 00 05 29 10 78 98 59 63 21 DC 03 6B 12 11 00 F1 7E 7E 80 01 00 05 29 10 78 98 59 63 3B 96 03 6C 12 11 00 A6 7E 7E 80 01 00 05 29 10 78 98 59 63 23 D5 03 6D 12 11 00 FC 7E 7E 80 01 00 05 29 10 78 98 59 63 51 1D 03 6E 12 11 00 45 7E 7E 80 01 00 05 29 10 78 98 59 63 7D 01 8A 03 6F 12 11 00 FF 7E 7E 80 01 00 05 29 10 78 98 59 63 1E B3 03 70 12 11 00 BA 7E 7E 80 01 00 05 29 10 78 98 59 63 5D CB 03 71 12 11 00 80 7E 7E 80 01 00 05 29 10 78 98 59 63 07 35 03 72 12 11 00 27 7E 7E 80 01 00 05 29 10 78 98 59 63 EA 31 03 73 12 11 00 CF 7E"}
{"ts":"2026-04-10T16:22:33.582Z","level":"INFO","device":"291078985963","event":"MEDIA_RX","detail":"7E 80 01 00 05 29 10 78 98 59 63 59 54 03 74 12 11 00 1E 7E 7E 80 01 00 05 29 10 78 98 59 63 57 53 03 75 12 11 00 16 7E 7E 80 01 00 05 29 10 78 98 59 63 BF BE 03 76 12 11 00 10 7E 7E 80 01 00 05 29 10 78 98 59 63 9C 35 03 77 12 11 00 B9 7E 7E 80 01 00 05 29 10 78 98 59 63 AB 31 03 78 12 11 00 85 7E 7E 80 01 00 05 29 10 78 98 59 63 83 25 03 79 12 11 00 B8 7E 7E 80 01 00 05 29 10 78 98 59 63 72 05 03 7A 12 11 00 6A 7E 7E 80 01 00 05 29 10 78 98 59 63 7B 4D 03 7B 12 11 00 2A 7E 7E 80 01 00 05 29 10 78 98 59 63 15 D1 03 7C 12 11 00 DF 7E 7E 80 01 00 05 29 10 78 98 59 63 0F 0D 03 7D 01 12 11 00 18 7E 7E 80 01 00 05 29 10 78 98 59 63 92 B5 03 7D 02 12 11 00 3E 7E 7E 80 01 00 05 29 10 78 98 59 63 E5 CE 03 7F 12 11 00 33 7E 7E 80 01 00 05 29 10 78 98 59 63 8F 7C 03 80 12 11 00 14 7E 7E 80 01 00 05 29 10 78 98 59 63 DF F7 03 81 12 11 00 CE 7E 7E 80 01 00 05 29 10 78 98 59 63 95 4B 03 82 12 11 00 3B 7E 7E 80 01 00 05 29 10 78 98 59 63 87 5E 03 83 12 11 00 3D 7E 7E 80 01 00 05 29 10 78 98 59 63 29 56 03 84 12 11 00 9C 7E 7E 80 01 00 05 29 10 78 98 59 63 27 47 03 85 12 11 00 82 7E 7E 80 01 00 05 29 10 78 98 59 63 BD 84 03 86 12 11 00 D8 7E 7E 80 01 00 05 29 10 78 98 59 63 7A 8E 03 87 12 11 00 14 7E 7E 80 01 00 05 29 10 78 98 59 63 5A 8A 03 88 12 11 00 3F 7E 7E 80 01 00 05 29 10 78 98 59 63 39 D4 03 89 12 11 00 03 7E 7E 80 01 00 05 29 10 78 98 59 63 5E 2A 03 8A 12 11 00 99 7E 7E 80 01 00 05 29 10 78 98 59 63 2C 83 03 8B 12 11 00 43 7E 7E 80 01 00 05 29 10 78 98 59 63 6D 31 03 8C 12 11 00 B7 7E 7E 80 01 00 05 29 10 78 98 59 63 E8 3F 03 8D 12 11 00 3D 7E 7E 80 01 00 05 29 10 78 98 59 63 0F F7 03 8E 12 11 00 11 7E 7E 80 01 00 05 29 10 78 98 59 63 49 21 03 8F 12 11 00 80 7E 7E 80 01 00 05 29 10 78 98 59 63 F1 B7 03 90 12 11 00 B1 7E 7E 80 01 00 05 29 10 78 98 59 63 4C 0B 03 91 12 11 00 B1 7E 7E 80 01 00 05 29 10 78 98 59 63 75 B5 03 92 12 11 00 35 7E 7E 80 01 00 05 29 10 78 98 59 63 0C 59 03 93 12 11 00 A1 7E 7E 80 01 00 05 29 10 78 98 59 63 C6 D3 03 94 12 11 00 E6 7E 7E 80 01 00 05 29 10 78 98 59 63 0F 82 03 95 12 11 00 7F 7E 7E 80 01 00 05 29 10 78 98 59 63 C9 A6 03 96 12 11 00 9E 7E 7E 80 01 00 05 29 10 78 98 59 63 8C 03 03 97 12 11 00 7F 7E 7E 80 01 00 05 29 10 78 98 59 63 C8 A6 03 98 12 11 00 91 7E 7E 80 01 00 05 29 10 78 98 59 63 D8 82 03 99 12 11 00 A4 7E 7E 80 01 00 05 29 10 78 98 59 63 E4 C4 03 9A 12 11 00 DD 7E"}
{"ts":"2026-04-10T16:22:33.786Z","level":"INFO","device":"291078985963","event":"MEDIA_RX","detail":"7E 80 01 00 05 29 10 78 98 59 63 32 E4 03 9B 12 11 00 2A 7E 7E 80 01 00 05 29 10 78 98 59 63 E4 13 03 9C 12 11 00 0C 7E 7E 80 01 00 05 29 10 78 98 59 63 82 5D 03 9D 12 11 00 25 7E 7E 80 01 00 05 29 10 78 98 59 63 5B FF 03 9E 12 11 00 5D 7E 7E 80 01 00 05 29 10 78 98 59 63 05 89 03 9F 12 11 00 74 7E 7E 80 01 00 05 29 10 78 98 59 63 5F 5D 03 A0 12 11 00 C5 7E 7E 80 01 00 05 29 10 78 98 59 63 E2 BD 03 A1 12 11 00 99 7E 7E 80 01 00 05 29 10 78 98 59 63 8B C7 03 A2 12 11 00 89 7E 7E 80 01 00 05 29 10 78 98 59 63 A2 10 03 A3 12 11 00 76 7E 7E 80 01 00 05 29 10 78 98 59 63 A2 A6 03 A4 12 11 00 C7 7E 7E 80 01 00 05 29 10 78 98 59 63 98 CB 03 A5 12 11 00 91 7E 7E 80 01 00 05 29 10 78 98 59 63 6A 89 03 A6 12 11 00 22 7E 7E 80 01 00 05 29 10 78 98 59 63 E2 48 03 A7 12 11 00 6A 7E 7E 80 01 00 05 29 10 78 98 59 63 08 42 03 A8 12 11 00 85 7E 7E 80 01 00 05 29 10 78 98 59 63 71 94 03 A9 12 11 00 2B 7E 7E 80 01 00 05 29 10 78 98 59 63 1A 7D 01 03 AA 12 11 00 AA 7E 7E 80 01 00 05 29 10 78 98 59 63 D6 FC 03 AB 12 11 00 E6 7E 7E 80 01 00 05 29 10 78 98 59 63 87 4B 03 AC 12 11 00 07 7E 7E 80 01 00 05 29 10 78 98 59 63 9A 5B 03 AD 12 11 00 0B 7E 7E 80 01 00 05 29 10 78 98 59 63 02 16 03 AE 12 11 00 DD 7E 7E 80 01 00 05 29 10 78 98 59 63 A4 AD 03 AF 12 11 00 C1 7E 7E 80 01 00 05 29 10 78 98 59 63 1B E7 03 B0 12 11 00 2B 7E 7E 80 01 00 05 29 10 78 98 59 63 E9 21 03 B1 12 11 00 1E 7E 7E 80 01 00 05 29 10 78 98 59 63 0A B9 03 B2 12 11 00 66 7E 7E 80 01 00 05 29 10 78 98 59 63 87 6B 03 B3 12 11 00 38 7E 7E 80 01 00 05 29 10 78 98 59 63 97 61 03 B4 12 11 00 25 7E 7E 80 01 00 05 29 10 78 98 59 63 42 0D 03 B5 12 11 00 9D 7E 7E 80 01 00 05 29 10 78 98 59 63 5D B4 03 B6 12 11 00 38 7E 7E 80 01 00 05 29 10 78 98 59 63 F6 2D 03 B7 12 11 00 0B 7E 7E 80 01 00 05 29 10 78 98 59 63 02 47 03 B8 12 11 00 9A 7E 7E 80 01 00 05 29 10 78 98 59 63 CE 54 03 B9 12 11 00 44 7E 7E 80 01 00 05 29 10 78 98 59 63 3C 41 03 BA 12 11 00 A0 7E 7E 80 01 00 05 29 10 78 98 59 63 33 66 03 BB 12 11 00 89 7E 7E 80 01 00 05 29 10 78 98 59 63 7D 01 F9 03 BC 12 11 00 5F 7E 7E 80 01 00 05 29 10 78 98 59 63 22 70 03 BD 12 11 00 88 7E 7E 80 01 00 05 29 10 78 98 59 63 5E B6 03 BE 12 11 00 31 7E"}
{"ts":"2026-04-10T16:22:33.991Z","level":"INFO","device":"291078985963","event":"MEDIA_RX","detail":"7E 80 01 00 05 29 10 78 98 59 63 97 E7 03 BF 12 11 00 A8 7E 7E 80 01 00 05 29 10 78 98 59 63 16 72 03 C0 12 11 00 C3 7E 7E 80 01 00 05 29 10 78 98 59 63 46 7A 03 C1 12 11 00 9A 7E 7E 80 01 00 05 29 10 78 98 59 63 43 65 03 C2 12 11 00 83 7E 7E 80 01 00 05 29 10 78 98 59 63 5D 10 03 C3 12 11 00 E9 7E 7E 80 01 00 05 29 10 78 98 59 63 D0 69 03 C4 12 11 00 1A 7E 7E 80 01 00 05 29 10 78 98 59 63 62 4F 03 C5 12 11 00 8F 7E 7E 80 01 00 05 29 10 78 98 59 63 E2 28 03 C6 12 11 00 6B 7E 7E 80 01 00 05 29 10 78 98 59 63 F3 50 03 C7 12 11 00 03 7E 7E 80 01 00 05 29 10 78 98 59 63 B7 11 03 C8 12 11 00 09 7E 7E 80 01 00 05 29 10 78 98 59 63 96 00 03 C9 12 11 00 38 7E 7E 80 01 00 05 29 10 78 98 59 63 36 C0 03 CA 12 11 00 5B 7E 7E 80 01 00 05 29 10 78 98 59 63 E7 81 03 CB 12 11 00 CA 7E 7E 80 01 00 05 29 10 78 98 59 63 5D 12 03 CC 12 11 00 E4 7E 7E 80 01 00 05 29 10 78 98 59 63 04 39 03 CD 12 11 00 97 7E 7E 80 01 00 05 29 10 78 98 59 63 91 A7 03 CE 12 11 00 9F 7E 7E 80 01 00 05 29 10 78 98 59 63 2F 18 03 CF 12 11 00 9F 7E 7E 80 01 00 05 29 10 78 98 59 63 94 87 03 D0 12 11 00 A4 7E 7E 80 01 00 05 29 10 78 98 59 63 76 A6 03 D1 12 11 00 66 7E 7E 80 01 00 05 29 10 78 98 59 63 06 9D 03 D2 12 11 00 2E 7E 7E 80 01 00 05 29 10 78 98 59 63 BF 8E 03 D3 12 11 00 85 7E 7E 80 01 00 05 29 10 78 98 59 63 C4 73 03 D4 12 11 00 04 7E 7E 80 01 00 05 29 10 78 98 59 63 C5 59 03 D5 12 11 00 2E 7E 7E 80 01 00 05 29 10 78 98 59 63 06 64 03 D6 12 11 00 D3 7E 7E 80 01 00 05 29 10 78 98 59 63 3F 1F 03 D7 12 11 00 90 7E 7E 80 01 00 05 29 10 78 98 59 63 8B 9B 03 D8 12 11 00 AF 7E 7E 80 01 00 05 29 10 78 98 59 63 DD 97 03 D9 12 11 00 F4 7E 7E 80 01 00 05 29 10 78 98 59 63 A1 6B 03 DA 12 11 00 77 7E 7E 80 01 00 05 29 10 78 98 59 63 4B 55 03 DB 12 11 00 A2 7E 7E 80 01 00 05 29 10 78 98 59 63 0F CC 03 DC 12 11 00 78 7E 7E 80 01 00 05 29 10 78 98 59 63 98 75 03 DD 12 11 00 57 7E 7E 80 01 00 05 29 10 78 98 59 63 5D C1 03 DE 12 11 00 25 7E 7E 80 01 00 05 29 10 78 98 59 63 27 E0 03 DF 12 11 00 7F 7E 7E 80 01 00 05 29 10 78 98 59 63 53 F4 03 E0 12 11 00 20 7E 7E 80 01 00 05 29 10 78 98 59 63 81 91 03 E1 12 11 00 96 7E 7E 80 01 00 05 29 10 78 98 59 63 CC 49 03 E2 12 11 00 00 7E 7E 80 01 00 05 29 10 78 98 59 63 C2 FE 03 E3 12 11 00 B8 7E"}
{"ts":"2026-04-10T16:22:34.195Z","level":"INFO","device":"291078985963","event":"MEDIA_RX","detail":"7E 80 01 00 05 29 10 78 98 59 63 23 F1 03 E4 12 11 00 51 7E 7E 80 01 00 05 29 10 78 98 59 63 8F A3 03 E5 12 11 00 AE 7E 7E 80 01 00 05 29 10 78 98 59 63 87 F8 03 E6 12 11 00 FE 7E 7E 80 01 00 05 29 10 78 98 59 63 64 1C 03 E7 12 11 00 F8 7E 7E 80 01 00 05 29 10 78 98 59 63 45 27 03 E8 12 11 00 ED 7E 7E 80 01 00 05 29 10 78 98 59 63 D6 5D 03 E9 12 11 00 05 7E 7E 80 01 00 05 29 10 78 98 59 63 15 24 03 EA 12 11 00 BC 7E 7E 80 01 00 05 29 10 78 98 59 63 3F 35 03 EB 12 11 00 86 7E 7E 80 01 00 05 29 10 78 98 59 63 C5 3E 03 EC 12 11 00 70 7E 7E 80 01 00 05 29 10 78 98 59 63 A6 F7 03 ED 12 11 00 DB 7E 7E 80 01 00 05 29 10 78 98 59 63 7B 97 03 EE 12 11 00 65 7E 7E 80 01 00 05 29 10 78 98 59 63 91 73 03 EF 12 11 00 6A 7E 7E 80 01 00 05 29 10 78 98 59 63 8C 9F 03 F0 12 11 00 84 7E 7E 80 01 00 05 29 10 78 98 59 63 B2 54 03 F1 12 11 00 70 7E 7E 80 01 00 05 29 10 78 98 59 63 7D 02 C6 03 F2 12 11 00 2D 7E 7E 80 01 00 05 29 10 78 98 59 63 81 03 03 F3 12 11 00 16 7E 7E 80 01 00 05 29 10 78 98 59 63 C1 67 03 F4 12 11 00 35 7E 7E 80 01 00 05 29 10 78 98 59 63 D6 81 03 F5 12 11 00 C5 7E 7E 80 01 00 05 29 10 78 98 59 63 57 14 03 F6 12 11 00 D2 7E 7E 80 01 00 05 29 10 78 98 59 63 07 EC 03 F7 12 11 00 7B 7E 7E 80 01 00 05 29 10 78 98 59 63 9A DD 03 F8 12 11 00 D8 7E 7E 80 01 00 05 29 10 78 98 59 63 FC 20 03 F9 12 11 00 42 7E 7E 80 01 00 05 29 10 78 98 59 63 95 E5 03 FA 12 11 00 ED 7E 7E 80 01 00 05 29 10 78 98 59 63 20 0D 03 FB 12 11 00 B1 7E 7E 80 01 00 05 29 10 78 98 59 63 55 7C 03 FC 12 11 00 B2 7E 7E 80 01 00 05 29 10 78 98 59 63 AE BF 03 FD 12 11 00 8B 7E 7E 80 01 00 05 29 10 78 98 59 63 3B 82 03 FE 12 11 00 20 7E 7E 80 01 00 05 29 10 78 98 59 63 8E 6A 03 FF 12 11 00 7C 7E 7E 80 01 00 05 29 10 78 98 59 63 5D B7 04 00 12 11 00 8A 7E 7E 80 01 00 05 29 10 78 98 59 63 AD 52 04 01 12 11 00 9E 7E 7E 80 01 00 05 29 10 78 98 59 63 3E DB 04 02 12 11 00 87 7E 7E 80 01 00 05 29 10 78 98 59 63 50 83 04 03 12 11 00 B0 7E 7E 80 01 00 05 29 10 78 98 59 63 76 E1 04 04 12 11 00 F3 7E 7E 80 01 00 05 29 10 78 98 59 63 70 8B 04 05 12 11 00 9E 7E 7E 80 01 00 05 29 10 78 98 59 63 D5 A0 04 06 12 11 00 13 7E 7E 80 01 00 05 29 10 78 98 59 63 9D 6A 04 07 12 11 00 90 7E 7E 80 01 00 05 29 10 78 98 59 63 5C 97 04 08 12 11 00 A3 7E 7E 80 01 00 05 29 10 78 98 59 63 60 0E 04 09 12 11 00 07 7E"}
{"ts":"2026-04-10T16:22:34.399Z","level":"INFO","device":"291078985963","event":"MEDIA_RX","detail":"7E 80 01 00 05 29 10 78 98 59 63 8A 83 04 0A 12 11 00 63 7E 7E 80 01 00 05 29 10 78 98 59 63 0C 86 04 0B 12 11 00 E1 7E 7E 80 01 00 05 29 10 78 98 59 63 9F 3A 04 0C 12 11 00 C9 7E 7E 80 01 00 05 29 10 78 98 59 63 FA 81 04 0D 12 11 00 16 7E 7E 80 01 00 05 29 10 78 98 59 63 6B 4E 04 0E 12 11 00 4B 7E 7E 80 01 00 05 29 10 78 98 59 63 AD DF 04 0F 12 11 00 1D 7E 7E 80 01 00 05 29 10 78 98 59 63 CD CC 04 10 12 11 00 71 7E 7E 80 01 00 05 29 10 78 98 59 63 B2 FE 04 11 12 11 00 3D 7E 7E 80 01 00 05 29 10 78 98 59 63 88 0D 04 12 12 11 00 F7 7E 7E 80 01 00 05 29 10 78 98 59 63 7C 34 04 13 12 11 00 3B 7E 7E 80 01 00 05 29 10 78 98 59 63 E6 17 04 14 12 11 00 85 7E 7E 80 01 00 05 29 10 78 98 59 63 25 48 04 15 12 11 00 18 7E 7E 80 01 00 05 29 10 78 98 59 63 47 9A 04 16 12 11 00 AB 7E 7E 80 01 00 05 29 10 78 98 59 63 89 F8 04 17 12 11 00 06 7E 7E 80 01 00 05 29 10 78 98 59 63 36 2A 04 18 12 11 00 64 7E 7E 80 01 00 05 29 10 78 98 59 63 5D D1 04 19 12 11 00 F5 7E 7E 80 01 00 05 29 10 78 98 59 63 C5 C3 04 1A 12 11 00 7C 7E 7E 80 01 00 05 29 10 78 98 59 63 CD 94 04 1B 12 11 00 22 7E 7E 80 01 00 05 29 10 78 98 59 63 49 C1 04 1C 12 11 00 F4 7E 7E 80 01 00 05 29 10 78 98 59 63 85 15 04 1D 12 11 00 ED 7E 7E 80 01 00 05 29 10 78 98 59 63 50 D4 04 1E 12 11 00 FA 7E 7E 80 01 00 05 29 10 78 98 59 63 C2 C6 04 1F 12 11 00 7B 7E 7E 80 01 00 05 29 10 78 98 59 63 8E 2A 04 20 12 11 00 E4 7E 7E 80 01 00 05 29 10 78 98 59 63 E6 7D 01 04 21 12 11 00 DA 7E 7E 80 01 00 05 29 10 78 98 59 63 D0 B8 04 22 12 11 00 2A 7E 7E 80 01 00 05 29 10 78 98 59 63 1F 07 04 23 12 11 00 5B 7E 7E 80 01 00 05 29 10 78 98 59 63 41 42 04 24 12 11 00 47 7E 7E 80 01 00 05 29 10 78 98 59 63 C6 8D 04 25 12 11 00 0E 7E 7E 80 01 00 05 29 10 78 98 59 63 C0 43 04 26 12 11 00 C5 7E 7E 80 01 00 05 29 10 78 98 59 63 7D 01 2C 04 27 12 11 00 16 7E 7E 80 01 00 05 29 10 78 98 59 63 CE 2C 04 28 12 11 00 AA 7E 7E 80 01 00 05 29 10 78 98 59 63 4A 6B 04 29 12 11 00 68 7E 7E 80 01 00 05 29 10 78 98 59 63 5D 0D 04 2A 12 11 00 1A 7E 7E 80 01 00 05 29 10 78 98 59 63 FE 24 04 2B 12 11 00 91 7E 7E 80 01 00 05 29 10 78 98 59 63 A7 44 04 2C 12 11 00 AF 7E 7E 80 01 00 05 29 10 78 98 59 63 5B 7C 04 2D 12 11 00 6A 7E 7E 80 01 00 05 29 10 78 98 59 63 44 03 04 2E 12 11 00 09 7E"}
{"ts":"2026-04-10T16:22:34.603Z","level":"INFO","device":"291078985963","event":"MEDIA_RX","detail":"7E 80 01 00 05 29 10 78 98 59 63 A4 75 04 2F 12 11 00 9E 7E 7E 80 01 00 05 29 10 78 98 59 63 63 4C 04 30 12 11 00 7F 7E 7E 80 01 00 05 29 10 78 98 59 63 71 80 04 31 12 11 00 A0 7E 7E 80 01 00 05 29 10 78 98 59 63 27 B4 04 32 12 11 00 C1 7E 7E 80 01 00 05 29 10 78 98 59 63 90 6D 04 33 12 11 00 AE 7E 7E 80 01 00 05 29 10 78 98 59 63 85 5B 04 34 12 11 00 8A 7E 7E 80 01 00 05 29 10 78 98 59 63 EB A3 04 35 12 11 00 1D 7E 7E 80 01 00 05 29 10 78 98 59 63 92 E3 04 36 12 11 00 27 7E 7E 80 01 00 05 29 10 78 98 59 63 76 E9 04 37 12 11 00 C8 7E 7E 80 01 00 05 29 10 78 98 59 63 22 3B 04 38 12 11 00 41 7E 7E 80 01 00 05 29 10 78 98 59 63 18 C0 04 39 12 11 00 81 7E 7E 80 01 00 05 29 10 78 98 59 63 FA 8C 04 3A 12 11 00 2C 7E 7E 80 01 00 05 29 10 78 98 59 63 C3 78 04 3B 12 11 00 E0 7E 7E 80 01 00 05 29 10 78 98 59 63 6D 2E 04 3C 12 11 00 1F 7E 7E 80 01 00 05 29 10 78 98 59 63 85 B5 04 3D 12 11 00 6D 7E 7E 80 01 00 05 29 10 78 98 59 63 80 39 04 3E 12 11 00 E7 7E 7E 80 01 00 05 29 10 78 98 59 63 11 D2 04 3F 12 11 00 9C 7E 7E 80 01 00 05 29 10 78 98 59 63 29 DB 04 40 12 11 00 D2 7E 7E 80 01 00 05 29 10 78 98 59 63 2B FE 04 41 12 11 00 F4 7E 7E 80 01 00 05 29 10 78 98 59 63 B5 C3 04 42 12 11 00 54 7E 7E 80 01 00 05 29 10 78 98 59 63 98 24 04 43 12 11 00 9F 7E 7E 80 01 00 05 29 10 78 98 59 63 ED 68 04 44 12 11 00 A1 7E 7E 80 01 00 05 29 10 78 98 59 63 9E 16 04 45 12 11 00 AD 7E 7E 80 01 00 05 29 10 78 98 59 63 23 53 04 46 12 11 00 56 7E 7E 80 01 00 05 29 10 78 98 59 63 98 D7 04 47 12 11 00 68 7E 7E 80 01 00 05 29 10 78 98 59 63 69 1B 04 48 12 11 00 5A 7E 7E 80 01 00 05 29 10 78 98 59 63 90 B7 04 49 12 11 00 0E 7E 7E 80 01 00 05 29 10 78 98 59 63 5C 25 04 4A 12 11 00 53 7E 7E 80 01 00 05 29 10 78 98 59 63 D4 ED 04 4B 12 11 00 12 7E 7E 80 01 00 05 29 10 78 98 59 63 B5 28 04 4C 12 11 00 B1 7E 7E 80 01 00 05 29 10 78 98 59 63 90 A1 04 4D 12 11 00 1C 7E 7E 80 01 00 05 29 10 78 98 59 63 4B 7D 01 04 4E 12 11 00 18 7E 7E 80 01 00 05 29 10 78 98 59 63 70 E1 04 4F 12 11 00 BE 7E 7E 80 01 00 05 29 10 78 98 59 63 12 A5 04 50 12 11 00 87 7E 7E 80 01 00 05 29 10 78 98 59 63 E8 3E 04 51 12 11 00 E7 7E 7E 80 01 00 05 29 10 78 98 59 63 12 33 04 52 12 11 00 13 7E 7E 80 01 00 05 29 10 78 98 59 63 A0 73 04 53 12 11 00 E0 7E 7E 80 01 00 05 29 10 78 98 59 63 E8 23 04 54 12 11 00 FF 7E 7E 80 01 00 05 29 10 78 98 59 63 DB DA 04 55 12 11 00 34 7E"}
{"ts":"2026-04-10T16:22:34.809Z","level":"INFO","device":"291078985963","event":"MEDIA_RX","detail":"7E 80 01 00 05 29 10 78 98 59 63 42 88 04 56 12 11 00 FC 7E 7E 80 01 00 05 29 10 78 98 59 63 F1 41 04 57 12 11 00 87 7E 7E 80 01 00 05 29 10 78 98 59 63 F9 86 04 58 12 11 00 47 7E 7E 80 01 00 05 29 10 78 98 59 63 EA E3 04 59 12 11 00 30 7E 7E 80 01 00 05 29 10 78 98 59 63 49 76 04 5A 12 11 00 05 7E 7E 80 01 00 05 29 10 78 98 59 63 62 2D 04 5B 12 11 00 74 7E 7E 80 01 00 05 29 10 78 98 59 63 2A 9F 04 5C 12 11 00 89 7E 7E 80 01 00 05 29 10 78 98 59 63 C4 E5 04 5D 12 11 00 1C 7E 7E 80 01 00 05 29 10 78 98 59 63 6E 64 04 5E 12 11 00 34 7E 7E 80 01 00 05 29 10 78 98 59 63 9F 4B 04 5F 12 11 00 EB 7E 7E 80 01 00 05 29 10 78 98 59 63 83 B2 04 60 12 11 00 31 7E 7E 80 01 00 05 29 10 78 98 59 63 91 5E 04 61 12 11 00 CE 7E 7E 80 01 00 05 29 10 78 98 59 63 C9 B4 04 62 12 11 00 7F 7E 7E 80 01 00 05 29 10 78 98 59 63 38 AD 04 63 12 11 00 96 7E 7E 80 01 00 05 29 10 78 98 59 63 9D 94 04 64 12 11 00 0D 7E 7E 80 01 00 05 29 10 78 98 59 63 50 A7 04 65 12 11 00 F2 7E 7E 80 01 00 05 29 10 78 98 59 63 6F 79 04 66 12 11 00 10 7E 7E 80 01 00 05 29 10 78 98 59 63 34 9B 04 67 12 11 00 A8 7E 7E 80 01 00 05 29 10 78 98 59 63 13 3A 04 68 12 11 00 21 7E 7E 80 01 00 05 29 10 78 98 59 63 3C FA 04 69 12 11 00 CF 7E 7E 80 01 00 05 29 10 78 98 59 63 86 2F 04 6A 12 11 00 A3 7E 7E 80 01 00 05 29 10 78 98 59 63 1B 00 04 6B 12 11 00 10 7E 7E 80 01 00 05 29 10 78 98 59 63 47 21 04 6C 12 11 00 6A 7E 7E 80 01 00 05 29 10 78 98 59 63 46 3B 04 6D 12 11 00 70 7E 7E 80 01 00 05 29 10 78 98 59 63 60 34 04 6E 12 11 00 5A 7E 7E 80 01 00 05 29 10 78 98 59 63 09 A1 04 6F 12 11 00 A7 7E 7E 80 01 00 05 29 10 78 98 59 63 EC AD 04 70 12 11 00 51 7E 7E 80 01 00 05 29 10 78 98 59 63 A0 2B 04 71 12 11 00 9A 7E 7E 80 01 00 05 29 10 78 98 59 63 A3 40 04 72 12 11 00 F1 7E 7E 80 01 00 05 29 10 78 98 59 63 E3 84 04 73 12 11 00 74 7E 7E 80 01 00 05 29 10 78 98 59 63 79 5F 04 74 12 11 00 32 7E 7E 80 01 00 05 29 10 78 98 59 63 55 33 04 75 12 11 00 73 7E 7E 80 01 00 05 29 10 78 98 59 63 37 71 04 76 12 11 00 50 7E 7E 80 01 00 05 29 10 78 98 59 63 C8 55 04 77 12 11 00 8A 7E 7E 80 01 00 05 29 10 78 98 59 63 A7 9F 04 78 12 11 00 20 7E 7E 80 01 00 05 29 10 78 98 59 63 4F 09 04 79 12 11 00 5F 7E 7E 80 01 00 05 29 10 78 98 59 63 AD B3 04 7A 12 11 00 04 7E"}
{"ts":"2026-04-10T16:22:35.012Z","level":"INFO","device":"291078985963","event":"MEDIA_RX","detail":"7E 80 01 00 05 29 10 78 98 59 63 82 60 04 7B 12 11 00 F9 7E 7E 80 01 00 05 29 10 78 98 59 63 E7 52 04 7C 12 11 00 A9 7E 7E 80 01 00 05 29 10 78 98 59 63 92 16 04 7D 01 12 11 00 99 7E 7E 80 01 00 05 29 10 78 98 59 63 1A 7F 04 7D 02 12 11 00 7B 7E 7E 80 01 00 05 29 10 78 98 59 63 33 09 04 7F 12 11 00 25 7E 7E 80 01 00 05 29 10 78 98 59 63 21 CC 04 80 12 11 00 0D 7E 7E 80 01 00 05 29 10 78 98 59 63 7B 46 04 81 12 11 00 DC 7E 7E 80 01 00 05 29 10 78 98 59 63 A3 4C 04 82 12 11 00 0D 7E 7E 80 01 00 05 29 10 78 98 59 63 56 44 04 83 12 11 00 F1 7E 7E 80 01 00 05 29 10 78 98 59 63 B0 87 04 84 12 11 00 D3 7E 7E 80 01 00 05 29 10 78 98 59 63 2F 93 04 85 12 11 00 59 7E 7E 80 01 00 05 29 10 78 98 59 63 86 38 04 86 12 11 00 58 7E 7E 80 01 00 05 29 10 78 98 59 63 73 51 04 87 12 11 00 C5 7E 7E 80 01 00 05 29 10 78 98 59 63 3C 68 04 88 12 11 00 BC 7E 7E 80 01 00 05 29 10 78 98 59 63 4D 49 04 89 12 11 00 ED 7E 7E 80 01 00 05 29 10 78 98 59 63 D3 B6 04 8A 12 11 00 8F 7E 7E 80 01 00 05 29 10 78 98 59 63 99 9D 04 8B 12 11 00 EF 7E 7E 80 01 00 05 29 10 78 98 59 63 DB 02 04 8C 12 11 00 35 7E 7E 80 01 00 05 29 10 78 98 59 63 CC BA 04 8D 12 11 00 9B 7E 7E 80 01 00 05 29 10 78 98 59 63 39 0B 04 8E 12 11 00 DC 7E 7E 80 01 00 05 29 10 78 98 59 63 FD F6 04 8F 12 11 00 E4 7E 7E 80 01 00 05 29 10 78 98 59 63 47 A7 04 90 12 11 00 10 7E 7E 80 01 00 05 29 10 78 98 59 63 6F DD 04 91 12 11 00 43 7E 7E 80 01 00 05 29 10 78 98 59 63 9B 8F 04 92 12 11 00 E6 7E 7E 80 01 00 05 29 10 78 98 59 63 67 36 04 93 12 11 00 A2 7E 7E 80 01 00 05 29 10 78 98 59 63 08 97 04 94 12 11 00 6B 7E 7E 80 01 00 05 29 10 78 98 59 63 0A 70 04 95 12 11 00 8F 7E 7E 80 01 00 05 29 10 78 98 59 63 8F 3F 04 96 12 11 00 46 7E 7E 80 01 00 05 29 10 78 98 59 63 DA FC 04 97 12 11 00 D1 7E 7E 80 01 00 05 29 10 78 98 59 63 F7 7C 04 98 12 11 00 73 7E 7E 80 01 00 05 29 10 78 98 59 63 25 D9 04 99 12 11 00 05 7E 7E 80 01 00 05 29 10 78 98 59 63 37 B6 04 9A 12 11 00 7B 7E 7E 80 01 00 05 29 10 78 98 59 63 0E 1C 04 9B 12 11 00 E9 7E"}
{"ts":"2026-04-10T16:22:35.217Z","level":"INFO","device":"291078985963","event":"MEDIA_RX","detail":"7E 80 01 00 05 29 10 78 98 59 63 C4 52 04 9C 12 11 00 6A 7E 7E 80 01 00 05 29 10 78 98 59 63 A2 6B 04 9D 12 11 00 34 7E 7E 80 01 00 05 29 10 78 98 59 63 77 D7 04 9E 12 11 00 5E 7E 7E 80 01 00 05 29 10 78 98 59 63 78 5C 04 9F 12 11 00 DB 7E 7E 80 01 00 05 29 10 78 98 59 63 88 D4 04 A0 12 11 00 9C 7E 7E 80 01 00 05 29 10 78 98 59 63 50 38 04 A1 12 11 00 A9 7E 7E 80 01 00 05 29 10 78 98 59 63 53 A9 04 A2 12 11 00 38 7E 7E 80 01 00 05 29 10 78 98 59 63 19 5E 04 A3 12 11 00 84 7E 7E 80 01 00 05 29 10 78 98 59 63 FA D9 04 A4 12 11 00 E7 7E 7E 80 01 00 05 29 10 78 98 59 63 4A B9 04 A5 12 11 00 36 7E 7E 80 01 00 05 29 10 78 98 59 63 4B 71 04 A6 12 11 00 FC 7E 7E 80 01 00 05 29 10 78 98 59 63 EC 8F 04 A7 12 11 00 A4 7E 7E 80 01 00 05 29 10 78 98 59 63 56 37 04 A8 12 11 00 A9 7E 7E 80 01 00 05 29 10 78 98 59 63 DA 98 04 A9 12 11 00 8B 7E 7E 80 01 00 05 29 10 78 98 59 63 15 84 04 AA 12 11 00 5B 7E 7E 80 01 00 05 29 10 78 98 59 63 6D CC 04 AB 12 11 00 6A 7E 7E 80 01 00 05 29 10 78 98 59 63 AA 1C 04 AC 12 11 00 7A 7E 7E 80 01 00 05 29 10 78 98 59 63 FE 10 04 AD 12 11 00 23 7E 7E 80 01 00 05 29 10 78 98 59 63 93 4C 04 AE 12 11 00 11 7E 7E 80 01 00 05 29 10 78 98 59 63 2F 7D 01 04 AF 12 11 00 9D 7E 7E 80 01 00 05 29 10 78 98 59 63 90 EA 04 B0 12 11 00 AA 7E 7E 80 01 00 05 29 10 78 98 59 63 39 85 04 B1 12 11 00 6D 7E 7E 80 01 00 05 29 10 78 98 59 63 BE 51 04 B2 12 11 00 3D 7E 7E 80 01 00 05 29 10 78 98 59 63 89 C8 04 B3 12 11 00 92 7E 7E 80 01 00 05 29 10 78 98 59 63 CF E2 04 B4 12 11 00 F9 7E 7E 80 01 00 05 29 10 78 98 59 63 D5 F4 04 B5 12 11 00 F4 7E 7E 80 01 00 05 29 10 78 98 59 63 B8 67 04 B6 12 11 00 09 7E 7E 80 01 00 05 29 10 78 98 59 63 3A 3B 04 B7 12 11 00 D6 7E 7E 80 01 00 05 29 10 78 98 59 63 FD 91 04 B8 12 11 00 B4 7E 7E 80 01 00 05 29 10 78 98 59 63 7D 01 C5 04 B9 12 11 00 61 7E 7E 80 01 00 05 29 10 78 98 59 63 65 50 04 BA 12 11 00 EF 7E 7E 80 01 00 05 29 10 78 98 59 63 ED A8 04 BB 12 11 00 9E 7E 7E 80 01 00 05 29 10 78 98 59 63 BD 7D 02 04 BC 12 11 00 1F 7E 7E 80 01 00 05 29 10 78 98 59 63 53 47 04 BD 12 11 00 C9 7E 7E 80 01 00 05 29 10 78 98 59 63 22 6D 04 BE 12 11 00 91 7E 7E 80 01 00 05 29 10 78 98 59 63 7B D0 04 BF 12 11 00 74 7E 7E 80 01 00 05 29 10 78 98 59 63 5E 9A 04 C0 12 11 00 64 7E 7E 80 01 00 05 29 10 78 98 59 63 E0 B8 04 C1 12 11 00 F9 7E 7E 80 01 00 05 29 10 78 98 59 63 08 A5 04 C2 12 11 00 0F 7E 7E 80 01 00 05 29 10 78 98 59 63 E1 6B 04 C3 12 11 00 29 7E 7E 80 01 00 05 29 10 78 98 59 63 E3 2E 04 C4 12 11 00 69 7E"}
{"ts":"2026-04-10T16:22:35.422Z","level":"INFO","device":"291078985963","event":"MEDIA_RX","detail":"7E 80 01 00 05 29 10 78 98 59 63 07 69 04 C5 12 11 00 CB 7E 7E 80 01 00 05 29 10 78 98 59 63 43 F2 04 C6 12 11 00 17 7E 7E 80 01 00 05 29 10 78 98 59 63 71 A1 04 C7 12 11 00 77 7E 7E 80 01 00 05 29 10 78 98 59 63 1E 28 04 C8 12 11 00 9E 7E 7E 80 01 00 05 29 10 78 98 59 63 19 AE 04 C9 12 11 00 1E 7E 7E 80 01 00 05 29 10 78 98 59 63 4E 4D 04 CA 12 11 00 A9 7E 7E 80 01 00 05 29 10 78 98 59 63 1D 03 04 CB 12 11 00 B5 7E 7E 80 01 00 05 29 10 78 98 59 63 31 35 04 CC 12 11 00 A8 7E 7E 80 01 00 05 29 10 78 98 59 63 49 A1 04 CD 12 11 00 45 7E 7E 80 01 00 05 29 10 78 98 59 63 3F 1D 04 CE 12 11 00 8C 7E 7E 80 01 00 05 29 10 78 98 59 63 FB 5A 04 CF 12 11 00 0E 7E 7E 80 01 00 05 29 10 78 98 59 63 48 0D 04 D0 12 11 00 F5 7E 7E 80 01 00 05 29 10 78 98 59 63 60 6D 04 D1 12 11 00 BC 7E 7E 80 01 00 05 29 10 78 98 59 63 7F F9 04 D2 12 11 00 34 7E 7E 80 01 00 05 29 10 78 98 59 63 8B 5B 04 D3 12 11 00 63 7E 7E 80 01 00 05 29 10 78 98 59 63 C1 FC 04 D4 12 11 00 89 7E 7E 80 01 00 05 29 10 78 98 59 63 E7 A4 04 D5 12 11 00 F6 7E 7E 80 01 00 05 29 10 78 98 59 63 DE 90 04 D6 12 11 00 F8 7E 7E 80 01 00 05 29 10 78 98 59 63 B6 93 04 D7 12 11 00 92 7E 7E 80 01 00 05 29 10 78 98 59 63 C3 F1 04 D8 12 11 00 8A 7E 7E 80 01 00 05 29 10 78 98 59 63 49 14 04 D9 12 11 00 E4 7E 7E 80 01 00 05 29 10 78 98 59 63 E4 45 04 DA 12 11 00 1B 7E 7E 80 01 00 05 29 10 78 98 59 63 65 A1 04 DB 12 11 00 7F 7E 7E 80 01 00 05 29 10 78 98 59 63 E1 09 04 DC 12 11 00 54 7E 7E 80 01 00 05 29 10 78 98 59 63 DA B7 04 DD 12 11 00 D0 7E 7E 80 01 00 05 29 10 78 98 59 63 EE E4 04 DE 12 11 00 B4 7E 7E 80 01 00 05 29 10 78 98 59 63 4D 3F 04 DF 12 11 00 CD 7E 7E 80 01 00 05 29 10 78 98 59 63 0E 60 04 E0 12 11 00 EE 7E 7E 80 01 00 05 29 10 78 98 59 63 13 04 04 E1 12 11 00 96 7E 7E 80 01 00 05 29 10 78 98 59 63 5C C3 04 E2 12 11 00 1D 7E 7E 80 01 00 05 29 10 78 98 59 63 F9 74 04 E3 12 11 00 0E 7E 7E 80 01 00 05 29 10 78 98 59 63 0B B9 04 E4 12 11 00 36 7E 7E 80 01 00 05 29 10 78 98 59 63 62 1E 04 E5 12 11 00 F9 7E 7E 80 01 00 05 29 10 78 98 59 63 87 3E 04 E6 12 11 00 3F 7E 7E 80 01 00 05 29 10 78 98 59 63 86 81 04 E7 12 11 00 80 7E 7E 80 01 00 05 29 10 78 98 59 63 25 C7 04 E8 12 11 00 6A 7E 7E 80 01 00 05 29 10 78 98 59 63 8F 2B 04 E9 12 11 00 2D 7E"}
{"ts":"2026-04-10T16:22:35.625Z","level":"INFO","device":"291078985963","event":"MEDIA_RX","detail":"7E 80 01 00 05 29 10 78 98 59 63 D5 B1 04 EA 12 11 00 EE 7E 7E 80 01 00 05 29 10 78 98 59 63 C3 F2 04 EB 12 11 00 BA 7E 7E 80 01 00 05 29 10 78 98 59 63 64 90 04 EC 12 11 00 78 7E 7E 80 01 00 05 29 10 78 98 59 63 8D 70 04 ED 12 11 00 70 7E 7E 80 01 00 05 29 10 78 98 59 63 5A F8 04 EE 12 11 00 2C 7E 7E 80 01 00 05 29 10 78 98 59 63 1D 6C 04 EF 12 11 00 FE 7E 7E 80 01 00 05 29 10 78 98 59 63 92 80 04 F0 12 11 00 82 7E 7E 80 01 00 05 29 10 78 98 59 63 0A F8 04 F1 12 11 00 63 7E 7E 80 01 00 05 29 10 78 98 59 63 14 6F 04 F2 12 11 00 E9 7E 7E 80 01 00 05 29 10 78 98 59 63 4B 0C 04 F3 12 11 00 D4 7E 7E 80 01 00 05 29 10 78 98 59 63 CA 8C 04 F4 12 11 00 D2 7E 7E 80 01 00 05 29 10 78 98 59 63 A0 6E 04 F5 12 11 00 5B 7E 7E 80 01 00 05 29 10 78 98 59 63 F1 22 04 F6 12 11 00 45 7E 7E 80 01 00 05 29 10 78 98 59 63 D4 B6 04 F7 12 11 00 F5 7E 7E 80 01 00 05 29 10 78 98 59 63 92 40 04 F8 12 11 00 4A 7E 7E 80 01 00 05 29 10 78 98 59 63 79 C3 04 F9 12 11 00 23 7E 7E 80 01 00 05 29 10 78 98 59 63 EA 82 04 FA 12 11 00 F2 7E 7E 80 01 00 05 29 10 78 98 59 63 7C 09 04 FB 12 11 00 EE 7E 7E 80 01 00 05 29 10 78 98 59 63 76 F7 04 FC 12 11 00 1D 7E 7E 80 01 00 05 29 10 78 98 59 63 CE 44 04 FD 12 11 00 17 7E 7E 80 01 00 05 29 10 78 98 59 63 24 F4 04 FE 12 11 00 4E 7E 7E 80 01 00 05 29 10 78 98 59 63 1E 63 04 FF 12 11 00 E2 7E 7E 80 01 00 05 29 10 78 98 59 63 6F 27 05 00 12 11 00 29 7E 7E 80 01 00 05 29 10 78 98 59 63 CA 10 05 01 12 11 00 BA 7E 7E 80 01 00 05 29 10 78 98 59 63 81 0E 05 02 12 11 00 EC 7E 7E 80 01 00 05 29 10 78 98 59 63 BF C2 05 03 12 11 00 1F 7E 7E 80 01 00 05 29 10 78 98 59 63 35 BA 05 04 12 11 00 EA 7E 7E 80 01 00 05 29 10 78 98 59 63 0F D4 05 05 12 11 00 BF 7E 7E 80 01 00 05 29 10 78 98 59 63 82 A7 05 06 12 11 00 42 7E 7E 80 01 00 05 29 10 78 98 59 63 EA F2 05 07 12 11 00 7D 02 7E 7E 80 01 00 05 29 10 78 98 59 63 58 86 05 08 12 11 00 B7 7E 7E 80 01 00 05 29 10 78 98 59 63 01 4A 05 09 12 11 00 23 7E 7E 80 01 00 05 29 10 78 98 59 63 74 F5 05 0A 12 11 00 EA 7E 7E 80 01 00 05 29 10 78 98 59 63 48 EF 05 0B 12 11 00 CD 7E 7E 80 01 00 05 29 10 78 98 59 63 5C 44 05 0C 12 11 00 75 7E 7E 80 01 00 05 29 10 78 98 59 63 35 02 05 0D 12 11 00 5B 7E"}
{"ts":"2026-04-10T16:22:35.830Z","level":"INFO","device":"291078985963","event":"MEDIA_RX","detail":"7E 80 01 00 05 29 10 78 98 59 63 51 38 05 0E 12 11 00 06 7E 7E 80 01 00 05 29 10 78 98 59 63 32 E8 05 0F 12 11 00 B4 7E 7E 80 01 00 05 29 10 78 98 59 63 28 49 05 10 12 11 00 10 7E 7E 80 01 00 05 29 10 78 98 59 63 71 83 05 11 12 11 00 82 7E 7E 80 01 00 05 29 10 78 98 59 63 B0 4A 05 12 12 11 00 89 7E 7E 80 01 00 05 29 10 78 98 59 63 42 60 05 13 12 11 00 50 7E 7E 80 01 00 05 29 10 78 98 59 63 CC 5E 05 14 12 11 00 E7 7E 7E 80 01 00 05 29 10 78 98 59 63 26 DB 05 15 12 11 00 89 7E 7E 80 01 00 05 29 10 78 98 59 63 84 F2 05 16 12 11 00 01 7E 7E 80 01 00 05 29 10 78 98 59 63 9B 8B 05 17 12 11 00 66 7E 7E 80 01 00 05 29 10 78 98 59 63 A0 D5 05 18 12 11 00 0C 7E 7E 80 01 00 05 29 10 78 98 59 63 AF 37 05 19 12 11 00 E0 7E 7E 80 01 00 05 29 10 78 98 59 63 BC AC 05 1A 12 11 00 6B 7E 7E 80 01 00 05 29 10 78 98 59 63 EB 81 05 1B 12 11 00 10 7E 7E 80 01 00 05 29 10 78 98 59 63 D7 A7 05 1C 12 11 00 0D 7E 7E 80 01 00 05 29 10 78 98 59 63 6D F2 05 1D 12 11 00 E3 7E 7E 80 01 00 05 29 10 78 98 59 63 94 3B 05 1E 12 11 00 D0 7E 7E 80 01 00 05 29 10 78 98 59 63 39 84 05 1F 12 11 00 C3 7E 7E 80 01 00 05 29 10 78 98 59 63 7D 01 18 05 20 12 11 00 24 7E 7E 80 01 00 05 29 10 78 98 59 63 9B C1 05 21 12 11 00 1A 7E 7E 80 01 00 05 29 10 78 98 59 63 53 59 05 22 12 11 00 49 7E 7E 80 01 00 05 29 10 78 98 59 63 4A 96 05 23 12 11 00 9E 7E 7E 80 01 00 05 29 10 78 98 59 63 59 94 05 24 12 11 00 88 7E 7E 80 01 00 05 29 10 78 98 59 63 07 56 05 25 12 11 00 15 7E 7E 80 01 00 05 29 10 78 98 59 63 55 19 05 26 12 11 00 0B 7E 7E 80 01 00 05 29 10 78 98 59 63 DD E0 05 27 12 11 00 7B 7E 7E 80 01 00 05 29 10 78 98 59 63 8C 50 05 28 12 11 00 95 7E 7E 80 01 00 05 29 10 78 98 59 63 61 B7 05 29 12 11 00 9E 7E 7E 80 01 00 05 29 10 78 98 59 63 C1 DC 05 2A 12 11 00 56 7E 7E 80 01 00 05 29 10 78 98 59 63 C1 12 05 2B 12 11 00 99 7E 7E 80 01 00 05 29 10 78 98 59 63 40 25 05 2C 12 11 00 28 7E 7E 80 01 00 05 29 10 78 98 59 63 9A E6 05 2D 12 11 00 30 7E 7E 80 01 00 05 29 10 78 98 59 63 88 00 05 2E 12 11 00 C7 7E 7E 80 01 00 05 29 10 78 98 59 63 D4 BB 05 2F 12 11 00 21 7E 7E 80 01 00 05 29 10 78 98 59 63 05 73 05 30 12 11 00 27 7E"}
{"ts":"2026-04-10T16:22:36.035Z","level":"INFO","device":"291078985963","event":"MEDIA_RX","detail":"7E 80 01 00 05 29 10 78 98 59 63 6B DB 05 31 12 11 00 E0 7E 7E 80 01 00 05 29 10 78 98 59 63 30 5A 05 32 12 11 00 39 7E 7E 80 01 00 05 29 10 78 98 59 63 6A 9C 05 33 12 11 00 A4 7E 7E 80 01 00 05 29 10 78 98 59 63 90 E8 05 34 12 11 00 2D 7E 7E 80 01 00 05 29 10 78 98 59 63 2F 81 05 35 12 11 00 FA 7E 7E 80 01 00 05 29 10 78 98 59 63 7B 73 05 36 12 11 00 5F 7E 7E 80 01 00 05 29 10 78 98 59 63 15 93 05 37 12 11 00 D0 7E 7E 80 01 00 05 29 10 78 98 59 63 4E 26 05 38 12 11 00 31 7E 7E 80 01 00 05 29 10 78 98 59 63 83 24 05 39 12 11 00 FF 7E 7E 80 01 00 05 29 10 78 98 59 63 7A 0B 05 3A 12 11 00 2A 7E 7E 80 01 00 05 29 10 78 98 59 63 8E 3F 05 3B 12 11 00 EB 7E 7E 80 01 00 05 29 10 78 98 59 63 F0 EC 05 3C 12 11 00 41 7E 7E 80 01 00 05 29 10 78 98 59 63 48 95 05 3D 12 11 00 81 7E 7E 80 01 00 05 29 10 78 98 59 63 2C 67 05 3E 12 11 00 14 7E 7E 80 01 00 05 29 10 78 98 59 63 3F 92 05 3F 12 11 00 F3 7E 7E 80 01 00 05 29 10 78 98 59 63 DB FD 05 40 12 11 00 07 7E 7E 80 01 00 05 29 10 78 98 59 63 4B 18 05 41 12 11 00 73 7E 7E 80 01 00 05 29 10 78 98 59 63 DE 42 05 42 12 11 00 BF 7E 7E 80 01 00 05 29 10 78 98 59 63 D3 1D 05 43 12 11 00 EC 7E 7E 80 01 00 05 29 10 78 98 59 63 0A 42 05 44 12 11 00 6D 7E 7E 80 01 00 05 29 10 78 98 59 63 41 82 05 45 12 11 00 E7 7E 7E 80 01 00 05 29 10 78 98 59 63 57 85 05 46 12 11 00 F5 7E 7E 80 01 00 05 29 10 78 98 59 63 9B D0 05 47 12 11 00 6D 7E 7E 80 01 00 05 29 10 78 98 59 63 3F 03 05 48 12 11 00 15 7E 7E 80 01 00 05 29 10 78 98 59 63 9C 78 05 49 12 11 00 CC 7E 7E 80 01 00 05 29 10 78 98 59 63 0E 50 05 4A 12 11 00 75 7E 7E 80 01 00 05 29 10 78 98 59 63 E5 61 05 4B 12 11 00 AE 7E 7E 80 01 00 05 29 10 78 98 59 63 39 A4 05 4C 12 11 00 B0 7E 7E 80 01 00 05 29 10 78 98 59 63 DA 88 05 4D 12 11 00 7D 02 7E 7E 80 01 00 05 29 10 78 98 59 63 54 E6 05 4E 12 11 00 9D 7E 7E 80 01 00 05 29 10 78 98 59 63 7A 25 05 4F 12 11 00 71 7E 7E 80 01 00 05 29 10 78 98 59 63 0E 94 05 50 12 11 00 AB 7E 7E 80 01 00 05 29 10 78 98 59 63 FD FF 05 51 12 11 00 32 7E 7E 80 01 00 05 29 10 78 98 59 63 FB 85 05 52 12 11 00 4D 7E 7E 80 01 00 05 29 10 78 98 59 63 83 0F 05 53 12 11 00 BE 7E 7E 80 01 00 05 29 10 78 98 59 63 8C 68 05 54 12 11 00 D1 7E"}
{"ts":"2026-04-10T16:22:36.239Z","level":"INFO","device":"291078985963","event":"MEDIA_RX","detail":"7E 80 01 00 05 29 10 78 98 59 63 4D 6D 05 55 12 11 00 14 7E 7E 80 01 00 05 29 10 78 98 59 63 2A 05 05 56 12 11 00 18 7E 7E 80 01 00 05 29 10 78 98 59 63 3E 85 05 57 12 11 00 8D 7E 7E 80 01 00 05 29 10 78 98 59 63 BF E1 05 58 12 11 00 67 7E 7E 80 01 00 05 29 10 78 98 59 63 FD 29 05 59 12 11 00 EC 7E 7E 80 01 00 05 29 10 78 98 59 63 CC BC 05 5A 12 11 00 4B 7E 7E 80 01 00 05 29 10 78 98 59 63 C1 28 05 5B 12 11 00 D3 7E 7E 80 01 00 05 29 10 78 98 59 63 5C 44 05 5C 12 11 00 25 7E 7E 80 01 00 05 29 10 78 98 59 63 69 3A 05 5D 12 11 00 6F 7E 7E 80 01 00 05 29 10 78 98 59 63 04 B9 05 5E 12 11 00 82 7E 7E 80 01 00 05 29 10 78 98 59 63 E0 1E 05 5F 12 11 00 C0 7E 7E 80 01 00 05 29 10 78 98 59 63 E8 E3 05 60 12 11 00 0A 7E 7E 80 01 00 05 29 10 78 98 59 63 E0 25 05 61 12 11 00 C5 7E 7E 80 01 00 05 29 10 78 98 59 63 93 CF 05 62 12 11 00 5F 7E 7E 80 01 00 05 29 10 78 98 59 63 B6 69 05 63 12 11 00 DD 7E 7E 80 01 00 05 29 10 78 98 59 63 1D 7A 05 64 12 11 00 62 7E 7E 80 01 00 05 29 10 78 98 59 63 64 8A 05 65 12 11 00 EA 7E 7E 80 01 00 05 29 10 78 98 59 63 BB E7 05 66 12 11 00 5B 7E 7E 80 01 00 05 29 10 78 98 59 63 6C DD 05 67 12 11 00 B7 7E 7E 80 01 00 05 29 10 78 98 59 63 1F F2 05 68 12 11 00 E4 7E 7E 80 01 00 05 29 10 78 98 59 63 65 64 05 69 12 11 00 09 7E 7E 80 01 00 05 29 10 78 98 59 63 C6 21 05 6A 12 11 00 EC 7E 7E 80 01 00 05 29 10 78 98 59 63 3C 06 05 6B 12 11 00 30 7E 7E 80 01 00 05 29 10 78 98 59 63 5F A8 05 6C 12 11 00 FA 7E 7E 80 01 00 05 29 10 78 98 59 63 90 D7 05 6D 12 11 00 4B 7E 7E 80 01 00 05 29 10 78 98 59 63 A1 F0 05 6E 12 11 00 5E 7E 7E 80 01 00 05 29 10 78 98 59 63 3E 08 05 6F 12 11 00 38 7E 7E 80 01 00 05 29 10 78 98 59 63 7C 1C 05 70 12 11 00 71 7E 7E 80 01 00 05 29 10 78 98 59 63 C3 2B 05 71 12 11 00 F8 7E 7E 80 01 00 05 29 10 78 98 59 63 B1 9F 05 72 12 11 00 3D 7E 7E 80 01 00 05 29 10 78 98 59 63 44 52 05 73 12 11 00 04 7E 7E 80 01 00 05 29 10 78 98 59 63 6B 23 05 74 12 11 00 5D 7E 7E 80 01 00 05 29 10 78 98 59 63 E8 25 05 75 12 11 00 D9 7E 7E 80 01 00 05 29 10 78 98 59 63 8B E9 05 76 12 11 00 75 7E 7E 80 01 00 05 29 10 78 98 59 63 4E B8 05 77 12 11 00 E0 7E 7E 80 01 00 05 29 10 78 98 59 63 40 14 05 78 12 11 00 4D 7E 7E 80 01 00 05 29 10 78 98 59 63 5A 40 05 79 12 11 00 02 7E 7E 80 01 00 05 29 10 78 98 59 63 71 6A 05 7A 12 11 00 00 7E"}
{"ts":"2026-04-10T16:22:36.444Z","level":"INFO","device":"291078985963","event":"MEDIA_RX","detail":"7E 80 01 00 05 29 10 78 98 59 63 21 E9 05 7B 12 11 00 D2 7E 7E 80 01 00 05 29 10 78 98 59 63 1B D5 05 7C 12 11 00 D3 7E 7E 80 01 00 05 29 10 78 98 59 63 F6 1C 05 7D 01 12 11 00 F6 7E 7E 80 01 00 05 29 10 78 98 59 63 F2 68 05 7D 02 12 11 00 85 7E 7E 80 01 00 05 29 10 78 98 59 63 F1 03 05 7F 12 11 00 EC 7E 7E 80 01 00 05 29 10 78 98 59 63 0B 5D 05 80 12 11 00 B7 7E 7E 80 01 00 05 29 10 78 98 59 63 6B 53 05 81 12 11 00 D8 7E 7E 80 01 00 05 29 10 78 98 59 63 4F 6C 05 82 12 11 00 C0 7E 7E 80 01 00 05 29 10 78 98 59 63 46 D1 05 83 12 11 00 75 7E 7E 80 01 00 05 29 10 78 98 59 63 6A D5 05 84 12 11 00 5A 7E 7E 80 01 00 05 29 10 78 98 59 63 07 08 05 85 12 11 00 EB 7E 7E 80 01 00 05 29 10 78 98 59 63 14 9D 05 86 12 11 00 6E 7E 7E 80 01 00 05 29 10 78 98 59 63 4C A0 05 87 12 11 00 0A 7E 7E 80 01 00 05 29 10 78 98 59 63 97 1B 05 88 12 11 00 65 7E 7E 80 01 00 05 29 10 78 98 59 63 F6 F3 05 89 12 11 00 ED 7E 7E 80 01 00 05 29 10 78 98 59 63 89 77 05 8A 12 11 00 15 7E 7E 80 01 00 05 29 10 78 98 59 63 BC 09 05 8B 12 11 00 5F 7E 7E 80 01 00 05 29 10 78 98 59 63 E0 3C 05 8C 12 11 00 31 7E 7E 80 01 00 05 29 10 78 98 59 63 40 B0 05 8D 12 11 00 1C 7E 7E 80 01 00 05 29 10 78 98 59 63 74 73 05 8E 12 11 00 E8 7E 7E 80 01 00 05 29 10 78 98 59 63 41 E9 05 8F 12 11 00 46 7E 7E 80 01 00 05 29 10 78 98 59 63 B5 D0 05 90 12 11 00 94 7E 7E 80 01 00 05 29 10 78 98 59 63 B6 9B 05 91 12 11 00 DD 7E 7E 80 01 00 05 29 10 78 98 59 63 7D 02 5C 05 92 12 11 00 D1 7E 7E 80 01 00 05 29 10 78 98 59 63 30 9E 05 93 12 11 00 5C 7E 7E 80 01 00 05 29 10 78 98 59 63 CB E0 05 94 12 11 00 DE 7E 7E 80 01 00 05 29 10 78 98 59 63 E3 86 05 95 12 11 00 91 7E 7E 80 01 00 05 29 10 78 98 59 63 CA 59 05 96 12 11 00 64 7E 7E 80 01 00 05 29 10 78 98 59 63 61 B8 05 97 12 11 00 2F 7E 7E 80 01 00 05 29 10 78 98 59 63 61 C4 05 98 12 11 00 5C 7E 7E 80 01 00 05 29 10 78 98 59 63 E3 3A 05 99 12 11 00 21 7E 7E 80 01 00 05 29 10 78 98 59 63 71 7D 02 05 9A 12 11 00 F4 7E 7E 80 01 00 05 29 10 78 98 59 63 2D F2 05 9B 12 11 00 25 7E 7E 80 01 00 05 29 10 78 98 59 63 61 3E 05 9C 12 11 00 A2 7E 7E 80 01 00 05 29 10 78 98 59 63 91 55 05 9D 12 11 00 38 7E 7E 80 01 00 05 29 10 78 98 59 63 E5 D6 05 9E 12 11 00 CC 7E 7E 80 01 00 05 29 10 78 98 59 63 9D C2 05 9F 12 11 00 A1 7E"}
{"ts":"2026-04-10T16:22:36.649Z","level":"INFO","device":"291078985963","event":"MEDIA_RX","detail":"7E 80 01 00 05 29 10 78 98 59 63 CB 7B 05 A0 12 11 00 71 7E 7E 80 01 00 05 29 10 78 98 59 63 F8 33 05 A1 12 11 00 0B 7E 7E 80 01 00 05 29 10 78 98 59 63 9C C1 05 A2 12 11 00 9E 7E 7E 80 01 00 05 29 10 78 98 59 63 59 99 05 A3 12 11 00 02 7E 7E 80 01 00 05 29 10 78 98 59 63 74 75 05 A4 12 11 00 C4 7E 7E 80 01 00 05 29 10 78 98 59 63 DF 3C 05 A5 12 11 00 27 7E 7E 80 01 00 05 29 10 78 98 59 63 A6 21 05 A6 12 11 00 40 7E 7E 80 01 00 05 29 10 78 98 59 63 74 0A 05 A7 12 11 00 B8 7E 7E 80 01 00 05 29 10 78 98 59 63 C6 2F 05 A8 12 11 00 20 7E 7E 80 01 00 05 29 10 78 98 59 63 B5 1A 05 A9 12 11 00 67 7E 7E 80 01 00 05 29 10 78 98 59 63 E9 F7 05 AA 12 11 00 D5 7E 7E 80 01 00 05 29 10 78 98 59 63 70 28 05 AB 12 11 00 92 7E 7E 80 01 00 05 29 10 78 98 59 63 02 5B 05 AC 12 11 00 94 7E 7E 80 01 00 05 29 10 78 98 59 63 2F 0B 05 AD 12 11 00 E8 7E 7E 80 01 00 05 29 10 78 98 59 63 FA C0 05 AE 12 11 00 F5 7E 7E 80 01 00 05 29 10 78 98 59 63 F7 50 05 AF 12 11 00 69 7E 7E 80 01 00 05 29 10 78 98 59 63 71 D1 05 B0 12 11 00 71 7E 7E 80 01 00 05 29 10 78 98 59 63 5A 61 05 B1 12 11 00 EB 7E 7E 80 01 00 05 29 10 78 98 59 63 8C FF 05 B2 12 11 00 A0 7E 7E 80 01 00 05 29 10 78 98 59 63 D6 18 05 B3 12 11 00 1C 7E 7E 80 01 00 05 29 10 78 98 59 63 1E E8 05 B4 12 11 00 23 7E 7E 80 01 00 05 29 10 78 98 59 63 BA 85 05 B5 12 11 00 EB 7E 7E 80 01 00 05 29 10 78 98 59 63 F2 E9 05 B6 12 11 00 CC 7E 7E 80 01 00 05 29 10 78 98 59 63 92 F6 05 B7 12 11 00 B2 7E 7E 80 01 00 05 29 10 78 98 59 63 02 31 05 B8 12 11 00 EA 7E 7E 80 01 00 05 29 10 78 98 59 63 6A 76 05 B9 12 11 00 C4 7E 7E 80 01 00 05 29 10 78 98 59 63 AC 98 05 BA 12 11 00 EF 7E 7E 80 01 00 05 29 10 78 98 59 63 61 C2 05 BB 12 11 00 79 7E 7E 80 01 00 05 29 10 78 98 59 63 2B 13 05 BC 12 11 00 E5 7E 7E 80 01 00 05 29 10 78 98 59 63 E3 63 05 BD 12 11 00 5C 7E 7E 80 01 00 05 29 10 78 98 59 63 43 F5 05 BE 12 11 00 69 7E 7E 80 01 00 05 29 10 78 98 59 63 A6 6F 05 BF 12 11 00 17 7E 7E 80 01 00 05 29 10 78 98 59 63 2D 29 05 C0 12 11 00 A5 7E 7E 80 01 00 05 29 10 78 98 59 63 DD CF 05 C1 12 11 00 B2 7E 7E 80 01 00 05 29 10 78 98 59 63 C0 DC 05 C2 12 11 00 BF 7E 7E 80 01 00 05 29 10 78 98 59 63 75 8C 05 C3 12 11 00 5B 7E 7E 80 01 00 05 29 10 78 98 59 63 EF E6 05 C4 12 11 00 AC 7E"}
{"ts":"2026-04-10T16:22:36.853Z","level":"INFO","device":"291078985963","event":"MEDIA_RX","detail":"7E 80 01 00 05 29 10 78 98 59 63 38 DC 05 C5 12 11 00 40 7E 7E 80 01 00 05 29 10 78 98 59 63 6E 17 05 C6 12 11 00 DE 7E 7E 80 01 00 05 29 10 78 98 59 63 53 5D 05 C7 12 11 00 A8 7E 7E 80 01 00 05 29 10 78 98 59 63 DD D7 05 C8 12 11 00 A3 7E 7E 80 01 00 05 29 10 78 98 59 63 6D D8 05 C9 12 11 00 1D 7E 7E 80 01 00 05 29 10 78 98 59 63 7B C0 05 CA 12 11 00 10 7E 7E 80 01 00 05 29 10 78 98 59 63 AF 8E 05 CB 12 11 00 8B 7E 7E 80 01 00 05 29 10 78 98 59 63 5C FC 05 CC 12 11 00 0D 7E 7E 80 01 00 05 29 10 78 98 59 63 2D BD 05 CD 12 11 00 3C 7E 7E 80 01 00 05 29 10 78 98 59 63 06 55 05 CE 12 11 00 FC 7E 7E 80 01 00 05 29 10 78 98 59 63 75 92 05 CF 12 11 00 49 7E 7E 80 01 00 05 29 10 78 98 59 63 D0 60 05 D0 12 11 00 01 7E 7E 80 01 00 05 29 10 78 98 59 63 F3 8B 05 D1 12 11 00 C8 7E 7E 80 01 00 05 29 10 78 98 59 63 19 FD 05 D2 12 11 00 57 7E 7E 80 01 00 05 29 10 78 98 59 63 D2 9F 05 D3 12 11 00 FF 7E 7E 80 01 00 05 29 10 78 98 59 63 0C 6B 05 D4 12 11 00 D2 7E 7E 80 01 00 05 29 10 78 98 59 63 B2 0A 05 D5 12 11 00 0C 7E 7E 80 01 00 05 29 10 78 98 59 63 3A 11 05 D6 12 11 00 9C 7E 7E 80 01 00 05 29 10 78 98 59 63 C7 4A 05 D7 12 11 00 3B 7E 7E 80 01 00 05 29 10 78 98 59 63 0E D7 05 D8 12 11 00 60 7E 7E 80 01 00 05 29 10 78 98 59 63 F5 4C 05 D9 12 11 00 01 7E 7E 80 01 00 05 29 10 78 98 59 63 00 F2 05 DA 12 11 00 49 7E 7E 80 01 00 05 29 10 78 98 59 63 36 C0 05 DB 12 11 00 4C 7E 7E 80 01 00 05 29 10 78 98 59 63 33 AE 05 DC 12 11 00 20 7E 7E 80 01 00 05 29 10 78 98 59 63 3C A6 05 DD 12 11 00 26 7E 7E 80 01 00 05 29 10 78 98 59 63 12 95 05 DE 12 11 00 38 7E 7E 80 01 00 05 29 10 78 98 59 63 16 B9 05 DF 12 11 00 11 7E 7E 80 01 00 05 29 10 78 98 59 63 4D 86 05 E0 12 11 00 4A 7E 7E 80 01 00 05 29 10 78 98 59 63 80 F3 05 E1 12 11 00 F3 7E 7E 80 01 00 05 29 10 78 98 59 63 72 07 05 E2 12 11 00 F6 7E 7E 80 01 00 05 29 10 78 98 59 63 F8 88 05 E3 12 11 00 F2 7E 7E 80 01 00 05 29 10 78 98 59 63 FE AE 05 E4 12 11 00 D5 7E 7E 80 01 00 05 29 10 78 98 59 63 24 17 05 E5 12 11 00 B7 7E 7E 80 01 00 05 29 10 78 98 59 63 36 75 05 E6 12 11 00 C4 7E 7E 80 01 00 05 29 10 78 98 59 63 A8 8C 05 E7 12 11 00 A2 7E 7E 80 01 00 05 29 10 78 98 59 63 50 1E 05 E8 12 11 00 C7 7E 7E 80 01 00 05 29 10 78 98 59 63 7B 40 05 E9 12 11 00 B3 7E"}
{"ts":"2026-04-10T16:22:37.059Z","level":"INFO","device":"291078985963","event":"MEDIA_RX","detail":"7E 80 01 00 05 29 10 78 98 59 63 4A E7 05 EA 12 11 00 26 7E 7E 80 01 00 05 29 10 78 98 59 63 4F 2F 05 EB 12 11 00 EA 7E 7E 80 01 00 05 29 10 78 98 59 63 6A 84 05 EC 12 11 00 63 7E 7E 80 01 00 05 29 10 78 98 59 63 FF 11 05 ED 12 11 00 62 7E 7E 80 01 00 05 29 10 78 98 59 63 FC 81 05 EE 12 11 00 F2 7E 7E 80 01 00 05 29 10 78 98 59 63 E7 FE 05 EF 12 11 00 97 7E 7E 80 01 00 05 29 10 78 98 59 63 B8 EA 05 F0 12 11 00 C3 7E 7E 80 01 00 05 29 10 78 98 59 63 80 5B 05 F1 12 11 00 4B 7E 7E 80 01 00 05 29 10 78 98 59 63 C0 39 05 F2 12 11 00 6A 7E 7E 80 01 00 05 29 10 78 98 59 63 71 B8 05 F3 12 11 00 5B 7E 7E 80 01 00 05 29 10 78 98 59 63 21 DF 05 F4 12 11 00 6B 7E 7E 80 01 00 05 29 10 78 98 59 63 A0 91 05 F5 12 11 00 A5 7E 7E 80 01 00 05 29 10 78 98 59 63 8E E3 05 F6 12 11 00 FA 7E 7E 80 01 00 05 29 10 78 98 59 63 62 AA 05 F7 12 11 00 5E 7E 7E 80 01 00 05 29 10 78 98 59 63 45 96 05 F8 12 11 00 4A 7E 7E 80 01 00 05 29 10 78 98 59 63 85 B8 05 F9 12 11 00 A5 7E 7E 80 01 00 05 29 10 78 98 59 63 11 17 05 FA 12 11 00 9D 7E 7E 80 01 00 05 29 10 78 98 59 63 5D B2 05 FB 12 11 00 75 7E 7E 80 01 00 05 29 10 78 98 59 63 30 2D 05 FC 12 11 00 80 7E 7E 80 01 00 05 29 10 78 98 59 63 0D 9D 05 FD 12 11 00 0C 7E 7E 80 01 00 05 29 10 78 98 59 63 9D 04 05 FE 12 11 00 06 7E 7E 80 01 00 05 29 10 78 98 59 63 7B 60 05 FF 12 11 00 85 7E 7E 80 01 00 05 29 10 78 98 59 63 42 B6 06 00 12 11 00 96 7E 7E 80 01 00 05 29 10 78 98 59 63 7C 17 06 01 12 11 00 08 7E 7E 80 01 00 05 29 10 78 98 59 63 53 25 06 02 12 11 00 16 7E 7E 80 01 00 05 29 10 78 98 59 63 5A 81 06 03 12 11 00 BA 7E 7E 80 01 00 05 29 10 78 98 59 63 AF DF 06 04 12 11 00 16 7E 7E 80 01 00 05 29 10 78 98 59 63 5F BE 06 05 12 11 00 86 7E 7E 80 01 00 05 29 10 78 98 59 63 0F 37 06 06 12 11 00 5C 7E 7E 80 01 00 05 29 10 78 98 59 63 F3 AA 06 07 12 11 00 3C 7E 7E 80 01 00 05 29 10 78 98 59 63 BB DA 06 08 12 11 00 0B 7E 7E 80 01 00 05 29 10 78 98 59 63 11 FB 06 09 12 11 00 81 7E 7E 80 01 00 05 29 10 78 98 59 63 16 AD 06 0A 12 11 00 D3 7E 7E 80 01 00 05 29 10 78 98 59 63 EE F0 06 0B 12 11 00 77 7E 7E 80 01 00 05 29 10 78 98 59 63 93 2B 06 0C 12 11 00 D6 7E 7E 80 01 00 05 29 10 78 98 59 63 BF 37 06 0D 12 11 00 E7 7E"}
{"ts":"2026-04-10T16:22:37.263Z","level":"INFO","device":"291078985963","event":"MEDIA_RX","detail":"7E 80 01 00 05 29 10 78 98 59 63 FB D9 06 0E 12 11 00 4E 7E 7E 80 01 00 05 29 10 78 98 59 63 D5 DA 06 0F 12 11 00 62 7E 7E 80 01 00 05 29 10 78 98 59 63 6C 1B 06 10 12 11 00 05 7E 7E 80 01 00 05 29 10 78 98 59 63 E6 26 06 11 12 11 00 B3 7E 7E 80 01 00 05 29 10 78 98 59 63 0D 12 06 12 12 11 00 6F 7E 7E 80 01 00 05 29 10 78 98 59 63 D6 06 06 13 12 11 00 A1 7E 7E 80 01 00 05 29 10 78 98 59 63 D3 27 06 14 12 11 00 82 7E 7E 80 01 00 05 29 10 78 98 59 63 C8 72 06 15 12 11 00 CD 7E 7E 80 01 00 05 29 10 78 98 59 63 6D D2 06 16 12 11 00 CB 7E 7E 80 01 00 05 29 10 78 98 59 63 47 13 06 17 12 11 00 21 7E 7E 80 01 00 05 29 10 78 98 59 63 26 D2 06 18 12 11 00 8E 7E 7E 80 01 00 05 29 10 78 98 59 63 2B A8 06 19 12 11 00 F8 7E 7E 80 01 00 05 29 10 78 98 59 63 57 22 06 1A 12 11 00 0D 7E 7E 80 01 00 05 29 10 78 98 59 63 A9 0C 06 1B 12 11 00 DC 7E 7E 80 01 00 05 29 10 78 98 59 63 A2 39 06 1C 12 11 00 E5 7E 7E 80 01 00 05 29 10 78 98 59 63 D7 F7 06 1D 12 11 00 5F 7E 7E 80 01 00 05 29 10 78 98 59 63 9B B8 06 1E 12 11 00 5F 7E 7E 80 01 00 05 29 10 78 98 59 63 C8 A8 06 1F 12 11 00 1D 7E 7E 80 01 00 05 29 10 78 98 59 63 6E 2B 06 20 12 11 00 07 7E 7E 80 01 00 05 29 10 78 98 59 63 25 8D 06 21 12 11 00 EB 7E 7E 80 01 00 05 29 10 78 98 59 63 C8 74 06 22 12 11 00 FC 7E 7E 80 01 00 05 29 10 78 98 59 63 BA 43 06 23 12 11 00 B8 7E 7E 80 01 00 05 29 10 78 98 59 63 41 99 06 24 12 11 00 9E 7E 7E 80 01 00 05 29 10 78 98 59 63 17 CF 06 25 12 11 00 9F 7E 7E 80 01 00 05 29 10 78 98 59 63 D9 F0 06 26 12 11 00 6D 7E 7E 80 01 00 05 29 10 78 98 59 63 B0 7D 01 06 27 12 11 00 88 7E 7E 80 01 00 05 29 10 78 98 59 63 2B 47 06 28 12 11 00 26 7E 7E 80 01 00 05 29 10 78 98 59 63 DC 88 06 29 12 11 00 1F 7E 7E 80 01 00 05 29 10 78 98 59 63 C8 A9 06 2A 12 11 00 29 7E 7E 80 01 00 05 29 10 78 98 59 63 14 65 06 2B 12 11 00 38 7E 7E 80 01 00 05 29 10 78 98 59 63 73 74 06 2C 12 11 00 49 7E 7E 80 01 00 05 29 10 78 98 59 63 EC AE 06 2D 12 11 00 0D 7E 7E 80 01 00 05 29 10 78 98 59 63 F1 F8 06 2E 12 11 00 45 7E 7E 80 01 00 05 29 10 78 98 59 63 37 F7 06 2F 12 11 00 8D 7E 7E 80 01 00 05 29 10 78 98 59 63 7A 69 06 30 12 11 00 41 7E 7E 80 01 00 05 29 10 78 98 59 63 81 E7 06 31 12 11 00 35 7E 7E 80 01 00 05 29 10 78 98 59 63 7D 02 D7 06 32 12 11 00 F9 7E 7E 80 01 00 05 29 10 78 98 59 63 95 C7 06 33 12 11 00 03 7E"}
{"ts":"2026-04-10T16:22:37.471Z","level":"INFO","device":"291078985963","event":"MEDIA_RX","detail":"7E 80 01 00 05 29 10 78 98 59 63 5E 9A 06 34 12 11 00 92 7E 7E 80 01 00 05 29 10 78 98 59 63 CA 1C 06 35 12 11 00 81 7E 7E 80 01 00 05 29 10 78 98 59 63 5C B7 06 36 12 11 00 BF 7E 7E 80 01 00 05 29 10 78 98 59 63 63 E7 06 37 12 11 00 D1 7E 7E 80 01 00 05 29 10 78 98 59 63 D6 AA 06 38 12 11 00 26 7E 7E 80 01 00 05 29 10 78 98 59 63 E6 D6 06 39 12 11 00 6B 7E 7E 80 01 00 05 29 10 78 98 59 63 97 DC 06 3A 12 11 00 13 7E 7E 80 01 00 05 29 10 78 98 59 63 21 61 06 3B 12 11 00 19 7E 7E 80 01 00 05 29 10 78 98 59 63 FF 04 06 3C 12 11 00 A5 7E 7E 80 01 00 05 29 10 78 98 59 63 4A 38 06 3D 12 11 00 2D 7E 7E 80 01 00 05 29 10 78 98 59 63 D7 65 06 3E 12 11 00 EE 7E 7E 80 01 00 05 29 10 78 98 59 63 46 FA 06 3F 12 11 00 E1 7E 7E 80 01 00 05 29 10 78 98 59 63 C2 E3 06 40 12 11 00 03 7E 7E 80 01 00 05 29 10 78 98 59 63 F9 A6 06 41 12 11 00 7C 7E 7E 80 01 00 05 29 10 78 98 59 63 7D 02 C4 06 42 12 11 00 9A 7E 7E 80 01 00 05 29 10 78 98 59 63 E7 F5 06 43 12 11 00 33 7E 7E 80 01 00 05 29 10 78 98 59 63 5D 61 06 44 12 11 00 1A 7E 7E 80 01 00 05 29 10 78 98 59 63 31 A0 06 45 12 11 00 B6 7E 7E 80 01 00 05 29 10 78 98 59 63 1E 14 06 46 12 11 00 2E 7E 7E 80 01 00 05 29 10 78 98 59 63 3A F5 06 47 12 11 00 EA 7E 7E 80 01 00 05 29 10 78 98 59 63 9B 62 06 48 12 11 00 D3 7E 7E 80 01 00 05 29 10 78 98 59 63 CF 72 06 49 12 11 00 96 7E 7E 80 01 00 05 29 10 78 98 59 63 C1 07 06 4A 12 11 00 EE 7E 7E 80 01 00 05 29 10 78 98 59 63 27 30 06 4B 12 11 00 3E 7E 7E 80 01 00 05 29 10 78 98 59 63 F3 79 06 4C 12 11 00 A4 7E 7E 80 01 00 05 29 10 78 98 59 63 12 94 06 4D 12 11 00 A9 7E 7E 80 01 00 05 29 10 78 98 59 63 09 BF 06 4E 12 11 00 9A 7E 7E 80 01 00 05 29 10 78 98 59 63 2F 9B 06 4F 12 11 00 99 7E 7E 80 01 00 05 29 10 78 98 59 63 4B 46 06 50 12 11 00 3F 7E 7E 80 01 00 05 29 10 78 98 59 63 3A 25 06 51 12 11 00 2C 7E 7E 80 01 00 05 29 10 78 98 59 63 3B FB 06 52 12 11 00 F0 7E 7E 80 01 00 05 29 10 78 98 59 63 57 5F 06 53 12 11 00 39 7E 7E 80 01 00 05 29 10 78 98 59 63 C6 8A 06 54 12 11 00 7A 7E 7E 80 01 00 05 29 10 78 98 59 63 67 9A 06 55 12 11 00 CA 7E 7E 80 01 00 05 29 10 78 98 59 63 3B 79 06 56 12 11 00 76 7E 7E 80 01 00 05 29 10 78 98 59 63 B5 E2 06 57 12 11 00 62 7E 7E 80 01 00 05 29 10 78 98 59 63 06 9D 06 58 12 11 00 A1 7E 7E 80 01 00 05 29 10 78 98 59 63 C1 65 06 59 12 11 00 9F 7E 7E 80 01 00 05 29 10 78 98 59 63 0C 5C 06 5A 12 11 00 68 7E"}
{"ts":"2026-04-10T16:22:37.674Z","level":"INFO","device":"291078985963","event":"MEDIA_RX","detail":"7E 80 01 00 05 29 10 78 98 59 63 55 04 06 5B 12 11 00 68 7E 7E 80 01 00 05 29 10 78 98 59 63 82 7B 06 5C 12 11 00 C7 7E 7E 80 01 00 05 29 10 78 98 59 63 05 4C 06 5D 12 11 00 76 7E 7E 80 01 00 05 29 10 78 98 59 63 8A 7C 06 5E 12 11 00 CA 7E 7E 80 01 00 05 29 10 78 98 59 63 72 0A 06 5F 12 11 00 45 7E 7E 80 01 00 05 29 10 78 98 59 63 58 EA 06 60 12 11 00 B0 7E 7E 80 01 00 05 29 10 78 98 59 63 C4 64 06 61 12 11 00 A3 7E 7E 80 01 00 05 29 10 78 98 59 63 ED 8C 06 62 12 11 00 61 7E 7E 80 01 00 05 29 10 78 98 59 63 D7 64 06 63 12 11 00 B2 7E 7E 80 01 00 05 29 10 78 98 59 63 55 1D 06 64 12 11 00 4E 7E 7E 80 01 00 05 29 10 78 98 59 63 2B B3 06 65 12 11 00 9F 7E 7E 80 01 00 05 29 10 78 98 59 63 C6 A7 06 66 12 11 00 65 7E 7E 80 01 00 05 29 10 78 98 59 63 0F F9 06 67 12 11 00 F3 7E 7E 80 01 00 05 29 10 78 98 59 63 18 49 06 68 12 11 00 5B 7E 7E 80 01 00 05 29 10 78 98 59 63 6B 05 06 69 12 11 00 65 7E 7E 80 01 00 05 29 10 78 98 59 63 F1 62 06 6A 12 11 00 9B 7E 7E 80 01 00 05 29 10 78 98 59 63 9E F9 06 6B 12 11 00 6E 7E 7E 80 01 00 05 29 10 78 98 59 63 9F 91 06 6C 12 11 00 00 7E 7E 80 01 00 05 29 10 78 98 59 63 FC D8 06 6D 12 11 00 2B 7E 7E 80 01 00 05 29 10 78 98 59 63 79 71 06 6E 12 11 00 04 7E 7E 80 01 00 05 29 10 78 98 59 63 BA A7 06 6F 12 11 00 10 7E 7E 80 01 00 05 29 10 78 98 59 63 C8 8B 06 70 12 11 00 51 7E 7E 80 01 00 05 29 10 78 98 59 63 FD 8C 06 71 12 11 00 62 7E 7E 80 01 00 05 29 10 78 98 59 63 B0 9D 06 72 12 11 00 3D 7E 7E 80 01 00 05 29 10 78 98 59 63 3D 14 06 73 12 11 00 38 7E 7E 80 01 00 05 29 10 78 98 59 63 80 2A 06 74 12 11 00 BC 7E 7E 80 01 00 05 29 10 78 98 59 63 C2 B9 06 75 12 11 00 6C 7E 7E 80 01 00 05 29 10 78 98 59 63 BF 5A 06 76 12 11 00 F1 7E 7E 80 01 00 05 29 10 78 98 59 63 EB F4 06 77 12 11 00 0A 7E 7E 80 01 00 05 29 10 78 98 59 63 2D 3A 06 78 12 11 00 0D 7E 7E 80 01 00 05 29 10 78 98 59 63 BD 98 06 79 12 11 00 3E 7E 7E 80 01 00 05 29 10 78 98 59 63 E6 F2 06 7A 12 11 00 0C 7E 7E 80 01 00 05 29 10 78 98 59 63 11 A1 06 7B 12 11 00 A9 7E 7E 80 01 00 05 29 10 78 98 59 63 98 79 06 7C 12 11 00 FF 7E 7E 80 01 00 05 29 10 78 98 59 63 9B 72 06 7D 01 12 11 00 F6 7E 7E 80 01 00 05 29 10 78 98 59 63 8B 7D 02 06 7D 02 12 11 00 E9 7E"}
{"ts":"2026-04-10T16:22:37.878Z","level":"INFO","device":"291078985963","event":"MEDIA_RX","detail":"7E 80 01 00 05 29 10 78 98 59 63 35 06 06 7F 12 11 00 2E 7E 7E 80 01 00 05 29 10 78 98 59 63 96 EF 06 80 12 11 00 9B 7E 7E 80 01 00 05 29 10 78 98 59 63 E8 9E 06 81 12 11 00 95 7E 7E 80 01 00 05 29 10 78 98 59 63 13 5B 06 82 12 11 00 A8 7E 7E 80 01 00 05 29 10 78 98 59 63 6A 05 06 83 12 11 00 8E 7E 7E 80 01 00 05 29 10 78 98 59 63 98 09 06 84 12 11 00 77 7E 7E 80 01 00 05 29 10 78 98 59 63 A8 C7 06 85 12 11 00 88 7E 7E 80 01 00 05 29 10 78 98 59 63 34 0E 06 86 12 11 00 DE 7E 7E 80 01 00 05 29 10 78 98 59 63 2A 07 06 87 12 11 00 C8 7E 7E 80 01 00 05 29 10 78 98 59 63 44 88 06 88 12 11 00 26 7E 7E 80 01 00 05 29 10 78 98 59 63 B7 27 06 89 12 11 00 7B 7E 7E 80 01 00 05 29 10 78 98 59 63 78 BF 06 8A 12 11 00 2F 7E 7E 80 01 00 05 29 10 78 98 59 63 7B 60 06 8B 12 11 00 F2 7E 7E 80 01 00 05 29 10 78 98 59 63 62 B3 06 8C 12 11 00 3F 7E 7E 80 01 00 05 29 10 78 98 59 63 AA AA 06 8D 12 11 00 EF 7E 7E 80 01 00 05 29 10 78 98 59 63 04 7F 06 8E 12 11 00 97 7E 7E 80 01 00 05 29 10 78 98 59 63 BD 4B 06 8F 12 11 00 1B 7E 7E 80 01 00 05 29 10 78 98 59 63 5E 25 06 90 12 11 00 89 7E 7E 80 01 00 05 29 10 78 98 59 63 AB 81 06 91 12 11 00 D9 7E 7E 80 01 00 05 29 10 78 98 59 63 0E 60 06 92 12 11 00 9E 7E 7E 80 01 00 05 29 10 78 98 59 63 C4 1B 06 93 12 11 00 2E 7E 7E 80 01 00 05 29 10 78 98 59 63 73 32 06 94 12 11 00 B7 7E 7E 80 01 00 05 29 10 78 98 59 63 B7 11 06 95 12 11 00 51 7E 7E 80 01 00 05 29 10 78 98 59 63 E8 96 06 96 12 11 00 8A 7E 7E 80 01 00 05 29 10 78 98 59 63 89 6D 06 97 12 11 00 11 7E 7E 80 01 00 05 29 10 78 98 59 63 0A EC 06 98 12 11 00 1C 7E 7E 80 01 00 05 29 10 78 98 59 63 2C 08 06 99 12 11 00 DF 7E 7E 80 01 00 05 29 10 78 98 59 63 6B 0D 06 9A 12 11 00 9E 7E 7E 80 01 00 05 29 10 78 98 59 63 E0 F9 06 9B 12 11 00 E0 7E 7E 80 01 00 05 29 10 78 98 59 63 A8 27 06 9C 12 11 00 71 7E 7E 80 01 00 05 29 10 78 98 59 63 2C FD 06 9D 12 11 00 2E 7E 7E 80 01 00 05 29 10 78 98 59 63 BF 51 06 9E 12 11 00 12 7E 7E 80 01 00 05 29 10 78 98 59 63 F7 A8 06 9F 12 11 00 A2 7E 7E 80 01 00 05 29 10 78 98 59 63 7A 2E 06 A0 12 11 00 96 7E 7E 80 01 00 05 29 10 78 98 59 63 DE 62 06 A1 12 11 00 7F 7E 7E 80 01 00 05 29 10 78 98 59 63 3E 7D 01 06 A2 12 11 00 83 7E 7E 80 01 00 05 29 10 78 98 59 63 D3 8A 06 A3 12 11 00 98 7E 7E 80 01 00 05 29 10 78 98 59 63 2C AE 06 A4 12 11 00 44 7E"}
{"ts":"2026-04-10T16:22:38.083Z","level":"INFO","device":"291078985963","event":"MEDIA_RX","detail":"7E 80 01 00 05 29 10 78 98 59 63 22 F8 06 A5 12 11 00 1D 7E 7E 80 01 00 05 29 10 78 98 59 63 C7 EA 06 A6 12 11 00 E9 7E 7E 80 01 00 05 29 10 78 98 59 63 0E D7 06 A7 12 11 00 1C 7E 7E 80 01 00 05 29 10 78 98 59 63 53 14 06 A8 12 11 00 8D 7E 7E 80 01 00 05 29 10 78 98 59 63 F3 9A 06 A9 12 11 00 A2 7E 7E 80 01 00 05 29 10 78 98 59 63 0C 76 06 AA 12 11 00 B2 7E 7E 80 01 00 05 29 10 78 98 59 63 8B 23 06 AB 12 11 00 61 7E 7E 80 01 00 05 29 10 78 98 59 63 34 A7 06 AC 12 11 00 5D 7E 7E 80 01 00 05 29 10 78 98 59 63 18 4E 06 AD 12 11 00 99 7E 7E 80 01 00 05 29 10 78 98 59 63 FC F3 06 AE 12 11 00 C3 7E 7E 80 01 00 05 29 10 78 98 59 63 98 A4 06 AF 12 11 00 F1 7E 7E 80 01 00 05 29 10 78 98 59 63 98 0A 06 B0 12 11 00 40 7E 7E 80 01 00 05 29 10 78 98 59 63 57 D9 06 B1 12 11 00 5D 7E 7E 80 01 00 05 29 10 78 98 59 63 12 E6 06 B2 12 11 00 24 7E 7E 80 01 00 05 29 10 78 98 59 63 17 3D 06 B3 12 11 00 FB 7E 7E 80 01 00 05 29 10 78 98 59 63 6D 18 06 B4 12 11 00 A3 7E 7E 80 01 00 05 29 10 78 98 59 63 43 02 06 B5 12 11 00 96 7E 7E 80 01 00 05 29 10 78 98 59 63 78 74 06 B6 12 11 00 D8 7E 7E 80 01 00 05 29 10 78 98 59 63 AC 47 06 B7 12 11 00 3E 7E 7E 80 01 00 05 29 10 78 98 59 63 2E AA 06 B8 12 11 00 5E 7E 7E 80 01 00 05 29 10 78 98 59 63 E6 62 06 B9 12 11 00 5F 7E 7E 80 01 00 05 29 10 78 98 59 63 66 FB 06 BA 12 11 00 45 7E 7E 80 01 00 05 29 10 78 98 59 63 BA 1F 06 BB 12 11 00 7C 7E 7E 80 01 00 05 29 10 78 98 59 63 C7 2F 06 BC 12 11 00 36 7E 7E 80 01 00 05 29 10 78 98 59 63 74 0D 06 BD 12 11 00 A6 7E 7E 80 01 00 05 29 10 78 98 59 63 D3 C3 06 BE 12 11 00 CC 7E 7E 80 01 00 05 29 10 78 98 59 63 7F 2C 06 BF 12 11 00 8E 7E 7E 80 01 00 05 29 10 78 98 59 63 6C D8 06 C0 12 11 00 16 7E 7E 80 01 00 05 29 10 78 98 59 63 3F 58 06 C1 12 11 00 C4 7E 7E 80 01 00 05 29 10 78 98 59 63 79 A1 06 C2 12 11 00 78 7E 7E 80 01 00 05 29 10 78 98 59 63 20 22 06 C3 12 11 00 A3 7E 7E 80 01 00 05 29 10 78 98 59 63 CC CE 06 C4 12 11 00 A4 7E 7E 80 01 00 05 29 10 78 98 59 63 D7 FF 06 C5 12 11 00 8F 7E 7E 80 01 00 05 29 10 78 98 59 63 B0 F0 06 C6 12 11 00 E4 7E 7E 80 01 00 05 29 10 78 98 59 63 8B 15 06 C7 12 11 00 3B 7E 7E 80 01 00 05 29 10 78 98 59 63 C6 35 06 C8 12 11 00 59 7E 7E 80 01 00 05 29 10 78 98 59 63 63 DE 06 C9 12 11 00 16 7E"}
{"ts":"2026-04-10T16:22:38.137Z","level":"INFO","device":"291078985963","event":"SENT_1212","detail":"02_64_6401_03_29107898596300260410162226010200.mp4"}
{"ts":"2026-04-10T16:22:38.341Z","level":"INFO","device":"291078985963","event":"MEDIA_RX","detail":"7E 80 01 00 05 29 10 78 98 59 63 01 70 06 CA 12 11 00 D9 7E 7E 80 01 00 05 29 10 78 98 59 63 E1 FA 06 CB 12 11 00 B2 7E 7E 80 01 00 05 29 10 78 98 59 63 E4 42 06 CC 12 11 00 08 7E 7E 80 01 00 05 29 10 78 98 59 63 04 D4 06 CD 12 11 00 7F 7E 7E 80 01 00 05 29 10 78 98 59 63 51 3E 06 CE 12 11 00 C3 7E 7E 80 01 00 05 29 10 78 98 59 63 30 16 06 CF 12 11 00 8B 7E 7E 80 01 00 05 29 10 78 98 59 63 3D C4 06 D0 12 11 00 4B 7E 7E 80 01 00 05 29 10 78 98 59 63 85 C9 06 D1 12 11 00 FF 7E 7E 80 01 00 05 29 10 78 98 59 63 41 0B 06 D2 12 11 00 FA 7E 7E 80 01 00 05 29 10 78 98 59 63 41 EA 06 D3 12 11 00 1A 7E 7E 80 01 00 05 29 10 78 98 59 63 86 39 06 D4 12 11 00 09 7E"}
{"ts":"2026-04-10T16:22:38.438Z","level":"INFO","device":"291078985963","event":"BATCH_COMPLETE","detail":"All 2 files sent"}
{"ts":"2026-04-10T16:22:38.853Z","level":"ERROR","device":"291078985963","event":"MEDIA_ERROR","detail":"54.37.225.65:3378 — read ECONNRESET"}
{"ts":"2026-04-10T16:22:38.853Z","level":"INFO","device":"291078985963","event":"MEDIA_CLOSED","detail":""}
{"ts":"2026-04-10T16:22:56.786Z","level":"INFO","device":"291078985963","event":"HEARTBEAT_SENT","detail":"0x0002"}
{"ts":"2026-04-10T16:22:56.995Z","level":"INFO","device":"291078985963","event":"SERVER_ACK","detail":"0x8001 Universal Reply Received"}
{"ts":"2026-04-10T16:23:26.869Z","level":"INFO","device":"291078985963","event":"OBD2_SENT_0x0200","detail":"Lat: 51.725606, Lng: 0.495998 | Speed: 44km/h | RPM: 2547"}
{"ts":"2026-04-10T16:23:26.872Z","level":"INFO","device":"291078985963","event":"GPS_SENT","detail":""}
{"ts":"2026-04-10T16:23:26.872Z","level":"INFO","device":"291078985963","event":"HEARTBEAT_SENT","detail":"0x0002"}
{"ts":"2026-04-10T16:23:27.077Z","level":"ERROR","device":"291078985963","event":"SOCKET_ERROR","detail":"ECONNREFUSED"}
{"ts":"2026-04-10T16:23:27.085Z","level":"INFO","device":"291078985963","event":"SERVER_ACK","detail":"0x8001 Universal Reply Received"}
{"ts":"2026-04-10T16:23:27.087Z","level":"INFO","device":"291078985963","event":"RX_MSG","detail":"0x8001 bodyLen=5"}
{"ts":"2026-04-10T16:23:27.087Z","level":"INFO","device":"291078985963","event":"SERVER_ACK","detail":"0x0200 result=OK"}
{"ts":"2026-04-10T16:23:27.424Z","level":"INFO","device":"291078985963","event":"SERVER_ACK","detail":"0x8001 Universal Reply Received"}
{"ts":"2026-04-10T16:23:56.901Z","level":"INFO","device":"291078985963","event":"HEARTBEAT_SENT","detail":"0x0002"}
{"ts":"2026-04-10T16:23:57.110Z","level":"INFO","device":"291078985963","event":"SERVER_ACK","detail":"0x8001 Universal Reply Received"}
{"ts":"2026-04-10T16:24:26.824Z","level":"INFO","device":"291078985963","event":"OBD2_SENT_0x0200","detail":"Lat: 51.723997, Lng: 0.496381 | Speed: 44km/h | RPM: 2547"}
{"ts":"2026-04-10T16:24:26.873Z","level":"INFO","device":"291078985963","event":"GPS_SENT","detail":""}
{"ts":"2026-04-10T16:24:26.901Z","level":"INFO","device":"291078985963","event":"HEARTBEAT_SENT","detail":"0x0002"}
{"ts":"2026-04-10T16:24:27.032Z","level":"INFO","device":"291078985963","event":"SERVER_ACK","detail":"0x8001 Universal Reply Received"}
{"ts":"2026-04-10T16:24:27.075Z","level":"ERROR","device":"291078985963","event":"SOCKET_ERROR","detail":"ECONNREFUSED"}
{"ts":"2026-04-10T16:24:27.080Z","level":"INFO","device":"291078985963","event":"RX_MSG","detail":"0x8001 bodyLen=5"}
{"ts":"2026-04-10T16:24:27.080Z","level":"INFO","device":"291078985963","event":"SERVER_ACK","detail":"0x0200 result=OK"}
{"ts":"2026-04-10T16:24:27.377Z","level":"INFO","device":"291078985963","event":"SERVER_ACK","detail":"0x8001 Universal Reply Received"}
{"ts":"2026-04-10T16:24:56.924Z","level":"INFO","device":"291078985963","event":"HEARTBEAT_SENT","detail":"0x0002"}
{"ts":"2026-04-10T16:24:57.133Z","level":"INFO","device":"291078985963","event":"SERVER_ACK","detail":"0x8001 Universal Reply Received"}
{"ts":"2026-04-10T16:25:26.854Z","level":"INFO","device":"291078985963","event":"OBD2_SENT_0x0200","detail":"Lat: 51.722527, Lng: 0.496937 | Speed: 40km/h | RPM: 2396"}
{"ts":"2026-04-10T16:25:26.870Z","level":"INFO","device":"291078985963","event":"DTC_SENT_0x0900","detail":"Injected Fault Code: C1234"}
{"ts":"2026-04-10T16:25:26.874Z","level":"INFO","device":"291078985963","event":"GPS_SENT","detail":""}
{"ts":"2026-04-10T16:25:26.925Z","level":"INFO","device":"291078985963","event":"HEARTBEAT_SENT","detail":"0x0002"}
{"ts":"2026-04-10T16:25:27.067Z","level":"INFO","device":"291078985963","event":"SERVER_ACK","detail":"0x8001 Universal Reply Received"}
{"ts":"2026-04-10T16:25:27.083Z","level":"ERROR","device":"291078985963","event":"SOCKET_ERROR","detail":"ECONNREFUSED"}
{"ts":"2026-04-10T16:25:27.087Z","level":"INFO","device":"291078985963","event":"RX_MSG","detail":"0x8001 bodyLen=5"}
{"ts":"2026-04-10T16:25:27.087Z","level":"INFO","device":"291078985963","event":"SERVER_ACK","detail":"0x0200 result=OK"}
{"ts":"2026-04-10T16:25:27.394Z","level":"INFO","device":"291078985963","event":"SERVER_ACK","detail":"0x8001 Universal Reply Received"}
{"ts":"2026-04-10T16:25:56.954Z","level":"INFO","device":"291078985963","event":"HEARTBEAT_SENT","detail":"0x0002"}
{"ts":"2026-04-10T16:25:57.160Z","level":"INFO","device":"291078985963","event":"SERVER_ACK","detail":"0x8001 Universal Reply Received"}
{"ts":"2026-04-10T16:26:26.884Z","level":"INFO","device":"291078985963","event":"OBD2_SENT_0x0200","detail":"Lat: 51.721272, Lng: 0.497597 | Speed: 35km/h | RPM: 2202"}
{"ts":"2026-04-10T16:26:26.885Z","level":"INFO","device":"291078985963","event":"GPS_SENT","detail":""}
{"ts":"2026-04-10T16:26:26.954Z","level":"INFO","device":"291078985963","event":"HEARTBEAT_SENT","detail":"0x0002"}
{"ts":"2026-04-10T16:26:27.091Z","level":"ERROR","device":"291078985963","event":"SOCKET_ERROR","detail":"ECONNREFUSED"}
{"ts":"2026-04-10T16:26:27.095Z","level":"INFO","device":"291078985963","event":"SERVER_ACK","detail":"0x8001 Universal Reply Received"}
{"ts":"2026-04-10T16:26:27.097Z","level":"INFO","device":"291078985963","event":"RX_MSG","detail":"0x8001 bodyLen=5"}
{"ts":"2026-04-10T16:26:27.097Z","level":"INFO","device":"291078985963","event":"SERVER_ACK","detail":"0x0200 result=OK"}
{"ts":"2026-04-10T16:26:27.424Z","level":"INFO","device":"291078985963","event":"SERVER_ACK","detail":"0x8001 Universal Reply Received"}
{"ts":"2026-04-10T16:26:56.983Z","level":"INFO","device":"291078985963","event":"HEARTBEAT_SENT","detail":"0x0002"}
{"ts":"2026-04-10T16:26:57.194Z","level":"INFO","device":"291078985963","event":"SERVER_ACK","detail":"0x8001 Universal Reply Received"}
{"ts":"2026-04-10T16:27:26.914Z","level":"INFO","device":"291078985963","event":"OBD2_SENT_0x0200","detail":"Lat: 51.720170, Lng: 0.498344 | Speed: 31km/h | RPM: 2055"}
{"ts":"2026-04-10T16:27:26.914Z","level":"INFO","device":"291078985963","event":"GPS_SENT","detail":""}
{"ts":"2026-04-10T16:27:26.984Z","level":"INFO","device":"291078985963","event":"HEARTBEAT_SENT","detail":"0x0002"}
{"ts":"2026-04-10T16:27:27.102Z","level":"ERROR","device":"291078985963","event":"SOCKET_ERROR","detail":"ECONNREFUSED"}
{"ts":"2026-04-10T16:27:27.126Z","level":"INFO","device":"291078985963","event":"RX_MSG","detail":"0x8001 bodyLen=5"}
{"ts":"2026-04-10T16:27:27.126Z","level":"INFO","device":"291078985963","event":"SERVER_ACK","detail":"0x0200 result=OK"}
{"ts":"2026-04-10T16:27:27.131Z","level":"INFO","device":"291078985963","event":"SERVER_ACK","detail":"0x8001 Universal Reply Received"}
{"ts":"2026-04-10T16:27:27.449Z","level":"INFO","device":"291078985963","event":"SERVER_ACK","detail":"0x8001 Universal Reply Received"}
{"ts":"2026-04-10T16:27:57.016Z","level":"INFO","device":"291078985963","event":"HEARTBEAT_SENT","detail":"0x0002"}
{"ts":"2026-04-10T16:27:57.222Z","level":"INFO","device":"291078985963","event":"SERVER_ACK","detail":"0x8001 Universal Reply Received"}
{"ts":"2026-04-10T16:28:26.944Z","level":"INFO","device":"291078985963","event":"OBD2_SENT_0x0200","detail":"Lat: 51.719261, Lng: 0.499177 | Speed: 28km/h | RPM: 1928"}
{"ts":"2026-04-10T16:28:26.945Z","level":"INFO","device":"291078985963","event":"GPS_SENT","detail":""}
{"ts":"2026-04-10T16:28:27.016Z","level":"INFO","device":"291078985963","event":"HEARTBEAT_SENT","detail":"0x0002"}
{"ts":"2026-04-10T16:28:27.135Z","level":"ERROR","device":"291078985963","event":"SOCKET_ERROR","detail":"ECONNREFUSED"}
{"ts":"2026-04-10T16:28:27.152Z","level":"INFO","device":"291078985963","event":"RX_MSG","detail":"0x8001 bodyLen=5"}
{"ts":"2026-04-10T16:28:27.152Z","level":"INFO","device":"291078985963","event":"SERVER_ACK","detail":"0x0200 result=OK"}
{"ts":"2026-04-10T16:28:27.154Z","level":"INFO","device":"291078985963","event":"SERVER_ACK","detail":"0x8001 Universal Reply Received"}
{"ts":"2026-04-10T16:28:27.488Z","level":"INFO","device":"291078985963","event":"SERVER_ACK","detail":"0x8001 Universal Reply Received"}
{"ts":"2026-04-10T16:28:57.045Z","level":"INFO","device":"291078985963","event":"HEARTBEAT_SENT","detail":"0x0002"}
{"ts":"2026-04-10T16:28:57.259Z","level":"INFO","device":"291078985963","event":"SERVER_ACK","detail":"0x8001 Universal Reply Received"}
{"ts":"2026-04-10T16:29:26.974Z","level":"INFO","device":"291078985963","event":"OBD2_SENT_0x0200","detail":"Lat: 51.718553, Lng: 0.500021 | Speed: 24km/h | RPM: 1741"}
{"ts":"2026-04-10T16:29:26.975Z","level":"INFO","device":"291078985963","event":"GPS_SENT","detail":""}
{"ts":"2026-04-10T16:29:27.045Z","level":"INFO","device":"291078985963","event":"HEARTBEAT_SENT","detail":"0x0002"}
{"ts":"2026-04-10T16:29:27.180Z","level":"ERROR","device":"291078985963","event":"SOCKET_ERROR","detail":"ECONNREFUSED"}
{"ts":"2026-04-10T16:29:27.183Z","level":"INFO","device":"291078985963","event":"RX_MSG","detail":"0x8001 bodyLen=5"}
{"ts":"2026-04-10T16:29:27.183Z","level":"INFO","device":"291078985963","event":"SERVER_ACK","detail":"0x0200 result=OK"}
{"ts":"2026-04-10T16:29:27.185Z","level":"INFO","device":"291078985963","event":"SERVER_ACK","detail":"0x8001 Universal Reply Received"}
{"ts":"2026-04-10T16:29:27.536Z","level":"INFO","device":"291078985963","event":"SERVER_ACK","detail":"0x8001 Universal Reply Received"}
{"ts":"2026-04-10T16:29:57.075Z","level":"INFO","device":"291078985963","event":"HEARTBEAT_SENT","detail":"0x0002"}
{"ts":"2026-04-10T16:29:57.289Z","level":"INFO","device":"291078985963","event":"SERVER_ACK","detail":"0x8001 Universal Reply Received"}
{"ts":"2026-04-10T16:30:27.004Z","level":"INFO","device":"291078985963","event":"OBD2_SENT_0x0200","detail":"Lat: 51.717865, Lng: 0.501070 | Speed: 25km/h | RPM: 1810"}
{"ts":"2026-04-10T16:30:27.004Z","level":"INFO","device":"291078985963","event":"GPS_SENT","detail":""}
{"ts":"2026-04-10T16:30:27.075Z","level":"INFO","device":"291078985963","event":"HEARTBEAT_SENT","detail":"0x0002"}
{"ts":"2026-04-10T16:30:27.210Z","level":"ERROR","device":"291078985963","event":"SOCKET_ERROR","detail":"ECONNREFUSED"}
{"ts":"2026-04-10T16:30:27.212Z","level":"INFO","device":"291078985963","event":"RX_MSG","detail":"0x8001 bodyLen=5"}
{"ts":"2026-04-10T16:30:27.212Z","level":"INFO","device":"291078985963","event":"SERVER_ACK","detail":"0x0200 result=OK"}
{"ts":"2026-04-10T16:30:27.215Z","level":"INFO","device":"291078985963","event":"SERVER_ACK","detail":"0x8001 Universal Reply Received"}
{"ts":"2026-04-10T16:30:27.548Z","level":"INFO","device":"291078985963","event":"SERVER_ACK","detail":"0x8001 Universal Reply Received"}
{"ts":"2026-04-10T16:30:57.105Z","level":"INFO","device":"291078985963","event":"HEARTBEAT_SENT","detail":"0x0002"}
{"ts":"2026-04-10T16:30:57.318Z","level":"INFO","device":"291078985963","event":"SERVER_ACK","detail":"0x8001 Universal Reply Received"}
{"ts":"2026-04-10T16:31:27.032Z","level":"INFO","device":"291078985963","event":"OBD2_SENT_0x0200","detail":"Lat: 51.717164, Lng: 0.502484 | Speed: 30km/h | RPM: 2002"}
{"ts":"2026-04-10T16:31:27.033Z","level":"INFO","device":"291078985963","event":"GPS_SENT","detail":""}
{"ts":"2026-04-10T16:31:27.105Z","level":"INFO","device":"291078985963","event":"HEARTBEAT_SENT","detail":"0x0002"}
{"ts":"2026-04-10T16:31:27.239Z","level":"ERROR","device":"291078985963","event":"SOCKET_ERROR","detail":"ECONNREFUSED"}
{"ts":"2026-04-10T16:31:27.241Z","level":"INFO","device":"291078985963","event":"SERVER_ACK","detail":"0x8001 Universal Reply Received"}
{"ts":"2026-04-10T16:31:27.242Z","level":"INFO","device":"291078985963","event":"RX_MSG","detail":"0x8001 bodyLen=5"}
{"ts":"2026-04-10T16:31:27.242Z","level":"INFO","device":"291078985963","event":"SERVER_ACK","detail":"0x0200 result=OK"}
{"ts":"2026-04-10T16:31:27.581Z","level":"INFO","device":"291078985963","event":"SERVER_ACK","detail":"0x8001 Universal Reply Received"}
{"ts":"2026-04-10T16:31:57.136Z","level":"INFO","device":"291078985963","event":"HEARTBEAT_SENT","detail":"0x0002"}
{"ts":"2026-04-10T16:31:57.345Z","level":"INFO","device":"291078985963","event":"SERVER_ACK","detail":"0x8001 Universal Reply Received"}
{"ts":"2026-04-10T16:32:27.062Z","level":"INFO","device":"291078985963","event":"OBD2_SENT_0x0200","detail":"Lat: 51.716594, Lng: 0.503816 | Speed: 27km/h | RPM: 1871"}
{"ts":"2026-04-10T16:32:27.062Z","level":"INFO","device":"291078985963","event":"GPS_SENT","detail":""}
{"ts":"2026-04-10T16:32:27.137Z","level":"INFO","device":"291078985963","event":"HEARTBEAT_SENT","detail":"0x0002"}
{"ts":"2026-04-10T16:32:27.267Z","level":"ERROR","device":"291078985963","event":"SOCKET_ERROR","detail":"ECONNREFUSED"}
{"ts":"2026-04-10T16:32:27.269Z","level":"INFO","device":"291078985963","event":"RX_MSG","detail":"0x8001 bodyLen=5"}
{"ts":"2026-04-10T16:32:27.269Z","level":"INFO","device":"291078985963","event":"SERVER_ACK","detail":"0x0200 result=OK"}
{"ts":"2026-04-10T16:32:27.275Z","level":"INFO","device":"291078985963","event":"SERVER_ACK","detail":"0x8001 Universal Reply Received"}
{"ts":"2026-04-10T16:32:27.597Z","level":"INFO","device":"291078985963","event":"SERVER_ACK","detail":"0x8001 Universal Reply Received"}
{"ts":"2026-04-10T16:32:57.150Z","level":"INFO","device":"291078985963","event":"HEARTBEAT_SENT","detail":"0x0002"}
{"ts":"2026-04-10T16:32:57.357Z","level":"INFO","device":"291078985963","event":"SERVER_ACK","detail":"0x8001 Universal Reply Received"}
{"ts":"2026-04-10T16:33:27.091Z","level":"INFO","device":"291078985963","event":"OBD2_SENT_0x0200","detail":"Lat: 51.716061, Lng: 0.505335 | Speed: 29km/h | RPM: 1960"}
{"ts":"2026-04-10T16:33:27.091Z","level":"INFO","device":"291078985963","event":"GPS_SENT","detail":""}
{"ts":"2026-04-10T16:33:27.151Z","level":"INFO","device":"291078985963","event":"HEARTBEAT_SENT","detail":"0x0002"}
{"ts":"2026-04-10T16:33:27.297Z","level":"ERROR","device":"291078985963","event":"SOCKET_ERROR","detail":"ECONNREFUSED"}
{"ts":"2026-04-10T16:33:27.308Z","level":"INFO","device":"291078985963","event":"SERVER_ACK","detail":"0x8001 Universal Reply Received"}
{"ts":"2026-04-10T16:33:27.309Z","level":"INFO","device":"291078985963","event":"RX_MSG","detail":"0x8001 bodyLen=5"}
{"ts":"2026-04-10T16:33:27.309Z","level":"INFO","device":"291078985963","event":"SERVER_ACK","detail":"0x0200 result=OK"}
{"ts":"2026-04-10T16:33:27.622Z","level":"INFO","device":"291078985963","event":"SERVER_ACK","detail":"0x8001 Universal Reply Received"}
{"ts":"2026-04-10T16:33:57.179Z","level":"INFO","device":"291078985963","event":"HEARTBEAT_SENT","detail":"0x0002"}
{"ts":"2026-04-10T16:33:57.387Z","level":"INFO","device":"291078985963","event":"SERVER_ACK","detail":"0x8001 Universal Reply Received"}
{"ts":"2026-04-10T16:34:27.121Z","level":"INFO","device":"291078985963","event":"OBD2_SENT_0x0200","detail":"Lat: 51.715655, Lng: 0.506757 | Speed: 26km/h | RPM: 1835"}
{"ts":"2026-04-10T16:34:27.122Z","level":"INFO","device":"291078985963","event":"GPS_SENT","detail":""}
{"ts":"2026-04-10T16:34:27.179Z","level":"INFO","device":"291078985963","event":"HEARTBEAT_SENT","detail":"0x0002"}
{"ts":"2026-04-10T16:34:27.327Z","level":"ERROR","device":"291078985963","event":"SOCKET_ERROR","detail":"ECONNREFUSED"}
{"ts":"2026-04-10T16:34:27.329Z","level":"INFO","device":"291078985963","event":"RX_MSG","detail":"0x8001 bodyLen=5"}
{"ts":"2026-04-10T16:34:27.330Z","level":"INFO","device":"291078985963","event":"SERVER_ACK","detail":"0x0200 result=OK"}
{"ts":"2026-04-10T16:34:27.331Z","level":"INFO","device":"291078985963","event":"SERVER_ACK","detail":"0x8001 Universal Reply Received"}
{"ts":"2026-04-10T16:34:27.661Z","level":"INFO","device":"291078985963","event":"SERVER_ACK","detail":"0x8001 Universal Reply Received"}
{"ts":"2026-04-10T16:34:57.209Z","level":"INFO","device":"291078985963","event":"HEARTBEAT_SENT","detail":"0x0002"}
{"ts":"2026-04-10T16:34:57.420Z","level":"INFO","device":"291078985963","event":"SERVER_ACK","detail":"0x8001 Universal Reply Received"}
{"ts":"2026-04-10T16:35:27.151Z","level":"INFO","device":"291078985963","event":"OBD2_SENT_0x0200","detail":"Lat: 51.715289, Lng: 0.508049 | Speed: 24km/h | RPM: 1741"}
{"ts":"2026-04-10T16:35:27.152Z","level":"INFO","device":"291078985963","event":"GPS_SENT","detail":""}
{"ts":"2026-04-10T16:35:27.210Z","level":"INFO","device":"291078985963","event":"HEARTBEAT_SENT","detail":"0x0002"}
{"ts":"2026-04-10T16:35:27.357Z","level":"ERROR","device":"291078985963","event":"SOCKET_ERROR","detail":"ECONNREFUSED"}
{"ts":"2026-04-10T16:35:27.359Z","level":"INFO","device":"291078985963","event":"RX_MSG","detail":"0x8001 bodyLen=5"}
{"ts":"2026-04-10T16:35:27.360Z","level":"INFO","device":"291078985963","event":"SERVER_ACK","detail":"0x0200 result=OK"}
{"ts":"2026-04-10T16:35:27.361Z","level":"INFO","device":"291078985963","event":"SERVER_ACK","detail":"0x8001 Universal Reply Received"}
{"ts":"2026-04-10T16:35:27.699Z","level":"INFO","device":"291078985963","event":"SERVER_ACK","detail":"0x8001 Universal Reply Received"}
{"ts":"2026-04-10T16:35:57.217Z","level":"INFO","device":"291078985963","event":"HEARTBEAT_SENT","detail":"0x0002"}
{"ts":"2026-04-10T16:35:57.427Z","level":"INFO","device":"291078985963","event":"SERVER_ACK","detail":"0x8001 Universal Reply Received"}
{"ts":"2026-04-10T16:36:27.181Z","level":"INFO","device":"291078985963","event":"OBD2_SENT_0x0200","detail":"Lat: 51.714941, Lng: 0.509675 | Speed: 28km/h | RPM: 1938"}
{"ts":"2026-04-10T16:36:27.182Z","level":"INFO","device":"291078985963","event":"GPS_SENT","detail":""}
{"ts":"2026-04-10T16:36:27.218Z","level":"INFO","device":"291078985963","event":"HEARTBEAT_SENT","detail":"0x0002"}
{"ts":"2026-04-10T16:36:27.386Z","level":"ERROR","device":"291078985963","event":"SOCKET_ERROR","detail":"ECONNREFUSED"}
{"ts":"2026-04-10T16:36:27.388Z","level":"INFO","device":"291078985963","event":"RX_MSG","detail":"0x8001 bodyLen=5"}
{"ts":"2026-04-10T16:36:27.389Z","level":"INFO","device":"291078985963","event":"SERVER_ACK","detail":"0x0200 result=OK"}
{"ts":"2026-04-10T16:36:27.392Z","level":"INFO","device":"291078985963","event":"SERVER_ACK","detail":"0x8001 Universal Reply Received"}
{"ts":"2026-04-10T16:36:27.723Z","level":"INFO","device":"291078985963","event":"SERVER_ACK","detail":"0x8001 Universal Reply Received"}
{"ts":"2026-04-10T16:36:57.247Z","level":"INFO","device":"291078985963","event":"HEARTBEAT_SENT","detail":"0x0002"}
{"ts":"2026-04-10T16:36:57.455Z","level":"INFO","device":"291078985963","event":"SERVER_ACK","detail":"0x8001 Universal Reply Received"}
{"ts":"2026-04-10T16:37:27.211Z","level":"INFO","device":"291078985963","event":"OBD2_SENT_0x0200","detail":"Lat: 51.714654, Lng: 0.511017 | Speed: 23km/h | RPM: 1739"}
{"ts":"2026-04-10T16:37:27.212Z","level":"INFO","device":"291078985963","event":"GPS_SENT","detail":""}
{"ts":"2026-04-10T16:37:27.247Z","level":"INFO","device":"291078985963","event":"HEARTBEAT_SENT","detail":"0x0002"}
{"ts":"2026-04-10T16:37:27.400Z","level":"ERROR","device":"291078985963","event":"SOCKET_ERROR","detail":"ECONNREFUSED"}
{"ts":"2026-04-10T16:37:27.420Z","level":"INFO","device":"291078985963","event":"RX_MSG","detail":"0x8001 bodyLen=5"}
{"ts":"2026-04-10T16:37:27.421Z","level":"INFO","device":"291078985963","event":"SERVER_ACK","detail":"0x0200 result=OK"}
{"ts":"2026-04-10T16:37:27.421Z","level":"INFO","device":"291078985963","event":"SERVER_ACK","detail":"0x8001 Universal Reply Received"}
{"ts":"2026-04-10T16:37:27.743Z","level":"INFO","device":"291078985963","event":"SERVER_ACK","detail":"0x8001 Universal Reply Received"}
{"ts":"2026-04-10T16:37:57.277Z","level":"INFO","device":"291078985963","event":"HEARTBEAT_SENT","detail":"0x0002"}
{"ts":"2026-04-10T16:37:57.483Z","level":"INFO","device":"291078985963","event":"SERVER_ACK","detail":"0x8001 Universal Reply Received"}
{"ts":"2026-04-10T16:38:27.242Z","level":"INFO","device":"291078985963","event":"OBD2_SENT_0x0200","detail":"Lat: 51.714342, Lng: 0.512603 | Speed: 28km/h | RPM: 1910"}
{"ts":"2026-04-10T16:38:27.243Z","level":"INFO","device":"291078985963","event":"GPS_SENT","detail":""}
{"ts":"2026-04-10T16:38:27.277Z","level":"INFO","device":"291078985963","event":"HEARTBEAT_SENT","detail":"0x0002"}
{"ts":"2026-04-10T16:38:27.431Z","level":"ERROR","device":"291078985963","event":"SOCKET_ERROR","detail":"ECONNREFUSED"}
{"ts":"2026-04-10T16:38:27.451Z","level":"INFO","device":"291078985963","event":"RX_MSG","detail":"0x8001 bodyLen=5"}
{"ts":"2026-04-10T16:38:27.451Z","level":"INFO","device":"291078985963","event":"SERVER_ACK","detail":"0x0200 result=OK"}
{"ts":"2026-04-10T16:38:27.455Z","level":"INFO","device":"291078985963","event":"SERVER_ACK","detail":"0x8001 Universal Reply Received"}
{"ts":"2026-04-10T16:38:27.780Z","level":"INFO","device":"291078985963","event":"SERVER_ACK","detail":"0x8001 Universal Reply Received"}
{"ts":"2026-04-10T16:38:57.306Z","level":"INFO","device":"291078985963","event":"HEARTBEAT_SENT","detail":"0x0002"}
{"ts":"2026-04-10T16:38:57.512Z","level":"INFO","device":"291078985963","event":"SERVER_ACK","detail":"0x8001 Universal Reply Received"}
{"ts":"2026-04-10T16:39:27.270Z","level":"INFO","device":"291078985963","event":"OBD2_SENT_0x0200","detail":"Lat: 51.714090, Lng: 0.514369 | Speed: 30km/h | RPM: 1998"}
{"ts":"2026-04-10T16:39:27.271Z","level":"INFO","device":"291078985963","event":"GPS_SENT","detail":""}
{"ts":"2026-04-10T16:39:27.306Z","level":"INFO","device":"291078985963","event":"HEARTBEAT_SENT","detail":"0x0002"}
{"ts":"2026-04-10T16:39:27.458Z","level":"ERROR","device":"291078985963","event":"SOCKET_ERROR","detail":"ECONNREFUSED"}
{"ts":"2026-04-10T16:39:27.481Z","level":"INFO","device":"291078985963","event":"RX_MSG","detail":"0x8001 bodyLen=5"}
{"ts":"2026-04-10T16:39:27.481Z","level":"INFO","device":"291078985963","event":"SERVER_ACK","detail":"0x0200 result=OK"}
{"ts":"2026-04-10T16:39:27.481Z","level":"INFO","device":"291078985963","event":"SERVER_ACK","detail":"0x8001 Universal Reply Received"}
{"ts":"2026-04-10T16:39:27.815Z","level":"INFO","device":"291078985963","event":"SERVER_ACK","detail":"0x8001 Universal Reply Received"}
{"ts":"2026-04-10T16:39:57.336Z","level":"INFO","device":"291078985963","event":"HEARTBEAT_SENT","detail":"0x0002"}
{"ts":"2026-04-10T16:39:57.541Z","level":"INFO","device":"291078985963","event":"SERVER_ACK","detail":"0x8001 Universal Reply Received"}
{"ts":"2026-04-10T16:40:27.284Z","level":"INFO","device":"291078985963","event":"OBD2_SENT_0x0200","detail":"Lat: 51.713807, Lng: 0.516348 | Speed: 34km/h | RPM: 2143"}
{"ts":"2026-04-10T16:40:27.285Z","level":"INFO","device":"291078985963","event":"GPS_SENT","detail":""}
{"ts":"2026-04-10T16:40:27.286Z","level":"INFO","device":"291078985963","event":"INCIDENT_SENT","detail":"mediaId=2 alarmId=29107898596300260410164027020200"}
{"ts":"2026-04-10T16:40:27.336Z","level":"INFO","device":"291078985963","event":"HEARTBEAT_SENT","detail":"0x0002"}
{"ts":"2026-04-10T16:40:27.490Z","level":"ERROR","device":"291078985963","event":"SOCKET_ERROR","detail":"ECONNREFUSED"}
{"ts":"2026-04-10T16:40:27.494Z","level":"INFO","device":"291078985963","event":"RX_MSG","detail":"0x8001 bodyLen=5"}
{"ts":"2026-04-10T16:40:27.494Z","level":"INFO","device":"291078985963","event":"SERVER_ACK","detail":"0x0200 result=OK"}
{"ts":"2026-04-10T16:40:27.497Z","level":"INFO","device":"291078985963","event":"SERVER_ACK","detail":"0x8001 Universal Reply Received"}
{"ts":"2026-04-10T16:40:27.820Z","level":"INFO","device":"291078985963","event":"SERVER_ACK","detail":"0x8001 Universal Reply Received"}
{"ts":"2026-04-10T16:40:27.821Z","level":"INFO","device":"291078985963","event":"RX_MSG","detail":"0x8001 bodyLen=5"}
{"ts":"2026-04-10T16:40:27.821Z","level":"INFO","device":"291078985963","event":"SERVER_ACK","detail":"0x0200 result=OK"}
{"ts":"2026-04-10T16:40:27.821Z","level":"INFO","device":"291078985963","event":"RX_MSG","detail":"0x8001 bodyLen=5"}
{"ts":"2026-04-10T16:40:27.821Z","level":"INFO","device":"291078985963","event":"SERVER_ACK","detail":"0x0800 result=OK"}
{"ts":"2026-04-10T16:40:27.821Z","level":"INFO","device":"291078985963","event":"RX_MSG","detail":"0x9208 bodyLen=81"}
{"ts":"2026-04-10T16:40:27.821Z","level":"INFO","device":"291078985963","event":"9208_RAW","detail":"0C35342E33372E3232352E36350D32000029107898596300260410164027020200323931303738393835393633303032363034313031363430323730323032303000000000000000000000000000000000"}
{"ts":"2026-04-10T16:40:27.822Z","level":"INFO","device":"291078985963","event":"UPLOAD_TRIGGERED","detail":"media: 54.37.225.65:3378 | alarmId: 29107898596300260410164027020200"}
{"ts":"2026-04-10T16:40:27.822Z","level":"INFO","device":"291078985963","event":"MEDIA_CONNECTING","detail":"54.37.225.65:3378 files=2"}
{"ts":"2026-04-10T16:40:28.035Z","level":"INFO","device":"291078985963","event":"MEDIA_CONNECTED","detail":"54.37.225.65:3378"}
{"ts":"2026-04-10T16:40:28.035Z","level":"INFO","device":"291078985963","event":"FILE_START","detail":"[1/2] 00_64_6401_00_29107898596300260410164027020200.jpg (215 bytes)"}
{"ts":"2026-04-10T16:40:28.035Z","level":"INFO","device":"291078985963","event":"SENT_1210","detail":"00_64_6401_00_29107898596300260410164027020200.jpg"}
{"ts":"2026-04-10T16:40:28.249Z","level":"INFO","device":"291078985963","event":"MEDIA_RX","detail":"7E 80 01 00 05 29 10 78 98 59 63 A4 9F 00 00 12 10 00 5E 7E"}
{"ts":"2026-04-10T16:40:28.342Z","level":"INFO","device":"291078985963","event":"SENT_1212","detail":"00_64_6401_00_29107898596300260410164027020200.jpg"}
{"ts":"2026-04-10T16:40:28.458Z","level":"INFO","device":"291078985963","event":"MEDIA_RX","detail":"7E 80 01 00 05 29 10 78 98 59 63 52 70 00 01 12 11 00 47 7E"}
{"ts":"2026-04-10T16:40:28.642Z","level":"INFO","device":"291078985963","event":"FILE_START","detail":"[2/2] 02_64_6401_03_29107898596300260410164027020200.mp4 (1570024 bytes)"}
{"ts":"2026-04-10T16:40:28.643Z","level":"INFO","device":"291078985963","event":"SENT_1210","detail":"02_64_6401_03_29107898596300260410164027020200.mp4"}
{"ts":"2026-04-10T16:40:28.796Z","level":"INFO","device":"291078985963","event":"MEDIA_RX","detail":"7E 92 12 00 36 29 10 78 98 59 63 CD DB 32 30 30 5F 36 34 5F 36 34 30 31 5F 30 30 5F 32 39 31 30 37 38 39 38 35 39 36 33 30 30 32 36 30 34 31 30 31 36 34 30 32 37 30 32 30 32 30 30 2E 6A 70 67 00 00 00 29 7E"}
{"ts":"2026-04-10T16:40:29.010Z","level":"INFO","device":"291078985963","event":"MEDIA_RX","detail":"7E 80 01 00 05 29 10 78 98 59 63 99 F7 00 03 12 10 00 08 7E 7E 80 01 00 05 29 10 78 98 59 63 71 8D 00 04 12 11 00 9C 7E 7E 80 01 00 05 29 10 78 98 59 63 DD 92 00 05 12 11 00 2E 7E 7E 80 01 00 05 29 10 78 98 59 63 F9 E8 00 06 12 11 00 73 7E 7E 80 01 00 05 29 10 78 98 59 63 50 31 00 07 12 11 00 02 7E 7E 80 01 00 05 29 10 78 98 59 63 C1 D2 00 08 12 11 00 7F 7E 7E 80 01 00 05 29 10 78 98 59 63 1D 25 00 09 12 11 00 55 7E 7E 80 01 00 05 29 10 78 98 59 63 28 A1 00 0A 12 11 00 E7 7E 7E 80 01 00 05 29 10 78 98 59 63 06 21 00 0B 12 11 00 48 7E 7E 80 01 00 05 29 10 78 98 59 63 63 98 00 0C 12 11 00 93 7E 7E 80 01 00 05 29 10 78 98 59 63 8F 1C 00 0D 12 11 00 FA 7E"}
{"ts":"2026-04-10T16:40:29.222Z","level":"INFO","device":"291078985963","event":"MEDIA_RX","detail":"7E 80 01 00 05 29 10 78 98 59 63 B6 43 00 0E 12 11 00 9F 7E 7E 80 01 00 05 29 10 78 98 59 63 C7 3A 00 0F 12 11 00 96 7E 7E 80 01 00 05 29 10 78 98 59 63 88 C3 00 10 12 11 00 3F 7E 7E 80 01 00 05 29 10 78 98 59 63 EB 70 00 11 12 11 00 EE 7E 7E 80 01 00 05 29 10 78 98 59 63 3F B8 00 12 12 11 00 F1 7E 7E 80 01 00 05 29 10 78 98 59 63 F9 CD 00 13 12 11 00 43 7E 7E 80 01 00 05 29 10 78 98 59 63 B3 F4 00 14 12 11 00 37 7E 7E 80 01 00 05 29 10 78 98 59 63 98 42 00 15 12 11 00 AB 7E 7E 80 01 00 05 29 10 78 98 59 63 46 E4 00 16 12 11 00 D0 7E 7E 80 01 00 05 29 10 78 98 59 63 D1 44 00 17 12 11 00 E6 7E 7E 80 01 00 05 29 10 78 98 59 63 84 D7 00 18 12 11 00 2F 7E 7E 80 01 00 05 29 10 78 98 59 63 7D 01 70 00 19 12 11 00 70 7E 7E 80 01 00 05 29 10 78 98 59 63 5F 72 00 1A 12 11 00 53 7E 7E 80 01 00 05 29 10 78 98 59 63 BD B2 00 1B 12 11 00 70 7E 7E 80 01 00 05 29 10 78 98 59 63 7B 5B 00 1C 12 11 00 58 7E 7E 80 01 00 05 29 10 78 98 59 63 1B A9 00 1D 12 11 00 CB 7E 7E 80 01 00 05 29 10 78 98 59 63 C5 AF 00 1E 12 11 00 10 7E 7E 80 01 00 05 29 10 78 98 59 63 4B 8F 00 1F 12 11 00 BF 7E 7E 80 01 00 05 29 10 78 98 59 63 12 9C 00 20 12 11 00 CA 7E 7E 80 01 00 05 29 10 78 98 59 63 9E C5 00 21 12 11 00 1E 7E 7E 80 01 00 05 29 10 78 98 59 63 C6 EF 00 22 12 11 00 6F 7E 7E 80 01 00 05 29 10 78 98 59 63 74 29 00 23 12 11 00 1A 7E 7E 80 01 00 05 29 10 78 98 59 63 F0 90 00 24 12 11 00 20 7E 7E 80 01 00 05 29 10 78 98 59 63 86 80 00 25 12 11 00 47 7E 7E 80 01 00 05 29 10 78 98 59 63 4D AC 00 26 12 11 00 A3 7E 7E 80 01 00 05 29 10 78 98 59 63 B1 C8 00 27 12 11 00 3A 7E 7E 80 01 00 05 29 10 78 98 59 63 89 01 00 28 12 11 00 C4 7E 7E 80 01 00 05 29 10 78 98 59 63 3D BA 00 29 12 11 00 CA 7E 7E 80 01 00 05 29 10 78 98 59 63 2C 2C 00 2A 12 11 00 4E 7E 7E 80 01 00 05 29 10 78 98 59 63 FB F3 00 2B 12 11 00 47 7E 7E 80 01 00 05 29 10 78 98 59 63 24 9B 00 2C 12 11 00 F7 7E 7E 80 01 00 05 29 10 78 98 59 63 65 DC 00 2D 12 11 00 F0 7E 7E 80 01 00 05 29 10 78 98 59 63 FE D9 00 2E 12 11 00 6D 7E 7E 80 01 00 05 29 10 78 98 59 63 18 32 00 2F 12 11 00 61 7E 7E 80 01 00 05 29 10 78 98 59 63 8F 14 00 30 12 11 00 CF 7E 7E 80 01 00 05 29 10 78 98 59 63 9A 5A 00 31 12 11 00 95 7E 7E 80 01 00 05 29 10 78 98 59 63 B7 BB 00 32 12 11 00 5A 7E 7E 80 01 00 05 29 10 78 98 59 63 DC D6 00 33 12 11 00 5D 7E 7E 80 01 00 05 29 10 78 98 59 63 59 80 00 34 12 11 00 89 7E"}
{"ts":"2026-04-10T16:40:29.436Z","level":"INFO","device":"291078985963","event":"MEDIA_RX","detail":"7E 80 01 00 05 29 10 78 98 59 63 6D 3C 00 35 12 11 00 00 7E 7E 80 01 00 05 29 10 78 98 59 63 31 77 00 36 12 11 00 14 7E 7E 80 01 00 05 29 10 78 98 59 63 E7 F9 00 37 12 11 00 4D 7E 7E 80 01 00 05 29 10 78 98 59 63 C1 84 00 38 12 11 00 19 7E 7E 80 01 00 05 29 10 78 98 59 63 8D 6C 00 39 12 11 00 BC 7E 7E 80 01 00 05 29 10 78 98 59 63 10 9B 00 3A 12 11 00 D5 7E 7E 80 01 00 05 29 10 78 98 59 63 22 8B 00 3B 12 11 00 F6 7E 7E 80 01 00 05 29 10 78 98 59 63 81 1A 00 3C 12 11 00 C3 7E 7E 80 01 00 05 29 10 78 98 59 63 26 40 00 3D 12 11 00 3F 7E 7E 80 01 00 05 29 10 78 98 59 63 71 28 00 3E 12 11 00 03 7E 7E 80 01 00 05 29 10 78 98 59 63 B1 55 00 3F 12 11 00 BF 7E 7E 80 01 00 05 29 10 78 98 59 63 50 EB 00 40 12 11 00 9F 7E 7E 80 01 00 05 29 10 78 98 59 63 EC E7 00 41 12 11 00 2E 7E 7E 80 01 00 05 29 10 78 98 59 63 51 85 00 42 12 11 00 F2 7E 7E 80 01 00 05 29 10 78 98 59 63 C8 8B 00 43 12 11 00 64 7E 7E 80 01 00 05 29 10 78 98 59 63 F8 B2 00 44 12 11 00 6A 7E 7E 80 01 00 05 29 10 78 98 59 63 FE CF 00 45 12 11 00 10 7E 7E 80 01 00 05 29 10 78 98 59 63 05 3B 00 46 12 11 00 1C 7E 7E 80 01 00 05 29 10 78 98 59 63 14 67 00 47 12 11 00 50 7E 7E 80 01 00 05 29 10 78 98 59 63 B5 71 00 48 12 11 00 E8 7E 7E 80 01 00 05 29 10 78 98 59 63 DF EF 00 49 12 11 00 1D 7E 7E 80 01 00 05 29 10 78 98 59 63 1B 91 00 4A 12 11 00 A4 7E 7E 80 01 00 05 29 10 78 98 59 63 1A 3C 00 4B 12 11 00 09 7E 7E 80 01 00 05 29 10 78 98 59 63 3D 09 00 4C 12 11 00 1C 7E 7E 80 01 00 05 29 10 78 98 59 63 EA FE 00 4D 12 11 00 3D 7E 7E 80 01 00 05 29 10 78 98 59 63 3C 42 00 4E 12 11 00 54 7E 7E 80 01 00 05 29 10 78 98 59 63 7B B3 00 4F 12 11 00 E3 7E 7E 80 01 00 05 29 10 78 98 59 63 85 5A 00 50 12 11 00 EB 7E 7E 80 01 00 05 29 10 78 98 59 63 42 B3 00 51 12 11 00 C4 7E 7E 80 01 00 05 29 10 78 98 59 63 F0 C5 00 52 12 11 00 03 7E 7E 80 01 00 05 29 10 78 98 59 63 18 66 00 53 12 11 00 49 7E 7E 80 01 00 05 29 10 78 98 59 63 9E 79 00 54 12 11 00 D7 7E 7E 80 01 00 05 29 10 78 98 59 63 0B 5E 00 55 12 11 00 64 7E 7E 80 01 00 05 29 10 78 98 59 63 A4 46 00 56 12 11 00 D0 7E 7E 80 01 00 05 29 10 78 98 59 63 7C 2A 00 57 12 11 00 65 7E 7E 80 01 00 05 29 10 78 98 59 63 A7 03 00 58 12 11 00 98 7E 7E 80 01 00 05 29 10 78 98 59 63 51 AA 00 59 12 11 00 C6 7E 7E 80 01 00 05 29 10 78 98 59 63 5C C7 00 5A 12 11 00 A5 7E"}
{"ts":"2026-04-10T16:40:29.648Z","level":"INFO","device":"291078985963","event":"MEDIA_RX","detail":"7E 80 01 00 05 29 10 78 98 59 63 E1 8A 00 5B 12 11 00 54 7E 7E 80 01 00 05 29 10 78 98 59 63 05 C6 00 5C 12 11 00 FB 7E 7E 80 01 00 05 29 10 78 98 59 63 BA 4F 00 5D 12 11 00 CC 7E 7E 80 01 00 05 29 10 78 98 59 63 4C 7F 00 5E 12 11 00 09 7E 7E 80 01 00 05 29 10 78 98 59 63 F8 16 00 5F 12 11 00 D5 7E 7E 80 01 00 05 29 10 78 98 59 63 A9 C3 00 60 12 11 00 6E 7E 7E 80 01 00 05 29 10 78 98 59 63 61 15 00 61 12 11 00 71 7E 7E 80 01 00 05 29 10 78 98 59 63 CE 9B 00 62 12 11 00 53 7E 7E 80 01 00 05 29 10 78 98 59 63 FD 1D 00 63 12 11 00 E7 7E 7E 80 01 00 05 29 10 78 98 59 63 E9 78 00 64 12 11 00 91 7E 7E 80 01 00 05 29 10 78 98 59 63 ED EB 00 65 12 11 00 07 7E 7E 80 01 00 05 29 10 78 98 59 63 E4 BF 00 66 12 11 00 59 7E 7E 80 01 00 05 29 10 78 98 59 63 66 5D 00 67 12 11 00 38 7E 7E 80 01 00 05 29 10 78 98 59 63 46 D6 00 68 12 11 00 9C 7E 7E 80 01 00 05 29 10 78 98 59 63 4D B1 00 69 12 11 00 F1 7E 7E 80 01 00 05 29 10 78 98 59 63 5C 9E 00 6A 12 11 00 CC 7E 7E 80 01 00 05 29 10 78 98 59 63 31 50 00 6B 12 11 00 6E 7E 7E 80 01 00 05 29 10 78 98 59 63 D1 DA 00 6C 12 11 00 03 7E 7E 80 01 00 05 29 10 78 98 59 63 7B B0 00 6D 12 11 00 C2 7E 7E 80 01 00 05 29 10 78 98 59 63 B8 FB 00 6E 12 11 00 49 7E 7E 80 01 00 05 29 10 78 98 59 63 B1 62 00 6F 12 11 00 D8 7E 7E 80 01 00 05 29 10 78 98 59 63 02 B8 00 70 12 11 00 AE 7E 7E 80 01 00 05 29 10 78 98 59 63 5A B1 00 71 12 11 00 FE 7E 7E 80 01 00 05 29 10 78 98 59 63 CC A2 00 72 12 11 00 78 7E 7E 80 01 00 05 29 10 78 98 59 63 EC 84 00 73 12 11 00 7F 7E 7E 80 01 00 05 29 10 78 98 59 63 BB 3C 00 74 12 11 00 97 7E 7E 80 01 00 05 29 10 78 98 59 63 50 C6 00 75 12 11 00 87 7E 7E 80 01 00 05 29 10 78 98 59 63 78 4E 00 76 12 11 00 24 7E 7E 80 01 00 05 29 10 78 98 59 63 D2 24 00 77 12 11 00 E5 7E 7E 80 01 00 05 29 10 78 98 59 63 C0 1F 00 78 12 11 00 C3 7E 7E 80 01 00 05 29 10 78 98 59 63 F2 55 00 79 12 11 00 BA 7E 7E 80 01 00 05 29 10 78 98 59 63 DC 1D 00 7A 12 11 00 DF 7E 7E 80 01 00 05 29 10 78 98 59 63 91 0F 00 7B 12 11 00 81 7E 7E 80 01 00 05 29 10 78 98 59 63 85 24 00 7C 12 11 00 B9 7E 7E 80 01 00 05 29 10 78 98 59 63 28 95 00 7D 01 12 11 00 A4 7E 7E 80 01 00 05 29 10 78 98 59 63 BF 59 00 7D 02 12 11 00 FC 7E 7E 80 01 00 05 29 10 78 98 59 63 71 4E 00 7F 12 11 00 24 7E"}
{"ts":"2026-04-10T16:40:29.859Z","level":"INFO","device":"291078985963","event":"MEDIA_RX","detail":"7E 80 01 00 05 29 10 78 98 59 63 28 58 00 80 12 11 00 94 7E 7E 80 01 00 05 29 10 78 98 59 63 1F 71 00 81 12 11 00 8B 7E 7E 80 01 00 05 29 10 78 98 59 63 25 8E 00 82 12 11 00 4D 7E 7E 80 01 00 05 29 10 78 98 59 63 4F 34 00 83 12 11 00 9C 7E 7E 80 01 00 05 29 10 78 98 59 63 78 8B 00 84 12 11 00 13 7E 7E 80 01 00 05 29 10 78 98 59 63 D6 5F 00 85 12 11 00 68 7E 7E 80 01 00 05 29 10 78 98 59 63 94 C5 00 86 12 11 00 B3 7E 7E 80 01 00 05 29 10 78 98 59 63 FA 1F 00 87 12 11 00 06 7E 7E 80 01 00 05 29 10 78 98 59 63 31 B1 00 88 12 11 00 6C 7E 7E 80 01 00 05 29 10 78 98 59 63 8A 5C 00 89 12 11 00 3B 7E 7E 80 01 00 05 29 10 78 98 59 63 68 11 00 8A 12 11 00 97 7E 7E 80 01 00 05 29 10 78 98 59 63 0B 09 00 8B 12 11 00 ED 7E 7E 80 01 00 05 29 10 78 98 59 63 69 2E 00 8C 12 11 00 AF 7E 7E 80 01 00 05 29 10 78 98 59 63 39 7D 01 00 8D 12 11 00 AD 7E 7E 80 01 00 05 29 10 78 98 59 63 C5 A7 00 8E 12 11 00 88 7E 7E 80 01 00 05 29 10 78 98 59 63 AE 4D 00 8F 12 11 00 08 7E 7E 80 01 00 05 29 10 78 98 59 63 6D 33 00 90 12 11 00 AA 7E 7E 80 01 00 05 29 10 78 98 59 63 7D 01 A7 00 91 12 11 00 2F 7E 7E 80 01 00 05 29 10 78 98 59 63 55 E7 00 92 12 11 00 44 7E 7E 80 01 00 05 29 10 78 98 59 63 10 66 00 93 12 11 00 81 7E 7E 80 01 00 05 29 10 78 98 59 63 6E 5A 00 94 12 11 00 C4 7E 7E 80 01 00 05 29 10 78 98 59 63 D1 88 00 95 12 11 00 A8 7E 7E 80 01 00 05 29 10 78 98 59 63 06 24 00 96 12 11 00 D0 7E 7E 80 01 00 05 29 10 78 98 59 63 01 74 00 97 12 11 00 86 7E 7E 80 01 00 05 29 10 78 98 59 63 5B 88 00 98 12 11 00 2F 7E 7E 80 01 00 05 29 10 78 98 59 63 12 F8 00 99 12 11 00 17 7E 7E 80 01 00 05 29 10 78 98 59 63 7C B8 00 9A 12 11 00 3A 7E 7E 80 01 00 05 29 10 78 98 59 63 94 E9 00 9B 12 11 00 82 7E 7E 80 01 00 05 29 10 78 98 59 63 CF 16 00 9C 12 11 00 21 7E 7E 80 01 00 05 29 10 78 98 59 63 A3 06 00 9D 12 11 00 5C 7E 7E 80 01 00 05 29 10 78 98 59 63 BB FD 00 9E 12 11 00 BC 7E 7E 80 01 00 05 29 10 78 98 59 63 0F 19 00 9F 12 11 00 ED 7E 7E 80 01 00 05 29 10 78 98 59 63 ED CC 00 A0 12 11 00 E5 7E 7E 80 01 00 05 29 10 78 98 59 63 20 05 00 A1 12 11 00 E0 7E 7E 80 01 00 05 29 10 78 98 59 63 07 83 00 A2 12 11 00 42 7E 7E 80 01 00 05 29 10 78 98 59 63 EF 14 00 A3 12 11 00 3C 7E 7E 80 01 00 05 29 10 78 98 59 63 AA 7F 00 A4 12 11 00 15 7E 7E 80 01 00 05 29 10 78 98 59 63 A6 C1 00 A5 12 11 00 A6 7E"}
{"ts":"2026-04-10T16:40:30.071Z","level":"INFO","device":"291078985963","event":"MEDIA_RX","detail":"7E 80 01 00 05 29 10 78 98 59 63 9F 9D 00 A6 12 11 00 C0 7E 7E 80 01 00 05 29 10 78 98 59 63 8E 0C 00 A7 12 11 00 41 7E 7E 80 01 00 05 29 10 78 98 59 63 69 F9 00 A8 12 11 00 5C 7E 7E 80 01 00 05 29 10 78 98 59 63 77 26 00 A9 12 11 00 9C 7E 7E 80 01 00 05 29 10 78 98 59 63 61 B9 00 AA 12 11 00 16 7E 7E 80 01 00 05 29 10 78 98 59 63 7A 1D 00 AB 12 11 00 A8 7E 7E 80 01 00 05 29 10 78 98 59 63 EB A9 00 AC 12 11 00 8A 7E 7E 80 01 00 05 29 10 78 98 59 63 90 5B 00 AD 12 11 00 02 7E 7E 80 01 00 05 29 10 78 98 59 63 D4 BD 00 AE 12 11 00 A3 7E 7E 80 01 00 05 29 10 78 98 59 63 06 FD 00 AF 12 11 00 30 7E 7E 80 01 00 05 29 10 78 98 59 63 2A 46 00 B0 12 11 00 B8 7E 7E 80 01 00 05 29 10 78 98 59 63 B8 AF 00 B1 12 11 00 C2 7E 7E 80 01 00 05 29 10 78 98 59 63 0D 73 00 B2 12 11 00 A8 7E 7E 80 01 00 05 29 10 78 98 59 63 15 AF 00 B3 12 11 00 6D 7E 7E 80 01 00 05 29 10 78 98 59 63 40 81 00 B4 12 11 00 11 7E 7E 80 01 00 05 29 10 78 98 59 63 7C CB 00 B5 12 11 00 66 7E 7E 80 01 00 05 29 10 78 98 59 63 55 26 00 B6 12 11 00 A1 7E 7E 80 01 00 05 29 10 78 98 59 63 F4 6B 00 B7 12 11 00 4C 7E 7E 80 01 00 05 29 10 78 98 59 63 28 BA 00 B8 12 11 00 4E 7E 7E 80 01 00 05 29 10 78 98 59 63 4B A5 00 B9 12 11 00 33 7E 7E 80 01 00 05 29 10 78 98 59 63 09 7F 00 BA 12 11 00 A8 7E 7E 80 01 00 05 29 10 78 98 59 63 13 31 00 BB 12 11 00 FD 7E 7E 80 01 00 05 29 10 78 98 59 63 8D 45 00 BC 12 11 00 10 7E 7E 80 01 00 05 29 10 78 98 59 63 D2 9A 00 BD 12 11 00 91 7E 7E 80 01 00 05 29 10 78 98 59 63 D2 24 00 BE 12 11 00 2C 7E 7E 80 01 00 05 29 10 78 98 59 63 E9 0A 00 BF 12 11 00 38 7E 7E 80 01 00 05 29 10 78 98 59 63 01 57 00 C0 12 11 00 F2 7E 7E 80 01 00 05 29 10 78 98 59 63 07 F8 00 C1 12 11 00 5A 7E 7E 80 01 00 05 29 10 78 98 59 63 B7 85 00 C2 12 11 00 94 7E 7E 80 01 00 05 29 10 78 98 59 63 5F 9E 00 C3 12 11 00 66 7E 7E 80 01 00 05 29 10 78 98 59 63 F3 A4 00 C4 12 11 00 F7 7E 7E 80 01 00 05 29 10 78 98 59 63 4E 33 00 C5 12 11 00 DC 7E 7E 80 01 00 05 29 10 78 98 59 63 72 D8 00 C6 12 11 00 08 7E 7E 80 01 00 05 29 10 78 98 59 63 E9 AB 00 C7 12 11 00 E1 7E 7E 80 01 00 05 29 10 78 98 59 63 7F E9 00 C8 12 11 00 3A 7E 7E 80 01 00 05 29 10 78 98 59 63 2B E0 00 C9 12 11 00 66 7E 7E 80 01 00 05 29 10 78 98 59 63 32 DE 00 CA 12 11 00 42 7E 7E 80 01 00 05 29 10 78 98 59 63 C7 B7 00 CB 12 11 00 DF 7E 7E 80 01 00 05 29 10 78 98 59 63 E6 4D 00 CC 12 11 00 03 7E"}
{"ts":"2026-04-10T16:40:30.285Z","level":"INFO","device":"291078985963","event":"MEDIA_RX","detail":"7E 80 01 00 05 29 10 78 98 59 63 8D C8 00 CD 12 11 00 EC 7E 7E 80 01 00 05 29 10 78 98 59 63 A2 5A 00 CE 12 11 00 52 7E 7E 80 01 00 05 29 10 78 98 59 63 6C 08 00 CF 12 11 00 CF 7E 7E 80 01 00 05 29 10 78 98 59 63 30 FA 00 D0 12 11 00 7D 02 7E 7E 80 01 00 05 29 10 78 98 59 63 93 9A 00 D1 12 11 00 BC 7E 7E 80 01 00 05 29 10 78 98 59 63 7F 20 00 D2 12 11 00 E9 7E 7E 80 01 00 05 29 10 78 98 59 63 F0 98 00 D3 12 11 00 DF 7E 7E 80 01 00 05 29 10 78 98 59 63 6B EE 00 D4 12 11 00 35 7E 7E 80 01 00 05 29 10 78 98 59 63 B6 90 00 D5 12 11 00 97 7E 7E 80 01 00 05 29 10 78 98 59 63 2E 45 00 D6 12 11 00 D9 7E 7E 80 01 00 05 29 10 78 98 59 63 47 B3 00 D7 12 11 00 47 7E 7E 80 01 00 05 29 10 78 98 59 63 17 FB 00 D8 12 11 00 50 7E 7E 80 01 00 05 29 10 78 98 59 63 2E 0D 00 D9 12 11 00 9E 7E 7E 80 01 00 05 29 10 78 98 59 63 A2 A3 00 DA 12 11 00 BF 7E 7E 80 01 00 05 29 10 78 98 59 63 CA A1 00 DB 12 11 00 D4 7E 7E 80 01 00 05 29 10 78 98 59 63 47 A7 00 DC 12 11 00 58 7E 7E 80 01 00 05 29 10 78 98 59 63 69 44 00 DD 12 11 00 94 7E 7E 80 01 00 05 29 10 78 98 59 63 2C 19 00 DE 12 11 00 8F 7E 7E 80 01 00 05 29 10 78 98 59 63 C2 99 00 DF 12 11 00 E0 7E 7E 80 01 00 05 29 10 78 98 59 63 5A 54 00 E0 12 11 00 8A 7E 7E 80 01 00 05 29 10 78 98 59 63 61 18 00 E1 12 11 00 FC 7E 7E 80 01 00 05 29 10 78 98 59 63 12 9D 00 E2 12 11 00 09 7E 7E 80 01 00 05 29 10 78 98 59 63 38 56 00 E3 12 11 00 E9 7E 7E 80 01 00 05 29 10 78 98 59 63 45 41 00 E4 12 11 00 84 7E 7E 80 01 00 05 29 10 78 98 59 63 1C FC 00 E5 12 11 00 61 7E 7E 80 01 00 05 29 10 78 98 59 63 A5 C2 00 E6 12 11 00 E5 7E 7E 80 01 00 05 29 10 78 98 59 63 8E 90 00 E7 12 11 00 9D 7E 7E 80 01 00 05 29 10 78 98 59 63 28 68 00 E8 12 11 00 CC 7E 7E 80 01 00 05 29 10 78 98 59 63 E6 DA 00 E9 12 11 00 B1 7E 7E 80 01 00 05 29 10 78 98 59 63 16 A9 00 EA 12 11 00 31 7E 7E 80 01 00 05 29 10 78 98 59 63 60 A8 00 EB 12 11 00 47 7E 7E 80 01 00 05 29 10 78 98 59 63 4D 94 00 EC 12 11 00 51 7E 7E 80 01 00 05 29 10 78 98 59 63 27 21 00 ED 12 11 00 8F 7E 7E 80 01 00 05 29 10 78 98 59 63 BD F8 00 EE 12 11 00 CF 7E 7E 80 01 00 05 29 10 78 98 59 63 FA 9D 00 EF 12 11 00 EC 7E 7E 80 01 00 05 29 10 78 98 59 63 49 F1 00 F0 12 11 00 2C 7E 7E 80 01 00 05 29 10 78 98 59 63 9A 46 00 F1 12 11 00 49 7E 7E 80 01 00 05 29 10 78 98 59 63 ED 74 00 F2 12 11 00 0F 7E 7E 80 01 00 05 29 10 78 98 59 63 55 00 00 F3 12 11 00 C2 7E 7E 80 01 00 05 29 10 78 98 59 63 71 D4 00 F4 12 11 00 35 7E"}
{"ts":"2026-04-10T16:40:30.496Z","level":"INFO","device":"291078985963","event":"MEDIA_RX","detail":"7E 80 01 00 05 29 10 78 98 59 63 76 D9 00 F5 12 11 00 3E 7E 7E 80 01 00 05 29 10 78 98 59 63 16 B4 00 F6 12 11 00 30 7E 7E 80 01 00 05 29 10 78 98 59 63 96 9C 00 F7 12 11 00 99 7E 7E 80 01 00 05 29 10 78 98 59 63 08 75 00 F8 12 11 00 E1 7E 7E 80 01 00 05 29 10 78 98 59 63 77 B3 00 F9 12 11 00 59 7E 7E 80 01 00 05 29 10 78 98 59 63 78 80 00 FA 12 11 00 66 7E 7E 80 01 00 05 29 10 78 98 59 63 00 59 00 FB 12 11 00 C6 7E 7E 80 01 00 05 29 10 78 98 59 63 89 C2 00 FC 12 11 00 D3 7E 7E 80 01 00 05 29 10 78 98 59 63 7B FC 00 FD 12 11 00 1E 7E 7E 80 01 00 05 29 10 78 98 59 63 C6 06 00 FE 12 11 00 5A 7E 7E 80 01 00 05 29 10 78 98 59 63 6F 62 00 FF 12 11 00 96 7E 7E 80 01 00 05 29 10 78 98 59 63 8F 7C 01 00 12 11 00 96 7E 7E 80 01 00 05 29 10 78 98 59 63 F6 6B 01 01 12 11 00 F9 7E 7E 80 01 00 05 29 10 78 98 59 63 4F B3 01 02 12 11 00 9B 7E 7E 80 01 00 05 29 10 78 98 59 63 CD 8C 01 03 12 11 00 27 7E 7E 80 01 00 05 29 10 78 98 59 63 53 89 01 04 12 11 00 BB 7E 7E 80 01 00 05 29 10 78 98 59 63 D0 59 01 05 12 11 00 E9 7E 7E 80 01 00 05 29 10 78 98 59 63 25 35 01 06 12 11 00 73 7E 7E 80 01 00 05 29 10 78 98 59 63 2A A6 01 07 12 11 00 EE 7E 7E 80 01 00 05 29 10 78 98 59 63 B7 21 01 08 12 11 00 FB 7E 7E 80 01 00 05 29 10 78 98 59 63 F4 55 01 09 12 11 00 CD 7E 7E 80 01 00 05 29 10 78 98 59 63 30 19 01 0A 12 11 00 46 7E 7E 80 01 00 05 29 10 78 98 59 63 E6 C3 01 0B 12 11 00 4B 7E 7E 80 01 00 05 29 10 78 98 59 63 D2 40 01 0C 12 11 00 FB 7E 7E 80 01 00 05 29 10 78 98 59 63 5D B4 01 0D 12 11 00 81 7E 7E 80 01 00 05 29 10 78 98 59 63 4D 24 01 0E 12 11 00 02 7E 7E 80 01 00 05 29 10 78 98 59 63 64 D1 01 0F 12 11 00 DF 7E 7E 80 01 00 05 29 10 78 98 59 63 E3 48 01 10 12 11 00 DE 7E 7E 80 01 00 05 29 10 78 98 59 63 70 97 01 11 12 11 00 93 7E 7E 80 01 00 05 29 10 78 98 59 63 8A 86 01 12 12 11 00 7B 7E 7E 80 01 00 05 29 10 78 98 59 63 3A D8 01 13 12 11 00 94 7E 7E 80 01 00 05 29 10 78 98 59 63 13 B2 01 14 12 11 00 D0 7E 7E 80 01 00 05 29 10 78 98 59 63 46 5B 01 15 12 11 00 6D 7E 7E 80 01 00 05 29 10 78 98 59 63 A3 BB 01 16 12 11 00 6B 7E 7E 80 01 00 05 29 10 78 98 59 63 3E 66 01 17 12 11 00 2A 7E 7E 80 01 00 05 29 10 78 98 59 63 75 41 01 18 12 11 00 49 7E 7E 80 01 00 05 29 10 78 98 59 63 84 D5 01 19 12 11 00 2D 7E"}
{"ts":"2026-04-10T16:40:30.708Z","level":"INFO","device":"291078985963","event":"MEDIA_RX","detail":"7E 80 01 00 05 29 10 78 98 59 63 97 C1 01 1A 12 11 00 29 7E 7E 80 01 00 05 29 10 78 98 59 63 C2 DC 01 1B 12 11 00 60 7E 7E 80 01 00 05 29 10 78 98 59 63 16 AF 01 1C 12 11 00 C0 7E 7E 80 01 00 05 29 10 78 98 59 63 32 DA 01 1D 12 11 00 90 7E 7E 80 01 00 05 29 10 78 98 59 63 49 95 01 1E 12 11 00 A7 7E 7E 80 01 00 05 29 10 78 98 59 63 D4 E4 01 1F 12 11 00 4A 7E 7E 80 01 00 05 29 10 78 98 59 63 12 CF 01 20 12 11 00 98 7E 7E 80 01 00 05 29 10 78 98 59 63 F7 3C 01 21 12 11 00 8F 7E 7E 80 01 00 05 29 10 78 98 59 63 7F C1 01 22 12 11 00 F9 7E 7E 80 01 00 05 29 10 78 98 59 63 A4 6B 01 23 12 11 00 89 7E 7E 80 01 00 05 29 10 78 98 59 63 B4 92 01 24 12 11 00 67 7E 7E 80 01 00 05 29 10 78 98 59 63 78 CF 01 25 12 11 00 F7 7E 7E 80 01 00 05 29 10 78 98 59 63 30 77 01 26 12 11 00 04 7E 7E 80 01 00 05 29 10 78 98 59 63 68 97 01 27 12 11 00 BD 7E 7E 80 01 00 05 29 10 78 98 59 63 12 ED 01 28 12 11 00 B2 7E 7E 80 01 00 05 29 10 78 98 59 63 55 1C 01 29 12 11 00 05 7E 7E 80 01 00 05 29 10 78 98 59 63 E6 04 01 2A 12 11 00 AD 7E 7E 80 01 00 05 29 10 78 98 59 63 2F 38 01 2B 12 11 00 59 7E 7E 80 01 00 05 29 10 78 98 59 63 87 A0 01 2C 12 11 00 6E 7E 7E 80 01 00 05 29 10 78 98 59 63 BC 4D 01 2D 12 11 00 B9 7E 7E 80 01 00 05 29 10 78 98 59 63 8F 70 01 2E 12 11 00 B4 7E 7E 80 01 00 05 29 10 78 98 59 63 8B FE 01 2F 12 11 00 3F 7E 7E 80 01 00 05 29 10 78 98 59 63 C7 F7 01 30 12 11 00 65 7E 7E 80 01 00 05 29 10 78 98 59 63 43 30 01 31 12 11 00 27 7E 7E 80 01 00 05 29 10 78 98 59 63 01 0C 01 32 12 11 00 5A 7E 7E 80 01 00 05 29 10 78 98 59 63 54 A4 01 33 12 11 00 A6 7E 7E 80 01 00 05 29 10 78 98 59 63 C8 07 01 34 12 11 00 9E 7E 7E 80 01 00 05 29 10 78 98 59 63 6C B6 01 35 12 11 00 8A 7E 7E 80 01 00 05 29 10 78 98 59 63 68 72 01 36 12 11 00 49 7E 7E 80 01 00 05 29 10 78 98 59 63 21 9D 01 37 12 11 00 EE 7E 7E 80 01 00 05 29 10 78 98 59 63 62 77 01 38 12 11 00 48 7E 7E 80 01 00 05 29 10 78 98 59 63 26 8E 01 39 12 11 00 F4 7E 7E 80 01 00 05 29 10 78 98 59 63 01 F0 01 3A 12 11 00 AE 7E 7E 80 01 00 05 29 10 78 98 59 63 84 F9 01 3B 12 11 00 23 7E 7E 80 01 00 05 29 10 78 98 59 63 AE AB 01 3C 12 11 00 5C 7E 7E 80 01 00 05 29 10 78 98 59 63 1C B1 01 3D 12 11 00 F5 7E 7E 80 01 00 05 29 10 78 98 59 63 C0 79 01 3E 12 11 00 E2 7E 7E 80 01 00 05 29 10 78 98 59 63 56 0E 01 3F 12 11 00 02 7E"}
{"ts":"2026-04-10T16:40:30.920Z","level":"INFO","device":"291078985963","event":"MEDIA_RX","detail":"7E 80 01 00 05 29 10 78 98 59 63 BF 57 01 40 12 11 00 CD 7E 7E 80 01 00 05 29 10 78 98 59 63 8F 33 01 41 12 11 00 98 7E 7E 80 01 00 05 29 10 78 98 59 63 35 AA 01 42 12 11 00 B8 7E 7E 80 01 00 05 29 10 78 98 59 63 29 6E 01 43 12 11 00 61 7E 7E 80 01 00 05 29 10 78 98 59 63 2E 8A 01 44 12 11 00 85 7E 7E 80 01 00 05 29 10 78 98 59 63 CC 09 01 45 12 11 00 E5 7E 7E 80 01 00 05 29 10 78 98 59 63 32 CA 01 46 12 11 00 DB 7E 7E 80 01 00 05 29 10 78 98 59 63 50 80 01 47 12 11 00 F2 7E 7E 80 01 00 05 29 10 78 98 59 63 E2 77 01 48 12 11 00 B8 7E 7E 80 01 00 05 29 10 78 98 59 63 25 34 01 49 12 11 00 3D 7E 7E 80 01 00 05 29 10 78 98 59 63 F4 56 01 4A 12 11 00 8D 7E 7E 80 01 00 05 29 10 78 98 59 63 19 30 01 4B 12 11 00 07 7E 7E 80 01 00 05 29 10 78 98 59 63 67 45 01 4C 12 11 00 0B 7E 7E 80 01 00 05 29 10 78 98 59 63 07 F2 01 4D 12 11 00 DD 7E 7E 80 01 00 05 29 10 78 98 59 63 73 AE 01 4E 12 11 00 F6 7E 7E 80 01 00 05 29 10 78 98 59 63 62 53 01 4F 12 11 00 1B 7E 7E 80 01 00 05 29 10 78 98 59 63 79 11 01 50 12 11 00 5D 7E 7E 80 01 00 05 29 10 78 98 59 63 55 73 01 51 12 11 00 12 7E 7E 80 01 00 05 29 10 78 98 59 63 34 4F 01 52 12 11 00 4C 7E 7E 80 01 00 05 29 10 78 98 59 63 17 D0 01 53 12 11 00 F1 7E 7E 80 01 00 05 29 10 78 98 59 63 95 0A 01 54 12 11 00 AE 7E 7E 80 01 00 05 29 10 78 98 59 63 3E 4F 01 55 12 11 00 41 7E 7E 80 01 00 05 29 10 78 98 59 63 C5 2C 01 56 12 11 00 DA 7E 7E 80 01 00 05 29 10 78 98 59 63 8D 61 01 57 12 11 00 DE 7E 7E 80 01 00 05 29 10 78 98 59 63 49 35 01 58 12 11 00 41 7E 7E 80 01 00 05 29 10 78 98 59 63 A7 9A 01 59 12 11 00 01 7E 7E 80 01 00 05 29 10 78 98 59 63 F1 00 01 5A 12 11 00 CE 7E 7E 80 01 00 05 29 10 78 98 59 63 A9 8C 01 5B 12 11 00 1B 7E 7E 80 01 00 05 29 10 78 98 59 63 EB 02 01 5C 12 11 00 D0 7E 7E 80 01 00 05 29 10 78 98 59 63 EE FB 01 5D 12 11 00 2D 7E 7E 80 01 00 05 29 10 78 98 59 63 4B F6 01 5E 12 11 00 86 7E 7E 80 01 00 05 29 10 78 98 59 63 EA 7A 01 5F 12 11 00 AA 7E 7E 80 01 00 05 29 10 78 98 59 63 B1 47 01 60 12 11 00 F3 7E 7E 80 01 00 05 29 10 78 98 59 63 86 48 01 61 12 11 00 CA 7E 7E 80 01 00 05 29 10 78 98 59 63 57 AC 01 62 12 11 00 FC 7E 7E 80 01 00 05 29 10 78 98 59 63 35 8E 01 63 12 11 00 BD 7E 7E 80 01 00 05 29 10 78 98 59 63 B7 8F 01 64 12 11 00 39 7E 7E 80 01 00 05 29 10 78 98 59 63 06 4F 01 65 12 11 00 49 7E 7E 80 01 00 05 29 10 78 98 59 63 48 4A 01 66 12 11 00 01 7E"}
{"ts":"2026-04-10T16:40:31.133Z","level":"INFO","device":"291078985963","event":"MEDIA_RX","detail":"7E 80 01 00 05 29 10 78 98 59 63 B2 1E 01 67 12 11 00 AE 7E 7E 80 01 00 05 29 10 78 98 59 63 24 E8 01 68 12 11 00 C1 7E 7E 80 01 00 05 29 10 78 98 59 63 B4 74 01 69 12 11 00 CC 7E 7E 80 01 00 05 29 10 78 98 59 63 F0 B6 01 6A 12 11 00 49 7E 7E 80 01 00 05 29 10 78 98 59 63 F8 8D 01 6B 12 11 00 7B 7E 7E 80 01 00 05 29 10 78 98 59 63 1C A5 01 6C 12 11 00 B0 7E 7E 80 01 00 05 29 10 78 98 59 63 D8 BE 01 6D 12 11 00 6E 7E 7E 80 01 00 05 29 10 78 98 59 63 E5 81 01 6E 12 11 00 6F 7E 7E 80 01 00 05 29 10 78 98 59 63 14 AF 01 6F 12 11 00 B1 7E 7E 80 01 00 05 29 10 78 98 59 63 6A F6 01 70 12 11 00 89 7E 7E 80 01 00 05 29 10 78 98 59 63 4B C0 01 71 12 11 00 9F 7E 7E 80 01 00 05 29 10 78 98 59 63 57 8F 01 72 12 11 00 CF 7E 7E 80 01 00 05 29 10 78 98 59 63 45 32 01 73 12 11 00 61 7E 7E 80 01 00 05 29 10 78 98 59 63 C3 18 01 74 12 11 00 CA 7E 7E 80 01 00 05 29 10 78 98 59 63 07 B0 01 75 12 11 00 A7 7E 7E 80 01 00 05 29 10 78 98 59 63 21 A3 01 76 12 11 00 91 7E 7E 80 01 00 05 29 10 78 98 59 63 AC 52 01 77 12 11 00 EC 7E 7E 80 01 00 05 29 10 78 98 59 63 55 54 01 78 12 11 00 1C 7E 7E 80 01 00 05 29 10 78 98 59 63 A2 A4 01 79 12 11 00 1A 7E 7E 80 01 00 05 29 10 78 98 59 63 A1 25 01 7A 12 11 00 9B 7E 7E 80 01 00 05 29 10 78 98 59 63 12 F0 01 7B 12 11 00 FC 7E 7E 80 01 00 05 29 10 78 98 59 63 FD 60 01 7C 12 11 00 84 7E 7E 80 01 00 05 29 10 78 98 59 63 B3 C2 01 7D 01 12 11 00 69 7E 7E 80 01 00 05 29 10 78 98 59 63 0E A5 01 7D 02 12 11 00 B0 7E 7E 80 01 00 05 29 10 78 98 59 63 E1 6F 01 7F 12 11 00 94 7E 7E 80 01 00 05 29 10 78 98 59 63 7C 45 01 80 12 11 00 DC 7E 7E 80 01 00 05 29 10 78 98 59 63 7F 01 01 81 12 11 00 9A 7E 7E 80 01 00 05 29 10 78 98 59 63 30 CB 01 82 12 11 00 1C 7E 7E 80 01 00 05 29 10 78 98 59 63 1B 7C 01 83 12 11 00 81 7E 7E 80 01 00 05 29 10 78 98 59 63 A0 5D 01 84 12 11 00 1C 7E 7E 80 01 00 05 29 10 78 98 59 63 4E 64 01 85 12 11 00 CA 7E 7E 80 01 00 05 29 10 78 98 59 63 AA 58 01 86 12 11 00 11 7E 7E 80 01 00 05 29 10 78 98 59 63 6D AD 01 87 12 11 00 22 7E 7E 80 01 00 05 29 10 78 98 59 63 F5 72 01 88 12 11 00 6A 7E 7E 80 01 00 05 29 10 78 98 59 63 93 B4 01 89 12 11 00 CB 7E 7E 80 01 00 05 29 10 78 98 59 63 3D 7B 01 8A 12 11 00 A9 7E 7E 80 01 00 05 29 10 78 98 59 63 BD C6 01 8B 12 11 00 95 7E 7E 80 01 00 05 29 10 78 98 59 63 81 60 01 8C 12 11 00 08 7E 7E 80 01 00 05 29 10 78 98 59 63 91 A0 01 8D 12 11 00 D9 7E 7E 80 01 00 05 29 10 78 98 59 63 F9 D7 01 8E 12 11 00 C5 7E"}
{"ts":"2026-04-10T16:40:31.344Z","level":"INFO","device":"291078985963","event":"MEDIA_RX","detail":"7E 80 01 00 05 29 10 78 98 59 63 6C 33 01 8F 12 11 00 B5 7E 7E 80 01 00 05 29 10 78 98 59 63 87 D1 01 90 12 11 00 A3 7E 7E 80 01 00 05 29 10 78 98 59 63 7B 61 01 91 12 11 00 EE 7E 7E 80 01 00 05 29 10 78 98 59 63 02 A9 01 92 12 11 00 5C 7E 7E 80 01 00 05 29 10 78 98 59 63 05 20 01 93 12 11 00 D3 7E 7E 80 01 00 05 29 10 78 98 59 63 55 C2 01 94 12 11 00 66 7E 7E 80 01 00 05 29 10 78 98 59 63 EC D8 01 95 12 11 00 C4 7E 7E 80 01 00 05 29 10 78 98 59 63 9D C5 01 96 12 11 00 AB 7E 7E 80 01 00 05 29 10 78 98 59 63 A0 29 01 97 12 11 00 7B 7E 7E 80 01 00 05 29 10 78 98 59 63 AC FE 01 98 12 11 00 AF 7E 7E 80 01 00 05 29 10 78 98 59 63 CB DF 01 99 12 11 00 E8 7E 7E 80 01 00 05 29 10 78 98 59 63 89 87 01 9A 12 11 00 F1 7E 7E 80 01 00 05 29 10 78 98 59 63 94 D7 01 9B 12 11 00 BD 7E 7E 80 01 00 05 29 10 78 98 59 63 1F A7 01 9C 12 11 00 41 7E 7E 80 01 00 05 29 10 78 98 59 63 FD A3 01 9D 12 11 00 A6 7E 7E 80 01 00 05 29 10 78 98 59 63 0F 09 01 9E 12 11 00 FD 7E 7E 80 01 00 05 29 10 78 98 59 63 1E DD 01 9F 12 11 00 39 7E 7E 80 01 00 05 29 10 78 98 59 63 07 E1 01 A0 12 11 00 23 7E 7E 80 01 00 05 29 10 78 98 59 63 BE C7 01 A1 12 11 00 BD 7E 7E 80 01 00 05 29 10 78 98 59 63 80 F0 01 A2 12 11 00 B7 7E 7E 80 01 00 05 29 10 78 98 59 63 A0 30 01 A3 12 11 00 56 7E 7E 80 01 00 05 29 10 78 98 59 63 E9 10 01 A4 12 11 00 38 7E 7E 80 01 00 05 29 10 78 98 59 63 BE 7D 02 01 A5 12 11 00 00 7E 7E 80 01 00 05 29 10 78 98 59 63 FA EE 01 A6 12 11 00 D7 7E 7E 80 01 00 05 29 10 78 98 59 63 7D 02 5C 01 A7 12 11 00 E0 7E 7E 80 01 00 05 29 10 78 98 59 63 A7 21 01 A8 12 11 00 4B 7E 7E 80 01 00 05 29 10 78 98 59 63 07 6D 01 A9 12 11 00 A6 7E 7E 80 01 00 05 29 10 78 98 59 63 BC 53 01 AA 12 11 00 20 7E 7E 80 01 00 05 29 10 78 98 59 63 9D 10 01 AB 12 11 00 43 7E 7E 80 01 00 05 29 10 78 98 59 63 61 A5 01 AC 12 11 00 0D 7E 7E 80 01 00 05 29 10 78 98 59 63 7C AA 01 AD 12 11 00 1E 7E 7E 80 01 00 05 29 10 78 98 59 63 84 6C 01 AE 12 11 00 23 7E 7E 80 01 00 05 29 10 78 98 59 63 13 51 01 AF 12 11 00 88 7E 7E 80 01 00 05 29 10 78 98 59 63 94 D0 01 B0 12 11 00 91 7E 7E 80 01 00 05 29 10 78 98 59 63 8D F0 01 B1 12 11 00 A9 7E 7E 80 01 00 05 29 10 78 98 59 63 16 C0 01 B2 12 11 00 01 7E 7E 80 01 00 05 29 10 78 98 59 63 EF D7 01 B3 12 11 00 EE 7E 7E 80 01 00 05 29 10 78 98 59 63 02 2C 01 B4 12 11 00 FF 7E 7E 80 01 00 05 29 10 78 98 59 63 2C 88 01 B5 12 11 00 74 7E"}
{"ts":"2026-04-10T16:40:31.555Z","level":"INFO","device":"291078985963","event":"MEDIA_RX","detail":"7E 80 01 00 05 29 10 78 98 59 63 13 47 01 B6 12 11 00 87 7E 7E 80 01 00 05 29 10 78 98 59 63 24 A6 01 B7 12 11 00 50 7E 7E 80 01 00 05 29 10 78 98 59 63 6F DD 01 B8 12 11 00 6F 7E 7E 80 01 00 05 29 10 78 98 59 63 1A 38 01 B9 12 11 00 FE 7E 7E 80 01 00 05 29 10 78 98 59 63 37 BD 01 BA 12 11 00 55 7E 7E 80 01 00 05 29 10 78 98 59 63 02 0F 01 BB 12 11 00 D3 7E 7E 80 01 00 05 29 10 78 98 59 63 DE 4A 01 BC 12 11 00 4D 7E 7E 80 01 00 05 29 10 78 98 59 63 54 B5 01 BD 12 11 00 39 7E 7E 80 01 00 05 29 10 78 98 59 63 E8 7A 01 BE 12 11 00 49 7E 7E 80 01 00 05 29 10 78 98 59 63 3E 84 01 BF 12 11 00 60 7E 7E 80 01 00 05 29 10 78 98 59 63 F7 30 01 C0 12 11 00 62 7E 7E 80 01 00 05 29 10 78 98 59 63 EA A4 01 C1 12 11 00 EA 7E 7E 80 01 00 05 29 10 78 98 59 63 E7 7C 01 C2 12 11 00 3C 7E 7E 80 01 00 05 29 10 78 98 59 63 13 B9 01 C3 12 11 00 0C 7E 7E 80 01 00 05 29 10 78 98 59 63 BB CB 01 C4 12 11 00 D1 7E 7E 80 01 00 05 29 10 78 98 59 63 9F F8 01 C5 12 11 00 C7 7E 7E 80 01 00 05 29 10 78 98 59 63 7A F5 01 C6 12 11 00 2C 7E 7E 80 01 00 05 29 10 78 98 59 63 F7 14 01 C7 12 11 00 41 7E 7E 80 01 00 05 29 10 78 98 59 63 68 94 01 C8 12 11 00 51 7E 7E 80 01 00 05 29 10 78 98 59 63 40 A0 01 C9 12 11 00 4C 7E 7E 80 01 00 05 29 10 78 98 59 63 CD 6A 01 CA 12 11 00 08 7E 7E 80 01 00 05 29 10 78 98 59 63 0A 52 01 CB 12 11 00 F6 7E 7E 80 01 00 05 29 10 78 98 59 63 8A A8 01 CC 12 11 00 8B 7E 7E 80 01 00 05 29 10 78 98 59 63 C8 67 01 CD 12 11 00 07 7E 7E 80 01 00 05 29 10 78 98 59 63 CF D5 01 CE 12 11 00 B1 7E 7E 80 01 00 05 29 10 78 98 59 63 7A 5F 01 CF 12 11 00 8F 7E 7E 80 01 00 05 29 10 78 98 59 63 01 76 01 D0 12 11 00 C2 7E 7E 80 01 00 05 29 10 78 98 59 63 2F E3 01 D1 12 11 00 78 7E 7E 80 01 00 05 29 10 78 98 59 63 5F 52 01 D2 12 11 00 BA 7E 7E 80 01 00 05 29 10 78 98 59 63 B0 DF 01 D3 12 11 00 D9 7E 7E 80 01 00 05 29 10 78 98 59 63 24 62 01 D4 12 11 00 F7 7E"}
{"ts":"2026-04-10T16:40:31.768Z","level":"INFO","device":"291078985963","event":"MEDIA_RX","detail":"7E 80 01 00 05 29 10 78 98 59 63 29 05 01 D5 12 11 00 9C 7E 7E 80 01 00 05 29 10 78 98 59 63 44 DD 01 D6 12 11 00 2A 7E 7E 80 01 00 05 29 10 78 98 59 63 3B DC 01 D7 12 11 00 55 7E 7E 80 01 00 05 29 10 78 98 59 63 35 FB 01 D8 12 11 00 73 7E 7E 80 01 00 05 29 10 78 98 59 63 95 AC 01 D9 12 11 00 85 7E 7E 80 01 00 05 29 10 78 98 59 63 10 BF 01 DA 12 11 00 10 7E 7E 80 01 00 05 29 10 78 98 59 63 5B 9E 01 DB 12 11 00 7B 7E 7E 80 01 00 05 29 10 78 98 59 63 DD 98 01 DC 12 11 00 FC 7E 7E 80 01 00 05 29 10 78 98 59 63 F4 E1 01 DD 12 11 00 AD 7E 7E 80 01 00 05 29 10 78 98 59 63 55 8D 01 DE 12 11 00 63 7E 7E 80 01 00 05 29 10 78 98 59 63 9C F3 01 DF 12 11 00 D5 7E 7E 80 01 00 05 29 10 78 98 59 63 8F 94 01 E0 12 11 00 9E 7E 7E 80 01 00 05 29 10 78 98 59 63 2E E1 01 E1 12 11 00 4B 7E 7E 80 01 00 05 29 10 78 98 59 63 A9 13 01 E2 12 11 00 3D 7E 7E 80 01 00 05 29 10 78 98 59 63 21 9D 01 E3 12 11 00 3A 7E 7E 80 01 00 05 29 10 78 98 59 63 2B 6F 01 E4 12 11 00 C5 7E 7E 80 01 00 05 29 10 78 98 59 63 24 F6 01 E5 12 11 00 52 7E 7E 80 01 00 05 29 10 78 98 59 63 5F 46 01 E6 12 11 00 9A 7E 7E 80 01 00 05 29 10 78 98 59 63 13 7D 02 01 E7 12 11 00 EF 7E 7E 80 01 00 05 29 10 78 98 59 63 F0 D9 01 E8 12 11 00 A4 7E 7E 80 01 00 05 29 10 78 98 59 63 26 A5 01 E9 12 11 00 0F 7E 7E 80 01 00 05 29 10 78 98 59 63 F6 38 01 EA 12 11 00 41 7E 7E 80 01 00 05 29 10 78 98 59 63 F0 DD 01 EB 12 11 00 A3 7E 7E 80 01 00 05 29 10 78 98 59 63 C0 E1 01 EC 12 11 00 A8 7E 7E 80 01 00 05 29 10 78 98 59 63 7D 02 9C 01 ED 12 11 00 6A 7E 7E 80 01 00 05 29 10 78 98 59 63 D8 E9 01 EE 12 11 00 BA 7E 7E 80 01 00 05 29 10 78 98 59 63 BB 71 01 EF 12 11 00 40 7E 7E 80 01 00 05 29 10 78 98 59 63 BE A3 01 F0 12 11 00 88 7E 7E 80 01 00 05 29 10 78 98 59 63 6B E3 01 F1 12 11 00 1C 7E 7E 80 01 00 05 29 10 78 98 59 63 02 B6 01 F2 12 11 00 23 7E 7E 80 01 00 05 29 10 78 98 59 63 F3 64 01 F3 12 11 00 01 7E 7E 80 01 00 05 29 10 78 98 59 63 90 CF 01 F4 12 11 00 CE 7E 7E 80 01 00 05 29 10 78 98 59 63 1A BC 01 F5 12 11 00 36 7E 7E 80 01 00 05 29 10 78 98 59 63 7A 3A 01 F6 12 11 00 D3 7E 7E 80 01 00 05 29 10 78 98 59 63 CB 1F 01 F7 12 11 00 46 7E 7E 80 01 00 05 29 10 78 98 59 63 86 7D 01 01 F8 12 11 00 66 7E 7E 80 01 00 05 29 10 78 98 59 63 DC 92 01 F9 12 11 00 D2 7E 7E 80 01 00 05 29 10 78 98 59 63 18 B7 01 FA 12 11 00 30 7E 7E 80 01 00 05 29 10 78 98 59 63 16 37 01 FB 12 11 00 BF 7E 7E 80 01 00 05 29 10 78 98 59 63 07 C7 01 FC 12 11 00 59 7E 7E 80 01 00 05 29 10 78 98 59 63 4D 64 01 FD 12 11 00 B1 7E 7E 80 01 00 05 29 10 78 98 59 63 30 89 01 FE 12 11 00 22 7E 7E 80 01 00 05 29 10 78 98 59 63 27 24 01 FF 12 11 00 99 7E 7E 80 01 00 05 29 10 78 98 59 63 6C 39 02 00 12 11 00 33 7E 7E 80 01 00 05 29 10 78 98 59 63 B2 78 02 01 12 11 00 AD 7E 7E 80 01 00 05 29 10 78 98 59 63 9D 43 02 02 12 11 00 BA 7E 7E 80 01 00 05 29 10 78 98 59 63 D4 1F 02 03 12 11 00 AE 7E"}
{"ts":"2026-04-10T16:40:31.979Z","level":"INFO","device":"291078985963","event":"MEDIA_RX","detail":"7E 80 01 00 05 29 10 78 98 59 63 A8 E0 02 04 12 11 00 2A 7E 7E 80 01 00 05 29 10 78 98 59 63 B6 92 02 05 12 11 00 47 7E 7E 80 01 00 05 29 10 78 98 59 63 DB F9 02 06 12 11 00 42 7E 7E 80 01 00 05 29 10 78 98 59 63 C4 88 02 07 12 11 00 2D 7E 7E 80 01 00 05 29 10 78 98 59 63 0C 28 02 08 12 11 00 4A 7E 7E 80 01 00 05 29 10 78 98 59 63 52 92 02 09 12 11 00 AF 7E 7E 80 01 00 05 29 10 78 98 59 63 1A 3C 02 0A 12 11 00 4A 7E 7E 80 01 00 05 29 10 78 98 59 63 96 AC 02 0B 12 11 00 57 7E 7E 80 01 00 05 29 10 78 98 59 63 D2 21 02 0C 12 11 00 99 7E 7E 80 01 00 05 29 10 78 98 59 63 C4 91 02 0D 12 11 00 3E 7E 7E 80 01 00 05 29 10 78 98 59 63 4E 7A 02 0E 12 11 00 5C 7E 7E 80 01 00 05 29 10 78 98 59 63 92 B3 02 0F 12 11 00 48 7E 7E 80 01 00 05 29 10 78 98 59 63 C1 79 02 10 12 11 00 CE 7E 7E 80 01 00 05 29 10 78 98 59 63 11 8D 02 11 12 11 00 EB 7E 7E 80 01 00 05 29 10 78 98 59 63 6D 35 02 12 12 11 00 2C 7E 7E 80 01 00 05 29 10 78 98 59 63 AA 9C 02 13 12 11 00 43 7E 7E 80 01 00 05 29 10 78 98 59 63 03 D6 02 14 12 11 00 A7 7E 7E 80 01 00 05 29 10 78 98 59 63 2B C4 02 15 12 11 00 9C 7E 7E 80 01 00 05 29 10 78 98 59 63 C2 86 02 16 12 11 00 34 7E 7E 80 01 00 05 29 10 78 98 59 63 1E ED 02 17 12 11 00 82 7E 7E 80 01 00 05 29 10 78 98 59 63 E5 D4 02 18 12 11 00 4F 7E 7E 80 01 00 05 29 10 78 98 59 63 48 4D 02 19 12 11 00 7A 7E 7E 80 01 00 05 29 10 78 98 59 63 FC 8F 02 1A 12 11 00 0F 7E 7E 80 01 00 05 29 10 78 98 59 63 83 2B 02 1B 12 11 00 D5 7E 7E 80 01 00 05 29 10 78 98 59 63 76 2F 02 1C 12 11 00 23 7E 7E 80 01 00 05 29 10 78 98 59 63 A7 A7 02 1D 12 11 00 7B 7E 7E 80 01 00 05 29 10 78 98 59 63 CD E3 02 1E 12 11 00 56 7E 7E 80 01 00 05 29 10 78 98 59 63 67 A0 02 1F 12 11 00 BE 7E 7E 80 01 00 05 29 10 78 98 59 63 D0 3F 02 20 12 11 00 A9 7E 7E 80 01 00 05 29 10 78 98 59 63 E2 E5 02 21 12 11 00 40 7E 7E 80 01 00 05 29 10 78 98 59 63 94 42 02 22 12 11 00 92 7E 7E 80 01 00 05 29 10 78 98 59 63 DF B1 02 23 12 11 00 2B 7E 7E 80 01 00 05 29 10 78 98 59 63 9F 5E 02 24 12 11 00 83 7E 7E 80 01 00 05 29 10 78 98 59 63 B0 1E 02 25 12 11 00 ED 7E 7E 80 01 00 05 29 10 78 98 59 63 BA D2 02 26 12 11 00 28 7E 7E 80 01 00 05 29 10 78 98 59 63 EB 6E 02 27 12 11 00 C4 7E 7E 80 01 00 05 29 10 78 98 59 63 D0 FB 02 28 12 11 00 65 7E 7E 80 01 00 05 29 10 78 98 59 63 03 7F 02 29 12 11 00 33 7E"}
{"ts":"2026-04-10T16:40:32.191Z","level":"INFO","device":"291078985963","event":"MEDIA_RX","detail":"7E 80 01 00 05 29 10 78 98 59 63 C8 DE 02 2A 12 11 00 5A 7E 7E 80 01 00 05 29 10 78 98 59 63 7D 01 1D 02 2B 12 11 00 2D 7E 7E 80 01 00 05 29 10 78 98 59 63 91 74 02 2C 12 11 00 AF 7E 7E 80 01 00 05 29 10 78 98 59 63 BB AA 02 2D 12 11 00 5A 7E 7E 80 01 00 05 29 10 78 98 59 63 4C ED 02 2E 12 11 00 E9 7E 7E 80 01 00 05 29 10 78 98 59 63 1C 16 02 2F 12 11 00 43 7E 7E 80 01 00 05 29 10 78 98 59 63 23 33 02 30 12 11 00 46 7E 7E 80 01 00 05 29 10 78 98 59 63 52 7F 02 31 12 11 00 7A 7E 7E 80 01 00 05 29 10 78 98 59 63 AF CB 02 32 12 11 00 30 7E 7E 80 01 00 05 29 10 78 98 59 63 7D 02 9B 02 33 12 11 00 B0 7E 7E 80 01 00 05 29 10 78 98 59 63 50 B9 02 34 12 11 00 BB 7E 7E 80 01 00 05 29 10 78 98 59 63 2B 08 02 35 12 11 00 70 7E 7E 80 01 00 05 29 10 78 98 59 63 F9 92 02 36 12 11 00 3B 7E 7E 80 01 00 05 29 10 78 98 59 63 72 5A 02 37 12 11 00 79 7E 7E 80 01 00 05 29 10 78 98 59 63 ED B8 02 38 12 11 00 0B 7E 7E 80 01 00 05 29 10 78 98 59 63 6C 57 02 39 12 11 00 64 7E 7E 80 01 00 05 29 10 78 98 59 63 29 CB 02 3A 12 11 00 BE 7E 7E 80 01 00 05 29 10 78 98 59 63 40 BF 02 3B 12 11 00 A2 7E 7E 80 01 00 05 29 10 78 98 59 63 C0 0D 02 3C 12 11 00 97 7E 7E 80 01 00 05 29 10 78 98 59 63 32 50 02 3D 12 11 00 39 7E 7E 80 01 00 05 29 10 78 98 59 63 E1 B2 02 3E 12 11 00 0B 7E 7E 80 01 00 05 29 10 78 98 59 63 7C 6E 02 3F 12 11 00 4B 7E 7E 80 01 00 05 29 10 78 98 59 63 24 A1 02 40 12 11 00 A3 7E 7E 80 01 00 05 29 10 78 98 59 63 85 39 02 41 12 11 00 9B 7E 7E 80 01 00 05 29 10 78 98 59 63 EA 92 02 42 12 11 00 5C 7E"}
{"ts":"2026-04-10T16:40:32.403Z","level":"INFO","device":"291078985963","event":"MEDIA_RX","detail":"7E 80 01 00 05 29 10 78 98 59 63 7D 01 E6 02 43 12 11 00 BE 7E 7E 80 01 00 05 29 10 78 98 59 63 ED 35 02 44 12 11 00 FA 7E 7E 80 01 00 05 29 10 78 98 59 63 B3 E6 02 45 12 11 00 76 7E 7E 80 01 00 05 29 10 78 98 59 63 73 59 02 46 12 11 00 0A 7E 7E 80 01 00 05 29 10 78 98 59 63 23 0A 02 47 12 11 00 08 7E 7E 80 01 00 05 29 10 78 98 59 63 EE 2F 02 48 12 11 00 EF 7E 7E 80 01 00 05 29 10 78 98 59 63 62 06 02 49 12 11 00 4B 7E 7E 80 01 00 05 29 10 78 98 59 63 A4 FD 02 4A 12 11 00 75 7E 7E 80 01 00 05 29 10 78 98 59 63 F2 82 02 4B 12 11 00 5D 7E 7E 80 01 00 05 29 10 78 98 59 63 3C 17 02 4C 12 11 00 01 7E 7E 80 01 00 05 29 10 78 98 59 63 1A 69 02 4D 12 11 00 58 7E 7E 80 01 00 05 29 10 78 98 59 63 97 91 02 4E 12 11 00 2E 7E 7E 80 01 00 05 29 10 78 98 59 63 2C 1C 02 4F 12 11 00 19 7E 7E 80 01 00 05 29 10 78 98 59 63 4E C5 02 50 12 11 00 BD 7E 7E 80 01 00 05 29 10 78 98 59 63 97 3E 02 51 12 11 00 9E 7E 7E 80 01 00 05 29 10 78 98 59 63 4C D1 02 52 12 11 00 A9 7E 7E 80 01 00 05 29 10 78 98 59 63 CC AC 02 53 12 11 00 55 7E 7E 80 01 00 05 29 10 78 98 59 63 4C B1 02 54 12 11 00 CF 7E 7E 80 01 00 05 29 10 78 98 59 63 03 FE 02 55 12 11 00 CE 7E 7E 80 01 00 05 29 10 78 98 59 63 14 01 02 56 12 11 00 25 7E 7E 80 01 00 05 29 10 78 98 59 63 FD 34 02 57 12 11 00 F8 7E 7E 80 01 00 05 29 10 78 98 59 63 B4 18 02 58 12 11 00 92 7E 7E 80 01 00 05 29 10 78 98 59 63 C5 7B 02 59 12 11 00 81 7E 7E 80 01 00 05 29 10 78 98 59 63 60 99 02 5A 12 11 00 C5 7E 7E 80 01 00 05 29 10 78 98 59 63 DC B9 02 5B 12 11 00 58 7E 7E 80 01 00 05 29 10 78 98 59 63 A1 1D 02 5C 12 11 00 86 7E 7E 80 01 00 05 29 10 78 98 59 63 8B 76 02 5D 12 11 00 C6 7E 7E 80 01 00 05 29 10 78 98 59 63 EC 18 02 5E 12 11 00 CC 7E 7E 80 01 00 05 29 10 78 98 59 63 2C 5B 02 5F 12 11 00 4E 7E 7E 80 01 00 05 29 10 78 98 59 63 1C DE 02 60 12 11 00 C4 7E 7E 80 01 00 05 29 10 78 98 59 63 1B 61 02 61 12 11 00 7D 01 7E 7E 80 01 00 05 29 10 78 98 59 63 DA BC 02 62 12 11 00 62 7E 7E 80 01 00 05 29 10 78 98 59 63 85 20 02 63 12 11 00 A0 7E 7E 80 01 00 05 29 10 78 98 59 63 B4 C1 02 64 12 11 00 77 7E 7E 80 01 00 05 29 10 78 98 59 63 9F 30 02 65 12 11 00 AC 7E 7E 80 01 00 05 29 10 78 98 59 63 74 92 02 66 12 11 00 E6 7E 7E 80 01 00 05 29 10 78 98 59 63 95 E4 02 67 12 11 00 70 7E 7E 80 01 00 05 29 10 78 98 59 63 E3 10 02 68 12 11 00 FD 7E 7E 80 01 00 05 29 10 78 98 59 63 CA 12 02 69 12 11 00 D7 7E 7E 80 01 00 05 29 10 78 98 59 63 9F 6C 02 6A 12 11 00 FF 7E 7E 80 01 00 05 29 10 78 98 59 63 4E 7F 02 6B 12 11 00 3C 7E 7E 80 01 00 05 29 10 78 98 59 63 27 14 02 6C 12 11 00 39 7E 7E 80 01 00 05 29 10 78 98 59 63 57 4A 02 6D 12 11 00 16 7E 7E 80 01 00 05 29 10 78 98 59 63 68 09 02 6E 12 11 00 69 7E 7E 80 01 00 05 29 10 78 98 59 63 6E 55 02 6F 12 11 00 32 7E 7E 80 01 00 05 29 10 78 98 59 63 7C B9 02 70 12 11 00 D3 7E 7E 80 01 00 05 29 10 78 98 59 63 60 B8 02 71 12 11 00 CF 7E 7E 80 01 00 05 29 10 78 98 59 63 36 F7 02 72 12 11 00 D5 7E 7E 80 01 00 05 29 10 78 98 59 63 9D C4 02 73 12 11 00 4C 7E 7E 80 01 00 05 29 10 78 98 59 63 AC 74 02 74 12 11 00 CA 7E 7E 80 01 00 05 29 10 78 98 59 63 52 76 02 75 12 11 00 37 7E 7E 80 01 00 05 29 10 78 98 59 63 B8 86 02 76 12 11 00 2E 7E 7E 80 01 00 05 29 10 78 98 59 63 C4 45 02 77 12 11 00 90 7E"}
{"ts":"2026-04-10T16:40:32.614Z","level":"INFO","device":"291078985963","event":"MEDIA_RX","detail":"7E 80 01 00 05 29 10 78 98 59 63 B2 34 02 78 12 11 00 98 7E 7E 80 01 00 05 29 10 78 98 59 63 59 67 02 79 12 11 00 21 7E 7E 80 01 00 05 29 10 78 98 59 63 39 B5 02 7A 12 11 00 90 7E 7E 80 01 00 05 29 10 78 98 59 63 B6 4A 02 7B 12 11 00 E1 7E 7E 80 01 00 05 29 10 78 98 59 63 29 F7 02 7C 12 11 00 C4 7E 7E 80 01 00 05 29 10 78 98 59 63 A7 CB 02 7D 01 12 11 00 77 7E 7E 80 01 00 05 29 10 78 98 59 63 D3 2E 02 7D 02 12 11 00 E5 7E 7E 80 01 00 05 29 10 78 98 59 63 5A 1A 02 7F 12 11 00 59 7E 7E 80 01 00 05 29 10 78 98 59 63 DF E9 02 80 12 11 00 D0 7E 7E 80 01 00 05 29 10 78 98 59 63 20 7B 02 81 12 11 00 BC 7E 7E 80 01 00 05 29 10 78 98 59 63 0E D9 02 82 12 11 00 33 7E 7E 80 01 00 05 29 10 78 98 59 63 53 24 02 83 12 11 00 92 7E 7E 80 01 00 05 29 10 78 98 59 63 94 39 02 84 12 11 00 4F 7E 7E 80 01 00 05 29 10 78 98 59 63 15 95 02 85 12 11 00 63 7E 7E 80 01 00 05 29 10 78 98 59 63 22 14 02 86 12 11 00 D6 7E 7E 80 01 00 05 29 10 78 98 59 63 EE 31 02 87 12 11 00 3E 7E 7E 80 01 00 05 29 10 78 98 59 63 7F 21 02 88 12 11 00 B0 7E 7E 80 01 00 05 29 10 78 98 59 63 3F 2B 02 89 12 11 00 FB 7E 7E 80 01 00 05 29 10 78 98 59 63 CF 37 02 8A 12 11 00 14 7E 7E 80 01 00 05 29 10 78 98 59 63 F8 01 02 8B 12 11 00 14 7E 7E 80 01 00 05 29 10 78 98 59 63 A0 31 02 8C 12 11 00 7B 7E 7E 80 01 00 05 29 10 78 98 59 63 53 31 02 8D 12 11 00 89 7E 7E 80 01 00 05 29 10 78 98 59 63 04 C2 02 8E 12 11 00 2E 7E 7E 80 01 00 05 29 10 78 98 59 63 0B 58 02 8F 12 11 00 BA 7E 7E 80 01 00 05 29 10 78 98 59 63 78 5A 02 90 12 11 00 D4 7E 7E 80 01 00 05 29 10 78 98 59 63 35 E2 02 91 12 11 00 20 7E 7E 80 01 00 05 29 10 78 98 59 63 03 C3 02 92 12 11 00 34 7E 7E 80 01 00 05 29 10 78 98 59 63 99 80 02 93 12 11 00 EC 7E 7E 80 01 00 05 29 10 78 98 59 63 0B CB 02 94 12 11 00 32 7E 7E 80 01 00 05 29 10 78 98 59 63 CB D4 02 95 12 11 00 EC 7E 7E 80 01 00 05 29 10 78 98 59 63 C5 65 02 96 12 11 00 50 7E 7E 80 01 00 05 29 10 78 98 59 63 E7 A2 02 97 12 11 00 B4 7E 7E 80 01 00 05 29 10 78 98 59 63 DB 21 02 98 12 11 00 04 7E 7E 80 01 00 05 29 10 78 98 59 63 C8 77 02 99 12 11 00 40 7E 7E 80 01 00 05 29 10 78 98 59 63 84 9F 02 9A 12 11 00 E7 7E 7E 80 01 00 05 29 10 78 98 59 63 C9 D0 02 9B 12 11 00 E4 7E 7E 80 01 00 05 29 10 78 98 59 63 A2 67 02 9C 12 11 00 3F 7E 7E 80 01 00 05 29 10 78 98 59 63 22 7B 02 9D 12 11 00 A2 7E 7E 80 01 00 05 29 10 78 98 59 63 0E 49 02 9E 12 11 00 BF 7E"}
{"ts":"2026-04-10T16:40:32.826Z","level":"INFO","device":"291078985963","event":"MEDIA_RX","detail":"7E 80 01 00 05 29 10 78 98 59 63 5E 3E 02 9F 12 11 00 99 7E 7E 80 01 00 05 29 10 78 98 59 63 1F 28 02 A0 12 11 00 F1 7E 7E 80 01 00 05 29 10 78 98 59 63 9B 58 02 A1 12 11 00 04 7E 7E 80 01 00 05 29 10 78 98 59 63 1A 70 02 A2 12 11 00 AE 7E 7E 80 01 00 05 29 10 78 98 59 63 8F 9A 02 A3 12 11 00 D0 7E 7E 80 01 00 05 29 10 78 98 59 63 D0 6E 02 A4 12 11 00 7C 7E 7E 80 01 00 05 29 10 78 98 59 63 31 AD 02 A5 12 11 00 5F 7E 7E 80 01 00 05 29 10 78 98 59 63 BA 7D 02 02 A6 12 11 00 04 7E 7E 80 01 00 05 29 10 78 98 59 63 AF 04 02 A7 12 11 00 6A 7E 7E 80 01 00 05 29 10 78 98 59 63 53 DF 02 A8 12 11 00 42 7E 7E 80 01 00 05 29 10 78 98 59 63 9A E0 02 A9 12 11 00 B5 7E 7E 80 01 00 05 29 10 78 98 59 63 22 62 02 AA 12 11 00 8C 7E 7E 80 01 00 05 29 10 78 98 59 63 3C C4 02 AB 12 11 00 35 7E 7E 80 01 00 05 29 10 78 98 59 63 94 27 02 AC 12 11 00 79 7E 7E 80 01 00 05 29 10 78 98 59 63 5F 16 02 AD 12 11 00 82 7E 7E 80 01 00 05 29 10 78 98 59 63 55 D5 02 AE 12 11 00 48 7E 7E 80 01 00 05 29 10 78 98 59 63 FD B3 02 AF 12 11 00 87 7E 7E 80 01 00 05 29 10 78 98 59 63 59 F8 02 B0 12 11 00 77 7E 7E 80 01 00 05 29 10 78 98 59 63 2C 90 02 B1 12 11 00 6B 7E 7E 80 01 00 05 29 10 78 98 59 63 7C 35 02 B2 12 11 00 9D 7E 7E 80 01 00 05 29 10 78 98 59 63 9A BC 02 B3 12 11 00 F3 7E 7E 80 01 00 05 29 10 78 98 59 63 45 96 02 B4 12 11 00 01 7E 7E 80 01 00 05 29 10 78 98 59 63 B2 17 02 B5 12 11 00 76 7E 7E 80 01 00 05 29 10 78 98 59 63 B9 94 02 B6 12 11 00 FD 7E 7E 80 01 00 05 29 10 78 98 59 63 D0 B4 02 B7 12 11 00 B5 7E 7E 80 01 00 05 29 10 78 98 59 63 42 F9 02 B8 12 11 00 65 7E 7E 80 01 00 05 29 10 78 98 59 63 DB 75 02 B9 12 11 00 71 7E 7E 80 01 00 05 29 10 78 98 59 63 3F ED 02 BA 12 11 00 0E 7E 7E 80 01 00 05 29 10 78 98 59 63 D6 D1 02 BB 12 11 00 DA 7E 7E 80 01 00 05 29 10 78 98 59 63 D0 6C 02 BC 12 11 00 66 7E 7E 80 01 00 05 29 10 78 98 59 63 99 F6 02 BD 12 11 00 B4 7E 7E 80 01 00 05 29 10 78 98 59 63 11 43 02 BE 12 11 00 8A 7E 7E 80 01 00 05 29 10 78 98 59 63 63 C4 02 BF 12 11 00 7D 02 7E 7E 80 01 00 05 29 10 78 98 59 63 12 41 02 C0 12 11 00 F5 7E 7E 80 01 00 05 29 10 78 98 59 63 64 E5 02 C1 12 11 00 26 7E 7E 80 01 00 05 29 10 78 98 59 63 3C BC 02 C2 12 11 00 24 7E 7E 80 01 00 05 29 10 78 98 59 63 C9 6E 02 C3 12 11 00 02 7E 7E 80 01 00 05 29 10 78 98 59 63 4D 1D 02 C4 12 11 00 F2 7E 7E 80 01 00 05 29 10 78 98 59 63 4C 17 02 C5 12 11 00 F8 7E 7E 80 01 00 05 29 10 78 98 59 63 44 96 02 C6 12 11 00 72 7E"}
{"ts":"2026-04-10T16:40:33.039Z","level":"INFO","device":"291078985963","event":"MEDIA_RX","detail":"7E 80 01 00 05 29 10 78 98 59 63 E5 DC 02 C7 12 11 00 98 7E 7E 80 01 00 05 29 10 78 98 59 63 F3 B3 02 C8 12 11 00 EE 7E 7E 80 01 00 05 29 10 78 98 59 63 BD F6 02 C9 12 11 00 E4 7E 7E 80 01 00 05 29 10 78 98 59 63 E7 12 02 CA 12 11 00 59 7E 7E 80 01 00 05 29 10 78 98 59 63 23 4F 02 CB 12 11 00 C1 7E 7E 80 01 00 05 29 10 78 98 59 63 A5 A8 02 CC 12 11 00 A7 7E 7E 80 01 00 05 29 10 78 98 59 63 BA 5C 02 CD 12 11 00 4D 7E 7E 80 01 00 05 29 10 78 98 59 63 01 AE 02 CE 12 11 00 07 7E 7E 80 01 00 05 29 10 78 98 59 63 E6 3C 02 CF 12 11 00 73 7E 7E 80 01 00 05 29 10 78 98 59 63 F2 BA 02 D0 12 11 00 FE 7E 7E 80 01 00 05 29 10 78 98 59 63 C8 A6 02 D1 12 11 00 D9 7E 7E 80 01 00 05 29 10 78 98 59 63 72 18 02 D2 12 11 00 DE 7E 7E 80 01 00 05 29 10 78 98 59 63 33 E4 02 D3 12 11 00 62 7E 7E 80 01 00 05 29 10 78 98 59 63 AC 6B 02 D4 12 11 00 75 7E 7E 80 01 00 05 29 10 78 98 59 63 2F 91 02 D5 12 11 00 0D 7E 7E 80 01 00 05 29 10 78 98 59 63 AC C5 02 D6 12 11 00 D9 7E 7E 80 01 00 05 29 10 78 98 59 63 ED 5E 02 D7 12 11 00 02 7E 7E 80 01 00 05 29 10 78 98 59 63 FF 05 02 D8 12 11 00 44 7E 7E 80 01 00 05 29 10 78 98 59 63 E8 33 02 D9 12 11 00 64 7E 7E 80 01 00 05 29 10 78 98 59 63 41 60 02 DA 12 11 00 9D 7E 7E 80 01 00 05 29 10 78 98 59 63 70 DD 02 DB 12 11 00 10 7E 7E 80 01 00 05 29 10 78 98 59 63 70 B2 02 DC 12 11 00 78 7E 7E 80 01 00 05 29 10 78 98 59 63 AB 0F 02 DD 12 11 00 1F 7E 7E 80 01 00 05 29 10 78 98 59 63 B8 3F 02 DE 12 11 00 3F 7E 7E 80 01 00 05 29 10 78 98 59 63 A2 55 02 DF 12 11 00 4E 7E 7E 80 01 00 05 29 10 78 98 59 63 05 DA 02 E0 12 11 00 59 7E 7E 80 01 00 05 29 10 78 98 59 63 99 DA 02 E1 12 11 00 C4 7E 7E 80 01 00 05 29 10 78 98 59 63 95 80 02 E2 12 11 00 91 7E 7E 80 01 00 05 29 10 78 98 59 63 12 35 02 E3 12 11 00 A2 7E 7E 80 01 00 05 29 10 78 98 59 63 56 85 02 E4 12 11 00 51 7E 7E 80 01 00 05 29 10 78 98 59 63 B1 EF 02 E5 12 11 00 DD 7E 7E 80 01 00 05 29 10 78 98 59 63 A0 40 02 E6 12 11 00 60 7E 7E 80 01 00 05 29 10 78 98 59 63 67 CE 02 E7 12 11 00 28 7E 7E 80 01 00 05 29 10 78 98 59 63 DD DA 02 E8 12 11 00 89 7E 7E 80 01 00 05 29 10 78 98 59 63 8C 70 02 E9 12 11 00 73 7E 7E 80 01 00 05 29 10 78 98 59 63 41 EE 02 EA 12 11 00 23 7E 7E 80 01 00 05 29 10 78 98 59 63 49 A3 02 EB 12 11 00 67 7E 7E 80 01 00 05 29 10 78 98 59 63 AD D1 02 EC 12 11 00 F6 7E 7E 80 01 00 05 29 10 78 98 59 63 FE D5 02 ED 12 11 00 A0 7E"}
{"ts":"2026-04-10T16:40:33.251Z","level":"INFO","device":"291078985963","event":"MEDIA_RX","detail":"7E 80 01 00 05 29 10 78 98 59 63 57 6B 02 EE 12 11 00 B4 7E 7E 80 01 00 05 29 10 78 98 59 63 4D 7B 02 EF 12 11 00 BF 7E 7E 80 01 00 05 29 10 78 98 59 63 E4 D1 02 F0 12 11 00 A3 7E 7E 80 01 00 05 29 10 78 98 59 63 A5 02 02 F1 12 11 00 30 7E 7E 80 01 00 05 29 10 78 98 59 63 85 3F 02 F2 12 11 00 2E 7E 7E 80 01 00 05 29 10 78 98 59 63 6F F6 02 F3 12 11 00 0C 7E 7E 80 01 00 05 29 10 78 98 59 63 06 61 02 F4 12 11 00 F5 7E 7E 80 01 00 05 29 10 78 98 59 63 D4 2C 02 F5 12 11 00 6B 7E 7E 80 01 00 05 29 10 78 98 59 63 0C CD 02 F6 12 11 00 51 7E 7E 80 01 00 05 29 10 78 98 59 63 56 A8 02 F7 12 11 00 6F 7E 7E 80 01 00 05 29 10 78 98 59 63 C6 9A 02 F8 12 11 00 C2 7E 7E 80 01 00 05 29 10 78 98 59 63 83 EE 02 F9 12 11 00 F2 7E 7E 80 01 00 05 29 10 78 98 59 63 28 0E 02 FA 12 11 00 BA 7E 7E 80 01 00 05 29 10 78 98 59 63 73 24 02 FB 12 11 00 CA 7E 7E 80 01 00 05 29 10 78 98 59 63 13 CE 02 FC 12 11 00 47 7E 7E 80 01 00 05 29 10 78 98 59 63 97 1E 02 FD 12 11 00 12 7E 7E 80 01 00 05 29 10 78 98 59 63 1E 99 02 FE 12 11 00 1F 7E 7E 80 01 00 05 29 10 78 98 59 63 43 47 02 FF 12 11 00 9D 7E 7E 80 01 00 05 29 10 78 98 59 63 EA D2 03 00 12 11 00 5F 7E 7E 80 01 00 05 29 10 78 98 59 63 B8 CA 03 01 12 11 00 14 7E 7E 80 01 00 05 29 10 78 98 59 63 36 47 03 02 12 11 00 14 7E 7E 80 01 00 05 29 10 78 98 59 63 0F 66 03 03 12 11 00 0D 7E 7E 80 01 00 05 29 10 78 98 59 63 40 78 03 04 12 11 00 5B 7E 7E 80 01 00 05 29 10 78 98 59 63 1C EC 03 05 12 11 00 92 7E 7E 80 01 00 05 29 10 78 98 59 63 85 5E 03 06 12 11 00 BA 7E 7E 80 01 00 05 29 10 78 98 59 63 9C 3D 03 07 12 11 00 C1 7E 7E 80 01 00 05 29 10 78 98 59 63 F0 8D 03 08 12 11 00 12 7E 7E 80 01 00 05 29 10 78 98 59 63 EA 2C 03 09 12 11 00 A8 7E 7E 80 01 00 05 29 10 78 98 59 63 07 16 03 0A 12 11 00 7C 7E 7E 80 01 00 05 29 10 78 98 59 63 44 1C 03 0B 12 11 00 34 7E 7E 80 01 00 05 29 10 78 98 59 63 90 B6 03 0C 12 11 00 4D 7E 7E 80 01 00 05 29 10 78 98 59 63 F2 95 03 0D 12 11 00 0D 7E 7E 80 01 00 05 29 10 78 98 59 63 F8 7D 02 03 0E 12 11 00 EF 7E 7E 80 01 00 05 29 10 78 98 59 63 78 29 03 0F 12 11 00 39 7E 7E 80 01 00 05 29 10 78 98 59 63 64 55 03 10 12 11 00 46 7E 7E 80 01 00 05 29 10 78 98 59 63 92 C1 03 11 12 11 00 25 7E 7E 80 01 00 05 29 10 78 98 59 63 65 61 03 12 12 11 00 71 7E 7E 80 01 00 05 29 10 78 98 59 63 DB AC 03 13 12 11 00 03 7E"}
{"ts":"2026-04-10T16:40:33.462Z","level":"INFO","device":"291078985963","event":"MEDIA_RX","detail":"7E 80 01 00 05 29 10 78 98 59 63 80 06 03 14 12 11 00 F5 7E 7E 80 01 00 05 29 10 78 98 59 63 A3 78 03 15 12 11 00 A9 7E 7E 80 01 00 05 29 10 78 98 59 63 B0 9F 03 16 12 11 00 5E 7E 7E 80 01 00 05 29 10 78 98 59 63 4F D7 03 17 12 11 00 E8 7E 7E 80 01 00 05 29 10 78 98 59 63 BE 47 03 18 12 11 00 86 7E 7E 80 01 00 05 29 10 78 98 59 63 8A 20 03 19 12 11 00 D4 7E 7E 80 01 00 05 29 10 78 98 59 63 DF 01 03 1A 12 11 00 A3 7E 7E 80 01 00 05 29 10 78 98 59 63 D1 58 03 1B 12 11 00 F5 7E 7E 80 01 00 05 29 10 78 98 59 63 5F 1C 03 1C 12 11 00 38 7E 7E 80 01 00 05 29 10 78 98 59 63 76 75 03 1D 12 11 00 79 7E 7E 80 01 00 05 29 10 78 98 59 63 5A FE 03 1E 12 11 00 DD 7E 7E 80 01 00 05 29 10 78 98 59 63 DD 42 03 1F 12 11 00 E7 7E 7E 80 01 00 05 29 10 78 98 59 63 11 2D 03 20 12 11 00 7B 7E 7E 80 01 00 05 29 10 78 98 59 63 EF 4B 03 21 12 11 00 E2 7E 7E 80 01 00 05 29 10 78 98 59 63 DC 1E 03 22 12 11 00 87 7E 7E 80 01 00 05 29 10 78 98 59 63 ED AF 03 23 12 11 00 06 7E 7E 80 01 00 05 29 10 78 98 59 63 AA 2F 03 24 12 11 00 C6 7E 7E 80 01 00 05 29 10 78 98 59 63 40 FC 03 25 12 11 00 FE 7E 7E 80 01 00 05 29 10 78 98 59 63 9F 30 03 26 12 11 00 EE 7E 7E 80 01 00 05 29 10 78 98 59 63 BE BC 03 27 12 11 00 42 7E 7E 80 01 00 05 29 10 78 98 59 63 AB 0E 03 28 12 11 00 EA 7E 7E 80 01 00 05 29 10 78 98 59 63 7D 02 0D 03 29 12 11 00 3D 7E 7E 80 01 00 05 29 10 78 98 59 63 73 4B 03 2A 12 11 00 75 7E 7E 80 01 00 05 29 10 78 98 59 63 FB 83 03 2B 12 11 00 34 7E 7E 80 01 00 05 29 10 78 98 59 63 AF 31 03 2C 12 11 00 D5 7E 7E 80 01 00 05 29 10 78 98 59 63 3A ED 03 2D 12 11 00 9D 7E 7E 80 01 00 05 29 10 78 98 59 63 3C 72 03 2E 12 11 00 07 7E 7E 80 01 00 05 29 10 78 98 59 63 CD FE 03 2F 12 11 00 7B 7E 7E 80 01 00 05 29 10 78 98 59 63 B7 96 03 30 12 11 00 76 7E 7E 80 01 00 05 29 10 78 98 59 63 63 CA 03 31 12 11 00 FF 7E 7E 80 01 00 05 29 10 78 98 59 63 5F 20 03 32 12 11 00 2A 7E 7E 80 01 00 05 29 10 78 98 59 63 8A 5B 03 33 12 11 00 85 7E 7E 80 01 00 05 29 10 78 98 59 63 66 8B 03 34 12 11 00 BE 7E 7E 80 01 00 05 29 10 78 98 59 63 55 1F 03 35 12 11 00 18 7E 7E 80 01 00 05 29 10 78 98 59 63 5B 98 03 36 12 11 00 92 7E 7E 80 01 00 05 29 10 78 98 59 63 B5 98 03 37 12 11 00 7D 01 7E 7E 80 01 00 05 29 10 78 98 59 63 96 41 03 38 12 11 00 88 7E 7E 80 01 00 05 29 10 78 98 59 63 CF F7 03 39 12 11 00 66 7E 7E 80 01 00 05 29 10 78 98 59 63 B9 1F 03 3A 12 11 00 FB 7E"}
{"ts":"2026-04-10T16:40:33.674Z","level":"INFO","device":"291078985963","event":"MEDIA_RX","detail":"7E 80 01 00 05 29 10 78 98 59 63 43 5D 03 3B 12 11 00 42 7E 7E 80 01 00 05 29 10 78 98 59 63 DD E0 03 3C 12 11 00 66 7E 7E 80 01 00 05 29 10 78 98 59 63 14 F1 03 3D 12 11 00 BF 7E 7E 80 01 00 05 29 10 78 98 59 63 4E 7D 01 03 3E 12 11 00 6A 7E 7E 80 01 00 05 29 10 78 98 59 63 1B D0 03 3F 12 11 00 93 7E 7E 80 01 00 05 29 10 78 98 59 63 FC 20 03 40 12 11 00 FB 7E 7E 80 01 00 05 29 10 78 98 59 63 D5 CF 03 41 12 11 00 3C 7E 7E 80 01 00 05 29 10 78 98 59 63 F7 8A 03 42 12 11 00 58 7E 7E 80 01 00 05 29 10 78 98 59 63 73 10 03 43 12 11 00 47 7E 7E 80 01 00 05 29 10 78 98 59 63 7D 01 4D 03 44 12 11 00 13 7E 7E 80 01 00 05 29 10 78 98 59 63 EC 00 03 45 12 11 00 CE 7E 7E 80 01 00 05 29 10 78 98 59 63 8F 54 03 46 12 11 00 FA 7E 7E 80 01 00 05 29 10 78 98 59 63 1C AC 03 47 12 11 00 90 7E 7E 80 01 00 05 29 10 78 98 59 63 BC 94 03 48 12 11 00 07 7E 7E 80 01 00 05 29 10 78 98 59 63 62 AE 03 49 12 11 00 E2 7E 7E 80 01 00 05 29 10 78 98 59 63 F4 42 03 4A 12 11 00 9B 7E 7E 80 01 00 05 29 10 78 98 59 63 EF 1F 03 4B 12 11 00 DC 7E 7E 80 01 00 05 29 10 78 98 59 63 53 04 03 4C 12 11 00 7C 7E 7E 80 01 00 05 29 10 78 98 59 63 D3 A8 03 4D 12 11 00 51 7E 7E 80 01 00 05 29 10 78 98 59 63 8C CB 03 4E 12 11 00 6E 7E 7E 80 01 00 05 29 10 78 98 59 63 35 DB 03 4F 12 11 00 C6 7E 7E 80 01 00 05 29 10 78 98 59 63 29 5C 03 50 12 11 00 42 7E 7E 80 01 00 05 29 10 78 98 59 63 E5 68 03 51 12 11 00 BB 7E 7E 80 01 00 05 29 10 78 98 59 63 60 A2 03 52 12 11 00 F7 7E 7E 80 01 00 05 29 10 78 98 59 63 4B 1B 03 53 12 11 00 64 7E 7E 80 01 00 05 29 10 78 98 59 63 18 CE 03 54 12 11 00 E5 7E 7E 80 01 00 05 29 10 78 98 59 63 58 71 03 55 12 11 00 1B 7E 7E 80 01 00 05 29 10 78 98 59 63 5A E6 03 56 12 11 00 8D 7E 7E 80 01 00 05 29 10 78 98 59 63 02 0C 03 57 12 11 00 3E 7E 7E 80 01 00 05 29 10 78 98 59 63 9F 6E 03 58 12 11 00 CE 7E 7E 80 01 00 05 29 10 78 98 59 63 94 46 03 59 12 11 00 EC 7E 7E 80 01 00 05 29 10 78 98 59 63 2C 80 03 5A 12 11 00 91 7E 7E 80 01 00 05 29 10 78 98 59 63 B4 68 03 5B 12 11 00 E0 7E"}
{"ts":"2026-04-10T16:40:33.885Z","level":"INFO","device":"291078985963","event":"MEDIA_RX","detail":"7E 80 01 00 05 29 10 78 98 59 63 A8 BA 03 5C 12 11 00 29 7E 7E 80 01 00 05 29 10 78 98 59 63 FF 04 03 5D 12 11 00 C1 7E 7E 80 01 00 05 29 10 78 98 59 63 3D 25 03 5E 12 11 00 21 7E 7E 80 01 00 05 29 10 78 98 59 63 67 AC 03 5F 12 11 00 F3 7E 7E 80 01 00 05 29 10 78 98 59 63 4C A2 03 60 12 11 00 E9 7E 7E 80 01 00 05 29 10 78 98 59 63 CC C7 03 61 12 11 00 0D 7E 7E 80 01 00 05 29 10 78 98 59 63 35 B5 03 62 12 11 00 85 7E 7E 80 01 00 05 29 10 78 98 59 63 D6 7A 03 63 12 11 00 A8 7E 7E 80 01 00 05 29 10 78 98 59 63 4A B6 03 64 12 11 00 FF 7E 7E 80 01 00 05 29 10 78 98 59 63 11 FE 03 65 12 11 00 ED 7E 7E 80 01 00 05 29 10 78 98 59 63 EB AD 03 66 12 11 00 47 7E 7E 80 01 00 05 29 10 78 98 59 63 46 38 03 67 12 11 00 7D 02 7E 7E 80 01 00 05 29 10 78 98 59 63 D2 81 03 68 12 11 00 5C 7E 7E 80 01 00 05 29 10 78 98 59 63 BC 7F 03 69 12 11 00 CD 7E 7E 80 01 00 05 29 10 78 98 59 63 34 F1 03 6A 12 11 00 C8 7E 7E 80 01 00 05 29 10 78 98 59 63 0F B2 03 6B 12 11 00 B1 7E 7E 80 01 00 05 29 10 78 98 59 63 1A 9B 03 6C 12 11 00 8A 7E 7E 80 01 00 05 29 10 78 98 59 63 47 C7 03 6D 12 11 00 8A 7E 7E 80 01 00 05 29 10 78 98 59 63 32 04 03 6E 12 11 00 3F 7E 7E 80 01 00 05 29 10 78 98 59 63 81 0E 03 6F 12 11 00 87 7E 7E 80 01 00 05 29 10 78 98 59 63 55 E0 03 70 12 11 00 A2 7E 7E 80 01 00 05 29 10 78 98 59 63 19 57 03 71 12 11 00 58 7E 7E 80 01 00 05 29 10 78 98 59 63 37 B5 03 72 12 11 00 97 7E 7E 80 01 00 05 29 10 78 98 59 63 24 BC 03 73 12 11 00 8C 7E 7E 80 01 00 05 29 10 78 98 59 63 1D 10 03 74 12 11 00 1E 7E 7E 80 01 00 05 29 10 78 98 59 63 3F C0 03 75 12 11 00 ED 7E 7E 80 01 00 05 29 10 78 98 59 63 CC 5A 03 76 12 11 00 87 7E 7E 80 01 00 05 29 10 78 98 59 63 2B 8E 03 77 12 11 00 B5 7E 7E 80 01 00 05 29 10 78 98 59 63 46 54 03 78 12 11 00 0D 7E 7E 80 01 00 05 29 10 78 98 59 63 FC E5 03 79 12 11 00 07 7E 7E 80 01 00 05 29 10 78 98 59 63 86 2E 03 7A 12 11 00 B5 7E 7E 80 01 00 05 29 10 78 98 59 63 8E F8 03 7B 12 11 00 6A 7E 7E 80 01 00 05 29 10 78 98 59 63 C4 11 03 7C 12 11 00 CE 7E 7E 80 01 00 05 29 10 78 98 59 63 24 EC 03 7D 01 12 11 00 D2 7E 7E 80 01 00 05 29 10 78 98 59 63 76 EA 03 7D 02 12 11 00 85 7E 7E 80 01 00 05 29 10 78 98 59 63 D3 80 03 7F 12 11 00 4B 7E 7E 80 01 00 05 29 10 78 98 59 63 16 88 03 80 12 11 00 79 7E 7E 80 01 00 05 29 10 78 98 59 63 0B 3A 03 81 12 11 00 D7 7E 7E 80 01 00 05 29 10 78 98 59 63 01 30 03 82 12 11 00 D4 7E 7E 80 01 00 05 29 10 78 98 59 63 60 B7 03 83 12 11 00 33 7E 7E 80 01 00 05 29 10 78 98 59 63 92 F6 03 84 12 11 00 87 7E 7E 80 01 00 05 29 10 78 98 59 63 D5 C3 03 85 12 11 00 F4 7E 7E 80 01 00 05 29 10 78 98 59 63 C3 2B 03 86 12 11 00 09 7E 7E 80 01 00 05 29 10 78 98 59 63 8B B3 03 87 12 11 00 D8 7E 7E 80 01 00 05 29 10 78 98 59 63 1B E0 03 88 12 11 00 14 7E 7E 80 01 00 05 29 10 78 98 59 63 00 40 03 89 12 11 00 AE 7E"}
{"ts":"2026-04-10T16:40:34.097Z","level":"INFO","device":"291078985963","event":"MEDIA_RX","detail":"7E 80 01 00 05 29 10 78 98 59 63 09 00 03 8A 12 11 00 E4 7E 7E 80 01 00 05 29 10 78 98 59 63 6F B5 03 8B 12 11 00 36 7E 7E 80 01 00 05 29 10 78 98 59 63 48 92 03 8C 12 11 00 31 7E 7E 80 01 00 05 29 10 78 98 59 63 AF 66 03 8D 12 11 00 23 7E 7E 80 01 00 05 29 10 78 98 59 63 B1 7F 03 8E 12 11 00 27 7E 7E 80 01 00 05 29 10 78 98 59 63 D4 D7 03 8F 12 11 00 EB 7E 7E 80 01 00 05 29 10 78 98 59 63 A5 B9 03 90 12 11 00 EB 7E 7E 80 01 00 05 29 10 78 98 59 63 9D 75 03 91 12 11 00 1E 7E 7E 80 01 00 05 29 10 78 98 59 63 BA 8F 03 92 12 11 00 C0 7E 7E 80 01 00 05 29 10 78 98 59 63 8F 85 03 93 12 11 00 FE 7E 7E 80 01 00 05 29 10 78 98 59 63 B0 2F 03 94 12 11 00 6C 7E 7E 80 01 00 05 29 10 78 98 59 63 D5 CA 03 95 12 11 00 ED 7E 7E 80 01 00 05 29 10 78 98 59 63 68 AF 03 96 12 11 00 36 7E 7E 80 01 00 05 29 10 78 98 59 63 34 5E 03 97 12 11 00 9A 7E 7E 80 01 00 05 29 10 78 98 59 63 68 5E 03 98 12 11 00 C9 7E 7E 80 01 00 05 29 10 78 98 59 63 D2 14 03 99 12 11 00 38 7E 7E 80 01 00 05 29 10 78 98 59 63 B9 85 03 9A 12 11 00 C1 7E 7E 80 01 00 05 29 10 78 98 59 63 1F EA 03 9B 12 11 00 09 7E 7E 80 01 00 05 29 10 78 98 59 63 80 D6 03 9C 12 11 00 AD 7E 7E 80 01 00 05 29 10 78 98 59 63 AD 25 03 9D 12 11 00 72 7E 7E 80 01 00 05 29 10 78 98 59 63 21 99 03 9E 12 11 00 41 7E 7E 80 01 00 05 29 10 78 98 59 63 FD E3 03 9F 12 11 00 E6 7E 7E 80 01 00 05 29 10 78 98 59 63 04 7C 03 A0 12 11 00 BF 7E 7E 80 01 00 05 29 10 78 98 59 63 59 7A 03 A1 12 11 00 E5 7E 7E 80 01 00 05 29 10 78 98 59 63 ED CF 03 A2 12 11 00 E7 7E 7E 80 01 00 05 29 10 78 98 59 63 AE E1 03 A3 12 11 00 8B 7E 7E 80 01 00 05 29 10 78 98 59 63 1B 92 03 A4 12 11 00 4A 7E 7E 80 01 00 05 29 10 78 98 59 63 36 7D 02 03 A5 12 11 00 8A 7E 7E 80 01 00 05 29 10 78 98 59 63 9F DE 03 A6 12 11 00 80 7E 7E 80 01 00 05 29 10 78 98 59 63 00 C8 03 A7 12 11 00 08 7E 7E 80 01 00 05 29 10 78 98 59 63 80 28 03 A8 12 11 00 67 7E 7E 80 01 00 05 29 10 78 98 59 63 73 D7 03 A9 12 11 00 6A 7E 7E 80 01 00 05 29 10 78 98 59 63 87 6F 03 AA 12 11 00 25 7E 7E 80 01 00 05 29 10 78 98 59 63 BD 14 03 AB 12 11 00 65 7E 7E 80 01 00 05 29 10 78 98 59 63 83 5C 03 AC 12 11 00 14 7E 7E 80 01 00 05 29 10 78 98 59 63 BB EF 03 AD 12 11 00 9E 7E 7E 80 01 00 05 29 10 78 98 59 63 57 58 03 AE 12 11 00 C6 7E 7E 80 01 00 05 29 10 78 98 59 63 9E 3C 03 AF 12 11 00 6A 7E 7E 80 01 00 05 29 10 78 98 59 63 B9 87 03 B0 12 11 00 E9 7E"}
{"ts":"2026-04-10T16:40:34.312Z","level":"INFO","device":"291078985963","event":"MEDIA_RX","detail":"7E 80 01 00 05 29 10 78 98 59 63 27 82 03 B1 12 11 00 73 7E 7E 80 01 00 05 29 10 78 98 59 63 3E AD 03 B2 12 11 00 46 7E 7E 80 01 00 05 29 10 78 98 59 63 00 7D 02 03 B3 12 11 00 AA 7E 7E 80 01 00 05 29 10 78 98 59 63 FB C8 03 B4 12 11 00 E0 7E 7E 80 01 00 05 29 10 78 98 59 63 6A 45 03 B5 12 11 00 FD 7E 7E 80 01 00 05 29 10 78 98 59 63 46 88 03 B6 12 11 00 1F 7E 7E 80 01 00 05 29 10 78 98 59 63 46 63 03 B7 12 11 00 F5 7E 7E 80 01 00 05 29 10 78 98 59 63 96 F7 03 B8 12 11 00 BE 7E 7E 80 01 00 05 29 10 78 98 59 63 A6 05 03 B9 12 11 00 7D 01 7E 7E 80 01 00 05 29 10 78 98 59 63 80 E3 03 BA 12 11 00 BE 7E 7E 80 01 00 05 29 10 78 98 59 63 7B 98 03 BB 12 11 00 3F 7E 7E 80 01 00 05 29 10 78 98 59 63 F1 25 03 BC 12 11 00 0F 7E 7E 80 01 00 05 29 10 78 98 59 63 1E C7 03 BD 12 11 00 03 7E 7E 80 01 00 05 29 10 78 98 59 63 DE 4E 03 BE 12 11 00 49 7E 7E 80 01 00 05 29 10 78 98 59 63 B5 59 03 BF 12 11 00 34 7E 7E 80 01 00 05 29 10 78 98 59 63 8F 8E 03 C0 12 11 00 A6 7E 7E 80 01 00 05 29 10 78 98 59 63 0D 0B 03 C1 12 11 00 A0 7E 7E 80 01 00 05 29 10 78 98 59 63 05 75 03 C2 12 11 00 D5 7E 7E 80 01 00 05 29 10 78 98 59 63 69 07 03 C3 12 11 00 CA 7E 7E 80 01 00 05 29 10 78 98 59 63 F8 A3 03 C4 12 11 00 F8 7E 7E 80 01 00 05 29 10 78 98 59 63 02 04 03 C5 12 11 00 A4 7E 7E 80 01 00 05 29 10 78 98 59 63 9B C2 03 C6 12 11 00 F8 7E 7E 80 01 00 05 29 10 78 98 59 63 DF AE 03 C7 12 11 00 D1 7E 7E 80 01 00 05 29 10 78 98 59 63 38 27 03 C8 12 11 00 B0 7E 7E 80 01 00 05 29 10 78 98 59 63 D7 51 03 C9 12 11 00 28 7E 7E 80 01 00 05 29 10 78 98 59 63 F7 E0 03 CA 12 11 00 BA 7E 7E 80 01 00 05 29 10 78 98 59 63 5B 6E 03 CB 12 11 00 99 7E 7E 80 01 00 05 29 10 78 98 59 63 49 7A 03 CC 12 11 00 98 7E 7E 80 01 00 05 29 10 78 98 59 63 AD 0A 03 CD 12 11 00 0D 7E 7E 80 01 00 05 29 10 78 98 59 63 3F DB 03 CE 12 11 00 4D 7E 7E 80 01 00 05 29 10 78 98 59 63 C1 5F 03 CF 12 11 00 36 7E 7E 80 01 00 05 29 10 78 98 59 63 FA FB 03 D0 12 11 00 B6 7E 7E 80 01 00 05 29 10 78 98 59 63 CD 85 03 D1 12 11 00 FE 7E 7E 80 01 00 05 29 10 78 98 59 63 89 A5 03 D2 12 11 00 99 7E 7E 80 01 00 05 29 10 78 98 59 63 CF 57 03 D3 12 11 00 2C 7E 7E 80 01 00 05 29 10 78 98 59 63 88 18 03 D4 12 11 00 23 7E 7E 80 01 00 05 29 10 78 98 59 63 A5 F2 03 D5 12 11 00 E5 7E 7E 80 01 00 05 29 10 78 98 59 63 B7 85 03 D6 12 11 00 83 7E 7E 80 01 00 05 29 10 78 98 59 63 F2 12 03 D7 12 11 00 50 7E 7E 80 01 00 05 29 10 78 98 59 63 12 0E 03 D8 12 11 00 A3 7E"}
{"ts":"2026-04-10T16:40:34.523Z","level":"INFO","device":"291078985963","event":"MEDIA_RX","detail":"7E 80 01 00 05 29 10 78 98 59 63 E8 34 03 D9 12 11 00 62 7E 7E 80 01 00 05 29 10 78 98 59 63 CC E1 03 DA 12 11 00 90 7E 7E 80 01 00 05 29 10 78 98 59 63 5D 2B 03 DB 12 11 00 CA 7E 7E 80 01 00 05 29 10 78 98 59 63 9A 97 03 DC 12 11 00 B6 7E 7E 80 01 00 05 29 10 78 98 59 63 00 CC 03 DD 12 11 00 76 7E 7E 80 01 00 05 29 10 78 98 59 63 C3 61 03 DE 12 11 00 1B 7E 7E 80 01 00 05 29 10 78 98 59 63 E4 6A 03 DF 12 11 00 36 7E 7E 80 01 00 05 29 10 78 98 59 63 E1 40 03 E0 12 11 00 26 7E 7E 80 01 00 05 29 10 78 98 59 63 CC 07 03 E1 12 11 00 4D 7E 7E 80 01 00 05 29 10 78 98 59 63 A3 7A 03 E2 12 11 00 5C 7E 7E 80 01 00 05 29 10 78 98 59 63 4C 33 03 E3 12 11 00 FB 7E 7E 80 01 00 05 29 10 78 98 59 63 2D 5B 03 E4 12 11 00 F5 7E 7E 80 01 00 05 29 10 78 98 59 63 D9 56 03 E5 12 11 00 0D 7E 7E 80 01 00 05 29 10 78 98 59 63 BA 88 03 E6 12 11 00 B3 7E 7E 80 01 00 05 29 10 78 98 59 63 D8 2B 03 E7 12 11 00 73 7E 7E 80 01 00 05 29 10 78 98 59 63 67 7D 02 03 E8 12 11 00 96 7E 7E 80 01 00 05 29 10 78 98 59 63 DA 61 03 E9 12 11 00 35 7E 7E 80 01 00 05 29 10 78 98 59 63 DF 3D 03 EA 12 11 00 6F 7E 7E 80 01 00 05 29 10 78 98 59 63 31 16 03 EB 12 11 00 AB 7E 7E 80 01 00 05 29 10 78 98 59 63 96 8A 03 EC 12 11 00 97 7E 7E 80 01 00 05 29 10 78 98 59 63 4D 8F 03 ED 12 11 00 48 7E 7E 80 01 00 05 29 10 78 98 59 63 C2 CB 03 EE 12 11 00 80 7E 7E 80 01 00 05 29 10 78 98 59 63 9D 94 03 EF 12 11 00 81 7E 7E 80 01 00 05 29 10 78 98 59 63 84 BA 03 F0 12 11 00 A9 7E 7E 80 01 00 05 29 10 78 98 59 63 FE 84 03 F1 12 11 00 EC 7E 7E 80 01 00 05 29 10 78 98 59 63 09 9A 03 F2 12 11 00 06 7E 7E 80 01 00 05 29 10 78 98 59 63 57 5A 03 F3 12 11 00 99 7E 7E 80 01 00 05 29 10 78 98 59 63 6D 73 03 F4 12 11 00 8D 7E 7E 80 01 00 05 29 10 78 98 59 63 00 3D 03 F5 12 11 00 AF 7E 7E 80 01 00 05 29 10 78 98 59 63 E1 75 03 F6 12 11 00 05 7E 7E 80 01 00 05 29 10 78 98 59 63 65 29 03 F7 12 11 00 DC 7E 7E 80 01 00 05 29 10 78 98 59 63 81 6C 03 F8 12 11 00 72 7E 7E 80 01 00 05 29 10 78 98 59 63 17 15 03 F9 12 11 00 9C 7E 7E 80 01 00 05 29 10 78 98 59 63 AE DF 03 FA 12 11 00 EC 7E 7E 80 01 00 05 29 10 78 98 59 63 C2 A6 03 FB 12 11 00 F8 7E 7E 80 01 00 05 29 10 78 98 59 63 39 93 03 FC 12 11 00 31 7E 7E 80 01 00 05 29 10 78 98 59 63 83 53 03 FD 12 11 00 4A 7E 7E 80 01 00 05 29 10 78 98 59 63 76 14 03 FE 12 11 00 FB 7E 7E 80 01 00 05 29 10 78 98 59 63 CC 5D 03 FF 12 11 00 09 7E"}
{"ts":"2026-04-10T16:40:34.733Z","level":"INFO","device":"291078985963","event":"MEDIA_RX","detail":"7E 80 01 00 05 29 10 78 98 59 63 BE C5 04 00 12 11 00 1B 7E 7E 80 01 00 05 29 10 78 98 59 63 C5 89 04 01 12 11 00 2D 7E 7E 80 01 00 05 29 10 78 98 59 63 1D 46 04 02 12 11 00 39 7E 7E 80 01 00 05 29 10 78 98 59 63 33 30 04 03 12 11 00 60 7E 7E 80 01 00 05 29 10 78 98 59 63 71 95 04 04 12 11 00 80 7E 7E 80 01 00 05 29 10 78 98 59 63 2B CF 04 05 12 11 00 81 7E 7E 80 01 00 05 29 10 78 98 59 63 BD D2 04 06 12 11 00 09 7E 7E 80 01 00 05 29 10 78 98 59 63 D5 61 04 07 12 11 00 D3 7E 7E 80 01 00 05 29 10 78 98 59 63 92 A8 04 08 12 11 00 52 7E 7E 80 01 00 05 29 10 78 98 59 63 2A 3A 04 09 12 11 00 79 7E 7E 80 01 00 05 29 10 78 98 59 63 DD 51 04 0A 12 11 00 E6 7E 7E 80 01 00 05 29 10 78 98 59 63 48 0D 04 0B 12 11 00 2E 7E 7E 80 01 00 05 29 10 78 98 59 63 A8 AA 04 0C 12 11 00 6E 7E 7E 80 01 00 05 29 10 78 98 59 63 50 03 04 0D 12 11 00 3E 7E 7E 80 01 00 05 29 10 78 98 59 63 3E D1 04 0E 12 11 00 81 7E 7E 80 01 00 05 29 10 78 98 59 63 4B 8A 04 0F 12 11 00 AE 7E 7E 80 01 00 05 29 10 78 98 59 63 DD 12 04 10 12 11 00 BF 7E 7E 80 01 00 05 29 10 78 98 59 63 26 AD 04 11 12 11 00 FA 7E 7E 80 01 00 05 29 10 78 98 59 63 A4 84 04 12 12 11 00 52 7E 7E 80 01 00 05 29 10 78 98 59 63 03 3A 04 13 12 11 00 4A 7E 7E 80 01 00 05 29 10 78 98 59 63 A2 8D 04 14 12 11 00 5B 7E 7E 80 01 00 05 29 10 78 98 59 63 22 09 04 15 12 11 00 5E 7E 7E 80 01 00 05 29 10 78 98 59 63 93 06 04 16 12 11 00 E3 7E 7E 80 01 00 05 29 10 78 98 59 63 04 F5 04 17 12 11 00 86 7E 7E 80 01 00 05 29 10 78 98 59 63 CF D5 04 18 12 11 00 62 7E 7E 80 01 00 05 29 10 78 98 59 63 38 48 04 19 12 11 00 09 7E 7E 80 01 00 05 29 10 78 98 59 63 9B 4E 04 1A 12 11 00 AF 7E 7E 80 01 00 05 29 10 78 98 59 63 A8 11 04 1B 12 11 00 C2 7E 7E 80 01 00 05 29 10 78 98 59 63 8E 75 04 1C 12 11 00 87 7E 7E 80 01 00 05 29 10 78 98 59 63 52 29 04 1D 12 11 00 06 7E 7E 80 01 00 05 29 10 78 98 59 63 2D CC 04 1E 12 11 00 9F 7E 7E 80 01 00 05 29 10 78 98 59 63 73 38 04 1F 12 11 00 34 7E 7E 80 01 00 05 29 10 78 98 59 63 52 A5 04 20 12 11 00 B7 7E 7E 80 01 00 05 29 10 78 98 59 63 28 8C 04 21 12 11 00 E5 7E 7E 80 01 00 05 29 10 78 98 59 63 3E 10 04 22 12 11 00 6C 7E 7E 80 01 00 05 29 10 78 98 59 63 20 0A 04 23 12 11 00 69 7E 7E 80 01 00 05 29 10 78 98 59 63 72 59 04 24 12 11 00 6F 7E 7E 80 01 00 05 29 10 78 98 59 63 0E C8 04 25 12 11 00 83 7E"}
{"ts":"2026-04-10T16:40:34.943Z","level":"INFO","device":"291078985963","event":"MEDIA_RX","detail":"7E 80 01 00 05 29 10 78 98 59 63 8D 2E 04 26 12 11 00 E5 7E 7E 80 01 00 05 29 10 78 98 59 63 FF 45 04 27 12 11 00 FD 7E 7E 80 01 00 05 29 10 78 98 59 63 F7 AA 04 28 12 11 00 15 7E 7E 80 01 00 05 29 10 78 98 59 63 3F 72 04 29 12 11 00 04 7E 7E 80 01 00 05 29 10 78 98 59 63 C4 D8 04 2A 12 11 00 56 7E 7E 80 01 00 05 29 10 78 98 59 63 2C 55 04 2B 12 11 00 32 7E 7E 80 01 00 05 29 10 78 98 59 63 A4 C1 04 2C 12 11 00 29 7E 7E 80 01 00 05 29 10 78 98 59 63 38 00 04 2D 12 11 00 75 7E 7E 80 01 00 05 29 10 78 98 59 63 4D 0D 04 2E 12 11 00 0E 7E 7E 80 01 00 05 29 10 78 98 59 63 CE 9E 04 2F 12 11 00 1F 7E 7E 80 01 00 05 29 10 78 98 59 63 67 A6 04 30 12 11 00 91 7E 7E 80 01 00 05 29 10 78 98 59 63 03 52 04 31 12 11 00 00 7E 7E 80 01 00 05 29 10 78 98 59 63 F6 57 04 32 12 11 00 F3 7E 7E 80 01 00 05 29 10 78 98 59 63 13 86 04 33 12 11 00 C6 7E 7E 80 01 00 05 29 10 78 98 59 63 EC AD 04 34 12 11 00 15 7E 7E 80 01 00 05 29 10 78 98 59 63 9B 83 04 35 12 11 00 4D 7E 7E 80 01 00 05 29 10 78 98 59 63 1D 2B 04 36 12 11 00 60 7E 7E 80 01 00 05 29 10 78 98 59 63 FC 94 04 37 12 11 00 3F 7E 7E 80 01 00 05 29 10 78 98 59 63 EE F5 04 38 12 11 00 43 7E 7E 80 01 00 05 29 10 78 98 59 63 A7 5E 04 39 12 11 00 A0 7E 7E 80 01 00 05 29 10 78 98 59 63 91 A4 04 3A 12 11 00 6F 7E 7E 80 01 00 05 29 10 78 98 59 63 4F EA 04 3B 12 11 00 FE 7E 7E 80 01 00 05 29 10 78 98 59 63 AF 00 04 3C 12 11 00 F3 7E 7E 80 01 00 05 29 10 78 98 59 63 8F 95 04 3D 12 11 00 47 7E 7E 80 01 00 05 29 10 78 98 59 63 80 06 04 3E 12 11 00 D8 7E 7E 80 01 00 05 29 10 78 98 59 63 91 2D 04 3F 12 11 00 E3 7E 7E 80 01 00 05 29 10 78 98 59 63 B9 D5 04 40 12 11 00 4C 7E 7E 80 01 00 05 29 10 78 98 59 63 75 70 04 41 12 11 00 24 7E 7E 80 01 00 05 29 10 78 98 59 63 9E 6C 04 42 12 11 00 D0 7E 7E 80 01 00 05 29 10 78 98 59 63 19 A8 04 43 12 11 00 92 7E 7E 80 01 00 05 29 10 78 98 59 63 5C 2A 04 44 12 11 00 52 7E 7E 80 01 00 05 29 10 78 98 59 63 A7 E9 04 45 12 11 00 6B 7E 7E 80 01 00 05 29 10 78 98 59 63 20 91 04 46 12 11 00 97 7E 7E 80 01 00 05 29 10 78 98 59 63 D5 B7 04 47 12 11 00 45 7E 7E 80 01 00 05 29 10 78 98 59 63 D4 16 04 48 12 11 00 EA 7E 7E 80 01 00 05 29 10 78 98 59 63 74 11 04 49 12 11 00 4C 7E 7E 80 01 00 05 29 10 78 98 59 63 AF 58 04 4A 12 11 00 DD 7E 7E 80 01 00 05 29 10 78 98 59 63 CA D0 04 4B 12 11 00 31 7E 7E 80 01 00 05 29 10 78 98 59 63 12 06 04 4C 12 11 00 38 7E"}
{"ts":"2026-04-10T16:40:35.154Z","level":"INFO","device":"291078985963","event":"MEDIA_RX","detail":"7E 80 01 00 05 29 10 78 98 59 63 20 81 04 4D 12 11 00 8C 7E 7E 80 01 00 05 29 10 78 98 59 63 E7 07 04 4E 12 11 00 CE 7E 7E 80 01 00 05 29 10 78 98 59 63 3C 2D 04 4F 12 11 00 3E 7E 7E 80 01 00 05 29 10 78 98 59 63 76 2E 04 50 12 11 00 68 7E 7E 80 01 00 05 29 10 78 98 59 63 CE 19 04 51 12 11 00 E6 7E 7E 80 01 00 05 29 10 78 98 59 63 6C C2 04 52 12 11 00 9C 7E 7E 80 01 00 05 29 10 78 98 59 63 13 3E 04 53 12 11 00 1E 7E 7E 80 01 00 05 29 10 78 98 59 63 17 6B 04 54 12 11 00 48 7E 7E 80 01 00 05 29 10 78 98 59 63 BB EC 04 55 12 11 00 62 7E 7E 80 01 00 05 29 10 78 98 59 63 9A A8 04 56 12 11 00 04 7E 7E 80 01 00 05 29 10 78 98 59 63 FC 22 04 57 12 11 00 E9 7E 7E 80 01 00 05 29 10 78 98 59 63 4A 68 04 58 12 11 00 1A 7E 7E 80 01 00 05 29 10 78 98 59 63 B1 C9 04 59 12 11 00 41 7E 7E 80 01 00 05 29 10 78 98 59 63 A3 99 04 5A 12 11 00 00 7E 7E 80 01 00 05 29 10 78 98 59 63 B6 7D 02 04 5B 12 11 00 F3 7E 7E 80 01 00 05 29 10 78 98 59 63 42 D6 04 5C 12 11 00 A8 7E 7E 80 01 00 05 29 10 78 98 59 63 5A 54 04 5D 12 11 00 33 7E 7E 80 01 00 05 29 10 78 98 59 63 5B D8 04 5E 12 11 00 BD 7E 7E 80 01 00 05 29 10 78 98 59 63 E8 C8 04 5F 12 11 00 1F 7E 7E 80 01 00 05 29 10 78 98 59 63 3B 88 04 60 12 11 00 B3 7E 7E 80 01 00 05 29 10 78 98 59 63 ED 5C 04 61 12 11 00 B0 7E 7E 80 01 00 05 29 10 78 98 59 63 94 45 04 62 12 11 00 D3 7E 7E 80 01 00 05 29 10 78 98 59 63 46 C4 04 63 12 11 00 81 7E 7E 80 01 00 05 29 10 78 98 59 63 1C CC 04 64 12 11 00 D4 7E 7E 80 01 00 05 29 10 78 98 59 63 64 05 04 65 12 11 00 64 7E 7E 80 01 00 05 29 10 78 98 59 63 E7 1A 04 66 12 11 00 FB 7E 7E 80 01 00 05 29 10 78 98 59 63 1D 88 04 67 12 11 00 92 7E 7E 80 01 00 05 29 10 78 98 59 63 0D 5E 04 68 12 11 00 5B 7E 7E 80 01 00 05 29 10 78 98 59 63 43 F7 04 69 12 11 00 BD 7E 7E 80 01 00 05 29 10 78 98 59 63 8C 2A 04 6A 12 11 00 AC 7E 7E 80 01 00 05 29 10 78 98 59 63 0D 90 04 6B 12 11 00 96 7E 7E 80 01 00 05 29 10 78 98 59 63 C6 FF 04 6C 12 11 00 35 7E 7E 80 01 00 05 29 10 78 98 59 63 DD A6 04 6D 12 11 00 76 7E 7E 80 01 00 05 29 10 78 98 59 63 B5 75 04 6E 12 11 00 CE 7E 7E 80 01 00 05 29 10 78 98 59 63 3C C6 04 6F 12 11 00 F5 7E 7E 80 01 00 05 29 10 78 98 59 63 62 6B 04 70 12 11 00 19 7E 7E 80 01 00 05 29 10 78 98 59 63 F7 F9 04 71 12 11 00 1F 7E 7E 80 01 00 05 29 10 78 98 59 63 9D 3A 04 72 12 11 00 B5 7E"}
{"ts":"2026-04-10T16:40:35.365Z","level":"INFO","device":"291078985963","event":"MEDIA_RX","detail":"7E 80 01 00 05 29 10 78 98 59 63 DB 59 04 73 12 11 00 91 7E 7E 80 01 00 05 29 10 78 98 59 63 D4 EC 04 74 12 11 00 2C 7E 7E 80 01 00 05 29 10 78 98 59 63 C5 C8 04 75 12 11 00 18 7E 7E 80 01 00 05 29 10 78 98 59 63 2E 0C 04 76 12 11 00 34 7E 7E 80 01 00 05 29 10 78 98 59 63 D4 B7 04 77 12 11 00 74 7E 7E 80 01 00 05 29 10 78 98 59 63 58 9A 04 78 12 11 00 DA 7E 7E 80 01 00 05 29 10 78 98 59 63 D0 35 04 79 12 11 00 FC 7E 7E 80 01 00 05 29 10 78 98 59 63 E2 8D 04 7A 12 11 00 75 7E 7E 80 01 00 05 29 10 78 98 59 63 B9 F5 04 7B 12 11 00 57 7E 7E 80 01 00 05 29 10 78 98 59 63 7D 02 E7 04 7C 12 11 00 85 7E 7E 80 01 00 05 29 10 78 98 59 63 02 90 04 7D 01 12 11 00 8F 7E 7E 80 01 00 05 29 10 78 98 59 63 E6 F7 04 7D 02 12 11 00 0F 7E 7E 80 01 00 05 29 10 78 98 59 63 D2 D8 04 7F 12 11 00 15 7E 7E 80 01 00 05 29 10 78 98 59 63 A7 27 04 80 12 11 00 60 7E 7E 80 01 00 05 29 10 78 98 59 63 EC D8 04 81 12 11 00 D5 7E 7E 80 01 00 05 29 10 78 98 59 63 9E 00 04 82 12 11 00 7C 7E 7E 80 01 00 05 29 10 78 98 59 63 39 F4 04 83 12 11 00 2E 7E 7E 80 01 00 05 29 10 78 98 59 63 AC D0 04 84 12 11 00 98 7E 7E 80 01 00 05 29 10 78 98 59 63 60 D6 04 85 12 11 00 53 7E 7E 80 01 00 05 29 10 78 98 59 63 50 23 04 86 12 11 00 95 7E 7E 80 01 00 05 29 10 78 98 59 63 5A 99 04 87 12 11 00 24 7E 7E 80 01 00 05 29 10 78 98 59 63 F3 02 04 88 12 11 00 19 7E 7E 80 01 00 05 29 10 78 98 59 63 39 75 04 89 12 11 00 A5 7E 7E 80 01 00 05 29 10 78 98 59 63 A2 A7 04 8A 12 11 00 EF 7E 7E 80 01 00 05 29 10 78 98 59 63 FD BD 04 8B 12 11 00 AB 7E 7E 80 01 00 05 29 10 78 98 59 63 F5 95 04 8C 12 11 00 8C 7E 7E 80 01 00 05 29 10 78 98 59 63 FE 20 04 8D 12 11 00 33 7E 7E 80 01 00 05 29 10 78 98 59 63 C7 10 04 8E 12 11 00 39 7E 7E 80 01 00 05 29 10 78 98 59 63 B9 B6 04 8F 12 11 00 E0 7E 7E 80 01 00 05 29 10 78 98 59 63 D5 87 04 90 12 11 00 A2 7E 7E 80 01 00 05 29 10 78 98 59 63 3B 0A 04 91 12 11 00 C0 7E 7E 80 01 00 05 29 10 78 98 59 63 66 49 04 92 12 11 00 DD 7E 7E 80 01 00 05 29 10 78 98 59 63 92 93 04 93 12 11 00 F2 7E 7E 80 01 00 05 29 10 78 98 59 63 65 C7 04 94 12 11 00 56 7E 7E 80 01 00 05 29 10 78 98 59 63 83 9B 04 95 12 11 00 ED 7E 7E 80 01 00 05 29 10 78 98 59 63 66 93 04 96 12 11 00 03 7E 7E 80 01 00 05 29 10 78 98 59 63 8E 36 04 97 12 11 00 4F 7E 7E 80 01 00 05 29 10 78 98 59 63 DA 88 04 98 12 11 00 AA 7E 7E 80 01 00 05 29 10 78 98 59 63 66 C0 04 99 12 11 00 5F 7E"}
{"ts":"2026-04-10T16:40:35.576Z","level":"INFO","device":"291078985963","event":"MEDIA_RX","detail":"7E 80 01 00 05 29 10 78 98 59 63 79 92 04 9A 12 11 00 11 7E 7E 80 01 00 05 29 10 78 98 59 63 6B 61 04 9B 12 11 00 F1 7E 7E 80 01 00 05 29 10 78 98 59 63 8D 4B 04 9C 12 11 00 3A 7E 7E 80 01 00 05 29 10 78 98 59 63 56 71 04 9D 12 11 00 DA 7E 7E 80 01 00 05 29 10 78 98 59 63 B5 2C 04 9E 12 11 00 67 7E 7E 80 01 00 05 29 10 78 98 59 63 85 C9 04 9F 12 11 00 B3 7E 7E 80 01 00 05 29 10 78 98 59 63 21 D9 04 A0 12 11 00 38 7E 7E 80 01 00 05 29 10 78 98 59 63 80 4E 04 A1 12 11 00 0F 7E 7E 80 01 00 05 29 10 78 98 59 63 69 D2 04 A2 12 11 00 79 7E 7E 80 01 00 05 29 10 78 98 59 63 A6 CD 04 A3 12 11 00 A8 7E 7E 80 01 00 05 29 10 78 98 59 63 4D 46 04 A4 12 11 00 CF 7E 7E 80 01 00 05 29 10 78 98 59 63 40 6A 04 A5 12 11 00 EF 7E 7E 80 01 00 05 29 10 78 98 59 63 50 61 04 A6 12 11 00 F7 7E 7E 80 01 00 05 29 10 78 98 59 63 DE 78 04 A7 12 11 00 61 7E 7E 80 01 00 05 29 10 78 98 59 63 6F 47 04 A8 12 11 00 E0 7E 7E 80 01 00 05 29 10 78 98 59 63 61 CF 04 A9 12 11 00 67 7E 7E 80 01 00 05 29 10 78 98 59 63 FE 84 04 AA 12 11 00 B0 7E 7E 80 01 00 05 29 10 78 98 59 63 FA 16 04 AB 12 11 00 27 7E 7E 80 01 00 05 29 10 78 98 59 63 A4 F6 04 AC 12 11 00 9E 7E 7E 80 01 00 05 29 10 78 98 59 63 1B 92 04 AD 12 11 00 44 7E 7E 80 01 00 05 29 10 78 98 59 63 13 D9 04 AE 12 11 00 04 7E 7E 80 01 00 05 29 10 78 98 59 63 C0 4A 04 AF 12 11 00 45 7E 7E 80 01 00 05 29 10 78 98 59 63 B7 1A 04 B0 12 11 00 7D 01 7E 7E 80 01 00 05 29 10 78 98 59 63 C4 9A 04 B1 12 11 00 8F 7E 7E 80 01 00 05 29 10 78 98 59 63 70 81 04 B2 12 11 00 23 7E 7E 80 01 00 05 29 10 78 98 59 63 15 43 04 B3 12 11 00 85 7E 7E 80 01 00 05 29 10 78 98 59 63 7B 63 04 B4 12 11 00 CC 7E 7E 80 01 00 05 29 10 78 98 59 63 33 DF 04 B5 12 11 00 39 7E 7E 80 01 00 05 29 10 78 98 59 63 B0 86 04 B6 12 11 00 E0 7E 7E 80 01 00 05 29 10 78 98 59 63 F9 99 04 B7 12 11 00 B7 7E 7E 80 01 00 05 29 10 78 98 59 63 9F A4 04 B8 12 11 00 E3 7E 7E 80 01 00 05 29 10 78 98 59 63 0D 65 04 B9 12 11 00 B1 7E 7E 80 01 00 05 29 10 78 98 59 63 7C 1A 04 BA 12 11 00 BC 7E 7E 80 01 00 05 29 10 78 98 59 63 73 05 04 BB 12 11 00 AD 7E 7E 80 01 00 05 29 10 78 98 59 63 23 67 04 BC 12 11 00 98 7E 7E 80 01 00 05 29 10 78 98 59 63 07 01 04 BD 12 11 00 DB 7E 7E 80 01 00 05 29 10 78 98 59 63 6A 04 04 BE 12 11 00 B0 7E"}
{"ts":"2026-04-10T16:40:35.789Z","level":"INFO","device":"291078985963","event":"MEDIA_RX","detail":"7E 80 01 00 05 29 10 78 98 59 63 AE FD 04 BF 12 11 00 8C 7E 7E 80 01 00 05 29 10 78 98 59 63 78 82 04 C0 12 11 00 5A 7E 7E 80 01 00 05 29 10 78 98 59 63 A8 B3 04 C1 12 11 00 BA 7E 7E 80 01 00 05 29 10 78 98 59 63 57 81 04 C2 12 11 00 74 7E 7E 80 01 00 05 29 10 78 98 59 63 26 31 04 C3 12 11 00 B4 7E 7E 80 01 00 05 29 10 78 98 59 63 D4 5B 04 C4 12 11 00 2B 7E 7E 80 01 00 05 29 10 78 98 59 63 4F 03 04 C5 12 11 00 E9 7E 7E 80 01 00 05 29 10 78 98 59 63 2B E8 04 C6 12 11 00 65 7E 7E 80 01 00 05 29 10 78 98 59 63 D3 CC 04 C7 12 11 00 B8 7E 7E 80 01 00 05 29 10 78 98 59 63 A0 07 04 C8 12 11 00 0F 7E 7E 80 01 00 05 29 10 78 98 59 63 A1 42 04 C9 12 11 00 4A 7E 7E 80 01 00 05 29 10 78 98 59 63 D1 D6 04 CA 12 11 00 AD 7E 7E 80 01 00 05 29 10 78 98 59 63 33 67 04 CB 12 11 00 FF 7E 7E 80 01 00 05 29 10 78 98 59 63 7D 02 43 04 CC 12 11 00 91 7E 7E 80 01 00 05 29 10 78 98 59 63 21 F4 04 CD 12 11 00 78 7E 7E 80 01 00 05 29 10 78 98 59 63 86 33 04 CE 12 11 00 1B 7E 7E 80 01 00 05 29 10 78 98 59 63 E0 86 04 CF 12 11 00 C9 7E 7E 80 01 00 05 29 10 78 98 59 63 43 D4 04 D0 12 11 00 27 7E 7E 80 01 00 05 29 10 78 98 59 63 E0 06 04 D1 12 11 00 57 7E 7E 80 01 00 05 29 10 78 98 59 63 84 AA 04 D2 12 11 00 9C 7E 7E 80 01 00 05 29 10 78 98 59 63 BB 07 04 D3 12 11 00 0F 7E 7E 80 01 00 05 29 10 78 98 59 63 68 9C 04 D4 12 11 00 40 7E 7E 80 01 00 05 29 10 78 98 59 63 E0 14 04 D5 12 11 00 41 7E 7E 80 01 00 05 29 10 78 98 59 63 E3 1C 04 D6 12 11 00 49 7E 7E 80 01 00 05 29 10 78 98 59 63 72 57 04 D7 12 11 00 92 7E 7E 80 01 00 05 29 10 78 98 59 63 97 C7 04 D8 12 11 00 E8 7E 7E 80 01 00 05 29 10 78 98 59 63 1F 4E 04 D9 12 11 00 E8 7E 7E 80 01 00 05 29 10 78 98 59 63 D1 E2 04 DA 12 11 00 89 7E 7E 80 01 00 05 29 10 78 98 59 63 2F 2E 04 DB 12 11 00 BA 7E 7E 80 01 00 05 29 10 78 98 59 63 89 06 04 DC 12 11 00 33 7E 7E 80 01 00 05 29 10 78 98 59 63 6C FD 04 DD 12 11 00 2C 7E 7E 80 01 00 05 29 10 78 98 59 63 09 93 04 DE 12 11 00 24 7E 7E 80 01 00 05 29 10 78 98 59 63 0D 60 04 DF 12 11 00 D2 7E 7E 80 01 00 05 29 10 78 98 59 63 48 02 04 E0 12 11 00 CA 7E 7E 80 01 00 05 29 10 78 98 59 63 C5 4A 04 E1 12 11 00 0E 7E 7E 80 01 00 05 29 10 78 98 59 63 DE EA 04 E2 12 11 00 B6 7E 7E 80 01 00 05 29 10 78 98 59 63 03 58 04 E3 12 11 00 D8 7E 7E 80 01 00 05 29 10 78 98 59 63 AE 9F 04 E4 12 11 00 B5 7E 7E 80 01 00 05 29 10 78 98 59 63 19 FC 04 E5 12 11 00 60 7E"}
{"ts":"2026-04-10T16:40:36.002Z","level":"INFO","device":"291078985963","event":"MEDIA_RX","detail":"7E 80 01 00 05 29 10 78 98 59 63 B4 ED 04 E6 12 11 00 DF 7E 7E 80 01 00 05 29 10 78 98 59 63 D2 68 04 E7 12 11 00 3D 7E 7E 80 01 00 05 29 10 78 98 59 63 2B 1E 04 E8 12 11 00 BD 7E 7E 80 01 00 05 29 10 78 98 59 63 35 5B 04 E9 12 11 00 E7 7E 7E 80 01 00 05 29 10 78 98 59 63 53 E8 04 EA 12 11 00 31 7E 7E 80 01 00 05 29 10 78 98 59 63 CB 13 04 EB 12 11 00 53 7E 7E 80 01 00 05 29 10 78 98 59 63 97 20 04 EC 12 11 00 3B 7E 7E 80 01 00 05 29 10 78 98 59 63 3E 2E 04 ED 12 11 00 9D 7E 7E 80 01 00 05 29 10 78 98 59 63 CD 99 04 EE 12 11 00 DA 7E 7E 80 01 00 05 29 10 78 98 59 63 9D F9 04 EF 12 11 00 EB 7E 7E 80 01 00 05 29 10 78 98 59 63 EB EE 04 F0 12 11 00 95 7E 7E 80 01 00 05 29 10 78 98 59 63 D4 10 04 F1 12 11 00 55 7E 7E 80 01 00 05 29 10 78 98 59 63 B4 11 04 F2 12 11 00 37 7E 7E 80 01 00 05 29 10 78 98 59 63 52 AF 04 F3 12 11 00 6E 7E 7E 80 01 00 05 29 10 78 98 59 63 20 5B 04 F4 12 11 00 EF 7E 7E 80 01 00 05 29 10 78 98 59 63 A1 FD 04 F5 12 11 00 C9 7E 7E 80 01 00 05 29 10 78 98 59 63 6E 58 04 F6 12 11 00 A0 7E 7E 80 01 00 05 29 10 78 98 59 63 3A 21 04 F7 12 11 00 8C 7E 7E 80 01 00 05 29 10 78 98 59 63 DB 38 04 F8 12 11 00 7B 7E 7E 80 01 00 05 29 10 78 98 59 63 76 5B 04 F9 12 11 00 B4 7E 7E 80 01 00 05 29 10 78 98 59 63 E9 62 04 FA 12 11 00 11 7E 7E 80 01 00 05 29 10 78 98 59 63 2F B1 04 FB 12 11 00 05 7E 7E 80 01 00 05 29 10 78 98 59 63 7F 6E 04 FC 12 11 00 8D 7E 7E 80 01 00 05 29 10 78 98 59 63 D6 6E 04 FD 12 11 00 25 7E 7E 80 01 00 05 29 10 78 98 59 63 7F BA 04 FE 12 11 00 5B 7E 7E 80 01 00 05 29 10 78 98 59 63 3A ED 04 FF 12 11 00 48 7E 7E 80 01 00 05 29 10 78 98 59 63 41 D2 05 00 12 11 00 F2 7E 7E 80 01 00 05 29 10 78 98 59 63 C0 6A 05 01 12 11 00 CA 7E 7E 80 01 00 05 29 10 78 98 59 63 B3 F4 05 02 12 11 00 24 7E 7E 80 01 00 05 29 10 78 98 59 63 79 F3 05 03 12 11 00 E8 7E 7E 80 01 00 05 29 10 78 98 59 63 D6 2A 05 04 12 11 00 99 7E 7E 80 01 00 05 29 10 78 98 59 63 70 16 05 05 12 11 00 02 7E 7E 80 01 00 05 29 10 78 98 59 63 9D 08 05 06 12 11 00 F2 7E 7E 80 01 00 05 29 10 78 98 59 63 6A 41 05 07 12 11 00 4D 7E 7E 80 01 00 05 29 10 78 98 59 63 9F 37 05 08 12 11 00 C1 7E 7E 80 01 00 05 29 10 78 98 59 63 B4 E7 05 09 12 11 00 3B 7E 7E 80 01 00 05 29 10 78 98 59 63 65 FA 05 0A 12 11 00 F4 7E 7E 80 01 00 05 29 10 78 98 59 63 CA FA 05 0B 12 11 00 5A 7E 7E 80 01 00 05 29 10 78 98 59 63 BE A3 05 0C 12 11 00 70 7E"}
{"ts":"2026-04-10T16:40:36.211Z","level":"INFO","device":"291078985963","event":"MEDIA_RX","detail":"7E 80 01 00 05 29 10 78 98 59 63 73 88 05 0D 12 11 00 97 7E 7E 80 01 00 05 29 10 78 98 59 63 79 74 05 0E 12 11 00 62 7E 7E 80 01 00 05 29 10 78 98 59 63 FA 63 05 0F 12 11 00 F7 7E 7E 80 01 00 05 29 10 78 98 59 63 E2 2D 05 10 12 11 00 BE 7E 7E 80 01 00 05 29 10 78 98 59 63 1B E6 05 11 12 11 00 8D 7E 7E 80 01 00 05 29 10 78 98 59 63 20 4B 05 12 12 11 00 18 7E 7E 80 01 00 05 29 10 78 98 59 63 28 61 05 13 12 11 00 3B 7E 7E 80 01 00 05 29 10 78 98 59 63 14 A4 05 14 12 11 00 C5 7E 7E 80 01 00 05 29 10 78 98 59 63 51 A2 05 15 12 11 00 87 7E 7E 80 01 00 05 29 10 78 98 59 63 56 9E 05 16 12 11 00 BF 7E 7E 80 01 00 05 29 10 78 98 59 63 77 16 05 17 12 11 00 17 7E 7E 80 01 00 05 29 10 78 98 59 63 92 CF 05 18 12 11 00 24 7E 7E 80 01 00 05 29 10 78 98 59 63 1B A0 05 19 12 11 00 C3 7E 7E 80 01 00 05 29 10 78 98 59 63 AA A2 05 1A 12 11 00 73 7E 7E 80 01 00 05 29 10 78 98 59 63 7D 01 4E 05 1B 12 11 00 49 7E 7E 80 01 00 05 29 10 78 98 59 63 D2 2A 05 1C 12 11 00 85 7E 7E 80 01 00 05 29 10 78 98 59 63 33 BC 05 1D 12 11 00 F3 7E 7E 80 01 00 05 29 10 78 98 59 63 60 58 05 1E 12 11 00 47 7E 7E 80 01 00 05 29 10 78 98 59 63 F9 CB 05 1F 12 11 00 4C 7E 7E 80 01 00 05 29 10 78 98 59 63 6C 63 05 20 12 11 00 4E 7E 7E 80 01 00 05 29 10 78 98 59 63 F3 D5 05 21 12 11 00 66 7E 7E 80 01 00 05 29 10 78 98 59 63 89 A1 05 22 12 11 00 6B 7E 7E 80 01 00 05 29 10 78 98 59 63 7D 02 86 05 23 12 11 00 BA 7E 7E 80 01 00 05 29 10 78 98 59 63 73 58 05 24 12 11 00 6E 7E 7E 80 01 00 05 29 10 78 98 59 63 2F D0 05 25 12 11 00 BB 7E 7E 80 01 00 05 29 10 78 98 59 63 5C F1 05 26 12 11 00 EA 7E 7E 80 01 00 05 29 10 78 98 59 63 99 0F 05 27 12 11 00 D0 7E 7E 80 01 00 05 29 10 78 98 59 63 49 AC 05 28 12 11 00 AC 7E 7E 80 01 00 05 29 10 78 98 59 63 22 AF 05 29 12 11 00 C5 7E 7E 80 01 00 05 29 10 78 98 59 63 6F E5 05 2A 12 11 00 C1 7E 7E 80 01 00 05 29 10 78 98 59 63 66 F8 05 2B 12 11 00 D4 7E 7E 80 01 00 05 29 10 78 98 59 63 FA 4F 05 2C 12 11 00 F8 7E 7E 80 01 00 05 29 10 78 98 59 63 24 C6 05 2D 12 11 00 AE 7E 7E 80 01 00 05 29 10 78 98 59 63 2C 89 05 2E 12 11 00 EA 7E 7E 80 01 00 05 29 10 78 98 59 63 22 F4 05 2F 12 11 00 98 7E 7E 80 01 00 05 29 10 78 98 59 63 EB E2 05 30 12 11 00 58 7E 7E 80 01 00 05 29 10 78 98 59 63 9E 52 05 31 12 11 00 9C 7E 7E 80 01 00 05 29 10 78 98 59 63 8C F1 05 32 12 11 00 2E 7E 7E 80 01 00 05 29 10 78 98 59 63 63 2E 05 33 12 11 00 1F 7E"}
{"ts":"2026-04-10T16:40:36.423Z","level":"INFO","device":"291078985963","event":"MEDIA_RX","detail":"7E 80 01 00 05 29 10 78 98 59 63 E2 A5 05 34 12 11 00 12 7E 7E 80 01 00 05 29 10 78 98 59 63 86 3E 05 35 12 11 00 EC 7E 7E 80 01 00 05 29 10 78 98 59 63 EC 12 05 36 12 11 00 A9 7E 7E 80 01 00 05 29 10 78 98 59 63 FF 5F 05 37 12 11 00 F6 7E 7E 80 01 00 05 29 10 78 98 59 63 D9 D7 05 38 12 11 00 57 7E 7E 80 01 00 05 29 10 78 98 59 63 BF 79 05 39 12 11 00 9E 7E 7E 80 01 00 05 29 10 78 98 59 63 01 FC 05 3A 12 11 00 A6 7E 7E 80 01 00 05 29 10 78 98 59 63 AB 92 05 3B 12 11 00 63 7E 7E 80 01 00 05 29 10 78 98 59 63 29 8F 05 3C 12 11 00 FB 7E 7E 80 01 00 05 29 10 78 98 59 63 CA 62 05 3D 12 11 00 F4 7E 7E 80 01 00 05 29 10 78 98 59 63 7C F5 05 3E 12 11 00 D6 7E 7E 80 01 00 05 29 10 78 98 59 63 2C 48 05 3F 12 11 00 3A 7E 7E 80 01 00 05 29 10 78 98 59 63 22 02 05 40 12 11 00 01 7E 7E 80 01 00 05 29 10 78 98 59 63 10 33 05 41 12 11 00 03 7E 7E 80 01 00 05 29 10 78 98 59 63 64 D7 05 42 12 11 00 90 7E 7E 80 01 00 05 29 10 78 98 59 63 1F FC 05 43 12 11 00 C1 7E 7E 80 01 00 05 29 10 78 98 59 63 DA 00 05 44 12 11 00 FF 7E 7E 80 01 00 05 29 10 78 98 59 63 AC 75 05 45 12 11 00 FD 7E 7E 80 01 00 05 29 10 78 98 59 63 AB 8F 05 46 12 11 00 03 7E 7E 80 01 00 05 29 10 78 98 59 63 A3 7D 02 05 47 12 11 00 FB 7E 7E 80 01 00 05 29 10 78 98 59 63 24 B3 05 48 12 11 00 BE 7E 7E 80 01 00 05 29 10 78 98 59 63 04 82 05 49 12 11 00 AE 7E 7E 80 01 00 05 29 10 78 98 59 63 4E 8A 05 4A 12 11 00 EF 7E 7E 80 01 00 05 29 10 78 98 59 63 0E FE 05 4B 12 11 00 DA 7E 7E 80 01 00 05 29 10 78 98 59 63 0C D5 05 4C 12 11 00 F4 7E 7E 80 01 00 05 29 10 78 98 59 63 3E 2B 05 4D 12 11 00 39 7E 7E 80 01 00 05 29 10 78 98 59 63 8E 85 05 4E 12 11 00 24 7E 7E 80 01 00 05 29 10 78 98 59 63 BD 93 05 4F 12 11 00 00 7E 7E 80 01 00 05 29 10 78 98 59 63 5F 63 05 50 12 11 00 0D 7E 7E 80 01 00 05 29 10 78 98 59 63 43 ED 05 51 12 11 00 9E 7E 7E 80 01 00 05 29 10 78 98 59 63 96 8A 05 52 12 11 00 2F 7E 7E 80 01 00 05 29 10 78 98 59 63 5F 8D 05 53 12 11 00 E0 7E 7E 80 01 00 05 29 10 78 98 59 63 FC CB 05 54 12 11 00 02 7E 7E 80 01 00 05 29 10 78 98 59 63 32 CF 05 55 12 11 00 C9 7E 7E 80 01 00 05 29 10 78 98 59 63 9A C9 05 56 12 11 00 64 7E 7E 80 01 00 05 29 10 78 98 59 63 78 7D 02 05 57 12 11 00 30 7E 7E 80 01 00 05 29 10 78 98 59 63 76 75 05 58 12 11 00 3A 7E 7E 80 01 00 05 29 10 78 98 59 63 96 88 05 59 12 11 00 26 7E 7E 80 01 00 05 29 10 78 98 59 63 85 A8 05 5A 12 11 00 16 7E"}
{"ts":"2026-04-10T16:40:36.634Z","level":"INFO","device":"291078985963","event":"MEDIA_RX","detail":"7E 80 01 00 05 29 10 78 98 59 63 CB 73 05 5B 12 11 00 82 7E 7E 80 01 00 05 29 10 78 98 59 63 B5 9F 05 5C 12 11 00 17 7E 7E 80 01 00 05 29 10 78 98 59 63 56 FD 05 5D 12 11 00 97 7E 7E 80 01 00 05 29 10 78 98 59 63 18 02 05 5E 12 11 00 25 7E 7E 80 01 00 05 29 10 78 98 59 63 AE D4 05 5F 12 11 00 44 7E 7E 80 01 00 05 29 10 78 98 59 63 72 1D 05 60 12 11 00 6E 7E 7E 80 01 00 05 29 10 78 98 59 63 E8 FE 05 61 12 11 00 16 7E 7E 80 01 00 05 29 10 78 98 59 63 ED 96 05 62 12 11 00 78 7E 7E 80 01 00 05 29 10 78 98 59 63 B8 4E 05 63 12 11 00 F4 7E 7E 80 01 00 05 29 10 78 98 59 63 BD 2F 05 64 12 11 00 97 7E 7E 80 01 00 05 29 10 78 98 59 63 B6 7B 05 65 12 11 00 C9 7E 7E 80 01 00 05 29 10 78 98 59 63 89 8F 05 66 12 11 00 01 7E 7E 80 01 00 05 29 10 78 98 59 63 64 4E 05 67 12 11 00 2C 7E 7E 80 01 00 05 29 10 78 98 59 63 A0 00 05 68 12 11 00 A9 7E 7E 80 01 00 05 29 10 78 98 59 63 07 C8 05 69 12 11 00 C7 7E 7E 80 01 00 05 29 10 78 98 59 63 79 45 05 6A 12 11 00 37 7E 7E 80 01 00 05 29 10 78 98 59 63 16 67 05 6B 12 11 00 7B 7E 7E 80 01 00 05 29 10 78 98 59 63 2D 92 05 6C 12 11 00 B2 7E 7E 80 01 00 05 29 10 78 98 59 63 4E 73 05 6D 12 11 00 31 7E 7E 80 01 00 05 29 10 78 98 59 63 79 54 05 6E 12 11 00 22 7E 7E 80 01 00 05 29 10 78 98 59 63 4D 72 05 6F 12 11 00 31 7E 7E 80 01 00 05 29 10 78 98 59 63 39 9C 05 70 12 11 00 B4 7E 7E 80 01 00 05 29 10 78 98 59 63 4E 32 05 71 12 11 00 6C 7E 7E 80 01 00 05 29 10 78 98 59 63 D1 AB 05 72 12 11 00 69 7E 7E 80 01 00 05 29 10 78 98 59 63 6E 6C 05 73 12 11 00 10 7E 7E 80 01 00 05 29 10 78 98 59 63 E1 BE 05 74 12 11 00 4A 7E 7E 80 01 00 05 29 10 78 98 59 63 33 BF 05 75 12 11 00 98 7E 7E 80 01 00 05 29 10 78 98 59 63 FA 13 05 76 12 11 00 FE 7E 7E 80 01 00 05 29 10 78 98 59 63 86 F3 05 77 12 11 00 63 7E 7E 80 01 00 05 29 10 78 98 59 63 17 8C 05 78 12 11 00 82 7E 7E 80 01 00 05 29 10 78 98 59 63 5B 96 05 79 12 11 00 D5 7E 7E 80 01 00 05 29 10 78 98 59 63 A0 65 05 7A 12 11 00 DE 7E 7E 80 01 00 05 29 10 78 98 59 63 0B 16 05 7B 12 11 00 07 7E 7E 80 01 00 05 29 10 78 98 59 63 98 19 05 7C 12 11 00 9C 7E 7E 80 01 00 05 29 10 78 98 59 63 79 57 05 7D 01 12 11 00 32 7E 7E 80 01 00 05 29 10 78 98 59 63 A9 3B 05 7D 02 12 11 00 8D 7E 7E 80 01 00 05 29 10 78 98 59 63 7B 00 05 7F 12 11 00 65 7E 7E 80 01 00 05 29 10 78 98 59 63 7D 01 D6 05 80 12 11 00 4A 7E"}
{"ts":"2026-04-10T16:40:36.845Z","level":"INFO","device":"291078985963","event":"MEDIA_RX","detail":"7E 80 01 00 05 29 10 78 98 59 63 CE CE 05 81 12 11 00 E0 7E 7E 80 01 00 05 29 10 78 98 59 63 4A 93 05 82 12 11 00 3A 7E 7E 80 01 00 05 29 10 78 98 59 63 30 2B 05 83 12 11 00 F9 7E 7E 80 01 00 05 29 10 78 98 59 63 73 09 05 84 12 11 00 9F 7E 7E 80 01 00 05 29 10 78 98 59 63 E3 1A 05 85 12 11 00 1D 7E 7E 80 01 00 05 29 10 78 98 59 63 6B 53 05 86 12 11 00 DF 7E 7E 80 01 00 05 29 10 78 98 59 63 EF 61 05 87 12 11 00 68 7E 7E 80 01 00 05 29 10 78 98 59 63 7D 02 31 05 88 12 11 00 A6 7E 7E 80 01 00 05 29 10 78 98 59 63 EE 7D 01 05 89 12 11 00 7B 7E 7E 80 01 00 05 29 10 78 98 59 63 69 7A 05 8A 12 11 00 F8 7E 7E 80 01 00 05 29 10 78 98 59 63 1F 2A 05 8B 12 11 00 DF 7E 7E 80 01 00 05 29 10 78 98 59 63 24 A3 05 8C 12 11 00 6A 7E 7E 80 01 00 05 29 10 78 98 59 63 81 11 05 8D 12 11 00 7C 7E 7E 80 01 00 05 29 10 78 98 59 63 4B 5F 05 8E 12 11 00 FB 7E 7E 80 01 00 05 29 10 78 98 59 63 7F 02 05 8F 12 11 00 93 7E 7E 80 01 00 05 29 10 78 98 59 63 70 16 05 90 12 11 00 97 7E 7E 80 01 00 05 29 10 78 98 59 63 22 3D 05 91 12 11 00 EF 7E 7E 80 01 00 05 29 10 78 98 59 63 04 57 05 92 12 11 00 A0 7E 7E 80 01 00 05 29 10 78 98 59 63 DF 29 05 93 12 11 00 04 7E 7E 80 01 00 05 29 10 78 98 59 63 A4 67 05 94 12 11 00 36 7E 7E 80 01 00 05 29 10 78 98 59 63 C3 8F 05 95 12 11 00 B8 7E 7E 80 01 00 05 29 10 78 98 59 63 C9 57 05 96 12 11 00 69 7E 7E 80 01 00 05 29 10 78 98 59 63 35 69 05 97 12 11 00 AA 7E 7E 80 01 00 05 29 10 78 98 59 63 17 F9 05 98 12 11 00 17 7E 7E 80 01 00 05 29 10 78 98 59 63 FC 43 05 99 12 11 00 47 7E 7E 80 01 00 05 29 10 78 98 59 63 B0 6E 05 9A 12 11 00 25 7E 7E 80 01 00 05 29 10 78 98 59 63 B6 46 05 9B 12 11 00 0A 7E 7E 80 01 00 05 29 10 78 98 59 63 91 02 05 9C 12 11 00 6E 7E 7E 80 01 00 05 29 10 78 98 59 63 11 17 05 9D 12 11 00 FA 7E 7E 80 01 00 05 29 10 78 98 59 63 2B 37 05 9E 12 11 00 E3 7E 7E 80 01 00 05 29 10 78 98 59 63 88 E6 05 9F 12 11 00 90 7E 7E 80 01 00 05 29 10 78 98 59 63 2F 26 05 A0 12 11 00 C8 7E 7E 80 01 00 05 29 10 78 98 59 63 F7 07 05 A1 12 11 00 30 7E 7E 80 01 00 05 29 10 78 98 59 63 21 59 05 A2 12 11 00 BB 7E 7E 80 01 00 05 29 10 78 98 59 63 61 EE 05 A3 12 11 00 4D 7E 7E 80 01 00 05 29 10 78 98 59 63 F1 A9 05 A4 12 11 00 9D 7E 7E 80 01 00 05 29 10 78 98 59 63 0B CC 05 A5 12 11 00 03 7E 7E 80 01 00 05 29 10 78 98 59 63 D2 00 05 A6 12 11 00 15 7E"}
{"ts":"2026-04-10T16:40:37.056Z","level":"INFO","device":"291078985963","event":"MEDIA_RX","detail":"7E 80 01 00 05 29 10 78 98 59 63 DA 55 05 A7 12 11 00 49 7E 7E 80 01 00 05 29 10 78 98 59 63 58 1E 05 A8 12 11 00 8F 7E 7E 80 01 00 05 29 10 78 98 59 63 6D 2E 05 A9 12 11 00 8B 7E 7E 80 01 00 05 29 10 78 98 59 63 80 11 05 AA 12 11 00 5A 7E 7E 80 01 00 05 29 10 78 98 59 63 3A B1 05 AB 12 11 00 41 7E 7E 80 01 00 05 29 10 78 98 59 63 B6 53 05 AC 12 11 00 28 7E 7E 80 01 00 05 29 10 78 98 59 63 4B E7 05 AD 12 11 00 60 7E 7E 80 01 00 05 29 10 78 98 59 63 6A D0 05 AE 12 11 00 75 7E 7E 80 01 00 05 29 10 78 98 59 63 6B 14 05 AF 12 11 00 B1 7E 7E 80 01 00 05 29 10 78 98 59 63 D5 C6 05 B0 12 11 00 C2 7E 7E 80 01 00 05 29 10 78 98 59 63 E7 3C 05 B1 12 11 00 0B 7E 7E 80 01 00 05 29 10 78 98 59 63 8D D6 05 B2 12 11 00 88 7E 7E 80 01 00 05 29 10 78 98 59 63 1A 1B 05 B3 12 11 00 D3 7E 7E 80 01 00 05 29 10 78 98 59 63 C2 09 05 B4 12 11 00 1E 7E 7E 80 01 00 05 29 10 78 98 59 63 99 C0 05 B5 12 11 00 8D 7E 7E 80 01 00 05 29 10 78 98 59 63 A3 F9 05 B6 12 11 00 8D 7E 7E 80 01 00 05 29 10 78 98 59 63 51 B4 05 B7 12 11 00 33 7E 7E 80 01 00 05 29 10 78 98 59 63 0E 45 05 B8 12 11 00 92 7E 7E 80 01 00 05 29 10 78 98 59 63 9C E3 05 B9 12 11 00 A7 7E 7E 80 01 00 05 29 10 78 98 59 63 F6 EA 05 BA 12 11 00 C7 7E 7E 80 01 00 05 29 10 78 98 59 63 13 8D 05 BB 12 11 00 44 7E 7E 80 01 00 05 29 10 78 98 59 63 99 E9 05 BC 12 11 00 AD 7E 7E 80 01 00 05 29 10 78 98 59 63 BF 77 05 BD 12 11 00 14 7E 7E 80 01 00 05 29 10 78 98 59 63 97 B4 05 BE 12 11 00 FC 7E 7E 80 01 00 05 29 10 78 98 59 63 B4 D6 05 BF 12 11 00 BC 7E 7E 80 01 00 05 29 10 78 98 59 63 E9 E9 05 C0 12 11 00 A1 7E 7E 80 01 00 05 29 10 78 98 59 63 2B 42 05 C1 12 11 00 C9 7E 7E 80 01 00 05 29 10 78 98 59 63 A6 8C 05 C2 12 11 00 89 7E 7E 80 01 00 05 29 10 78 98 59 63 42 9B 05 C3 12 11 00 7B 7E 7E 80 01 00 05 29 10 78 98 59 63 4A 93 05 C4 12 11 00 7C 7E 7E 80 01 00 05 29 10 78 98 59 63 A7 08 05 C5 12 11 00 0B 7E 7E 80 01 00 05 29 10 78 98 59 63 0C 05 05 C6 12 11 00 AE 7E 7E 80 01 00 05 29 10 78 98 59 63 00 96 05 C7 12 11 00 30 7E 7E 80 01 00 05 29 10 78 98 59 63 BC F3 05 C8 12 11 00 E6 7E 7E 80 01 00 05 29 10 78 98 59 63 E6 B3 05 C9 12 11 00 FD 7E 7E 80 01 00 05 29 10 78 98 59 63 C9 BC 05 CA 12 11 00 DE 7E 7E 80 01 00 05 29 10 78 98 59 63 AE ED 05 CB 12 11 00 E9 7E 7E 80 01 00 05 29 10 78 98 59 63 4F 6B 05 CC 12 11 00 89 7E 7E 80 01 00 05 29 10 78 98 59 63 75 C9 05 CD 12 11 00 10 7E"}
{"ts":"2026-04-10T16:40:37.267Z","level":"INFO","device":"291078985963","event":"MEDIA_RX","detail":"7E 80 01 00 05 29 10 78 98 59 63 F7 55 05 CE 12 11 00 0D 7E 7E 80 01 00 05 29 10 78 98 59 63 6B C8 05 CF 12 11 00 0D 7E 7E 80 01 00 05 29 10 78 98 59 63 AD 04 05 D0 12 11 00 18 7E 7E 80 01 00 05 29 10 78 98 59 63 51 E4 05 D1 12 11 00 05 7E 7E 80 01 00 05 29 10 78 98 59 63 77 EA 05 D2 12 11 00 2E 7E 7E 80 01 00 05 29 10 78 98 59 63 C7 3F 05 D3 12 11 00 4A 7E 7E 80 01 00 05 29 10 78 98 59 63 3E A4 05 D4 12 11 00 2F 7E 7E 80 01 00 05 29 10 78 98 59 63 84 7F 05 D5 12 11 00 4F 7E 7E 80 01 00 05 29 10 78 98 59 63 07 E1 05 D6 12 11 00 51 7E 7E 80 01 00 05 29 10 78 98 59 63 2D 95 05 D7 12 11 00 0E 7E 7E 80 01 00 05 29 10 78 98 59 63 25 18 05 D8 12 11 00 84 7E 7E 80 01 00 05 29 10 78 98 59 63 32 F2 05 D9 12 11 00 78 7E 7E 80 01 00 05 29 10 78 98 59 63 DC F1 05 DA 12 11 00 96 7E 7E 80 01 00 05 29 10 78 98 59 63 15 55 05 DB 12 11 00 FA 7E 7E 80 01 00 05 29 10 78 98 59 63 34 49 05 DC 12 11 00 C0 7E 7E 80 01 00 05 29 10 78 98 59 63 80 93 05 DD 12 11 00 AF 7E 7E 80 01 00 05 29 10 78 98 59 63 09 2A 05 DE 12 11 00 9C 7E 7E 80 01 00 05 29 10 78 98 59 63 68 28 05 DF 12 11 00 FE 7E 7E 80 01 00 05 29 10 78 98 59 63 EC 90 05 E0 12 11 00 FD 7E 7E 80 01 00 05 29 10 78 98 59 63 D1 54 05 E1 12 11 00 05 7E 7E 80 01 00 05 29 10 78 98 59 63 8E 5B 05 E2 12 11 00 56 7E 7E 80 01 00 05 29 10 78 98 59 63 FF 80 05 E3 12 11 00 FD 7E 7E 80 01 00 05 29 10 78 98 59 63 85 C4 05 E4 12 11 00 C4 7E 7E 80 01 00 05 29 10 78 98 59 63 16 59 05 E5 12 11 00 CB 7E 7E 80 01 00 05 29 10 78 98 59 63 D7 AA 05 E6 12 11 00 FA 7E 7E 80 01 00 05 29 10 78 98 59 63 D7 79 05 E7 12 11 00 28 7E 7E 80 01 00 05 29 10 78 98 59 63 E2 23 05 E8 12 11 00 48 7E 7E 80 01 00 05 29 10 78 98 59 63 1C 68 05 E9 12 11 00 FC 7E 7E 80 01 00 05 29 10 78 98 59 63 FD D7 05 EA 12 11 00 A1 7E 7E 80 01 00 05 29 10 78 98 59 63 DA BC 05 EB 12 11 00 EC 7E 7E 80 01 00 05 29 10 78 98 59 63 40 32 05 EC 12 11 00 FF 7E 7E 80 01 00 05 29 10 78 98 59 63 BA 2F 05 ED 12 11 00 19 7E 7E 80 01 00 05 29 10 78 98 59 63 FA C3 05 EE 12 11 00 B6 7E 7E 80 01 00 05 29 10 78 98 59 63 76 4D 05 EF 12 11 00 B5 7E 7E 80 01 00 05 29 10 78 98 59 63 47 DB 05 F0 12 11 00 0D 7E 7E 80 01 00 05 29 10 78 98 59 63 1D 38 05 F1 12 11 00 B5 7E 7E 80 01 00 05 29 10 78 98 59 63 E4 AA 05 F2 12 11 00 DD 7E 7E 80 01 00 05 29 10 78 98 59 63 FC A3 05 F3 12 11 00 CD 7E 7E 80 01 00 05 29 10 78 98 59 63 D9 46 05 F4 12 11 00 0A 7E"}
{"ts":"2026-04-10T16:40:37.480Z","level":"INFO","device":"291078985963","event":"MEDIA_RX","detail":"7E 80 01 00 05 29 10 78 98 59 63 1E 33 05 F5 12 11 00 B9 7E 7E 80 01 00 05 29 10 78 98 59 63 44 74 05 F6 12 11 00 A7 7E 7E 80 01 00 05 29 10 78 98 59 63 19 AD 05 F7 12 11 00 22 7E 7E 80 01 00 05 29 10 78 98 59 63 C7 A4 05 F8 12 11 00 FA 7E 7E 80 01 00 05 29 10 78 98 59 63 35 4C 05 F9 12 11 00 E1 7E 7E 80 01 00 05 29 10 78 98 59 63 94 16 05 FA 12 11 00 19 7E 7E 80 01 00 05 29 10 78 98 59 63 EB ED 05 FB 12 11 00 9C 7E 7E 80 01 00 05 29 10 78 98 59 63 55 1F 05 FC 12 11 00 D7 7E 7E 80 01 00 05 29 10 78 98 59 63 C1 76 05 FD 12 11 00 2B 7E 7E 80 01 00 05 29 10 78 98 59 63 77 32 05 FE 12 11 00 DA 7E 7E 80 01 00 05 29 10 78 98 59 63 3E 3A 05 FF 12 11 00 9A 7E 7E 80 01 00 05 29 10 78 98 59 63 D5 3F 06 00 12 11 00 88 7E 7E 80 01 00 05 29 10 78 98 59 63 2D C2 06 01 12 11 00 8C 7E 7E 80 01 00 05 29 10 78 98 59 63 53 F8 06 02 12 11 00 CB 7E 7E 80 01 00 05 29 10 78 98 59 63 55 09 06 03 12 11 00 3D 7E 7E 80 01 00 05 29 10 78 98 59 63 10 57 06 04 12 11 00 21 7E 7E 80 01 00 05 29 10 78 98 59 63 3D 2A 06 05 12 11 00 70 7E 7E 80 01 00 05 29 10 78 98 59 63 9D 79 06 06 12 11 00 80 7E 7E 80 01 00 05 29 10 78 98 59 63 71 B6 06 07 12 11 00 A2 7E 7E 80 01 00 05 29 10 78 98 59 63 17 CC 06 08 12 11 00 B1 7E 7E 80 01 00 05 29 10 78 98 59 63 D4 93 06 09 12 11 00 2C 7E 7E 80 01 00 05 29 10 78 98 59 63 ED B2 06 0A 12 11 00 37 7E 7E 80 01 00 05 29 10 78 98 59 63 26 4E 06 0B 12 11 00 01 7E 7E 80 01 00 05 29 10 78 98 59 63 7C C2 06 0C 12 11 00 D0 7E 7E 80 01 00 05 29 10 78 98 59 63 EE 78 06 0D 12 11 00 F9 7E 7E 80 01 00 05 29 10 78 98 59 63 54 87 06 0E 12 11 00 BF 7E 7E 80 01 00 05 29 10 78 98 59 63 B4 F2 06 0F 12 11 00 2B 7E 7E 80 01 00 05 29 10 78 98 59 63 63 05 06 10 12 11 00 14 7E 7E 80 01 00 05 29 10 78 98 59 63 65 F5 06 11 12 11 00 E3 7E 7E 80 01 00 05 29 10 78 98 59 63 73 7D 01 06 12 12 11 00 7D 02 7E 7E 80 01 00 05 29 10 78 98 59 63 4A 27 06 13 12 11 00 1C 7E 7E 80 01 00 05 29 10 78 98 59 63 D5 75 06 14 12 11 00 D6 7E 7E 80 01 00 05 29 10 78 98 59 63 6D F2 06 15 12 11 00 E8 7E 7E 80 01 00 05 29 10 78 98 59 63 24 E2 06 16 12 11 00 B2 7E 7E 80 01 00 05 29 10 78 98 59 63 A0 06 06 17 12 11 00 D3 7E 7E 80 01 00 05 29 10 78 98 59 63 4E 2E 06 18 12 11 00 1A 7E 7E 80 01 00 05 29 10 78 98 59 63 46 2C 06 19 12 11 00 11 7E 7E 80 01 00 05 29 10 78 98 59 63 DB 40 06 1A 12 11 00 E3 7E 7E 80 01 00 05 29 10 78 98 59 63 6B AC 06 1B 12 11 00 BE 7E"}
{"ts":"2026-04-10T16:40:37.692Z","level":"INFO","device":"291078985963","event":"MEDIA_RX","detail":"7E 80 01 00 05 29 10 78 98 59 63 B0 B5 06 1C 12 11 00 7B 7E 7E 80 01 00 05 29 10 78 98 59 63 2D B3 06 1D 12 11 00 E1 7E 7E 80 01 00 05 29 10 78 98 59 63 5C C6 06 1E 12 11 00 E6 7E 7E 80 01 00 05 29 10 78 98 59 63 01 4B 06 1F 12 11 00 37 7E 7E 80 01 00 05 29 10 78 98 59 63 24 17 06 20 12 11 00 71 7E 7E 80 01 00 05 29 10 78 98 59 63 9B 6A 06 21 12 11 00 B2 7E 7E 80 01 00 05 29 10 78 98 59 63 74 25 06 22 12 11 00 11 7E 7E 80 01 00 05 29 10 78 98 59 63 16 EF 06 23 12 11 00 B8 7E 7E 80 01 00 05 29 10 78 98 59 63 16 74 06 24 12 11 00 24 7E 7E 80 01 00 05 29 10 78 98 59 63 70 F8 06 25 12 11 00 CF 7E 7E 80 01 00 05 29 10 78 98 59 63 A2 AF 06 26 12 11 00 49 7E 7E 80 01 00 05 29 10 78 98 59 63 32 81 06 27 12 11 00 F6 7E 7E 80 01 00 05 29 10 78 98 59 63 3C 1A 06 28 12 11 00 6C 7E 7E 80 01 00 05 29 10 78 98 59 63 B0 C5 06 29 12 11 00 3E 7E 7E 80 01 00 05 29 10 78 98 59 63 23 EF 06 2A 12 11 00 84 7E 7E 80 01 00 05 29 10 78 98 59 63 06 8F 06 2B 12 11 00 C0 7E 7E 80 01 00 05 29 10 78 98 59 63 37 49 06 2C 12 11 00 30 7E 7E 80 01 00 05 29 10 78 98 59 63 EA E8 06 2D 12 11 00 4D 7E 7E 80 01 00 05 29 10 78 98 59 63 10 1A 06 2E 12 11 00 46 7E 7E 80 01 00 05 29 10 78 98 59 63 C4 87 06 2F 12 11 00 0E 7E 7E 80 01 00 05 29 10 78 98 59 63 F8 51 06 30 12 11 00 FB 7E 7E 80 01 00 05 29 10 78 98 59 63 84 3E 06 31 12 11 00 E9 7E 7E 80 01 00 05 29 10 78 98 59 63 10 B2 06 32 12 11 00 F2 7E 7E 80 01 00 05 29 10 78 98 59 63 F2 E7 06 33 12 11 00 44 7E 7E 80 01 00 05 29 10 78 98 59 63 31 01 06 34 12 11 00 66 7E 7E 80 01 00 05 29 10 78 98 59 63 81 57 06 35 12 11 00 81 7E 7E 80 01 00 05 29 10 78 98 59 63 59 DB 06 36 12 11 00 D6 7E 7E 80 01 00 05 29 10 78 98 59 63 CF 42 06 37 12 11 00 D8 7E 7E 80 01 00 05 29 10 78 98 59 63 D6 A6 06 38 12 11 00 2A 7E 7E 80 01 00 05 29 10 78 98 59 63 38 6C 06 39 12 11 00 0F 7E 7E 80 01 00 05 29 10 78 98 59 63 70 B3 06 3A 12 11 00 9B 7E 7E 80 01 00 05 29 10 78 98 59 63 F3 A8 06 3B 12 11 00 02 7E 7E 80 01 00 05 29 10 78 98 59 63 32 B9 06 3C 12 11 00 D5 7E 7E 80 01 00 05 29 10 78 98 59 63 E6 33 06 3D 12 11 00 8A 7E 7E 80 01 00 05 29 10 78 98 59 63 50 3B 06 3E 12 11 00 37 7E 7E 80 01 00 05 29 10 78 98 59 63 BE 92 06 3F 12 11 00 71 7E 7E 80 01 00 05 29 10 78 98 59 63 2D 39 06 40 12 11 00 36 7E"}
{"ts":"2026-04-10T16:40:37.904Z","level":"INFO","device":"291078985963","event":"MEDIA_RX","detail":"7E 80 01 00 05 29 10 78 98 59 63 5E EA 06 41 12 11 00 97 7E 7E 80 01 00 05 29 10 78 98 59 63 AA 5E 06 42 12 11 00 D4 7E 7E 80 01 00 05 29 10 78 98 59 63 A6 E8 06 43 12 11 00 6F 7E 7E 80 01 00 05 29 10 78 98 59 63 A4 F4 06 44 12 11 00 76 7E 7E 80 01 00 05 29 10 78 98 59 63 47 6B 06 45 12 11 00 0B 7E 7E 80 01 00 05 29 10 78 98 59 63 9B F0 06 46 12 11 00 4F 7E 7E 80 01 00 05 29 10 78 98 59 63 38 83 06 47 12 11 00 9E 7E 7E 80 01 00 05 29 10 78 98 59 63 11 5B 06 48 12 11 00 60 7E 7E 80 01 00 05 29 10 78 98 59 63 8B AB 06 49 12 11 00 0B 7E 7E 80 01 00 05 29 10 78 98 59 63 8F AD 06 4A 12 11 00 0A 7E 7E 80 01 00 05 29 10 78 98 59 63 1F F6 06 4B 12 11 00 C0 7E 7E 80 01 00 05 29 10 78 98 59 63 54 6B 06 4C 12 11 00 11 7E 7E 80 01 00 05 29 10 78 98 59 63 B4 56 06 4D 12 11 00 CD 7E 7E 80 01 00 05 29 10 78 98 59 63 A1 31 06 4E 12 11 00 BC 7E 7E 80 01 00 05 29 10 78 98 59 63 86 D0 06 4F 12 11 00 7B 7E 7E 80 01 00 05 29 10 78 98 59 63 51 B9 06 50 12 11 00 DA 7E 7E 80 01 00 05 29 10 78 98 59 63 28 07 06 51 12 11 00 1C 7E 7E 80 01 00 05 29 10 78 98 59 63 AE C4 06 52 12 11 00 5A 7E 7E 80 01 00 05 29 10 78 98 59 63 83 7F 06 53 12 11 00 CD 7E 7E 80 01 00 05 29 10 78 98 59 63 00 17 06 54 12 11 00 21 7E 7E 80 01 00 05 29 10 78 98 59 63 D6 0B 06 55 12 11 00 EA 7E 7E 80 01 00 05 29 10 78 98 59 63 8B 8A 06 56 12 11 00 35 7E 7E 80 01 00 05 29 10 78 98 59 63 E7 80 06 57 12 11 00 52 7E 7E 80 01 00 05 29 10 78 98 59 63 2D 29 06 58 12 11 00 3E 7E 7E 80 01 00 05 29 10 78 98 59 63 AF 16 06 59 12 11 00 82 7E 7E 80 01 00 05 29 10 78 98 59 63 B0 FC 06 5A 12 11 00 74 7E 7E 80 01 00 05 29 10 78 98 59 63 11 0A 06 5B 12 11 00 22 7E 7E 80 01 00 05 29 10 78 98 59 63 0E 9F 06 5C 12 11 00 AF 7E 7E 80 01 00 05 29 10 78 98 59 63 5D FA 06 5D 12 11 00 98 7E 7E 80 01 00 05 29 10 78 98 59 63 1F F7 06 5E 12 11 00 D4 7E 7E 80 01 00 05 29 10 78 98 59 63 02 67 06 5F 12 11 00 58 7E 7E 80 01 00 05 29 10 78 98 59 63 CC B9 06 60 12 11 00 77 7E 7E 80 01 00 05 29 10 78 98 59 63 08 0B 06 61 12 11 00 00 7E 7E 80 01 00 05 29 10 78 98 59 63 B4 AD 06 62 12 11 00 19 7E 7E 80 01 00 05 29 10 78 98 59 63 31 D1 06 63 12 11 00 E1 7E 7E 80 01 00 05 29 10 78 98 59 63 17 72 06 64 12 11 00 63 7E 7E 80 01 00 05 29 10 78 98 59 63 0F 7D 01 06 65 12 11 00 75 7E 7E 80 01 00 05 29 10 78 98 59 63 3D AE 06 66 12 11 00 97 7E 7E 80 01 00 05 29 10 78 98 59 63 2E 0F 06 67 12 11 00 24 7E 7E 80 01 00 05 29 10 78 98 59 63 A7 B7 06 68 12 11 00 1A 7E 7E 80 01 00 05 29 10 78 98 59 63 F0 56 06 69 12 11 00 AD 7E"}
{"ts":"2026-04-10T16:40:38.117Z","level":"INFO","device":"291078985963","event":"MEDIA_RX","detail":"7E 80 01 00 05 29 10 78 98 59 63 79 3A 06 6A 12 11 00 4B 7E 7E 80 01 00 05 29 10 78 98 59 63 B7 55 06 6B 12 11 00 EB 7E 7E 80 01 00 05 29 10 78 98 59 63 61 66 06 6C 12 11 00 09 7E 7E 80 01 00 05 29 10 78 98 59 63 A8 14 06 6D 12 11 00 B3 7E 7E 80 01 00 05 29 10 78 98 59 63 86 CA 06 6E 12 11 00 40 7E 7E 80 01 00 05 29 10 78 98 59 63 AC 40 06 6F 12 11 00 E1 7E 7E 80 01 00 05 29 10 78 98 59 63 5D 3E 06 70 12 11 00 71 7E 7E 80 01 00 05 29 10 78 98 59 63 15 4D 06 71 12 11 00 4B 7E 7E 80 01 00 05 29 10 78 98 59 63 FA 8B 06 72 12 11 00 61 7E 7E 80 01 00 05 29 10 78 98 59 63 08 AA 06 73 12 11 00 B3 7E 7E 80 01 00 05 29 10 78 98 59 63 85 91 06 74 12 11 00 02 7E 7E 80 01 00 05 29 10 78 98 59 63 76 81 06 75 12 11 00 E0 7E 7E 80 01 00 05 29 10 78 98 59 63 AA 17 06 76 12 11 00 A9 7E 7E 80 01 00 05 29 10 78 98 59 63 D1 60 06 77 12 11 00 A4 7E 7E 80 01 00 05 29 10 78 98 59 63 D7 7D 02 06 78 12 11 00 B3 7E 7E 80 01 00 05 29 10 78 98 59 63 EA 4D 06 79 12 11 00 BC 7E 7E 80 01 00 05 29 10 78 98 59 63 D5 AA 06 7A 12 11 00 67 7E 7E 80 01 00 05 29 10 78 98 59 63 03 8C 06 7B 12 11 00 96 7E 7E 80 01 00 05 29 10 78 98 59 63 1F A8 06 7C 12 11 00 A9 7E 7E 80 01 00 05 29 10 78 98 59 63 9C A3 06 7D 01 12 11 00 20 7E 7E 80 01 00 05 29 10 78 98 59 63 0B 59 06 7D 02 12 11 00 4E 7E 7E 80 01 00 05 29 10 78 98 59 63 B6 CB 06 7F 12 11 00 60 7E 7E 80 01 00 05 29 10 78 98 59 63 D1 5A 06 80 12 11 00 69 7E 7E 80 01 00 05 29 10 78 98 59 63 C6 C3 06 81 12 11 00 E6 7E 7E 80 01 00 05 29 10 78 98 59 63 3A 03 06 82 12 11 00 D9 7E 7E 80 01 00 05 29 10 78 98 59 63 96 13 06 83 12 11 00 64 7E 7E 80 01 00 05 29 10 78 98 59 63 A8 5B 06 84 12 11 00 15 7E 7E 80 01 00 05 29 10 78 98 59 63 F5 95 06 85 12 11 00 87 7E 7E 80 01 00 05 29 10 78 98 59 63 19 F0 06 86 12 11 00 0D 7E 7E 80 01 00 05 29 10 78 98 59 63 AC A1 06 87 12 11 00 E8 7E 7E 80 01 00 05 29 10 78 98 59 63 1C 6F 06 88 12 11 00 99 7E 7E 80 01 00 05 29 10 78 98 59 63 24 A4 06 89 12 11 00 6B 7E 7E 80 01 00 05 29 10 78 98 59 63 8F CA 06 8A 12 11 00 AD 7E 7E 80 01 00 05 29 10 78 98 59 63 77 92 06 8B 12 11 00 0C 7E 7E 80 01 00 05 29 10 78 98 59 63 C7 9F 06 8C 12 11 00 B6 7E 7E 80 01 00 05 29 10 78 98 59 63 E7 27 06 8D 12 11 00 2F 7E 7E 80 01 00 05 29 10 78 98 59 63 F0 D8 06 8E 12 11 00 C4 7E 7E 80 01 00 05 29 10 78 98 59 63 E3 71 06 8F 12 11 00 7F 7E 7E 80 01 00 05 29 10 78 98 59 63 10 AA 06 90 12 11 00 48 7E"}
{"ts":"2026-04-10T16:40:38.329Z","level":"INFO","device":"291078985963","event":"MEDIA_RX","detail":"7E 80 01 00 05 29 10 78 98 59 63 52 CD 06 91 12 11 00 6C 7E 7E 80 01 00 05 29 10 78 98 59 63 06 0A 06 92 12 11 00 FC 7E 7E 80 01 00 05 29 10 78 98 59 63 3D B6 06 93 12 11 00 7A 7E 7E 80 01 00 05 29 10 78 98 59 63 34 99 06 94 12 11 00 5B 7E 7E 80 01 00 05 29 10 78 98 59 63 F5 C1 06 95 12 11 00 C3 7E 7E 80 01 00 05 29 10 78 98 59 63 B6 48 06 96 12 11 00 0A 7E 7E 80 01 00 05 29 10 78 98 59 63 46 F5 06 97 12 11 00 46 7E 7E 80 01 00 05 29 10 78 98 59 63 69 30 06 98 12 11 00 A3 7E 7E 80 01 00 05 29 10 78 98 59 63 CE B9 06 99 12 11 00 8C 7E 7E 80 01 00 05 29 10 78 98 59 63 A8 FB 06 9A 12 11 00 AB 7E 7E 80 01 00 05 29 10 78 98 59 63 38 27 06 9B 12 11 00 E6 7E 7E 80 01 00 05 29 10 78 98 59 63 7B 21 06 9C 12 11 00 A4 7E 7E 80 01 00 05 29 10 78 98 59 63 47 12 06 9D 12 11 00 AA 7E 7E 80 01 00 05 29 10 78 98 59 63 8B 9E 06 9E 12 11 00 E9 7E 7E 80 01 00 05 29 10 78 98 59 63 F1 C3 06 9F 12 11 00 CF 7E 7E 80 01 00 05 29 10 78 98 59 63 07 02 06 A0 12 11 00 C7 7E 7E 80 01 00 05 29 10 78 98 59 63 7D 01 CC 06 A1 12 11 00 72 7E 7E 80 01 00 05 29 10 78 98 59 63 83 54 06 A2 12 11 00 17 7E 7E 80 01 00 05 29 10 78 98 59 63 FE 2F 06 A3 12 11 00 10 7E 7E 80 01 00 05 29 10 78 98 59 63 35 E3 06 A4 12 11 00 10 7E 7E 80 01 00 05 29 10 78 98 59 63 5A 38 06 A5 12 11 00 A5 7E 7E 80 01 00 05 29 10 78 98 59 63 8A 8B 06 A6 12 11 00 C5 7E 7E 80 01 00 05 29 10 78 98 59 63 ED 9F 06 A7 12 11 00 B7 7E 7E 80 01 00 05 29 10 78 98 59 63 71 AD 06 A8 12 11 00 16 7E 7E 80 01 00 05 29 10 78 98 59 63 64 6A 06 A9 12 11 00 C5 7E 7E 80 01 00 05 29 10 78 98 59 63 B6 F0 06 AA 12 11 00 8E 7E 7E 80 01 00 05 29 10 78 98 59 63 A7 4E 06 AB 12 11 00 20 7E 7E 80 01 00 05 29 10 78 98 59 63 68 43 06 AC 12 11 00 E5 7E 7E 80 01 00 05 29 10 78 98 59 63 9E D9 06 AD 12 11 00 88 7E 7E 80 01 00 05 29 10 78 98 59 63 22 32 06 AE 12 11 00 DC 7E 7E 80 01 00 05 29 10 78 98 59 63 BD 39 06 AF 12 11 00 49 7E 7E 80 01 00 05 29 10 78 98 59 63 10 BE 06 B0 12 11 00 7C 7E 7E 80 01 00 05 29 10 78 98 59 63 52 39 06 B1 12 11 00 B8 7E 7E 80 01 00 05 29 10 78 98 59 63 1A C3 06 B2 12 11 00 09 7E 7E 80 01 00 05 29 10 78 98 59 63 E8 16 06 B3 12 11 00 2F 7E 7E 80 01 00 05 29 10 78 98 59 63 A8 AC 06 B4 12 11 00 D2 7E 7E 80 01 00 05 29 10 78 98 59 63 68 9C 06 B5 12 11 00 23 7E 7E 80 01 00 05 29 10 78 98 59 63 B8 51 06 B6 12 11 00 3D 7E 7E 80 01 00 05 29 10 78 98 59 63 74 1C 06 B7 12 11 00 BD 7E"}
{"ts":"2026-04-10T16:40:38.475Z","level":"INFO","device":"291078985963","event":"SENT_1212","detail":"02_64_6401_03_29107898596300260410164027020200.mp4"}
{"ts":"2026-04-10T16:40:38.686Z","level":"INFO","device":"291078985963","event":"MEDIA_RX","detail":"7E 80 01 00 05 29 10 78 98 59 63 82 FD 06 B8 12 11 00 A5 7E 7E 80 01 00 05 29 10 78 98 59 63 DA D0 06 B9 12 11 00 D1 7E 7E 80 01 00 05 29 10 78 98 59 63 EB 92 06 BA 12 11 00 A1 7E 7E 80 01 00 05 29 10 78 98 59 63 03 C5 06 BB 12 11 00 1F 7E 7E 80 01 00 05 29 10 78 98 59 63 A1 38 06 BC 12 11 00 47 7E 7E 80 01 00 05 29 10 78 98 59 63 38 0D 06 BD 12 11 00 EA 7E 7E 80 01 00 05 29 10 78 98 59 63 6B 8B 06 BE 12 11 00 3C 7E 7E 80 01 00 05 29 10 78 98 59 63 24 56 06 BF 12 11 00 AF 7E 7E 80 01 00 05 29 10 78 98 59 63 28 18 06 C0 12 11 00 92 7E 7E 80 01 00 05 29 10 78 98 59 63 E7 4E 06 C1 12 11 00 0A 7E 7E 80 01 00 05 29 10 78 98 59 63 51 C5 06 C2 12 11 00 34 7E 7E 80 01 00 05 29 10 78 98 59 63 96 23 06 C3 12 11 00 14 7E 7E 80 01 00 05 29 10 78 98 59 63 CF 65 06 C4 12 11 00 0C 7E 7E 80 01 00 05 29 10 78 98 59 63 04 BC 06 C5 12 11 00 1F 7E 7E 80 01 00 05 29 10 78 98 59 63 D3 A0 06 C6 12 11 00 D7 7E 7E 80 01 00 05 29 10 78 98 59 63 E5 ED 06 C7 12 11 00 AD 7E 7E 80 01 00 05 29 10 78 98 59 63 38 B2 06 C8 12 11 00 20 7E 7E 80 01 00 05 29 10 78 98 59 63 42 1D 06 C9 12 11 00 F4 7E 7E 80 01 00 05 29 10 78 98 59 63 CE 92 06 CA 12 11 00 F4 7E 7E 80 01 00 05 29 10 78 98 59 63 6B 52 06 CB 12 11 00 90 7E 7E 80 01 00 05 29 10 78 98 59 63 6E 68 06 CC 12 11 00 A8 7E 7E 80 01 00 05 29 10 78 98 59 63 CC 80 06 CD 12 11 00 E3 7E 7E 80 01 00 05 29 10 78 98 59 63 B2 93 06 CE 12 11 00 8D 7E 7E 80 01 00 05 29 10 78 98 59 63 61 0E 06 CF 12 11 00 C2 7E 7E 80 01 00 05 29 10 78 98 59 63 33 DC 06 D0 12 11 00 5D 7E 7E 80 01 00 05 29 10 78 98 59 63 F9 33 06 D1 12 11 00 79 7E 7E 80 01 00 05 29 10 78 98 59 63 A0 6E 06 D2 12 11 00 7D 02 7E 7E 80 01 00 05 29 10 78 98 59 63 B9 2D 06 D3 12 11 00 25 7E 7E 80 01 00 05 29 10 78 98 59 63 57 A9 06 D4 12 11 00 48 7E"}
{"ts":"2026-04-10T16:40:38.775Z","level":"INFO","device":"291078985963","event":"BATCH_COMPLETE","detail":"All 2 files sent"}
{"ts":"2026-04-10T16:40:39.200Z","level":"ERROR","device":"291078985963","event":"MEDIA_ERROR","detail":"54.37.225.65:3378 — read ECONNRESET"}
{"ts":"2026-04-10T16:40:39.200Z","level":"INFO","device":"291078985963","event":"MEDIA_CLOSED","detail":""}
{"ts":"2026-04-10T16:40:57.353Z","level":"INFO","device":"291078985963","event":"HEARTBEAT_SENT","detail":"0x0002"}
{"ts":"2026-04-10T16:40:57.561Z","level":"INFO","device":"291078985963","event":"SERVER_ACK","detail":"0x8001 Universal Reply Received"}
{"ts":"2026-04-10T16:41:27.313Z","level":"INFO","device":"291078985963","event":"OBD2_SENT_0x0200","detail":"Lat: 51.736602, Lng: 0.470006 | Speed: 36km/h | RPM: 2223"}
{"ts":"2026-04-10T16:41:27.314Z","level":"INFO","device":"291078985963","event":"GPS_SENT","detail":""}
{"ts":"2026-04-10T16:41:27.353Z","level":"INFO","device":"291078985963","event":"HEARTBEAT_SENT","detail":"0x0002"}
{"ts":"2026-04-10T16:41:27.519Z","level":"ERROR","device":"291078985963","event":"SOCKET_ERROR","detail":"ECONNREFUSED"}
{"ts":"2026-04-10T16:41:27.522Z","level":"INFO","device":"291078985963","event":"RX_MSG","detail":"0x8001 bodyLen=5"}
{"ts":"2026-04-10T16:41:27.522Z","level":"INFO","device":"291078985963","event":"SERVER_ACK","detail":"0x0200 result=OK"}
{"ts":"2026-04-10T16:41:27.523Z","level":"INFO","device":"291078985963","event":"SERVER_ACK","detail":"0x8001 Universal Reply Received"}
{"ts":"2026-04-10T16:41:27.853Z","level":"INFO","device":"291078985963","event":"SERVER_ACK","detail":"0x8001 Universal Reply Received"}
{"ts":"2026-04-10T16:41:57.363Z","level":"INFO","device":"291078985963","event":"HEARTBEAT_SENT","detail":"0x0002"}
{"ts":"2026-04-10T16:41:57.569Z","level":"INFO","device":"291078985963","event":"SERVER_ACK","detail":"0x8001 Universal Reply Received"}
{"ts":"2026-04-10T16:42:27.343Z","level":"INFO","device":"291078985963","event":"OBD2_SENT_0x0200","detail":"Lat: 51.737125, Lng: 0.471861 | Speed: 32km/h | RPM: 2085"}
{"ts":"2026-04-10T16:42:27.344Z","level":"INFO","device":"291078985963","event":"GPS_SENT","detail":""}
{"ts":"2026-04-10T16:42:27.364Z","level":"INFO","device":"291078985963","event":"HEARTBEAT_SENT","detail":"0x0002"}
{"ts":"2026-04-10T16:42:27.549Z","level":"ERROR","device":"291078985963","event":"SOCKET_ERROR","detail":"ECONNREFUSED"}
{"ts":"2026-04-10T16:42:27.551Z","level":"INFO","device":"291078985963","event":"SERVER_ACK","detail":"0x8001 Universal Reply Received"}
{"ts":"2026-04-10T16:42:27.554Z","level":"INFO","device":"291078985963","event":"RX_MSG","detail":"0x8001 bodyLen=5"}
{"ts":"2026-04-10T16:42:27.554Z","level":"INFO","device":"291078985963","event":"SERVER_ACK","detail":"0x0200 result=OK"}
{"ts":"2026-04-10T16:42:27.883Z","level":"INFO","device":"291078985963","event":"SERVER_ACK","detail":"0x8001 Universal Reply Received"}
{"ts":"2026-04-10T16:42:57.394Z","level":"INFO","device":"291078985963","event":"HEARTBEAT_SENT","detail":"0x0002"}
{"ts":"2026-04-10T16:42:57.601Z","level":"INFO","device":"291078985963","event":"SERVER_ACK","detail":"0x8001 Universal Reply Received"}
{"ts":"2026-04-10T16:43:27.373Z","level":"INFO","device":"291078985963","event":"OBD2_SENT_0x0200","detail":"Lat: 51.737556, Lng: 0.473936 | Speed: 37km/h | RPM: 2272"}
{"ts":"2026-04-10T16:43:27.374Z","level":"INFO","device":"291078985963","event":"GPS_SENT","detail":""}
{"ts":"2026-04-10T16:43:27.394Z","level":"INFO","device":"291078985963","event":"HEARTBEAT_SENT","detail":"0x0002"}
{"ts":"2026-04-10T16:43:27.580Z","level":"ERROR","device":"291078985963","event":"SOCKET_ERROR","detail":"ECONNREFUSED"}
{"ts":"2026-04-10T16:43:27.582Z","level":"INFO","device":"291078985963","event":"SERVER_ACK","detail":"0x8001 Universal Reply Received"}
{"ts":"2026-04-10T16:43:27.583Z","level":"INFO","device":"291078985963","event":"RX_MSG","detail":"0x8001 bodyLen=5"}
{"ts":"2026-04-10T16:43:27.583Z","level":"INFO","device":"291078985963","event":"SERVER_ACK","detail":"0x0200 result=OK"}
{"ts":"2026-04-10T16:43:27.902Z","level":"INFO","device":"291078985963","event":"SERVER_ACK","detail":"0x8001 Universal Reply Received"}
{"ts":"2026-04-10T16:43:57.424Z","level":"INFO","device":"291078985963","event":"HEARTBEAT_SENT","detail":"0x0002"}
{"ts":"2026-04-10T16:43:57.631Z","level":"INFO","device":"291078985963","event":"SERVER_ACK","detail":"0x8001 Universal Reply Received"}
{"ts":"2026-04-10T16:44:27.395Z","level":"INFO","device":"291078985963","event":"OBD2_SENT_0x0200","detail":"Lat: 51.737767, Lng: 0.475818 | Speed: 32km/h | RPM: 2088"}
{"ts":"2026-04-10T16:44:27.396Z","level":"INFO","device":"291078985963","event":"GPS_SENT","detail":""}
{"ts":"2026-04-10T16:44:27.424Z","level":"INFO","device":"291078985963","event":"HEARTBEAT_SENT","detail":"0x0002"}
{"ts":"2026-04-10T16:44:27.605Z","level":"INFO","device":"291078985963","event":"SERVER_ACK","detail":"0x8001 Universal Reply Received"}
{"ts":"2026-04-10T16:44:27.605Z","level":"INFO","device":"291078985963","event":"RX_MSG","detail":"0x8001 bodyLen=5"}
{"ts":"2026-04-10T16:44:27.606Z","level":"INFO","device":"291078985963","event":"SERVER_ACK","detail":"0x0200 result=OK"}
{"ts":"2026-04-10T16:44:27.609Z","level":"ERROR","device":"291078985963","event":"SOCKET_ERROR","detail":"ECONNREFUSED"}
{"ts":"2026-04-10T16:44:27.928Z","level":"INFO","device":"291078985963","event":"SERVER_ACK","detail":"0x8001 Universal Reply Received"}
{"ts":"2026-04-10T16:44:57.450Z","level":"INFO","device":"291078985963","event":"HEARTBEAT_SENT","detail":"0x0002"}
{"ts":"2026-04-10T16:44:57.658Z","level":"INFO","device":"291078985963","event":"SERVER_ACK","detail":"0x8001 Universal Reply Received"}
{"ts":"2026-04-10T16:45:27.425Z","level":"INFO","device":"291078985963","event":"OBD2_SENT_0x0200","detail":"Lat: 51.737697, Lng: 0.477811 | Speed: 33km/h | RPM: 2121"}
{"ts":"2026-04-10T16:45:27.425Z","level":"INFO","device":"291078985963","event":"GPS_SENT","detail":""}
{"ts":"2026-04-10T16:45:27.451Z","level":"INFO","device":"291078985963","event":"HEARTBEAT_SENT","detail":"0x0002"}
{"ts":"2026-04-10T16:45:27.630Z","level":"ERROR","device":"291078985963","event":"SOCKET_ERROR","detail":"ECONNREFUSED"}
{"ts":"2026-04-10T16:45:27.631Z","level":"INFO","device":"291078985963","event":"RX_MSG","detail":"0x8001 bodyLen=5"}
{"ts":"2026-04-10T16:45:27.632Z","level":"INFO","device":"291078985963","event":"SERVER_ACK","detail":"0x0200 result=OK"}
{"ts":"2026-04-10T16:45:27.635Z","level":"INFO","device":"291078985963","event":"SERVER_ACK","detail":"0x8001 Universal Reply Received"}
{"ts":"2026-04-10T16:45:27.958Z","level":"INFO","device":"291078985963","event":"SERVER_ACK","detail":"0x8001 Universal Reply Received"}
{"ts":"2026-04-10T16:45:57.476Z","level":"INFO","device":"291078985963","event":"HEARTBEAT_SENT","detail":"0x0002"}
{"ts":"2026-04-10T16:45:57.682Z","level":"INFO","device":"291078985963","event":"SERVER_ACK","detail":"0x8001 Universal Reply Received"}
{"ts":"2026-04-10T16:46:27.454Z","level":"INFO","device":"291078985963","event":"OBD2_SENT_0x0200","detail":"Lat: 51.737126, Lng: 0.479684 | Speed: 36km/h | RPM: 2233"}
{"ts":"2026-04-10T16:46:27.454Z","level":"INFO","device":"291078985963","event":"GPS_SENT","detail":""}
{"ts":"2026-04-10T16:46:27.477Z","level":"INFO","device":"291078985963","event":"HEARTBEAT_SENT","detail":"0x0002"}
{"ts":"2026-04-10T16:46:27.659Z","level":"ERROR","device":"291078985963","event":"SOCKET_ERROR","detail":"ECONNREFUSED"}
{"ts":"2026-04-10T16:46:27.661Z","level":"INFO","device":"291078985963","event":"RX_MSG","detail":"0x8001 bodyLen=5"}
{"ts":"2026-04-10T16:46:27.663Z","level":"INFO","device":"291078985963","event":"SERVER_ACK","detail":"0x0200 result=OK"}
{"ts":"2026-04-10T16:46:27.665Z","level":"INFO","device":"291078985963","event":"SERVER_ACK","detail":"0x8001 Universal Reply Received"}
{"ts":"2026-04-10T16:46:27.983Z","level":"INFO","device":"291078985963","event":"SERVER_ACK","detail":"0x8001 Universal Reply Received"}
{"ts":"2026-04-10T16:46:57.506Z","level":"INFO","device":"291078985963","event":"HEARTBEAT_SENT","detail":"0x0002"}
{"ts":"2026-04-10T16:46:57.712Z","level":"INFO","device":"291078985963","event":"SERVER_ACK","detail":"0x8001 Universal Reply Received"}
{"ts":"2026-04-10T16:47:27.484Z","level":"INFO","device":"291078985963","event":"OBD2_SENT_0x0200","detail":"Lat: 51.736147, Lng: 0.481095 | Speed: 34km/h | RPM: 2167"}
{"ts":"2026-04-10T16:47:27.485Z","level":"INFO","device":"291078985963","event":"GPS_SENT","detail":""}
{"ts":"2026-04-10T16:47:27.506Z","level":"INFO","device":"291078985963","event":"HEARTBEAT_SENT","detail":"0x0002"}
{"ts":"2026-04-10T16:47:27.690Z","level":"ERROR","device":"291078985963","event":"SOCKET_ERROR","detail":"ECONNREFUSED"}
{"ts":"2026-04-10T16:47:27.691Z","level":"INFO","device":"291078985963","event":"SERVER_ACK","detail":"0x8001 Universal Reply Received"}
{"ts":"2026-04-10T16:47:27.694Z","level":"INFO","device":"291078985963","event":"RX_MSG","detail":"0x8001 bodyLen=5"}
{"ts":"2026-04-10T16:47:27.694Z","level":"INFO","device":"291078985963","event":"SERVER_ACK","detail":"0x0200 result=OK"}
{"ts":"2026-04-10T16:47:28.014Z","level":"INFO","device":"291078985963","event":"SERVER_ACK","detail":"0x8001 Universal Reply Received"}
{"ts":"2026-04-10T16:47:57.535Z","level":"INFO","device":"291078985963","event":"HEARTBEAT_SENT","detail":"0x0002"}
{"ts":"2026-04-10T16:47:57.742Z","level":"INFO","device":"291078985963","event":"SERVER_ACK","detail":"0x8001 Universal Reply Received"}
{"ts":"2026-04-10T16:48:27.514Z","level":"INFO","device":"291078985963","event":"OBD2_SENT_0x0200","detail":"Lat: 51.735242, Lng: 0.482151 | Speed: 30km/h | RPM: 1992"}
{"ts":"2026-04-10T16:48:27.514Z","level":"INFO","device":"291078985963","event":"GPS_SENT","detail":""}
{"ts":"2026-04-10T16:48:27.537Z","level":"INFO","device":"291078985963","event":"HEARTBEAT_SENT","detail":"0x0002"}
{"ts":"2026-04-10T16:48:27.719Z","level":"ERROR","device":"291078985963","event":"SOCKET_ERROR","detail":"ECONNREFUSED"}
{"ts":"2026-04-10T16:48:27.725Z","level":"INFO","device":"291078985963","event":"RX_MSG","detail":"0x8001 bodyLen=5"}
{"ts":"2026-04-10T16:48:27.726Z","level":"INFO","device":"291078985963","event":"SERVER_ACK","detail":"0x0200 result=OK"}
{"ts":"2026-04-10T16:48:27.726Z","level":"INFO","device":"291078985963","event":"SERVER_ACK","detail":"0x8001 Universal Reply Received"}
{"ts":"2026-04-10T16:48:28.078Z","level":"INFO","device":"291078985963","event":"SERVER_ACK","detail":"0x8001 Universal Reply Received"}
{"ts":"2026-04-10T16:48:57.560Z","level":"INFO","device":"291078985963","event":"HEARTBEAT_SENT","detail":"0x0002"}
{"ts":"2026-04-10T16:48:57.768Z","level":"INFO","device":"291078985963","event":"SERVER_ACK","detail":"0x8001 Universal Reply Received"}
{"ts":"2026-04-10T16:48:58.033Z","level":"INFO","device":"291078985963","event":"DISCONNECTED","detail":"clean stop"}
{"ts":"2026-04-10T16:48:58.037Z","level":"INFO","device":"291078985963","event":"DISCONNECTED","detail":"clean stop"}
{"ts":"2026-04-10T16:48:58.037Z","level":"INFO","device":"291078985963","event":"DISCONNECTED","detail":"clean stop"}

[SUMMARY] Run duration: 2434s
[SUMMARY] GPS packets sent: 80
[SUMMARY] OBD2 packets sent: 40
[SUMMARY] DTC faults sent: 3
[SUMMARY] Incidents fired: 2
[SUMMARY] Videos uploaded OK: 2
[SUMMARY] Videos failed: 2
[SUMMARY] Tracker pings sent: 0
[SUMMARY] Reconnections: 0
[SUMMARY] Log file: logs/sim-2026-04-10T16-08-26.log
