{"ts":"2026-04-05T23:32:16.247Z","level":"INFO","device":"291078985963","event":"OBD2_CONNECTED","detail":"Binary Mode"}
{"ts":"2026-04-05T23:32:16.256Z","level":"INFO","device":"291078985963","event":"CONNECTED","detail":"id:291078985963"}
{"ts":"2026-04-05T23:32:16.392Z","level":"INFO","device":"868120100002","event":"CONNECTED","detail":"id:868120100002"}
{"ts":"2026-04-05T23:32:16.394Z","level":"INFO","device":"200000000002","event":"OBD2_CONNECTED","detail":"Binary Mode"}
{"ts":"2026-04-05T23:32:16.451Z","level":"INFO","device":"291078985963","event":"SERVER_ACK","detail":"0x8100 Registration Reply Received"}
{"ts":"2026-04-05T23:32:16.469Z","level":"INFO","device":"291078985963","event":"RX_MSG","detail":"0x8001 bodyLen=5"}
{"ts":"2026-04-05T23:32:16.469Z","level":"INFO","device":"291078985963","event":"SERVER_ACK","detail":"0x0102 result=OK"}
{"ts":"2026-04-05T23:32:16.526Z","level":"INFO","device":"200000000003","event":"OBD2_CONNECTED","detail":"Binary Mode"}
{"ts":"2026-04-05T23:32:16.545Z","level":"INFO","device":"868120100003","event":"CONNECTED","detail":"id:868120100003"}
{"ts":"2026-04-05T23:32:16.597Z","level":"INFO","device":"200000000002","event":"SERVER_ACK","detail":"0x8100 Registration Reply Received"}
{"ts":"2026-04-05T23:32:16.597Z","level":"INFO","device":"868120100002","event":"RX_MSG","detail":"0x8001 bodyLen=5"}
{"ts":"2026-04-05T23:32:16.598Z","level":"INFO","device":"868120100002","event":"SERVER_ACK","detail":"0x0102 result=OK"}
{"ts":"2026-04-05T23:32:16.678Z","level":"INFO","device":"200000000004","event":"OBD2_CONNECTED","detail":"Binary Mode"}
{"ts":"2026-04-05T23:32:16.685Z","level":"INFO","device":"868120100004","event":"CONNECTED","detail":"id:868120100004"}
{"ts":"2026-04-05T23:32:16.720Z","level":"INFO","device":"200000000003","event":"SERVER_ACK","detail":"0x8100 Registration Reply Received"}
{"ts":"2026-04-05T23:32:16.749Z","level":"INFO","device":"868120100003","event":"RX_MSG","detail":"0x8001 bodyLen=5"}
{"ts":"2026-04-05T23:32:16.749Z","level":"INFO","device":"868120100003","event":"SERVER_ACK","detail":"0x0102 result=OK"}
{"ts":"2026-04-05T23:32:16.851Z","level":"INFO","device":"868120100005","event":"CONNECTED","detail":"id:868120100005"}
{"ts":"2026-04-05T23:32:16.854Z","level":"INFO","device":"200000000005","event":"OBD2_CONNECTED","detail":"Binary Mode"}
{"ts":"2026-04-05T23:32:16.864Z","level":"INFO","device":"200000000004","event":"SERVER_ACK","detail":"0x8100 Registration Reply Received"}
{"ts":"2026-04-05T23:32:16.878Z","level":"INFO","device":"868120100004","event":"RX_MSG","detail":"0x8001 bodyLen=5"}
{"ts":"2026-04-05T23:32:16.879Z","level":"INFO","device":"868120100004","event":"SERVER_ACK","detail":"0x0102 result=OK"}
{"ts":"2026-04-05T23:32:16.951Z","level":"INFO","device":"291078985963","event":"SERVER_ACK","detail":"0x8001 Universal Reply Received"}
{"ts":"2026-04-05T23:32:16.993Z","level":"INFO","device":"868120100006","event":"CONNECTED","detail":"id:868120100006"}
{"ts":"2026-04-05T23:32:17.002Z","level":"INFO","device":"200000000006","event":"OBD2_CONNECTED","detail":"Binary Mode"}
{"ts":"2026-04-05T23:32:17.063Z","level":"INFO","device":"868120100005","event":"RX_MSG","detail":"0x8001 bodyLen=5"}
{"ts":"2026-04-05T23:32:17.063Z","level":"INFO","device":"868120100005","event":"SERVER_ACK","detail":"0x0102 result=OK"}
{"ts":"2026-04-05T23:32:17.067Z","level":"INFO","device":"200000000005","event":"SERVER_ACK","detail":"0x8100 Registration Reply Received"}
{"ts":"2026-04-05T23:32:17.100Z","level":"INFO","device":"200000000002","event":"SERVER_ACK","detail":"0x8001 Universal Reply Received"}
{"ts":"2026-04-05T23:32:17.142Z","level":"INFO","device":"200000000007","event":"OBD2_CONNECTED","detail":"Binary Mode"}
{"ts":"2026-04-05T23:32:17.152Z","level":"INFO","device":"868120100007","event":"CONNECTED","detail":"id:868120100007"}
{"ts":"2026-04-05T23:32:17.198Z","level":"INFO","device":"868120100006","event":"RX_MSG","detail":"0x8001 bodyLen=5"}
{"ts":"2026-04-05T23:32:17.198Z","level":"INFO","device":"868120100006","event":"SERVER_ACK","detail":"0x0102 result=OK"}
{"ts":"2026-04-05T23:32:17.213Z","level":"INFO","device":"200000000003","event":"SERVER_ACK","detail":"0x8001 Universal Reply Received"}
{"ts":"2026-04-05T23:32:17.216Z","level":"INFO","device":"200000000006","event":"SERVER_ACK","detail":"0x8100 Registration Reply Received"}
{"ts":"2026-04-05T23:32:17.300Z","level":"INFO","device":"200000000008","event":"OBD2_CONNECTED","detail":"Binary Mode"}
{"ts":"2026-04-05T23:32:17.309Z","level":"INFO","device":"868120100008","event":"CONNECTED","detail":"id:868120100008"}
{"ts":"2026-04-05T23:32:17.345Z","level":"INFO","device":"200000000007","event":"SERVER_ACK","detail":"0x8100 Registration Reply Received"}
{"ts":"2026-04-05T23:32:17.366Z","level":"INFO","device":"200000000004","event":"SERVER_ACK","detail":"0x8001 Universal Reply Received"}
{"ts":"2026-04-05T23:32:17.366Z","level":"INFO","device":"868120100007","event":"RX_MSG","detail":"0x8001 bodyLen=5"}
{"ts":"2026-04-05T23:32:17.367Z","level":"INFO","device":"868120100007","event":"SERVER_ACK","detail":"0x0102 result=OK"}
{"ts":"2026-04-05T23:32:17.435Z","level":"INFO","device":"200000000009","event":"OBD2_CONNECTED","detail":"Binary Mode"}
{"ts":"2026-04-05T23:32:17.442Z","level":"INFO","device":"868120100009","event":"CONNECTED","detail":"id:868120100009"}
{"ts":"2026-04-05T23:32:17.505Z","level":"INFO","device":"200000000008","event":"SERVER_ACK","detail":"0x8100 Registration Reply Received"}
{"ts":"2026-04-05T23:32:17.521Z","level":"INFO","device":"868120100008","event":"RX_MSG","detail":"0x8001 bodyLen=5"}
{"ts":"2026-04-05T23:32:17.521Z","level":"INFO","device":"868120100008","event":"SERVER_ACK","detail":"0x0102 result=OK"}
{"ts":"2026-04-05T23:32:17.568Z","level":"INFO","device":"200000000005","event":"SERVER_ACK","detail":"0x8001 Universal Reply Received"}
{"ts":"2026-04-05T23:32:17.577Z","level":"INFO","device":"100000000010","event":"CONNECTED","detail":"id:100000000010"}
{"ts":"2026-04-05T23:32:17.604Z","level":"INFO","device":"200000000010","event":"OBD2_CONNECTED","detail":"Binary Mode"}
{"ts":"2026-04-05T23:32:17.629Z","level":"INFO","device":"200000000009","event":"SERVER_ACK","detail":"0x8100 Registration Reply Received"}
{"ts":"2026-04-05T23:32:17.643Z","level":"INFO","device":"868120100009","event":"RX_MSG","detail":"0x8001 bodyLen=5"}
{"ts":"2026-04-05T23:32:17.644Z","level":"INFO","device":"868120100009","event":"SERVER_ACK","detail":"0x0102 result=OK"}
{"ts":"2026-04-05T23:32:17.713Z","level":"INFO","device":"200000000006","event":"SERVER_ACK","detail":"0x8001 Universal Reply Received"}
{"ts":"2026-04-05T23:32:17.765Z","level":"INFO","device":"100000000010","event":"RX_MSG","detail":"0x8001 bodyLen=5"}
{"ts":"2026-04-05T23:32:17.765Z","level":"INFO","device":"100000000010","event":"SERVER_ACK","detail":"0x0102 result=OK"}
{"ts":"2026-04-05T23:32:17.816Z","level":"INFO","device":"200000000010","event":"SERVER_ACK","detail":"0x8100 Registration Reply Received"}
{"ts":"2026-04-05T23:32:17.845Z","level":"INFO","device":"200000000007","event":"SERVER_ACK","detail":"0x8001 Universal Reply Received"}
{"ts":"2026-04-05T23:32:18.003Z","level":"INFO","device":"200000000008","event":"SERVER_ACK","detail":"0x8001 Universal Reply Received"}
{"ts":"2026-04-05T23:32:18.132Z","level":"INFO","device":"200000000009","event":"SERVER_ACK","detail":"0x8001 Universal Reply Received"}
{"ts":"2026-04-05T23:32:18.316Z","level":"INFO","device":"200000000010","event":"SERVER_ACK","detail":"0x8001 Universal Reply Received"}
{"ts":"2026-04-05T23:32:31.054Z","level":"INFO","device":"291078985963","event":"OBD2_SENT_0x0200","detail":"Lat: 51.736697, Lng: 0.470324 | Speed: 41km/h | RPM: 2454"}
{"ts":"2026-04-05T23:32:31.192Z","level":"INFO","device":"200000000002","event":"OBD2_SENT_0x0200","detail":"Lat: 51.736672, Lng: 0.470238 | Speed: 39km/h | RPM: 2380"}
{"ts":"2026-04-05T23:32:31.258Z","level":"INFO","device":"291078985963","event":"SERVER_ACK","detail":"0x8001 Universal Reply Received"}
{"ts":"2026-04-05T23:32:31.343Z","level":"INFO","device":"200000000003","event":"OBD2_SENT_0x0200","detail":"Lat: 51.736729, Lng: 0.470429 | Speed: 44km/h | RPM: 2544"}
{"ts":"2026-04-05T23:32:31.396Z","level":"INFO","device":"200000000002","event":"SERVER_ACK","detail":"0x8001 Universal Reply Received"}
{"ts":"2026-04-05T23:32:31.492Z","level":"INFO","device":"200000000004","event":"OBD2_SENT_0x0200","detail":"Lat: 51.736725, Lng: 0.470418 | Speed: 43km/h | RPM: 2534"}
{"ts":"2026-04-05T23:32:31.528Z","level":"INFO","device":"200000000003","event":"SERVER_ACK","detail":"0x8001 Universal Reply Received"}
{"ts":"2026-04-05T23:32:31.642Z","level":"INFO","device":"200000000005","event":"OBD2_SENT_0x0200","detail":"Lat: 51.736657, Lng: 0.470191 | Speed: 38km/h | RPM: 2339"}
{"ts":"2026-04-05T23:32:31.678Z","level":"INFO","device":"200000000004","event":"SERVER_ACK","detail":"0x8001 Universal Reply Received"}
{"ts":"2026-04-05T23:32:31.793Z","level":"INFO","device":"200000000006","event":"OBD2_SENT_0x0200","detail":"Lat: 51.736699, Lng: 0.470329 | Speed: 41km/h | RPM: 2457"}
{"ts":"2026-04-05T23:32:31.855Z","level":"INFO","device":"200000000005","event":"SERVER_ACK","detail":"0x8001 Universal Reply Received"}
{"ts":"2026-04-05T23:32:31.940Z","level":"INFO","device":"200000000007","event":"OBD2_SENT_0x0200","detail":"Lat: 51.736698, Lng: 0.470328 | Speed: 41km/h | RPM: 2457"}
{"ts":"2026-04-05T23:32:32.003Z","level":"INFO","device":"200000000006","event":"SERVER_ACK","detail":"0x8001 Universal Reply Received"}
{"ts":"2026-04-05T23:32:32.092Z","level":"INFO","device":"200000000008","event":"OBD2_SENT_0x0200","detail":"Lat: 51.736677, Lng: 0.470255 | Speed: 40km/h | RPM: 2394"}
{"ts":"2026-04-05T23:32:32.143Z","level":"INFO","device":"200000000007","event":"SERVER_ACK","detail":"0x8001 Universal Reply Received"}
{"ts":"2026-04-05T23:32:32.243Z","level":"INFO","device":"200000000009","event":"OBD2_SENT_0x0200","detail":"Lat: 51.736649, Lng: 0.470162 | Speed: 38km/h | RPM: 2314"}
{"ts":"2026-04-05T23:32:32.303Z","level":"INFO","device":"200000000008","event":"SERVER_ACK","detail":"0x8001 Universal Reply Received"}
{"ts":"2026-04-05T23:32:32.393Z","level":"INFO","device":"200000000010","event":"OBD2_SENT_0x0200","detail":"Lat: 51.736649, Lng: 0.470163 | Speed: 38km/h | RPM: 2315"}
{"ts":"2026-04-05T23:32:32.436Z","level":"INFO","device":"200000000009","event":"SERVER_ACK","detail":"0x8001 Universal Reply Received"}
{"ts":"2026-04-05T23:32:32.606Z","level":"INFO","device":"200000000010","event":"SERVER_ACK","detail":"0x8001 Universal Reply Received"}
{"ts":"2026-04-05T23:32:36.258Z","level":"INFO","device":"291078985963","event":"GPS_SENT","detail":""}
{"ts":"2026-04-05T23:32:36.393Z","level":"INFO","device":"868120100002","event":"GPS_SENT","detail":""}
{"ts":"2026-04-05T23:32:36.470Z","level":"INFO","device":"291078985963","event":"RX_MSG","detail":"0x8001 bodyLen=5"}
{"ts":"2026-04-05T23:32:36.471Z","level":"INFO","device":"291078985963","event":"SERVER_ACK","detail":"0x0200 result=OK"}
{"ts":"2026-04-05T23:32:36.546Z","level":"INFO","device":"868120100003","event":"GPS_SENT","detail":""}
{"ts":"2026-04-05T23:32:36.595Z","level":"INFO","device":"868120100002","event":"RX_MSG","detail":"0x8001 bodyLen=5"}
{"ts":"2026-04-05T23:32:36.595Z","level":"INFO","device":"868120100002","event":"SERVER_ACK","detail":"0x0200 result=OK"}
{"ts":"2026-04-05T23:32:36.685Z","level":"INFO","device":"868120100004","event":"GPS_SENT","detail":""}
{"ts":"2026-04-05T23:32:36.749Z","level":"INFO","device":"868120100003","event":"RX_MSG","detail":"0x8001 bodyLen=5"}
{"ts":"2026-04-05T23:32:36.749Z","level":"INFO","device":"868120100003","event":"SERVER_ACK","detail":"0x0200 result=OK"}
{"ts":"2026-04-05T23:32:36.852Z","level":"INFO","device":"868120100005","event":"GPS_SENT","detail":""}
{"ts":"2026-04-05T23:32:36.878Z","level":"INFO","device":"868120100004","event":"RX_MSG","detail":"0x8001 bodyLen=5"}
{"ts":"2026-04-05T23:32:36.878Z","level":"INFO","device":"868120100004","event":"SERVER_ACK","detail":"0x0200 result=OK"}
{"ts":"2026-04-05T23:32:36.994Z","level":"INFO","device":"868120100006","event":"GPS_SENT","detail":""}
{"ts":"2026-04-05T23:32:37.062Z","level":"INFO","device":"868120100005","event":"RX_MSG","detail":"0x8001 bodyLen=5"}
{"ts":"2026-04-05T23:32:37.063Z","level":"INFO","device":"868120100005","event":"SERVER_ACK","detail":"0x0200 result=OK"}
{"ts":"2026-04-05T23:32:37.154Z","level":"INFO","device":"868120100007","event":"GPS_SENT","detail":""}
{"ts":"2026-04-05T23:32:37.196Z","level":"INFO","device":"868120100006","event":"RX_MSG","detail":"0x8001 bodyLen=5"}
{"ts":"2026-04-05T23:32:37.196Z","level":"INFO","device":"868120100006","event":"SERVER_ACK","detail":"0x0200 result=OK"}
{"ts":"2026-04-05T23:32:37.310Z","level":"INFO","device":"868120100008","event":"GPS_SENT","detail":""}
{"ts":"2026-04-05T23:32:37.367Z","level":"INFO","device":"868120100007","event":"RX_MSG","detail":"0x8001 bodyLen=5"}
{"ts":"2026-04-05T23:32:37.367Z","level":"INFO","device":"868120100007","event":"SERVER_ACK","detail":"0x0200 result=OK"}
{"ts":"2026-04-05T23:32:37.444Z","level":"INFO","device":"868120100009","event":"GPS_SENT","detail":""}
{"ts":"2026-04-05T23:32:37.521Z","level":"INFO","device":"868120100008","event":"RX_MSG","detail":"0x8001 bodyLen=5"}
{"ts":"2026-04-05T23:32:37.521Z","level":"INFO","device":"868120100008","event":"SERVER_ACK","detail":"0x0200 result=OK"}
{"ts":"2026-04-05T23:32:37.579Z","level":"INFO","device":"100000000010","event":"GPS_SENT","detail":""}
{"ts":"2026-04-05T23:32:37.644Z","level":"INFO","device":"868120100009","event":"RX_MSG","detail":"0x8001 bodyLen=5"}
{"ts":"2026-04-05T23:32:37.645Z","level":"INFO","device":"868120100009","event":"SERVER_ACK","detail":"0x0200 result=OK"}
{"ts":"2026-04-05T23:32:37.765Z","level":"INFO","device":"100000000010","event":"RX_MSG","detail":"0x8001 bodyLen=5"}
{"ts":"2026-04-05T23:32:37.766Z","level":"INFO","device":"100000000010","event":"SERVER_ACK","detail":"0x0200 result=OK"}
{"ts":"2026-04-05T23:32:46.053Z","level":"INFO","device":"291078985963","event":"HEARTBEAT_SENT","detail":"0x0002"}
{"ts":"2026-04-05T23:32:46.054Z","level":"INFO","device":"291078985963","event":"OBD2_SENT_0x0200","detail":"Lat: 51.737347, Lng: 0.472781 | Speed: 42km/h | RPM: 2471"}
{"ts":"2026-04-05T23:32:46.192Z","level":"INFO","device":"200000000002","event":"HEARTBEAT_SENT","detail":"0x0002"}
{"ts":"2026-04-05T23:32:46.192Z","level":"INFO","device":"200000000002","event":"OBD2_SENT_0x0200","detail":"Lat: 51.737272, Lng: 0.472472 | Speed: 38km/h | RPM: 2326"}
{"ts":"2026-04-05T23:32:46.260Z","level":"INFO","device":"291078985963","event":"SERVER_ACK","detail":"0x8001 Universal Reply Received"}
{"ts":"2026-04-05T23:32:46.342Z","level":"INFO","device":"200000000003","event":"HEARTBEAT_SENT","detail":"0x0002"}
{"ts":"2026-04-05T23:32:46.342Z","level":"INFO","device":"200000000003","event":"OBD2_SENT_0x0200","detail":"Lat: 51.737420, Lng: 0.473119 | Speed: 46km/h | RPM: 2622"}
{"ts":"2026-04-05T23:32:46.394Z","level":"INFO","device":"200000000002","event":"SERVER_ACK","detail":"0x8001 Universal Reply Received"}
{"ts":"2026-04-05T23:32:46.491Z","level":"INFO","device":"200000000004","event":"HEARTBEAT_SENT","detail":"0x0002"}
{"ts":"2026-04-05T23:32:46.492Z","level":"INFO","device":"200000000004","event":"OBD2_SENT_0x0200","detail":"Lat: 51.737332, Lng: 0.472721 | Speed: 39km/h | RPM: 2362"}
{"ts":"2026-04-05T23:32:46.525Z","level":"INFO","device":"200000000003","event":"SERVER_ACK","detail":"0x8001 Universal Reply Received"}
{"ts":"2026-04-05T23:32:46.565Z","level":"INFO","device":"291078985963","event":"SERVER_ACK","detail":"0x8001 Universal Reply Received"}
{"ts":"2026-04-05T23:32:46.643Z","level":"INFO","device":"200000000005","event":"HEARTBEAT_SENT","detail":"0x0002"}
{"ts":"2026-04-05T23:32:46.643Z","level":"INFO","device":"200000000005","event":"OBD2_SENT_0x0200","detail":"Lat: 51.737263, Lng: 0.472432 | Speed: 38km/h | RPM: 2334"}
{"ts":"2026-04-05T23:32:46.678Z","level":"INFO","device":"200000000004","event":"SERVER_ACK","detail":"0x8001 Universal Reply Received"}
{"ts":"2026-04-05T23:32:46.719Z","level":"INFO","device":"200000000002","event":"SERVER_ACK","detail":"0x8001 Universal Reply Received"}
{"ts":"2026-04-05T23:32:46.792Z","level":"INFO","device":"200000000006","event":"HEARTBEAT_SENT","detail":"0x0002"}
{"ts":"2026-04-05T23:32:46.793Z","level":"INFO","device":"200000000006","event":"OBD2_SENT_0x0200","detail":"Lat: 51.737310, Lng: 0.472627 | Speed: 39km/h | RPM: 2364"}
{"ts":"2026-04-05T23:32:46.826Z","level":"INFO","device":"200000000003","event":"SERVER_ACK","detail":"0x8001 Universal Reply Received"}
{"ts":"2026-04-05T23:32:46.854Z","level":"INFO","device":"200000000005","event":"SERVER_ACK","detail":"0x8001 Universal Reply Received"}
{"ts":"2026-04-05T23:32:46.940Z","level":"INFO","device":"200000000007","event":"HEARTBEAT_SENT","detail":"0x0002"}
{"ts":"2026-04-05T23:32:46.942Z","level":"INFO","device":"200000000007","event":"OBD2_SENT_0x0200","detail":"Lat: 51.737327, Lng: 0.472697 | Speed: 40km/h | RPM: 2412"}
{"ts":"2026-04-05T23:32:47.002Z","level":"INFO","device":"200000000004","event":"SERVER_ACK","detail":"0x8001 Universal Reply Received"}
{"ts":"2026-04-05T23:32:47.003Z","level":"INFO","device":"200000000006","event":"SERVER_ACK","detail":"0x8001 Universal Reply Received"}
{"ts":"2026-04-05T23:32:47.092Z","level":"INFO","device":"200000000008","event":"HEARTBEAT_SENT","detail":"0x0002"}
{"ts":"2026-04-05T23:32:47.093Z","level":"INFO","device":"200000000008","event":"OBD2_SENT_0x0200","detail":"Lat: 51.737323, Lng: 0.472680 | Speed: 41km/h | RPM: 2454"}
{"ts":"2026-04-05T23:32:47.142Z","level":"INFO","device":"200000000007","event":"SERVER_ACK","detail":"0x8001 Universal Reply Received"}
{"ts":"2026-04-05T23:32:47.184Z","level":"INFO","device":"200000000005","event":"SERVER_ACK","detail":"0x8001 Universal Reply Received"}
{"ts":"2026-04-05T23:32:47.243Z","level":"INFO","device":"200000000009","event":"HEARTBEAT_SENT","detail":"0x0002"}
{"ts":"2026-04-05T23:32:47.243Z","level":"INFO","device":"200000000009","event":"OBD2_SENT_0x0200","detail":"Lat: 51.737253, Lng: 0.472393 | Speed: 38km/h | RPM: 2329"}
{"ts":"2026-04-05T23:32:47.294Z","level":"INFO","device":"200000000008","event":"SERVER_ACK","detail":"0x8001 Universal Reply Received"}
{"ts":"2026-04-05T23:32:47.337Z","level":"INFO","device":"200000000006","event":"SERVER_ACK","detail":"0x8001 Universal Reply Received"}
{"ts":"2026-04-05T23:32:47.393Z","level":"INFO","device":"200000000010","event":"HEARTBEAT_SENT","detail":"0x0002"}
{"ts":"2026-04-05T23:32:47.393Z","level":"INFO","device":"200000000010","event":"OBD2_SENT_0x0200","detail":"Lat: 51.737283, Lng: 0.472516 | Speed: 40km/h | RPM: 2411"}
{"ts":"2026-04-05T23:32:47.436Z","level":"INFO","device":"200000000009","event":"SERVER_ACK","detail":"0x8001 Universal Reply Received"}
{"ts":"2026-04-05T23:32:47.484Z","level":"INFO","device":"200000000007","event":"SERVER_ACK","detail":"0x8001 Universal Reply Received"}
{"ts":"2026-04-05T23:32:47.604Z","level":"INFO","device":"200000000010","event":"SERVER_ACK","detail":"0x8001 Universal Reply Received"}
{"ts":"2026-04-05T23:32:47.640Z","level":"INFO","device":"200000000008","event":"SERVER_ACK","detail":"0x8001 Universal Reply Received"}
{"ts":"2026-04-05T23:32:47.756Z","level":"INFO","device":"200000000009","event":"SERVER_ACK","detail":"0x8001 Universal Reply Received"}
{"ts":"2026-04-05T23:32:47.929Z","level":"INFO","device":"200000000010","event":"SERVER_ACK","detail":"0x8001 Universal Reply Received"}
{"ts":"2026-04-05T23:32:56.257Z","level":"INFO","device":"291078985963","event":"GPS_SENT","detail":""}
{"ts":"2026-04-05T23:32:56.259Z","level":"INFO","device":"291078985963","event":"INCIDENT_SENT","detail":"mediaId=1 alarmId=29107898596300260405233256010200"}
{"ts":"2026-04-05T23:32:56.394Z","level":"INFO","device":"868120100002","event":"GPS_SENT","detail":""}
{"ts":"2026-04-05T23:32:56.394Z","level":"INFO","device":"868120100002","event":"INCIDENT_SENT","detail":"mediaId=1 alarmId=86812010000200260405233256010200"}
{"ts":"2026-04-05T23:32:56.468Z","level":"INFO","device":"291078985963","event":"RX_MSG","detail":"0x8001 bodyLen=5"}
{"ts":"2026-04-05T23:32:56.469Z","level":"INFO","device":"291078985963","event":"SERVER_ACK","detail":"0x0200 result=OK"}
{"ts":"2026-04-05T23:32:56.547Z","level":"INFO","device":"868120100003","event":"INCIDENT_SENT","detail":"mediaId=1 alarmId=86812010000300260405233256010200"}
{"ts":"2026-04-05T23:32:56.548Z","level":"INFO","device":"868120100003","event":"GPS_SENT","detail":""}
{"ts":"2026-04-05T23:32:56.596Z","level":"INFO","device":"868120100002","event":"RX_MSG","detail":"0x8001 bodyLen=5"}
{"ts":"2026-04-05T23:32:56.596Z","level":"INFO","device":"868120100002","event":"SERVER_ACK","detail":"0x0200 result=OK"}
{"ts":"2026-04-05T23:32:56.688Z","level":"INFO","device":"868120100004","event":"INCIDENT_SENT","detail":"mediaId=1 alarmId=86812010000400260405233256010200"}
{"ts":"2026-04-05T23:32:56.688Z","level":"INFO","device":"868120100004","event":"GPS_SENT","detail":""}
{"ts":"2026-04-05T23:32:56.750Z","level":"INFO","device":"868120100003","event":"RX_MSG","detail":"0x8001 bodyLen=5"}
{"ts":"2026-04-05T23:32:56.750Z","level":"INFO","device":"868120100003","event":"SERVER_ACK","detail":"0x0200 result=OK"}
{"ts":"2026-04-05T23:32:56.790Z","level":"INFO","device":"291078985963","event":"RX_MSG","detail":"0x8001 bodyLen=5"}
{"ts":"2026-04-05T23:32:56.790Z","level":"INFO","device":"291078985963","event":"SERVER_ACK","detail":"0x0200 result=OK"}
{"ts":"2026-04-05T23:32:56.790Z","level":"INFO","device":"291078985963","event":"RX_MSG","detail":"0x8001 bodyLen=5"}
{"ts":"2026-04-05T23:32:56.790Z","level":"INFO","device":"291078985963","event":"SERVER_ACK","detail":"0x0800 result=OK"}
{"ts":"2026-04-05T23:32:56.852Z","level":"INFO","device":"868120100005","event":"INCIDENT_SENT","detail":"mediaId=1 alarmId=86812010000500260405233256010200"}
{"ts":"2026-04-05T23:32:56.853Z","level":"INFO","device":"868120100005","event":"GPS_SENT","detail":""}
{"ts":"2026-04-05T23:32:56.880Z","level":"INFO","device":"868120100004","event":"RX_MSG","detail":"0x8001 bodyLen=5"}
{"ts":"2026-04-05T23:32:56.881Z","level":"INFO","device":"868120100004","event":"SERVER_ACK","detail":"0x0200 result=OK"}
{"ts":"2026-04-05T23:32:56.908Z","level":"INFO","device":"868120100002","event":"RX_MSG","detail":"0x8001 bodyLen=5"}
{"ts":"2026-04-05T23:32:56.909Z","level":"INFO","device":"868120100002","event":"SERVER_ACK","detail":"0x0200 result=OK"}
{"ts":"2026-04-05T23:32:56.909Z","level":"INFO","device":"868120100002","event":"RX_MSG","detail":"0x8001 bodyLen=5"}
{"ts":"2026-04-05T23:32:56.909Z","level":"INFO","device":"868120100002","event":"SERVER_ACK","detail":"0x0800 result=OK"}
{"ts":"2026-04-05T23:32:56.995Z","level":"INFO","device":"868120100006","event":"INCIDENT_SENT","detail":"mediaId=1 alarmId=86812010000600260405233256010200"}
{"ts":"2026-04-05T23:32:56.995Z","level":"INFO","device":"868120100006","event":"GPS_SENT","detail":""}
{"ts":"2026-04-05T23:32:57.062Z","level":"INFO","device":"868120100005","event":"RX_MSG","detail":"0x8001 bodyLen=5"}
{"ts":"2026-04-05T23:32:57.063Z","level":"INFO","device":"868120100005","event":"SERVER_ACK","detail":"0x0200 result=OK"}
{"ts":"2026-04-05T23:32:57.065Z","level":"INFO","device":"868120100003","event":"RX_MSG","detail":"0x8001 bodyLen=5"}
{"ts":"2026-04-05T23:32:57.065Z","level":"INFO","device":"868120100003","event":"SERVER_ACK","detail":"0x0800 result=OK"}
{"ts":"2026-04-05T23:32:57.065Z","level":"INFO","device":"868120100003","event":"RX_MSG","detail":"0x8001 bodyLen=5"}
{"ts":"2026-04-05T23:32:57.065Z","level":"INFO","device":"868120100003","event":"SERVER_ACK","detail":"0x0200 result=OK"}
{"ts":"2026-04-05T23:32:57.154Z","level":"INFO","device":"868120100007","event":"INCIDENT_SENT","detail":"mediaId=1 alarmId=86812010000700260405233257010200"}
{"ts":"2026-04-05T23:32:57.155Z","level":"INFO","device":"868120100007","event":"GPS_SENT","detail":""}
{"ts":"2026-04-05T23:32:57.179Z","level":"INFO","device":"868120100004","event":"RX_MSG","detail":"0x8001 bodyLen=5"}
{"ts":"2026-04-05T23:32:57.179Z","level":"INFO","device":"868120100004","event":"SERVER_ACK","detail":"0x0800 result=OK"}
{"ts":"2026-04-05T23:32:57.180Z","level":"INFO","device":"868120100004","event":"RX_MSG","detail":"0x8001 bodyLen=5"}
{"ts":"2026-04-05T23:32:57.180Z","level":"INFO","device":"868120100004","event":"SERVER_ACK","detail":"0x0200 result=OK"}
{"ts":"2026-04-05T23:32:57.196Z","level":"INFO","device":"868120100006","event":"RX_MSG","detail":"0x8001 bodyLen=5"}
{"ts":"2026-04-05T23:32:57.196Z","level":"INFO","device":"868120100006","event":"SERVER_ACK","detail":"0x0200 result=OK"}
{"ts":"2026-04-05T23:32:57.310Z","level":"INFO","device":"868120100008","event":"INCIDENT_SENT","detail":"mediaId=1 alarmId=86812010000800260405233257010200"}
{"ts":"2026-04-05T23:32:57.310Z","level":"INFO","device":"868120100008","event":"GPS_SENT","detail":""}
{"ts":"2026-04-05T23:32:57.366Z","level":"INFO","device":"868120100007","event":"RX_MSG","detail":"0x8001 bodyLen=5"}
{"ts":"2026-04-05T23:32:57.366Z","level":"INFO","device":"868120100007","event":"SERVER_ACK","detail":"0x0200 result=OK"}
{"ts":"2026-04-05T23:32:57.383Z","level":"INFO","device":"868120100005","event":"RX_MSG","detail":"0x8001 bodyLen=5"}
{"ts":"2026-04-05T23:32:57.384Z","level":"INFO","device":"868120100005","event":"SERVER_ACK","detail":"0x0800 result=OK"}
{"ts":"2026-04-05T23:32:57.384Z","level":"INFO","device":"868120100005","event":"RX_MSG","detail":"0x8001 bodyLen=5"}
{"ts":"2026-04-05T23:32:57.384Z","level":"INFO","device":"868120100005","event":"SERVER_ACK","detail":"0x0200 result=OK"}
{"ts":"2026-04-05T23:32:57.444Z","level":"INFO","device":"868120100009","event":"INCIDENT_SENT","detail":"mediaId=1 alarmId=86812010000900260405233257010200"}
{"ts":"2026-04-05T23:32:57.445Z","level":"INFO","device":"868120100009","event":"GPS_SENT","detail":""}
{"ts":"2026-04-05T23:32:57.499Z","level":"INFO","device":"868120100006","event":"RX_MSG","detail":"0x8001 bodyLen=5"}
{"ts":"2026-04-05T23:32:57.500Z","level":"INFO","device":"868120100006","event":"SERVER_ACK","detail":"0x0800 result=OK"}
{"ts":"2026-04-05T23:32:57.501Z","level":"INFO","device":"868120100006","event":"RX_MSG","detail":"0x8001 bodyLen=5"}
{"ts":"2026-04-05T23:32:57.502Z","level":"INFO","device":"868120100006","event":"SERVER_ACK","detail":"0x0200 result=OK"}
{"ts":"2026-04-05T23:32:57.520Z","level":"INFO","device":"868120100008","event":"RX_MSG","detail":"0x8001 bodyLen=5"}
{"ts":"2026-04-05T23:32:57.520Z","level":"INFO","device":"868120100008","event":"SERVER_ACK","detail":"0x0200 result=OK"}
{"ts":"2026-04-05T23:32:57.579Z","level":"INFO","device":"100000000010","event":"INCIDENT_SENT","detail":"mediaId=1 alarmId=10000000001000260405233257010200"}
{"ts":"2026-04-05T23:32:57.579Z","level":"INFO","device":"100000000010","event":"GPS_SENT","detail":""}
{"ts":"2026-04-05T23:32:57.647Z","level":"INFO","device":"868120100009","event":"RX_MSG","detail":"0x8001 bodyLen=5"}
{"ts":"2026-04-05T23:32:57.647Z","level":"INFO","device":"868120100009","event":"SERVER_ACK","detail":"0x0200 result=OK"}
{"ts":"2026-04-05T23:32:57.699Z","level":"INFO","device":"868120100007","event":"RX_MSG","detail":"0x8001 bodyLen=5"}
{"ts":"2026-04-05T23:32:57.702Z","level":"INFO","device":"868120100007","event":"SERVER_ACK","detail":"0x0800 result=OK"}
{"ts":"2026-04-05T23:32:57.704Z","level":"INFO","device":"868120100007","event":"RX_MSG","detail":"0x8001 bodyLen=5"}
{"ts":"2026-04-05T23:32:57.704Z","level":"INFO","device":"868120100007","event":"SERVER_ACK","detail":"0x0200 result=OK"}
{"ts":"2026-04-05T23:32:57.764Z","level":"INFO","device":"100000000010","event":"RX_MSG","detail":"0x8001 bodyLen=5"}
{"ts":"2026-04-05T23:32:57.764Z","level":"INFO","device":"100000000010","event":"SERVER_ACK","detail":"0x0200 result=OK"}
{"ts":"2026-04-05T23:32:57.849Z","level":"INFO","device":"868120100008","event":"RX_MSG","detail":"0x8001 bodyLen=5"}
{"ts":"2026-04-05T23:32:57.850Z","level":"INFO","device":"868120100008","event":"SERVER_ACK","detail":"0x0800 result=OK"}
{"ts":"2026-04-05T23:32:57.850Z","level":"INFO","device":"868120100008","event":"RX_MSG","detail":"0x8001 bodyLen=5"}
{"ts":"2026-04-05T23:32:57.850Z","level":"INFO","device":"868120100008","event":"SERVER_ACK","detail":"0x0200 result=OK"}
{"ts":"2026-04-05T23:32:57.964Z","level":"INFO","device":"868120100009","event":"RX_MSG","detail":"0x8001 bodyLen=5"}
{"ts":"2026-04-05T23:32:57.965Z","level":"INFO","device":"868120100009","event":"SERVER_ACK","detail":"0x0800 result=OK"}
{"ts":"2026-04-05T23:32:57.965Z","level":"INFO","device":"868120100009","event":"RX_MSG","detail":"0x8001 bodyLen=5"}
{"ts":"2026-04-05T23:32:57.965Z","level":"INFO","device":"868120100009","event":"SERVER_ACK","detail":"0x0200 result=OK"}
{"ts":"2026-04-05T23:32:58.073Z","level":"INFO","device":"100000000010","event":"RX_MSG","detail":"0x8001 bodyLen=5"}
{"ts":"2026-04-05T23:32:58.074Z","level":"INFO","device":"100000000010","event":"SERVER_ACK","detail":"0x0800 result=OK"}
{"ts":"2026-04-05T23:32:58.074Z","level":"INFO","device":"100000000010","event":"RX_MSG","detail":"0x8001 bodyLen=5"}
{"ts":"2026-04-05T23:32:58.074Z","level":"INFO","device":"100000000010","event":"SERVER_ACK","detail":"0x0200 result=OK"}
{"ts":"2026-04-05T23:33:01.057Z","level":"INFO","device":"291078985963","event":"OBD2_SENT_0x0200","detail":"Lat: 51.737708, Lng: 0.475068 | Speed: 41km/h | RPM: 2423"}
{"ts":"2026-04-05T23:33:01.193Z","level":"INFO","device":"200000000002","event":"OBD2_SENT_0x0200","detail":"Lat: 51.737619, Lng: 0.474353 | Speed: 33km/h | RPM: 2135"}
{"ts":"2026-04-05T23:33:01.260Z","level":"INFO","device":"291078985963","event":"SERVER_ACK","detail":"0x8001 Universal Reply Received"}
{"ts":"2026-04-05T23:33:01.342Z","level":"INFO","device":"200000000003","event":"OBD2_SENT_0x0200","detail":"Lat: 51.737762, Lng: 0.475680 | Speed: 44km/h | RPM: 2554"}
{"ts":"2026-04-05T23:33:01.395Z","level":"INFO","device":"200000000002","event":"SERVER_ACK","detail":"0x8001 Universal Reply Received"}
{"ts":"2026-04-05T23:33:01.493Z","level":"INFO","device":"200000000004","event":"OBD2_SENT_0x0200","detail":"Lat: 51.737673, Lng: 0.474784 | Speed: 37km/h | RPM: 2264"}
{"ts":"2026-04-05T23:33:01.527Z","level":"INFO","device":"200000000003","event":"SERVER_ACK","detail":"0x8001 Universal Reply Received"}
{"ts":"2026-04-05T23:33:01.643Z","level":"INFO","device":"200000000005","event":"OBD2_SENT_0x0200","detail":"Lat: 51.737664, Lng: 0.474712 | Speed: 40km/h | RPM: 2418"}
{"ts":"2026-04-05T23:33:01.682Z","level":"INFO","device":"200000000004","event":"SERVER_ACK","detail":"0x8001 Universal Reply Received"}
{"ts":"2026-04-05T23:33:01.793Z","level":"INFO","device":"200000000006","event":"OBD2_SENT_0x0200","detail":"Lat: 51.737676, Lng: 0.474811 | Speed: 39km/h | RPM: 2350"}
{"ts":"2026-04-05T23:33:01.857Z","level":"INFO","device":"200000000005","event":"SERVER_ACK","detail":"0x8001 Universal Reply Received"}
{"ts":"2026-04-05T23:33:01.942Z","level":"INFO","device":"200000000007","event":"OBD2_SENT_0x0200","detail":"Lat: 51.737670, Lng: 0.474761 | Speed: 37km/h | RPM: 2264"}
{"ts":"2026-04-05T23:33:02.004Z","level":"INFO","device":"200000000006","event":"SERVER_ACK","detail":"0x8001 Universal Reply Received"}
{"ts":"2026-04-05T23:33:02.094Z","level":"INFO","device":"200000000008","event":"OBD2_SENT_0x0200","detail":"Lat: 51.737697, Lng: 0.474977 | Speed: 41km/h | RPM: 2430"}
{"ts":"2026-04-05T23:33:02.144Z","level":"INFO","device":"200000000007","event":"SERVER_ACK","detail":"0x8001 Universal Reply Received"}
{"ts":"2026-04-05T23:33:02.243Z","level":"INFO","device":"200000000009","event":"OBD2_SENT_0x0200","detail":"Lat: 51.737652, Lng: 0.474612 | Speed: 39km/h | RPM: 2375"}
{"ts":"2026-04-05T23:33:02.302Z","level":"INFO","device":"200000000008","event":"SERVER_ACK","detail":"0x8001 Universal Reply Received"}
{"ts":"2026-04-05T23:33:02.393Z","level":"INFO","device":"200000000010","event":"OBD2_SENT_0x0200","detail":"Lat: 51.737656, Lng: 0.474649 | Speed: 38km/h | RPM: 2314"}
{"ts":"2026-04-05T23:33:02.437Z","level":"INFO","device":"200000000009","event":"SERVER_ACK","detail":"0x8001 Universal Reply Received"}
{"ts":"2026-04-05T23:33:02.605Z","level":"INFO","device":"200000000010","event":"SERVER_ACK","detail":"0x8001 Universal Reply Received"}
{"ts":"2026-04-05T23:33:16.059Z","level":"INFO","device":"291078985963","event":"HEARTBEAT_SENT","detail":"0x0002"}
{"ts":"2026-04-05T23:33:16.060Z","level":"INFO","device":"291078985963","event":"OBD2_SENT_0x0200","detail":"Lat: 51.737726, Lng: 0.477483 | Speed: 41km/h | RPM: 2429"}
{"ts":"2026-04-05T23:33:16.192Z","level":"INFO","device":"200000000002","event":"HEARTBEAT_SENT","detail":"0x0002"}
{"ts":"2026-04-05T23:33:16.193Z","level":"INFO","device":"200000000002","event":"OBD2_SENT_0x0200","detail":"Lat: 51.737787, Lng: 0.476290 | Speed: 33km/h | RPM: 2107"}
{"ts":"2026-04-05T23:33:16.258Z","level":"INFO","device":"291078985963","event":"GPS_SENT","detail":""}
{"ts":"2026-04-05T23:33:16.263Z","level":"INFO","device":"291078985963","event":"SERVER_ACK","detail":"0x8001 Universal Reply Received"}
{"ts":"2026-04-05T23:33:16.343Z","level":"INFO","device":"200000000003","event":"HEARTBEAT_SENT","detail":"0x0002"}
{"ts":"2026-04-05T23:33:16.343Z","level":"INFO","device":"200000000003","event":"OBD2_SENT_0x0200","detail":"Lat: 51.737495, Lng: 0.478622 | Speed: 49km/h | RPM: 2749"}
{"ts":"2026-04-05T23:33:16.394Z","level":"INFO","device":"200000000002","event":"SERVER_ACK","detail":"0x8001 Universal Reply Received"}
{"ts":"2026-04-05T23:33:16.395Z","level":"INFO","device":"868120100002","event":"GPS_SENT","detail":""}
{"ts":"2026-04-05T23:33:16.471Z","level":"INFO","device":"291078985963","event":"RX_MSG","detail":"0x8001 bodyLen=5"}
{"ts":"2026-04-05T23:33:16.471Z","level":"INFO","device":"291078985963","event":"SERVER_ACK","detail":"0x0200 result=OK"}
{"ts":"2026-04-05T23:33:16.491Z","level":"INFO","device":"200000000004","event":"HEARTBEAT_SENT","detail":"0x0002"}
{"ts":"2026-04-05T23:33:16.493Z","level":"INFO","device":"200000000004","event":"OBD2_SENT_0x0200","detail":"Lat: 51.737795, Lng: 0.476664 | Speed: 32km/h | RPM: 2067"}
{"ts":"2026-04-05T23:33:16.528Z","level":"INFO","device":"200000000003","event":"SERVER_ACK","detail":"0x8001 Universal Reply Received"}
{"ts":"2026-04-05T23:33:16.549Z","level":"INFO","device":"868120100003","event":"GPS_SENT","detail":""}
{"ts":"2026-04-05T23:33:16.563Z","level":"INFO","device":"291078985963","event":"SERVER_ACK","detail":"0x8001 Universal Reply Received"}
{"ts":"2026-04-05T23:33:16.597Z","level":"INFO","device":"868120100002","event":"RX_MSG","detail":"0x8001 bodyLen=5"}
{"ts":"2026-04-05T23:33:16.597Z","level":"INFO","device":"868120100002","event":"SERVER_ACK","detail":"0x0200 result=OK"}
{"ts":"2026-04-05T23:33:16.643Z","level":"INFO","device":"200000000005","event":"DTC_SENT_0x0900","detail":"Injected Fault Code: P0420"}
{"ts":"2026-04-05T23:33:16.644Z","level":"INFO","device":"200000000005","event":"HEARTBEAT_SENT","detail":"0x0002"}
{"ts":"2026-04-05T23:33:16.644Z","level":"INFO","device":"200000000005","event":"OBD2_SENT_0x0200","detail":"Lat: 51.737750, Lng: 0.477194 | Speed: 42km/h | RPM: 2474"}
{"ts":"2026-04-05T23:33:16.676Z","level":"INFO","device":"200000000004","event":"SERVER_ACK","detail":"0x8001 Universal Reply Received"}
{"ts":"2026-04-05T23:33:16.688Z","level":"INFO","device":"868120100004","event":"GPS_SENT","detail":""}
{"ts":"2026-04-05T23:33:16.720Z","level":"INFO","device":"200000000002","event":"SERVER_ACK","detail":"0x8001 Universal Reply Received"}
{"ts":"2026-04-05T23:33:16.752Z","level":"INFO","device":"868120100003","event":"RX_MSG","detail":"0x8001 bodyLen=5"}
{"ts":"2026-04-05T23:33:16.753Z","level":"INFO","device":"868120100003","event":"SERVER_ACK","detail":"0x0200 result=OK"}
{"ts":"2026-04-05T23:33:16.793Z","level":"INFO","device":"200000000006","event":"HEARTBEAT_SENT","detail":"0x0002"}
{"ts":"2026-04-05T23:33:16.793Z","level":"INFO","device":"200000000006","event":"OBD2_SENT_0x0200","detail":"Lat: 51.737755, Lng: 0.477138 | Speed: 39km/h | RPM: 2369"}
{"ts":"2026-04-05T23:33:16.822Z","level":"INFO","device":"200000000003","event":"SERVER_ACK","detail":"0x8001 Universal Reply Received"}
{"ts":"2026-04-05T23:33:16.853Z","level":"INFO","device":"868120100005","event":"GPS_SENT","detail":""}
{"ts":"2026-04-05T23:33:16.859Z","level":"INFO","device":"200000000005","event":"SERVER_ACK","detail":"0x8001 Universal Reply Received"}
{"ts":"2026-04-05T23:33:16.880Z","level":"INFO","device":"868120100004","event":"RX_MSG","detail":"0x8001 bodyLen=5"}
{"ts":"2026-04-05T23:33:16.880Z","level":"INFO","device":"868120100004","event":"SERVER_ACK","detail":"0x0200 result=OK"}
{"ts":"2026-04-05T23:33:16.940Z","level":"INFO","device":"200000000007","event":"HEARTBEAT_SENT","detail":"0x0002"}
{"ts":"2026-04-05T23:33:16.941Z","level":"INFO","device":"200000000007","event":"OBD2_SENT_0x0200","detail":"Lat: 51.737786, Lng: 0.476768 | Speed: 34km/h | RPM: 2154"}
{"ts":"2026-04-05T23:33:16.980Z","level":"INFO","device":"200000000004","event":"SERVER_ACK","detail":"0x8001 Universal Reply Received"}
{"ts":"2026-04-05T23:33:16.996Z","level":"INFO","device":"868120100006","event":"GPS_SENT","detail":""}
{"ts":"2026-04-05T23:33:17.003Z","level":"INFO","device":"200000000006","event":"SERVER_ACK","detail":"0x8001 Universal Reply Received"}
{"ts":"2026-04-05T23:33:17.063Z","level":"INFO","device":"868120100005","event":"RX_MSG","detail":"0x8001 bodyLen=5"}
{"ts":"2026-04-05T23:33:17.063Z","level":"INFO","device":"868120100005","event":"SERVER_ACK","detail":"0x0200 result=OK"}
{"ts":"2026-04-05T23:33:17.092Z","level":"INFO","device":"200000000008","event":"HEARTBEAT_SENT","detail":"0x0002"}
{"ts":"2026-04-05T23:33:17.093Z","level":"INFO","device":"200000000008","event":"OBD2_SENT_0x0200","detail":"Lat: 51.737754, Lng: 0.477152 | Speed: 37km/h | RPM: 2267"}
{"ts":"2026-04-05T23:33:17.141Z","level":"INFO","device":"200000000007","event":"SERVER_ACK","detail":"0x8001 Universal Reply Received"}
{"ts":"2026-04-05T23:33:17.155Z","level":"INFO","device":"868120100007","event":"GPS_SENT","detail":""}
{"ts":"2026-04-05T23:33:17.192Z","level":"INFO","device":"200000000005","event":"SERVER_ACK","detail":"0x8001 Universal Reply Received"}
{"ts":"2026-04-05T23:33:17.196Z","level":"INFO","device":"868120100006","event":"RX_MSG","detail":"0x8001 bodyLen=5"}
{"ts":"2026-04-05T23:33:17.196Z","level":"INFO","device":"868120100006","event":"SERVER_ACK","detail":"0x0200 result=OK"}
{"ts":"2026-04-05T23:33:17.243Z","level":"INFO","device":"200000000009","event":"HEARTBEAT_SENT","detail":"0x0002"}
{"ts":"2026-04-05T23:33:17.245Z","level":"INFO","device":"200000000009","event":"OBD2_SENT_0x0200","detail":"Lat: 51.737778, Lng: 0.476863 | Speed: 38km/h | RPM: 2318"}
{"ts":"2026-04-05T23:33:17.293Z","level":"INFO","device":"200000000008","event":"SERVER_ACK","detail":"0x8001 Universal Reply Received"}
{"ts":"2026-04-05T23:33:17.311Z","level":"INFO","device":"868120100008","event":"GPS_SENT","detail":""}
{"ts":"2026-04-05T23:33:17.315Z","level":"INFO","device":"200000000006","event":"SERVER_ACK","detail":"0x8001 Universal Reply Received"}
{"ts":"2026-04-05T23:33:17.367Z","level":"INFO","device":"868120100007","event":"RX_MSG","detail":"0x8001 bodyLen=5"}
{"ts":"2026-04-05T23:33:17.367Z","level":"INFO","device":"868120100007","event":"SERVER_ACK","detail":"0x0200 result=OK"}
{"ts":"2026-04-05T23:33:17.393Z","level":"INFO","device":"200000000010","event":"HEARTBEAT_SENT","detail":"0x0002"}
{"ts":"2026-04-05T23:33:17.394Z","level":"INFO","device":"200000000010","event":"OBD2_SENT_0x0200","detail":"Lat: 51.737774, Lng: 0.476913 | Speed: 38km/h | RPM: 2327"}
{"ts":"2026-04-05T23:33:17.436Z","level":"INFO","device":"200000000009","event":"SERVER_ACK","detail":"0x8001 Universal Reply Received"}
{"ts":"2026-04-05T23:33:17.445Z","level":"INFO","device":"868120100009","event":"GPS_SENT","detail":""}
{"ts":"2026-04-05T23:33:17.493Z","level":"INFO","device":"200000000007","event":"SERVER_ACK","detail":"0x8001 Universal Reply Received"}
{"ts":"2026-04-05T23:33:17.521Z","level":"INFO","device":"868120100008","event":"RX_MSG","detail":"0x8001 bodyLen=5"}
{"ts":"2026-04-05T23:33:17.521Z","level":"INFO","device":"868120100008","event":"SERVER_ACK","detail":"0x0200 result=OK"}
{"ts":"2026-04-05T23:33:17.580Z","level":"INFO","device":"100000000010","event":"GPS_SENT","detail":""}
{"ts":"2026-04-05T23:33:17.604Z","level":"INFO","device":"200000000010","event":"SERVER_ACK","detail":"0x8001 Universal Reply Received"}
{"ts":"2026-04-05T23:33:17.617Z","level":"INFO","device":"200000000008","event":"SERVER_ACK","detail":"0x8001 Universal Reply Received"}
{"ts":"2026-04-05T23:33:17.645Z","level":"INFO","device":"868120100009","event":"RX_MSG","detail":"0x8001 bodyLen=5"}
{"ts":"2026-04-05T23:33:17.645Z","level":"INFO","device":"868120100009","event":"SERVER_ACK","detail":"0x0200 result=OK"}
{"ts":"2026-04-05T23:33:17.764Z","level":"INFO","device":"200000000009","event":"SERVER_ACK","detail":"0x8001 Universal Reply Received"}
{"ts":"2026-04-05T23:33:17.765Z","level":"INFO","device":"100000000010","event":"RX_MSG","detail":"0x8001 bodyLen=5"}
{"ts":"2026-04-05T23:33:17.766Z","level":"INFO","device":"100000000010","event":"SERVER_ACK","detail":"0x0200 result=OK"}
{"ts":"2026-04-05T23:33:17.937Z","level":"INFO","device":"200000000010","event":"SERVER_ACK","detail":"0x8001 Universal Reply Received"}
{"ts":"2026-04-05T23:33:31.072Z","level":"INFO","device":"291078985963","event":"OBD2_SENT_0x0200","detail":"Lat: 51.737074, Lng: 0.479815 | Speed: 42km/h | RPM: 2464"}
{"ts":"2026-04-05T23:33:31.193Z","level":"INFO","device":"200000000002","event":"OBD2_SENT_0x0200","detail":"Lat: 51.737637, Lng: 0.478051 | Speed: 29km/h | RPM: 1967"}
{"ts":"2026-04-05T23:33:31.277Z","level":"INFO","device":"291078985963","event":"SERVER_ACK","detail":"0x8001 Universal Reply Received"}
{"ts":"2026-04-05T23:33:31.343Z","level":"INFO","device":"200000000003","event":"OBD2_SENT_0x0200","detail":"Lat: 51.736507, Lng: 0.480657 | Speed: 46km/h | RPM: 2627"}
{"ts":"2026-04-05T23:33:31.397Z","level":"INFO","device":"200000000002","event":"SERVER_ACK","detail":"0x8001 Universal Reply Received"}
{"ts":"2026-04-05T23:33:31.493Z","level":"INFO","device":"200000000004","event":"OBD2_SENT_0x0200","detail":"Lat: 51.737533, Lng: 0.478468 | Speed: 30km/h | RPM: 2004"}
{"ts":"2026-04-05T23:33:31.528Z","level":"INFO","device":"200000000003","event":"SERVER_ACK","detail":"0x8001 Universal Reply Received"}
{"ts":"2026-04-05T23:33:31.644Z","level":"INFO","device":"200000000005","event":"OBD2_SENT_0x0200","detail":"Lat: 51.737159, Lng: 0.479602 | Speed: 42km/h | RPM: 2487"}
{"ts":"2026-04-05T23:33:31.681Z","level":"INFO","device":"200000000004","event":"SERVER_ACK","detail":"0x8001 Universal Reply Received"}
{"ts":"2026-04-05T23:33:31.793Z","level":"INFO","device":"200000000006","event":"OBD2_SENT_0x0200","detail":"Lat: 51.737288, Lng: 0.479279 | Speed: 37km/h | RPM: 2266"}
{"ts":"2026-04-05T23:33:31.857Z","level":"INFO","device":"200000000005","event":"SERVER_ACK","detail":"0x8001 Universal Reply Received"}
{"ts":"2026-04-05T23:33:31.941Z","level":"INFO","device":"200000000007","event":"OBD2_SENT_0x0200","detail":"Lat: 51.737501, Lng: 0.478598 | Speed: 31km/h | RPM: 2021"}
{"ts":"2026-04-05T23:33:32.006Z","level":"INFO","device":"200000000006","event":"SERVER_ACK","detail":"0x8001 Universal Reply Received"}
{"ts":"2026-04-05T23:33:32.094Z","level":"INFO","device":"200000000008","event":"OBD2_SENT_0x0200","detail":"Lat: 51.737246, Lng: 0.479384 | Speed: 39km/h | RPM: 2340"}
{"ts":"2026-04-05T23:33:32.144Z","level":"INFO","device":"200000000007","event":"SERVER_ACK","detail":"0x8001 Universal Reply Received"}
{"ts":"2026-04-05T23:33:32.245Z","level":"INFO","device":"200000000009","event":"OBD2_SENT_0x0200","detail":"Lat: 51.737312, Lng: 0.479219 | Speed: 40km/h | RPM: 2401"}
{"ts":"2026-04-05T23:33:32.303Z","level":"INFO","device":"200000000008","event":"SERVER_ACK","detail":"0x8001 Universal Reply Received"}
{"ts":"2026-04-05T23:33:32.394Z","level":"INFO","device":"200000000010","event":"OBD2_SENT_0x0200","detail":"Lat: 51.737339, Lng: 0.479151 | Speed: 38km/h | RPM: 2313"}
{"ts":"2026-04-05T23:33:32.450Z","level":"INFO","device":"200000000009","event":"SERVER_ACK","detail":"0x8001 Universal Reply Received"}
{"ts":"2026-04-05T23:33:32.606Z","level":"INFO","device":"200000000010","event":"SERVER_ACK","detail":"0x8001 Universal Reply Received"}
{"ts":"2026-04-05T23:33:36.262Z","level":"INFO","device":"291078985963","event":"INCIDENT_SENT","detail":"mediaId=2 alarmId=29107898596300260405233336020200"}
{"ts":"2026-04-05T23:33:36.263Z","level":"INFO","device":"291078985963","event":"GPS_SENT","detail":""}
{"ts":"2026-04-05T23:33:36.395Z","level":"INFO","device":"868120100002","event":"INCIDENT_SENT","detail":"mediaId=2 alarmId=86812010000200260405233336020200"}
{"ts":"2026-04-05T23:33:36.395Z","level":"INFO","device":"868120100002","event":"GPS_SENT","detail":""}
{"ts":"2026-04-05T23:33:36.473Z","level":"INFO","device":"291078985963","event":"RX_MSG","detail":"0x8001 bodyLen=5"}
{"ts":"2026-04-05T23:33:36.474Z","level":"INFO","device":"291078985963","event":"SERVER_ACK","detail":"0x0200 result=OK"}
{"ts":"2026-04-05T23:33:36.546Z","level":"INFO","device":"868120100003","event":"INCIDENT_SENT","detail":"mediaId=2 alarmId=86812010000300260405233336020200"}
{"ts":"2026-04-05T23:33:36.549Z","level":"INFO","device":"868120100003","event":"GPS_SENT","detail":""}
{"ts":"2026-04-05T23:33:36.596Z","level":"INFO","device":"868120100002","event":"RX_MSG","detail":"0x8001 bodyLen=5"}
{"ts":"2026-04-05T23:33:36.596Z","level":"INFO","device":"868120100002","event":"SERVER_ACK","detail":"0x0200 result=OK"}
{"ts":"2026-04-05T23:33:36.689Z","level":"INFO","device":"868120100004","event":"INCIDENT_SENT","detail":"mediaId=2 alarmId=86812010000400260405233336020200"}
{"ts":"2026-04-05T23:33:36.689Z","level":"INFO","device":"868120100004","event":"GPS_SENT","detail":""}
{"ts":"2026-04-05T23:33:36.749Z","level":"INFO","device":"868120100003","event":"RX_MSG","detail":"0x8001 bodyLen=5"}
{"ts":"2026-04-05T23:33:36.749Z","level":"INFO","device":"868120100003","event":"SERVER_ACK","detail":"0x0200 result=OK"}
{"ts":"2026-04-05T23:33:36.792Z","level":"INFO","device":"291078985963","event":"RX_MSG","detail":"0x8001 bodyLen=5"}
{"ts":"2026-04-05T23:33:36.792Z","level":"INFO","device":"291078985963","event":"SERVER_ACK","detail":"0x0800 result=OK"}
{"ts":"2026-04-05T23:33:36.792Z","level":"INFO","device":"291078985963","event":"RX_MSG","detail":"0x8001 bodyLen=5"}
{"ts":"2026-04-05T23:33:36.792Z","level":"INFO","device":"291078985963","event":"SERVER_ACK","detail":"0x0200 result=OK"}
{"ts":"2026-04-05T23:33:36.852Z","level":"INFO","device":"868120100005","event":"INCIDENT_SENT","detail":"mediaId=2 alarmId=86812010000500260405233336020200"}
{"ts":"2026-04-05T23:33:36.853Z","level":"INFO","device":"868120100005","event":"GPS_SENT","detail":""}
{"ts":"2026-04-05T23:33:36.881Z","level":"INFO","device":"868120100004","event":"RX_MSG","detail":"0x8001 bodyLen=5"}
{"ts":"2026-04-05T23:33:36.882Z","level":"INFO","device":"868120100004","event":"SERVER_ACK","detail":"0x0200 result=OK"}
{"ts":"2026-04-05T23:33:36.902Z","level":"INFO","device":"868120100002","event":"RX_MSG","detail":"0x8001 bodyLen=5"}
{"ts":"2026-04-05T23:33:36.903Z","level":"INFO","device":"868120100002","event":"SERVER_ACK","detail":"0x0800 result=OK"}
{"ts":"2026-04-05T23:33:36.903Z","level":"INFO","device":"868120100002","event":"RX_MSG","detail":"0x8001 bodyLen=5"}
{"ts":"2026-04-05T23:33:36.903Z","level":"INFO","device":"868120100002","event":"SERVER_ACK","detail":"0x0200 result=OK"}
{"ts":"2026-04-05T23:33:36.997Z","level":"INFO","device":"868120100006","event":"INCIDENT_SENT","detail":"mediaId=2 alarmId=86812010000600260405233336020200"}
{"ts":"2026-04-05T23:33:36.997Z","level":"INFO","device":"868120100006","event":"GPS_SENT","detail":""}
{"ts":"2026-04-05T23:33:37.059Z","level":"INFO","device":"868120100003","event":"RX_MSG","detail":"0x8001 bodyLen=5"}
{"ts":"2026-04-05T23:33:37.060Z","level":"INFO","device":"868120100003","event":"SERVER_ACK","detail":"0x0800 result=OK"}
{"ts":"2026-04-05T23:33:37.060Z","level":"INFO","device":"868120100003","event":"RX_MSG","detail":"0x8001 bodyLen=5"}
{"ts":"2026-04-05T23:33:37.060Z","level":"INFO","device":"868120100003","event":"SERVER_ACK","detail":"0x0200 result=OK"}
{"ts":"2026-04-05T23:33:37.061Z","level":"INFO","device":"868120100005","event":"RX_MSG","detail":"0x8001 bodyLen=5"}
{"ts":"2026-04-05T23:33:37.061Z","level":"INFO","device":"868120100005","event":"SERVER_ACK","detail":"0x0200 result=OK"}
{"ts":"2026-04-05T23:33:37.153Z","level":"INFO","device":"868120100007","event":"INCIDENT_SENT","detail":"mediaId=2 alarmId=86812010000700260405233337020200"}
{"ts":"2026-04-05T23:33:37.155Z","level":"INFO","device":"868120100007","event":"GPS_SENT","detail":""}
{"ts":"2026-04-05T23:33:37.174Z","level":"INFO","device":"868120100004","event":"RX_MSG","detail":"0x8001 bodyLen=5"}
{"ts":"2026-04-05T23:33:37.174Z","level":"INFO","device":"868120100004","event":"SERVER_ACK","detail":"0x0800 result=OK"}
{"ts":"2026-04-05T23:33:37.174Z","level":"INFO","device":"868120100004","event":"RX_MSG","detail":"0x8001 bodyLen=5"}
{"ts":"2026-04-05T23:33:37.174Z","level":"INFO","device":"868120100004","event":"SERVER_ACK","detail":"0x0200 result=OK"}
{"ts":"2026-04-05T23:33:37.198Z","level":"INFO","device":"868120100006","event":"RX_MSG","detail":"0x8001 bodyLen=5"}
{"ts":"2026-04-05T23:33:37.198Z","level":"INFO","device":"868120100006","event":"SERVER_ACK","detail":"0x0200 result=OK"}
{"ts":"2026-04-05T23:33:37.312Z","level":"INFO","device":"868120100008","event":"INCIDENT_SENT","detail":"mediaId=2 alarmId=86812010000800260405233337020200"}
{"ts":"2026-04-05T23:33:37.312Z","level":"INFO","device":"868120100008","event":"GPS_SENT","detail":""}
{"ts":"2026-04-05T23:33:37.365Z","level":"INFO","device":"868120100007","event":"RX_MSG","detail":"0x8001 bodyLen=5"}
{"ts":"2026-04-05T23:33:37.367Z","level":"INFO","device":"868120100007","event":"SERVER_ACK","detail":"0x0200 result=OK"}
{"ts":"2026-04-05T23:33:37.410Z","level":"INFO","device":"868120100005","event":"RX_MSG","detail":"0x8001 bodyLen=5"}
{"ts":"2026-04-05T23:33:37.412Z","level":"INFO","device":"868120100005","event":"SERVER_ACK","detail":"0x0800 result=OK"}
{"ts":"2026-04-05T23:33:37.413Z","level":"INFO","device":"868120100005","event":"RX_MSG","detail":"0x8001 bodyLen=5"}
{"ts":"2026-04-05T23:33:37.413Z","level":"INFO","device":"868120100005","event":"SERVER_ACK","detail":"0x0200 result=OK"}
{"ts":"2026-04-05T23:33:37.447Z","level":"INFO","device":"868120100009","event":"INCIDENT_SENT","detail":"mediaId=2 alarmId=86812010000900260405233337020200"}
{"ts":"2026-04-05T23:33:37.447Z","level":"INFO","device":"868120100009","event":"GPS_SENT","detail":""}
{"ts":"2026-04-05T23:33:37.522Z","level":"INFO","device":"868120100008","event":"RX_MSG","detail":"0x8001 bodyLen=5"}
{"ts":"2026-04-05T23:33:37.522Z","level":"INFO","device":"868120100008","event":"SERVER_ACK","detail":"0x0200 result=OK"}
{"ts":"2026-04-05T23:33:37.524Z","level":"INFO","device":"868120100006","event":"RX_MSG","detail":"0x8001 bodyLen=5"}
{"ts":"2026-04-05T23:33:37.524Z","level":"INFO","device":"868120100006","event":"SERVER_ACK","detail":"0x0800 result=OK"}
{"ts":"2026-04-05T23:33:37.524Z","level":"INFO","device":"868120100006","event":"RX_MSG","detail":"0x8001 bodyLen=5"}
{"ts":"2026-04-05T23:33:37.524Z","level":"INFO","device":"868120100006","event":"SERVER_ACK","detail":"0x0200 result=OK"}
{"ts":"2026-04-05T23:33:37.579Z","level":"INFO","device":"100000000010","event":"INCIDENT_SENT","detail":"mediaId=2 alarmId=10000000001000260405233337020200"}
{"ts":"2026-04-05T23:33:37.580Z","level":"INFO","device":"100000000010","event":"GPS_SENT","detail":""}
{"ts":"2026-04-05T23:33:37.647Z","level":"INFO","device":"868120100009","event":"RX_MSG","detail":"0x8001 bodyLen=5"}
{"ts":"2026-04-05T23:33:37.647Z","level":"INFO","device":"868120100009","event":"SERVER_ACK","detail":"0x0200 result=OK"}
{"ts":"2026-04-05T23:33:37.721Z","level":"INFO","device":"868120100007","event":"RX_MSG","detail":"0x8001 bodyLen=5"}
{"ts":"2026-04-05T23:33:37.722Z","level":"INFO","device":"868120100007","event":"SERVER_ACK","detail":"0x0800 result=OK"}
{"ts":"2026-04-05T23:33:37.722Z","level":"INFO","device":"868120100007","event":"RX_MSG","detail":"0x8001 bodyLen=5"}
{"ts":"2026-04-05T23:33:37.722Z","level":"INFO","device":"868120100007","event":"SERVER_ACK","detail":"0x0200 result=OK"}
{"ts":"2026-04-05T23:33:37.764Z","level":"INFO","device":"100000000010","event":"RX_MSG","detail":"0x8001 bodyLen=5"}
{"ts":"2026-04-05T23:33:37.764Z","level":"INFO","device":"100000000010","event":"SERVER_ACK","detail":"0x0200 result=OK"}
{"ts":"2026-04-05T23:33:37.877Z","level":"INFO","device":"868120100008","event":"RX_MSG","detail":"0x8001 bodyLen=5"}
{"ts":"2026-04-05T23:33:37.878Z","level":"INFO","device":"868120100008","event":"SERVER_ACK","detail":"0x0800 result=OK"}
{"ts":"2026-04-05T23:33:37.878Z","level":"INFO","device":"868120100008","event":"RX_MSG","detail":"0x8001 bodyLen=5"}
{"ts":"2026-04-05T23:33:37.878Z","level":"INFO","device":"868120100008","event":"SERVER_ACK","detail":"0x0200 result=OK"}
{"ts":"2026-04-05T23:33:37.989Z","level":"INFO","device":"868120100009","event":"RX_MSG","detail":"0x8001 bodyLen=5"}
{"ts":"2026-04-05T23:33:37.989Z","level":"INFO","device":"868120100009","event":"SERVER_ACK","detail":"0x0800 result=OK"}
{"ts":"2026-04-05T23:33:37.990Z","level":"INFO","device":"868120100009","event":"RX_MSG","detail":"0x8001 bodyLen=5"}
{"ts":"2026-04-05T23:33:37.990Z","level":"INFO","device":"868120100009","event":"SERVER_ACK","detail":"0x0200 result=OK"}
{"ts":"2026-04-05T23:33:38.101Z","level":"INFO","device":"100000000010","event":"RX_MSG","detail":"0x8001 bodyLen=5"}
{"ts":"2026-04-05T23:33:38.101Z","level":"INFO","device":"100000000010","event":"SERVER_ACK","detail":"0x0800 result=OK"}
{"ts":"2026-04-05T23:33:38.101Z","level":"INFO","device":"100000000010","event":"RX_MSG","detail":"0x8001 bodyLen=5"}
{"ts":"2026-04-05T23:33:38.101Z","level":"INFO","device":"100000000010","event":"SERVER_ACK","detail":"0x0200 result=OK"}
{"ts":"2026-04-05T23:33:46.066Z","level":"INFO","device":"291078985963","event":"HEARTBEAT_SENT","detail":"0x0002"}
{"ts":"2026-04-05T23:33:46.073Z","level":"INFO","device":"291078985963","event":"OBD2_SENT_0x0200","detail":"Lat: 51.735885, Lng: 0.481401 | Speed: 40km/h | RPM: 2408"}
{"ts":"2026-04-05T23:33:46.193Z","level":"INFO","device":"200000000002","event":"HEARTBEAT_SENT","detail":"0x0002"}
{"ts":"2026-04-05T23:33:46.194Z","level":"INFO","device":"200000000002","event":"OBD2_SENT_0x0200","detail":"Lat: 51.737101, Lng: 0.479748 | Speed: 33km/h | RPM: 2116"}
{"ts":"2026-04-05T23:33:46.268Z","level":"INFO","device":"291078985963","event":"SERVER_ACK","detail":"0x8001 Universal Reply Received"}
{"ts":"2026-04-05T23:33:46.343Z","level":"INFO","device":"200000000003","event":"HEARTBEAT_SENT","detail":"0x0002"}
{"ts":"2026-04-05T23:33:46.344Z","level":"INFO","device":"200000000003","event":"OBD2_SENT_0x0200","detail":"Lat: 51.735272, Lng: 0.482116 | Speed: 43km/h | RPM: 2510"}
{"ts":"2026-04-05T23:33:46.396Z","level":"INFO","device":"200000000002","event":"SERVER_ACK","detail":"0x8001 Universal Reply Received"}
{"ts":"2026-04-05T23:33:46.491Z","level":"INFO","device":"200000000004","event":"HEARTBEAT_SENT","detail":"0x0002"}
{"ts":"2026-04-05T23:33:46.493Z","level":"INFO","device":"200000000004","event":"OBD2_SENT_0x0200","detail":"Lat: 51.736990, Lng: 0.480014 | Speed: 31km/h | RPM: 2049"}
{"ts":"2026-04-05T23:33:46.527Z","level":"INFO","device":"200000000003","event":"SERVER_ACK","detail":"0x8001 Universal Reply Received"}
{"ts":"2026-04-05T23:33:46.594Z","level":"INFO","device":"291078985963","event":"SERVER_ACK","detail":"0x8001 Universal Reply Received"}
{"ts":"2026-04-05T23:33:46.645Z","level":"INFO","device":"200000000005","event":"HEARTBEAT_SENT","detail":"0x0002"}
{"ts":"2026-04-05T23:33:46.645Z","level":"INFO","device":"200000000005","event":"OBD2_SENT_0x0200","detail":"Lat: 51.736097, Lng: 0.481154 | Speed: 37km/h | RPM: 2298"}
{"ts":"2026-04-05T23:33:46.677Z","level":"INFO","device":"200000000004","event":"SERVER_ACK","detail":"0x8001 Universal Reply Received"}
{"ts":"2026-04-05T23:33:46.718Z","level":"INFO","device":"200000000002","event":"SERVER_ACK","detail":"0x8001 Universal Reply Received"}
{"ts":"2026-04-05T23:33:46.793Z","level":"INFO","device":"200000000006","event":"HEARTBEAT_SENT","detail":"0x0002"}
{"ts":"2026-04-05T23:33:46.794Z","level":"INFO","device":"200000000006","event":"OBD2_SENT_0x0200","detail":"Lat: 51.736430, Lng: 0.480759 | Speed: 33km/h | RPM: 2114"}
{"ts":"2026-04-05T23:33:46.825Z","level":"INFO","device":"200000000003","event":"SERVER_ACK","detail":"0x8001 Universal Reply Received"}
{"ts":"2026-04-05T23:33:46.857Z","level":"INFO","device":"200000000005","event":"SERVER_ACK","detail":"0x8001 Universal Reply Received"}
{"ts":"2026-04-05T23:33:46.940Z","level":"INFO","device":"200000000007","event":"HEARTBEAT_SENT","detail":"0x0002"}
{"ts":"2026-04-05T23:33:46.941Z","level":"INFO","device":"200000000007","event":"OBD2_SENT_0x0200","detail":"Lat: 51.736824, Lng: 0.480235 | Speed: 35km/h | RPM: 2193"}
{"ts":"2026-04-05T23:33:46.995Z","level":"INFO","device":"200000000004","event":"SERVER_ACK","detail":"0x8001 Universal Reply Received"}
{"ts":"2026-04-05T23:33:47.007Z","level":"INFO","device":"200000000006","event":"SERVER_ACK","detail":"0x8001 Universal Reply Received"}
{"ts":"2026-04-05T23:33:47.092Z","level":"INFO","device":"200000000008","event":"HEARTBEAT_SENT","detail":"0x0002"}
{"ts":"2026-04-05T23:33:47.093Z","level":"INFO","device":"200000000008","event":"OBD2_SENT_0x0200","detail":"Lat: 51.736089, Lng: 0.481163 | Speed: 42km/h | RPM: 2479"}
{"ts":"2026-04-05T23:33:47.142Z","level":"INFO","device":"200000000007","event":"SERVER_ACK","detail":"0x8001 Universal Reply Received"}
{"ts":"2026-04-05T23:33:47.176Z","level":"INFO","device":"200000000005","event":"SERVER_ACK","detail":"0x8001 Universal Reply Received"}
{"ts":"2026-04-05T23:33:47.243Z","level":"INFO","device":"200000000009","event":"HEARTBEAT_SENT","detail":"0x0002"}
{"ts":"2026-04-05T23:33:47.245Z","level":"INFO","device":"200000000009","event":"OBD2_SENT_0x0200","detail":"Lat: 51.736381, Lng: 0.480822 | Speed: 36km/h | RPM: 2227"}
{"ts":"2026-04-05T23:33:47.294Z","level":"INFO","device":"200000000008","event":"SERVER_ACK","detail":"0x8001 Universal Reply Received"}
{"ts":"2026-04-05T23:33:47.330Z","level":"INFO","device":"200000000006","event":"SERVER_ACK","detail":"0x8001 Universal Reply Received"}
{"ts":"2026-04-05T23:33:47.394Z","level":"INFO","device":"200000000010","event":"HEARTBEAT_SENT","detail":"0x0002"}
{"ts":"2026-04-05T23:33:47.394Z","level":"INFO","device":"200000000010","event":"OBD2_SENT_0x0200","detail":"Lat: 51.736234, Lng: 0.480994 | Speed: 42km/h | RPM: 2473"}
{"ts":"2026-04-05T23:33:47.435Z","level":"INFO","device":"200000000009","event":"SERVER_ACK","detail":"0x8001 Universal Reply Received"}
{"ts":"2026-04-05T23:33:47.477Z","level":"INFO","device":"200000000007","event":"SERVER_ACK","detail":"0x8001 Universal Reply Received"}
{"ts":"2026-04-05T23:33:47.601Z","level":"INFO","device":"200000000008","event":"SERVER_ACK","detail":"0x8001 Universal Reply Received"}
{"ts":"2026-04-05T23:33:47.605Z","level":"INFO","device":"200000000010","event":"SERVER_ACK","detail":"0x8001 Universal Reply Received"}
{"ts":"2026-04-05T23:33:47.748Z","level":"INFO","device":"200000000009","event":"SERVER_ACK","detail":"0x8001 Universal Reply Received"}
{"ts":"2026-04-05T23:33:47.921Z","level":"INFO","device":"200000000010","event":"SERVER_ACK","detail":"0x8001 Universal Reply Received"}
{"ts":"2026-04-05T23:33:56.272Z","level":"INFO","device":"291078985963","event":"GPS_SENT","detail":""}
{"ts":"2026-04-05T23:33:56.396Z","level":"INFO","device":"868120100002","event":"GPS_SENT","detail":""}
{"ts":"2026-04-05T23:33:56.484Z","level":"INFO","device":"291078985963","event":"RX_MSG","detail":"0x8001 bodyLen=5"}
{"ts":"2026-04-05T23:33:56.484Z","level":"INFO","device":"291078985963","event":"SERVER_ACK","detail":"0x0200 result=OK"}
{"ts":"2026-04-05T23:33:56.549Z","level":"INFO","device":"868120100003","event":"GPS_SENT","detail":""}
{"ts":"2026-04-05T23:33:56.598Z","level":"INFO","device":"868120100002","event":"RX_MSG","detail":"0x8001 bodyLen=5"}
{"ts":"2026-04-05T23:33:56.598Z","level":"INFO","device":"868120100002","event":"SERVER_ACK","detail":"0x0200 result=OK"}
{"ts":"2026-04-05T23:33:56.691Z","level":"INFO","device":"868120100004","event":"GPS_SENT","detail":""}
{"ts":"2026-04-05T23:33:56.752Z","level":"INFO","device":"868120100003","event":"RX_MSG","detail":"0x8001 bodyLen=5"}
{"ts":"2026-04-05T23:33:56.753Z","level":"INFO","device":"868120100003","event":"SERVER_ACK","detail":"0x0200 result=OK"}
{"ts":"2026-04-05T23:33:56.853Z","level":"INFO","device":"868120100005","event":"GPS_SENT","detail":""}
{"ts":"2026-04-05T23:33:56.885Z","level":"INFO","device":"868120100004","event":"RX_MSG","detail":"0x8001 bodyLen=5"}
{"ts":"2026-04-05T23:33:56.885Z","level":"INFO","device":"868120100004","event":"SERVER_ACK","detail":"0x0200 result=OK"}
{"ts":"2026-04-05T23:33:56.998Z","level":"INFO","device":"868120100006","event":"GPS_SENT","detail":""}
{"ts":"2026-04-05T23:33:57.064Z","level":"INFO","device":"868120100005","event":"RX_MSG","detail":"0x8001 bodyLen=5"}
{"ts":"2026-04-05T23:33:57.065Z","level":"INFO","device":"868120100005","event":"SERVER_ACK","detail":"0x0200 result=OK"}
{"ts":"2026-04-05T23:33:57.156Z","level":"INFO","device":"868120100007","event":"GPS_SENT","detail":""}
{"ts":"2026-04-05T23:33:57.200Z","level":"INFO","device":"868120100006","event":"RX_MSG","detail":"0x8001 bodyLen=5"}
{"ts":"2026-04-05T23:33:57.200Z","level":"INFO","device":"868120100006","event":"SERVER_ACK","detail":"0x0200 result=OK"}
{"ts":"2026-04-05T23:33:57.313Z","level":"INFO","device":"868120100008","event":"GPS_SENT","detail":""}
{"ts":"2026-04-05T23:33:57.368Z","level":"INFO","device":"868120100007","event":"RX_MSG","detail":"0x8001 bodyLen=5"}
{"ts":"2026-04-05T23:33:57.368Z","level":"INFO","device":"868120100007","event":"SERVER_ACK","detail":"0x0200 result=OK"}
{"ts":"2026-04-05T23:33:57.448Z","level":"INFO","device":"868120100009","event":"GPS_SENT","detail":""}
{"ts":"2026-04-05T23:33:57.523Z","level":"INFO","device":"868120100008","event":"RX_MSG","detail":"0x8001 bodyLen=5"}
{"ts":"2026-04-05T23:33:57.523Z","level":"INFO","device":"868120100008","event":"SERVER_ACK","detail":"0x0200 result=OK"}
{"ts":"2026-04-05T23:33:57.580Z","level":"INFO","device":"100000000010","event":"GPS_SENT","detail":""}
{"ts":"2026-04-05T23:33:57.648Z","level":"INFO","device":"868120100009","event":"RX_MSG","detail":"0x8001 bodyLen=5"}
{"ts":"2026-04-05T23:33:57.648Z","level":"INFO","device":"868120100009","event":"SERVER_ACK","detail":"0x0200 result=OK"}
{"ts":"2026-04-05T23:33:57.765Z","level":"INFO","device":"100000000010","event":"RX_MSG","detail":"0x8001 bodyLen=5"}
{"ts":"2026-04-05T23:33:57.765Z","level":"INFO","device":"100000000010","event":"SERVER_ACK","detail":"0x0200 result=OK"}
{"ts":"2026-04-05T23:33:58.471Z","level":"ERROR","device":"300000000010","event":"SOCKET_ERROR","detail":"ECONNREFUSED"}
{"ts":"2026-04-05T23:34:01.075Z","level":"INFO","device":"291078985963","event":"OBD2_SENT_0x0200","detail":"Lat: 51.734556, Lng: 0.482971 | Speed: 44km/h | RPM: 2562"}
{"ts":"2026-04-05T23:34:01.194Z","level":"INFO","device":"200000000002","event":"OBD2_SENT_0x0200","detail":"Lat: 51.736273, Lng: 0.480948 | Speed: 29km/h | RPM: 1952"}
{"ts":"2026-04-05T23:34:01.277Z","level":"INFO","device":"291078985963","event":"SERVER_ACK","detail":"0x8001 Universal Reply Received"}
{"ts":"2026-04-05T23:34:01.344Z","level":"INFO","device":"200000000003","event":"OBD2_SENT_0x0200","detail":"Lat: 51.734000, Lng: 0.483926 | Speed: 47km/h | RPM: 2673"}
{"ts":"2026-04-05T23:34:01.397Z","level":"INFO","device":"200000000002","event":"SERVER_ACK","detail":"0x8001 Universal Reply Received"}
{"ts":"2026-04-05T23:34:01.494Z","level":"INFO","device":"200000000004","event":"OBD2_SENT_0x0200","detail":"Lat: 51.736097, Lng: 0.481154 | Speed: 31km/h | RPM: 2036"}
{"ts":"2026-04-05T23:34:01.528Z","level":"INFO","device":"200000000003","event":"SERVER_ACK","detail":"0x8001 Universal Reply Received"}
{"ts":"2026-04-05T23:34:01.645Z","level":"INFO","device":"200000000005","event":"OBD2_SENT_0x0200","detail":"Lat: 51.735061, Lng: 0.482362 | Speed: 34km/h | RPM: 2164"}
{"ts":"2026-04-05T23:34:01.680Z","level":"INFO","device":"200000000004","event":"SERVER_ACK","detail":"0x8001 Universal Reply Received"}
{"ts":"2026-04-05T23:34:01.794Z","level":"INFO","device":"200000000006","event":"OBD2_SENT_0x0200","detail":"Lat: 51.735472, Lng: 0.481882 | Speed: 33km/h | RPM: 2126"}
{"ts":"2026-04-05T23:34:01.857Z","level":"INFO","device":"200000000005","event":"SERVER_ACK","detail":"0x8001 Universal Reply Received"}
{"ts":"2026-04-05T23:34:01.941Z","level":"INFO","device":"200000000007","event":"OBD2_SENT_0x0200","detail":"Lat: 51.735820, Lng: 0.481476 | Speed: 35km/h | RPM: 2189"}
{"ts":"2026-04-05T23:34:02.004Z","level":"INFO","device":"200000000006","event":"SERVER_ACK","detail":"0x8001 Universal Reply Received"}
{"ts":"2026-04-05T23:34:02.093Z","level":"INFO","device":"200000000008","event":"OBD2_SENT_0x0200","detail":"Lat: 51.734718, Lng: 0.482763 | Speed: 45km/h | RPM: 2606"}
{"ts":"2026-04-05T23:34:02.143Z","level":"INFO","device":"200000000007","event":"SERVER_ACK","detail":"0x8001 Universal Reply Received"}
{"ts":"2026-04-05T23:34:02.247Z","level":"INFO","device":"200000000009","event":"OBD2_SENT_0x0200","detail":"Lat: 51.735418, Lng: 0.481945 | Speed: 32km/h | RPM: 2068"}
{"ts":"2026-04-05T23:34:02.294Z","level":"INFO","device":"200000000008","event":"SERVER_ACK","detail":"0x8001 Universal Reply Received"}
{"ts":"2026-04-05T23:34:02.394Z","level":"INFO","device":"200000000010","event":"OBD2_SENT_0x0200","detail":"Lat: 51.735045, Lng: 0.482381 | Speed: 39km/h | RPM: 2366"}
{"ts":"2026-04-05T23:34:02.440Z","level":"INFO","device":"200000000009","event":"SERVER_ACK","detail":"0x8001 Universal Reply Received"}
{"ts":"2026-04-05T23:34:02.605Z","level":"INFO","device":"200000000010","event":"SERVER_ACK","detail":"0x8001 Universal Reply Received"}
{"ts":"2026-04-05T23:34:09.214Z","level":"ERROR","device":"300000000002","event":"SOCKET_ERROR","detail":"ECONNREFUSED"}
{"ts":"2026-04-05T23:34:16.067Z","level":"INFO","device":"291078985963","event":"HEARTBEAT_SENT","detail":"0x0002"}
{"ts":"2026-04-05T23:34:16.076Z","level":"INFO","device":"291078985963","event":"OBD2_SENT_0x0200","detail":"Lat: 51.733581, Lng: 0.484996 | Speed: 43km/h | RPM: 2534"}
{"ts":"2026-04-05T23:34:16.194Z","level":"INFO","device":"200000000002","event":"HEARTBEAT_SENT","detail":"0x0002"}
{"ts":"2026-04-05T23:34:16.195Z","level":"INFO","device":"200000000002","event":"OBD2_SENT_0x0200","detail":"Lat: 51.735262, Lng: 0.482128 | Speed: 33km/h | RPM: 2132"}
{"ts":"2026-04-05T23:34:16.263Z","level":"INFO","device":"291078985963","event":"INCIDENT_SENT","detail":"mediaId=3 alarmId=29107898596300260405233416030200"}
{"ts":"2026-04-05T23:34:16.268Z","level":"INFO","device":"291078985963","event":"SERVER_ACK","detail":"0x8001 Universal Reply Received"}
{"ts":"2026-04-05T23:34:16.272Z","level":"INFO","device":"291078985963","event":"GPS_SENT","detail":""}
{"ts":"2026-04-05T23:34:16.343Z","level":"INFO","device":"200000000003","event":"HEARTBEAT_SENT","detail":"0x0002"}
{"ts":"2026-04-05T23:34:16.344Z","level":"INFO","device":"200000000003","event":"OBD2_SENT_0x0200","detail":"Lat: 51.733261, Lng: 0.486293 | Speed: 45km/h | RPM: 2588"}
{"ts":"2026-04-05T23:34:16.396Z","level":"INFO","device":"868120100002","event":"INCIDENT_SENT","detail":"mediaId=3 alarmId=86812010000200260405233416030200"}
{"ts":"2026-04-05T23:34:16.397Z","level":"INFO","device":"868120100002","event":"GPS_SENT","detail":""}
{"ts":"2026-04-05T23:34:16.398Z","level":"INFO","device":"200000000002","event":"SERVER_ACK","detail":"0x8001 Universal Reply Received"}
{"ts":"2026-04-05T23:34:16.473Z","level":"INFO","device":"291078985963","event":"RX_MSG","detail":"0x8001 bodyLen=5"}
{"ts":"2026-04-05T23:34:16.473Z","level":"INFO","device":"291078985963","event":"SERVER_ACK","detail":"0x0200 result=OK"}
{"ts":"2026-04-05T23:34:16.491Z","level":"INFO","device":"200000000004","event":"HEARTBEAT_SENT","detail":"0x0002"}
{"ts":"2026-04-05T23:34:16.495Z","level":"INFO","device":"200000000004","event":"OBD2_SENT_0x0200","detail":"Lat: 51.735189, Lng: 0.482212 | Speed: 30km/h | RPM: 1995"}
{"ts":"2026-04-05T23:34:16.528Z","level":"INFO","device":"200000000003","event":"SERVER_ACK","detail":"0x8001 Universal Reply Received"}
{"ts":"2026-04-05T23:34:16.546Z","level":"INFO","device":"868120100003","event":"INCIDENT_SENT","detail":"mediaId=3 alarmId=86812010000300260405233416030200"}
{"ts":"2026-04-05T23:34:16.549Z","level":"INFO","device":"868120100003","event":"GPS_SENT","detail":""}
{"ts":"2026-04-05T23:34:16.597Z","level":"INFO","device":"291078985963","event":"SERVER_ACK","detail":"0x8001 Universal Reply Received"}
{"ts":"2026-04-05T23:34:16.598Z","level":"INFO","device":"868120100002","event":"RX_MSG","detail":"0x8001 bodyLen=5"}
{"ts":"2026-04-05T23:34:16.598Z","level":"INFO","device":"868120100002","event":"SERVER_ACK","detail":"0x0200 result=OK"}
{"ts":"2026-04-05T23:34:16.644Z","level":"INFO","device":"200000000005","event":"HEARTBEAT_SENT","detail":"0x0002"}
{"ts":"2026-04-05T23:34:16.645Z","level":"INFO","device":"200000000005","event":"OBD2_SENT_0x0200","detail":"Lat: 51.734118, Lng: 0.483671 | Speed: 34km/h | RPM: 2169"}
{"ts":"2026-04-05T23:34:16.677Z","level":"INFO","device":"200000000004","event":"SERVER_ACK","detail":"0x8001 Universal Reply Received"}
{"ts":"2026-04-05T23:34:16.689Z","level":"INFO","device":"868120100004","event":"INCIDENT_SENT","detail":"mediaId=3 alarmId=86812010000400260405233416030200"}
{"ts":"2026-04-05T23:34:16.691Z","level":"INFO","device":"868120100004","event":"GPS_SENT","detail":""}
{"ts":"2026-04-05T23:34:16.722Z","level":"INFO","device":"200000000002","event":"SERVER_ACK","detail":"0x8001 Universal Reply Received"}
{"ts":"2026-04-05T23:34:16.750Z","level":"INFO","device":"868120100003","event":"RX_MSG","detail":"0x8001 bodyLen=5"}
{"ts":"2026-04-05T23:34:16.750Z","level":"INFO","device":"868120100003","event":"SERVER_ACK","detail":"0x0200 result=OK"}
{"ts":"2026-04-05T23:34:16.793Z","level":"INFO","device":"291078985963","event":"RX_MSG","detail":"0x8001 bodyLen=5"}
{"ts":"2026-04-05T23:34:16.793Z","level":"INFO","device":"291078985963","event":"SERVER_ACK","detail":"0x0800 result=OK"}
{"ts":"2026-04-05T23:34:16.793Z","level":"INFO","device":"291078985963","event":"RX_MSG","detail":"0x8001 bodyLen=5"}
{"ts":"2026-04-05T23:34:16.793Z","level":"INFO","device":"291078985963","event":"SERVER_ACK","detail":"0x0200 result=OK"}
{"ts":"2026-04-05T23:34:16.793Z","level":"INFO","device":"200000000006","event":"HEARTBEAT_SENT","detail":"0x0002"}
{"ts":"2026-04-05T23:34:16.793Z","level":"INFO","device":"200000000006","event":"OBD2_SENT_0x0200","detail":"Lat: 51.734415, Lng: 0.483196 | Speed: 36km/h | RPM: 2242"}
{"ts":"2026-04-05T23:34:16.829Z","level":"INFO","device":"200000000003","event":"SERVER_ACK","detail":"0x8001 Universal Reply Received"}
{"ts":"2026-04-05T23:34:16.852Z","level":"INFO","device":"868120100005","event":"INCIDENT_SENT","detail":"mediaId=3 alarmId=86812010000500260405233416030200"}
{"ts":"2026-04-05T23:34:16.852Z","level":"INFO","device":"868120100005","event":"GPS_SENT","detail":""}
{"ts":"2026-04-05T23:34:16.859Z","level":"INFO","device":"200000000005","event":"SERVER_ACK","detail":"0x8001 Universal Reply Received"}
{"ts":"2026-04-05T23:34:16.881Z","level":"INFO","device":"868120100004","event":"RX_MSG","detail":"0x8001 bodyLen=5"}
{"ts":"2026-04-05T23:34:16.881Z","level":"INFO","device":"868120100004","event":"SERVER_ACK","detail":"0x0200 result=OK"}
{"ts":"2026-04-05T23:34:16.909Z","level":"INFO","device":"868120100002","event":"RX_MSG","detail":"0x8001 bodyLen=5"}
{"ts":"2026-04-05T23:34:16.909Z","level":"INFO","device":"868120100002","event":"SERVER_ACK","detail":"0x0800 result=OK"}
{"ts":"2026-04-05T23:34:16.909Z","level":"INFO","device":"868120100002","event":"RX_MSG","detail":"0x8001 bodyLen=5"}
{"ts":"2026-04-05T23:34:16.909Z","level":"INFO","device":"868120100002","event":"SERVER_ACK","detail":"0x0200 result=OK"}
{"ts":"2026-04-05T23:34:16.940Z","level":"INFO","device":"200000000007","event":"HEARTBEAT_SENT","detail":"0x0002"}
{"ts":"2026-04-05T23:34:16.941Z","level":"INFO","device":"200000000007","event":"OBD2_SENT_0x0200","detail":"Lat: 51.734627, Lng: 0.482869 | Speed: 39km/h | RPM: 2372"}
{"ts":"2026-04-05T23:34:16.987Z","level":"INFO","device":"200000000004","event":"SERVER_ACK","detail":"0x8001 Universal Reply Received"}
{"ts":"2026-04-05T23:34:16.998Z","level":"INFO","device":"868120100006","event":"INCIDENT_SENT","detail":"mediaId=3 alarmId=86812010000600260405233416030200"}
{"ts":"2026-04-05T23:34:16.998Z","level":"INFO","device":"868120100006","event":"GPS_SENT","detail":""}
{"ts":"2026-04-05T23:34:17.005Z","level":"INFO","device":"200000000006","event":"SERVER_ACK","detail":"0x8001 Universal Reply Received"}
{"ts":"2026-04-05T23:34:17.062Z","level":"INFO","device":"868120100005","event":"RX_MSG","detail":"0x8001 bodyLen=5"}
{"ts":"2026-04-05T23:34:17.064Z","level":"INFO","device":"868120100005","event":"SERVER_ACK","detail":"0x0200 result=OK"}
{"ts":"2026-04-05T23:34:17.066Z","level":"INFO","device":"868120100003","event":"RX_MSG","detail":"0x8001 bodyLen=5"}
{"ts":"2026-04-05T23:34:17.066Z","level":"INFO","device":"868120100003","event":"SERVER_ACK","detail":"0x0800 result=OK"}
{"ts":"2026-04-05T23:34:17.067Z","level":"INFO","device":"868120100003","event":"RX_MSG","detail":"0x8001 bodyLen=5"}
{"ts":"2026-04-05T23:34:17.067Z","level":"INFO","device":"868120100003","event":"SERVER_ACK","detail":"0x0200 result=OK"}
{"ts":"2026-04-05T23:34:17.092Z","level":"INFO","device":"200000000008","event":"HEARTBEAT_SENT","detail":"0x0002"}
{"ts":"2026-04-05T23:34:17.095Z","level":"INFO","device":"200000000008","event":"OBD2_SENT_0x0200","detail":"Lat: 51.733743, Lng: 0.484503 | Speed: 41km/h | RPM: 2450"}
{"ts":"2026-04-05T23:34:17.141Z","level":"INFO","device":"200000000007","event":"SERVER_ACK","detail":"0x8001 Universal Reply Received"}
{"ts":"2026-04-05T23:34:17.153Z","level":"INFO","device":"868120100007","event":"INCIDENT_SENT","detail":"mediaId=3 alarmId=86812010000700260405233417030200"}
{"ts":"2026-04-05T23:34:17.156Z","level":"INFO","device":"868120100007","event":"GPS_SENT","detail":""}
{"ts":"2026-04-05T23:34:17.168Z","level":"INFO","device":"200000000005","event":"SERVER_ACK","detail":"0x8001 Universal Reply Received"}
{"ts":"2026-04-05T23:34:17.180Z","level":"INFO","device":"868120100004","event":"RX_MSG","detail":"0x8001 bodyLen=5"}
{"ts":"2026-04-05T23:34:17.180Z","level":"INFO","device":"868120100004","event":"SERVER_ACK","detail":"0x0800 result=OK"}
{"ts":"2026-04-05T23:34:17.180Z","level":"INFO","device":"868120100004","event":"RX_MSG","detail":"0x8001 bodyLen=5"}
{"ts":"2026-04-05T23:34:17.180Z","level":"INFO","device":"868120100004","event":"SERVER_ACK","detail":"0x0200 result=OK"}
{"ts":"2026-04-05T23:34:17.199Z","level":"INFO","device":"868120100006","event":"RX_MSG","detail":"0x8001 bodyLen=5"}
{"ts":"2026-04-05T23:34:17.199Z","level":"INFO","device":"868120100006","event":"SERVER_ACK","detail":"0x0200 result=OK"}
{"ts":"2026-04-05T23:34:17.242Z","level":"INFO","device":"200000000009","event":"HEARTBEAT_SENT","detail":"0x0002"}
{"ts":"2026-04-05T23:34:17.247Z","level":"INFO","device":"200000000009","event":"OBD2_SENT_0x0200","detail":"Lat: 51.734497, Lng: 0.483064 | Speed: 31km/h | RPM: 2040"}
{"ts":"2026-04-05T23:34:17.293Z","level":"INFO","device":"200000000008","event":"SERVER_ACK","detail":"0x8001 Universal Reply Received"}
{"ts":"2026-04-05T23:34:17.310Z","level":"INFO","device":"868120100008","event":"INCIDENT_SENT","detail":"mediaId=3 alarmId=86812010000800260405233417030200"}
{"ts":"2026-04-05T23:34:17.314Z","level":"INFO","device":"868120100008","event":"GPS_SENT","detail":""}
{"ts":"2026-04-05T23:34:17.322Z","level":"INFO","device":"200000000006","event":"SERVER_ACK","detail":"0x8001 Universal Reply Received"}
{"ts":"2026-04-05T23:34:17.366Z","level":"INFO","device":"868120100007","event":"RX_MSG","detail":"0x8001 bodyLen=5"}
{"ts":"2026-04-05T23:34:17.366Z","level":"INFO","device":"868120100007","event":"SERVER_ACK","detail":"0x0200 result=OK"}
{"ts":"2026-04-05T23:34:17.384Z","level":"INFO","device":"868120100005","event":"RX_MSG","detail":"0x8001 bodyLen=5"}
{"ts":"2026-04-05T23:34:17.385Z","level":"INFO","device":"868120100005","event":"SERVER_ACK","detail":"0x0800 result=OK"}
{"ts":"2026-04-05T23:34:17.385Z","level":"INFO","device":"868120100005","event":"RX_MSG","detail":"0x8001 bodyLen=5"}
{"ts":"2026-04-05T23:34:17.385Z","level":"INFO","device":"868120100005","event":"SERVER_ACK","detail":"0x0200 result=OK"}
{"ts":"2026-04-05T23:34:17.394Z","level":"INFO","device":"200000000010","event":"HEARTBEAT_SENT","detail":"0x0002"}
{"ts":"2026-04-05T23:34:17.394Z","level":"INFO","device":"200000000010","event":"OBD2_SENT_0x0200","detail":"Lat: 51.733943, Lng: 0.484053 | Speed: 42km/h | RPM: 2485"}
{"ts":"2026-04-05T23:34:17.436Z","level":"INFO","device":"200000000009","event":"SERVER_ACK","detail":"0x8001 Universal Reply Received"}
{"ts":"2026-04-05T23:34:17.447Z","level":"INFO","device":"868120100009","event":"INCIDENT_SENT","detail":"mediaId=3 alarmId=86812010000900260405233417030200"}
{"ts":"2026-04-05T23:34:17.448Z","level":"INFO","device":"868120100009","event":"GPS_SENT","detail":""}
{"ts":"2026-04-05T23:34:17.469Z","level":"INFO","device":"200000000007","event":"SERVER_ACK","detail":"0x8001 Universal Reply Received"}
{"ts":"2026-04-05T23:34:17.500Z","level":"INFO","device":"868120100006","event":"RX_MSG","detail":"0x8001 bodyLen=5"}
{"ts":"2026-04-05T23:34:17.500Z","level":"INFO","device":"868120100006","event":"SERVER_ACK","detail":"0x0800 result=OK"}
{"ts":"2026-04-05T23:34:17.500Z","level":"INFO","device":"868120100006","event":"RX_MSG","detail":"0x8001 bodyLen=5"}
{"ts":"2026-04-05T23:34:17.500Z","level":"INFO","device":"868120100006","event":"SERVER_ACK","detail":"0x0200 result=OK"}
{"ts":"2026-04-05T23:34:17.520Z","level":"INFO","device":"868120100008","event":"RX_MSG","detail":"0x8001 bodyLen=5"}
{"ts":"2026-04-05T23:34:17.521Z","level":"INFO","device":"868120100008","event":"SERVER_ACK","detail":"0x0200 result=OK"}
{"ts":"2026-04-05T23:34:17.579Z","level":"INFO","device":"100000000010","event":"INCIDENT_SENT","detail":"mediaId=3 alarmId=10000000001000260405233417030200"}
{"ts":"2026-04-05T23:34:17.580Z","level":"INFO","device":"100000000010","event":"GPS_SENT","detail":""}
{"ts":"2026-04-05T23:34:17.593Z","level":"INFO","device":"200000000008","event":"SERVER_ACK","detail":"0x8001 Universal Reply Received"}
{"ts":"2026-04-05T23:34:17.604Z","level":"INFO","device":"200000000010","event":"SERVER_ACK","detail":"0x8001 Universal Reply Received"}
{"ts":"2026-04-05T23:34:17.647Z","level":"INFO","device":"868120100009","event":"RX_MSG","detail":"0x8001 bodyLen=5"}
{"ts":"2026-04-05T23:34:17.647Z","level":"INFO","device":"868120100009","event":"SERVER_ACK","detail":"0x0200 result=OK"}
{"ts":"2026-04-05T23:34:17.697Z","level":"INFO","device":"868120100007","event":"RX_MSG","detail":"0x8001 bodyLen=5"}
{"ts":"2026-04-05T23:34:17.697Z","level":"INFO","device":"868120100007","event":"SERVER_ACK","detail":"0x0800 result=OK"}
{"ts":"2026-04-05T23:34:17.697Z","level":"INFO","device":"868120100007","event":"RX_MSG","detail":"0x8001 bodyLen=5"}
{"ts":"2026-04-05T23:34:17.697Z","level":"INFO","device":"868120100007","event":"SERVER_ACK","detail":"0x0200 result=OK"}
{"ts":"2026-04-05T23:34:17.739Z","level":"INFO","device":"200000000009","event":"SERVER_ACK","detail":"0x8001 Universal Reply Received"}
{"ts":"2026-04-05T23:34:17.763Z","level":"INFO","device":"100000000010","event":"RX_MSG","detail":"0x8001 bodyLen=5"}
{"ts":"2026-04-05T23:34:17.763Z","level":"INFO","device":"100000000010","event":"SERVER_ACK","detail":"0x0200 result=OK"}
{"ts":"2026-04-05T23:34:17.850Z","level":"INFO","device":"868120100008","event":"RX_MSG","detail":"0x8001 bodyLen=5"}
{"ts":"2026-04-05T23:34:17.850Z","level":"INFO","device":"868120100008","event":"SERVER_ACK","detail":"0x0800 result=OK"}
{"ts":"2026-04-05T23:34:17.850Z","level":"INFO","device":"868120100008","event":"RX_MSG","detail":"0x8001 bodyLen=5"}
{"ts":"2026-04-05T23:34:17.850Z","level":"INFO","device":"868120100008","event":"SERVER_ACK","detail":"0x0200 result=OK"}
{"ts":"2026-04-05T23:34:17.913Z","level":"INFO","device":"200000000010","event":"SERVER_ACK","detail":"0x8001 Universal Reply Received"}
{"ts":"2026-04-05T23:34:17.965Z","level":"INFO","device":"868120100009","event":"RX_MSG","detail":"0x8001 bodyLen=5"}
{"ts":"2026-04-05T23:34:17.965Z","level":"INFO","device":"868120100009","event":"SERVER_ACK","detail":"0x0800 result=OK"}
{"ts":"2026-04-05T23:34:17.965Z","level":"INFO","device":"868120100009","event":"RX_MSG","detail":"0x8001 bodyLen=5"}
{"ts":"2026-04-05T23:34:17.965Z","level":"INFO","device":"868120100009","event":"SERVER_ACK","detail":"0x0200 result=OK"}
{"ts":"2026-04-05T23:34:18.043Z","level":"INFO","device":"100000000010","event":"RX_MSG","detail":"0x8001 bodyLen=5"}
{"ts":"2026-04-05T23:34:18.043Z","level":"INFO","device":"100000000010","event":"SERVER_ACK","detail":"0x0800 result=OK"}
{"ts":"2026-04-05T23:34:18.044Z","level":"INFO","device":"100000000010","event":"RX_MSG","detail":"0x8001 bodyLen=5"}
{"ts":"2026-04-05T23:34:18.044Z","level":"INFO","device":"100000000010","event":"SERVER_ACK","detail":"0x0200 result=OK"}
{"ts":"2026-04-05T23:34:21.348Z","level":"ERROR","device":"300000000003","event":"SOCKET_ERROR","detail":"ECONNREFUSED"}
{"ts":"2026-04-05T23:34:31.086Z","level":"INFO","device":"291078985963","event":"OBD2_SENT_0x0200","detail":"Lat: 51.732939, Lng: 0.487642 | Speed: 45km/h | RPM: 2616"}
{"ts":"2026-04-05T23:34:31.195Z","level":"INFO","device":"200000000002","event":"OBD2_SENT_0x0200","detail":"Lat: 51.734249, Lng: 0.483461 | Speed: 36km/h | RPM: 2225"}
{"ts":"2026-04-05T23:34:31.291Z","level":"INFO","device":"291078985963","event":"SERVER_ACK","detail":"0x8001 Universal Reply Received"}
{"ts":"2026-04-05T23:34:31.345Z","level":"INFO","device":"200000000003","event":"OBD2_SENT_0x0200","detail":"Lat: 51.732359, Lng: 0.489351 | Speed: 46km/h | RPM: 2647"}
{"ts":"2026-04-05T23:34:31.399Z","level":"INFO","device":"200000000002","event":"SERVER_ACK","detail":"0x8001 Universal Reply Received"}
{"ts":"2026-04-05T23:34:31.497Z","level":"INFO","device":"200000000004","event":"OBD2_SENT_0x0200","detail":"Lat: 51.734245, Lng: 0.483467 | Speed: 33km/h | RPM: 2137"}
{"ts":"2026-04-05T23:34:31.529Z","level":"INFO","device":"200000000003","event":"SERVER_ACK","detail":"0x8001 Universal Reply Received"}
{"ts":"2026-04-05T23:34:31.646Z","level":"INFO","device":"200000000005","event":"OBD2_SENT_0x0200","detail":"Lat: 51.733401, Lng: 0.485595 | Speed: 38km/h | RPM: 2326"}
{"ts":"2026-04-05T23:34:31.684Z","level":"INFO","device":"200000000004","event":"SERVER_ACK","detail":"0x8001 Universal Reply Received"}
{"ts":"2026-04-05T23:34:31.794Z","level":"INFO","device":"200000000006","event":"OBD2_SENT_0x0200","detail":"Lat: 51.733559, Lng: 0.485071 | Speed: 39km/h | RPM: 2378"}
{"ts":"2026-04-05T23:34:31.859Z","level":"INFO","device":"200000000005","event":"SERVER_ACK","detail":"0x8001 Universal Reply Received"}
{"ts":"2026-04-05T23:34:31.941Z","level":"INFO","device":"200000000007","event":"OBD2_SENT_0x0200","detail":"Lat: 51.733642, Lng: 0.484795 | Speed: 44km/h | RPM: 2569"}
{"ts":"2026-04-05T23:34:32.005Z","level":"INFO","device":"200000000006","event":"SERVER_ACK","detail":"0x8001 Universal Reply Received"}
{"ts":"2026-04-05T23:34:32.095Z","level":"INFO","device":"200000000008","event":"OBD2_SENT_0x0200","detail":"Lat: 51.733220, Lng: 0.486498 | Speed: 37km/h | RPM: 2269"}
{"ts":"2026-04-05T23:34:32.143Z","level":"INFO","device":"200000000007","event":"SERVER_ACK","detail":"0x8001 Universal Reply Received"}
{"ts":"2026-04-05T23:34:32.247Z","level":"INFO","device":"200000000009","event":"OBD2_SENT_0x0200","detail":"Lat: 51.733667, Lng: 0.484711 | Speed: 36km/h | RPM: 2232"}
{"ts":"2026-04-05T23:34:32.306Z","level":"INFO","device":"200000000008","event":"SERVER_ACK","detail":"0x8001 Universal Reply Received"}
{"ts":"2026-04-05T23:34:32.395Z","level":"INFO","device":"200000000010","event":"OBD2_SENT_0x0200","detail":"Lat: 51.733248, Lng: 0.486359 | Speed: 43km/h | RPM: 2534"}
{"ts":"2026-04-05T23:34:32.440Z","level":"INFO","device":"200000000009","event":"SERVER_ACK","detail":"0x8001 Universal Reply Received"}
{"ts":"2026-04-05T23:34:32.607Z","level":"INFO","device":"200000000010","event":"SERVER_ACK","detail":"0x8001 Universal Reply Received"}
{"ts":"2026-04-05T23:34:33.458Z","level":"ERROR","device":"300000000004","event":"SOCKET_ERROR","detail":"ECONNREFUSED"}
{"ts":"2026-04-05T23:34:36.274Z","level":"INFO","device":"291078985963","event":"GPS_SENT","detail":""}
{"ts":"2026-04-05T23:34:36.398Z","level":"INFO","device":"868120100002","event":"GPS_SENT","detail":""}
{"ts":"2026-04-05T23:34:36.487Z","level":"INFO","device":"291078985963","event":"RX_MSG","detail":"0x8001 bodyLen=5"}
{"ts":"2026-04-05T23:34:36.487Z","level":"INFO","device":"291078985963","event":"SERVER_ACK","detail":"0x0200 result=OK"}
{"ts":"2026-04-05T23:34:36.549Z","level":"INFO","device":"868120100003","event":"GPS_SENT","detail":""}
{"ts":"2026-04-05T23:34:36.600Z","level":"INFO","device":"868120100002","event":"RX_MSG","detail":"0x8001 bodyLen=5"}
{"ts":"2026-04-05T23:34:36.601Z","level":"INFO","device":"868120100002","event":"SERVER_ACK","detail":"0x0200 result=OK"}
{"ts":"2026-04-05T23:34:36.691Z","level":"INFO","device":"868120100004","event":"GPS_SENT","detail":""}
{"ts":"2026-04-05T23:34:36.753Z","level":"INFO","device":"868120100003","event":"RX_MSG","detail":"0x8001 bodyLen=5"}
{"ts":"2026-04-05T23:34:36.753Z","level":"INFO","device":"868120100003","event":"SERVER_ACK","detail":"0x0200 result=OK"}
{"ts":"2026-04-05T23:34:36.853Z","level":"INFO","device":"868120100005","event":"GPS_SENT","detail":""}
{"ts":"2026-04-05T23:34:36.885Z","level":"INFO","device":"868120100004","event":"RX_MSG","detail":"0x8001 bodyLen=5"}
{"ts":"2026-04-05T23:34:36.885Z","level":"INFO","device":"868120100004","event":"SERVER_ACK","detail":"0x0200 result=OK"}
{"ts":"2026-04-05T23:34:36.998Z","level":"INFO","device":"868120100006","event":"GPS_SENT","detail":""}
{"ts":"2026-04-05T23:34:37.062Z","level":"INFO","device":"868120100005","event":"RX_MSG","detail":"0x8001 bodyLen=5"}
{"ts":"2026-04-05T23:34:37.063Z","level":"INFO","device":"868120100005","event":"SERVER_ACK","detail":"0x0200 result=OK"}
{"ts":"2026-04-05T23:34:37.156Z","level":"INFO","device":"868120100007","event":"GPS_SENT","detail":""}
{"ts":"2026-04-05T23:34:37.199Z","level":"INFO","device":"868120100006","event":"RX_MSG","detail":"0x8001 bodyLen=5"}
{"ts":"2026-04-05T23:34:37.200Z","level":"INFO","device":"868120100006","event":"SERVER_ACK","detail":"0x0200 result=OK"}
{"ts":"2026-04-05T23:34:37.314Z","level":"INFO","device":"868120100008","event":"GPS_SENT","detail":""}
{"ts":"2026-04-05T23:34:37.368Z","level":"INFO","device":"868120100007","event":"RX_MSG","detail":"0x8001 bodyLen=5"}
{"ts":"2026-04-05T23:34:37.368Z","level":"INFO","device":"868120100007","event":"SERVER_ACK","detail":"0x0200 result=OK"}
{"ts":"2026-04-05T23:34:37.448Z","level":"INFO","device":"868120100009","event":"GPS_SENT","detail":""}
{"ts":"2026-04-05T23:34:37.524Z","level":"INFO","device":"868120100008","event":"RX_MSG","detail":"0x8001 bodyLen=5"}
{"ts":"2026-04-05T23:34:37.524Z","level":"INFO","device":"868120100008","event":"SERVER_ACK","detail":"0x0200 result=OK"}
{"ts":"2026-04-05T23:34:37.581Z","level":"INFO","device":"100000000010","event":"GPS_SENT","detail":""}
{"ts":"2026-04-05T23:34:37.648Z","level":"INFO","device":"868120100009","event":"RX_MSG","detail":"0x8001 bodyLen=5"}
{"ts":"2026-04-05T23:34:37.648Z","level":"INFO","device":"868120100009","event":"SERVER_ACK","detail":"0x0200 result=OK"}
{"ts":"2026-04-05T23:34:37.767Z","level":"INFO","device":"100000000010","event":"RX_MSG","detail":"0x8001 bodyLen=5"}
{"ts":"2026-04-05T23:34:37.767Z","level":"INFO","device":"100000000010","event":"SERVER_ACK","detail":"0x0200 result=OK"}
{"ts":"2026-04-05T23:34:45.548Z","level":"ERROR","device":"300000000005","event":"SOCKET_ERROR","detail":"ECONNREFUSED"}
{"ts":"2026-04-05T23:34:46.067Z","level":"INFO","device":"291078985963","event":"HEARTBEAT_SENT","detail":"0x0002"}
{"ts":"2026-04-05T23:34:46.086Z","level":"INFO","device":"291078985963","event":"OBD2_SENT_0x0200","detail":"Lat: 51.732041, Lng: 0.490118 | Speed: 48km/h | RPM: 2724"}
{"ts":"2026-04-05T23:34:46.194Z","level":"INFO","device":"200000000002","event":"HEARTBEAT_SENT","detail":"0x0002"}
{"ts":"2026-04-05T23:34:46.195Z","level":"INFO","device":"200000000002","event":"OBD2_SENT_0x0200","detail":"Lat: 51.733537, Lng: 0.485143 | Speed: 35km/h | RPM: 2184"}
{"ts":"2026-04-05T23:34:46.269Z","level":"INFO","device":"291078985963","event":"SERVER_ACK","detail":"0x8001 Universal Reply Received"}
{"ts":"2026-04-05T23:34:46.343Z","level":"INFO","device":"200000000003","event":"HEARTBEAT_SENT","detail":"0x0002"}
{"ts":"2026-04-05T23:34:46.345Z","level":"INFO","device":"200000000003","event":"OBD2_SENT_0x0200","detail":"Lat: 51.731039, Lng: 0.491936 | Speed: 51km/h | RPM: 2834"}
{"ts":"2026-04-05T23:34:46.395Z","level":"INFO","device":"200000000002","event":"SERVER_ACK","detail":"0x8001 Universal Reply Received"}
{"ts":"2026-04-05T23:34:46.491Z","level":"INFO","device":"200000000004","event":"HEARTBEAT_SENT","detail":"0x0002"}
{"ts":"2026-04-05T23:34:46.496Z","level":"INFO","device":"200000000004","event":"OBD2_SENT_0x0200","detail":"Lat: 51.733504, Lng: 0.485254 | Speed: 37km/h | RPM: 2261"}
{"ts":"2026-04-05T23:34:46.528Z","level":"INFO","device":"200000000003","event":"SERVER_ACK","detail":"0x8001 Universal Reply Received"}
{"ts":"2026-04-05T23:34:46.594Z","level":"INFO","device":"291078985963","event":"SERVER_ACK","detail":"0x8001 Universal Reply Received"}
{"ts":"2026-04-05T23:34:46.645Z","level":"INFO","device":"200000000005","event":"HEARTBEAT_SENT","detail":"0x0002"}
{"ts":"2026-04-05T23:34:46.645Z","level":"INFO","device":"200000000005","event":"OBD2_SENT_0x0200","detail":"Lat: 51.732842, Lng: 0.487973 | Speed: 39km/h | RPM: 2379"}
{"ts":"2026-04-05T23:34:46.677Z","level":"INFO","device":"200000000004","event":"SERVER_ACK","detail":"0x8001 Universal Reply Received"}
{"ts":"2026-04-05T23:34:46.720Z","level":"INFO","device":"200000000002","event":"SERVER_ACK","detail":"0x8001 Universal Reply Received"}
{"ts":"2026-04-05T23:34:46.794Z","level":"INFO","device":"200000000006","event":"HEARTBEAT_SENT","detail":"0x0002"}
{"ts":"2026-04-05T23:34:46.795Z","level":"INFO","device":"200000000006","event":"OBD2_SENT_0x0200","detail":"Lat: 51.733001, Lng: 0.487394 | Speed: 40km/h | RPM: 2409"}
{"ts":"2026-04-05T23:34:46.827Z","level":"INFO","device":"200000000003","event":"SERVER_ACK","detail":"0x8001 Universal Reply Received"}
{"ts":"2026-04-05T23:34:46.857Z","level":"INFO","device":"200000000005","event":"SERVER_ACK","detail":"0x8001 Universal Reply Received"}
{"ts":"2026-04-05T23:34:46.940Z","level":"INFO","device":"200000000007","event":"HEARTBEAT_SENT","detail":"0x0002"}
{"ts":"2026-04-05T23:34:46.941Z","level":"INFO","device":"200000000007","event":"OBD2_SENT_0x0200","detail":"Lat: 51.732970, Lng: 0.487521 | Speed: 47km/h | RPM: 2690"}
{"ts":"2026-04-05T23:34:47.001Z","level":"INFO","device":"200000000004","event":"SERVER_ACK","detail":"0x8001 Universal Reply Received"}
{"ts":"2026-04-05T23:34:47.004Z","level":"INFO","device":"200000000006","event":"SERVER_ACK","detail":"0x8001 Universal Reply Received"}
{"ts":"2026-04-05T23:34:47.093Z","level":"INFO","device":"200000000008","event":"HEARTBEAT_SENT","detail":"0x0002"}
{"ts":"2026-04-05T23:34:47.096Z","level":"INFO","device":"200000000008","event":"OBD2_SENT_0x0200","detail":"Lat: 51.732553, Lng: 0.488841 | Speed: 34km/h | RPM: 2169"}
{"ts":"2026-04-05T23:34:47.141Z","level":"INFO","device":"200000000007","event":"SERVER_ACK","detail":"0x8001 Universal Reply Received"}
{"ts":"2026-04-05T23:34:47.183Z","level":"INFO","device":"200000000005","event":"SERVER_ACK","detail":"0x8001 Universal Reply Received"}
{"ts":"2026-04-05T23:34:47.243Z","level":"INFO","device":"200000000009","event":"HEARTBEAT_SENT","detail":"0x0002"}
{"ts":"2026-04-05T23:34:47.247Z","level":"INFO","device":"200000000009","event":"OBD2_SENT_0x0200","detail":"Lat: 51.733239, Lng: 0.486406 | Speed: 31km/h | RPM: 2045"}
{"ts":"2026-04-05T23:34:47.294Z","level":"INFO","device":"200000000008","event":"SERVER_ACK","detail":"0x8001 Universal Reply Received"}
{"ts":"2026-04-05T23:34:47.336Z","level":"INFO","device":"200000000006","event":"SERVER_ACK","detail":"0x8001 Universal Reply Received"}
{"ts":"2026-04-05T23:34:47.394Z","level":"INFO","device":"200000000010","event":"HEARTBEAT_SENT","detail":"0x0002"}
{"ts":"2026-04-05T23:34:47.395Z","level":"INFO","device":"200000000010","event":"OBD2_SENT_0x0200","detail":"Lat: 51.732455, Lng: 0.489111 | Speed: 41km/h | RPM: 2434"}
{"ts":"2026-04-05T23:34:47.437Z","level":"INFO","device":"200000000009","event":"SERVER_ACK","detail":"0x8001 Universal Reply Received"}
{"ts":"2026-04-05T23:34:47.483Z","level":"INFO","device":"200000000007","event":"SERVER_ACK","detail":"0x8001 Universal Reply Received"}
{"ts":"2026-04-05T23:34:47.604Z","level":"INFO","device":"200000000010","event":"SERVER_ACK","detail":"0x8001 Universal Reply Received"}
{"ts":"2026-04-05T23:34:47.607Z","level":"INFO","device":"200000000008","event":"SERVER_ACK","detail":"0x8001 Universal Reply Received"}
{"ts":"2026-04-05T23:34:47.754Z","level":"INFO","device":"200000000009","event":"SERVER_ACK","detail":"0x8001 Universal Reply Received"}
{"ts":"2026-04-05T23:34:47.927Z","level":"INFO","device":"200000000010","event":"SERVER_ACK","detail":"0x8001 Universal Reply Received"}
{"ts":"2026-04-05T23:34:56.271Z","level":"INFO","device":"291078985963","event":"INCIDENT_SENT","detail":"mediaId=4 alarmId=29107898596300260405233456040200"}
{"ts":"2026-04-05T23:34:56.274Z","level":"INFO","device":"291078985963","event":"GPS_SENT","detail":""}
{"ts":"2026-04-05T23:34:56.397Z","level":"INFO","device":"868120100002","event":"INCIDENT_SENT","detail":"mediaId=4 alarmId=86812010000200260405233456040200"}
{"ts":"2026-04-05T23:34:56.399Z","level":"INFO","device":"868120100002","event":"GPS_SENT","detail":""}
{"ts":"2026-04-05T23:34:56.482Z","level":"INFO","device":"291078985963","event":"RX_MSG","detail":"0x8001 bodyLen=5"}
{"ts":"2026-04-05T23:34:56.482Z","level":"INFO","device":"291078985963","event":"SERVER_ACK","detail":"0x0200 result=OK"}
{"ts":"2026-04-05T23:34:56.546Z","level":"INFO","device":"868120100003","event":"INCIDENT_SENT","detail":"mediaId=4 alarmId=86812010000300260405233456040200"}
{"ts":"2026-04-05T23:34:56.550Z","level":"INFO","device":"868120100003","event":"GPS_SENT","detail":""}
{"ts":"2026-04-05T23:34:56.598Z","level":"INFO","device":"868120100002","event":"RX_MSG","detail":"0x8001 bodyLen=5"}
{"ts":"2026-04-05T23:34:56.599Z","level":"INFO","device":"868120100002","event":"SERVER_ACK","detail":"0x0200 result=OK"}
{"ts":"2026-04-05T23:34:56.689Z","level":"INFO","device":"868120100004","event":"INCIDENT_SENT","detail":"mediaId=4 alarmId=86812010000400260405233456040200"}
{"ts":"2026-04-05T23:34:56.690Z","level":"INFO","device":"868120100004","event":"GPS_SENT","detail":""}
{"ts":"2026-04-05T23:34:56.749Z","level":"INFO","device":"868120100003","event":"RX_MSG","detail":"0x8001 bodyLen=5"}
{"ts":"2026-04-05T23:34:56.749Z","level":"INFO","device":"868120100003","event":"SERVER_ACK","detail":"0x0200 result=OK"}
{"ts":"2026-04-05T23:34:56.791Z","level":"INFO","device":"291078985963","event":"RX_MSG","detail":"0x8001 bodyLen=5"}
{"ts":"2026-04-05T23:34:56.791Z","level":"INFO","device":"291078985963","event":"SERVER_ACK","detail":"0x0800 result=OK"}
{"ts":"2026-04-05T23:34:56.791Z","level":"INFO","device":"291078985963","event":"RX_MSG","detail":"0x8001 bodyLen=5"}
{"ts":"2026-04-05T23:34:56.791Z","level":"INFO","device":"291078985963","event":"SERVER_ACK","detail":"0x0200 result=OK"}
{"ts":"2026-04-05T23:34:56.852Z","level":"INFO","device":"868120100005","event":"INCIDENT_SENT","detail":"mediaId=4 alarmId=86812010000500260405233456040200"}
{"ts":"2026-04-05T23:34:56.853Z","level":"INFO","device":"868120100005","event":"GPS_SENT","detail":""}
{"ts":"2026-04-05T23:34:56.882Z","level":"INFO","device":"868120100004","event":"RX_MSG","detail":"0x8001 bodyLen=5"}
{"ts":"2026-04-05T23:34:56.882Z","level":"INFO","device":"868120100004","event":"SERVER_ACK","detail":"0x0200 result=OK"}
{"ts":"2026-04-05T23:34:56.906Z","level":"INFO","device":"868120100002","event":"RX_MSG","detail":"0x8001 bodyLen=5"}
{"ts":"2026-04-05T23:34:56.907Z","level":"INFO","device":"868120100002","event":"SERVER_ACK","detail":"0x0800 result=OK"}
{"ts":"2026-04-05T23:34:56.907Z","level":"INFO","device":"868120100002","event":"RX_MSG","detail":"0x8001 bodyLen=5"}
{"ts":"2026-04-05T23:34:56.907Z","level":"INFO","device":"868120100002","event":"SERVER_ACK","detail":"0x0200 result=OK"}
{"ts":"2026-04-05T23:34:56.998Z","level":"INFO","device":"868120100006","event":"INCIDENT_SENT","detail":"mediaId=4 alarmId=86812010000600260405233456040200"}
{"ts":"2026-04-05T23:34:56.998Z","level":"INFO","device":"868120100006","event":"GPS_SENT","detail":""}
{"ts":"2026-04-05T23:34:57.061Z","level":"INFO","device":"868120100005","event":"RX_MSG","detail":"0x8001 bodyLen=5"}
{"ts":"2026-04-05T23:34:57.062Z","level":"INFO","device":"868120100005","event":"SERVER_ACK","detail":"0x0200 result=OK"}
{"ts":"2026-04-05T23:34:57.064Z","level":"INFO","device":"868120100003","event":"RX_MSG","detail":"0x8001 bodyLen=5"}
{"ts":"2026-04-05T23:34:57.065Z","level":"INFO","device":"868120100003","event":"SERVER_ACK","detail":"0x0800 result=OK"}
{"ts":"2026-04-05T23:34:57.065Z","level":"INFO","device":"868120100003","event":"RX_MSG","detail":"0x8001 bodyLen=5"}
{"ts":"2026-04-05T23:34:57.065Z","level":"INFO","device":"868120100003","event":"SERVER_ACK","detail":"0x0200 result=OK"}
{"ts":"2026-04-05T23:34:57.153Z","level":"INFO","device":"868120100007","event":"INCIDENT_SENT","detail":"mediaId=4 alarmId=86812010000700260405233457040200"}
{"ts":"2026-04-05T23:34:57.156Z","level":"INFO","device":"868120100007","event":"GPS_SENT","detail":""}
{"ts":"2026-04-05T23:34:57.177Z","level":"INFO","device":"868120100004","event":"RX_MSG","detail":"0x8001 bodyLen=5"}
{"ts":"2026-04-05T23:34:57.177Z","level":"INFO","device":"868120100004","event":"SERVER_ACK","detail":"0x0800 result=OK"}
{"ts":"2026-04-05T23:34:57.177Z","level":"INFO","device":"868120100004","event":"RX_MSG","detail":"0x8001 bodyLen=5"}
{"ts":"2026-04-05T23:34:57.178Z","level":"INFO","device":"868120100004","event":"SERVER_ACK","detail":"0x0200 result=OK"}
{"ts":"2026-04-05T23:34:57.200Z","level":"INFO","device":"868120100006","event":"RX_MSG","detail":"0x8001 bodyLen=5"}
{"ts":"2026-04-05T23:34:57.202Z","level":"INFO","device":"868120100006","event":"SERVER_ACK","detail":"0x0200 result=OK"}
{"ts":"2026-04-05T23:34:57.310Z","level":"INFO","device":"868120100008","event":"INCIDENT_SENT","detail":"mediaId=4 alarmId=86812010000800260405233457040200"}
{"ts":"2026-04-05T23:34:57.314Z","level":"INFO","device":"868120100008","event":"GPS_SENT","detail":""}
{"ts":"2026-04-05T23:34:57.371Z","level":"INFO","device":"868120100007","event":"RX_MSG","detail":"0x8001 bodyLen=5"}
{"ts":"2026-04-05T23:34:57.373Z","level":"INFO","device":"868120100007","event":"SERVER_ACK","detail":"0x0200 result=OK"}
{"ts":"2026-04-05T23:34:57.384Z","level":"INFO","device":"868120100005","event":"RX_MSG","detail":"0x8001 bodyLen=5"}
{"ts":"2026-04-05T23:34:57.384Z","level":"INFO","device":"868120100005","event":"SERVER_ACK","detail":"0x0800 result=OK"}
{"ts":"2026-04-05T23:34:57.384Z","level":"INFO","device":"868120100005","event":"RX_MSG","detail":"0x8001 bodyLen=5"}
{"ts":"2026-04-05T23:34:57.384Z","level":"INFO","device":"868120100005","event":"SERVER_ACK","detail":"0x0200 result=OK"}
{"ts":"2026-04-05T23:34:57.447Z","level":"INFO","device":"868120100009","event":"INCIDENT_SENT","detail":"mediaId=4 alarmId=86812010000900260405233457040200"}
{"ts":"2026-04-05T23:34:57.448Z","level":"INFO","device":"868120100009","event":"GPS_SENT","detail":""}
{"ts":"2026-04-05T23:34:57.500Z","level":"INFO","device":"868120100006","event":"RX_MSG","detail":"0x8001 bodyLen=5"}
{"ts":"2026-04-05T23:34:57.500Z","level":"INFO","device":"868120100006","event":"SERVER_ACK","detail":"0x0800 result=OK"}
{"ts":"2026-04-05T23:34:57.500Z","level":"INFO","device":"868120100006","event":"RX_MSG","detail":"0x8001 bodyLen=5"}
{"ts":"2026-04-05T23:34:57.500Z","level":"INFO","device":"868120100006","event":"SERVER_ACK","detail":"0x0200 result=OK"}
{"ts":"2026-04-05T23:34:57.522Z","level":"INFO","device":"868120100008","event":"RX_MSG","detail":"0x8001 bodyLen=5"}
{"ts":"2026-04-05T23:34:57.522Z","level":"INFO","device":"868120100008","event":"SERVER_ACK","detail":"0x0200 result=OK"}
{"ts":"2026-04-05T23:34:57.580Z","level":"INFO","device":"100000000010","event":"INCIDENT_SENT","detail":"mediaId=4 alarmId=10000000001000260405233457040200"}
{"ts":"2026-04-05T23:34:57.581Z","level":"INFO","device":"100000000010","event":"GPS_SENT","detail":""}
{"ts":"2026-04-05T23:34:57.650Z","level":"INFO","device":"868120100009","event":"RX_MSG","detail":"0x8001 bodyLen=5"}
{"ts":"2026-04-05T23:34:57.650Z","level":"INFO","device":"868120100009","event":"SERVER_ACK","detail":"0x0200 result=OK"}
{"ts":"2026-04-05T23:34:57.672Z","level":"ERROR","device":"300000000006","event":"SOCKET_ERROR","detail":"ECONNREFUSED"}
{"ts":"2026-04-05T23:34:57.729Z","level":"INFO","device":"868120100007","event":"RX_MSG","detail":"0x8001 bodyLen=5"}
{"ts":"2026-04-05T23:34:57.729Z","level":"INFO","device":"868120100007","event":"SERVER_ACK","detail":"0x0800 result=OK"}
{"ts":"2026-04-05T23:34:57.729Z","level":"INFO","device":"868120100007","event":"RX_MSG","detail":"0x8001 bodyLen=5"}
{"ts":"2026-04-05T23:34:57.730Z","level":"INFO","device":"868120100007","event":"SERVER_ACK","detail":"0x0200 result=OK"}
{"ts":"2026-04-05T23:34:57.767Z","level":"INFO","device":"100000000010","event":"RX_MSG","detail":"0x8001 bodyLen=5"}
{"ts":"2026-04-05T23:34:57.767Z","level":"INFO","device":"100000000010","event":"SERVER_ACK","detail":"0x0200 result=OK"}
{"ts":"2026-04-05T23:34:57.879Z","level":"INFO","device":"868120100008","event":"RX_MSG","detail":"0x8001 bodyLen=5"}
{"ts":"2026-04-05T23:34:57.879Z","level":"INFO","device":"868120100008","event":"SERVER_ACK","detail":"0x0800 result=OK"}
{"ts":"2026-04-05T23:34:57.879Z","level":"INFO","device":"868120100008","event":"RX_MSG","detail":"0x8001 bodyLen=5"}
{"ts":"2026-04-05T23:34:57.879Z","level":"INFO","device":"868120100008","event":"SERVER_ACK","detail":"0x0200 result=OK"}
{"ts":"2026-04-05T23:34:57.994Z","level":"INFO","device":"868120100009","event":"RX_MSG","detail":"0x8001 bodyLen=5"}
{"ts":"2026-04-05T23:34:57.996Z","level":"INFO","device":"868120100009","event":"SERVER_ACK","detail":"0x0800 result=OK"}
{"ts":"2026-04-05T23:34:57.996Z","level":"INFO","device":"868120100009","event":"RX_MSG","detail":"0x8001 bodyLen=5"}
{"ts":"2026-04-05T23:34:57.996Z","level":"INFO","device":"868120100009","event":"SERVER_ACK","detail":"0x0200 result=OK"}
{"ts":"2026-04-05T23:34:58.071Z","level":"INFO","device":"100000000010","event":"RX_MSG","detail":"0x8001 bodyLen=5"}
{"ts":"2026-04-05T23:34:58.072Z","level":"INFO","device":"100000000010","event":"SERVER_ACK","detail":"0x0800 result=OK"}
{"ts":"2026-04-05T23:34:58.072Z","level":"INFO","device":"100000000010","event":"RX_MSG","detail":"0x8001 bodyLen=5"}
{"ts":"2026-04-05T23:34:58.072Z","level":"INFO","device":"100000000010","event":"SERVER_ACK","detail":"0x0200 result=OK"}
{"ts":"2026-04-05T23:35:01.089Z","level":"INFO","device":"291078985963","event":"OBD2_SENT_0x0200","detail":"Lat: 51.730673, Lng: 0.492421 | Speed: 50km/h | RPM: 2797"}
{"ts":"2026-04-05T23:35:01.196Z","level":"INFO","device":"200000000002","event":"OBD2_SENT_0x0200","detail":"Lat: 51.733122, Lng: 0.486911 | Speed: 32km/h | RPM: 2061"}
{"ts":"2026-04-05T23:35:01.293Z","level":"INFO","device":"291078985963","event":"SERVER_ACK","detail":"0x8001 Universal Reply Received"}
{"ts":"2026-04-05T23:35:01.345Z","level":"INFO","device":"200000000003","event":"OBD2_SENT_0x0200","detail":"Lat: 51.729401, Lng: 0.493888 | Speed: 50km/h | RPM: 2801"}
{"ts":"2026-04-05T23:35:01.399Z","level":"INFO","device":"200000000002","event":"SERVER_ACK","detail":"0x8001 Universal Reply Received"}
{"ts":"2026-04-05T23:35:01.495Z","level":"INFO","device":"200000000004","event":"OBD2_SENT_0x0200","detail":"Lat: 51.733037, Lng: 0.487253 | Speed: 35km/h | RPM: 2189"}
{"ts":"2026-04-05T23:35:01.531Z","level":"INFO","device":"200000000003","event":"SERVER_ACK","detail":"0x8001 Universal Reply Received"}
{"ts":"2026-04-05T23:35:01.647Z","level":"INFO","device":"200000000005","event":"OBD2_SENT_0x0200","detail":"Lat: 51.732193, Lng: 0.489768 | Speed: 37km/h | RPM: 2263"}
{"ts":"2026-04-05T23:35:01.684Z","level":"INFO","device":"200000000004","event":"SERVER_ACK","detail":"0x8001 Universal Reply Received"}
{"ts":"2026-04-05T23:35:01.795Z","level":"INFO","device":"200000000006","event":"OBD2_SENT_0x0200","detail":"Lat: 51.732243, Lng: 0.489643 | Speed: 42km/h | RPM: 2495"}
{"ts":"2026-04-05T23:35:01.861Z","level":"INFO","device":"200000000005","event":"SERVER_ACK","detail":"0x8001 Universal Reply Received"}
{"ts":"2026-04-05T23:35:01.941Z","level":"INFO","device":"200000000007","event":"OBD2_SENT_0x0200","detail":"Lat: 51.732151, Lng: 0.489873 | Speed: 45km/h | RPM: 2602"}
{"ts":"2026-04-05T23:35:02.006Z","level":"INFO","device":"200000000006","event":"SERVER_ACK","detail":"0x8001 Universal Reply Received"}
{"ts":"2026-04-05T23:35:02.096Z","level":"INFO","device":"200000000008","event":"OBD2_SENT_0x0200","detail":"Lat: 51.731836, Lng: 0.490527 | Speed: 37km/h | RPM: 2295"}
{"ts":"2026-04-05T23:35:02.144Z","level":"INFO","device":"200000000007","event":"SERVER_ACK","detail":"0x8001 Universal Reply Received"}
{"ts":"2026-04-05T23:35:02.248Z","level":"INFO","device":"200000000009","event":"OBD2_SENT_0x0200","detail":"Lat: 51.732744, Lng: 0.488268 | Speed: 27km/h | RPM: 1900"}
{"ts":"2026-04-05T23:35:02.306Z","level":"INFO","device":"200000000008","event":"SERVER_ACK","detail":"0x8001 Universal Reply Received"}
{"ts":"2026-04-05T23:35:02.395Z","level":"INFO","device":"200000000010","event":"OBD2_SENT_0x0200","detail":"Lat: 51.731488, Lng: 0.491187 | Speed: 41km/h | RPM: 2434"}
{"ts":"2026-04-05T23:35:02.441Z","level":"INFO","device":"200000000009","event":"SERVER_ACK","detail":"0x8001 Universal Reply Received"}
{"ts":"2026-04-05T23:35:02.608Z","level":"INFO","device":"200000000010","event":"SERVER_ACK","detail":"0x8001 Universal Reply Received"}
{"ts":"2026-04-05T23:35:09.795Z","level":"ERROR","device":"300000000007","event":"SOCKET_ERROR","detail":"ECONNREFUSED"}
{"ts":"2026-04-05T23:35:16.073Z","level":"INFO","device":"291078985963","event":"HEARTBEAT_SENT","detail":"0x0002"}
{"ts":"2026-04-05T23:35:16.090Z","level":"INFO","device":"291078985963","event":"OBD2_SENT_0x0200","detail":"Lat: 51.728862, Lng: 0.494367 | Speed: 54km/h | RPM: 2941"}
{"ts":"2026-04-05T23:35:16.194Z","level":"INFO","device":"200000000002","event":"HEARTBEAT_SENT","detail":"0x0002"}
{"ts":"2026-04-05T23:35:16.197Z","level":"INFO","device":"200000000002","event":"OBD2_SENT_0x0200","detail":"Lat: 51.732544, Lng: 0.488868 | Speed: 35km/h | RPM: 2196"}
{"ts":"2026-04-05T23:35:16.275Z","level":"INFO","device":"291078985963","event":"GPS_SENT","detail":""}
{"ts":"2026-04-05T23:35:16.277Z","level":"INFO","device":"291078985963","event":"SERVER_ACK","detail":"0x8001 Universal Reply Received"}
{"ts":"2026-04-05T23:35:16.343Z","level":"INFO","device":"200000000003","event":"HEARTBEAT_SENT","detail":"0x0002"}
{"ts":"2026-04-05T23:35:16.346Z","level":"INFO","device":"200000000003","event":"OBD2_SENT_0x0200","detail":"Lat: 51.727727, Lng: 0.495124 | Speed: 48km/h | RPM: 2734"}
{"ts":"2026-04-05T23:35:16.397Z","level":"INFO","device":"200000000002","event":"SERVER_ACK","detail":"0x8001 Universal Reply Received"}
{"ts":"2026-04-05T23:35:16.399Z","level":"INFO","device":"868120100002","event":"GPS_SENT","detail":""}
{"ts":"2026-04-05T23:35:16.487Z","level":"INFO","device":"291078985963","event":"RX_MSG","detail":"0x8001 bodyLen=5"}
{"ts":"2026-04-05T23:35:16.488Z","level":"INFO","device":"291078985963","event":"SERVER_ACK","detail":"0x0200 result=OK"}
{"ts":"2026-04-05T23:35:16.491Z","level":"INFO","device":"200000000004","event":"HEARTBEAT_SENT","detail":"0x0002"}
{"ts":"2026-04-05T23:35:16.497Z","level":"INFO","device":"200000000004","event":"OBD2_SENT_0x0200","detail":"Lat: 51.732452, Lng: 0.489121 | Speed: 34km/h | RPM: 2148"}
{"ts":"2026-04-05T23:35:16.528Z","level":"INFO","device":"200000000003","event":"SERVER_ACK","detail":"0x8001 Universal Reply Received"}
{"ts":"2026-04-05T23:35:16.550Z","level":"INFO","device":"868120100003","event":"GPS_SENT","detail":""}
{"ts":"2026-04-05T23:35:16.596Z","level":"INFO","device":"291078985963","event":"SERVER_ACK","detail":"0x8001 Universal Reply Received"}
{"ts":"2026-04-05T23:35:16.600Z","level":"INFO","device":"868120100002","event":"RX_MSG","detail":"0x8001 bodyLen=5"}
{"ts":"2026-04-05T23:35:16.600Z","level":"INFO","device":"868120100002","event":"SERVER_ACK","detail":"0x0200 result=OK"}
{"ts":"2026-04-05T23:35:16.645Z","level":"INFO","device":"200000000005","event":"HEARTBEAT_SENT","detail":"0x0002"}
{"ts":"2026-04-05T23:35:16.647Z","level":"INFO","device":"200000000005","event":"OBD2_SENT_0x0200","detail":"Lat: 51.731289, Lng: 0.491518 | Speed: 34km/h | RPM: 2177"}
{"ts":"2026-04-05T23:35:16.678Z","level":"INFO","device":"200000000004","event":"SERVER_ACK","detail":"0x8001 Universal Reply Received"}
{"ts":"2026-04-05T23:35:16.691Z","level":"INFO","device":"868120100004","event":"GPS_SENT","detail":""}
{"ts":"2026-04-05T23:35:16.720Z","level":"INFO","device":"200000000002","event":"SERVER_ACK","detail":"0x8001 Universal Reply Received"}
{"ts":"2026-04-05T23:35:16.754Z","level":"INFO","device":"868120100003","event":"RX_MSG","detail":"0x8001 bodyLen=5"}
{"ts":"2026-04-05T23:35:16.754Z","level":"INFO","device":"868120100003","event":"SERVER_ACK","detail":"0x0200 result=OK"}
{"ts":"2026-04-05T23:35:16.796Z","level":"INFO","device":"200000000006","event":"HEARTBEAT_SENT","detail":"0x0002"}
{"ts":"2026-04-05T23:35:16.797Z","level":"INFO","device":"200000000006","event":"OBD2_SENT_0x0200","detail":"Lat: 51.731085, Lng: 0.491858 | Speed: 44km/h | RPM: 2543"}
{"ts":"2026-04-05T23:35:16.828Z","level":"INFO","device":"200000000003","event":"SERVER_ACK","detail":"0x8001 Universal Reply Received"}
{"ts":"2026-04-05T23:35:16.853Z","level":"INFO","device":"868120100005","event":"GPS_SENT","detail":""}
{"ts":"2026-04-05T23:35:16.858Z","level":"INFO","device":"200000000005","event":"SERVER_ACK","detail":"0x8001 Universal Reply Received"}
{"ts":"2026-04-05T23:35:16.884Z","level":"INFO","device":"868120100004","event":"RX_MSG","detail":"0x8001 bodyLen=5"}
{"ts":"2026-04-05T23:35:16.884Z","level":"INFO","device":"868120100004","event":"SERVER_ACK","detail":"0x0200 result=OK"}
{"ts":"2026-04-05T23:35:16.941Z","level":"INFO","device":"200000000007","event":"HEARTBEAT_SENT","detail":"0x0002"}
{"ts":"2026-04-05T23:35:16.942Z","level":"INFO","device":"200000000007","event":"OBD2_SENT_0x0200","detail":"Lat: 51.730805, Lng: 0.492251 | Speed: 47km/h | RPM: 2693"}
{"ts":"2026-04-05T23:35:16.985Z","level":"INFO","device":"200000000004","event":"SERVER_ACK","detail":"0x8001 Universal Reply Received"}
{"ts":"2026-04-05T23:35:16.999Z","level":"INFO","device":"868120100006","event":"GPS_SENT","detail":""}
{"ts":"2026-04-05T23:35:17.006Z","level":"INFO","device":"200000000006","event":"SERVER_ACK","detail":"0x8001 Universal Reply Received"}
{"ts":"2026-04-05T23:35:17.064Z","level":"INFO","device":"868120100005","event":"RX_MSG","detail":"0x8001 bodyLen=5"}
{"ts":"2026-04-05T23:35:17.064Z","level":"INFO","device":"868120100005","event":"SERVER_ACK","detail":"0x0200 result=OK"}
{"ts":"2026-04-05T23:35:17.093Z","level":"INFO","device":"200000000008","event":"HEARTBEAT_SENT","detail":"0x0002"}
{"ts":"2026-04-05T23:35:17.097Z","level":"INFO","device":"200000000008","event":"OBD2_SENT_0x0200","detail":"Lat: 51.730891, Lng: 0.492140 | Speed: 35km/h | RPM: 2184"}
{"ts":"2026-04-05T23:35:17.143Z","level":"INFO","device":"200000000007","event":"SERVER_ACK","detail":"0x8001 Universal Reply Received"}
{"ts":"2026-04-05T23:35:17.156Z","level":"INFO","device":"868120100007","event":"GPS_SENT","detail":""}
{"ts":"2026-04-05T23:35:17.166Z","level":"INFO","device":"200000000005","event":"SERVER_ACK","detail":"0x8001 Universal Reply Received"}
{"ts":"2026-04-05T23:35:17.200Z","level":"INFO","device":"868120100006","event":"RX_MSG","detail":"0x8001 bodyLen=5"}
{"ts":"2026-04-05T23:35:17.200Z","level":"INFO","device":"868120100006","event":"SERVER_ACK","detail":"0x0200 result=OK"}
{"ts":"2026-04-05T23:35:17.244Z","level":"INFO","device":"200000000009","event":"HEARTBEAT_SENT","detail":"0x0002"}
{"ts":"2026-04-05T23:35:17.247Z","level":"INFO","device":"200000000009","event":"OBD2_SENT_0x0200","detail":"Lat: 51.732168, Lng: 0.489830 | Speed: 32km/h | RPM: 2098"}
{"ts":"2026-04-05T23:35:17.295Z","level":"INFO","device":"200000000008","event":"SERVER_ACK","detail":"0x8001 Universal Reply Received"}
{"ts":"2026-04-05T23:35:17.314Z","level":"INFO","device":"868120100008","event":"GPS_SENT","detail":""}
{"ts":"2026-04-05T23:35:17.320Z","level":"INFO","device":"200000000006","event":"SERVER_ACK","detail":"0x8001 Universal Reply Received"}
{"ts":"2026-04-05T23:35:17.368Z","level":"INFO","device":"868120100007","event":"RX_MSG","detail":"0x8001 bodyLen=5"}
{"ts":"2026-04-05T23:35:17.368Z","level":"INFO","device":"868120100007","event":"SERVER_ACK","detail":"0x0200 result=OK"}
{"ts":"2026-04-05T23:35:17.394Z","level":"INFO","device":"200000000010","event":"HEARTBEAT_SENT","detail":"0x0002"}
{"ts":"2026-04-05T23:35:17.396Z","level":"INFO","device":"200000000010","event":"OBD2_SENT_0x0200","detail":"Lat: 51.730173, Lng: 0.493043 | Speed: 45km/h | RPM: 2615"}
{"ts":"2026-04-05T23:35:17.438Z","level":"INFO","device":"200000000009","event":"SERVER_ACK","detail":"0x8001 Universal Reply Received"}
{"ts":"2026-04-05T23:35:17.448Z","level":"INFO","device":"868120100009","event":"GPS_SENT","detail":""}
{"ts":"2026-04-05T23:35:17.468Z","level":"INFO","device":"200000000007","event":"SERVER_ACK","detail":"0x8001 Universal Reply Received"}
{"ts":"2026-04-05T23:35:17.524Z","level":"INFO","device":"868120100008","event":"RX_MSG","detail":"0x8001 bodyLen=5"}
{"ts":"2026-04-05T23:35:17.524Z","level":"INFO","device":"868120100008","event":"SERVER_ACK","detail":"0x0200 result=OK"}
{"ts":"2026-04-05T23:35:17.580Z","level":"INFO","device":"100000000010","event":"GPS_SENT","detail":""}
{"ts":"2026-04-05T23:35:17.606Z","level":"INFO","device":"200000000010","event":"SERVER_ACK","detail":"0x8001 Universal Reply Received"}
{"ts":"2026-04-05T23:35:17.622Z","level":"INFO","device":"200000000008","event":"SERVER_ACK","detail":"0x8001 Universal Reply Received"}
{"ts":"2026-04-05T23:35:17.647Z","level":"INFO","device":"868120100009","event":"RX_MSG","detail":"0x8001 bodyLen=5"}
{"ts":"2026-04-05T23:35:17.647Z","level":"INFO","device":"868120100009","event":"SERVER_ACK","detail":"0x0200 result=OK"}
{"ts":"2026-04-05T23:35:17.766Z","level":"INFO","device":"100000000010","event":"RX_MSG","detail":"0x8001 bodyLen=5"}
{"ts":"2026-04-05T23:35:17.767Z","level":"INFO","device":"100000000010","event":"SERVER_ACK","detail":"0x0200 result=OK"}
{"ts":"2026-04-05T23:35:17.769Z","level":"INFO","device":"200000000009","event":"SERVER_ACK","detail":"0x8001 Universal Reply Received"}
{"ts":"2026-04-05T23:35:17.943Z","level":"INFO","device":"200000000010","event":"SERVER_ACK","detail":"0x8001 Universal Reply Received"}
{"ts":"2026-04-05T23:35:21.896Z","level":"ERROR","device":"300000000008","event":"SOCKET_ERROR","detail":"ECONNREFUSED"}
{"ts":"2026-04-05T23:35:31.100Z","level":"INFO","device":"291078985963","event":"OBD2_SENT_0x0200","detail":"Lat: 51.727105, Lng: 0.495447 | Speed: 49km/h | RPM: 2758"}
{"ts":"2026-04-05T23:35:31.197Z","level":"INFO","device":"200000000002","event":"OBD2_SENT_0x0200","detail":"Lat: 51.731773, Lng: 0.490654 | Speed: 40km/h | RPM: 2389"}
{"ts":"2026-04-05T23:35:31.306Z","level":"INFO","device":"291078985963","event":"SERVER_ACK","detail":"0x8001 Universal Reply Received"}
{"ts":"2026-04-05T23:35:31.348Z","level":"INFO","device":"200000000003","event":"OBD2_SENT_0x0200","detail":"Lat: 51.726029, Lng: 0.495871 | Speed: 48km/h | RPM: 2733"}
{"ts":"2026-04-05T23:35:31.401Z","level":"INFO","device":"200000000002","event":"SERVER_ACK","detail":"0x8001 Universal Reply Received"}
{"ts":"2026-04-05T23:35:31.497Z","level":"INFO","device":"200000000004","event":"OBD2_SENT_0x0200","detail":"Lat: 51.731757, Lng: 0.490686 | Speed: 31km/h | RPM: 2032"}
{"ts":"2026-04-05T23:35:31.533Z","level":"INFO","device":"200000000003","event":"SERVER_ACK","detail":"0x8001 Universal Reply Received"}
{"ts":"2026-04-05T23:35:31.647Z","level":"INFO","device":"200000000005","event":"OBD2_SENT_0x0200","detail":"Lat: 51.730255, Lng: 0.492951 | Speed: 35km/h | RPM: 2216"}
{"ts":"2026-04-05T23:35:31.683Z","level":"INFO","device":"200000000004","event":"SERVER_ACK","detail":"0x8001 Universal Reply Received"}
{"ts":"2026-04-05T23:35:31.796Z","level":"INFO","device":"200000000006","event":"OBD2_SENT_0x0200","detail":"Lat: 51.729695, Lng: 0.493581 | Speed: 44km/h | RPM: 2548"}
{"ts":"2026-04-05T23:35:31.861Z","level":"INFO","device":"200000000005","event":"SERVER_ACK","detail":"0x8001 Universal Reply Received"}
{"ts":"2026-04-05T23:35:31.943Z","level":"INFO","device":"200000000007","event":"OBD2_SENT_0x0200","detail":"Lat: 51.729400, Lng: 0.493889 | Speed: 44km/h | RPM: 2550"}
{"ts":"2026-04-05T23:35:32.007Z","level":"INFO","device":"200000000006","event":"SERVER_ACK","detail":"0x8001 Universal Reply Received"}
{"ts":"2026-04-05T23:35:32.097Z","level":"INFO","device":"200000000008","event":"OBD2_SENT_0x0200","detail":"Lat: 51.729900, Lng: 0.493350 | Speed: 32km/h | RPM: 2083"}
{"ts":"2026-04-05T23:35:32.146Z","level":"INFO","device":"200000000007","event":"SERVER_ACK","detail":"0x8001 Universal Reply Received"}
{"ts":"2026-04-05T23:35:32.247Z","level":"INFO","device":"200000000009","event":"OBD2_SENT_0x0200","detail":"Lat: 51.731440, Lng: 0.491267 | Speed: 28km/h | RPM: 1931"}
{"ts":"2026-04-05T23:35:32.305Z","level":"INFO","device":"200000000008","event":"SERVER_ACK","detail":"0x8001 Universal Reply Received"}
{"ts":"2026-04-05T23:35:32.396Z","level":"INFO","device":"200000000010","event":"OBD2_SENT_0x0200","detail":"Lat: 51.728818, Lng: 0.494406 | Speed: 42km/h | RPM: 2464"}
{"ts":"2026-04-05T23:35:32.440Z","level":"INFO","device":"200000000009","event":"SERVER_ACK","detail":"0x8001 Universal Reply Received"}
{"ts":"2026-04-05T23:35:32.609Z","level":"INFO","device":"200000000010","event":"SERVER_ACK","detail":"0x8001 Universal Reply Received"}
{"ts":"2026-04-05T23:35:34.012Z","level":"ERROR","device":"300000000009","event":"SOCKET_ERROR","detail":"ECONNREFUSED"}
{"ts":"2026-04-05T23:35:36.274Z","level":"INFO","device":"291078985963","event":"INCIDENT_SENT","detail":"mediaId=5 alarmId=29107898596300260405233536050200"}
{"ts":"2026-04-05T23:35:36.274Z","level":"INFO","device":"291078985963","event":"GPS_SENT","detail":""}
{"ts":"2026-04-05T23:35:36.397Z","level":"INFO","device":"868120100002","event":"INCIDENT_SENT","detail":"mediaId=5 alarmId=86812010000200260405233536050200"}
{"ts":"2026-04-05T23:35:36.399Z","level":"INFO","device":"868120100002","event":"GPS_SENT","detail":""}
{"ts":"2026-04-05T23:35:36.484Z","level":"INFO","device":"291078985963","event":"RX_MSG","detail":"0x8001 bodyLen=5"}
{"ts":"2026-04-05T23:35:36.485Z","level":"INFO","device":"291078985963","event":"SERVER_ACK","detail":"0x0200 result=OK"}
{"ts":"2026-04-05T23:35:36.546Z","level":"INFO","device":"868120100003","event":"INCIDENT_SENT","detail":"mediaId=5 alarmId=86812010000300260405233536050200"}
{"ts":"2026-04-05T23:35:36.550Z","level":"INFO","device":"868120100003","event":"GPS_SENT","detail":""}
{"ts":"2026-04-05T23:35:36.600Z","level":"INFO","device":"868120100002","event":"RX_MSG","detail":"0x8001 bodyLen=5"}
{"ts":"2026-04-05T23:35:36.600Z","level":"INFO","device":"868120100002","event":"SERVER_ACK","detail":"0x0200 result=OK"}
{"ts":"2026-04-05T23:35:36.689Z","level":"INFO","device":"868120100004","event":"INCIDENT_SENT","detail":"mediaId=5 alarmId=86812010000400260405233536050200"}
{"ts":"2026-04-05T23:35:36.691Z","level":"INFO","device":"868120100004","event":"GPS_SENT","detail":""}
{"ts":"2026-04-05T23:35:36.749Z","level":"INFO","device":"868120100003","event":"RX_MSG","detail":"0x8001 bodyLen=5"}
{"ts":"2026-04-05T23:35:36.749Z","level":"INFO","device":"868120100003","event":"SERVER_ACK","detail":"0x0200 result=OK"}
{"ts":"2026-04-05T23:35:36.793Z","level":"INFO","device":"291078985963","event":"RX_MSG","detail":"0x8001 bodyLen=5"}
{"ts":"2026-04-05T23:35:36.793Z","level":"INFO","device":"291078985963","event":"SERVER_ACK","detail":"0x0800 result=OK"}
{"ts":"2026-04-05T23:35:36.794Z","level":"INFO","device":"291078985963","event":"RX_MSG","detail":"0x8001 bodyLen=5"}
{"ts":"2026-04-05T23:35:36.794Z","level":"INFO","device":"291078985963","event":"SERVER_ACK","detail":"0x0200 result=OK"}
{"ts":"2026-04-05T23:35:36.852Z","level":"INFO","device":"868120100005","event":"INCIDENT_SENT","detail":"mediaId=5 alarmId=86812010000500260405233536050200"}
{"ts":"2026-04-05T23:35:36.854Z","level":"INFO","device":"868120100005","event":"GPS_SENT","detail":""}
{"ts":"2026-04-05T23:35:36.882Z","level":"INFO","device":"868120100004","event":"RX_MSG","detail":"0x8001 bodyLen=5"}
{"ts":"2026-04-05T23:35:36.882Z","level":"INFO","device":"868120100004","event":"SERVER_ACK","detail":"0x0200 result=OK"}
{"ts":"2026-04-05T23:35:36.906Z","level":"INFO","device":"868120100002","event":"RX_MSG","detail":"0x8001 bodyLen=5"}
{"ts":"2026-04-05T23:35:36.906Z","level":"INFO","device":"868120100002","event":"SERVER_ACK","detail":"0x0800 result=OK"}
{"ts":"2026-04-05T23:35:36.908Z","level":"INFO","device":"868120100002","event":"RX_MSG","detail":"0x8001 bodyLen=5"}
{"ts":"2026-04-05T23:35:36.908Z","level":"INFO","device":"868120100002","event":"SERVER_ACK","detail":"0x0200 result=OK"}
{"ts":"2026-04-05T23:35:36.998Z","level":"INFO","device":"868120100006","event":"INCIDENT_SENT","detail":"mediaId=5 alarmId=86812010000600260405233536050200"}
{"ts":"2026-04-05T23:35:37.000Z","level":"INFO","device":"868120100006","event":"GPS_SENT","detail":""}
{"ts":"2026-04-05T23:35:37.064Z","level":"INFO","device":"868120100005","event":"RX_MSG","detail":"0x8001 bodyLen=5"}
{"ts":"2026-04-05T23:35:37.065Z","level":"INFO","device":"868120100005","event":"SERVER_ACK","detail":"0x0200 result=OK"}
{"ts":"2026-04-05T23:35:37.065Z","level":"INFO","device":"868120100003","event":"RX_MSG","detail":"0x8001 bodyLen=5"}
{"ts":"2026-04-05T23:35:37.065Z","level":"INFO","device":"868120100003","event":"SERVER_ACK","detail":"0x0800 result=OK"}
{"ts":"2026-04-05T23:35:37.065Z","level":"INFO","device":"868120100003","event":"RX_MSG","detail":"0x8001 bodyLen=5"}
{"ts":"2026-04-05T23:35:37.065Z","level":"INFO","device":"868120100003","event":"SERVER_ACK","detail":"0x0200 result=OK"}
{"ts":"2026-04-05T23:35:37.153Z","level":"INFO","device":"868120100007","event":"INCIDENT_SENT","detail":"mediaId=5 alarmId=86812010000700260405233537050200"}
{"ts":"2026-04-05T23:35:37.157Z","level":"INFO","device":"868120100007","event":"GPS_SENT","detail":""}
{"ts":"2026-04-05T23:35:37.177Z","level":"INFO","device":"868120100004","event":"RX_MSG","detail":"0x8001 bodyLen=5"}
{"ts":"2026-04-05T23:35:37.177Z","level":"INFO","device":"868120100004","event":"SERVER_ACK","detail":"0x0800 result=OK"}
{"ts":"2026-04-05T23:35:37.178Z","level":"INFO","device":"868120100004","event":"RX_MSG","detail":"0x8001 bodyLen=5"}
{"ts":"2026-04-05T23:35:37.178Z","level":"INFO","device":"868120100004","event":"SERVER_ACK","detail":"0x0200 result=OK"}
{"ts":"2026-04-05T23:35:37.201Z","level":"INFO","device":"868120100006","event":"RX_MSG","detail":"0x8001 bodyLen=5"}
{"ts":"2026-04-05T23:35:37.201Z","level":"INFO","device":"868120100006","event":"SERVER_ACK","detail":"0x0200 result=OK"}
{"ts":"2026-04-05T23:35:37.310Z","level":"INFO","device":"868120100008","event":"INCIDENT_SENT","detail":"mediaId=5 alarmId=86812010000800260405233537050200"}
{"ts":"2026-04-05T23:35:37.314Z","level":"INFO","device":"868120100008","event":"GPS_SENT","detail":""}
{"ts":"2026-04-05T23:35:37.365Z","level":"INFO","device":"868120100007","event":"RX_MSG","detail":"0x8001 bodyLen=5"}
{"ts":"2026-04-05T23:35:37.365Z","level":"INFO","device":"868120100007","event":"SERVER_ACK","detail":"0x0200 result=OK"}
{"ts":"2026-04-05T23:35:37.412Z","level":"INFO","device":"868120100005","event":"RX_MSG","detail":"0x8001 bodyLen=5"}
{"ts":"2026-04-05T23:35:37.412Z","level":"INFO","device":"868120100005","event":"SERVER_ACK","detail":"0x0800 result=OK"}
{"ts":"2026-04-05T23:35:37.413Z","level":"INFO","device":"868120100005","event":"RX_MSG","detail":"0x8001 bodyLen=5"}
{"ts":"2026-04-05T23:35:37.413Z","level":"INFO","device":"868120100005","event":"SERVER_ACK","detail":"0x0200 result=OK"}
{"ts":"2026-04-05T23:35:37.447Z","level":"INFO","device":"868120100009","event":"INCIDENT_SENT","detail":"mediaId=5 alarmId=86812010000900260405233537050200"}
{"ts":"2026-04-05T23:35:37.447Z","level":"INFO","device":"868120100009","event":"GPS_SENT","detail":""}
{"ts":"2026-04-05T23:35:37.520Z","level":"INFO","device":"868120100008","event":"RX_MSG","detail":"0x8001 bodyLen=5"}
{"ts":"2026-04-05T23:35:37.520Z","level":"INFO","device":"868120100008","event":"SERVER_ACK","detail":"0x0200 result=OK"}
{"ts":"2026-04-05T23:35:37.528Z","level":"INFO","device":"868120100006","event":"RX_MSG","detail":"0x8001 bodyLen=5"}
{"ts":"2026-04-05T23:35:37.528Z","level":"INFO","device":"868120100006","event":"SERVER_ACK","detail":"0x0800 result=OK"}
{"ts":"2026-04-05T23:35:37.529Z","level":"INFO","device":"868120100006","event":"RX_MSG","detail":"0x8001 bodyLen=5"}
{"ts":"2026-04-05T23:35:37.529Z","level":"INFO","device":"868120100006","event":"SERVER_ACK","detail":"0x0200 result=OK"}
{"ts":"2026-04-05T23:35:37.580Z","level":"INFO","device":"100000000010","event":"INCIDENT_SENT","detail":"mediaId=5 alarmId=10000000001000260405233537050200"}
{"ts":"2026-04-05T23:35:37.580Z","level":"INFO","device":"100000000010","event":"GPS_SENT","detail":""}
{"ts":"2026-04-05T23:35:37.648Z","level":"INFO","device":"868120100009","event":"RX_MSG","detail":"0x8001 bodyLen=5"}
{"ts":"2026-04-05T23:35:37.648Z","level":"INFO","device":"868120100009","event":"SERVER_ACK","detail":"0x0200 result=OK"}
{"ts":"2026-04-05T23:35:37.725Z","level":"INFO","device":"868120100007","event":"RX_MSG","detail":"0x8001 bodyLen=5"}
{"ts":"2026-04-05T23:35:37.725Z","level":"INFO","device":"868120100007","event":"SERVER_ACK","detail":"0x0800 result=OK"}
{"ts":"2026-04-05T23:35:37.725Z","level":"INFO","device":"868120100007","event":"RX_MSG","detail":"0x8001 bodyLen=5"}
{"ts":"2026-04-05T23:35:37.725Z","level":"INFO","device":"868120100007","event":"SERVER_ACK","detail":"0x0200 result=OK"}
{"ts":"2026-04-05T23:35:37.764Z","level":"INFO","device":"100000000010","event":"RX_MSG","detail":"0x8001 bodyLen=5"}
{"ts":"2026-04-05T23:35:37.764Z","level":"INFO","device":"100000000010","event":"SERVER_ACK","detail":"0x0200 result=OK"}
{"ts":"2026-04-05T23:35:37.878Z","level":"INFO","device":"868120100008","event":"RX_MSG","detail":"0x8001 bodyLen=5"}
{"ts":"2026-04-05T23:35:37.878Z","level":"INFO","device":"868120100008","event":"SERVER_ACK","detail":"0x0800 result=OK"}
{"ts":"2026-04-05T23:35:37.879Z","level":"INFO","device":"868120100008","event":"RX_MSG","detail":"0x8001 bodyLen=5"}
{"ts":"2026-04-05T23:35:37.879Z","level":"INFO","device":"868120100008","event":"SERVER_ACK","detail":"0x0200 result=OK"}
{"ts":"2026-04-05T23:35:37.993Z","level":"INFO","device":"868120100009","event":"RX_MSG","detail":"0x8001 bodyLen=5"}
{"ts":"2026-04-05T23:35:37.994Z","level":"INFO","device":"868120100009","event":"SERVER_ACK","detail":"0x0800 result=OK"}
{"ts":"2026-04-05T23:35:37.994Z","level":"INFO","device":"868120100009","event":"RX_MSG","detail":"0x8001 bodyLen=5"}
{"ts":"2026-04-05T23:35:37.994Z","level":"INFO","device":"868120100009","event":"SERVER_ACK","detail":"0x0200 result=OK"}
{"ts":"2026-04-05T23:35:38.072Z","level":"INFO","device":"100000000010","event":"RX_MSG","detail":"0x8001 bodyLen=5"}
{"ts":"2026-04-05T23:35:38.072Z","level":"INFO","device":"100000000010","event":"SERVER_ACK","detail":"0x0800 result=OK"}
{"ts":"2026-04-05T23:35:38.072Z","level":"INFO","device":"100000000010","event":"RX_MSG","detail":"0x8001 bodyLen=5"}
{"ts":"2026-04-05T23:35:38.072Z","level":"INFO","device":"100000000010","event":"SERVER_ACK","detail":"0x0200 result=OK"}
{"ts":"2026-04-05T23:35:46.080Z","level":"INFO","device":"291078985963","event":"HEARTBEAT_SENT","detail":"0x0002"}
{"ts":"2026-04-05T23:35:46.100Z","level":"INFO","device":"291078985963","event":"OBD2_SENT_0x0200","detail":"Lat: 51.725398, Lng: 0.496040 | Speed: 48km/h | RPM: 2708"}
{"ts":"2026-04-05T23:35:46.194Z","level":"INFO","device":"200000000002","event":"HEARTBEAT_SENT","detail":"0x0002"}
{"ts":"2026-04-05T23:35:46.197Z","level":"INFO","device":"200000000002","event":"OBD2_SENT_0x0200","detail":"Lat: 51.730768, Lng: 0.492298 | Speed: 36km/h | RPM: 2226"}
{"ts":"2026-04-05T23:35:46.282Z","level":"INFO","device":"291078985963","event":"SERVER_ACK","detail":"0x8001 Universal Reply Received"}
{"ts":"2026-04-05T23:35:46.344Z","level":"INFO","device":"200000000003","event":"HEARTBEAT_SENT","detail":"0x0002"}
{"ts":"2026-04-05T23:35:46.348Z","level":"INFO","device":"200000000003","event":"OBD2_SENT_0x0200","detail":"Lat: 51.724197, Lng: 0.496321 | Speed: 50km/h | RPM: 2789"}
{"ts":"2026-04-05T23:35:46.398Z","level":"INFO","device":"200000000002","event":"SERVER_ACK","detail":"0x8001 Universal Reply Received"}
{"ts":"2026-04-05T23:35:46.491Z","level":"INFO","device":"200000000004","event":"HEARTBEAT_SENT","detail":"0x0002"}
{"ts":"2026-04-05T23:35:46.497Z","level":"INFO","device":"200000000004","event":"OBD2_SENT_0x0200","detail":"Lat: 51.730836, Lng: 0.492211 | Speed: 33km/h | RPM: 2116"}
{"ts":"2026-04-05T23:35:46.528Z","level":"INFO","device":"200000000003","event":"SERVER_ACK","detail":"0x8001 Universal Reply Received"}
{"ts":"2026-04-05T23:35:46.596Z","level":"INFO","device":"291078985963","event":"SERVER_ACK","detail":"0x8001 Universal Reply Received"}
{"ts":"2026-04-05T23:35:46.645Z","level":"INFO","device":"200000000005","event":"HEARTBEAT_SENT","detail":"0x0002"}
{"ts":"2026-04-05T23:35:46.647Z","level":"INFO","device":"200000000005","event":"OBD2_SENT_0x0200","detail":"Lat: 51.729075, Lng: 0.494177 | Speed: 37km/h | RPM: 2273"}
{"ts":"2026-04-05T23:35:46.676Z","level":"INFO","device":"200000000004","event":"SERVER_ACK","detail":"0x8001 Universal Reply Received"}
{"ts":"2026-04-05T23:35:46.721Z","level":"INFO","device":"200000000002","event":"SERVER_ACK","detail":"0x8001 Universal Reply Received"}
{"ts":"2026-04-05T23:35:46.794Z","level":"INFO","device":"200000000006","event":"HEARTBEAT_SENT","detail":"0x0002"}
{"ts":"2026-04-05T23:35:46.796Z","level":"INFO","device":"200000000006","event":"OBD2_SENT_0x0200","detail":"Lat: 51.728280, Lng: 0.494792 | Speed: 41km/h | RPM: 2427"}
{"ts":"2026-04-05T23:35:46.829Z","level":"INFO","device":"200000000003","event":"SERVER_ACK","detail":"0x8001 Universal Reply Received"}
{"ts":"2026-04-05T23:35:46.858Z","level":"INFO","device":"200000000005","event":"SERVER_ACK","detail":"0x8001 Universal Reply Received"}
{"ts":"2026-04-05T23:35:46.940Z","level":"INFO","device":"200000000007","event":"HEARTBEAT_SENT","detail":"0x0002"}
{"ts":"2026-04-05T23:35:46.943Z","level":"INFO","device":"200000000007","event":"OBD2_SENT_0x0200","detail":"Lat: 51.727746, Lng: 0.495113 | Speed: 48km/h | RPM: 2712"}
{"ts":"2026-04-05T23:35:47.001Z","level":"INFO","device":"200000000004","event":"SERVER_ACK","detail":"0x8001 Universal Reply Received"}
{"ts":"2026-04-05T23:35:47.004Z","level":"INFO","device":"200000000006","event":"SERVER_ACK","detail":"0x8001 Universal Reply Received"}
{"ts":"2026-04-05T23:35:47.094Z","level":"INFO","device":"200000000008","event":"HEARTBEAT_SENT","detail":"0x0002"}
{"ts":"2026-04-05T23:35:47.098Z","level":"INFO","device":"200000000008","event":"OBD2_SENT_0x0200","detail":"Lat: 51.728862, Lng: 0.494367 | Speed: 31km/h | RPM: 2059"}
{"ts":"2026-04-05T23:35:47.140Z","level":"INFO","device":"200000000007","event":"SERVER_ACK","detail":"0x8001 Universal Reply Received"}
{"ts":"2026-04-05T23:35:47.183Z","level":"INFO","device":"200000000005","event":"SERVER_ACK","detail":"0x8001 Universal Reply Received"}
{"ts":"2026-04-05T23:35:47.246Z","level":"INFO","device":"200000000009","event":"HEARTBEAT_SENT","detail":"0x0002"}
{"ts":"2026-04-05T23:35:47.246Z","level":"INFO","device":"200000000009","event":"OBD2_SENT_0x0200","detail":"Lat: 51.730598, Lng: 0.492517 | Speed: 30km/h | RPM: 2004"}
{"ts":"2026-04-05T23:35:47.295Z","level":"INFO","device":"200000000008","event":"SERVER_ACK","detail":"0x8001 Universal Reply Received"}
{"ts":"2026-04-05T23:35:47.337Z","level":"INFO","device":"200000000006","event":"SERVER_ACK","detail":"0x8001 Universal Reply Received"}
{"ts":"2026-04-05T23:35:47.394Z","level":"INFO","device":"200000000010","event":"HEARTBEAT_SENT","detail":"0x0002"}
{"ts":"2026-04-05T23:35:47.396Z","level":"INFO","device":"200000000010","event":"OBD2_SENT_0x0200","detail":"Lat: 51.727505, Lng: 0.495248 | Speed: 37km/h | RPM: 2267"}
{"ts":"2026-04-05T23:35:47.438Z","level":"INFO","device":"200000000009","event":"SERVER_ACK","detail":"0x8001 Universal Reply Received"}
{"ts":"2026-04-05T23:35:47.453Z","level":"INFO","device":"200000000007","event":"SERVER_ACK","detail":"0x8001 Universal Reply Received"}
{"ts":"2026-04-05T23:35:47.604Z","level":"INFO","device":"200000000010","event":"SERVER_ACK","detail":"0x8001 Universal Reply Received"}
{"ts":"2026-04-05T23:35:47.608Z","level":"INFO","device":"200000000008","event":"SERVER_ACK","detail":"0x8001 Universal Reply Received"}
{"ts":"2026-04-05T23:35:47.755Z","level":"INFO","device":"200000000009","event":"SERVER_ACK","detail":"0x8001 Universal Reply Received"}
{"ts":"2026-04-05T23:35:47.928Z","level":"INFO","device":"200000000010","event":"SERVER_ACK","detail":"0x8001 Universal Reply Received"}
{"ts":"2026-04-05T23:35:56.283Z","level":"INFO","device":"291078985963","event":"GPS_SENT","detail":""}
{"ts":"2026-04-05T23:35:56.399Z","level":"INFO","device":"868120100002","event":"GPS_SENT","detail":""}
{"ts":"2026-04-05T23:35:56.494Z","level":"INFO","device":"291078985963","event":"RX_MSG","detail":"0x8001 bodyLen=5"}
{"ts":"2026-04-05T23:35:56.494Z","level":"INFO","device":"291078985963","event":"SERVER_ACK","detail":"0x0200 result=OK"}
{"ts":"2026-04-05T23:35:56.550Z","level":"INFO","device":"868120100003","event":"GPS_SENT","detail":""}
{"ts":"2026-04-05T23:35:56.601Z","level":"INFO","device":"868120100002","event":"RX_MSG","detail":"0x8001 bodyLen=5"}
{"ts":"2026-04-05T23:35:56.601Z","level":"INFO","device":"868120100002","event":"SERVER_ACK","detail":"0x0200 result=OK"}
{"ts":"2026-04-05T23:35:56.693Z","level":"INFO","device":"868120100004","event":"GPS_SENT","detail":""}
{"ts":"2026-04-05T23:35:56.753Z","level":"INFO","device":"868120100003","event":"RX_MSG","detail":"0x8001 bodyLen=5"}
{"ts":"2026-04-05T23:35:56.754Z","level":"INFO","device":"868120100003","event":"SERVER_ACK","detail":"0x0200 result=OK"}
{"ts":"2026-04-05T23:35:56.854Z","level":"INFO","device":"868120100005","event":"GPS_SENT","detail":""}
{"ts":"2026-04-05T23:35:56.885Z","level":"INFO","device":"868120100004","event":"RX_MSG","detail":"0x8001 bodyLen=5"}
{"ts":"2026-04-05T23:35:56.885Z","level":"INFO","device":"868120100004","event":"SERVER_ACK","detail":"0x0200 result=OK"}
{"ts":"2026-04-05T23:35:56.999Z","level":"INFO","device":"868120100006","event":"GPS_SENT","detail":""}
{"ts":"2026-04-05T23:35:57.064Z","level":"INFO","device":"868120100005","event":"RX_MSG","detail":"0x8001 bodyLen=5"}
{"ts":"2026-04-05T23:35:57.065Z","level":"INFO","device":"868120100005","event":"SERVER_ACK","detail":"0x0200 result=OK"}
{"ts":"2026-04-05T23:35:57.158Z","level":"INFO","device":"868120100007","event":"GPS_SENT","detail":""}
{"ts":"2026-04-05T23:35:57.200Z","level":"INFO","device":"868120100006","event":"RX_MSG","detail":"0x8001 bodyLen=5"}
{"ts":"2026-04-05T23:35:57.200Z","level":"INFO","device":"868120100006","event":"SERVER_ACK","detail":"0x0200 result=OK"}
{"ts":"2026-04-05T23:35:57.314Z","level":"INFO","device":"868120100008","event":"GPS_SENT","detail":""}
{"ts":"2026-04-05T23:35:57.370Z","level":"INFO","device":"868120100007","event":"RX_MSG","detail":"0x8001 bodyLen=5"}
{"ts":"2026-04-05T23:35:57.370Z","level":"INFO","device":"868120100007","event":"SERVER_ACK","detail":"0x0200 result=OK"}
{"ts":"2026-04-05T23:35:57.448Z","level":"INFO","device":"868120100009","event":"GPS_SENT","detail":""}
{"ts":"2026-04-05T23:35:57.524Z","level":"INFO","device":"868120100008","event":"RX_MSG","detail":"0x8001 bodyLen=5"}
{"ts":"2026-04-05T23:35:57.524Z","level":"INFO","device":"868120100008","event":"SERVER_ACK","detail":"0x0200 result=OK"}
{"ts":"2026-04-05T23:35:57.581Z","level":"INFO","device":"100000000010","event":"GPS_SENT","detail":""}
{"ts":"2026-04-05T23:35:57.648Z","level":"INFO","device":"868120100009","event":"RX_MSG","detail":"0x8001 bodyLen=5"}
{"ts":"2026-04-05T23:35:57.648Z","level":"INFO","device":"868120100009","event":"SERVER_ACK","detail":"0x0200 result=OK"}
{"ts":"2026-04-05T23:35:57.766Z","level":"INFO","device":"100000000010","event":"RX_MSG","detail":"0x8001 bodyLen=5"}
{"ts":"2026-04-05T23:35:57.766Z","level":"INFO","device":"100000000010","event":"SERVER_ACK","detail":"0x0200 result=OK"}
{"ts":"2026-04-05T23:36:01.103Z","level":"INFO","device":"291078985963","event":"OBD2_SENT_0x0200","detail":"Lat: 51.723686, Lng: 0.496474 | Speed: 46km/h | RPM: 2641"}
{"ts":"2026-04-05T23:36:01.197Z","level":"INFO","device":"200000000002","event":"OBD2_SENT_0x0200","detail":"Lat: 51.729503, Lng: 0.493797 | Speed: 40km/h | RPM: 2390"}
{"ts":"2026-04-05T23:36:01.308Z","level":"INFO","device":"291078985963","event":"SERVER_ACK","detail":"0x8001 Universal Reply Received"}
{"ts":"2026-04-05T23:36:01.348Z","level":"INFO","device":"200000000003","event":"OBD2_SENT_0x0200","detail":"Lat: 51.722286, Lng: 0.497057 | Speed: 52km/h | RPM: 2875"}
{"ts":"2026-04-05T23:36:01.401Z","level":"INFO","device":"200000000002","event":"SERVER_ACK","detail":"0x8001 Universal Reply Received"}
{"ts":"2026-04-05T23:36:01.497Z","level":"INFO","device":"200000000004","event":"OBD2_SENT_0x0200","detail":"Lat: 51.729854, Lng: 0.493402 | Speed: 32km/h | RPM: 2064"}
{"ts":"2026-04-05T23:36:01.533Z","level":"INFO","device":"200000000003","event":"SERVER_ACK","detail":"0x8001 Universal Reply Received"}
{"ts":"2026-04-05T23:36:01.648Z","level":"INFO","device":"200000000005","event":"OBD2_SENT_0x0200","detail":"Lat: 51.727669, Lng: 0.495159 | Speed: 40km/h | RPM: 2401"}
{"ts":"2026-04-05T23:36:01.683Z","level":"INFO","device":"200000000004","event":"SERVER_ACK","detail":"0x8001 Universal Reply Received"}
{"ts":"2026-04-05T23:36:01.796Z","level":"INFO","device":"200000000006","event":"OBD2_SENT_0x0200","detail":"Lat: 51.726985, Lng: 0.495508 | Speed: 37km/h | RPM: 2276"}
{"ts":"2026-04-05T23:36:01.860Z","level":"INFO","device":"200000000005","event":"SERVER_ACK","detail":"0x8001 Universal Reply Received"}
{"ts":"2026-04-05T23:36:01.943Z","level":"INFO","device":"200000000007","event":"OBD2_SENT_0x0200","detail":"Lat: 51.726118, Lng: 0.495845 | Speed: 46km/h | RPM: 2654"}
{"ts":"2026-04-05T23:36:02.009Z","level":"INFO","device":"200000000006","event":"SERVER_ACK","detail":"0x8001 Universal Reply Received"}
{"ts":"2026-04-05T23:36:02.098Z","level":"INFO","device":"200000000008","event":"OBD2_SENT_0x0200","detail":"Lat: 51.727766, Lng: 0.495100 | Speed: 31km/h | RPM: 2033"}
{"ts":"2026-04-05T23:36:02.144Z","level":"INFO","device":"200000000007","event":"SERVER_ACK","detail":"0x8001 Universal Reply Received"}
{"ts":"2026-04-05T23:36:02.247Z","level":"INFO","device":"200000000009","event":"OBD2_SENT_0x0200","detail":"Lat: 51.729795, Lng: 0.493469 | Speed: 25km/h | RPM: 1810"}
{"ts":"2026-04-05T23:36:02.306Z","level":"INFO","device":"200000000008","event":"SERVER_ACK","detail":"0x8001 Universal Reply Received"}
{"ts":"2026-04-05T23:36:02.396Z","level":"INFO","device":"200000000010","event":"OBD2_SENT_0x0200","detail":"Lat: 51.726307, Lng: 0.495788 | Speed: 33km/h | RPM: 2138"}
{"ts":"2026-04-05T23:36:02.441Z","level":"INFO","device":"200000000009","event":"SERVER_ACK","detail":"0x8001 Universal Reply Received"}
{"ts":"2026-04-05T23:36:02.609Z","level":"INFO","device":"200000000010","event":"SERVER_ACK","detail":"0x8001 Universal Reply Received"}
{"ts":"2026-04-05T23:36:16.086Z","level":"INFO","device":"291078985963","event":"HEARTBEAT_SENT","detail":"0x0002"}
{"ts":"2026-04-05T23:36:16.104Z","level":"INFO","device":"291078985963","event":"OBD2_SENT_0x0200","detail":"Lat: 51.722167, Lng: 0.497117 | Speed: 41km/h | RPM: 2450"}
{"ts":"2026-04-05T23:36:16.193Z","level":"INFO","device":"200000000002","event":"DTC_SENT_0x0900","detail":"Injected Fault Code: C1234"}
{"ts":"2026-04-05T23:36:16.195Z","level":"INFO","device":"200000000002","event":"HEARTBEAT_SENT","detail":"0x0002"}
{"ts":"2026-04-05T23:36:16.199Z","level":"INFO","device":"200000000002","event":"OBD2_SENT_0x0200","detail":"Lat: 51.728229, Lng: 0.494823 | Speed: 36km/h | RPM: 2231"}
{"ts":"2026-04-05T23:36:16.274Z","level":"INFO","device":"291078985963","event":"INCIDENT_SENT","detail":"mediaId=6 alarmId=29107898596300260405233616060200"}
{"ts":"2026-04-05T23:36:16.283Z","level":"INFO","device":"291078985963","event":"GPS_SENT","detail":""}
{"ts":"2026-04-05T23:36:16.287Z","level":"INFO","device":"291078985963","event":"SERVER_ACK","detail":"0x8001 Universal Reply Received"}
{"ts":"2026-04-05T23:36:16.345Z","level":"INFO","device":"200000000003","event":"HEARTBEAT_SENT","detail":"0x0002"}
{"ts":"2026-04-05T23:36:16.348Z","level":"INFO","device":"200000000003","event":"OBD2_SENT_0x0200","detail":"Lat: 51.720450, Lng: 0.498120 | Speed: 51km/h | RPM: 2852"}
{"ts":"2026-04-05T23:36:16.397Z","level":"INFO","device":"868120100002","event":"INCIDENT_SENT","detail":"mediaId=6 alarmId=86812010000200260405233616060200"}
{"ts":"2026-04-05T23:36:16.398Z","level":"INFO","device":"200000000002","event":"SERVER_ACK","detail":"0x8001 Universal Reply Received"}
{"ts":"2026-04-05T23:36:16.399Z","level":"INFO","device":"868120100002","event":"GPS_SENT","detail":""}
{"ts":"2026-04-05T23:36:16.485Z","level":"INFO","device":"291078985963","event":"RX_MSG","detail":"0x8001 bodyLen=5"}
{"ts":"2026-04-05T23:36:16.486Z","level":"INFO","device":"291078985963","event":"SERVER_ACK","detail":"0x0200 result=OK"}
{"ts":"2026-04-05T23:36:16.491Z","level":"INFO","device":"200000000004","event":"HEARTBEAT_SENT","detail":"0x0002"}
{"ts":"2026-04-05T23:36:16.498Z","level":"INFO","device":"200000000004","event":"OBD2_SENT_0x0200","detail":"Lat: 51.728690, Lng: 0.494520 | Speed: 35km/h | RPM: 2198"}
{"ts":"2026-04-05T23:36:16.529Z","level":"INFO","device":"200000000003","event":"SERVER_ACK","detail":"0x8001 Universal Reply Received"}
{"ts":"2026-04-05T23:36:16.546Z","level":"INFO","device":"868120100003","event":"INCIDENT_SENT","detail":"mediaId=6 alarmId=86812010000300260405233616060200"}
{"ts":"2026-04-05T23:36:16.550Z","level":"INFO","device":"868120100003","event":"GPS_SENT","detail":""}
{"ts":"2026-04-05T23:36:16.596Z","level":"INFO","device":"291078985963","event":"SERVER_ACK","detail":"0x8001 Universal Reply Received"}
{"ts":"2026-04-05T23:36:16.599Z","level":"INFO","device":"868120100002","event":"RX_MSG","detail":"0x8001 bodyLen=5"}
{"ts":"2026-04-05T23:36:16.599Z","level":"INFO","device":"868120100002","event":"SERVER_ACK","detail":"0x0200 result=OK"}
{"ts":"2026-04-05T23:36:16.645Z","level":"INFO","device":"200000000005","event":"HEARTBEAT_SENT","detail":"0x0002"}
{"ts":"2026-04-05T23:36:16.648Z","level":"INFO","device":"200000000005","event":"OBD2_SENT_0x0200","detail":"Lat: 51.726389, Lng: 0.495763 | Speed: 36km/h | RPM: 2258"}
{"ts":"2026-04-05T23:36:16.676Z","level":"INFO","device":"200000000004","event":"SERVER_ACK","detail":"0x8001 Universal Reply Received"}
{"ts":"2026-04-05T23:36:16.690Z","level":"INFO","device":"868120100004","event":"INCIDENT_SENT","detail":"mediaId=6 alarmId=86812010000400260405233616060200"}
{"ts":"2026-04-05T23:36:16.693Z","level":"INFO","device":"868120100004","event":"GPS_SENT","detail":""}
{"ts":"2026-04-05T23:36:16.721Z","level":"INFO","device":"200000000002","event":"SERVER_ACK","detail":"0x8001 Universal Reply Received"}
{"ts":"2026-04-05T23:36:16.749Z","level":"INFO","device":"868120100003","event":"RX_MSG","detail":"0x8001 bodyLen=5"}
{"ts":"2026-04-05T23:36:16.749Z","level":"INFO","device":"868120100003","event":"SERVER_ACK","detail":"0x0200 result=OK"}
{"ts":"2026-04-05T23:36:16.792Z","level":"INFO","device":"291078985963","event":"RX_MSG","detail":"0x8001 bodyLen=5"}
{"ts":"2026-04-05T23:36:16.792Z","level":"INFO","device":"291078985963","event":"SERVER_ACK","detail":"0x0800 result=OK"}
{"ts":"2026-04-05T23:36:16.792Z","level":"INFO","device":"291078985963","event":"RX_MSG","detail":"0x8001 bodyLen=5"}
{"ts":"2026-04-05T23:36:16.792Z","level":"INFO","device":"291078985963","event":"SERVER_ACK","detail":"0x0200 result=OK"}
{"ts":"2026-04-05T23:36:16.793Z","level":"INFO","device":"200000000006","event":"HEARTBEAT_SENT","detail":"0x0002"}
{"ts":"2026-04-05T23:36:16.798Z","level":"INFO","device":"200000000006","event":"OBD2_SENT_0x0200","detail":"Lat: 51.725545, Lng: 0.496011 | Speed: 40km/h | RPM: 2408"}
{"ts":"2026-04-05T23:36:16.828Z","level":"INFO","device":"200000000003","event":"SERVER_ACK","detail":"0x8001 Universal Reply Received"}
{"ts":"2026-04-05T23:36:16.853Z","level":"INFO","device":"868120100005","event":"INCIDENT_SENT","detail":"mediaId=6 alarmId=86812010000500260405233616060200"}
{"ts":"2026-04-05T23:36:16.854Z","level":"INFO","device":"868120100005","event":"GPS_SENT","detail":""}
{"ts":"2026-04-05T23:36:16.860Z","level":"INFO","device":"200000000005","event":"SERVER_ACK","detail":"0x8001 Universal Reply Received"}
{"ts":"2026-04-05T23:36:16.883Z","level":"INFO","device":"868120100004","event":"RX_MSG","detail":"0x8001 bodyLen=5"}
{"ts":"2026-04-05T23:36:16.883Z","level":"INFO","device":"868120100004","event":"SERVER_ACK","detail":"0x0200 result=OK"}
{"ts":"2026-04-05T23:36:16.923Z","level":"INFO","device":"868120100002","event":"RX_MSG","detail":"0x8001 bodyLen=5"}
{"ts":"2026-04-05T23:36:16.923Z","level":"INFO","device":"868120100002","event":"SERVER_ACK","detail":"0x0800 result=OK"}
{"ts":"2026-04-05T23:36:16.923Z","level":"INFO","device":"868120100002","event":"RX_MSG","detail":"0x8001 bodyLen=5"}
{"ts":"2026-04-05T23:36:16.923Z","level":"INFO","device":"868120100002","event":"SERVER_ACK","detail":"0x0200 result=OK"}
{"ts":"2026-04-05T23:36:16.942Z","level":"INFO","device":"200000000007","event":"HEARTBEAT_SENT","detail":"0x0002"}
{"ts":"2026-04-05T23:36:16.943Z","level":"INFO","device":"200000000007","event":"OBD2_SENT_0x0200","detail":"Lat: 51.724465, Lng: 0.496241 | Speed: 45km/h | RPM: 2595"}
{"ts":"2026-04-05T23:36:16.998Z","level":"INFO","device":"868120100006","event":"INCIDENT_SENT","detail":"mediaId=6 alarmId=86812010000600260405233616060200"}
{"ts":"2026-04-05T23:36:16.998Z","level":"INFO","device":"200000000004","event":"SERVER_ACK","detail":"0x8001 Universal Reply Received"}
{"ts":"2026-04-05T23:36:16.998Z","level":"INFO","device":"868120100006","event":"GPS_SENT","detail":""}
{"ts":"2026-04-05T23:36:17.005Z","level":"INFO","device":"200000000006","event":"SERVER_ACK","detail":"0x8001 Universal Reply Received"}
{"ts":"2026-04-05T23:36:17.064Z","level":"INFO","device":"868120100005","event":"RX_MSG","detail":"0x8001 bodyLen=5"}
{"ts":"2026-04-05T23:36:17.064Z","level":"INFO","device":"868120100005","event":"SERVER_ACK","detail":"0x0200 result=OK"}
{"ts":"2026-04-05T23:36:17.078Z","level":"INFO","device":"868120100003","event":"RX_MSG","detail":"0x8001 bodyLen=5"}
{"ts":"2026-04-05T23:36:17.078Z","level":"INFO","device":"868120100003","event":"SERVER_ACK","detail":"0x0800 result=OK"}
{"ts":"2026-04-05T23:36:17.078Z","level":"INFO","device":"868120100003","event":"RX_MSG","detail":"0x8001 bodyLen=5"}
{"ts":"2026-04-05T23:36:17.078Z","level":"INFO","device":"868120100003","event":"SERVER_ACK","detail":"0x0200 result=OK"}
{"ts":"2026-04-05T23:36:17.094Z","level":"INFO","device":"200000000008","event":"HEARTBEAT_SENT","detail":"0x0002"}
{"ts":"2026-04-05T23:36:17.098Z","level":"INFO","device":"200000000008","event":"OBD2_SENT_0x0200","detail":"Lat: 51.726669, Lng: 0.495666 | Speed: 31km/h | RPM: 2049"}
{"ts":"2026-04-05T23:36:17.144Z","level":"INFO","device":"200000000007","event":"SERVER_ACK","detail":"0x8001 Universal Reply Received"}
{"ts":"2026-04-05T23:36:17.154Z","level":"INFO","device":"868120100007","event":"INCIDENT_SENT","detail":"mediaId=6 alarmId=86812010000700260405233617060200"}
{"ts":"2026-04-05T23:36:17.159Z","level":"INFO","device":"868120100007","event":"GPS_SENT","detail":""}
{"ts":"2026-04-05T23:36:17.181Z","level":"INFO","device":"200000000005","event":"SERVER_ACK","detail":"0x8001 Universal Reply Received"}
{"ts":"2026-04-05T23:36:17.192Z","level":"INFO","device":"868120100004","event":"RX_MSG","detail":"0x8001 bodyLen=5"}
{"ts":"2026-04-05T23:36:17.192Z","level":"INFO","device":"868120100004","event":"SERVER_ACK","detail":"0x0800 result=OK"}
{"ts":"2026-04-05T23:36:17.192Z","level":"INFO","device":"868120100004","event":"RX_MSG","detail":"0x8001 bodyLen=5"}
{"ts":"2026-04-05T23:36:17.192Z","level":"INFO","device":"868120100004","event":"SERVER_ACK","detail":"0x0200 result=OK"}
{"ts":"2026-04-05T23:36:17.199Z","level":"INFO","device":"868120100006","event":"RX_MSG","detail":"0x8001 bodyLen=5"}
{"ts":"2026-04-05T23:36:17.200Z","level":"INFO","device":"868120100006","event":"SERVER_ACK","detail":"0x0200 result=OK"}
{"ts":"2026-04-05T23:36:17.247Z","level":"INFO","device":"200000000009","event":"HEARTBEAT_SENT","detail":"0x0002"}
{"ts":"2026-04-05T23:36:17.252Z","level":"INFO","device":"200000000009","event":"OBD2_SENT_0x0200","detail":"Lat: 51.728943, Lng: 0.494295 | Speed: 26km/h | RPM: 1828"}
{"ts":"2026-04-05T23:36:17.297Z","level":"INFO","device":"200000000008","event":"SERVER_ACK","detail":"0x8001 Universal Reply Received"}
{"ts":"2026-04-05T23:36:17.310Z","level":"INFO","device":"868120100008","event":"INCIDENT_SENT","detail":"mediaId=6 alarmId=86812010000800260405233617060200"}
{"ts":"2026-04-05T23:36:17.317Z","level":"INFO","device":"868120100008","event":"GPS_SENT","detail":""}
{"ts":"2026-04-05T23:36:17.334Z","level":"INFO","device":"200000000006","event":"SERVER_ACK","detail":"0x8001 Universal Reply Received"}
{"ts":"2026-04-05T23:36:17.366Z","level":"INFO","device":"868120100007","event":"RX_MSG","detail":"0x8001 bodyLen=5"}
{"ts":"2026-04-05T23:36:17.366Z","level":"INFO","device":"868120100007","event":"SERVER_ACK","detail":"0x0200 result=OK"}
{"ts":"2026-04-05T23:36:17.394Z","level":"INFO","device":"200000000010","event":"DTC_SENT_0x0900","detail":"Injected Fault Code: P0420"}
{"ts":"2026-04-05T23:36:17.395Z","level":"INFO","device":"200000000010","event":"HEARTBEAT_SENT","detail":"0x0002"}
{"ts":"2026-04-05T23:36:17.396Z","level":"INFO","device":"200000000010","event":"OBD2_SENT_0x0200","detail":"Lat: 51.725182, Lng: 0.496084 | Speed: 31km/h | RPM: 2021"}
{"ts":"2026-04-05T23:36:17.400Z","level":"INFO","device":"868120100005","event":"RX_MSG","detail":"0x8001 bodyLen=5"}
{"ts":"2026-04-05T23:36:17.401Z","level":"INFO","device":"868120100005","event":"SERVER_ACK","detail":"0x0800 result=OK"}
{"ts":"2026-04-05T23:36:17.402Z","level":"INFO","device":"868120100005","event":"RX_MSG","detail":"0x8001 bodyLen=5"}
{"ts":"2026-04-05T23:36:17.402Z","level":"INFO","device":"868120100005","event":"SERVER_ACK","detail":"0x0200 result=OK"}
{"ts":"2026-04-05T23:36:17.440Z","level":"INFO","device":"200000000009","event":"SERVER_ACK","detail":"0x8001 Universal Reply Received"}
{"ts":"2026-04-05T23:36:17.449Z","level":"INFO","device":"868120100009","event":"INCIDENT_SENT","detail":"mediaId=6 alarmId=86812010000900260405233617060200"}
{"ts":"2026-04-05T23:36:17.449Z","level":"INFO","device":"868120100009","event":"GPS_SENT","detail":""}
{"ts":"2026-04-05T23:36:17.449Z","level":"INFO","device":"200000000007","event":"SERVER_ACK","detail":"0x8001 Universal Reply Received"}
{"ts":"2026-04-05T23:36:17.512Z","level":"INFO","device":"868120100006","event":"RX_MSG","detail":"0x8001 bodyLen=5"}
{"ts":"2026-04-05T23:36:17.512Z","level":"INFO","device":"868120100006","event":"SERVER_ACK","detail":"0x0800 result=OK"}
{"ts":"2026-04-05T23:36:17.512Z","level":"INFO","device":"868120100006","event":"RX_MSG","detail":"0x8001 bodyLen=5"}
{"ts":"2026-04-05T23:36:17.512Z","level":"INFO","device":"868120100006","event":"SERVER_ACK","detail":"0x0200 result=OK"}
{"ts":"2026-04-05T23:36:17.520Z","level":"INFO","device":"868120100008","event":"RX_MSG","detail":"0x8001 bodyLen=5"}
{"ts":"2026-04-05T23:36:17.522Z","level":"INFO","device":"868120100008","event":"SERVER_ACK","detail":"0x0200 result=OK"}
{"ts":"2026-04-05T23:36:17.580Z","level":"INFO","device":"100000000010","event":"INCIDENT_SENT","detail":"mediaId=6 alarmId=10000000001000260405233617060200"}
{"ts":"2026-04-05T23:36:17.582Z","level":"INFO","device":"100000000010","event":"GPS_SENT","detail":""}
{"ts":"2026-04-05T23:36:17.606Z","level":"INFO","device":"200000000008","event":"SERVER_ACK","detail":"0x8001 Universal Reply Received"}
{"ts":"2026-04-05T23:36:17.608Z","level":"INFO","device":"200000000010","event":"SERVER_ACK","detail":"0x8001 Universal Reply Received"}
{"ts":"2026-04-05T23:36:17.648Z","level":"INFO","device":"868120100009","event":"RX_MSG","detail":"0x8001 bodyLen=5"}
{"ts":"2026-04-05T23:36:17.648Z","level":"INFO","device":"868120100009","event":"SERVER_ACK","detail":"0x0200 result=OK"}
{"ts":"2026-04-05T23:36:17.708Z","level":"INFO","device":"868120100007","event":"RX_MSG","detail":"0x8001 bodyLen=5"}
{"ts":"2026-04-05T23:36:17.709Z","level":"INFO","device":"868120100007","event":"SERVER_ACK","detail":"0x0800 result=OK"}
{"ts":"2026-04-05T23:36:17.709Z","level":"INFO","device":"868120100007","event":"RX_MSG","detail":"0x8001 bodyLen=5"}
{"ts":"2026-04-05T23:36:17.709Z","level":"INFO","device":"868120100007","event":"SERVER_ACK","detail":"0x0200 result=OK"}
{"ts":"2026-04-05T23:36:17.751Z","level":"INFO","device":"200000000009","event":"SERVER_ACK","detail":"0x8001 Universal Reply Received"}
{"ts":"2026-04-05T23:36:17.764Z","level":"INFO","device":"100000000010","event":"RX_MSG","detail":"0x8001 bodyLen=5"}
{"ts":"2026-04-05T23:36:17.765Z","level":"INFO","device":"100000000010","event":"SERVER_ACK","detail":"0x0200 result=OK"}
{"ts":"2026-04-05T23:36:17.862Z","level":"INFO","device":"868120100008","event":"RX_MSG","detail":"0x8001 bodyLen=5"}
{"ts":"2026-04-05T23:36:17.862Z","level":"INFO","device":"868120100008","event":"SERVER_ACK","detail":"0x0800 result=OK"}
{"ts":"2026-04-05T23:36:17.864Z","level":"INFO","device":"868120100008","event":"RX_MSG","detail":"0x8001 bodyLen=5"}
{"ts":"2026-04-05T23:36:17.866Z","level":"INFO","device":"868120100008","event":"SERVER_ACK","detail":"0x0200 result=OK"}
{"ts":"2026-04-05T23:36:17.925Z","level":"INFO","device":"200000000010","event":"SERVER_ACK","detail":"0x8001 Universal Reply Received"}
{"ts":"2026-04-05T23:36:17.976Z","level":"INFO","device":"868120100009","event":"RX_MSG","detail":"0x8001 bodyLen=5"}
{"ts":"2026-04-05T23:36:17.977Z","level":"INFO","device":"868120100009","event":"SERVER_ACK","detail":"0x0800 result=OK"}
{"ts":"2026-04-05T23:36:17.977Z","level":"INFO","device":"868120100009","event":"RX_MSG","detail":"0x8001 bodyLen=5"}
{"ts":"2026-04-05T23:36:17.977Z","level":"INFO","device":"868120100009","event":"SERVER_ACK","detail":"0x0200 result=OK"}
{"ts":"2026-04-05T23:36:18.055Z","level":"INFO","device":"100000000010","event":"RX_MSG","detail":"0x8001 bodyLen=5"}
{"ts":"2026-04-05T23:36:18.055Z","level":"INFO","device":"100000000010","event":"SERVER_ACK","detail":"0x0800 result=OK"}
{"ts":"2026-04-05T23:36:18.055Z","level":"INFO","device":"100000000010","event":"RX_MSG","detail":"0x8001 bodyLen=5"}
{"ts":"2026-04-05T23:36:18.056Z","level":"INFO","device":"100000000010","event":"SERVER_ACK","detail":"0x0200 result=OK"}
{"ts":"2026-04-05T23:36:30.687Z","level":"ERROR","device":"291078985963","event":"SOCKET_ERROR","detail":"ECONNREFUSED"}
{"ts":"2026-04-05T23:36:31.105Z","level":"INFO","device":"291078985963","event":"OBD2_SENT_0x0200","detail":"Lat: 51.720719, Lng: 0.497929 | Speed: 40km/h | RPM: 2418"}
{"ts":"2026-04-05T23:36:31.199Z","level":"INFO","device":"200000000002","event":"OBD2_SENT_0x0200","detail":"Lat: 51.726942, Lng: 0.495529 | Speed: 37km/h | RPM: 2266"}
{"ts":"2026-04-05T23:36:31.307Z","level":"INFO","device":"291078985963","event":"SERVER_ACK","detail":"0x8001 Universal Reply Received"}
{"ts":"2026-04-05T23:36:31.349Z","level":"INFO","device":"200000000003","event":"OBD2_SENT_0x0200","detail":"Lat: 51.718829, Lng: 0.499657 | Speed: 51km/h | RPM: 2833"}
{"ts":"2026-04-05T23:36:31.400Z","level":"INFO","device":"200000000002","event":"SERVER_ACK","detail":"0x8001 Universal Reply Received"}
{"ts":"2026-04-05T23:36:31.498Z","level":"INFO","device":"200000000004","event":"OBD2_SENT_0x0200","detail":"Lat: 51.727510, Lng: 0.495245 | Speed: 33km/h | RPM: 2105"}
{"ts":"2026-04-05T23:36:31.533Z","level":"INFO","device":"200000000003","event":"SERVER_ACK","detail":"0x8001 Universal Reply Received"}
{"ts":"2026-04-05T23:36:31.649Z","level":"INFO","device":"200000000005","event":"OBD2_SENT_0x0200","detail":"Lat: 51.725150, Lng: 0.496090 | Speed: 34km/h | RPM: 2145"}
{"ts":"2026-04-05T23:36:31.686Z","level":"INFO","device":"200000000004","event":"SERVER_ACK","detail":"0x8001 Universal Reply Received"}
{"ts":"2026-04-05T23:36:31.798Z","level":"INFO","device":"200000000006","event":"OBD2_SENT_0x0200","detail":"Lat: 51.723920, Lng: 0.496404 | Speed: 44km/h | RPM: 2548"}
{"ts":"2026-04-05T23:36:31.864Z","level":"INFO","device":"200000000005","event":"SERVER_ACK","detail":"0x8001 Universal Reply Received"}
{"ts":"2026-04-05T23:36:31.943Z","level":"INFO","device":"200000000007","event":"OBD2_SENT_0x0200","detail":"Lat: 51.722940, Lng: 0.496764 | Speed: 41km/h | RPM: 2456"}
{"ts":"2026-04-05T23:36:32.010Z","level":"INFO","device":"200000000006","event":"SERVER_ACK","detail":"0x8001 Universal Reply Received"}
{"ts":"2026-04-05T23:36:32.098Z","level":"INFO","device":"200000000008","event":"OBD2_SENT_0x0200","detail":"Lat: 51.725390, Lng: 0.496042 | Speed: 36km/h | RPM: 2229"}
{"ts":"2026-04-05T23:36:32.146Z","level":"INFO","device":"200000000007","event":"SERVER_ACK","detail":"0x8001 Universal Reply Received"}
{"ts":"2026-04-05T23:36:32.252Z","level":"INFO","device":"200000000009","event":"OBD2_SENT_0x0200","detail":"Lat: 51.727876, Lng: 0.495034 | Speed: 30km/h | RPM: 2012"}
{"ts":"2026-04-05T23:36:32.308Z","level":"INFO","device":"200000000008","event":"SERVER_ACK","detail":"0x8001 Universal Reply Received"}
{"ts":"2026-04-05T23:36:32.397Z","level":"INFO","device":"200000000010","event":"OBD2_SENT_0x0200","detail":"Lat: 51.724017, Lng: 0.496375 | Speed: 31km/h | RPM: 2054"}
{"ts":"2026-04-05T23:36:32.447Z","level":"INFO","device":"200000000009","event":"SERVER_ACK","detail":"0x8001 Universal Reply Received"}
{"ts":"2026-04-05T23:36:32.609Z","level":"INFO","device":"200000000010","event":"SERVER_ACK","detail":"0x8001 Universal Reply Received"}
{"ts":"2026-04-05T23:36:36.288Z","level":"INFO","device":"291078985963","event":"GPS_SENT","detail":""}
{"ts":"2026-04-05T23:36:36.400Z","level":"INFO","device":"868120100002","event":"GPS_SENT","detail":""}
{"ts":"2026-04-05T23:36:36.498Z","level":"INFO","device":"291078985963","event":"RX_MSG","detail":"0x8001 bodyLen=5"}
{"ts":"2026-04-05T23:36:36.498Z","level":"INFO","device":"291078985963","event":"SERVER_ACK","detail":"0x0200 result=OK"}
{"ts":"2026-04-05T23:36:36.550Z","level":"INFO","device":"868120100003","event":"GPS_SENT","detail":""}
{"ts":"2026-04-05T23:36:36.601Z","level":"INFO","device":"868120100002","event":"RX_MSG","detail":"0x8001 bodyLen=5"}
{"ts":"2026-04-05T23:36:36.601Z","level":"INFO","device":"868120100002","event":"SERVER_ACK","detail":"0x0200 result=OK"}
{"ts":"2026-04-05T23:36:36.693Z","level":"INFO","device":"868120100004","event":"GPS_SENT","detail":""}
{"ts":"2026-04-05T23:36:36.761Z","level":"INFO","device":"868120100003","event":"RX_MSG","detail":"0x8001 bodyLen=5"}
{"ts":"2026-04-05T23:36:36.762Z","level":"INFO","device":"868120100003","event":"SERVER_ACK","detail":"0x0200 result=OK"}
{"ts":"2026-04-05T23:36:36.855Z","level":"INFO","device":"868120100005","event":"GPS_SENT","detail":""}
{"ts":"2026-04-05T23:36:36.886Z","level":"INFO","device":"868120100004","event":"RX_MSG","detail":"0x8001 bodyLen=5"}
{"ts":"2026-04-05T23:36:36.886Z","level":"INFO","device":"868120100004","event":"SERVER_ACK","detail":"0x0200 result=OK"}
{"ts":"2026-04-05T23:36:36.999Z","level":"INFO","device":"868120100006","event":"GPS_SENT","detail":""}
{"ts":"2026-04-05T23:36:37.064Z","level":"INFO","device":"868120100005","event":"RX_MSG","detail":"0x8001 bodyLen=5"}
{"ts":"2026-04-05T23:36:37.064Z","level":"INFO","device":"868120100005","event":"SERVER_ACK","detail":"0x0200 result=OK"}
{"ts":"2026-04-05T23:36:37.160Z","level":"INFO","device":"868120100007","event":"GPS_SENT","detail":""}
{"ts":"2026-04-05T23:36:37.200Z","level":"INFO","device":"868120100006","event":"RX_MSG","detail":"0x8001 bodyLen=5"}
{"ts":"2026-04-05T23:36:37.200Z","level":"INFO","device":"868120100006","event":"SERVER_ACK","detail":"0x0200 result=OK"}
{"ts":"2026-04-05T23:36:37.318Z","level":"INFO","device":"868120100008","event":"GPS_SENT","detail":""}
{"ts":"2026-04-05T23:36:37.372Z","level":"INFO","device":"868120100007","event":"RX_MSG","detail":"0x8001 bodyLen=5"}
{"ts":"2026-04-05T23:36:37.372Z","level":"INFO","device":"868120100007","event":"SERVER_ACK","detail":"0x0200 result=OK"}
{"ts":"2026-04-05T23:36:37.449Z","level":"INFO","device":"868120100009","event":"GPS_SENT","detail":""}
{"ts":"2026-04-05T23:36:37.528Z","level":"INFO","device":"868120100008","event":"RX_MSG","detail":"0x8001 bodyLen=5"}
{"ts":"2026-04-05T23:36:37.528Z","level":"INFO","device":"868120100008","event":"SERVER_ACK","detail":"0x0200 result=OK"}
{"ts":"2026-04-05T23:36:37.581Z","level":"INFO","device":"100000000010","event":"GPS_SENT","detail":""}
{"ts":"2026-04-05T23:36:37.648Z","level":"INFO","device":"868120100009","event":"RX_MSG","detail":"0x8001 bodyLen=5"}
{"ts":"2026-04-05T23:36:37.649Z","level":"INFO","device":"868120100009","event":"SERVER_ACK","detail":"0x0200 result=OK"}
{"ts":"2026-04-05T23:36:37.774Z","level":"INFO","device":"100000000010","event":"RX_MSG","detail":"0x8001 bodyLen=5"}
{"ts":"2026-04-05T23:36:37.774Z","level":"INFO","device":"100000000010","event":"SERVER_ACK","detail":"0x0200 result=OK"}
{"ts":"2026-04-05T23:36:46.094Z","level":"INFO","device":"291078985963","event":"HEARTBEAT_SENT","detail":"0x0002"}
{"ts":"2026-04-05T23:36:46.106Z","level":"INFO","device":"291078985963","event":"OBD2_SENT_0x0200","detail":"Lat: 51.719247, Lng: 0.499192 | Speed: 43km/h | RPM: 2521"}
{"ts":"2026-04-05T23:36:46.195Z","level":"INFO","device":"200000000002","event":"HEARTBEAT_SENT","detail":"0x0002"}
{"ts":"2026-04-05T23:36:46.199Z","level":"INFO","device":"200000000002","event":"OBD2_SENT_0x0200","detail":"Lat: 51.725593, Lng: 0.496001 | Speed: 38km/h | RPM: 2307"}
{"ts":"2026-04-05T23:36:46.296Z","level":"INFO","device":"291078985963","event":"SERVER_ACK","detail":"0x8001 Universal Reply Received"}
{"ts":"2026-04-05T23:36:46.345Z","level":"INFO","device":"200000000003","event":"HEARTBEAT_SENT","detail":"0x0002"}
{"ts":"2026-04-05T23:36:46.349Z","level":"INFO","device":"200000000003","event":"OBD2_SENT_0x0200","detail":"Lat: 51.717427, Lng: 0.501947 | Speed: 53km/h | RPM: 2922"}
{"ts":"2026-04-05T23:36:46.398Z","level":"INFO","device":"200000000002","event":"SERVER_ACK","detail":"0x8001 Universal Reply Received"}
{"ts":"2026-04-05T23:36:46.491Z","level":"INFO","device":"200000000004","event":"HEARTBEAT_SENT","detail":"0x0002"}
{"ts":"2026-04-05T23:36:46.498Z","level":"INFO","device":"200000000004","event":"OBD2_SENT_0x0200","detail":"Lat: 51.726228, Lng: 0.495812 | Speed: 36km/h | RPM: 2232"}
{"ts":"2026-04-05T23:36:46.528Z","level":"INFO","device":"200000000003","event":"SERVER_ACK","detail":"0x8001 Universal Reply Received"}
{"ts":"2026-04-05T23:36:46.597Z","level":"INFO","device":"291078985963","event":"SERVER_ACK","detail":"0x8001 Universal Reply Received"}
{"ts":"2026-04-05T23:36:46.644Z","level":"INFO","device":"200000000005","event":"HEARTBEAT_SENT","detail":"0x0002"}
{"ts":"2026-04-05T23:36:46.649Z","level":"INFO","device":"200000000005","event":"OBD2_SENT_0x0200","detail":"Lat: 51.724040, Lng: 0.496368 | Speed: 30km/h | RPM: 1993"}
{"ts":"2026-04-05T23:36:46.678Z","level":"INFO","device":"200000000004","event":"SERVER_ACK","detail":"0x8001 Universal Reply Received"}
{"ts":"2026-04-05T23:36:46.722Z","level":"INFO","device":"200000000002","event":"SERVER_ACK","detail":"0x8001 Universal Reply Received"}
{"ts":"2026-04-05T23:36:46.795Z","level":"INFO","device":"200000000006","event":"HEARTBEAT_SENT","detail":"0x0002"}
{"ts":"2026-04-05T23:36:46.798Z","level":"INFO","device":"200000000006","event":"OBD2_SENT_0x0200","detail":"Lat: 51.722206, Lng: 0.497097 | Speed: 47km/h | RPM: 2661"}
{"ts":"2026-04-05T23:36:46.829Z","level":"INFO","device":"200000000003","event":"SERVER_ACK","detail":"0x8001 Universal Reply Received"}
{"ts":"2026-04-05T23:36:46.857Z","level":"INFO","device":"200000000005","event":"SERVER_ACK","detail":"0x8001 Universal Reply Received"}
{"ts":"2026-04-05T23:36:46.943Z","level":"INFO","device":"200000000007","event":"HEARTBEAT_SENT","detail":"0x0002"}
{"ts":"2026-04-05T23:36:46.943Z","level":"INFO","device":"200000000007","event":"OBD2_SENT_0x0200","detail":"Lat: 51.721545, Lng: 0.497433 | Speed: 38km/h | RPM: 2334"}
{"ts":"2026-04-05T23:36:47.006Z","level":"INFO","device":"200000000006","event":"SERVER_ACK","detail":"0x8001 Universal Reply Received"}
{"ts":"2026-04-05T23:36:47.012Z","level":"INFO","device":"200000000004","event":"SERVER_ACK","detail":"0x8001 Universal Reply Received"}
{"ts":"2026-04-05T23:36:47.094Z","level":"INFO","device":"200000000008","event":"HEARTBEAT_SENT","detail":"0x0002"}
{"ts":"2026-04-05T23:36:47.099Z","level":"INFO","device":"200000000008","event":"OBD2_SENT_0x0200","detail":"Lat: 51.724194, Lng: 0.496322 | Speed: 32km/h | RPM: 2087"}
{"ts":"2026-04-05T23:36:47.146Z","level":"INFO","device":"200000000007","event":"SERVER_ACK","detail":"0x8001 Universal Reply Received"}
{"ts":"2026-04-05T23:36:47.193Z","level":"INFO","device":"200000000005","event":"SERVER_ACK","detail":"0x8001 Universal Reply Received"}
{"ts":"2026-04-05T23:36:47.247Z","level":"INFO","device":"200000000009","event":"HEARTBEAT_SENT","detail":"0x0002"}
{"ts":"2026-04-05T23:36:47.251Z","level":"INFO","device":"200000000009","event":"OBD2_SENT_0x0200","detail":"Lat: 51.726770, Lng: 0.495615 | Speed: 31km/h | RPM: 2059"}
{"ts":"2026-04-05T23:36:47.296Z","level":"INFO","device":"200000000008","event":"SERVER_ACK","detail":"0x8001 Universal Reply Received"}
{"ts":"2026-04-05T23:36:47.347Z","level":"INFO","device":"200000000006","event":"SERVER_ACK","detail":"0x8001 Universal Reply Received"}
{"ts":"2026-04-05T23:36:47.395Z","level":"INFO","device":"200000000010","event":"HEARTBEAT_SENT","detail":"0x0002"}
{"ts":"2026-04-05T23:36:47.398Z","level":"INFO","device":"200000000010","event":"OBD2_SENT_0x0200","detail":"Lat: 51.722967, Lng: 0.496753 | Speed: 29km/h | RPM: 1940"}
{"ts":"2026-04-05T23:36:47.440Z","level":"INFO","device":"200000000009","event":"SERVER_ACK","detail":"0x8001 Universal Reply Received"}
{"ts":"2026-04-05T23:36:47.493Z","level":"INFO","device":"200000000007","event":"SERVER_ACK","detail":"0x8001 Universal Reply Received"}
{"ts":"2026-04-05T23:36:47.605Z","level":"INFO","device":"200000000010","event":"SERVER_ACK","detail":"0x8001 Universal Reply Received"}
{"ts":"2026-04-05T23:36:47.618Z","level":"INFO","device":"200000000008","event":"SERVER_ACK","detail":"0x8001 Universal Reply Received"}
{"ts":"2026-04-05T23:36:47.765Z","level":"INFO","device":"200000000009","event":"SERVER_ACK","detail":"0x8001 Universal Reply Received"}
{"ts":"2026-04-05T23:36:47.939Z","level":"INFO","device":"200000000010","event":"SERVER_ACK","detail":"0x8001 Universal Reply Received"}
{"ts":"2026-04-05T23:36:56.282Z","level":"INFO","device":"291078985963","event":"INCIDENT_SENT","detail":"mediaId=7 alarmId=29107898596300260405233656070200"}
{"ts":"2026-04-05T23:36:56.288Z","level":"INFO","device":"291078985963","event":"GPS_SENT","detail":""}
{"ts":"2026-04-05T23:36:56.397Z","level":"INFO","device":"868120100002","event":"INCIDENT_SENT","detail":"mediaId=7 alarmId=86812010000200260405233656070200"}
{"ts":"2026-04-05T23:36:56.400Z","level":"INFO","device":"868120100002","event":"GPS_SENT","detail":""}
{"ts":"2026-04-05T23:36:56.494Z","level":"INFO","device":"291078985963","event":"RX_MSG","detail":"0x8001 bodyLen=5"}
{"ts":"2026-04-05T23:36:56.494Z","level":"INFO","device":"291078985963","event":"SERVER_ACK","detail":"0x0200 result=OK"}
{"ts":"2026-04-05T23:36:56.546Z","level":"INFO","device":"868120100003","event":"INCIDENT_SENT","detail":"mediaId=7 alarmId=86812010000300260405233656070200"}
{"ts":"2026-04-05T23:36:56.551Z","level":"INFO","device":"868120100003","event":"GPS_SENT","detail":""}
{"ts":"2026-04-05T23:36:56.598Z","level":"INFO","device":"868120100002","event":"RX_MSG","detail":"0x8001 bodyLen=5"}
{"ts":"2026-04-05T23:36:56.598Z","level":"INFO","device":"868120100002","event":"SERVER_ACK","detail":"0x0200 result=OK"}
{"ts":"2026-04-05T23:36:56.691Z","level":"INFO","device":"868120100004","event":"INCIDENT_SENT","detail":"mediaId=7 alarmId=86812010000400260405233656070200"}
{"ts":"2026-04-05T23:36:56.694Z","level":"INFO","device":"868120100004","event":"GPS_SENT","detail":""}
{"ts":"2026-04-05T23:36:56.748Z","level":"INFO","device":"868120100003","event":"RX_MSG","detail":"0x8001 bodyLen=5"}
{"ts":"2026-04-05T23:36:56.748Z","level":"INFO","device":"868120100003","event":"SERVER_ACK","detail":"0x0200 result=OK"}
{"ts":"2026-04-05T23:36:56.823Z","level":"INFO","device":"291078985963","event":"RX_MSG","detail":"0x8001 bodyLen=5"}
{"ts":"2026-04-05T23:36:56.823Z","level":"INFO","device":"291078985963","event":"SERVER_ACK","detail":"0x0800 result=OK"}
{"ts":"2026-04-05T23:36:56.823Z","level":"INFO","device":"291078985963","event":"RX_MSG","detail":"0x8001 bodyLen=5"}
{"ts":"2026-04-05T23:36:56.823Z","level":"INFO","device":"291078985963","event":"SERVER_ACK","detail":"0x0200 result=OK"}
{"ts":"2026-04-05T23:36:56.854Z","level":"INFO","device":"868120100005","event":"INCIDENT_SENT","detail":"mediaId=7 alarmId=86812010000500260405233656070200"}
{"ts":"2026-04-05T23:36:56.855Z","level":"INFO","device":"868120100005","event":"GPS_SENT","detail":""}
{"ts":"2026-04-05T23:36:56.884Z","level":"INFO","device":"868120100004","event":"RX_MSG","detail":"0x8001 bodyLen=5"}
{"ts":"2026-04-05T23:36:56.884Z","level":"INFO","device":"868120100004","event":"SERVER_ACK","detail":"0x0200 result=OK"}
{"ts":"2026-04-05T23:36:56.920Z","level":"INFO","device":"868120100002","event":"RX_MSG","detail":"0x8001 bodyLen=5"}
{"ts":"2026-04-05T23:36:56.920Z","level":"INFO","device":"868120100002","event":"SERVER_ACK","detail":"0x0800 result=OK"}
{"ts":"2026-04-05T23:36:56.920Z","level":"INFO","device":"868120100002","event":"RX_MSG","detail":"0x8001 bodyLen=5"}
{"ts":"2026-04-05T23:36:56.920Z","level":"INFO","device":"868120100002","event":"SERVER_ACK","detail":"0x0200 result=OK"}
{"ts":"2026-04-05T23:36:56.997Z","level":"INFO","device":"868120100006","event":"INCIDENT_SENT","detail":"mediaId=7 alarmId=86812010000600260405233656070200"}
{"ts":"2026-04-05T23:36:56.999Z","level":"INFO","device":"868120100006","event":"GPS_SENT","detail":""}
{"ts":"2026-04-05T23:36:57.066Z","level":"INFO","device":"868120100005","event":"RX_MSG","detail":"0x8001 bodyLen=5"}
{"ts":"2026-04-05T23:36:57.067Z","level":"INFO","device":"868120100005","event":"SERVER_ACK","detail":"0x0200 result=OK"}
{"ts":"2026-04-05T23:36:57.081Z","level":"INFO","device":"868120100003","event":"RX_MSG","detail":"0x8001 bodyLen=5"}
{"ts":"2026-04-05T23:36:57.081Z","level":"INFO","device":"868120100003","event":"SERVER_ACK","detail":"0x0800 result=OK"}
{"ts":"2026-04-05T23:36:57.081Z","level":"INFO","device":"868120100003","event":"RX_MSG","detail":"0x8001 bodyLen=5"}
{"ts":"2026-04-05T23:36:57.081Z","level":"INFO","device":"868120100003","event":"SERVER_ACK","detail":"0x0200 result=OK"}
{"ts":"2026-04-05T23:36:57.154Z","level":"INFO","device":"868120100007","event":"INCIDENT_SENT","detail":"mediaId=7 alarmId=86812010000700260405233657070200"}
{"ts":"2026-04-05T23:36:57.160Z","level":"INFO","device":"868120100007","event":"GPS_SENT","detail":""}
{"ts":"2026-04-05T23:36:57.189Z","level":"INFO","device":"868120100004","event":"RX_MSG","detail":"0x8001 bodyLen=5"}
{"ts":"2026-04-05T23:36:57.189Z","level":"INFO","device":"868120100004","event":"SERVER_ACK","detail":"0x0800 result=OK"}
{"ts":"2026-04-05T23:36:57.189Z","level":"INFO","device":"868120100004","event":"RX_MSG","detail":"0x8001 bodyLen=5"}
{"ts":"2026-04-05T23:36:57.189Z","level":"INFO","device":"868120100004","event":"SERVER_ACK","detail":"0x0200 result=OK"}
{"ts":"2026-04-05T23:36:57.198Z","level":"INFO","device":"868120100006","event":"RX_MSG","detail":"0x8001 bodyLen=5"}
{"ts":"2026-04-05T23:36:57.198Z","level":"INFO","device":"868120100006","event":"SERVER_ACK","detail":"0x0200 result=OK"}
{"ts":"2026-04-05T23:36:57.310Z","level":"INFO","device":"868120100008","event":"INCIDENT_SENT","detail":"mediaId=7 alarmId=86812010000800260405233657070200"}
{"ts":"2026-04-05T23:36:57.317Z","level":"INFO","device":"868120100008","event":"GPS_SENT","detail":""}
{"ts":"2026-04-05T23:36:57.366Z","level":"INFO","device":"868120100007","event":"RX_MSG","detail":"0x8001 bodyLen=5"}
{"ts":"2026-04-05T23:36:57.366Z","level":"INFO","device":"868120100007","event":"SERVER_ACK","detail":"0x0200 result=OK"}
{"ts":"2026-04-05T23:36:57.393Z","level":"INFO","device":"868120100005","event":"RX_MSG","detail":"0x8001 bodyLen=5"}
{"ts":"2026-04-05T23:36:57.393Z","level":"INFO","device":"868120100005","event":"SERVER_ACK","detail":"0x0800 result=OK"}
{"ts":"2026-04-05T23:36:57.394Z","level":"INFO","device":"868120100005","event":"RX_MSG","detail":"0x8001 bodyLen=5"}
{"ts":"2026-04-05T23:36:57.394Z","level":"INFO","device":"868120100005","event":"SERVER_ACK","detail":"0x0200 result=OK"}
{"ts":"2026-04-05T23:36:57.449Z","level":"INFO","device":"868120100009","event":"INCIDENT_SENT","detail":"mediaId=7 alarmId=86812010000900260405233657070200"}
{"ts":"2026-04-05T23:36:57.451Z","level":"INFO","device":"868120100009","event":"GPS_SENT","detail":""}
{"ts":"2026-04-05T23:36:57.509Z","level":"INFO","device":"868120100006","event":"RX_MSG","detail":"0x8001 bodyLen=5"}
{"ts":"2026-04-05T23:36:57.509Z","level":"INFO","device":"868120100006","event":"SERVER_ACK","detail":"0x0800 result=OK"}
{"ts":"2026-04-05T23:36:57.509Z","level":"INFO","device":"868120100006","event":"RX_MSG","detail":"0x8001 bodyLen=5"}
{"ts":"2026-04-05T23:36:57.509Z","level":"INFO","device":"868120100006","event":"SERVER_ACK","detail":"0x0200 result=OK"}
{"ts":"2026-04-05T23:36:57.519Z","level":"INFO","device":"868120100008","event":"RX_MSG","detail":"0x8001 bodyLen=5"}
{"ts":"2026-04-05T23:36:57.520Z","level":"INFO","device":"868120100008","event":"SERVER_ACK","detail":"0x0200 result=OK"}
{"ts":"2026-04-05T23:36:57.580Z","level":"INFO","device":"100000000010","event":"INCIDENT_SENT","detail":"mediaId=7 alarmId=10000000001000260405233657070200"}
{"ts":"2026-04-05T23:36:57.582Z","level":"INFO","device":"100000000010","event":"GPS_SENT","detail":""}
{"ts":"2026-04-05T23:36:57.649Z","level":"INFO","device":"868120100009","event":"RX_MSG","detail":"0x8001 bodyLen=5"}
{"ts":"2026-04-05T23:36:57.649Z","level":"INFO","device":"868120100009","event":"SERVER_ACK","detail":"0x0200 result=OK"}
{"ts":"2026-04-05T23:36:57.706Z","level":"INFO","device":"868120100007","event":"RX_MSG","detail":"0x8001 bodyLen=5"}
{"ts":"2026-04-05T23:36:57.706Z","level":"INFO","device":"868120100007","event":"SERVER_ACK","detail":"0x0800 result=OK"}
{"ts":"2026-04-05T23:36:57.706Z","level":"INFO","device":"868120100007","event":"RX_MSG","detail":"0x8001 bodyLen=5"}
{"ts":"2026-04-05T23:36:57.706Z","level":"INFO","device":"868120100007","event":"SERVER_ACK","detail":"0x0200 result=OK"}
{"ts":"2026-04-05T23:36:57.767Z","level":"INFO","device":"100000000010","event":"RX_MSG","detail":"0x8001 bodyLen=5"}
{"ts":"2026-04-05T23:36:57.767Z","level":"INFO","device":"100000000010","event":"SERVER_ACK","detail":"0x0200 result=OK"}
{"ts":"2026-04-05T23:36:57.828Z","level":"INFO","device":"868120100008","event":"RX_MSG","detail":"0x8001 bodyLen=5"}
{"ts":"2026-04-05T23:36:57.828Z","level":"INFO","device":"868120100008","event":"SERVER_ACK","detail":"0x0800 result=OK"}
{"ts":"2026-04-05T23:36:57.828Z","level":"INFO","device":"868120100008","event":"RX_MSG","detail":"0x8001 bodyLen=5"}
{"ts":"2026-04-05T23:36:57.828Z","level":"INFO","device":"868120100008","event":"SERVER_ACK","detail":"0x0200 result=OK"}
{"ts":"2026-04-05T23:36:57.974Z","level":"INFO","device":"868120100009","event":"RX_MSG","detail":"0x8001 bodyLen=5"}
{"ts":"2026-04-05T23:36:57.974Z","level":"INFO","device":"868120100009","event":"SERVER_ACK","detail":"0x0800 result=OK"}
{"ts":"2026-04-05T23:36:57.974Z","level":"INFO","device":"868120100009","event":"RX_MSG","detail":"0x8001 bodyLen=5"}
{"ts":"2026-04-05T23:36:57.974Z","level":"INFO","device":"868120100009","event":"SERVER_ACK","detail":"0x0200 result=OK"}
{"ts":"2026-04-05T23:36:58.052Z","level":"INFO","device":"100000000010","event":"RX_MSG","detail":"0x8001 bodyLen=5"}
{"ts":"2026-04-05T23:36:58.052Z","level":"INFO","device":"100000000010","event":"SERVER_ACK","detail":"0x0800 result=OK"}
{"ts":"2026-04-05T23:36:58.052Z","level":"INFO","device":"100000000010","event":"RX_MSG","detail":"0x8001 bodyLen=5"}
{"ts":"2026-04-05T23:36:58.052Z","level":"INFO","device":"100000000010","event":"SERVER_ACK","detail":"0x0200 result=OK"}
{"ts":"2026-04-05T23:37:01.108Z","level":"INFO","device":"291078985963","event":"OBD2_SENT_0x0200","detail":"Lat: 51.718132, Lng: 0.500653 | Speed: 38km/h | RPM: 2337"}
{"ts":"2026-04-05T23:37:01.200Z","level":"INFO","device":"200000000002","event":"OBD2_SENT_0x0200","detail":"Lat: 51.724118, Lng: 0.496345 | Speed: 40km/h | RPM: 2387"}
{"ts":"2026-04-05T23:37:01.316Z","level":"INFO","device":"291078985963","event":"SERVER_ACK","detail":"0x8001 Universal Reply Received"}
{"ts":"2026-04-05T23:37:01.349Z","level":"INFO","device":"200000000003","event":"OBD2_SENT_0x0200","detail":"Lat: 51.716376, Lng: 0.504426 | Speed: 53km/h | RPM: 2907"}
{"ts":"2026-04-05T23:37:01.403Z","level":"INFO","device":"200000000002","event":"SERVER_ACK","detail":"0x8001 Universal Reply Received"}
{"ts":"2026-04-05T23:37:01.498Z","level":"INFO","device":"200000000004","event":"OBD2_SENT_0x0200","detail":"Lat: 51.725052, Lng: 0.496110 | Speed: 32km/h | RPM: 2076"}
{"ts":"2026-04-05T23:37:01.535Z","level":"INFO","device":"200000000003","event":"SERVER_ACK","detail":"0x8001 Universal Reply Received"}
{"ts":"2026-04-05T23:37:01.649Z","level":"INFO","device":"200000000005","event":"OBD2_SENT_0x0200","detail":"Lat: 51.722796, Lng: 0.496822 | Speed: 34km/h | RPM: 2151"}
{"ts":"2026-04-05T23:37:01.684Z","level":"INFO","device":"200000000004","event":"SERVER_ACK","detail":"0x8001 Universal Reply Received"}
{"ts":"2026-04-05T23:37:01.799Z","level":"INFO","device":"200000000006","event":"OBD2_SENT_0x0200","detail":"Lat: 51.720557, Lng: 0.498034 | Speed: 46km/h | RPM: 2642"}
{"ts":"2026-04-05T23:37:01.861Z","level":"INFO","device":"200000000005","event":"SERVER_ACK","detail":"0x8001 Universal Reply Received"}
{"ts":"2026-04-05T23:37:01.943Z","level":"INFO","device":"200000000007","event":"OBD2_SENT_0x0200","detail":"Lat: 51.720081, Lng: 0.498416 | Speed: 42km/h | RPM: 2468"}
{"ts":"2026-04-05T23:37:02.011Z","level":"INFO","device":"200000000006","event":"SERVER_ACK","detail":"0x8001 Universal Reply Received"}
{"ts":"2026-04-05T23:37:02.099Z","level":"INFO","device":"200000000008","event":"OBD2_SENT_0x0200","detail":"Lat: 51.722890, Lng: 0.496784 | Speed: 35km/h | RPM: 2215"}
{"ts":"2026-04-05T23:37:02.145Z","level":"INFO","device":"200000000007","event":"SERVER_ACK","detail":"0x8001 Universal Reply Received"}
{"ts":"2026-04-05T23:37:02.252Z","level":"INFO","device":"200000000009","event":"OBD2_SENT_0x0200","detail":"Lat: 51.725644, Lng: 0.495987 | Speed: 31km/h | RPM: 2059"}
{"ts":"2026-04-05T23:37:02.301Z","level":"INFO","device":"200000000008","event":"SERVER_ACK","detail":"0x8001 Universal Reply Received"}
{"ts":"2026-04-05T23:37:02.398Z","level":"INFO","device":"200000000010","event":"OBD2_SENT_0x0200","detail":"Lat: 51.722067, Lng: 0.497167 | Speed: 25km/h | RPM: 1790"}
{"ts":"2026-04-05T23:37:02.445Z","level":"INFO","device":"200000000009","event":"SERVER_ACK","detail":"0x8001 Universal Reply Received"}
{"ts":"2026-04-05T23:37:02.609Z","level":"INFO","device":"200000000010","event":"SERVER_ACK","detail":"0x8001 Universal Reply Received"}
{"ts":"2026-04-05T23:37:16.095Z","level":"INFO","device":"291078985963","event":"HEARTBEAT_SENT","detail":"0x0002"}
{"ts":"2026-04-05T23:37:16.109Z","level":"INFO","device":"291078985963","event":"OBD2_SENT_0x0200","detail":"Lat: 51.717105, Lng: 0.502622 | Speed: 42km/h | RPM: 2488"}
{"ts":"2026-04-05T23:37:16.196Z","level":"INFO","device":"200000000002","event":"HEARTBEAT_SENT","detail":"0x0002"}
{"ts":"2026-04-05T23:37:16.200Z","level":"INFO","device":"200000000002","event":"OBD2_SENT_0x0200","detail":"Lat: 51.722600, Lng: 0.496900 | Speed: 41km/h | RPM: 2448"}
{"ts":"2026-04-05T23:37:16.259Z","level":"ERROR","device":"291078985963","event":"SOCKET_ERROR","detail":"ECONNREFUSED"}
{"ts":"2026-04-05T23:37:16.288Z","level":"INFO","device":"291078985963","event":"GPS_SENT","detail":""}
{"ts":"2026-04-05T23:37:16.295Z","level":"INFO","device":"291078985963","event":"SERVER_ACK","detail":"0x8001 Universal Reply Received"}
{"ts":"2026-04-05T23:37:16.344Z","level":"INFO","device":"200000000003","event":"HEARTBEAT_SENT","detail":"0x0002"}
{"ts":"2026-04-05T23:37:16.349Z","level":"INFO","device":"200000000003","event":"OBD2_SENT_0x0200","detail":"Lat: 51.715606, Lng: 0.506929 | Speed: 48km/h | RPM: 2711"}
{"ts":"2026-04-05T23:37:16.398Z","level":"INFO","device":"200000000002","event":"SERVER_ACK","detail":"0x8001 Universal Reply Received"}
{"ts":"2026-04-05T23:37:16.400Z","level":"INFO","device":"868120100002","event":"GPS_SENT","detail":""}
{"ts":"2026-04-05T23:37:16.403Z","level":"ERROR","device":"300000000002","event":"SOCKET_ERROR","detail":"ECONNREFUSED"}
{"ts":"2026-04-05T23:37:16.492Z","level":"INFO","device":"200000000004","event":"HEARTBEAT_SENT","detail":"0x0002"}
{"ts":"2026-04-05T23:37:16.498Z","level":"INFO","device":"200000000004","event":"OBD2_SENT_0x0200","detail":"Lat: 51.724046, Lng: 0.496366 | Speed: 27km/h | RPM: 1883"}
{"ts":"2026-04-05T23:37:16.499Z","level":"INFO","device":"291078985963","event":"RX_MSG","detail":"0x8001 bodyLen=5"}
{"ts":"2026-04-05T23:37:16.499Z","level":"INFO","device":"291078985963","event":"SERVER_ACK","detail":"0x0200 result=OK"}
{"ts":"2026-04-05T23:37:16.528Z","level":"INFO","device":"200000000003","event":"SERVER_ACK","detail":"0x8001 Universal Reply Received"}
{"ts":"2026-04-05T23:37:16.551Z","level":"INFO","device":"868120100003","event":"GPS_SENT","detail":""}
{"ts":"2026-04-05T23:37:16.553Z","level":"ERROR","device":"300000000003","event":"SOCKET_ERROR","detail":"ECONNREFUSED"}
{"ts":"2026-04-05T23:37:16.596Z","level":"INFO","device":"291078985963","event":"SERVER_ACK","detail":"0x8001 Universal Reply Received"}
{"ts":"2026-04-05T23:37:16.601Z","level":"INFO","device":"868120100002","event":"RX_MSG","detail":"0x8001 bodyLen=5"}
{"ts":"2026-04-05T23:37:16.601Z","level":"INFO","device":"868120100002","event":"SERVER_ACK","detail":"0x0200 result=OK"}
{"ts":"2026-04-05T23:37:16.645Z","level":"INFO","device":"200000000005","event":"HEARTBEAT_SENT","detail":"0x0002"}
{"ts":"2026-04-05T23:37:16.649Z","level":"INFO","device":"200000000005","event":"OBD2_SENT_0x0200","detail":"Lat: 51.721598, Lng: 0.497401 | Speed: 33km/h | RPM: 2117"}
{"ts":"2026-04-05T23:37:16.678Z","level":"INFO","device":"200000000004","event":"SERVER_ACK","detail":"0x8001 Universal Reply Received"}
{"ts":"2026-04-05T23:37:16.692Z","level":"ERROR","device":"300000000004","event":"SOCKET_ERROR","detail":"ECONNREFUSED"}
{"ts":"2026-04-05T23:37:16.694Z","level":"INFO","device":"868120100004","event":"GPS_SENT","detail":""}
{"ts":"2026-04-05T23:37:16.721Z","level":"INFO","device":"200000000002","event":"SERVER_ACK","detail":"0x8001 Universal Reply Received"}
{"ts":"2026-04-05T23:37:16.753Z","level":"INFO","device":"868120100003","event":"RX_MSG","detail":"0x8001 bodyLen=5"}
{"ts":"2026-04-05T23:37:16.753Z","level":"INFO","device":"868120100003","event":"SERVER_ACK","detail":"0x0200 result=OK"}
{"ts":"2026-04-05T23:37:16.796Z","level":"INFO","device":"200000000006","event":"HEARTBEAT_SENT","detail":"0x0002"}
{"ts":"2026-04-05T23:37:16.799Z","level":"INFO","device":"200000000006","event":"OBD2_SENT_0x0200","detail":"Lat: 51.718946, Lng: 0.499526 | Speed: 50km/h | RPM: 2806"}
{"ts":"2026-04-05T23:37:16.828Z","level":"INFO","device":"200000000003","event":"SERVER_ACK","detail":"0x8001 Universal Reply Received"}
{"ts":"2026-04-05T23:37:16.852Z","level":"ERROR","device":"300000000005","event":"SOCKET_ERROR","detail":"ECONNREFUSED"}
{"ts":"2026-04-05T23:37:16.855Z","level":"INFO","device":"868120100005","event":"GPS_SENT","detail":""}
{"ts":"2026-04-05T23:37:16.857Z","level":"INFO","device":"200000000005","event":"SERVER_ACK","detail":"0x8001 Universal Reply Received"}
{"ts":"2026-04-05T23:37:16.886Z","level":"INFO","device":"868120100004","event":"RX_MSG","detail":"0x8001 bodyLen=5"}
{"ts":"2026-04-05T23:37:16.887Z","level":"INFO","device":"868120100004","event":"SERVER_ACK","detail":"0x0200 result=OK"}
{"ts":"2026-04-05T23:37:16.943Z","level":"INFO","device":"200000000007","event":"HEARTBEAT_SENT","detail":"0x0002"}
{"ts":"2026-04-05T23:37:16.944Z","level":"INFO","device":"200000000007","event":"OBD2_SENT_0x0200","detail":"Lat: 51.718826, Lng: 0.499660 | Speed: 40km/h | RPM: 2397"}
{"ts":"2026-04-05T23:37:16.992Z","level":"ERROR","device":"300000000006","event":"SOCKET_ERROR","detail":"ECONNREFUSED"}
{"ts":"2026-04-05T23:37:16.994Z","level":"INFO","device":"200000000004","event":"SERVER_ACK","detail":"0x8001 Universal Reply Received"}
{"ts":"2026-04-05T23:37:16.999Z","level":"INFO","device":"868120100006","event":"GPS_SENT","detail":""}
{"ts":"2026-04-05T23:37:17.005Z","level":"INFO","device":"200000000006","event":"SERVER_ACK","detail":"0x8001 Universal Reply Received"}
{"ts":"2026-04-05T23:37:17.064Z","level":"INFO","device":"868120100005","event":"RX_MSG","detail":"0x8001 bodyLen=5"}
{"ts":"2026-04-05T23:37:17.065Z","level":"INFO","device":"868120100005","event":"SERVER_ACK","detail":"0x0200 result=OK"}
{"ts":"2026-04-05T23:37:17.095Z","level":"INFO","device":"200000000008","event":"HEARTBEAT_SENT","detail":"0x0002"}
{"ts":"2026-04-05T23:37:17.099Z","level":"INFO","device":"200000000008","event":"OBD2_SENT_0x0200","detail":"Lat: 51.721558, Lng: 0.497425 | Speed: 37km/h | RPM: 2265"}
{"ts":"2026-04-05T23:37:17.134Z","level":"ERROR","device":"300000000007","event":"SOCKET_ERROR","detail":"ECONNREFUSED"}
{"ts":"2026-04-05T23:37:17.144Z","level":"INFO","device":"200000000007","event":"SERVER_ACK","detail":"0x8001 Universal Reply Received"}
{"ts":"2026-04-05T23:37:17.160Z","level":"INFO","device":"868120100007","event":"GPS_SENT","detail":""}
{"ts":"2026-04-05T23:37:17.175Z","level":"INFO","device":"200000000005","event":"SERVER_ACK","detail":"0x8001 Universal Reply Received"}
{"ts":"2026-04-05T23:37:17.200Z","level":"INFO","device":"868120100006","event":"RX_MSG","detail":"0x8001 bodyLen=5"}
{"ts":"2026-04-05T23:37:17.200Z","level":"INFO","device":"868120100006","event":"SERVER_ACK","detail":"0x0200 result=OK"}
{"ts":"2026-04-05T23:37:17.247Z","level":"INFO","device":"200000000009","event":"HEARTBEAT_SENT","detail":"0x0002"}
{"ts":"2026-04-05T23:37:17.252Z","level":"INFO","device":"200000000009","event":"OBD2_SENT_0x0200","detail":"Lat: 51.724569, Lng: 0.496209 | Speed: 29km/h | RPM: 1967"}
{"ts":"2026-04-05T23:37:17.291Z","level":"ERROR","device":"300000000008","event":"SOCKET_ERROR","detail":"ECONNREFUSED"}
{"ts":"2026-04-05T23:37:17.296Z","level":"INFO","device":"200000000008","event":"SERVER_ACK","detail":"0x8001 Universal Reply Received"}
{"ts":"2026-04-05T23:37:17.318Z","level":"INFO","device":"868120100008","event":"GPS_SENT","detail":""}
{"ts":"2026-04-05T23:37:17.329Z","level":"INFO","device":"200000000006","event":"SERVER_ACK","detail":"0x8001 Universal Reply Received"}
{"ts":"2026-04-05T23:37:17.372Z","level":"INFO","device":"868120100007","event":"RX_MSG","detail":"0x8001 bodyLen=5"}
{"ts":"2026-04-05T23:37:17.372Z","level":"INFO","device":"868120100007","event":"SERVER_ACK","detail":"0x0200 result=OK"}
{"ts":"2026-04-05T23:37:17.396Z","level":"INFO","device":"200000000010","event":"HEARTBEAT_SENT","detail":"0x0002"}
{"ts":"2026-04-05T23:37:17.398Z","level":"INFO","device":"200000000010","event":"OBD2_SENT_0x0200","detail":"Lat: 51.721040, Lng: 0.497736 | Speed: 29km/h | RPM: 1947"}
{"ts":"2026-04-05T23:37:17.439Z","level":"INFO","device":"200000000009","event":"SERVER_ACK","detail":"0x8001 Universal Reply Received"}
{"ts":"2026-04-05T23:37:17.444Z","level":"INFO","device":"200000000007","event":"SERVER_ACK","detail":"0x8001 Universal Reply Received"}
{"ts":"2026-04-05T23:37:17.451Z","level":"INFO","device":"868120100009","event":"GPS_SENT","detail":""}
{"ts":"2026-04-05T23:37:17.453Z","level":"ERROR","device":"300000000009","event":"SOCKET_ERROR","detail":"ECONNREFUSED"}
{"ts":"2026-04-05T23:37:17.528Z","level":"INFO","device":"868120100008","event":"RX_MSG","detail":"0x8001 bodyLen=5"}
{"ts":"2026-04-05T23:37:17.528Z","level":"INFO","device":"868120100008","event":"SERVER_ACK","detail":"0x0200 result=OK"}
{"ts":"2026-04-05T23:37:17.582Z","level":"INFO","device":"100000000010","event":"GPS_SENT","detail":""}
{"ts":"2026-04-05T23:37:17.595Z","level":"ERROR","device":"300000000010","event":"SOCKET_ERROR","detail":"ECONNREFUSED"}
{"ts":"2026-04-05T23:37:17.600Z","level":"INFO","device":"200000000008","event":"SERVER_ACK","detail":"0x8001 Universal Reply Received"}
{"ts":"2026-04-05T23:37:17.606Z","level":"INFO","device":"200000000010","event":"SERVER_ACK","detail":"0x8001 Universal Reply Received"}
{"ts":"2026-04-05T23:37:17.650Z","level":"INFO","device":"868120100009","event":"RX_MSG","detail":"0x8001 bodyLen=5"}
{"ts":"2026-04-05T23:37:17.650Z","level":"INFO","device":"868120100009","event":"SERVER_ACK","detail":"0x0200 result=OK"}
{"ts":"2026-04-05T23:37:17.747Z","level":"INFO","device":"200000000009","event":"SERVER_ACK","detail":"0x8001 Universal Reply Received"}
{"ts":"2026-04-05T23:37:17.767Z","level":"INFO","device":"100000000010","event":"RX_MSG","detail":"0x8001 bodyLen=5"}
{"ts":"2026-04-05T23:37:17.767Z","level":"INFO","device":"100000000010","event":"SERVER_ACK","detail":"0x0200 result=OK"}
{"ts":"2026-04-05T23:37:17.922Z","level":"INFO","device":"200000000010","event":"SERVER_ACK","detail":"0x8001 Universal Reply Received"}
{"ts":"2026-04-05T23:37:31.121Z","level":"INFO","device":"291078985963","event":"OBD2_SENT_0x0200","detail":"Lat: 51.716312, Lng: 0.504607 | Speed: 40km/h | RPM: 2396"}
{"ts":"2026-04-05T23:37:31.200Z","level":"INFO","device":"200000000002","event":"OBD2_SENT_0x0200","detail":"Lat: 51.721041, Lng: 0.497735 | Speed: 44km/h | RPM: 2542"}
{"ts":"2026-04-05T23:37:31.324Z","level":"INFO","device":"291078985963","event":"SERVER_ACK","detail":"0x8001 Universal Reply Received"}
{"ts":"2026-04-05T23:37:31.350Z","level":"INFO","device":"200000000003","event":"OBD2_SENT_0x0200","detail":"Lat: 51.714921, Lng: 0.509769 | Speed: 52km/h | RPM: 2868"}
{"ts":"2026-04-05T23:37:31.402Z","level":"INFO","device":"200000000002","event":"SERVER_ACK","detail":"0x8001 Universal Reply Received"}
{"ts":"2026-04-05T23:37:31.498Z","level":"INFO","device":"200000000004","event":"OBD2_SENT_0x0200","detail":"Lat: 51.723193, Lng: 0.496663 | Speed: 23km/h | RPM: 1725"}
{"ts":"2026-04-05T23:37:31.537Z","level":"INFO","device":"200000000003","event":"SERVER_ACK","detail":"0x8001 Universal Reply Received"}
{"ts":"2026-04-05T23:37:31.649Z","level":"INFO","device":"200000000005","event":"OBD2_SENT_0x0200","detail":"Lat: 51.720319, Lng: 0.498225 | Speed: 36km/h | RPM: 2257"}
{"ts":"2026-04-05T23:37:31.684Z","level":"INFO","device":"200000000004","event":"SERVER_ACK","detail":"0x8001 Universal Reply Received"}
{"ts":"2026-04-05T23:37:31.799Z","level":"INFO","device":"200000000006","event":"OBD2_SENT_0x0200","detail":"Lat: 51.717701, Lng: 0.501398 | Speed: 45km/h | RPM: 2617"}
{"ts":"2026-04-05T23:37:31.866Z","level":"INFO","device":"200000000005","event":"SERVER_ACK","detail":"0x8001 Universal Reply Received"}
{"ts":"2026-04-05T23:37:31.949Z","level":"INFO","device":"200000000007","event":"OBD2_SENT_0x0200","detail":"Lat: 51.717776, Lng: 0.501248 | Speed: 38km/h | RPM: 2336"}
{"ts":"2026-04-05T23:37:32.014Z","level":"INFO","device":"200000000006","event":"SERVER_ACK","detail":"0x8001 Universal Reply Received"}
{"ts":"2026-04-05T23:37:32.100Z","level":"INFO","device":"200000000008","event":"OBD2_SENT_0x0200","detail":"Lat: 51.720220, Lng: 0.498304 | Speed: 38km/h | RPM: 2324"}
{"ts":"2026-04-05T23:37:32.153Z","level":"INFO","device":"200000000007","event":"SERVER_ACK","detail":"0x8001 Universal Reply Received"}
{"ts":"2026-04-05T23:37:32.253Z","level":"INFO","device":"200000000009","event":"OBD2_SENT_0x0200","detail":"Lat: 51.723452, Lng: 0.496559 | Speed: 30km/h | RPM: 2013"}
{"ts":"2026-04-05T23:37:32.307Z","level":"INFO","device":"200000000008","event":"SERVER_ACK","detail":"0x8001 Universal Reply Received"}
{"ts":"2026-04-05T23:37:32.399Z","level":"INFO","device":"200000000010","event":"OBD2_SENT_0x0200","detail":"Lat: 51.720173, Lng: 0.498341 | Speed: 25km/h | RPM: 1787"}
{"ts":"2026-04-05T23:37:32.448Z","level":"INFO","device":"200000000009","event":"SERVER_ACK","detail":"0x8001 Universal Reply Received"}
{"ts":"2026-04-05T23:37:32.613Z","level":"INFO","device":"200000000010","event":"SERVER_ACK","detail":"0x8001 Universal Reply Received"}
{"ts":"2026-04-05T23:37:36.287Z","level":"INFO","device":"291078985963","event":"INCIDENT_SENT","detail":"mediaId=8 alarmId=29107898596300260405233736080200"}
{"ts":"2026-04-05T23:37:36.289Z","level":"INFO","device":"291078985963","event":"GPS_SENT","detail":""}
{"ts":"2026-04-05T23:37:36.397Z","level":"INFO","device":"868120100002","event":"INCIDENT_SENT","detail":"mediaId=8 alarmId=86812010000200260405233736080200"}
{"ts":"2026-04-05T23:37:36.400Z","level":"INFO","device":"868120100002","event":"GPS_SENT","detail":""}
{"ts":"2026-04-05T23:37:36.546Z","level":"INFO","device":"868120100003","event":"INCIDENT_SENT","detail":"mediaId=8 alarmId=86812010000300260405233736080200"}
{"ts":"2026-04-05T23:37:36.551Z","level":"INFO","device":"868120100003","event":"GPS_SENT","detail":""}
{"ts":"2026-04-05T23:37:36.558Z","level":"INFO","device":"291078985963","event":"RX_MSG","detail":"0x8001 bodyLen=5"}
{"ts":"2026-04-05T23:37:36.559Z","level":"INFO","device":"291078985963","event":"SERVER_ACK","detail":"0x0200 result=OK"}
{"ts":"2026-04-05T23:37:36.659Z","level":"INFO","device":"868120100002","event":"RX_MSG","detail":"0x8001 bodyLen=5"}
{"ts":"2026-04-05T23:37:36.660Z","level":"INFO","device":"868120100002","event":"SERVER_ACK","detail":"0x0200 result=OK"}
{"ts":"2026-04-05T23:37:36.692Z","level":"INFO","device":"868120100004","event":"INCIDENT_SENT","detail":"mediaId=8 alarmId=86812010000400260405233736080200"}
{"ts":"2026-04-05T23:37:36.694Z","level":"INFO","device":"868120100004","event":"GPS_SENT","detail":""}
{"ts":"2026-04-05T23:37:36.777Z","level":"INFO","device":"868120100003","event":"RX_MSG","detail":"0x8001 bodyLen=5"}
{"ts":"2026-04-05T23:37:36.777Z","level":"INFO","device":"868120100003","event":"SERVER_ACK","detail":"0x0200 result=OK"}
{"ts":"2026-04-05T23:37:36.854Z","level":"INFO","device":"868120100005","event":"INCIDENT_SENT","detail":"mediaId=8 alarmId=86812010000500260405233736080200"}
{"ts":"2026-04-05T23:37:36.855Z","level":"INFO","device":"868120100005","event":"GPS_SENT","detail":""}
{"ts":"2026-04-05T23:37:36.857Z","level":"INFO","device":"291078985963","event":"RX_MSG","detail":"0x8001 bodyLen=5"}
{"ts":"2026-04-05T23:37:36.857Z","level":"INFO","device":"291078985963","event":"SERVER_ACK","detail":"0x0800 result=OK"}
{"ts":"2026-04-05T23:37:36.857Z","level":"INFO","device":"291078985963","event":"RX_MSG","detail":"0x8001 bodyLen=5"}
{"ts":"2026-04-05T23:37:36.857Z","level":"INFO","device":"291078985963","event":"SERVER_ACK","detail":"0x0200 result=OK"}
{"ts":"2026-04-05T23:37:36.930Z","level":"INFO","device":"868120100004","event":"RX_MSG","detail":"0x8001 bodyLen=5"}
{"ts":"2026-04-05T23:37:36.933Z","level":"INFO","device":"868120100004","event":"SERVER_ACK","detail":"0x0200 result=OK"}
{"ts":"2026-04-05T23:37:36.968Z","level":"INFO","device":"868120100002","event":"RX_MSG","detail":"0x8001 bodyLen=5"}
{"ts":"2026-04-05T23:37:36.968Z","level":"INFO","device":"868120100002","event":"SERVER_ACK","detail":"0x0800 result=OK"}
{"ts":"2026-04-05T23:37:36.968Z","level":"INFO","device":"868120100002","event":"RX_MSG","detail":"0x8001 bodyLen=5"}
{"ts":"2026-04-05T23:37:36.968Z","level":"INFO","device":"868120100002","event":"SERVER_ACK","detail":"0x0200 result=OK"}
{"ts":"2026-04-05T23:37:36.998Z","level":"INFO","device":"868120100006","event":"INCIDENT_SENT","detail":"mediaId=8 alarmId=86812010000600260405233736080200"}
{"ts":"2026-04-05T23:37:36.998Z","level":"INFO","device":"868120100006","event":"GPS_SENT","detail":""}
{"ts":"2026-04-05T23:37:37.108Z","level":"INFO","device":"868120100005","event":"RX_MSG","detail":"0x8001 bodyLen=5"}
{"ts":"2026-04-05T23:37:37.108Z","level":"INFO","device":"868120100005","event":"SERVER_ACK","detail":"0x0200 result=OK"}
{"ts":"2026-04-05T23:37:37.128Z","level":"INFO","device":"868120100003","event":"RX_MSG","detail":"0x8001 bodyLen=5"}
{"ts":"2026-04-05T23:37:37.131Z","level":"INFO","device":"868120100003","event":"SERVER_ACK","detail":"0x0800 result=OK"}
{"ts":"2026-04-05T23:37:37.131Z","level":"INFO","device":"868120100003","event":"RX_MSG","detail":"0x8001 bodyLen=5"}
{"ts":"2026-04-05T23:37:37.132Z","level":"INFO","device":"868120100003","event":"SERVER_ACK","detail":"0x0200 result=OK"}
{"ts":"2026-04-05T23:37:37.154Z","level":"INFO","device":"868120100007","event":"INCIDENT_SENT","detail":"mediaId=8 alarmId=86812010000700260405233737080200"}
{"ts":"2026-04-05T23:37:37.161Z","level":"INFO","device":"868120100007","event":"GPS_SENT","detail":""}
{"ts":"2026-04-05T23:37:37.237Z","level":"INFO","device":"868120100004","event":"RX_MSG","detail":"0x8001 bodyLen=5"}
{"ts":"2026-04-05T23:37:37.237Z","level":"INFO","device":"868120100004","event":"SERVER_ACK","detail":"0x0800 result=OK"}
{"ts":"2026-04-05T23:37:37.237Z","level":"INFO","device":"868120100004","event":"RX_MSG","detail":"0x8001 bodyLen=5"}
{"ts":"2026-04-05T23:37:37.238Z","level":"INFO","device":"868120100004","event":"SERVER_ACK","detail":"0x0200 result=OK"}
{"ts":"2026-04-05T23:37:37.256Z","level":"INFO","device":"868120100006","event":"RX_MSG","detail":"0x8001 bodyLen=5"}
{"ts":"2026-04-05T23:37:37.256Z","level":"INFO","device":"868120100006","event":"SERVER_ACK","detail":"0x0200 result=OK"}
{"ts":"2026-04-05T23:37:37.310Z","level":"INFO","device":"868120100008","event":"INCIDENT_SENT","detail":"mediaId=8 alarmId=86812010000800260405233737080200"}
{"ts":"2026-04-05T23:37:37.318Z","level":"INFO","device":"868120100008","event":"GPS_SENT","detail":""}
{"ts":"2026-04-05T23:37:37.423Z","level":"INFO","device":"868120100007","event":"RX_MSG","detail":"0x8001 bodyLen=5"}
{"ts":"2026-04-05T23:37:37.423Z","level":"INFO","device":"868120100007","event":"SERVER_ACK","detail":"0x0200 result=OK"}
{"ts":"2026-04-05T23:37:37.450Z","level":"INFO","device":"868120100009","event":"INCIDENT_SENT","detail":"mediaId=8 alarmId=86812010000900260405233737080200"}
{"ts":"2026-04-05T23:37:37.451Z","level":"INFO","device":"868120100005","event":"RX_MSG","detail":"0x8001 bodyLen=5"}
{"ts":"2026-04-05T23:37:37.451Z","level":"INFO","device":"868120100005","event":"SERVER_ACK","detail":"0x0800 result=OK"}
{"ts":"2026-04-05T23:37:37.451Z","level":"INFO","device":"868120100005","event":"RX_MSG","detail":"0x8001 bodyLen=5"}
{"ts":"2026-04-05T23:37:37.451Z","level":"INFO","device":"868120100005","event":"SERVER_ACK","detail":"0x0200 result=OK"}
{"ts":"2026-04-05T23:37:37.452Z","level":"INFO","device":"868120100009","event":"GPS_SENT","detail":""}
{"ts":"2026-04-05T23:37:37.565Z","level":"INFO","device":"868120100006","event":"RX_MSG","detail":"0x8001 bodyLen=5"}
{"ts":"2026-04-05T23:37:37.566Z","level":"INFO","device":"868120100006","event":"SERVER_ACK","detail":"0x0800 result=OK"}
{"ts":"2026-04-05T23:37:37.567Z","level":"INFO","device":"868120100006","event":"RX_MSG","detail":"0x8001 bodyLen=5"}
{"ts":"2026-04-05T23:37:37.567Z","level":"INFO","device":"868120100006","event":"SERVER_ACK","detail":"0x0200 result=OK"}
{"ts":"2026-04-05T23:37:37.580Z","level":"INFO","device":"100000000010","event":"INCIDENT_SENT","detail":"mediaId=8 alarmId=10000000001000260405233737080200"}
{"ts":"2026-04-05T23:37:37.580Z","level":"INFO","device":"868120100008","event":"RX_MSG","detail":"0x8001 bodyLen=5"}
{"ts":"2026-04-05T23:37:37.580Z","level":"INFO","device":"868120100008","event":"SERVER_ACK","detail":"0x0200 result=OK"}
{"ts":"2026-04-05T23:37:37.583Z","level":"INFO","device":"100000000010","event":"GPS_SENT","detail":""}
{"ts":"2026-04-05T23:37:37.701Z","level":"INFO","device":"868120100009","event":"RX_MSG","detail":"0x8001 bodyLen=5"}
{"ts":"2026-04-05T23:37:37.702Z","level":"INFO","device":"868120100009","event":"SERVER_ACK","detail":"0x0200 result=OK"}
{"ts":"2026-04-05T23:37:37.768Z","level":"INFO","device":"868120100007","event":"RX_MSG","detail":"0x8001 bodyLen=5"}
{"ts":"2026-04-05T23:37:37.768Z","level":"INFO","device":"868120100007","event":"SERVER_ACK","detail":"0x0800 result=OK"}
{"ts":"2026-04-05T23:37:37.768Z","level":"INFO","device":"868120100007","event":"RX_MSG","detail":"0x8001 bodyLen=5"}
{"ts":"2026-04-05T23:37:37.768Z","level":"INFO","device":"868120100007","event":"SERVER_ACK","detail":"0x0200 result=OK"}
{"ts":"2026-04-05T23:37:37.817Z","level":"INFO","device":"100000000010","event":"RX_MSG","detail":"0x8001 bodyLen=5"}
{"ts":"2026-04-05T23:37:37.817Z","level":"INFO","device":"100000000010","event":"SERVER_ACK","detail":"0x0200 result=OK"}
{"ts":"2026-04-05T23:37:37.919Z","level":"INFO","device":"868120100008","event":"RX_MSG","detail":"0x8001 bodyLen=5"}
{"ts":"2026-04-05T23:37:37.919Z","level":"INFO","device":"868120100008","event":"SERVER_ACK","detail":"0x0800 result=OK"}
{"ts":"2026-04-05T23:37:37.919Z","level":"INFO","device":"868120100008","event":"RX_MSG","detail":"0x8001 bodyLen=5"}
{"ts":"2026-04-05T23:37:37.920Z","level":"INFO","device":"868120100008","event":"SERVER_ACK","detail":"0x0200 result=OK"}
{"ts":"2026-04-05T23:37:38.047Z","level":"INFO","device":"868120100009","event":"RX_MSG","detail":"0x8001 bodyLen=5"}
{"ts":"2026-04-05T23:37:38.048Z","level":"INFO","device":"868120100009","event":"SERVER_ACK","detail":"0x0800 result=OK"}
{"ts":"2026-04-05T23:37:38.048Z","level":"INFO","device":"868120100009","event":"RX_MSG","detail":"0x8001 bodyLen=5"}
{"ts":"2026-04-05T23:37:38.048Z","level":"INFO","device":"868120100009","event":"SERVER_ACK","detail":"0x0200 result=OK"}
{"ts":"2026-04-05T23:37:38.129Z","level":"INFO","device":"100000000010","event":"RX_MSG","detail":"0x8001 bodyLen=5"}
{"ts":"2026-04-05T23:37:38.129Z","level":"INFO","device":"100000000010","event":"SERVER_ACK","detail":"0x0800 result=OK"}
{"ts":"2026-04-05T23:37:38.129Z","level":"INFO","device":"100000000010","event":"RX_MSG","detail":"0x8001 bodyLen=5"}
{"ts":"2026-04-05T23:37:38.129Z","level":"INFO","device":"100000000010","event":"SERVER_ACK","detail":"0x0200 result=OK"}
{"ts":"2026-04-05T23:37:46.102Z","level":"INFO","device":"291078985963","event":"HEARTBEAT_SENT","detail":"0x0002"}
{"ts":"2026-04-05T23:37:46.123Z","level":"INFO","device":"291078985963","event":"OBD2_SENT_0x0200","detail":"Lat: 51.715607, Lng: 0.506926 | Speed: 44km/h | RPM: 2570"}
{"ts":"2026-04-05T23:37:46.196Z","level":"INFO","device":"200000000002","event":"HEARTBEAT_SENT","detail":"0x0002"}
{"ts":"2026-04-05T23:37:46.200Z","level":"INFO","device":"200000000002","event":"OBD2_SENT_0x0200","detail":"Lat: 51.719684, Lng: 0.498733 | Speed: 39km/h | RPM: 2346"}
{"ts":"2026-04-05T23:37:46.304Z","level":"INFO","device":"291078985963","event":"SERVER_ACK","detail":"0x8001 Universal Reply Received"}
{"ts":"2026-04-05T23:37:46.345Z","level":"INFO","device":"200000000003","event":"HEARTBEAT_SENT","detail":"0x0002"}
{"ts":"2026-04-05T23:37:46.350Z","level":"INFO","device":"200000000003","event":"OBD2_SENT_0x0200","detail":"Lat: 51.714288, Lng: 0.512984 | Speed: 56km/h | RPM: 3050"}
{"ts":"2026-04-05T23:37:46.398Z","level":"INFO","device":"200000000002","event":"SERVER_ACK","detail":"0x8001 Universal Reply Received"}
{"ts":"2026-04-05T23:37:46.492Z","level":"INFO","device":"200000000004","event":"HEARTBEAT_SENT","detail":"0x0002"}
{"ts":"2026-04-05T23:37:46.497Z","level":"INFO","device":"200000000004","event":"OBD2_SENT_0x0200","detail":"Lat: 51.722401, Lng: 0.496999 | Speed: 22km/h | RPM: 1671"}
{"ts":"2026-04-05T23:37:46.529Z","level":"INFO","device":"200000000003","event":"SERVER_ACK","detail":"0x8001 Universal Reply Received"}
{"ts":"2026-04-05T23:37:46.628Z","level":"INFO","device":"291078985963","event":"SERVER_ACK","detail":"0x8001 Universal Reply Received"}
{"ts":"2026-04-05T23:37:46.646Z","level":"INFO","device":"200000000005","event":"HEARTBEAT_SENT","detail":"0x0002"}
{"ts":"2026-04-05T23:37:46.649Z","level":"INFO","device":"200000000005","event":"OBD2_SENT_0x0200","detail":"Lat: 51.719276, Lng: 0.499161 | Speed: 32km/h | RPM: 2086"}
{"ts":"2026-04-05T23:37:46.677Z","level":"INFO","device":"200000000004","event":"SERVER_ACK","detail":"0x8001 Universal Reply Received"}
{"ts":"2026-04-05T23:37:46.722Z","level":"INFO","device":"200000000002","event":"SERVER_ACK","detail":"0x8001 Universal Reply Received"}
{"ts":"2026-04-05T23:37:46.796Z","level":"INFO","device":"200000000006","event":"HEARTBEAT_SENT","detail":"0x0002"}
{"ts":"2026-04-05T23:37:46.799Z","level":"INFO","device":"200000000006","event":"OBD2_SENT_0x0200","detail":"Lat: 51.716731, Lng: 0.503495 | Speed: 45km/h | RPM: 2582"}
{"ts":"2026-04-05T23:37:46.828Z","level":"INFO","device":"200000000003","event":"SERVER_ACK","detail":"0x8001 Universal Reply Received"}
{"ts":"2026-04-05T23:37:46.858Z","level":"INFO","device":"200000000005","event":"SERVER_ACK","detail":"0x8001 Universal Reply Received"}
{"ts":"2026-04-05T23:37:46.944Z","level":"INFO","device":"200000000007","event":"HEARTBEAT_SENT","detail":"0x0002"}
{"ts":"2026-04-05T23:37:46.947Z","level":"INFO","device":"200000000007","event":"OBD2_SENT_0x0200","detail":"Lat: 51.716994, Lng: 0.502880 | Speed: 35km/h | RPM: 2187"}
{"ts":"2026-04-05T23:37:46.978Z","level":"INFO","device":"200000000004","event":"SERVER_ACK","detail":"0x8001 Universal Reply Received"}
{"ts":"2026-04-05T23:37:47.025Z","level":"INFO","device":"200000000006","event":"SERVER_ACK","detail":"0x8001 Universal Reply Received"}
{"ts":"2026-04-05T23:37:47.095Z","level":"INFO","device":"200000000008","event":"HEARTBEAT_SENT","detail":"0x0002"}
{"ts":"2026-04-05T23:37:47.100Z","level":"INFO","device":"200000000008","event":"OBD2_SENT_0x0200","detail":"Lat: 51.719002, Lng: 0.499464 | Speed: 38km/h | RPM: 2330"}
{"ts":"2026-04-05T23:37:47.145Z","level":"INFO","device":"200000000007","event":"SERVER_ACK","detail":"0x8001 Universal Reply Received"}
{"ts":"2026-04-05T23:37:47.191Z","level":"INFO","device":"200000000005","event":"SERVER_ACK","detail":"0x8001 Universal Reply Received"}
{"ts":"2026-04-05T23:37:47.247Z","level":"INFO","device":"200000000009","event":"HEARTBEAT_SENT","detail":"0x0002"}
{"ts":"2026-04-05T23:37:47.253Z","level":"INFO","device":"200000000009","event":"OBD2_SENT_0x0200","detail":"Lat: 51.722200, Lng: 0.497100 | Speed: 34km/h | RPM: 2176"}
{"ts":"2026-04-05T23:37:47.296Z","level":"INFO","device":"200000000008","event":"SERVER_ACK","detail":"0x8001 Universal Reply Received"}
{"ts":"2026-04-05T23:37:47.376Z","level":"INFO","device":"200000000006","event":"SERVER_ACK","detail":"0x8001 Universal Reply Received"}
{"ts":"2026-04-05T23:37:47.395Z","level":"INFO","device":"200000000010","event":"HEARTBEAT_SENT","detail":"0x0002"}
{"ts":"2026-04-05T23:37:47.399Z","level":"INFO","device":"200000000010","event":"OBD2_SENT_0x0200","detail":"Lat: 51.719317, Lng: 0.499114 | Speed: 26km/h | RPM: 1858"}
{"ts":"2026-04-05T23:37:47.441Z","level":"INFO","device":"200000000009","event":"SERVER_ACK","detail":"0x8001 Universal Reply Received"}
{"ts":"2026-04-05T23:37:47.460Z","level":"INFO","device":"200000000007","event":"SERVER_ACK","detail":"0x8001 Universal Reply Received"}
{"ts":"2026-04-05T23:37:47.605Z","level":"INFO","device":"200000000010","event":"SERVER_ACK","detail":"0x8001 Universal Reply Received"}
{"ts":"2026-04-05T23:37:47.616Z","level":"INFO","device":"200000000008","event":"SERVER_ACK","detail":"0x8001 Universal Reply Received"}
{"ts":"2026-04-05T23:37:47.763Z","level":"INFO","device":"200000000009","event":"SERVER_ACK","detail":"0x8001 Universal Reply Received"}
{"ts":"2026-04-05T23:37:47.936Z","level":"INFO","device":"200000000010","event":"SERVER_ACK","detail":"0x8001 Universal Reply Received"}
{"ts":"2026-04-05T23:37:56.292Z","level":"INFO","device":"291078985963","event":"GPS_SENT","detail":""}
{"ts":"2026-04-05T23:37:56.400Z","level":"INFO","device":"868120100002","event":"GPS_SENT","detail":""}
{"ts":"2026-04-05T23:37:56.503Z","level":"INFO","device":"291078985963","event":"RX_MSG","detail":"0x8001 bodyLen=5"}
{"ts":"2026-04-05T23:37:56.503Z","level":"INFO","device":"291078985963","event":"SERVER_ACK","detail":"0x0200 result=OK"}
{"ts":"2026-04-05T23:37:56.551Z","level":"INFO","device":"868120100003","event":"GPS_SENT","detail":""}
{"ts":"2026-04-05T23:37:56.601Z","level":"INFO","device":"868120100002","event":"RX_MSG","detail":"0x8001 bodyLen=5"}
{"ts":"2026-04-05T23:37:56.601Z","level":"INFO","device":"868120100002","event":"SERVER_ACK","detail":"0x0200 result=OK"}
{"ts":"2026-04-05T23:37:56.694Z","level":"INFO","device":"868120100004","event":"GPS_SENT","detail":""}
{"ts":"2026-04-05T23:37:56.754Z","level":"INFO","device":"868120100003","event":"RX_MSG","detail":"0x8001 bodyLen=5"}
{"ts":"2026-04-05T23:37:56.755Z","level":"INFO","device":"868120100003","event":"SERVER_ACK","detail":"0x0200 result=OK"}
{"ts":"2026-04-05T23:37:56.855Z","level":"INFO","device":"868120100005","event":"GPS_SENT","detail":""}
{"ts":"2026-04-05T23:37:56.887Z","level":"INFO","device":"868120100004","event":"RX_MSG","detail":"0x8001 bodyLen=5"}
{"ts":"2026-04-05T23:37:56.888Z","level":"INFO","device":"868120100004","event":"SERVER_ACK","detail":"0x0200 result=OK"}
{"ts":"2026-04-05T23:37:56.999Z","level":"INFO","device":"868120100006","event":"GPS_SENT","detail":""}
{"ts":"2026-04-05T23:37:57.066Z","level":"INFO","device":"868120100005","event":"RX_MSG","detail":"0x8001 bodyLen=5"}
{"ts":"2026-04-05T23:37:57.066Z","level":"INFO","device":"868120100005","event":"SERVER_ACK","detail":"0x0200 result=OK"}
{"ts":"2026-04-05T23:37:57.162Z","level":"INFO","device":"868120100007","event":"GPS_SENT","detail":""}
{"ts":"2026-04-05T23:37:57.200Z","level":"INFO","device":"868120100006","event":"RX_MSG","detail":"0x8001 bodyLen=5"}
{"ts":"2026-04-05T23:37:57.200Z","level":"INFO","device":"868120100006","event":"SERVER_ACK","detail":"0x0200 result=OK"}
{"ts":"2026-04-05T23:37:57.318Z","level":"INFO","device":"868120100008","event":"GPS_SENT","detail":""}
{"ts":"2026-04-05T23:37:57.373Z","level":"INFO","device":"868120100007","event":"RX_MSG","detail":"0x8001 bodyLen=5"}
{"ts":"2026-04-05T23:37:57.373Z","level":"INFO","device":"868120100007","event":"SERVER_ACK","detail":"0x0200 result=OK"}
{"ts":"2026-04-05T23:37:57.451Z","level":"INFO","device":"868120100009","event":"GPS_SENT","detail":""}
{"ts":"2026-04-05T23:37:57.527Z","level":"INFO","device":"868120100008","event":"RX_MSG","detail":"0x8001 bodyLen=5"}
{"ts":"2026-04-05T23:37:57.527Z","level":"INFO","device":"868120100008","event":"SERVER_ACK","detail":"0x0200 result=OK"}
{"ts":"2026-04-05T23:37:57.582Z","level":"INFO","device":"100000000010","event":"GPS_SENT","detail":""}
{"ts":"2026-04-05T23:37:57.651Z","level":"INFO","device":"868120100009","event":"RX_MSG","detail":"0x8001 bodyLen=5"}
{"ts":"2026-04-05T23:37:57.651Z","level":"INFO","device":"868120100009","event":"SERVER_ACK","detail":"0x0200 result=OK"}
{"ts":"2026-04-05T23:37:57.766Z","level":"INFO","device":"100000000010","event":"RX_MSG","detail":"0x8001 bodyLen=5"}
{"ts":"2026-04-05T23:37:57.766Z","level":"INFO","device":"100000000010","event":"SERVER_ACK","detail":"0x0200 result=OK"}
{"ts":"2026-04-05T23:38:01.124Z","level":"INFO","device":"291078985963","event":"OBD2_SENT_0x0200","detail":"Lat: 51.714951, Lng: 0.509631 | Speed: 49km/h | RPM: 2770"}
{"ts":"2026-04-05T23:38:01.200Z","level":"INFO","device":"200000000002","event":"OBD2_SENT_0x0200","detail":"Lat: 51.718446, Lng: 0.500181 | Speed: 42km/h | RPM: 2469"}
{"ts":"2026-04-05T23:38:01.332Z","level":"INFO","device":"291078985963","event":"SERVER_ACK","detail":"0x8001 Universal Reply Received"}
{"ts":"2026-04-05T23:38:01.351Z","level":"INFO","device":"200000000003","event":"OBD2_SENT_0x0200","detail":"Lat: 51.736045, Lng: 0.468319 | Speed: 59km/h | RPM: 3172"}
{"ts":"2026-04-05T23:38:01.403Z","level":"INFO","device":"200000000002","event":"SERVER_ACK","detail":"0x8001 Universal Reply Received"}
{"ts":"2026-04-05T23:38:01.498Z","level":"INFO","device":"200000000004","event":"OBD2_SENT_0x0200","detail":"Lat: 51.721784, Lng: 0.497308 | Speed: 17km/h | RPM: 1489"}
{"ts":"2026-04-05T23:38:01.536Z","level":"INFO","device":"200000000003","event":"SERVER_ACK","detail":"0x8001 Universal Reply Received"}
{"ts":"2026-04-05T23:38:01.649Z","level":"INFO","device":"200000000005","event":"OBD2_SENT_0x0200","detail":"Lat: 51.718447, Lng: 0.500179 | Speed: 28km/h | RPM: 1914"}
{"ts":"2026-04-05T23:38:01.685Z","level":"INFO","device":"200000000004","event":"SERVER_ACK","detail":"0x8001 Universal Reply Received"}
{"ts":"2026-04-05T23:38:01.799Z","level":"INFO","device":"200000000006","event":"OBD2_SENT_0x0200","detail":"Lat: 51.715987, Lng: 0.505595 | Speed: 42km/h | RPM: 2489"}
{"ts":"2026-04-05T23:38:01.861Z","level":"INFO","device":"200000000005","event":"SERVER_ACK","detail":"0x8001 Universal Reply Received"}
{"ts":"2026-04-05T23:38:01.947Z","level":"INFO","device":"200000000007","event":"OBD2_SENT_0x0200","detail":"Lat: 51.716337, Lng: 0.504535 | Speed: 33km/h | RPM: 2131"}
{"ts":"2026-04-05T23:38:02.010Z","level":"INFO","device":"200000000006","event":"SERVER_ACK","detail":"0x8001 Universal Reply Received"}
{"ts":"2026-04-05T23:38:02.101Z","level":"INFO","device":"200000000008","event":"OBD2_SENT_0x0200","detail":"Lat: 51.717802, Lng: 0.501195 | Speed: 43km/h | RPM: 2521"}
{"ts":"2026-04-05T23:38:02.150Z","level":"INFO","device":"200000000007","event":"SERVER_ACK","detail":"0x8001 Universal Reply Received"}
{"ts":"2026-04-05T23:38:02.253Z","level":"INFO","device":"200000000009","event":"OBD2_SENT_0x0200","detail":"Lat: 51.720960, Lng: 0.497784 | Speed: 35km/h | RPM: 2186"}
{"ts":"2026-04-05T23:38:02.304Z","level":"INFO","device":"200000000008","event":"SERVER_ACK","detail":"0x8001 Universal Reply Received"}
{"ts":"2026-04-05T23:38:02.399Z","level":"INFO","device":"200000000010","event":"OBD2_SENT_0x0200","detail":"Lat: 51.718642, Lng: 0.499887 | Speed: 22km/h | RPM: 1685"}
{"ts":"2026-04-05T23:38:02.446Z","level":"INFO","device":"200000000009","event":"SERVER_ACK","detail":"0x8001 Universal Reply Received"}
{"ts":"2026-04-05T23:38:02.610Z","level":"INFO","device":"200000000010","event":"SERVER_ACK","detail":"0x8001 Universal Reply Received"}
{"ts":"2026-04-05T23:38:16.103Z","level":"INFO","device":"291078985963","event":"HEARTBEAT_SENT","detail":"0x0002"}
{"ts":"2026-04-05T23:38:16.125Z","level":"INFO","device":"291078985963","event":"OBD2_SENT_0x0200","detail":"Lat: 51.714401, Lng: 0.512193 | Speed: 45km/h | RPM: 2593"}
{"ts":"2026-04-05T23:38:16.196Z","level":"INFO","device":"200000000002","event":"HEARTBEAT_SENT","detail":"0x0002"}
{"ts":"2026-04-05T23:38:16.200Z","level":"INFO","device":"200000000002","event":"OBD2_SENT_0x0200","detail":"Lat: 51.717288, Lng: 0.502223 | Speed: 45km/h | RPM: 2615"}
{"ts":"2026-04-05T23:38:16.287Z","level":"INFO","device":"291078985963","event":"INCIDENT_SENT","detail":"mediaId=9 alarmId=29107898596300260405233816090200"}
{"ts":"2026-04-05T23:38:16.292Z","level":"INFO","device":"291078985963","event":"GPS_SENT","detail":""}
{"ts":"2026-04-05T23:38:16.304Z","level":"INFO","device":"291078985963","event":"SERVER_ACK","detail":"0x8001 Universal Reply Received"}
{"ts":"2026-04-05T23:38:16.345Z","level":"INFO","device":"200000000003","event":"HEARTBEAT_SENT","detail":"0x0002"}
{"ts":"2026-04-05T23:38:16.350Z","level":"INFO","device":"200000000003","event":"OBD2_SENT_0x0200","detail":"Lat: 51.736967, Lng: 0.471281 | Speed: 59km/h | RPM: 3174"}
{"ts":"2026-04-05T23:38:16.397Z","level":"INFO","device":"868120100002","event":"INCIDENT_SENT","detail":"mediaId=9 alarmId=86812010000200260405233816090200"}
{"ts":"2026-04-05T23:38:16.400Z","level":"INFO","device":"200000000002","event":"SERVER_ACK","detail":"0x8001 Universal Reply Received"}
{"ts":"2026-04-05T23:38:16.400Z","level":"INFO","device":"868120100002","event":"GPS_SENT","detail":""}
{"ts":"2026-04-05T23:38:16.492Z","level":"INFO","device":"200000000004","event":"HEARTBEAT_SENT","detail":"0x0002"}
{"ts":"2026-04-05T23:38:16.498Z","level":"INFO","device":"291078985963","event":"RX_MSG","detail":"0x8001 bodyLen=5"}
{"ts":"2026-04-05T23:38:16.498Z","level":"INFO","device":"291078985963","event":"SERVER_ACK","detail":"0x0200 result=OK"}
{"ts":"2026-04-05T23:38:16.499Z","level":"INFO","device":"200000000004","event":"OBD2_SENT_0x0200","detail":"Lat: 51.721243, Lng: 0.497614 | Speed: 15km/h | RPM: 1405"}
{"ts":"2026-04-05T23:38:16.529Z","level":"INFO","device":"200000000003","event":"SERVER_ACK","detail":"0x8001 Universal Reply Received"}
{"ts":"2026-04-05T23:38:16.547Z","level":"INFO","device":"868120100003","event":"INCIDENT_SENT","detail":"mediaId=9 alarmId=86812010000300260405233816090200"}
{"ts":"2026-04-05T23:38:16.551Z","level":"INFO","device":"868120100003","event":"GPS_SENT","detail":""}
{"ts":"2026-04-05T23:38:16.598Z","level":"INFO","device":"868120100002","event":"RX_MSG","detail":"0x8001 bodyLen=5"}
{"ts":"2026-04-05T23:38:16.598Z","level":"INFO","device":"868120100002","event":"SERVER_ACK","detail":"0x0200 result=OK"}
{"ts":"2026-04-05T23:38:16.632Z","level":"INFO","device":"291078985963","event":"SERVER_ACK","detail":"0x8001 Universal Reply Received"}
{"ts":"2026-04-05T23:38:16.647Z","level":"INFO","device":"200000000005","event":"HEARTBEAT_SENT","detail":"0x0002"}
{"ts":"2026-04-05T23:38:16.649Z","level":"INFO","device":"200000000005","event":"OBD2_SENT_0x0200","detail":"Lat: 51.717710, Lng: 0.501381 | Speed: 28km/h | RPM: 1914"}
{"ts":"2026-04-05T23:38:16.677Z","level":"INFO","device":"200000000004","event":"SERVER_ACK","detail":"0x8001 Universal Reply Received"}
{"ts":"2026-04-05T23:38:16.693Z","level":"INFO","device":"868120100004","event":"INCIDENT_SENT","detail":"mediaId=9 alarmId=86812010000400260405233816090200"}
{"ts":"2026-04-05T23:38:16.695Z","level":"INFO","device":"868120100004","event":"GPS_SENT","detail":""}
{"ts":"2026-04-05T23:38:16.723Z","level":"INFO","device":"200000000002","event":"SERVER_ACK","detail":"0x8001 Universal Reply Received"}
{"ts":"2026-04-05T23:38:16.750Z","level":"INFO","device":"868120100003","event":"RX_MSG","detail":"0x8001 bodyLen=5"}
{"ts":"2026-04-05T23:38:16.751Z","level":"INFO","device":"868120100003","event":"SERVER_ACK","detail":"0x0200 result=OK"}
{"ts":"2026-04-05T23:38:16.798Z","level":"INFO","device":"200000000006","event":"HEARTBEAT_SENT","detail":"0x0002"}
{"ts":"2026-04-05T23:38:16.800Z","level":"INFO","device":"200000000006","event":"OBD2_SENT_0x0200","detail":"Lat: 51.715363, Lng: 0.507780 | Speed: 40km/h | RPM: 2391"}
{"ts":"2026-04-05T23:38:16.826Z","level":"INFO","device":"291078985963","event":"RX_MSG","detail":"0x8001 bodyLen=5"}
{"ts":"2026-04-05T23:38:16.826Z","level":"INFO","device":"291078985963","event":"SERVER_ACK","detail":"0x0800 result=OK"}
{"ts":"2026-04-05T23:38:16.828Z","level":"INFO","device":"291078985963","event":"RX_MSG","detail":"0x8001 bodyLen=5"}
{"ts":"2026-04-05T23:38:16.829Z","level":"INFO","device":"291078985963","event":"SERVER_ACK","detail":"0x0200 result=OK"}
{"ts":"2026-04-05T23:38:16.830Z","level":"INFO","device":"200000000003","event":"SERVER_ACK","detail":"0x8001 Universal Reply Received"}
{"ts":"2026-04-05T23:38:16.859Z","level":"INFO","device":"868120100005","event":"INCIDENT_SENT","detail":"mediaId=9 alarmId=86812010000500260405233816090200"}
{"ts":"2026-04-05T23:38:16.860Z","level":"INFO","device":"868120100005","event":"GPS_SENT","detail":""}
{"ts":"2026-04-05T23:38:16.886Z","level":"INFO","device":"868120100004","event":"RX_MSG","detail":"0x8001 bodyLen=5"}
{"ts":"2026-04-05T23:38:16.887Z","level":"INFO","device":"868120100004","event":"SERVER_ACK","detail":"0x0200 result=OK"}
{"ts":"2026-04-05T23:38:16.888Z","level":"INFO","device":"200000000005","event":"SERVER_ACK","detail":"0x8001 Universal Reply Received"}
{"ts":"2026-04-05T23:38:16.910Z","level":"INFO","device":"868120100002","event":"RX_MSG","detail":"0x8001 bodyLen=5"}
{"ts":"2026-04-05T23:38:16.910Z","level":"INFO","device":"868120100002","event":"SERVER_ACK","detail":"0x0800 result=OK"}
{"ts":"2026-04-05T23:38:16.910Z","level":"INFO","device":"868120100002","event":"RX_MSG","detail":"0x8001 bodyLen=5"}
{"ts":"2026-04-05T23:38:16.910Z","level":"INFO","device":"868120100002","event":"SERVER_ACK","detail":"0x0200 result=OK"}
{"ts":"2026-04-05T23:38:16.947Z","level":"INFO","device":"200000000007","event":"HEARTBEAT_SENT","detail":"0x0002"}
{"ts":"2026-04-05T23:38:16.947Z","level":"INFO","device":"200000000007","event":"OBD2_SENT_0x0200","detail":"Lat: 51.715759, Lng: 0.506394 | Speed: 35km/h | RPM: 2219"}
{"ts":"2026-04-05T23:38:16.988Z","level":"INFO","device":"200000000004","event":"SERVER_ACK","detail":"0x8001 Universal Reply Received"}
{"ts":"2026-04-05T23:38:16.999Z","level":"INFO","device":"868120100006","event":"INCIDENT_SENT","detail":"mediaId=9 alarmId=86812010000600260405233816090200"}
{"ts":"2026-04-05T23:38:16.999Z","level":"INFO","device":"868120100006","event":"GPS_SENT","detail":""}
{"ts":"2026-04-05T23:38:17.008Z","level":"INFO","device":"200000000006","event":"SERVER_ACK","detail":"0x8001 Universal Reply Received"}
{"ts":"2026-04-05T23:38:17.069Z","level":"INFO","device":"868120100005","event":"RX_MSG","detail":"0x8001 bodyLen=5"}
{"ts":"2026-04-05T23:38:17.069Z","level":"INFO","device":"868120100005","event":"SERVER_ACK","detail":"0x0200 result=OK"}
{"ts":"2026-04-05T23:38:17.096Z","level":"INFO","device":"200000000008","event":"HEARTBEAT_SENT","detail":"0x0002"}
{"ts":"2026-04-05T23:38:17.098Z","level":"INFO","device":"868120100003","event":"RX_MSG","detail":"0x8001 bodyLen=5"}
{"ts":"2026-04-05T23:38:17.098Z","level":"INFO","device":"868120100003","event":"SERVER_ACK","detail":"0x0800 result=OK"}
{"ts":"2026-04-05T23:38:17.098Z","level":"INFO","device":"868120100003","event":"RX_MSG","detail":"0x8001 bodyLen=5"}
{"ts":"2026-04-05T23:38:17.098Z","level":"INFO","device":"868120100003","event":"SERVER_ACK","detail":"0x0200 result=OK"}
{"ts":"2026-04-05T23:38:17.101Z","level":"INFO","device":"200000000008","event":"OBD2_SENT_0x0200","detail":"Lat: 51.716924, Lng: 0.503043 | Speed: 39km/h | RPM: 2371"}
{"ts":"2026-04-05T23:38:17.148Z","level":"INFO","device":"200000000007","event":"SERVER_ACK","detail":"0x8001 Universal Reply Received"}
{"ts":"2026-04-05T23:38:17.154Z","level":"INFO","device":"868120100007","event":"INCIDENT_SENT","detail":"mediaId=9 alarmId=86812010000700260405233817090200"}
{"ts":"2026-04-05T23:38:17.161Z","level":"INFO","device":"868120100007","event":"GPS_SENT","detail":""}
{"ts":"2026-04-05T23:38:17.200Z","level":"INFO","device":"868120100006","event":"RX_MSG","detail":"0x8001 bodyLen=5"}
{"ts":"2026-04-05T23:38:17.200Z","level":"INFO","device":"868120100006","event":"SERVER_ACK","detail":"0x0200 result=OK"}
{"ts":"2026-04-05T23:38:17.212Z","level":"INFO","device":"868120100004","event":"RX_MSG","detail":"0x8001 bodyLen=5"}
{"ts":"2026-04-05T23:38:17.212Z","level":"INFO","device":"868120100004","event":"SERVER_ACK","detail":"0x0800 result=OK"}
{"ts":"2026-04-05T23:38:17.212Z","level":"INFO","device":"868120100004","event":"RX_MSG","detail":"0x8001 bodyLen=5"}
{"ts":"2026-04-05T23:38:17.214Z","level":"INFO","device":"868120100004","event":"SERVER_ACK","detail":"0x0200 result=OK"}
{"ts":"2026-04-05T23:38:17.231Z","level":"INFO","device":"200000000005","event":"SERVER_ACK","detail":"0x8001 Universal Reply Received"}
{"ts":"2026-04-05T23:38:17.247Z","level":"INFO","device":"200000000009","event":"HEARTBEAT_SENT","detail":"0x0002"}
{"ts":"2026-04-05T23:38:17.253Z","level":"INFO","device":"200000000009","event":"OBD2_SENT_0x0200","detail":"Lat: 51.719621, Lng: 0.498783 | Speed: 38km/h | RPM: 2325"}
{"ts":"2026-04-05T23:38:17.298Z","level":"INFO","device":"200000000008","event":"SERVER_ACK","detail":"0x8001 Universal Reply Received"}
{"ts":"2026-04-05T23:38:17.311Z","level":"INFO","device":"868120100008","event":"INCIDENT_SENT","detail":"mediaId=9 alarmId=86812010000800260405233817090200"}
{"ts":"2026-04-05T23:38:17.318Z","level":"INFO","device":"868120100008","event":"GPS_SENT","detail":""}
{"ts":"2026-04-05T23:38:17.354Z","level":"INFO","device":"200000000006","event":"SERVER_ACK","detail":"0x8001 Universal Reply Received"}
{"ts":"2026-04-05T23:38:17.365Z","level":"INFO","device":"868120100007","event":"RX_MSG","detail":"0x8001 bodyLen=5"}
{"ts":"2026-04-05T23:38:17.366Z","level":"INFO","device":"868120100007","event":"SERVER_ACK","detail":"0x0200 result=OK"}
{"ts":"2026-04-05T23:38:17.396Z","level":"INFO","device":"200000000010","event":"HEARTBEAT_SENT","detail":"0x0002"}
{"ts":"2026-04-05T23:38:17.399Z","level":"INFO","device":"200000000010","event":"OBD2_SENT_0x0200","detail":"Lat: 51.718094, Lng: 0.500710 | Speed: 20km/h | RPM: 1599"}
{"ts":"2026-04-05T23:38:17.417Z","level":"INFO","device":"868120100005","event":"RX_MSG","detail":"0x8001 bodyLen=5"}
{"ts":"2026-04-05T23:38:17.417Z","level":"INFO","device":"868120100005","event":"SERVER_ACK","detail":"0x0800 result=OK"}
{"ts":"2026-04-05T23:38:17.420Z","level":"INFO","device":"868120100005","event":"RX_MSG","detail":"0x8001 bodyLen=5"}
{"ts":"2026-04-05T23:38:17.420Z","level":"INFO","device":"868120100005","event":"SERVER_ACK","detail":"0x0200 result=OK"}
{"ts":"2026-04-05T23:38:17.444Z","level":"INFO","device":"200000000009","event":"SERVER_ACK","detail":"0x8001 Universal Reply Received"}
{"ts":"2026-04-05T23:38:17.449Z","level":"INFO","device":"868120100009","event":"INCIDENT_SENT","detail":"mediaId=9 alarmId=86812010000900260405233817090200"}
{"ts":"2026-04-05T23:38:17.452Z","level":"INFO","device":"868120100009","event":"GPS_SENT","detail":""}
{"ts":"2026-04-05T23:38:17.501Z","level":"INFO","device":"200000000007","event":"SERVER_ACK","detail":"0x8001 Universal Reply Received"}
{"ts":"2026-04-05T23:38:17.520Z","level":"INFO","device":"868120100008","event":"RX_MSG","detail":"0x8001 bodyLen=5"}
{"ts":"2026-04-05T23:38:17.520Z","level":"INFO","device":"868120100008","event":"SERVER_ACK","detail":"0x0200 result=OK"}
{"ts":"2026-04-05T23:38:17.531Z","level":"INFO","device":"868120100006","event":"RX_MSG","detail":"0x8001 bodyLen=5"}
{"ts":"2026-04-05T23:38:17.532Z","level":"INFO","device":"868120100006","event":"SERVER_ACK","detail":"0x0800 result=OK"}
{"ts":"2026-04-05T23:38:17.532Z","level":"INFO","device":"868120100006","event":"RX_MSG","detail":"0x8001 bodyLen=5"}
{"ts":"2026-04-05T23:38:17.533Z","level":"INFO","device":"868120100006","event":"SERVER_ACK","detail":"0x0200 result=OK"}
{"ts":"2026-04-05T23:38:17.580Z","level":"INFO","device":"100000000010","event":"INCIDENT_SENT","detail":"mediaId=9 alarmId=10000000001000260405233817090200"}
{"ts":"2026-04-05T23:38:17.582Z","level":"INFO","device":"100000000010","event":"GPS_SENT","detail":""}
{"ts":"2026-04-05T23:38:17.606Z","level":"INFO","device":"200000000010","event":"SERVER_ACK","detail":"0x8001 Universal Reply Received"}
{"ts":"2026-04-05T23:38:17.627Z","level":"INFO","device":"200000000008","event":"SERVER_ACK","detail":"0x8001 Universal Reply Received"}
{"ts":"2026-04-05T23:38:17.648Z","level":"INFO","device":"868120100009","event":"RX_MSG","detail":"0x8001 bodyLen=5"}
{"ts":"2026-04-05T23:38:17.648Z","level":"INFO","device":"868120100009","event":"SERVER_ACK","detail":"0x0200 result=OK"}
{"ts":"2026-04-05T23:38:17.700Z","level":"INFO","device":"868120100007","event":"RX_MSG","detail":"0x8001 bodyLen=5"}
{"ts":"2026-04-05T23:38:17.700Z","level":"INFO","device":"868120100007","event":"SERVER_ACK","detail":"0x0800 result=OK"}
{"ts":"2026-04-05T23:38:17.700Z","level":"INFO","device":"868120100007","event":"RX_MSG","detail":"0x8001 bodyLen=5"}
{"ts":"2026-04-05T23:38:17.700Z","level":"INFO","device":"868120100007","event":"SERVER_ACK","detail":"0x0200 result=OK"}
{"ts":"2026-04-05T23:38:17.764Z","level":"INFO","device":"100000000010","event":"RX_MSG","detail":"0x8001 bodyLen=5"}
{"ts":"2026-04-05T23:38:17.765Z","level":"INFO","device":"100000000010","event":"SERVER_ACK","detail":"0x0200 result=OK"}
{"ts":"2026-04-05T23:38:17.771Z","level":"INFO","device":"200000000009","event":"SERVER_ACK","detail":"0x8001 Universal Reply Received"}
{"ts":"2026-04-05T23:38:17.851Z","level":"INFO","device":"868120100008","event":"RX_MSG","detail":"0x8001 bodyLen=5"}
{"ts":"2026-04-05T23:38:17.851Z","level":"INFO","device":"868120100008","event":"SERVER_ACK","detail":"0x0800 result=OK"}
{"ts":"2026-04-05T23:38:17.851Z","level":"INFO","device":"868120100008","event":"RX_MSG","detail":"0x8001 bodyLen=5"}
{"ts":"2026-04-05T23:38:17.851Z","level":"INFO","device":"868120100008","event":"SERVER_ACK","detail":"0x0200 result=OK"}
{"ts":"2026-04-05T23:38:17.947Z","level":"INFO","device":"200000000010","event":"SERVER_ACK","detail":"0x8001 Universal Reply Received"}
{"ts":"2026-04-05T23:38:17.997Z","level":"INFO","device":"868120100009","event":"RX_MSG","detail":"0x8001 bodyLen=5"}
{"ts":"2026-04-05T23:38:17.999Z","level":"INFO","device":"868120100009","event":"SERVER_ACK","detail":"0x0800 result=OK"}
{"ts":"2026-04-05T23:38:17.999Z","level":"INFO","device":"868120100009","event":"RX_MSG","detail":"0x8001 bodyLen=5"}
{"ts":"2026-04-05T23:38:18.000Z","level":"INFO","device":"868120100009","event":"SERVER_ACK","detail":"0x0200 result=OK"}
{"ts":"2026-04-05T23:38:18.075Z","level":"INFO","device":"100000000010","event":"RX_MSG","detail":"0x8001 bodyLen=5"}
{"ts":"2026-04-05T23:38:18.075Z","level":"INFO","device":"100000000010","event":"SERVER_ACK","detail":"0x0800 result=OK"}
{"ts":"2026-04-05T23:38:18.075Z","level":"INFO","device":"100000000010","event":"RX_MSG","detail":"0x8001 bodyLen=5"}
{"ts":"2026-04-05T23:38:18.076Z","level":"INFO","device":"100000000010","event":"SERVER_ACK","detail":"0x0200 result=OK"}
{"ts":"2026-04-05T23:38:31.139Z","level":"INFO","device":"291078985963","event":"OBD2_SENT_0x0200","detail":"Lat: 51.714031, Lng: 0.514786 | Speed: 45km/h | RPM: 2614"}
{"ts":"2026-04-05T23:38:31.202Z","level":"INFO","device":"200000000002","event":"OBD2_SENT_0x0200","detail":"Lat: 51.716326, Lng: 0.504568 | Speed: 50km/h | RPM: 2793"}
{"ts":"2026-04-05T23:38:31.344Z","level":"INFO","device":"291078985963","event":"SERVER_ACK","detail":"0x8001 Universal Reply Received"}
{"ts":"2026-04-05T23:38:31.351Z","level":"INFO","device":"200000000003","event":"OBD2_SENT_0x0200","detail":"Lat: 51.737680, Lng: 0.474838 | Speed: 64km/h | RPM: 3372"}
{"ts":"2026-04-05T23:38:31.405Z","level":"INFO","device":"200000000002","event":"SERVER_ACK","detail":"0x8001 Universal Reply Received"}
{"ts":"2026-04-05T23:38:31.499Z","level":"INFO","device":"200000000004","event":"OBD2_SENT_0x0200","detail":"Lat: 51.720881, Lng: 0.497831 | Speed: 10km/h | RPM: 1212"}
{"ts":"2026-04-05T23:38:31.546Z","level":"INFO","device":"200000000003","event":"SERVER_ACK","detail":"0x8001 Universal Reply Received"}
{"ts":"2026-04-05T23:38:31.650Z","level":"INFO","device":"200000000005","event":"OBD2_SENT_0x0200","detail":"Lat: 51.717085, Lng: 0.502669 | Speed: 27km/h | RPM: 1895"}
{"ts":"2026-04-05T23:38:31.686Z","level":"INFO","device":"200000000004","event":"SERVER_ACK","detail":"0x8001 Universal Reply Received"}
{"ts":"2026-04-05T23:38:31.801Z","level":"INFO","device":"200000000006","event":"OBD2_SENT_0x0200","detail":"Lat: 51.714852, Lng: 0.510090 | Speed: 42km/h | RPM: 2483"}
{"ts":"2026-04-05T23:38:31.864Z","level":"INFO","device":"200000000005","event":"SERVER_ACK","detail":"0x8001 Universal Reply Received"}
{"ts":"2026-04-05T23:38:31.947Z","level":"INFO","device":"200000000007","event":"OBD2_SENT_0x0200","detail":"Lat: 51.715216, Lng: 0.508393 | Speed: 36km/h | RPM: 2256"}
{"ts":"2026-04-05T23:38:32.012Z","level":"INFO","device":"200000000006","event":"SERVER_ACK","detail":"0x8001 Universal Reply Received"}
{"ts":"2026-04-05T23:38:32.103Z","level":"INFO","device":"200000000008","event":"OBD2_SENT_0x0200","detail":"Lat: 51.716173, Lng: 0.504995 | Speed: 39km/h | RPM: 2370"}
{"ts":"2026-04-05T23:38:32.149Z","level":"INFO","device":"200000000007","event":"SERVER_ACK","detail":"0x8001 Universal Reply Received"}
{"ts":"2026-04-05T23:38:32.253Z","level":"INFO","device":"200000000009","event":"OBD2_SENT_0x0200","detail":"Lat: 51.718361, Lng: 0.500308 | Speed: 43km/h | RPM: 2521"}
{"ts":"2026-04-05T23:38:32.305Z","level":"INFO","device":"200000000008","event":"SERVER_ACK","detail":"0x8001 Universal Reply Received"}
{"ts":"2026-04-05T23:38:32.399Z","level":"INFO","device":"200000000010","event":"OBD2_SENT_0x0200","detail":"Lat: 51.717584, Lng: 0.501633 | Speed: 20km/h | RPM: 1609"}
{"ts":"2026-04-05T23:38:32.447Z","level":"INFO","device":"200000000009","event":"SERVER_ACK","detail":"0x8001 Universal Reply Received"}
{"ts":"2026-04-05T23:38:32.610Z","level":"INFO","device":"200000000010","event":"SERVER_ACK","detail":"0x8001 Universal Reply Received"}
{"ts":"2026-04-05T23:38:36.295Z","level":"INFO","device":"291078985963","event":"GPS_SENT","detail":""}
{"ts":"2026-04-05T23:38:36.401Z","level":"INFO","device":"868120100002","event":"GPS_SENT","detail":""}
{"ts":"2026-04-05T23:38:36.507Z","level":"INFO","device":"291078985963","event":"RX_MSG","detail":"0x8001 bodyLen=5"}
{"ts":"2026-04-05T23:38:36.508Z","level":"INFO","device":"291078985963","event":"SERVER_ACK","detail":"0x0200 result=OK"}
{"ts":"2026-04-05T23:38:36.551Z","level":"INFO","device":"868120100003","event":"GPS_SENT","detail":""}
{"ts":"2026-04-05T23:38:36.606Z","level":"INFO","device":"868120100002","event":"RX_MSG","detail":"0x8001 bodyLen=5"}
{"ts":"2026-04-05T23:38:36.606Z","level":"INFO","device":"868120100002","event":"SERVER_ACK","detail":"0x0200 result=OK"}
{"ts":"2026-04-05T23:38:36.696Z","level":"INFO","device":"868120100004","event":"GPS_SENT","detail":""}
{"ts":"2026-04-05T23:38:36.754Z","level":"INFO","device":"868120100003","event":"RX_MSG","detail":"0x8001 bodyLen=5"}
{"ts":"2026-04-05T23:38:36.755Z","level":"INFO","device":"868120100003","event":"SERVER_ACK","detail":"0x0200 result=OK"}
{"ts":"2026-04-05T23:38:36.861Z","level":"INFO","device":"868120100005","event":"GPS_SENT","detail":""}
{"ts":"2026-04-05T23:38:36.889Z","level":"INFO","device":"868120100004","event":"RX_MSG","detail":"0x8001 bodyLen=5"}
{"ts":"2026-04-05T23:38:36.889Z","level":"INFO","device":"868120100004","event":"SERVER_ACK","detail":"0x0200 result=OK"}
{"ts":"2026-04-05T23:38:37.000Z","level":"INFO","device":"868120100006","event":"GPS_SENT","detail":""}
{"ts":"2026-04-05T23:38:37.073Z","level":"INFO","device":"868120100005","event":"RX_MSG","detail":"0x8001 bodyLen=5"}
{"ts":"2026-04-05T23:38:37.073Z","level":"INFO","device":"868120100005","event":"SERVER_ACK","detail":"0x0200 result=OK"}
{"ts":"2026-04-05T23:38:37.161Z","level":"INFO","device":"868120100007","event":"GPS_SENT","detail":""}
{"ts":"2026-04-05T23:38:37.200Z","level":"INFO","device":"868120100006","event":"RX_MSG","detail":"0x8001 bodyLen=5"}
{"ts":"2026-04-05T23:38:37.201Z","level":"INFO","device":"868120100006","event":"SERVER_ACK","detail":"0x0200 result=OK"}
{"ts":"2026-04-05T23:38:37.318Z","level":"INFO","device":"868120100008","event":"GPS_SENT","detail":""}
{"ts":"2026-04-05T23:38:37.374Z","level":"INFO","device":"868120100007","event":"RX_MSG","detail":"0x8001 bodyLen=5"}
{"ts":"2026-04-05T23:38:37.375Z","level":"INFO","device":"868120100007","event":"SERVER_ACK","detail":"0x0200 result=OK"}
{"ts":"2026-04-05T23:38:37.453Z","level":"INFO","device":"868120100009","event":"GPS_SENT","detail":""}
{"ts":"2026-04-05T23:38:37.529Z","level":"INFO","device":"868120100008","event":"RX_MSG","detail":"0x8001 bodyLen=5"}
{"ts":"2026-04-05T23:38:37.530Z","level":"INFO","device":"868120100008","event":"SERVER_ACK","detail":"0x0200 result=OK"}
{"ts":"2026-04-05T23:38:37.582Z","level":"INFO","device":"100000000010","event":"GPS_SENT","detail":""}
{"ts":"2026-04-05T23:38:37.652Z","level":"INFO","device":"868120100009","event":"RX_MSG","detail":"0x8001 bodyLen=5"}
{"ts":"2026-04-05T23:38:37.653Z","level":"INFO","device":"868120100009","event":"SERVER_ACK","detail":"0x0200 result=OK"}
{"ts":"2026-04-05T23:38:37.767Z","level":"INFO","device":"100000000010","event":"RX_MSG","detail":"0x8001 bodyLen=5"}
{"ts":"2026-04-05T23:38:37.767Z","level":"INFO","device":"100000000010","event":"SERVER_ACK","detail":"0x0200 result=OK"}
{"ts":"2026-04-05T23:38:46.111Z","level":"INFO","device":"291078985963","event":"HEARTBEAT_SENT","detail":"0x0002"}
{"ts":"2026-04-05T23:38:46.141Z","level":"INFO","device":"291078985963","event":"OBD2_SENT_0x0200","detail":"Lat: 51.736297, Lng: 0.469055 | Speed: 43km/h | RPM: 2508"}
{"ts":"2026-04-05T23:38:46.197Z","level":"INFO","device":"200000000002","event":"HEARTBEAT_SENT","detail":"0x0002"}
{"ts":"2026-04-05T23:38:46.201Z","level":"INFO","device":"200000000002","event":"OBD2_SENT_0x0200","detail":"Lat: 51.715526, Lng: 0.507210 | Speed: 50km/h | RPM: 2817"}
{"ts":"2026-04-05T23:38:46.316Z","level":"INFO","device":"291078985963","event":"SERVER_ACK","detail":"0x8001 Universal Reply Received"}
{"ts":"2026-04-05T23:38:46.345Z","level":"INFO","device":"200000000003","event":"HEARTBEAT_SENT","detail":"0x0002"}
{"ts":"2026-04-05T23:38:46.351Z","level":"INFO","device":"200000000003","event":"OBD2_SENT_0x0200","detail":"Lat: 51.737506, Lng: 0.478575 | Speed: 63km/h | RPM: 3321"}
{"ts":"2026-04-05T23:38:46.398Z","level":"INFO","device":"200000000002","event":"SERVER_ACK","detail":"0x8001 Universal Reply Received"}
{"ts":"2026-04-05T23:38:46.493Z","level":"INFO","device":"200000000004","event":"HEARTBEAT_SENT","detail":"0x0002"}
{"ts":"2026-04-05T23:38:46.499Z","level":"INFO","device":"200000000004","event":"OBD2_SENT_0x0200","detail":"Lat: 51.720524, Lng: 0.498061 | Speed: 10km/h | RPM: 1207"}
{"ts":"2026-04-05T23:38:46.529Z","level":"INFO","device":"200000000003","event":"SERVER_ACK","detail":"0x8001 Universal Reply Received"}
{"ts":"2026-04-05T23:38:46.630Z","level":"INFO","device":"291078985963","event":"SERVER_ACK","detail":"0x8001 Universal Reply Received"}
{"ts":"2026-04-05T23:38:46.647Z","level":"INFO","device":"200000000005","event":"HEARTBEAT_SENT","detail":"0x0002"}
{"ts":"2026-04-05T23:38:46.650Z","level":"INFO","device":"200000000005","event":"OBD2_SENT_0x0200","detail":"Lat: 51.716544, Lng: 0.503957 | Speed: 26km/h | RPM: 1835"}
{"ts":"2026-04-05T23:38:46.679Z","level":"INFO","device":"200000000004","event":"SERVER_ACK","detail":"0x8001 Universal Reply Received"}
{"ts":"2026-04-05T23:38:46.693Z","level":"INFO","device":"200000000002","event":"SERVER_ACK","detail":"0x8001 Universal Reply Received"}
{"ts":"2026-04-05T23:38:46.798Z","level":"INFO","device":"200000000006","event":"HEARTBEAT_SENT","detail":"0x0002"}
{"ts":"2026-04-05T23:38:46.801Z","level":"INFO","device":"200000000006","event":"OBD2_SENT_0x0200","detail":"Lat: 51.714360, Lng: 0.512477 | Speed: 42km/h | RPM: 2470"}
{"ts":"2026-04-05T23:38:46.847Z","level":"INFO","device":"200000000003","event":"SERVER_ACK","detail":"0x8001 Universal Reply Received"}
{"ts":"2026-04-05T23:38:46.858Z","level":"INFO","device":"200000000005","event":"SERVER_ACK","detail":"0x8001 Universal Reply Received"}
{"ts":"2026-04-05T23:38:46.947Z","level":"INFO","device":"200000000007","event":"HEARTBEAT_SENT","detail":"0x0002"}
{"ts":"2026-04-05T23:38:46.947Z","level":"INFO","device":"200000000007","event":"OBD2_SENT_0x0200","detail":"Lat: 51.714734, Lng: 0.510641 | Speed: 39km/h | RPM: 2373"}
{"ts":"2026-04-05T23:38:46.973Z","level":"INFO","device":"200000000004","event":"SERVER_ACK","detail":"0x8001 Universal Reply Received"}
{"ts":"2026-04-05T23:38:47.008Z","level":"INFO","device":"200000000006","event":"SERVER_ACK","detail":"0x8001 Universal Reply Received"}
{"ts":"2026-04-05T23:38:47.097Z","level":"INFO","device":"200000000008","event":"HEARTBEAT_SENT","detail":"0x0002"}
{"ts":"2026-04-05T23:38:47.103Z","level":"INFO","device":"200000000008","event":"OBD2_SENT_0x0200","detail":"Lat: 51.715583, Lng: 0.507010 | Speed: 38km/h | RPM: 2337"}
{"ts":"2026-04-05T23:38:47.148Z","level":"INFO","device":"200000000007","event":"SERVER_ACK","detail":"0x8001 Universal Reply Received"}
{"ts":"2026-04-05T23:38:47.186Z","level":"INFO","device":"200000000005","event":"SERVER_ACK","detail":"0x8001 Universal Reply Received"}
{"ts":"2026-04-05T23:38:47.246Z","level":"INFO","device":"200000000009","event":"HEARTBEAT_SENT","detail":"0x0002"}
{"ts":"2026-04-05T23:38:47.253Z","level":"INFO","device":"200000000009","event":"OBD2_SENT_0x0200","detail":"Lat: 51.717282, Lng: 0.502236 | Speed: 43km/h | RPM: 2501"}
{"ts":"2026-04-05T23:38:47.300Z","level":"INFO","device":"200000000008","event":"SERVER_ACK","detail":"0x8001 Universal Reply Received"}
{"ts":"2026-04-05T23:38:47.340Z","level":"INFO","device":"200000000006","event":"SERVER_ACK","detail":"0x8001 Universal Reply Received"}
{"ts":"2026-04-05T23:38:47.396Z","level":"INFO","device":"200000000010","event":"HEARTBEAT_SENT","detail":"0x0002"}
{"ts":"2026-04-05T23:38:47.399Z","level":"INFO","device":"200000000010","event":"OBD2_SENT_0x0200","detail":"Lat: 51.717192, Lng: 0.502418 | Speed: 17km/h | RPM: 1467"}
{"ts":"2026-04-05T23:38:47.442Z","level":"INFO","device":"200000000009","event":"SERVER_ACK","detail":"0x8001 Universal Reply Received"}
{"ts":"2026-04-05T23:38:47.456Z","level":"INFO","device":"200000000007","event":"SERVER_ACK","detail":"0x8001 Universal Reply Received"}
{"ts":"2026-04-05T23:38:47.608Z","level":"INFO","device":"200000000010","event":"SERVER_ACK","detail":"0x8001 Universal Reply Received"}
{"ts":"2026-04-05T23:38:47.741Z","level":"INFO","device":"200000000008","event":"SERVER_ACK","detail":"0x8001 Universal Reply Received"}
{"ts":"2026-04-05T23:38:47.758Z","level":"INFO","device":"200000000009","event":"SERVER_ACK","detail":"0x8001 Universal Reply Received"}
{"ts":"2026-04-05T23:38:47.931Z","level":"INFO","device":"200000000010","event":"SERVER_ACK","detail":"0x8001 Universal Reply Received"}
{"ts":"2026-04-05T23:38:49.377Z","level":"INFO","device":"100000000010","event":"RECONNECTING","detail":"attempt 1, backoff 1841ms"}
{"ts":"2026-04-05T23:38:49.379Z","level":"INFO","device":"868120100008","event":"RECONNECTING","detail":"attempt 1, backoff 1561ms"}
{"ts":"2026-04-05T23:38:49.379Z","level":"INFO","device":"868120100003","event":"RECONNECTING","detail":"attempt 1, backoff 1765ms"}
{"ts":"2026-04-05T23:38:49.379Z","level":"INFO","device":"868120100002","event":"RECONNECTING","detail":"attempt 1, backoff 1017ms"}
{"ts":"2026-04-05T23:38:49.379Z","level":"INFO","device":"868120100006","event":"RECONNECTING","detail":"attempt 1, backoff 1397ms"}
{"ts":"2026-04-05T23:38:49.382Z","level":"INFO","device":"868120100009","event":"RECONNECTING","detail":"attempt 1, backoff 1391ms"}
{"ts":"2026-04-05T23:38:49.383Z","level":"INFO","device":"868120100004","event":"RECONNECTING","detail":"attempt 1, backoff 1376ms"}
{"ts":"2026-04-05T23:38:49.384Z","level":"INFO","device":"868120100005","event":"RECONNECTING","detail":"attempt 1, backoff 1434ms"}
{"ts":"2026-04-05T23:38:49.385Z","level":"INFO","device":"291078985963","event":"RECONNECTING","detail":"attempt 1, backoff 1786ms"}
{"ts":"2026-04-05T23:38:49.386Z","level":"INFO","device":"868120100007","event":"RECONNECTING","detail":"attempt 1, backoff 1402ms"}
{"ts":"2026-04-05T23:38:50.582Z","level":"INFO","device":"868120100002","event":"CONNECTED","detail":"id:868120100002"}
{"ts":"2026-04-05T23:38:50.778Z","level":"INFO","device":"868120100002","event":"RX_MSG","detail":"0x8001 bodyLen=5"}
{"ts":"2026-04-05T23:38:50.779Z","level":"INFO","device":"868120100002","event":"SERVER_ACK","detail":"0x0102 result=OK"}
{"ts":"2026-04-05T23:38:50.970Z","level":"INFO","device":"868120100006","event":"CONNECTED","detail":"id:868120100006"}
{"ts":"2026-04-05T23:38:50.970Z","level":"INFO","device":"868120100004","event":"CONNECTED","detail":"id:868120100004"}
{"ts":"2026-04-05T23:38:50.975Z","level":"INFO","device":"868120100009","event":"CONNECTED","detail":"id:868120100009"}
{"ts":"2026-04-05T23:38:50.990Z","level":"INFO","device":"868120100007","event":"CONNECTED","detail":"id:868120100007"}
{"ts":"2026-04-05T23:38:51.019Z","level":"INFO","device":"868120100005","event":"CONNECTED","detail":"id:868120100005"}
{"ts":"2026-04-05T23:38:51.152Z","level":"INFO","device":"868120100008","event":"CONNECTED","detail":"id:868120100008"}
{"ts":"2026-04-05T23:38:51.172Z","level":"INFO","device":"868120100006","event":"RX_MSG","detail":"0x8001 bodyLen=5"}
{"ts":"2026-04-05T23:38:51.173Z","level":"INFO","device":"868120100006","event":"SERVER_ACK","detail":"0x0102 result=OK"}
{"ts":"2026-04-05T23:38:51.178Z","level":"INFO","device":"868120100009","event":"RX_MSG","detail":"0x8001 bodyLen=5"}
{"ts":"2026-04-05T23:38:51.178Z","level":"INFO","device":"868120100009","event":"SERVER_ACK","detail":"0x0102 result=OK"}
{"ts":"2026-04-05T23:38:51.182Z","level":"INFO","device":"868120100004","event":"RX_MSG","detail":"0x8001 bodyLen=5"}
{"ts":"2026-04-05T23:38:51.182Z","level":"INFO","device":"868120100004","event":"SERVER_ACK","detail":"0x0102 result=OK"}
{"ts":"2026-04-05T23:38:51.193Z","level":"INFO","device":"868120100007","event":"RX_MSG","detail":"0x8001 bodyLen=5"}
{"ts":"2026-04-05T23:38:51.195Z","level":"INFO","device":"868120100007","event":"SERVER_ACK","detail":"0x0102 result=OK"}
{"ts":"2026-04-05T23:38:51.223Z","level":"INFO","device":"868120100005","event":"RX_MSG","detail":"0x8001 bodyLen=5"}
{"ts":"2026-04-05T23:38:51.223Z","level":"INFO","device":"868120100005","event":"SERVER_ACK","detail":"0x0102 result=OK"}
{"ts":"2026-04-05T23:38:51.336Z","level":"INFO","device":"868120100003","event":"CONNECTED","detail":"id:868120100003"}
{"ts":"2026-04-05T23:38:51.366Z","level":"INFO","device":"868120100008","event":"RX_MSG","detail":"0x8001 bodyLen=5"}
{"ts":"2026-04-05T23:38:51.366Z","level":"INFO","device":"868120100008","event":"SERVER_ACK","detail":"0x0102 result=OK"}
{"ts":"2026-04-05T23:38:51.373Z","level":"INFO","device":"291078985963","event":"CONNECTED","detail":"id:291078985963"}
{"ts":"2026-04-05T23:38:51.420Z","level":"INFO","device":"100000000010","event":"CONNECTED","detail":"id:100000000010"}
{"ts":"2026-04-05T23:38:51.536Z","level":"INFO","device":"868120100003","event":"RX_MSG","detail":"0x8001 bodyLen=5"}
{"ts":"2026-04-05T23:38:51.536Z","level":"INFO","device":"868120100003","event":"SERVER_ACK","detail":"0x0102 result=OK"}
{"ts":"2026-04-05T23:38:51.579Z","level":"INFO","device":"291078985963","event":"RX_MSG","detail":"0x8001 bodyLen=5"}
{"ts":"2026-04-05T23:38:51.579Z","level":"INFO","device":"291078985963","event":"SERVER_ACK","detail":"0x0102 result=OK"}
{"ts":"2026-04-05T23:38:51.629Z","level":"INFO","device":"100000000010","event":"RX_MSG","detail":"0x8001 bodyLen=5"}
{"ts":"2026-04-05T23:38:51.629Z","level":"INFO","device":"100000000010","event":"SERVER_ACK","detail":"0x0102 result=OK"}
{"ts":"2026-04-05T23:39:01.147Z","level":"INFO","device":"291078985963","event":"OBD2_SENT_0x0200","detail":"Lat: 51.736864, Lng: 0.470904 | Speed: 38km/h | RPM: 2321"}
{"ts":"2026-04-05T23:39:01.202Z","level":"INFO","device":"200000000002","event":"OBD2_SENT_0x0200","detail":"Lat: 51.714910, Lng: 0.509822 | Speed: 48km/h | RPM: 2702"}
{"ts":"2026-04-05T23:39:01.352Z","level":"INFO","device":"200000000003","event":"OBD2_SENT_0x0200","detail":"Lat: 51.735992, Lng: 0.481276 | Speed: 65km/h | RPM: 3395"}
{"ts":"2026-04-05T23:39:01.352Z","level":"INFO","device":"291078985963","event":"SERVER_ACK","detail":"0x8001 Universal Reply Received"}
{"ts":"2026-04-05T23:39:01.404Z","level":"INFO","device":"200000000002","event":"SERVER_ACK","detail":"0x8001 Universal Reply Received"}
{"ts":"2026-04-05T23:39:01.499Z","level":"INFO","device":"200000000004","event":"OBD2_SENT_0x0200","detail":"Lat: 51.720297, Lng: 0.498242 | Speed: 7km/h | RPM: 1070"}
{"ts":"2026-04-05T23:39:01.538Z","level":"INFO","device":"200000000003","event":"SERVER_ACK","detail":"0x8001 Universal Reply Received"}
{"ts":"2026-04-05T23:39:01.650Z","level":"INFO","device":"200000000005","event":"OBD2_SENT_0x0200","detail":"Lat: 51.716049, Lng: 0.505377 | Speed: 27km/h | RPM: 1884"}
{"ts":"2026-04-05T23:39:01.686Z","level":"INFO","device":"200000000004","event":"SERVER_ACK","detail":"0x8001 Universal Reply Received"}
{"ts":"2026-04-05T23:39:01.801Z","level":"INFO","device":"200000000006","event":"OBD2_SENT_0x0200","detail":"Lat: 51.714030, Lng: 0.514792 | Speed: 39km/h | RPM: 2371"}
{"ts":"2026-04-05T23:39:01.862Z","level":"INFO","device":"200000000005","event":"SERVER_ACK","detail":"0x8001 Universal Reply Received"}
{"ts":"2026-04-05T23:39:01.948Z","level":"INFO","device":"200000000007","event":"OBD2_SENT_0x0200","detail":"Lat: 51.714287, Lng: 0.512994 | Speed: 41km/h | RPM: 2447"}
{"ts":"2026-04-05T23:39:02.012Z","level":"INFO","device":"200000000006","event":"SERVER_ACK","detail":"0x8001 Universal Reply Received"}
{"ts":"2026-04-05T23:39:02.104Z","level":"INFO","device":"200000000008","event":"OBD2_SENT_0x0200","detail":"Lat: 51.715029, Lng: 0.509263 | Speed: 41km/h | RPM: 2441"}
{"ts":"2026-04-05T23:39:02.150Z","level":"INFO","device":"200000000007","event":"SERVER_ACK","detail":"0x8001 Universal Reply Received"}
{"ts":"2026-04-05T23:39:02.253Z","level":"INFO","device":"200000000009","event":"OBD2_SENT_0x0200","detail":"Lat: 51.716515, Lng: 0.504038 | Speed: 38km/h | RPM: 2332"}
{"ts":"2026-04-05T23:39:02.307Z","level":"INFO","device":"200000000008","event":"SERVER_ACK","detail":"0x8001 Universal Reply Received"}
{"ts":"2026-04-05T23:39:02.399Z","level":"INFO","device":"200000000010","event":"OBD2_SENT_0x0200","detail":"Lat: 51.716818, Lng: 0.503291 | Speed: 18km/h | RPM: 1502"}
{"ts":"2026-04-05T23:39:02.446Z","level":"INFO","device":"200000000009","event":"SERVER_ACK","detail":"0x8001 Universal Reply Received"}
{"ts":"2026-04-05T23:39:02.610Z","level":"INFO","device":"200000000010","event":"SERVER_ACK","detail":"0x8001 Universal Reply Received"}
{"ts":"2026-04-05T23:39:10.590Z","level":"INFO","device":"868120100002","event":"GPS_SENT","detail":""}
{"ts":"2026-04-05T23:39:10.778Z","level":"INFO","device":"868120100002","event":"RX_MSG","detail":"0x8001 bodyLen=5"}
{"ts":"2026-04-05T23:39:10.778Z","level":"INFO","device":"868120100002","event":"SERVER_ACK","detail":"0x0200 result=OK"}
{"ts":"2026-04-05T23:39:10.970Z","level":"INFO","device":"868120100006","event":"GPS_SENT","detail":""}
{"ts":"2026-04-05T23:39:10.972Z","level":"INFO","device":"868120100004","event":"GPS_SENT","detail":""}
{"ts":"2026-04-05T23:39:10.975Z","level":"INFO","device":"868120100009","event":"GPS_SENT","detail":""}
{"ts":"2026-04-05T23:39:10.991Z","level":"INFO","device":"868120100007","event":"GPS_SENT","detail":""}
{"ts":"2026-04-05T23:39:11.020Z","level":"INFO","device":"868120100005","event":"GPS_SENT","detail":""}
{"ts":"2026-04-05T23:39:11.091Z","level":"INFO","device":"868120100002","event":"RX_MSG","detail":"0x9208 bodyLen=81"}
{"ts":"2026-04-05T23:39:11.092Z","level":"INFO","device":"868120100002","event":"9208_RAW","detail":"0C35342E33372E3232352E36350D32000086812010000200260405233816090200383638313230313030303032303032363034303532333338313630393032303000000000000000000000000000000000"}
{"ts":"2026-04-05T23:39:11.093Z","level":"INFO","device":"868120100002","event":"UPLOAD_TRIGGERED","detail":"media: 54.37.225.65:3378 | alarmId: 86812010000200260405233816090200"}
{"ts":"2026-04-05T23:39:11.093Z","level":"INFO","device":"868120100002","event":"MEDIA_CONNECTING","detail":"54.37.225.65:3378 files=2"}
{"ts":"2026-04-05T23:39:11.152Z","level":"INFO","device":"868120100008","event":"GPS_SENT","detail":""}
{"ts":"2026-04-05T23:39:11.166Z","level":"INFO","device":"868120100006","event":"RX_MSG","detail":"0x8001 bodyLen=5"}
{"ts":"2026-04-05T23:39:11.166Z","level":"INFO","device":"868120100006","event":"SERVER_ACK","detail":"0x0200 result=OK"}
{"ts":"2026-04-05T23:39:11.177Z","level":"INFO","device":"868120100009","event":"RX_MSG","detail":"0x8001 bodyLen=5"}
{"ts":"2026-04-05T23:39:11.177Z","level":"INFO","device":"868120100009","event":"SERVER_ACK","detail":"0x0200 result=OK"}
{"ts":"2026-04-05T23:39:11.182Z","level":"INFO","device":"868120100004","event":"RX_MSG","detail":"0x8001 bodyLen=5"}
{"ts":"2026-04-05T23:39:11.183Z","level":"INFO","device":"868120100004","event":"SERVER_ACK","detail":"0x0200 result=OK"}
{"ts":"2026-04-05T23:39:11.192Z","level":"INFO","device":"868120100007","event":"RX_MSG","detail":"0x8001 bodyLen=5"}
{"ts":"2026-04-05T23:39:11.192Z","level":"INFO","device":"868120100007","event":"SERVER_ACK","detail":"0x0200 result=OK"}
{"ts":"2026-04-05T23:39:11.221Z","level":"INFO","device":"868120100005","event":"RX_MSG","detail":"0x8001 bodyLen=5"}
{"ts":"2026-04-05T23:39:11.221Z","level":"INFO","device":"868120100005","event":"SERVER_ACK","detail":"0x0200 result=OK"}
{"ts":"2026-04-05T23:39:11.304Z","level":"INFO","device":"868120100002","event":"MEDIA_CONNECTED","detail":"54.37.225.65:3378"}
{"ts":"2026-04-05T23:39:11.305Z","level":"INFO","device":"868120100002","event":"FILE_START","detail":"[1/2] 00_64_6401_00_86812010000200260405233816090200.jpg (215 bytes)"}
{"ts":"2026-04-05T23:39:11.306Z","level":"INFO","device":"868120100002","event":"SENT_1210","detail":"00_64_6401_00_86812010000200260405233816090200.jpg"}
{"ts":"2026-04-05T23:39:11.337Z","level":"INFO","device":"868120100003","event":"GPS_SENT","detail":""}
{"ts":"2026-04-05T23:39:11.365Z","level":"INFO","device":"868120100008","event":"RX_MSG","detail":"0x8001 bodyLen=5"}
{"ts":"2026-04-05T23:39:11.365Z","level":"INFO","device":"868120100008","event":"SERVER_ACK","detail":"0x0200 result=OK"}
{"ts":"2026-04-05T23:39:11.373Z","level":"INFO","device":"291078985963","event":"GPS_SENT","detail":""}
{"ts":"2026-04-05T23:39:11.422Z","level":"INFO","device":"100000000010","event":"GPS_SENT","detail":""}
{"ts":"2026-04-05T23:39:11.498Z","level":"INFO","device":"868120100006","event":"RX_MSG","detail":"0x9208 bodyLen=81"}
{"ts":"2026-04-05T23:39:11.499Z","level":"INFO","device":"868120100006","event":"9208_RAW","detail":"0C35342E33372E3232352E36350D32000086812010000600260405233816090200383638313230313030303036303032363034303532333338313630393032303000000000000000000000000000000000"}
{"ts":"2026-04-05T23:39:11.499Z","level":"INFO","device":"868120100006","event":"UPLOAD_TRIGGERED","detail":"media: 54.37.225.65:3378 | alarmId: 86812010000600260405233816090200"}
{"ts":"2026-04-05T23:39:11.499Z","level":"INFO","device":"868120100006","event":"MEDIA_CONNECTING","detail":"54.37.225.65:3378 files=2"}
{"ts":"2026-04-05T23:39:11.505Z","level":"INFO","device":"868120100009","event":"RX_MSG","detail":"0x9208 bodyLen=81"}
{"ts":"2026-04-05T23:39:11.505Z","level":"INFO","device":"868120100009","event":"9208_RAW","detail":"0C35342E33372E3232352E36350D32000086812010000900260405233817090200383638313230313030303039303032363034303532333338313730393032303000000000000000000000000000000000"}
{"ts":"2026-04-05T23:39:11.505Z","level":"INFO","device":"868120100009","event":"UPLOAD_TRIGGERED","detail":"media: 54.37.225.65:3378 | alarmId: 86812010000900260405233817090200"}
{"ts":"2026-04-05T23:39:11.505Z","level":"INFO","device":"868120100009","event":"MEDIA_CONNECTING","detail":"54.37.225.65:3378 files=2"}
{"ts":"2026-04-05T23:39:11.530Z","level":"INFO","device":"868120100002","event":"MEDIA_RX","detail":"7E 80 01 00 05 86 81 20 10 00 02 5D 28 00 00 12 10 00 C6 7E"}
{"ts":"2026-04-05T23:39:11.531Z","level":"INFO","device":"868120100003","event":"RX_MSG","detail":"0x8001 bodyLen=5"}
{"ts":"2026-04-05T23:39:11.531Z","level":"INFO","device":"868120100003","event":"SERVER_ACK","detail":"0x0200 result=OK"}
{"ts":"2026-04-05T23:39:11.536Z","level":"INFO","device":"868120100007","event":"RX_MSG","detail":"0x9208 bodyLen=81"}
{"ts":"2026-04-05T23:39:11.536Z","level":"INFO","device":"868120100007","event":"9208_RAW","detail":"0C35342E33372E3232352E36350D32000086812010000700260405233817090200383638313230313030303037303032363034303532333338313730393032303000000000000000000000000000000000"}
{"ts":"2026-04-05T23:39:11.536Z","level":"INFO","device":"868120100007","event":"UPLOAD_TRIGGERED","detail":"media: 54.37.225.65:3378 | alarmId: 86812010000700260405233817090200"}
{"ts":"2026-04-05T23:39:11.536Z","level":"INFO","device":"868120100007","event":"MEDIA_CONNECTING","detail":"54.37.225.65:3378 files=2"}
{"ts":"2026-04-05T23:39:11.545Z","level":"INFO","device":"868120100004","event":"RX_MSG","detail":"0x9208 bodyLen=81"}
{"ts":"2026-04-05T23:39:11.545Z","level":"INFO","device":"868120100004","event":"9208_RAW","detail":"0C35342E33372E3232352E36350D32000086812010000400260405233816090200383638313230313030303034303032363034303532333338313630393032303000000000000000000000000000000000"}
{"ts":"2026-04-05T23:39:11.545Z","level":"INFO","device":"868120100004","event":"UPLOAD_TRIGGERED","detail":"media: 54.37.225.65:3378 | alarmId: 86812010000400260405233816090200"}
{"ts":"2026-04-05T23:39:11.546Z","level":"INFO","device":"868120100004","event":"MEDIA_CONNECTING","detail":"54.37.225.65:3378 files=2"}
{"ts":"2026-04-05T23:39:11.567Z","level":"INFO","device":"868120100005","event":"RX_MSG","detail":"0x9208 bodyLen=81"}
{"ts":"2026-04-05T23:39:11.567Z","level":"INFO","device":"868120100005","event":"9208_RAW","detail":"0C35342E33372E3232352E36350D32000086812010000500260405233816090200383638313230313030303035303032363034303532333338313630393032303000000000000000000000000000000000"}
{"ts":"2026-04-05T23:39:11.567Z","level":"INFO","device":"868120100005","event":"UPLOAD_TRIGGERED","detail":"media: 54.37.225.65:3378 | alarmId: 86812010000500260405233816090200"}
{"ts":"2026-04-05T23:39:11.567Z","level":"INFO","device":"868120100005","event":"MEDIA_CONNECTING","detail":"54.37.225.65:3378 files=2"}
{"ts":"2026-04-05T23:39:11.575Z","level":"INFO","device":"291078985963","event":"RX_MSG","detail":"0x8001 bodyLen=5"}
{"ts":"2026-04-05T23:39:11.575Z","level":"INFO","device":"291078985963","event":"SERVER_ACK","detail":"0x0200 result=OK"}
{"ts":"2026-04-05T23:39:11.608Z","level":"INFO","device":"868120100002","event":"SENT_1212","detail":"00_64_6401_00_86812010000200260405233816090200.jpg"}
{"ts":"2026-04-05T23:39:11.625Z","level":"INFO","device":"100000000010","event":"RX_MSG","detail":"0x8001 bodyLen=5"}
{"ts":"2026-04-05T23:39:11.625Z","level":"INFO","device":"100000000010","event":"SERVER_ACK","detail":"0x0200 result=OK"}
{"ts":"2026-04-05T23:39:11.702Z","level":"INFO","device":"868120100008","event":"RX_MSG","detail":"0x9208 bodyLen=81"}
{"ts":"2026-04-05T23:39:11.702Z","level":"INFO","device":"868120100008","event":"9208_RAW","detail":"0C35342E33372E3232352E36350D32000086812010000800260405233817090200383638313230313030303038303032363034303532333338313730393032303000000000000000000000000000000000"}
{"ts":"2026-04-05T23:39:11.702Z","level":"INFO","device":"868120100008","event":"UPLOAD_TRIGGERED","detail":"media: 54.37.225.65:3378 | alarmId: 86812010000800260405233817090200"}
{"ts":"2026-04-05T23:39:11.702Z","level":"INFO","device":"868120100008","event":"MEDIA_CONNECTING","detail":"54.37.225.65:3378 files=2"}
{"ts":"2026-04-05T23:39:11.706Z","level":"INFO","device":"868120100009","event":"MEDIA_CONNECTED","detail":"54.37.225.65:3378"}
{"ts":"2026-04-05T23:39:11.706Z","level":"INFO","device":"868120100009","event":"FILE_START","detail":"[1/2] 00_64_6401_00_86812010000900260405233817090200.jpg (215 bytes)"}
{"ts":"2026-04-05T23:39:11.707Z","level":"INFO","device":"868120100009","event":"SENT_1210","detail":"00_64_6401_00_86812010000900260405233817090200.jpg"}
{"ts":"2026-04-05T23:39:11.710Z","level":"INFO","device":"868120100006","event":"MEDIA_CONNECTED","detail":"54.37.225.65:3378"}
{"ts":"2026-04-05T23:39:11.710Z","level":"INFO","device":"868120100006","event":"FILE_START","detail":"[1/2] 00_64_6401_00_86812010000600260405233816090200.jpg (215 bytes)"}
{"ts":"2026-04-05T23:39:11.710Z","level":"INFO","device":"868120100006","event":"SENT_1210","detail":"00_64_6401_00_86812010000600260405233816090200.jpg"}
{"ts":"2026-04-05T23:39:11.738Z","level":"INFO","device":"868120100002","event":"MEDIA_RX","detail":"7E 80 01 00 05 86 81 20 10 00 02 7C 6A 00 01 12 11 00 A5 7E"}
{"ts":"2026-04-05T23:39:11.746Z","level":"INFO","device":"868120100007","event":"MEDIA_CONNECTED","detail":"54.37.225.65:3378"}
{"ts":"2026-04-05T23:39:11.747Z","level":"INFO","device":"868120100007","event":"FILE_START","detail":"[1/2] 00_64_6401_00_86812010000700260405233817090200.jpg (215 bytes)"}
{"ts":"2026-04-05T23:39:11.747Z","level":"INFO","device":"868120100007","event":"SENT_1210","detail":"00_64_6401_00_86812010000700260405233817090200.jpg"}
{"ts":"2026-04-05T23:39:11.748Z","level":"INFO","device":"868120100004","event":"MEDIA_CONNECTED","detail":"54.37.225.65:3378"}
{"ts":"2026-04-05T23:39:11.748Z","level":"INFO","device":"868120100004","event":"FILE_START","detail":"[1/2] 00_64_6401_00_86812010000400260405233816090200.jpg (215 bytes)"}
{"ts":"2026-04-05T23:39:11.748Z","level":"INFO","device":"868120100004","event":"SENT_1210","detail":"00_64_6401_00_86812010000400260405233816090200.jpg"}
{"ts":"2026-04-05T23:39:11.770Z","level":"INFO","device":"868120100005","event":"MEDIA_CONNECTED","detail":"54.37.225.65:3378"}
{"ts":"2026-04-05T23:39:11.770Z","level":"INFO","device":"868120100005","event":"FILE_START","detail":"[1/2] 00_64_6401_00_86812010000500260405233816090200.jpg (215 bytes)"}
{"ts":"2026-04-05T23:39:11.770Z","level":"INFO","device":"868120100005","event":"SENT_1210","detail":"00_64_6401_00_86812010000500260405233816090200.jpg"}
{"ts":"2026-04-05T23:39:11.844Z","level":"INFO","device":"868120100003","event":"RX_MSG","detail":"0x9208 bodyLen=81"}
{"ts":"2026-04-05T23:39:11.845Z","level":"INFO","device":"868120100003","event":"9208_RAW","detail":"0C35342E33372E3232352E36350D32000086812010000300260405233816090200383638313230313030303033303032363034303532333338313630393032303000000000000000000000000000000000"}
{"ts":"2026-04-05T23:39:11.845Z","level":"INFO","device":"868120100003","event":"UPLOAD_TRIGGERED","detail":"media: 54.37.225.65:3378 | alarmId: 86812010000300260405233816090200"}
{"ts":"2026-04-05T23:39:11.845Z","level":"INFO","device":"868120100003","event":"MEDIA_CONNECTING","detail":"54.37.225.65:3378 files=2"}
{"ts":"2026-04-05T23:39:11.884Z","level":"INFO","device":"291078985963","event":"RX_MSG","detail":"0x9208 bodyLen=81"}
{"ts":"2026-04-05T23:39:11.884Z","level":"INFO","device":"291078985963","event":"9208_RAW","detail":"0C35342E33372E3232352E36350D32000029107898596300260405233816090200323931303738393835393633303032363034303532333338313630393032303000000000000000000000000000000000"}
{"ts":"2026-04-05T23:39:11.884Z","level":"INFO","device":"291078985963","event":"UPLOAD_TRIGGERED","detail":"media: 54.37.225.65:3378 | alarmId: 29107898596300260405233816090200"}
{"ts":"2026-04-05T23:39:11.884Z","level":"INFO","device":"291078985963","event":"MEDIA_CONNECTING","detail":"54.37.225.65:3378 files=2"}
{"ts":"2026-04-05T23:39:11.897Z","level":"INFO","device":"868120100008","event":"MEDIA_CONNECTED","detail":"54.37.225.65:3378"}
{"ts":"2026-04-05T23:39:11.897Z","level":"INFO","device":"868120100008","event":"FILE_START","detail":"[1/2] 00_64_6401_00_86812010000800260405233817090200.jpg (215 bytes)"}
{"ts":"2026-04-05T23:39:11.897Z","level":"INFO","device":"868120100008","event":"SENT_1210","detail":"00_64_6401_00_86812010000800260405233817090200.jpg"}
{"ts":"2026-04-05T23:39:11.908Z","level":"INFO","device":"868120100009","event":"MEDIA_RX","detail":"7E 80 01 00 05 86 81 20 10 00 09 7D 02 DA 00 00 12 10 00 1C 7E"}
{"ts":"2026-04-05T23:39:11.908Z","level":"INFO","device":"868120100002","event":"FILE_START","detail":"[2/2] 02_64_6401_03_86812010000200260405233816090200.mp4 (65536 bytes)"}
{"ts":"2026-04-05T23:39:11.908Z","level":"INFO","device":"868120100002","event":"SENT_1210","detail":"02_64_6401_03_86812010000200260405233816090200.mp4"}
{"ts":"2026-04-05T23:39:11.921Z","level":"INFO","device":"868120100006","event":"MEDIA_RX","detail":"7E 80 01 00 05 86 81 20 10 00 06 22 51 00 00 12 10 00 C4 7E"}
{"ts":"2026-04-05T23:39:11.947Z","level":"INFO","device":"100000000010","event":"RX_MSG","detail":"0x9208 bodyLen=81"}
{"ts":"2026-04-05T23:39:11.948Z","level":"INFO","device":"100000000010","event":"9208_RAW","detail":"0C35342E33372E3232352E36350D32000010000000001000260405233817090200313030303030303030303130303032363034303532333338313730393032303000000000000000000000000000000000"}
{"ts":"2026-04-05T23:39:11.948Z","level":"INFO","device":"100000000010","event":"UPLOAD_TRIGGERED","detail":"media: 54.37.225.65:3378 | alarmId: 10000000001000260405233817090200"}
{"ts":"2026-04-05T23:39:11.948Z","level":"INFO","device":"100000000010","event":"MEDIA_CONNECTING","detail":"54.37.225.65:3378 files=2"}
{"ts":"2026-04-05T23:39:11.950Z","level":"INFO","device":"868120100004","event":"MEDIA_RX","detail":"7E 80 01 00 05 86 81 20 10 00 04 35 DD 00 00 12 10 00 5D 7E"}
{"ts":"2026-04-05T23:39:11.957Z","level":"INFO","device":"868120100007","event":"MEDIA_RX","detail":"7E 80 01 00 05 86 81 20 10 00 07 CE 0D 00 00 12 10 00 75 7E"}
{"ts":"2026-04-05T23:39:11.973Z","level":"INFO","device":"868120100005","event":"MEDIA_RX","detail":"7E 80 01 00 05 86 81 20 10 00 05 1E 66 00 00 12 10 00 CC 7E"}
{"ts":"2026-04-05T23:39:12.008Z","level":"INFO","device":"868120100009","event":"SENT_1212","detail":"00_64_6401_00_86812010000900260405233817090200.jpg"}
{"ts":"2026-04-05T23:39:12.033Z","level":"INFO","device":"868120100006","event":"SENT_1212","detail":"00_64_6401_00_86812010000600260405233816090200.jpg"}
{"ts":"2026-04-05T23:39:12.038Z","level":"INFO","device":"868120100003","event":"MEDIA_CONNECTED","detail":"54.37.225.65:3378"}
{"ts":"2026-04-05T23:39:12.038Z","level":"INFO","device":"868120100003","event":"FILE_START","detail":"[1/2] 00_64_6401_00_86812010000300260405233816090200.jpg (215 bytes)"}
{"ts":"2026-04-05T23:39:12.039Z","level":"INFO","device":"868120100003","event":"SENT_1210","detail":"00_64_6401_00_86812010000300260405233816090200.jpg"}
{"ts":"2026-04-05T23:39:12.048Z","level":"INFO","device":"868120100002","event":"MEDIA_RX","detail":"7E 92 12 00 36 86 81 20 10 00 02 FA 40 32 30 30 5F 36 34 5F 36 34 30 31 5F 30 30 5F 38 36 38 31 32 30 31 30 30 30 30 32 30 30 32 36 30 34 30 35 32 33 33 38 31 36 30 39 30 32 30 30 2E 6A 70 67 00 00 00 5C 7E"}
{"ts":"2026-04-05T23:39:12.049Z","level":"INFO","device":"868120100007","event":"SENT_1212","detail":"00_64_6401_00_86812010000700260405233817090200.jpg"}
{"ts":"2026-04-05T23:39:12.049Z","level":"INFO","device":"868120100004","event":"SENT_1212","detail":"00_64_6401_00_86812010000400260405233816090200.jpg"}
{"ts":"2026-04-05T23:39:12.071Z","level":"INFO","device":"291078985963","event":"MEDIA_CONNECTED","detail":"54.37.225.65:3378"}
{"ts":"2026-04-05T23:39:12.071Z","level":"INFO","device":"291078985963","event":"FILE_START","detail":"[1/2] 00_64_6401_00_29107898596300260405233816090200.jpg (215 bytes)"}
{"ts":"2026-04-05T23:39:12.071Z","level":"INFO","device":"291078985963","event":"SENT_1210","detail":"00_64_6401_00_29107898596300260405233816090200.jpg"}
{"ts":"2026-04-05T23:39:12.072Z","level":"INFO","device":"868120100005","event":"SENT_1212","detail":"00_64_6401_00_86812010000500260405233816090200.jpg"}
{"ts":"2026-04-05T23:39:12.093Z","level":"INFO","device":"868120100008","event":"MEDIA_RX","detail":"7E 80 01 00 05 86 81 20 10 00 08 88 47 00 00 12 10 00 76 7E"}
{"ts":"2026-04-05T23:39:12.106Z","level":"INFO","device":"868120100009","event":"MEDIA_RX","detail":"7E 80 01 00 05 86 81 20 10 00 09 EE 43 00 01 12 11 00 15 7E"}
{"ts":"2026-04-05T23:39:12.128Z","level":"INFO","device":"868120100006","event":"MEDIA_RX","detail":"7E 80 01 00 05 86 81 20 10 00 06 8D D1 00 01 12 11 00 EB 7E"}
{"ts":"2026-04-05T23:39:12.150Z","level":"INFO","device":"868120100004","event":"MEDIA_RX","detail":"7E 80 01 00 05 86 81 20 10 00 04 D2 9B 00 01 12 11 00 FC 7E"}
{"ts":"2026-04-05T23:39:12.151Z","level":"INFO","device":"100000000010","event":"MEDIA_CONNECTED","detail":"54.37.225.65:3378"}
{"ts":"2026-04-05T23:39:12.151Z","level":"INFO","device":"100000000010","event":"FILE_START","detail":"[1/2] 00_64_6401_00_10000000001000260405233817090200.jpg (215 bytes)"}
{"ts":"2026-04-05T23:39:12.152Z","level":"INFO","device":"100000000010","event":"SENT_1210","detail":"00_64_6401_00_10000000001000260405233817090200.jpg"}
{"ts":"2026-04-05T23:39:12.165Z","level":"INFO","device":"868120100007","event":"MEDIA_RX","detail":"7E 80 01 00 05 86 81 20 10 00 07 C2 45 00 01 12 11 00 31 7E"}
{"ts":"2026-04-05T23:39:12.173Z","level":"INFO","device":"868120100005","event":"MEDIA_RX","detail":"7E 80 01 00 05 86 81 20 10 00 05 E9 16 00 01 12 11 00 4B 7E"}
{"ts":"2026-04-05T23:39:12.197Z","level":"INFO","device":"868120100008","event":"SENT_1212","detail":"00_64_6401_00_86812010000800260405233817090200.jpg"}
{"ts":"2026-04-05T23:39:12.233Z","level":"INFO","device":"868120100002","event":"SENT_1212","detail":"02_64_6401_03_86812010000200260405233816090200.mp4"}
{"ts":"2026-04-05T23:39:12.242Z","level":"INFO","device":"868120100003","event":"MEDIA_RX","detail":"7E 80 01 00 05 86 81 20 10 00 03 1F 2A 00 00 12 10 00 87 7E"}
{"ts":"2026-04-05T23:39:12.257Z","level":"INFO","device":"291078985963","event":"MEDIA_RX","detail":"7E 80 01 00 05 29 10 78 98 59 63 AF 5B 00 00 12 10 00 91 7E"}
{"ts":"2026-04-05T23:39:12.284Z","level":"INFO","device":"868120100008","event":"MEDIA_RX","detail":"7E 80 01 00 05 86 81 20 10 00 08 02 9F 00 01 12 11 00 24 7E"}
{"ts":"2026-04-05T23:39:12.308Z","level":"INFO","device":"868120100009","event":"FILE_START","detail":"[2/2] 02_64_6401_03_86812010000900260405233817090200.mp4 (65536 bytes)"}
{"ts":"2026-04-05T23:39:12.308Z","level":"INFO","device":"868120100009","event":"SENT_1210","detail":"02_64_6401_03_86812010000900260405233817090200.mp4"}
{"ts":"2026-04-05T23:39:12.325Z","level":"INFO","device":"868120100002","event":"MEDIA_RX","detail":"7E 80 01 00 05 86 81 20 10 00 02 15 A3 00 03 12 10 00 06 7E 7E 80 01 00 05 86 81 20 10 00 02 6D F1 00 04 12 11 00 2A 7E 7E 80 01 00 05 86 81 20 10 00 02 95 26 00 05 12 11 00 04 7E 7E 80 01 00 05 86 81 20 10 00 02 4B AB 00 06 12 11 00 54 7E 7E 80 01 00 05 86 81 20 10 00 02 EE 8A 00 07 12 11 00 D1 7E 7E 80 01 00 05 86 81 20 10 00 02 67 BD 00 08 12 11 00 60 7E 7E 80 01 00 05 86 81 20 10 00 02 98 F3 00 09 12 11 00 D0 7E 7E 80 01 00 05 86 81 20 10 00 02 11 37 00 0A 12 11 00 9E 7E 7E 80 01 00 05 86 81 20 10 00 02 9A B9 00 0B 12 11 00 9A 7E 7E 80 01 00 05 86 81 20 10 00 02 28 ED 00 0C 12 11 00 7B 7E 7E 80 01 00 05 86 81 20 10 00 02 66 77 00 0D 12 11 00 AE 7E 7E 80 01 00 05 86 81 20 10 00 02 3E 09 00 0E 12 11 00 8B 7E 7E 80 01 00 05 86 81 20 10 00 02 4E D5 00 0F 12 11 00 26 7E 7E 80 01 00 05 86 81 20 10 00 02 75 A4 00 10 12 11 00 73 7E 7E 80 01 00 05 86 81 20 10 00 02 7B 4B 00 11 12 11 00 93 7E 7E 80 01 00 05 86 81 20 10 00 02 50 5C 00 12 12 11 00 AC 7E 7E 80 01 00 05 86 81 20 10 00 02 B2 1D 00 13 12 11 00 0E 7E 7E 80 01 00 05 86 81 20 10 00 02 EA CD 00 14 12 11 00 81 7E 7E 80 01 00 05 86 81 20 10 00 02 91 E8 00 15 12 11 00 DE 7E 7E 80 01 00 05 86 81 20 10 00 02 81 94 00 16 12 11 00 B1 7E 7E 80 01 00 05 86 81 20 10 00 02 D3 66 00 17 12 11 00 10 7E 7E 80 01 00 05 86 81 20 10 00 02 B8 8C 00 18 12 11 00 9E 7E 7E 80 01 00 05 86 81 20 10 00 02 64 35 00 19 12 11 00 FA 7E 7E 80 01 00 05 86 81 20 10 00 02 E0 D9 00 1A 12 11 00 91 7E 7E 80 01 00 05 86 81 20 10 00 02 F4 09 00 1B 12 11 00 54 7E 7E 80 01 00 05 86 81 20 10 00 02 C3 D0 00 1C 12 11 00 BD 7E 7E 80 01 00 05 86 81 20 10 00 02 0B 82 00 1D 12 11 00 26 7E 7E 80 01 00 05 86 81 20 10 00 02 02 C7 00 1E 12 11 00 69 7E 7E 80 01 00 05 86 81 20 10 00 02 69 B0 00 1F 12 11 00 74 7E 7E 80 01 00 05 86 81 20 10 00 02 0F 07 00 20 12 11 00 9A 7E 7E 80 01 00 05 86 81 20 10 00 02 F5 9E 00 21 12 11 00 F8 7E 7E 80 01 00 05 86 81 20 10 00 02 52 B0 00 22 12 11 00 72 7E 7E 80 01 00 05 86 81 20 10 00 02 A3 EF 00 23 12 11 00 DD 7E 7E 80 01 00 05 86 81 20 10 00 02 5C FE 00 24 12 11 00 34 7E"}
{"ts":"2026-04-05T23:39:12.332Z","level":"INFO","device":"868120100006","event":"FILE_START","detail":"[2/2] 02_64_6401_03_86812010000600260405233816090200.mp4 (65536 bytes)"}
{"ts":"2026-04-05T23:39:12.333Z","level":"INFO","device":"868120100006","event":"SENT_1210","detail":"02_64_6401_03_86812010000600260405233816090200.mp4"}
{"ts":"2026-04-05T23:39:12.340Z","level":"INFO","device":"868120100003","event":"SENT_1212","detail":"00_64_6401_00_86812010000300260405233816090200.jpg"}
{"ts":"2026-04-05T23:39:12.349Z","level":"INFO","device":"868120100007","event":"FILE_START","detail":"[2/2] 02_64_6401_03_86812010000700260405233817090200.mp4 (65536 bytes)"}
{"ts":"2026-04-05T23:39:12.349Z","level":"INFO","device":"868120100007","event":"SENT_1210","detail":"02_64_6401_03_86812010000700260405233817090200.mp4"}
{"ts":"2026-04-05T23:39:12.350Z","level":"INFO","device":"868120100004","event":"FILE_START","detail":"[2/2] 02_64_6401_03_86812010000400260405233816090200.mp4 (65536 bytes)"}
{"ts":"2026-04-05T23:39:12.350Z","level":"INFO","device":"868120100004","event":"SENT_1210","detail":"02_64_6401_03_86812010000400260405233816090200.mp4"}
{"ts":"2026-04-05T23:39:12.356Z","level":"INFO","device":"100000000010","event":"MEDIA_RX","detail":"7E 80 01 00 05 10 00 00 00 00 10 5F 08 00 00 12 10 00 D1 7E"}
{"ts":"2026-04-05T23:39:12.372Z","level":"INFO","device":"291078985963","event":"SENT_1212","detail":"00_64_6401_00_29107898596300260405233816090200.jpg"}
{"ts":"2026-04-05T23:39:12.373Z","level":"INFO","device":"868120100005","event":"FILE_START","detail":"[2/2] 02_64_6401_03_86812010000500260405233816090200.mp4 (65536 bytes)"}
{"ts":"2026-04-05T23:39:12.373Z","level":"INFO","device":"868120100005","event":"SENT_1210","detail":"02_64_6401_03_86812010000500260405233816090200.mp4"}
{"ts":"2026-04-05T23:39:12.415Z","level":"INFO","device":"868120100009","event":"MEDIA_RX","detail":"7E 92 12 00 36 86 81 20 10 00 09 88 57 32 30 30 5F 36 34 5F 36 34 30 31 5F 30 30 5F 38 36 38 31 32 30 31 30 30 30 30 39 30 30 32 36 30 34 30 35 32 33 33 38 31 37 30 39 30 32 30 30 2E 6A 70 67 00 00 00 38 7E"}
{"ts":"2026-04-05T23:39:12.437Z","level":"INFO","device":"868120100003","event":"MEDIA_RX","detail":"7E 80 01 00 05 86 81 20 10 00 03 F8 FC 00 01 12 11 00 B6 7E"}
{"ts":"2026-04-05T23:39:12.439Z","level":"INFO","device":"291078985963","event":"MEDIA_RX","detail":"7E 80 01 00 05 29 10 78 98 59 63 D1 0A 00 01 12 11 00 BE 7E"}
{"ts":"2026-04-05T23:39:12.456Z","level":"INFO","device":"100000000010","event":"SENT_1212","detail":"00_64_6401_00_10000000001000260405233817090200.jpg"}
{"ts":"2026-04-05T23:39:12.457Z","level":"INFO","device":"868120100006","event":"MEDIA_RX","detail":"7E 92 12 00 36 86 81 20 10 00 06 6F 0E 32 30 30 5F 36 34 5F 36 34 30 31 5F 30 30 5F 38 36 38 31 32 30 31 30 30 30 30 36 30 30 32 36 30 34 30 35 32 33 33 38 31 36 30 39 30 32 30 30 2E 6A 70 67 00 00 00 87 7E"}
{"ts":"2026-04-05T23:39:12.476Z","level":"INFO","device":"868120100004","event":"MEDIA_RX","detail":"7E 92 12 00 36 86 81 20 10 00 04 25 71 32 30 30 5F 36 34 5F 36 34 30 31 5F 30 30 5F 38 36 38 31 32 30 31 30 30 30 30 34 30 30 32 36 30 34 30 35 32 33 33 38 31 36 30 39 30 32 30 30 2E 6A 70 67 00 00 00 B2 7E"}
{"ts":"2026-04-05T23:39:12.477Z","level":"INFO","device":"868120100005","event":"MEDIA_RX","detail":"7E 92 12 00 36 86 81 20 10 00 05 14 41 32 30 30 5F 36 34 5F 36 34 30 31 5F 30 30 5F 38 36 38 31 32 30 31 30 30 30 30 35 30 30 32 36 30 34 30 35 32 33 33 38 31 36 30 39 30 32 30 30 2E 6A 70 67 00 00 00 B3 7E"}
{"ts":"2026-04-05T23:39:12.483Z","level":"INFO","device":"868120100007","event":"MEDIA_RX","detail":"7E 92 12 00 36 86 81 20 10 00 07 12 0F 32 30 30 5F 36 34 5F 36 34 30 31 5F 30 30 5F 38 36 38 31 32 30 31 30 30 30 30 37 30 30 32 36 30 34 30 35 32 33 33 38 31 37 30 39 30 32 30 30 2E 6A 70 67 00 00 00 FA 7E"}
{"ts":"2026-04-05T23:39:12.498Z","level":"INFO","device":"868120100008","event":"FILE_START","detail":"[2/2] 02_64_6401_03_86812010000800260405233817090200.mp4 (65536 bytes)"}
{"ts":"2026-04-05T23:39:12.498Z","level":"INFO","device":"868120100008","event":"SENT_1210","detail":"02_64_6401_03_86812010000800260405233817090200.mp4"}
{"ts":"2026-04-05T23:39:12.533Z","level":"INFO","device":"868120100002","event":"BATCH_COMPLETE","detail":"All 2 files sent"}
{"ts":"2026-04-05T23:39:12.557Z","level":"INFO","device":"100000000010","event":"MEDIA_RX","detail":"7E 80 01 00 05 10 00 00 00 00 10 4A 46 00 01 12 11 00 8A 7E"}
{"ts":"2026-04-05T23:39:12.592Z","level":"INFO","device":"868120100008","event":"MEDIA_RX","detail":"7E 92 12 00 36 86 81 20 10 00 08 A2 E4 32 30 30 5F 36 34 5F 36 34 30 31 5F 30 30 5F 38 36 38 31 32 30 31 30 30 30 30 38 30 30 32 36 30 34 30 35 32 33 33 38 31 37 30 39 30 32 30 30 2E 6A 70 67 00 00 00 A1 7E"}
{"ts":"2026-04-05T23:39:12.611Z","level":"INFO","device":"868120100009","event":"MEDIA_RX","detail":"7E 80 01 00 05 86 81 20 10 00 09 29 DB 00 03 12 10 00 49 7E 7E 80 01 00 05 86 81 20 10 00 09 BA 1C 00 04 12 11 00 1B 7E 7E 80 01 00 05 86 81 20 10 00 09 6D 17 00 05 12 11 00 C6 7E 7E 80 01 00 05 86 81 20 10 00 09 E0 F4 00 06 12 11 00 AB 7E 7E 80 01 00 05 86 81 20 10 00 09 06 15 00 07 12 11 00 AD 7E 7E 80 01 00 05 86 81 20 10 00 09 9C C0 00 08 12 11 00 ED 7E 7E 80 01 00 05 86 81 20 10 00 09 42 97 00 09 12 11 00 65 7E"}
{"ts":"2026-04-05T23:39:12.616Z","level":"INFO","device":"868120100009","event":"SENT_1212","detail":"02_64_6401_03_86812010000900260405233817090200.mp4"}
{"ts":"2026-04-05T23:39:12.637Z","level":"INFO","device":"868120100006","event":"SENT_1212","detail":"02_64_6401_03_86812010000600260405233816090200.mp4"}
{"ts":"2026-04-05T23:39:12.639Z","level":"INFO","device":"868120100003","event":"FILE_START","detail":"[2/2] 02_64_6401_03_86812010000300260405233816090200.mp4 (65536 bytes)"}
{"ts":"2026-04-05T23:39:12.640Z","level":"INFO","device":"868120100003","event":"SENT_1210","detail":"02_64_6401_03_86812010000300260405233816090200.mp4"}
{"ts":"2026-04-05T23:39:12.656Z","level":"INFO","device":"868120100007","event":"SENT_1212","detail":"02_64_6401_03_86812010000700260405233817090200.mp4"}
{"ts":"2026-04-05T23:39:12.657Z","level":"INFO","device":"868120100004","event":"SENT_1212","detail":"02_64_6401_03_86812010000400260405233816090200.mp4"}
{"ts":"2026-04-05T23:39:12.672Z","level":"INFO","device":"291078985963","event":"FILE_START","detail":"[2/2] 02_64_6401_03_29107898596300260405233816090200.mp4 (65536 bytes)"}
{"ts":"2026-04-05T23:39:12.672Z","level":"INFO","device":"291078985963","event":"SENT_1210","detail":"02_64_6401_03_29107898596300260405233816090200.mp4"}
{"ts":"2026-04-05T23:39:12.675Z","level":"INFO","device":"868120100005","event":"MEDIA_RX","detail":"7E 80 01 00 05 86 81 20 10 00 05 09 8F 00 03 12 10 00 31 7E"}
{"ts":"2026-04-05T23:39:12.675Z","level":"INFO","device":"868120100005","event":"SENT_1212","detail":"02_64_6401_03_86812010000500260405233816090200.mp4"}
{"ts":"2026-04-05T23:39:12.750Z","level":"INFO","device":"868120100004","event":"MEDIA_RX","detail":"7E 80 01 00 05 86 81 20 10 00 04 F9 2D 00 03 12 10 00 62 7E 7E 80 01 00 05 86 81 20 10 00 04 7C C5 00 04 12 11 00 09 7E 7E 80 01 00 05 86 81 20 10 00 04 A5 85 00 05 12 11 00 91 7E 7E 80 01 00 05 86 81 20 10 00 04 01 2A 00 06 12 11 00 99 7E 7E 80 01 00 05 86 81 20 10 00 04 B3 69 00 07 12 11 00 69 7E 7E 80 01 00 05 86 81 20 10 00 04 27 3D 00 08 12 11 00 A6 7E 7E 80 01 00 05 86 81 20 10 00 04 5E 5D 00 09 12 11 00 BE 7E 7E 80 01 00 05 86 81 20 10 00 04 61 D7 00 0A 12 11 00 08 7E 7E 80 01 00 05 86 81 20 10 00 04 E7 1C 00 0B 12 11 00 44 7E 7E 80 01 00 05 86 81 20 10 00 04 B1 55 00 0C 12 11 00 5C 7E 7E 80 01 00 05 86 81 20 10 00 04 95 06 00 0D 12 11 00 2A 7E 7E 80 01 00 05 86 81 20 10 00 04 22 15 00 0E 12 11 00 8D 7E 7E 80 01 00 05 86 81 20 10 00 04 CA 11 00 0F 12 11 00 60 7E 7E 80 01 00 05 86 81 20 10 00 04 1C BB 00 10 12 11 00 03 7E 7E 80 01 00 05 86 81 20 10 00 04 75 00 00 11 12 11 00 D0 7E 7E 80 01 00 05 86 81 20 10 00 04 6C 8C 00 12 12 11 00 46 7E 7E 80 01 00 05 86 81 20 10 00 04 07 19 00 13 12 11 00 B9 7E 7E 80 01 00 05 86 81 20 10 00 04 57 40 00 14 12 11 00 B7 7E 7E 80 01 00 05 86 81 20 10 00 04 E5 6B 00 15 12 11 00 2F 7E 7E 80 01 00 05 86 81 20 10 00 04 CE B9 00 16 12 11 00 D5 7E 7E 80 01 00 05 86 81 20 10 00 04 11 C3 00 17 12 11 00 71 7E 7E 80 01 00 05 86 81 20 10 00 04 51 D5 00 18 12 11 00 28 7E 7E 80 01 00 05 86 81 20 10 00 04 1B 65 00 19 12 11 00 D3 7E 7E 80 01 00 05 86 81 20 10 00 04 01 C7 00 1A 12 11 00 68 7E 7E 80 01 00 05 86 81 20 10 00 04 FD E7 00 1B 12 11 00 B5 7E 7E 80 01 00 05 86 81 20 10 00 04 AE 7B 00 1C 12 11 00 7D 01 7E 7E 80 01 00 05 86 81 20 10 00 04 74 EA 00 1D 12 11 00 37 7E 7E 80 01 00 05 86 81 20 10 00 04 CB 44 00 1E 12 11 00 25 7E 7E 80 01 00 05 86 81 20 10 00 04 01 53 00 1F 12 11 00 F9 7E 7E 80 01 00 05 86 81 20 10 00 04 95 F3 00 20 12 11 00 F2 7E 7E 80 01 00 05 86 81 20 10 00 04 38 AC 00 21 12 11 00 01 7E 7E 80 01 00 05 86 81 20 10 00 04 A4 89 00 22 12 11 00 BB 7E 7E 80 01 00 05 86 81 20 10 00 04 E2 3F 00 23 12 11 00 4A 7E 7E 80 01 00 05 86 81 20 10 00 04 2C 6A 00 24 12 11 00 D6 7E"}
{"ts":"2026-04-05T23:39:12.750Z","level":"INFO","device":"868120100006","event":"MEDIA_RX","detail":"7E 80 01 00 05 86 81 20 10 00 06 DD F7 00 03 12 10 00 9E 7E 7E 80 01 00 05 86 81 20 10 00 06 63 67 00 04 12 11 00 B6 7E 7E 80 01 00 05 86 81 20 10 00 06 59 E3 00 05 12 11 00 09 7E 7E 80 01 00 05 86 81 20 10 00 06 68 26 00 06 12 11 00 FE 7E 7E 80 01 00 05 86 81 20 10 00 06 9D 22 00 07 12 11 00 0E 7E 7E 80 01 00 05 86 81 20 10 00 06 EF DA 00 08 12 11 00 8B 7E 7E 80 01 00 05 86 81 20 10 00 06 AC 46 00 09 12 11 00 55 7E 7E 80 01 00 05 86 81 20 10 00 06 B6 FD 00 0A 12 11 00 F7 7E 7E 80 01 00 05 86 81 20 10 00 06 09 BB 00 0B 12 11 00 0F 7E 7E 80 01 00 05 86 81 20 10 00 06 FD 34 00 0C 12 11 00 73 7E 7E 80 01 00 05 86 81 20 10 00 06 F5 6D 00 0D 12 11 00 23 7E 7E 80 01 00 05 86 81 20 10 00 06 8B 92 00 0E 12 11 00 A1 7E 7E 80 01 00 05 86 81 20 10 00 06 BD 03 00 0F 12 11 00 07 7E 7E 80 01 00 05 86 81 20 10 00 06 A8 6D 00 10 12 11 00 63 7E 7E 80 01 00 05 86 81 20 10 00 06 D6 BD 00 11 12 11 00 CC 7E 7E 80 01 00 05 86 81 20 10 00 06 EB 46 00 12 12 11 00 09 7E 7E 80 01 00 05 86 81 20 10 00 06 56 AF 00 13 12 11 00 5C 7E 7E 80 01 00 05 86 81 20 10 00 06 0A 38 00 14 12 11 00 90 7E 7E 80 01 00 05 86 81 20 10 00 06 FC 85 00 15 12 11 00 DA 7E 7E 80 01 00 05 86 81 20 10 00 06 BC 25 00 16 12 11 00 39 7E 7E 80 01 00 05 86 81 20 10 00 06 C2 05 00 17 12 11 00 66 7E 7E 80 01 00 05 86 81 20 10 00 06 72 FD 00 18 12 11 00 21 7E 7E 80 01 00 05 86 81 20 10 00 06 20 7C 00 19 12 11 00 F3 7E 7E 80 01 00 05 86 81 20 10 00 06 9D AF 00 1A 12 11 00 9E 7E 7E 80 01 00 05 86 81 20 10 00 06 F4 5D 00 1B 12 11 00 04 7E 7E 80 01 00 05 86 81 20 10 00 06 B9 85 00 1C 12 11 00 96 7E 7E 80 01 00 05 86 81 20 10 00 06 4B 8A 00 1D 12 11 00 6A 7E 7E 80 01 00 05 86 81 20 10 00 06 EE 90 00 1E 12 11 00 D6 7E 7E 80 01 00 05 86 81 20 10 00 06 E9 0F 00 1F 12 11 00 4F 7E 7E 80 01 00 05 86 81 20 10 00 06 B9 37 00 20 12 11 00 18 7E 7E 80 01 00 05 86 81 20 10 00 06 7C 25 00 21 12 11 00 CE 7E 7E 80 01 00 05 86 81 20 10 00 06 3C 77 00 22 12 11 00 DF 7E 7E 80 01 00 05 86 81 20 10 00 06 CB BF 00 23 12 11 00 E1 7E 7E 80 01 00 05 86 81 20 10 00 06 63 69 00 24 12 11 00 98 7E"}
{"ts":"2026-04-05T23:39:12.757Z","level":"INFO","device":"100000000010","event":"FILE_START","detail":"[2/2] 02_64_6401_03_10000000001000260405233817090200.mp4 (65536 bytes)"}
{"ts":"2026-04-05T23:39:12.757Z","level":"INFO","device":"100000000010","event":"SENT_1210","detail":"02_64_6401_03_10000000001000260405233817090200.mp4"}
{"ts":"2026-04-05T23:39:12.766Z","level":"INFO","device":"868120100007","event":"MEDIA_RX","detail":"7E 80 01 00 05 86 81 20 10 00 07 88 E3 00 03 12 10 00 DE 7E 7E 80 01 00 05 86 81 20 10 00 07 D0 87 00 04 12 11 00 E4 7E 7E 80 01 00 05 86 81 20 10 00 07 28 39 00 05 12 11 00 A3 7E 7E 80 01 00 05 86 81 20 10 00 07 FA CA 00 06 12 11 00 81 7E 7E 80 01 00 05 86 81 20 10 00 07 CB 09 00 07 12 11 00 72 7E 7E 80 01 00 05 86 81 20 10 00 07 00 D8 00 08 12 11 00 67 7E 7E 80 01 00 05 86 81 20 10 00 07 E0 F0 00 09 12 11 00 AE 7E 7E 80 01 00 05 86 81 20 10 00 07 2B 3A 00 0A 12 11 00 AC 7E 7E 80 01 00 05 86 81 20 10 00 07 B9 58 00 0B 12 11 00 5D 7E 7E 80 01 00 05 86 81 20 10 00 07 D8 CF 00 0C 12 11 00 AC 7E 7E 80 01 00 05 86 81 20 10 00 07 6F F8 00 0D 12 11 00 2D 7E 7E 80 01 00 05 86 81 20 10 00 07 23 0D 00 0E 12 11 00 97 7E 7E 80 01 00 05 86 81 20 10 00 07 1B 80 00 0F 12 11 00 23 7E 7E 80 01 00 05 86 81 20 10 00 07 47 04 00 10 12 11 00 E4 7E 7E 80 01 00 05 86 81 20 10 00 07 47 C3 00 11 12 11 00 22 7E 7E 80 01 00 05 86 81 20 10 00 07 F9 1E 00 12 12 11 00 42 7E 7E 80 01 00 05 86 81 20 10 00 07 B7 E9 00 13 12 11 00 FA 7E 7E 80 01 00 05 86 81 20 10 00 07 FE 7B 00 14 12 11 00 26 7E 7E 80 01 00 05 86 81 20 10 00 07 50 B9 00 15 12 11 00 4B 7E 7E 80 01 00 05 86 81 20 10 00 07 D9 41 00 16 12 11 00 39 7E 7E 80 01 00 05 86 81 20 10 00 07 8B 75 00 17 12 11 00 5E 7E 7E 80 01 00 05 86 81 20 10 00 07 92 5B 00 18 12 11 00 66 7E 7E 80 01 00 05 86 81 20 10 00 07 F5 52 00 19 12 11 00 09 7E 7E 80 01 00 05 86 81 20 10 00 07 56 A9 00 1A 12 11 00 52 7E 7E 80 01 00 05 86 81 20 10 00 07 2B AB 00 1B 12 11 00 2C 7E 7E 80 01 00 05 86 81 20 10 00 07 4D 9F 00 1C 12 11 00 79 7E 7E 80 01 00 05 86 81 20 10 00 07 13 4E 00 1D 12 11 00 F7 7E 7E 80 01 00 05 86 81 20 10 00 07 4E CC 00 1E 12 11 00 2B 7E 7E 80 01 00 05 86 81 20 10 00 07 89 13 00 1F 12 11 00 32 7E 7E 80 01 00 05 86 81 20 10 00 07 1A 84 00 20 12 11 00 09 7E 7E 80 01 00 05 86 81 20 10 00 07 82 AE 00 21 12 11 00 BA 7E 7E 80 01 00 05 86 81 20 10 00 07 6A 09 00 22 12 11 00 F6 7E 7E 80 01 00 05 86 81 20 10 00 07 E5 5F 00 23 12 11 00 2E 7E 7E 80 01 00 05 86 81 20 10 00 07 5C C3 00 24 12 11 00 0C 7E"}
{"ts":"2026-04-05T23:39:12.768Z","level":"INFO","device":"291078985963","event":"MEDIA_RX","detail":"7E 92 12 00 36 29 10 78 98 59 63 0A 0F 32 30 30 5F 36 34 5F 36 34 30 31 5F 30 30 5F 32 39 31 30 37 38 39 38 35 39 36 33 30 30 32 36 30 34 30 35 32 33 33 38 31 36 30 39 30 32 30 30 2E 6A 70 67 00 00 00 3E 7E"}
{"ts":"2026-04-05T23:39:12.777Z","level":"INFO","device":"868120100003","event":"MEDIA_RX","detail":"7E 92 12 00 36 86 81 20 10 00 03 FC 0F 32 30 30 5F 36 34 5F 36 34 30 31 5F 30 30 5F 38 36 38 31 32 30 31 30 30 30 30 33 30 30 32 36 30 34 30 35 32 33 33 38 31 36 30 39 30 32 30 30 2E 6A 70 67 00 00 00 15 7E"}
{"ts":"2026-04-05T23:39:12.791Z","level":"INFO","device":"868120100008","event":"MEDIA_RX","detail":"7E 80 01 00 05 86 81 20 10 00 08 A2 B3 00 03 12 10 00 AB 7E"}
{"ts":"2026-04-05T23:39:12.800Z","level":"INFO","device":"868120100008","event":"SENT_1212","detail":"02_64_6401_03_86812010000800260405233817090200.mp4"}
{"ts":"2026-04-05T23:39:12.810Z","level":"INFO","device":"868120100009","event":"MEDIA_RX","detail":"7E 80 01 00 05 86 81 20 10 00 09 CC C4 00 0A 12 11 00 BB 7E 7E 80 01 00 05 86 81 20 10 00 09 F5 FA 00 0B 12 11 00 BD 7E 7E 80 01 00 05 86 81 20 10 00 09 7C 96 00 0C 12 11 00 5F 7E 7E 80 01 00 05 86 81 20 10 00 09 55 4E 00 0D 12 11 00 AF 7E 7E 80 01 00 05 86 81 20 10 00 09 D4 0E 00 0E 12 11 00 6D 7E 7E 80 01 00 05 86 81 20 10 00 09 12 AB 00 0F 12 11 00 0F 7E 7E 80 01 00 05 86 81 20 10 00 09 48 C4 00 10 12 11 00 25 7E 7E 80 01 00 05 86 81 20 10 00 09 C5 D9 00 11 12 11 00 B4 7E 7E 80 01 00 05 86 81 20 10 00 09 83 FB 00 12 12 11 00 D3 7E 7E 80 01 00 05 86 81 20 10 00 09 8B AF 00 13 12 11 00 8E 7E 7E 80 01 00 05 86 81 20 10 00 09 B2 36 00 14 12 11 00 29 7E 7E 80 01 00 05 86 81 20 10 00 09 8F 7A 00 15 12 11 00 59 7E 7E 80 01 00 05 86 81 20 10 00 09 A4 3A 00 16 12 11 00 31 7E 7E 80 01 00 05 86 81 20 10 00 09 94 66 00 17 12 11 00 5C 7E 7E 80 01 00 05 86 81 20 10 00 09 4C 9D 00 18 12 11 00 70 7E 7E 80 01 00 05 86 81 20 10 00 09 E4 57 00 19 12 11 00 13 7E 7E 80 01 00 05 86 81 20 10 00 09 57 C6 00 1A 12 11 00 32 7E 7E 80 01 00 05 86 81 20 10 00 09 D6 5C 00 1B 12 11 00 28 7E 7E 80 01 00 05 86 81 20 10 00 09 C0 BD 00 1C 12 11 00 D8 7E 7E 80 01 00 05 86 81 20 10 00 09 65 3B 00 1D 12 11 00 FA 7E 7E 80 01 00 05 86 81 20 10 00 09 EA 99 00 1E 12 11 00 D4 7E 7E 80 01 00 05 86 81 20 10 00 09 46 26 00 1F 12 11 00 C6 7E 7E 80 01 00 05 86 81 20 10 00 09 6A 19 00 20 12 11 00 EA 7E 7E 80 01 00 05 86 81 20 10 00 09 CE 0A 00 21 12 11 00 5C 7E 7E 80 01 00 05 86 81 20 10 00 09 B1 E5 00 22 12 11 00 CF 7E 7E 80 01 00 05 86 81 20 10 00 09 EF A5 00 23 12 11 00 D0 7E 7E 80 01 00 05 86 81 20 10 00 09 96 4B 00 24 12 11 00 40 7E 7E 80 01 00 05 86 81 20 10 00 09 18 CE 00 25 12 11 00 4A 7E 7E 80 01 00 05 86 81 20 10 00 09 8E B7 00 26 12 11 00 A6 7E 7E 80 01 00 05 86 81 20 10 00 09 64 01 00 27 12 11 00 FB 7E 7E 80 01 00 05 86 81 20 10 00 09 96 F7 00 28 12 11 00 F0 7E"}
{"ts":"2026-04-05T23:39:12.875Z","level":"INFO","device":"868120100005","event":"MEDIA_RX","detail":"7E 80 01 00 05 86 81 20 10 00 05 BA 9A 00 04 12 11 00 91 7E 7E 80 01 00 05 86 81 20 10 00 05 34 C8 00 05 12 11 00 4C 7E 7E 80 01 00 05 86 81 20 10 00 05 0E D1 00 06 12 11 00 6C 7E 7E 80 01 00 05 86 81 20 10 00 05 C5 15 00 07 12 11 00 62 7E 7E 80 01 00 05 86 81 20 10 00 05 D5 EF 00 08 12 11 00 87 7E 7E 80 01 00 05 86 81 20 10 00 05 23 EE 00 09 12 11 00 71 7E 7E 80 01 00 05 86 81 20 10 00 05 15 F3 00 0A 12 11 00 59 7E 7E 80 01 00 05 86 81 20 10 00 05 0E 27 00 0B 12 11 00 97 7E 7E 80 01 00 05 86 81 20 10 00 05 0B 27 00 0C 12 11 00 95 7E 7E 80 01 00 05 86 81 20 10 00 05 8B 21 00 0D 12 11 00 12 7E 7E 80 01 00 05 86 81 20 10 00 05 69 1B 00 0E 12 11 00 C9 7E 7E 80 01 00 05 86 81 20 10 00 05 FB 9B 00 0F 12 11 00 DA 7E 7E 80 01 00 05 86 81 20 10 00 05 58 D4 00 10 12 11 00 29 7E 7E 80 01 00 05 86 81 20 10 00 05 C7 DF 00 11 12 11 00 BC 7E 7E 80 01 00 05 86 81 20 10 00 05 8C 0D 00 12 12 11 00 26 7E 7E 80 01 00 05 86 81 20 10 00 05 F7 40 00 13 12 11 00 11 7E 7E 80 01 00 05 86 81 20 10 00 05 24 9F 00 14 12 11 00 1A 7E 7E 80 01 00 05 86 81 20 10 00 05 98 D9 00 15 12 11 00 E1 7E 7E 80 01 00 05 86 81 20 10 00 05 69 B5 00 16 12 11 00 7F 7E 7E 80 01 00 05 86 81 20 10 00 05 53 30 00 17 12 11 00 C1 7E 7E 80 01 00 05 86 81 20 10 00 05 5C 3F 00 18 12 11 00 CE 7E 7E 80 01 00 05 86 81 20 10 00 05 39 2E 00 19 12 11 00 BB 7E 7E 80 01 00 05 86 81 20 10 00 05 C2 00 00 1A 12 11 00 6D 7E 7E 80 01 00 05 86 81 20 10 00 05 DE 01 00 1B 12 11 00 71 7E 7E 80 01 00 05 86 81 20 10 00 05 FF D4 00 1C 12 11 00 82 7E 7E 80 01 00 05 86 81 20 10 00 05 25 00 00 1D 12 11 00 8D 7E 7E 80 01 00 05 86 81 20 10 00 05 42 C3 00 1E 12 11 00 2A 7E 7E 80 01 00 05 86 81 20 10 00 05 A1 63 00 1F 12 11 00 68 7E 7E 80 01 00 05 86 81 20 10 00 05 D8 F6 00 20 12 11 00 BB 7E 7E 80 01 00 05 86 81 20 10 00 05 D0 24 00 21 12 11 00 60 7E 7E 80 01 00 05 86 81 20 10 00 05 85 87 00 22 12 11 00 95 7E 7E 80 01 00 05 86 81 20 10 00 05 EA FF 00 23 12 11 00 83 7E 7E 80 01 00 05 86 81 20 10 00 05 57 76 00 24 12 11 00 B0 7E 7E 80 01 00 05 86 81 20 10 00 05 27 40 00 25 12 11 00 F7 7E"}
{"ts":"2026-04-05T23:39:12.914Z","level":"INFO","device":"100000000010","event":"MEDIA_RX","detail":"7E 92 12 00 36 10 00 00 00 00 10 F7 D7 32 30 30 5F 36 34 5F 36 34 30 31 5F 30 30 5F 31 30 30 30 30 30 30 30 30 30 31 30 30 30 32 36 30 34 30 35 32 33 33 38 31 37 30 39 30 32 30 30 2E 6A 70 67 00 00 00 F4 7E"}
{"ts":"2026-04-05T23:39:12.915Z","level":"INFO","device":"868120100009","event":"BATCH_COMPLETE","detail":"All 2 files sent"}
{"ts":"2026-04-05T23:39:12.938Z","level":"INFO","device":"868120100006","event":"BATCH_COMPLETE","detail":"All 2 files sent"}
{"ts":"2026-04-05T23:39:12.942Z","level":"INFO","device":"868120100003","event":"SENT_1212","detail":"02_64_6401_03_86812010000300260405233816090200.mp4"}
{"ts":"2026-04-05T23:39:12.955Z","level":"INFO","device":"291078985963","event":"MEDIA_RX","detail":"7E 80 01 00 05 29 10 78 98 59 63 17 D9 00 03 12 10 00 A8 7E"}
{"ts":"2026-04-05T23:39:12.958Z","level":"ERROR","device":"868120100002","event":"MEDIA_ERROR","detail":"54.37.225.65:3378 — read ECONNRESET"}
{"ts":"2026-04-05T23:39:12.958Z","level":"INFO","device":"868120100002","event":"MEDIA_CLOSED","detail":""}
{"ts":"2026-04-05T23:39:12.958Z","level":"INFO","device":"868120100007","event":"BATCH_COMPLETE","detail":"All 2 files sent"}
{"ts":"2026-04-05T23:39:12.958Z","level":"INFO","device":"868120100004","event":"BATCH_COMPLETE","detail":"All 2 files sent"}
{"ts":"2026-04-05T23:39:12.974Z","level":"INFO","device":"291078985963","event":"SENT_1212","detail":"02_64_6401_03_29107898596300260405233816090200.mp4"}
{"ts":"2026-04-05T23:39:12.976Z","level":"INFO","device":"868120100005","event":"BATCH_COMPLETE","detail":"All 2 files sent"}
{"ts":"2026-04-05T23:39:12.984Z","level":"INFO","device":"868120100008","event":"MEDIA_RX","detail":"7E 80 01 00 05 86 81 20 10 00 08 2B 79 00 04 12 11 00 EE 7E 7E 80 01 00 05 86 81 20 10 00 08 9F AC 00 05 12 11 00 8E 7E 7E 80 01 00 05 86 81 20 10 00 08 C1 91 00 06 12 11 00 EE 7E 7E 80 01 00 05 86 81 20 10 00 08 5C 13 00 07 12 11 00 F0 7E 7E 80 01 00 05 86 81 20 10 00 08 D0 EE 00 08 12 11 00 8E 7E 7E 80 01 00 05 86 81 20 10 00 08 6D 7F 00 09 12 11 00 A3 7E 7E 80 01 00 05 86 81 20 10 00 08 39 C9 00 0A 12 11 00 42 7E 7E 80 01 00 05 86 81 20 10 00 08 BC AE 00 0B 12 11 00 A1 7E 7E 80 01 00 05 86 81 20 10 00 08 94 E0 00 0C 12 11 00 C0 7E 7E 80 01 00 05 86 81 20 10 00 08 72 EB 00 0D 12 11 00 2C 7E 7E 80 01 00 05 86 81 20 10 00 08 8F C8 00 0E 12 11 00 F1 7E 7E 80 01 00 05 86 81 20 10 00 08 01 1B 00 0F 12 11 00 AD 7E 7E 80 01 00 05 86 81 20 10 00 08 5B DD 00 10 12 11 00 2E 7E 7E 80 01 00 05 86 81 20 10 00 08 2D 8E 00 11 12 11 00 0A 7E 7E 80 01 00 05 86 81 20 10 00 08 71 C7 00 12 12 11 00 1C 7E 7E 80 01 00 05 86 81 20 10 00 08 CE 04 00 13 12 11 00 61 7E 7E 80 01 00 05 86 81 20 10 00 08 9B 2B 00 14 12 11 00 1C 7E 7E 80 01 00 05 86 81 20 10 00 08 94 38 00 15 12 11 00 01 7E 7E 80 01 00 05 86 81 20 10 00 08 E4 8F 00 16 12 11 00 C5 7E 7E 80 01 00 05 86 81 20 10 00 08 37 77 00 17 12 11 00 EF 7E 7E 80 01 00 05 86 81 20 10 00 08 3E 71 00 18 12 11 00 EF 7E 7E 80 01 00 05 86 81 20 10 00 08 3D 17 00 19 12 11 00 8B 7E 7E 80 01 00 05 86 81 20 10 00 08 8E 94 00 1A 12 11 00 B8 7E 7E 80 01 00 05 86 81 20 10 00 08 67 A4 00 1B 12 11 00 60 7E 7E 80 01 00 05 86 81 20 10 00 08 94 1C 00 1C 12 11 00 2C 7E 7E 80 01 00 05 86 81 20 10 00 08 B2 5B 00 1D 12 11 00 4C 7E 7E 80 01 00 05 86 81 20 10 00 08 F0 5F 00 1E 12 11 00 09 7E 7E 80 01 00 05 86 81 20 10 00 08 3F FC 00 1F 12 11 00 64 7E 7E 80 01 00 05 86 81 20 10 00 08 7A 86 00 20 12 11 00 64 7E 7E 80 01 00 05 86 81 20 10 00 08 F3 9C 00 21 12 11 00 F6 7E 7E 80 01 00 05 86 81 20 10 00 08 96 31 00 22 12 11 00 3D 7E 7E 80 01 00 05 86 81 20 10 00 08 91 30 00 23 12 11 00 3A 7E 7E 80 01 00 05 86 81 20 10 00 08 EF 1E 00 24 12 11 00 6D 7E 7E 80 01 00 05 86 81 20 10 00 08 2A D9 00 25 12 11 00 6E 7E"}
{"ts":"2026-04-05T23:39:13.023Z","level":"INFO","device":"868120100003","event":"MEDIA_RX","detail":"7E 80 01 00 05 86 81 20 10 00 03 29 4F 00 03 12 10 00 D7 7E 7E 80 01 00 05 86 81 20 10 00 03 D1 53 00 04 12 11 00 35 7E 7E 80 01 00 05 86 81 20 10 00 03 66 12 00 05 12 11 00 C2 7E 7E 80 01 00 05 86 81 20 10 00 03 0B 4B 00 06 12 11 00 F5 7E 7E 80 01 00 05 86 81 20 10 00 03 06 04 00 07 12 11 00 B6 7E 7E 80 01 00 05 86 81 20 10 00 03 9F A7 00 08 12 11 00 83 7E 7E 80 01 00 05 86 81 20 10 00 03 7D 02 53 00 09 12 11 00 97 7E 7E 80 01 00 05 86 81 20 10 00 03 46 F2 00 0A 12 11 00 0D 7E 7E 80 01 00 05 86 81 20 10 00 03 EF F0 00 0B 12 11 00 A7 7E 7E 80 01 00 05 86 81 20 10 00 03 2C B0 00 0C 12 11 00 23 7E 7E 80 01 00 05 86 81 20 10 00 03 CF C4 00 0D 12 11 00 B5 7E 7E 80 01 00 05 86 81 20 10 00 03 E9 AF 00 0E 12 11 00 FB 7E 7E 80 01 00 05 86 81 20 10 00 03 45 B3 00 0F 12 11 00 4A 7E 7E 80 01 00 05 86 81 20 10 00 03 88 CA 00 10 12 11 00 E1 7E 7E 80 01 00 05 86 81 20 10 00 03 F5 37 00 11 12 11 00 60 7E 7E 80 01 00 05 86 81 20 10 00 03 C3 3D 00 12 12 11 00 5F 7E 7E 80 01 00 05 86 81 20 10 00 03 B8 73 00 13 12 11 00 6B 7E 7E 80 01 00 05 86 81 20 10 00 03 C2 D9 00 14 12 11 00 BC 7E 7E 80 01 00 05 86 81 20 10 00 03 45 89 00 15 12 11 00 6A 7E 7E 80 01 00 05 86 81 20 10 00 03 CD 59 00 16 12 11 00 31 7E 7E 80 01 00 05 86 81 20 10 00 03 51 73 00 17 12 11 00 86 7E 7E 80 01 00 05 86 81 20 10 00 03 C5 4B 00 18 12 11 00 25 7E 7E 80 01 00 05 86 81 20 10 00 03 87 D7 00 19 12 11 00 FA 7E 7E 80 01 00 05 86 81 20 10 00 03 6A 4F 00 1A 12 11 00 8C 7E 7E 80 01 00 05 86 81 20 10 00 03 6E F9 00 1B 12 11 00 3F 7E 7E 80 01 00 05 86 81 20 10 00 03 85 73 00 1C 12 11 00 59 7E 7E 80 01 00 05 86 81 20 10 00 03 4A C7 00 1D 12 11 00 23 7E 7E 80 01 00 05 86 81 20 10 00 03 0B 35 00 1E 12 11 00 93 7E 7E 80 01 00 05 86 81 20 10 00 03 12 76 00 1F 12 11 00 C8 7E 7E 80 01 00 05 86 81 20 10 00 03 30 A7 00 20 12 11 00 04 7E 7E 80 01 00 05 86 81 20 10 00 03 DD EC 00 21 12 11 00 A3 7E 7E 80 01 00 05 86 81 20 10 00 03 F4 07 00 22 12 11 00 62 7E 7E 80 01 00 05 86 81 20 10 00 03 D3 A2 00 23 12 11 00 E1 7E 7E 80 01 00 05 86 81 20 10 00 03 EF 5C 00 24 12 11 00 24 7E"}
{"ts":"2026-04-05T23:39:13.067Z","level":"INFO","device":"100000000010","event":"SENT_1212","detail":"02_64_6401_03_10000000001000260405233817090200.mp4"}
{"ts":"2026-04-05T23:39:13.100Z","level":"INFO","device":"868120100008","event":"BATCH_COMPLETE","detail":"All 2 files sent"}
{"ts":"2026-04-05T23:39:13.138Z","level":"INFO","device":"291078985963","event":"MEDIA_RX","detail":"7E 80 01 00 05 29 10 78 98 59 63 10 E0 00 04 12 11 00 90 7E 7E 80 01 00 05 29 10 78 98 59 63 5A 7D 01 00 05 12 11 00 46 7E 7E 80 01 00 05 29 10 78 98 59 63 D8 05 00 06 12 11 00 BF 7E 7E 80 01 00 05 29 10 78 98 59 63 9F 3D 00 07 12 11 00 C1 7E 7E 80 01 00 05 29 10 78 98 59 63 4E AC 00 08 12 11 00 8E 7E 7E 80 01 00 05 29 10 78 98 59 63 79 60 00 09 12 11 00 74 7E 7E 80 01 00 05 29 10 78 98 59 63 B6 23 00 0A 12 11 00 FB 7E 7E 80 01 00 05 29 10 78 98 59 63 D0 F1 00 0B 12 11 00 4E 7E 7E 80 01 00 05 29 10 78 98 59 63 AC F7 00 0C 12 11 00 33 7E 7E 80 01 00 05 29 10 78 98 59 63 1E 47 00 0D 12 11 00 30 7E 7E 80 01 00 05 29 10 78 98 59 63 53 E0 00 0E 12 11 00 D9 7E 7E 80 01 00 05 29 10 78 98 59 63 D7 55 00 0F 12 11 00 E9 7E 7E 80 01 00 05 29 10 78 98 59 63 FB 3E 00 10 12 11 00 B1 7E 7E 80 01 00 05 29 10 78 98 59 63 5E C5 00 11 12 11 00 EE 7E 7E 80 01 00 05 29 10 78 98 59 63 FB F7 00 12 12 11 00 7A 7E 7E 80 01 00 05 29 10 78 98 59 63 CF 91 00 13 12 11 00 29 7E 7E 80 01 00 05 29 10 78 98 59 63 AE DB 00 14 12 11 00 05 7E 7E 80 01 00 05 29 10 78 98 59 63 1A CE 00 15 12 11 00 A5 7E 7E 80 01 00 05 29 10 78 98 59 63 FD FC 00 16 12 11 00 73 7E 7E 80 01 00 05 29 10 78 98 59 63 AC 53 00 17 12 11 00 8C 7E 7E 80 01 00 05 29 10 78 98 59 63 4E 2C 00 18 12 11 00 1E 7E 7E 80 01 00 05 29 10 78 98 59 63 30 D8 00 19 12 11 00 95 7E 7E 80 01 00 05 29 10 78 98 59 63 0A 38 00 1A 12 11 00 4C 7E 7E 80 01 00 05 29 10 78 98 59 63 38 00 00 1B 12 11 00 47 7E 7E 80 01 00 05 29 10 78 98 59 63 EE C6 00 1C 12 11 00 50 7E 7E 80 01 00 05 29 10 78 98 59 63 BA 4A 00 1D 12 11 00 89 7E 7E 80 01 00 05 29 10 78 98 59 63 41 5D 00 1E 12 11 00 66 7E 7E 80 01 00 05 29 10 78 98 59 63 52 5F 00 1F 12 11 00 76 7E 7E 80 01 00 05 29 10 78 98 59 63 6C 2F 00 20 12 11 00 07 7E 7E 80 01 00 05 29 10 78 98 59 63 F4 CD 00 21 12 11 00 7C 7E 7E 80 01 00 05 29 10 78 98 59 63 4A D5 00 22 12 11 00 D9 7E 7E 80 01 00 05 29 10 78 98 59 63 F1 DA 00 23 12 11 00 6C 7E 7E 80 01 00 05 29 10 78 98 59 63 84 96 00 24 12 11 00 52 7E 7E 80 01 00 05 29 10 78 98 59 63 22 42 00 25 12 11 00 21 7E"}
{"ts":"2026-04-05T23:39:13.161Z","level":"INFO","device":"100000000010","event":"MEDIA_RX","detail":"7E 80 01 00 05 10 00 00 00 00 10 FF 4E 00 03 12 10 00 34 7E 7E 80 01 00 05 10 00 00 00 00 10 FB B6 00 04 12 11 00 CE 7E 7E 80 01 00 05 10 00 00 00 00 10 CB D1 00 05 12 11 00 98 7E 7E 80 01 00 05 10 00 00 00 00 10 27 C0 00 06 12 11 00 66 7E 7E 80 01 00 05 10 00 00 00 00 10 C5 96 00 07 12 11 00 D3 7E 7E 80 01 00 05 10 00 00 00 00 10 B2 EF 00 08 12 11 00 D2 7E 7E 80 01 00 05 10 00 00 00 00 10 CF 5F 00 09 12 11 00 1E 7E 7E 80 01 00 05 10 00 00 00 00 10 99 ED 00 0A 12 11 00 F9 7E 7E 80 01 00 05 10 00 00 00 00 10 D6 2A 00 0B 12 11 00 70 7E 7E 80 01 00 05 10 00 00 00 00 10 7F A1 00 0C 12 11 00 55 7E 7E 80 01 00 05 10 00 00 00 00 10 A6 6B 00 0D 12 11 00 47 7E 7E 80 01 00 05 10 00 00 00 00 10 D8 41 00 0E 12 11 00 10 7E 7E 80 01 00 05 10 00 00 00 00 10 43 1A 00 0F 12 11 00 D1 7E 7E 80 01 00 05 10 00 00 00 00 10 BB AA 00 10 12 11 00 86 7E 7E 80 01 00 05 10 00 00 00 00 10 6E 8B 00 11 12 11 00 73 7E 7E 80 01 00 05 10 00 00 00 00 10 C1 DB 00 12 12 11 00 8F 7E 7E 80 01 00 05 10 00 00 00 00 10 5B 1A 00 13 12 11 00 D5 7E 7E 80 01 00 05 10 00 00 00 00 10 DE 9F 00 14 12 11 00 D2 7E 7E 80 01 00 05 10 00 00 00 00 10 1A 97 00 15 12 11 00 1F 7E 7E 80 01 00 05 10 00 00 00 00 10 F3 52 00 16 12 11 00 30 7E 7E 80 01 00 05 10 00 00 00 00 10 3A DE 00 17 12 11 00 74 7E 7E 80 01 00 05 10 00 00 00 00 10 77 90 00 18 12 11 00 78 7E 7E 80 01 00 05 10 00 00 00 00 10 25 3D 00 19 12 11 00 86 7E 7E 80 01 00 05 10 00 00 00 00 10 1E FD 00 1A 12 11 00 7D 02 7E 7E 80 01 00 05 10 00 00 00 00 10 1B DF 00 1B 12 11 00 58 7E 7E 80 01 00 05 10 00 00 00 00 10 CD 12 00 1C 12 11 00 44 7E 7E 80 01 00 05 10 00 00 00 00 10 5A 2D 00 1D 12 11 00 ED 7E 7E 80 01 00 05 10 00 00 00 00 10 DE 2D 00 1E 12 11 00 6A 7E 7E 80 01 00 05 10 00 00 00 00 10 96 22 00 1F 12 11 00 2C 7E 7E 80 01 00 05 10 00 00 00 00 10 79 FA 00 20 12 11 00 24 7E 7E 80 01 00 05 10 00 00 00 00 10 E0 A5 00 21 12 11 00 E3 7E 7E 80 01 00 05 10 00 00 00 00 10 BB 10 00 22 12 11 00 0E 7E 7E 80 01 00 05 10 00 00 00 00 10 18 DB 00 23 12 11 00 67 7E 7E 80 01 00 05 10 00 00 00 00 10 9E 50 00 24 12 11 00 6D 7E"}
{"ts":"2026-04-05T23:39:13.242Z","level":"INFO","device":"868120100003","event":"BATCH_COMPLETE","detail":"All 2 files sent"}
{"ts":"2026-04-05T23:39:13.274Z","level":"INFO","device":"291078985963","event":"BATCH_COMPLETE","detail":"All 2 files sent"}
{"ts":"2026-04-05T23:39:13.319Z","level":"ERROR","device":"868120100009","event":"MEDIA_ERROR","detail":"54.37.225.65:3378 — read ECONNRESET"}
{"ts":"2026-04-05T23:39:13.319Z","level":"INFO","device":"868120100009","event":"MEDIA_CLOSED","detail":""}
{"ts":"2026-04-05T23:39:13.361Z","level":"ERROR","device":"868120100006","event":"MEDIA_ERROR","detail":"54.37.225.65:3378 — read ECONNRESET"}
{"ts":"2026-04-05T23:39:13.362Z","level":"INFO","device":"868120100006","event":"MEDIA_CLOSED","detail":""}
{"ts":"2026-04-05T23:39:13.362Z","level":"ERROR","device":"868120100004","event":"MEDIA_ERROR","detail":"54.37.225.65:3378 — read ECONNRESET"}
{"ts":"2026-04-05T23:39:13.362Z","level":"INFO","device":"868120100004","event":"MEDIA_CLOSED","detail":""}
{"ts":"2026-04-05T23:39:13.368Z","level":"INFO","device":"100000000010","event":"BATCH_COMPLETE","detail":"All 2 files sent"}
{"ts":"2026-04-05T23:39:13.378Z","level":"ERROR","device":"868120100007","event":"MEDIA_ERROR","detail":"54.37.225.65:3378 — read ECONNRESET"}
{"ts":"2026-04-05T23:39:13.379Z","level":"INFO","device":"868120100007","event":"MEDIA_CLOSED","detail":""}
{"ts":"2026-04-05T23:39:13.380Z","level":"ERROR","device":"868120100005","event":"MEDIA_ERROR","detail":"54.37.225.65:3378 — read ECONNRESET"}
{"ts":"2026-04-05T23:39:13.380Z","level":"INFO","device":"868120100005","event":"MEDIA_CLOSED","detail":""}
{"ts":"2026-04-05T23:39:13.488Z","level":"ERROR","device":"868120100008","event":"MEDIA_ERROR","detail":"54.37.225.65:3378 — read ECONNRESET"}
{"ts":"2026-04-05T23:39:13.489Z","level":"INFO","device":"868120100008","event":"MEDIA_CLOSED","detail":""}
{"ts":"2026-04-05T23:39:13.630Z","level":"ERROR","device":"868120100003","event":"MEDIA_ERROR","detail":"54.37.225.65:3378 — read ECONNRESET"}
{"ts":"2026-04-05T23:39:13.630Z","level":"INFO","device":"868120100003","event":"MEDIA_CLOSED","detail":""}
{"ts":"2026-04-05T23:39:13.643Z","level":"ERROR","device":"291078985963","event":"MEDIA_ERROR","detail":"54.37.225.65:3378 — read ECONNRESET"}
{"ts":"2026-04-05T23:39:13.644Z","level":"INFO","device":"291078985963","event":"MEDIA_CLOSED","detail":""}
{"ts":"2026-04-05T23:39:13.775Z","level":"ERROR","device":"100000000010","event":"MEDIA_ERROR","detail":"54.37.225.65:3378 — read ECONNRESET"}
{"ts":"2026-04-05T23:39:13.776Z","level":"INFO","device":"100000000010","event":"MEDIA_CLOSED","detail":""}
{"ts":"2026-04-05T23:39:16.112Z","level":"INFO","device":"291078985963","event":"HEARTBEAT_SENT","detail":"0x0002"}
{"ts":"2026-04-05T23:39:16.147Z","level":"INFO","device":"291078985963","event":"OBD2_SENT_0x0200","detail":"Lat: 51.737356, Lng: 0.472819 | Speed: 35km/h | RPM: 2185"}
{"ts":"2026-04-05T23:39:16.197Z","level":"INFO","device":"200000000002","event":"HEARTBEAT_SENT","detail":"0x0002"}
{"ts":"2026-04-05T23:39:16.202Z","level":"INFO","device":"200000000002","event":"OBD2_SENT_0x0200","detail":"Lat: 51.714330, Lng: 0.512692 | Speed: 50km/h | RPM: 2809"}
{"ts":"2026-04-05T23:39:16.314Z","level":"INFO","device":"291078985963","event":"SERVER_ACK","detail":"0x8001 Universal Reply Received"}
{"ts":"2026-04-05T23:39:16.345Z","level":"INFO","device":"200000000003","event":"HEARTBEAT_SENT","detail":"0x0002"}
{"ts":"2026-04-05T23:39:16.352Z","level":"INFO","device":"200000000003","event":"OBD2_SENT_0x0200","detail":"Lat: 51.734115, Lng: 0.483676 | Speed: 65km/h | RPM: 3400"}
{"ts":"2026-04-05T23:39:16.399Z","level":"INFO","device":"200000000002","event":"SERVER_ACK","detail":"0x8001 Universal Reply Received"}
{"ts":"2026-04-05T23:39:16.494Z","level":"INFO","device":"200000000004","event":"HEARTBEAT_SENT","detail":"0x0002"}
{"ts":"2026-04-05T23:39:16.499Z","level":"INFO","device":"200000000004","event":"OBD2_SENT_0x0200","detail":"Lat: 51.720197, Lng: 0.498322 | Speed: 3km/h | RPM: 919"}
{"ts":"2026-04-05T23:39:16.529Z","level":"INFO","device":"200000000003","event":"SERVER_ACK","detail":"0x8001 Universal Reply Received"}
{"ts":"2026-04-05T23:39:16.647Z","level":"INFO","device":"200000000005","event":"HEARTBEAT_SENT","detail":"0x0002"}
{"ts":"2026-04-05T23:39:16.650Z","level":"INFO","device":"200000000005","event":"OBD2_SENT_0x0200","detail":"Lat: 51.715658, Lng: 0.506747 | Speed: 25km/h | RPM: 1798"}
{"ts":"2026-04-05T23:39:16.660Z","level":"INFO","device":"291078985963","event":"SERVER_ACK","detail":"0x8001 Universal Reply Received"}
{"ts":"2026-04-05T23:39:16.679Z","level":"INFO","device":"200000000004","event":"SERVER_ACK","detail":"0x8001 Universal Reply Received"}
{"ts":"2026-04-05T23:39:16.723Z","level":"INFO","device":"200000000002","event":"SERVER_ACK","detail":"0x8001 Universal Reply Received"}
{"ts":"2026-04-05T23:39:16.798Z","level":"INFO","device":"200000000006","event":"HEARTBEAT_SENT","detail":"0x0002"}
{"ts":"2026-04-05T23:39:16.800Z","level":"INFO","device":"200000000006","event":"OBD2_SENT_0x0200","detail":"Lat: 51.736310, Lng: 0.469092 | Speed: 43km/h | RPM: 2532"}
{"ts":"2026-04-05T23:39:16.843Z","level":"INFO","device":"200000000003","event":"SERVER_ACK","detail":"0x8001 Universal Reply Received"}
{"ts":"2026-04-05T23:39:16.860Z","level":"INFO","device":"200000000005","event":"SERVER_ACK","detail":"0x8001 Universal Reply Received"}
{"ts":"2026-04-05T23:39:16.947Z","level":"INFO","device":"200000000007","event":"HEARTBEAT_SENT","detail":"0x0002"}
{"ts":"2026-04-05T23:39:16.948Z","level":"INFO","device":"200000000007","event":"OBD2_SENT_0x0200","detail":"Lat: 51.713917, Lng: 0.515580 | Speed: 44km/h | RPM: 2556"}
{"ts":"2026-04-05T23:39:16.970Z","level":"INFO","device":"200000000004","event":"SERVER_ACK","detail":"0x8001 Universal Reply Received"}
{"ts":"2026-04-05T23:39:17.008Z","level":"INFO","device":"200000000006","event":"SERVER_ACK","detail":"0x8001 Universal Reply Received"}
{"ts":"2026-04-05T23:39:17.098Z","level":"INFO","device":"200000000008","event":"HEARTBEAT_SENT","detail":"0x0002"}
{"ts":"2026-04-05T23:39:17.104Z","level":"INFO","device":"200000000008","event":"OBD2_SENT_0x0200","detail":"Lat: 51.714585, Lng: 0.511338 | Speed: 36km/h | RPM: 2252"}
{"ts":"2026-04-05T23:39:17.150Z","level":"INFO","device":"200000000007","event":"SERVER_ACK","detail":"0x8001 Universal Reply Received"}
{"ts":"2026-04-05T23:39:17.182Z","level":"INFO","device":"200000000005","event":"SERVER_ACK","detail":"0x8001 Universal Reply Received"}
{"ts":"2026-04-05T23:39:17.247Z","level":"INFO","device":"200000000009","event":"HEARTBEAT_SENT","detail":"0x0002"}
{"ts":"2026-04-05T23:39:17.253Z","level":"INFO","device":"200000000009","event":"OBD2_SENT_0x0200","detail":"Lat: 51.715871, Lng: 0.506000 | Speed: 37km/h | RPM: 2298"}
{"ts":"2026-04-05T23:39:17.300Z","level":"INFO","device":"200000000008","event":"SERVER_ACK","detail":"0x8001 Universal Reply Received"}
{"ts":"2026-04-05T23:39:17.336Z","level":"INFO","device":"200000000006","event":"SERVER_ACK","detail":"0x8001 Universal Reply Received"}
{"ts":"2026-04-05T23:39:17.396Z","level":"INFO","device":"200000000010","event":"HEARTBEAT_SENT","detail":"0x0002"}
{"ts":"2026-04-05T23:39:17.399Z","level":"INFO","device":"200000000010","event":"OBD2_SENT_0x0200","detail":"Lat: 51.716525, Lng: 0.504011 | Speed: 14km/h | RPM: 1379"}
{"ts":"2026-04-05T23:39:17.440Z","level":"INFO","device":"200000000009","event":"SERVER_ACK","detail":"0x8001 Universal Reply Received"}
{"ts":"2026-04-05T23:39:17.452Z","level":"INFO","device":"200000000007","event":"SERVER_ACK","detail":"0x8001 Universal Reply Received"}
{"ts":"2026-04-05T23:39:17.608Z","level":"INFO","device":"200000000008","event":"SERVER_ACK","detail":"0x8001 Universal Reply Received"}
{"ts":"2026-04-05T23:39:17.608Z","level":"INFO","device":"200000000010","event":"SERVER_ACK","detail":"0x8001 Universal Reply Received"}
{"ts":"2026-04-05T23:39:17.754Z","level":"INFO","device":"200000000009","event":"SERVER_ACK","detail":"0x8001 Universal Reply Received"}
{"ts":"2026-04-05T23:39:17.928Z","level":"INFO","device":"200000000010","event":"SERVER_ACK","detail":"0x8001 Universal Reply Received"}
{"ts":"2026-04-05T23:39:22.579Z","level":"INFO","device":"291078985963","event":"DISCONNECTED","detail":"clean stop"}
{"ts":"2026-04-05T23:39:22.580Z","level":"INFO","device":"291078985963","event":"DISCONNECTED","detail":"clean stop"}
{"ts":"2026-04-05T23:39:22.581Z","level":"INFO","device":"291078985963","event":"DISCONNECTED","detail":"clean stop"}
{"ts":"2026-04-05T23:39:22.581Z","level":"INFO","device":"868120100002","event":"DISCONNECTED","detail":"clean stop"}
{"ts":"2026-04-05T23:39:22.581Z","level":"INFO","device":"200000000002","event":"DISCONNECTED","detail":"clean stop"}
{"ts":"2026-04-05T23:39:22.581Z","level":"INFO","device":"300000000002","event":"DISCONNECTED","detail":"clean stop"}
{"ts":"2026-04-05T23:39:22.581Z","level":"INFO","device":"868120100003","event":"DISCONNECTED","detail":"clean stop"}
{"ts":"2026-04-05T23:39:22.582Z","level":"INFO","device":"200000000003","event":"DISCONNECTED","detail":"clean stop"}
{"ts":"2026-04-05T23:39:22.582Z","level":"INFO","device":"300000000003","event":"DISCONNECTED","detail":"clean stop"}
{"ts":"2026-04-05T23:39:22.582Z","level":"INFO","device":"868120100004","event":"DISCONNECTED","detail":"clean stop"}
{"ts":"2026-04-05T23:39:22.582Z","level":"INFO","device":"200000000004","event":"DISCONNECTED","detail":"clean stop"}
{"ts":"2026-04-05T23:39:22.582Z","level":"INFO","device":"300000000004","event":"DISCONNECTED","detail":"clean stop"}
{"ts":"2026-04-05T23:39:22.582Z","level":"INFO","device":"868120100005","event":"DISCONNECTED","detail":"clean stop"}
{"ts":"2026-04-05T23:39:22.583Z","level":"INFO","device":"200000000005","event":"DISCONNECTED","detail":"clean stop"}
{"ts":"2026-04-05T23:39:22.583Z","level":"INFO","device":"300000000005","event":"DISCONNECTED","detail":"clean stop"}
{"ts":"2026-04-05T23:39:22.583Z","level":"INFO","device":"868120100006","event":"DISCONNECTED","detail":"clean stop"}
{"ts":"2026-04-05T23:39:22.583Z","level":"INFO","device":"200000000006","event":"DISCONNECTED","detail":"clean stop"}
{"ts":"2026-04-05T23:39:22.583Z","level":"INFO","device":"300000000006","event":"DISCONNECTED","detail":"clean stop"}
{"ts":"2026-04-05T23:39:22.583Z","level":"INFO","device":"868120100007","event":"DISCONNECTED","detail":"clean stop"}
{"ts":"2026-04-05T23:39:22.584Z","level":"INFO","device":"200000000007","event":"DISCONNECTED","detail":"clean stop"}
{"ts":"2026-04-05T23:39:22.584Z","level":"INFO","device":"300000000007","event":"DISCONNECTED","detail":"clean stop"}
{"ts":"2026-04-05T23:39:22.584Z","level":"INFO","device":"868120100008","event":"DISCONNECTED","detail":"clean stop"}
{"ts":"2026-04-05T23:39:22.584Z","level":"INFO","device":"200000000008","event":"DISCONNECTED","detail":"clean stop"}
{"ts":"2026-04-05T23:39:22.585Z","level":"INFO","device":"300000000008","event":"DISCONNECTED","detail":"clean stop"}
{"ts":"2026-04-05T23:39:22.585Z","level":"INFO","device":"868120100009","event":"DISCONNECTED","detail":"clean stop"}
{"ts":"2026-04-05T23:39:22.585Z","level":"INFO","device":"200000000009","event":"DISCONNECTED","detail":"clean stop"}
{"ts":"2026-04-05T23:39:22.585Z","level":"INFO","device":"300000000009","event":"DISCONNECTED","detail":"clean stop"}
{"ts":"2026-04-05T23:39:22.585Z","level":"INFO","device":"100000000010","event":"DISCONNECTED","detail":"clean stop"}
{"ts":"2026-04-05T23:39:22.586Z","level":"INFO","device":"200000000010","event":"DISCONNECTED","detail":"clean stop"}
{"ts":"2026-04-05T23:39:22.586Z","level":"INFO","device":"300000000010","event":"DISCONNECTED","detail":"clean stop"}

[SUMMARY] Run duration: 429s
[SUMMARY] GPS packets sent: 480
[SUMMARY] OBD2 packets sent: 280
[SUMMARY] DTC faults sent: 3
[SUMMARY] Incidents fired: 90
[SUMMARY] Videos uploaded OK: 10
[SUMMARY] Videos failed: 10
[SUMMARY] Tracker pings sent: 0
[SUMMARY] Reconnections: 0
[SUMMARY] Log file: logs/sim-2026-04-05T23-32-16.log
