{"ts":"2026-04-10T18:43:59.819Z","level":"INFO","device":"868120018681","event":"CONNECTED","detail":"id:868120018681"}
{"ts":"2026-04-10T18:43:59.823Z","level":"INFO","device":"200000000001","event":"OBD2_CONNECTED","detail":"Binary Mode"}
{"ts":"2026-04-10T18:44:00.037Z","level":"INFO","device":"868120018681","event":"RX_MSG","detail":"0x8001 bodyLen=5"}
{"ts":"2026-04-10T18:44:00.037Z","level":"INFO","device":"868120018681","event":"SERVER_ACK","detail":"0x0102 result=OK"}
{"ts":"2026-04-10T18:44:00.043Z","level":"INFO","device":"200000000001","event":"SERVER_ACK","detail":"0x8100 Registration Reply Received"}
{"ts":"2026-04-10T18:44:00.534Z","level":"INFO","device":"200000000001","event":"SERVER_ACK","detail":"0x8001 Universal Reply Received"}
{"ts":"2026-04-10T18:44:09.625Z","level":"INFO","device":"868120018681","event":"INCIDENT_SENT","detail":"mediaId=1 alarmId=86812001868100260410184409010200"}
{"ts":"2026-04-10T18:44:09.832Z","level":"INFO","device":"868120018681","event":"RX_MSG","detail":"0x8001 bodyLen=5"}
{"ts":"2026-04-10T18:44:09.832Z","level":"INFO","device":"868120018681","event":"SERVER_ACK","detail":"0x0200 result=OK"}
{"ts":"2026-04-10T18:44:10.185Z","level":"INFO","device":"868120018681","event":"RX_MSG","detail":"0x9208 bodyLen=81"}
{"ts":"2026-04-10T18:44:10.186Z","level":"INFO","device":"868120018681","event":"9208_RAW","detail":"0C35342E33372E3232352E36350D32000086812001868100260410184409010200383638313230303138363831303032363034313031383434303930313032303000000000000000000000000000000000"}
{"ts":"2026-04-10T18:44:10.187Z","level":"INFO","device":"868120018681","event":"UPLOAD_TRIGGERED","detail":"media: 54.37.225.65:3378 | alarmId: 86812001868100260410184409010200"}
{"ts":"2026-04-10T18:44:10.188Z","level":"INFO","device":"868120018681","event":"MEDIA_CONNECTING","detail":"54.37.225.65:3378 files=2"}
{"ts":"2026-04-10T18:44:10.190Z","level":"INFO","device":"868120018681","event":"RX_MSG","detail":"0x8001 bodyLen=5"}
{"ts":"2026-04-10T18:44:10.190Z","level":"INFO","device":"868120018681","event":"SERVER_ACK","detail":"0x0800 result=OK"}
{"ts":"2026-04-10T18:44:10.403Z","level":"INFO","device":"868120018681","event":"MEDIA_CONNECTED","detail":"54.37.225.65:3378"}
{"ts":"2026-04-10T18:44:10.403Z","level":"INFO","device":"868120018681","event":"FILE_START","detail":"[1/2] 00_64_6401_00_86812001868100260410184409010200.jpg (631 bytes)"}
{"ts":"2026-04-10T18:44:10.404Z","level":"INFO","device":"868120018681","event":"SENT_1210","detail":"00_64_6401_00_86812001868100260410184409010200.jpg"}
{"ts":"2026-04-10T18:44:10.504Z","level":"INFO","device":"868120018681","event":"SENT_RAW_MARKER","detail":"00_64_6401_00_86812001868100260410184409010200.jpg packet=693 bytes data=631 bytes"}
{"ts":"2026-04-10T18:44:10.506Z","level":"INFO","device":"868120018681","event":"SENT_1212","detail":"00_64_6401_00_86812001868100260410184409010200.jpg type=0"}
{"ts":"2026-04-10T18:44:10.619Z","level":"INFO","device":"868120018681","event":"MEDIA_RX","detail":"7E 80 01 00 05 86 81 20 01 86 81 31 FB 00 00 12 10 00 6D 7E"}
{"ts":"2026-04-10T18:44:10.807Z","level":"INFO","device":"868120018681","event":"FILE_START","detail":"[2/2] 02_64_6401_03_86812001868100260410184409010200.mp4 (1570024 bytes)"}
{"ts":"2026-04-10T18:44:10.808Z","level":"INFO","device":"868120018681","event":"SENT_1210","detail":"02_64_6401_03_86812001868100260410184409010200.mp4"}
{"ts":"2026-04-10T18:44:10.828Z","level":"INFO","device":"868120018681","event":"MEDIA_RX","detail":"7E 92 12 00 36 86 81 20 01 86 81 D2 18 32 30 30 5F 36 34 5F 36 34 30 31 5F 30 30 5F 38 36 38 31 32 30 30 31 38 36 38 31 30 30 32 36 30 34 31 30 31 38 34 34 30 39 30 31 30 32 30 30 2E 6A 70 67 00 00 00 3C 7E"}
{"ts":"2026-04-10T18:44:10.911Z","level":"INFO","device":"868120018681","event":"SENT_RAW_MARKER","detail":"02_64_6401_03_86812001868100260410184409010200.mp4 packet=1570086 bytes data=1570024 bytes"}
{"ts":"2026-04-10T18:44:11.124Z","level":"INFO","device":"868120018681","event":"MEDIA_RX","detail":"7E 80 01 00 05 86 81 20 01 86 81 61 3D 00 02 12 10 00 F9 7E"}
{"ts":"2026-04-10T18:44:12.285Z","level":"INFO","device":"868120018681","event":"SENT_1212","detail":"02_64_6401_03_86812001868100260410184409010200.mp4 type=2"}
{"ts":"2026-04-10T18:44:12.586Z","level":"INFO","device":"868120018681","event":"BATCH_COMPLETE","detail":"All 2 files sent"}
{"ts":"2026-04-10T18:44:13.012Z","level":"ERROR","device":"868120018681","event":"MEDIA_ERROR","detail":"54.37.225.65:3378 — read ECONNRESET"}
{"ts":"2026-04-10T18:44:13.012Z","level":"INFO","device":"868120018681","event":"MEDIA_CLOSED","detail":""}
{"ts":"2026-04-10T18:44:14.616Z","level":"INFO","device":"200000000001","event":"OBD2_SENT_0x0200","detail":"Lat: 51.736705, Lng: 0.470351 | Speed: 42km/h | RPM: 2477"}
{"ts":"2026-04-10T18:44:14.743Z","level":"INFO","device":"868120018681","event":"RX_MSG","detail":"0x9208 bodyLen=81"}
{"ts":"2026-04-10T18:44:14.743Z","level":"INFO","device":"868120018681","event":"9208_RAW","detail":"0C35342E33372E3232352E36350D32000086812001868100260410181141080200383638313230303138363831303032363034313031383131343130383032303000000000000000000000000000000000"}
{"ts":"2026-04-10T18:44:14.743Z","level":"INFO","device":"868120018681","event":"UPLOAD_TRIGGERED","detail":"media: 54.37.225.65:3378 | alarmId: 86812001868100260410181141080200"}
{"ts":"2026-04-10T18:44:14.743Z","level":"INFO","device":"868120018681","event":"MEDIA_CONNECTING","detail":"54.37.225.65:3378 files=2"}
{"ts":"2026-04-10T18:44:14.836Z","level":"INFO","device":"200000000001","event":"SERVER_ACK","detail":"0x8001 Universal Reply Received"}
{"ts":"2026-04-10T18:44:14.934Z","level":"INFO","device":"868120018681","event":"MEDIA_CONNECTED","detail":"54.37.225.65:3378"}
{"ts":"2026-04-10T18:44:14.934Z","level":"INFO","device":"868120018681","event":"FILE_START","detail":"[1/2] 00_64_6401_00_86812001868100260410181141080200.jpg (631 bytes)"}
{"ts":"2026-04-10T18:44:14.935Z","level":"INFO","device":"868120018681","event":"SENT_1210","detail":"00_64_6401_00_86812001868100260410181141080200.jpg"}
{"ts":"2026-04-10T18:44:15.035Z","level":"INFO","device":"868120018681","event":"SENT_RAW_MARKER","detail":"00_64_6401_00_86812001868100260410181141080200.jpg packet=693 bytes data=631 bytes"}
{"ts":"2026-04-10T18:44:15.036Z","level":"INFO","device":"868120018681","event":"SENT_1212","detail":"00_64_6401_00_86812001868100260410181141080200.jpg type=0"}
{"ts":"2026-04-10T18:44:15.128Z","level":"INFO","device":"868120018681","event":"MEDIA_RX","detail":"7E 80 01 00 05 86 81 20 01 86 81 FE 02 00 00 12 10 00 5B 7E"}
{"ts":"2026-04-10T18:44:15.317Z","level":"INFO","device":"868120018681","event":"MEDIA_RX","detail":"7E 92 12 00 36 86 81 20 01 86 81 E9 12 32 30 30 5F 36 34 5F 36 34 30 31 5F 30 30 5F 38 36 38 31 32 30 30 31 38 36 38 31 30 30 32 36 30 34 31 30 31 38 31 31 34 31 30 38 30 32 30 30 2E 6A 70 67 00 00 00 08 7E"}
{"ts":"2026-04-10T18:44:15.336Z","level":"INFO","device":"868120018681","event":"FILE_START","detail":"[2/2] 02_64_6401_03_86812001868100260410181141080200.mp4 (1570024 bytes)"}
{"ts":"2026-04-10T18:44:15.337Z","level":"INFO","device":"868120018681","event":"SENT_1210","detail":"02_64_6401_03_86812001868100260410181141080200.mp4"}
{"ts":"2026-04-10T18:44:15.438Z","level":"INFO","device":"868120018681","event":"SENT_RAW_MARKER","detail":"02_64_6401_03_86812001868100260410181141080200.mp4 packet=1570086 bytes data=1570024 bytes"}
{"ts":"2026-04-10T18:44:15.528Z","level":"INFO","device":"868120018681","event":"MEDIA_RX","detail":"7E 80 01 00 05 86 81 20 01 86 81 48 B8 00 02 12 10 00 55 7E"}
{"ts":"2026-04-10T18:44:16.553Z","level":"INFO","device":"868120018681","event":"SENT_1212","detail":"02_64_6401_03_86812001868100260410181141080200.mp4 type=2"}
{"ts":"2026-04-10T18:44:16.854Z","level":"INFO","device":"868120018681","event":"BATCH_COMPLETE","detail":"All 2 files sent"}
{"ts":"2026-04-10T18:44:17.237Z","level":"ERROR","device":"868120018681","event":"MEDIA_ERROR","detail":"54.37.225.65:3378 — read ECONNRESET"}
{"ts":"2026-04-10T18:44:17.237Z","level":"INFO","device":"868120018681","event":"MEDIA_CLOSED","detail":""}
{"ts":"2026-04-10T18:44:18.963Z","level":"INFO","device":"868120018681","event":"RX_MSG","detail":"0x9208 bodyLen=81"}
{"ts":"2026-04-10T18:44:18.963Z","level":"INFO","device":"868120018681","event":"9208_RAW","detail":"0C35342E33372E3232352E36350D32000086812001868100260410181131070200383638313230303138363831303032363034313031383131333130373032303000000000000000000000000000000000"}
{"ts":"2026-04-10T18:44:18.963Z","level":"INFO","device":"868120018681","event":"UPLOAD_TRIGGERED","detail":"media: 54.37.225.65:3378 | alarmId: 86812001868100260410181131070200"}
{"ts":"2026-04-10T18:44:18.963Z","level":"INFO","device":"868120018681","event":"MEDIA_CONNECTING","detail":"54.37.225.65:3378 files=2"}
{"ts":"2026-04-10T18:44:19.151Z","level":"INFO","device":"868120018681","event":"MEDIA_CONNECTED","detail":"54.37.225.65:3378"}
{"ts":"2026-04-10T18:44:19.151Z","level":"INFO","device":"868120018681","event":"FILE_START","detail":"[1/2] 00_64_6401_00_86812001868100260410181131070200.jpg (631 bytes)"}
{"ts":"2026-04-10T18:44:19.151Z","level":"INFO","device":"868120018681","event":"SENT_1210","detail":"00_64_6401_00_86812001868100260410181131070200.jpg"}
{"ts":"2026-04-10T18:44:19.251Z","level":"INFO","device":"868120018681","event":"SENT_RAW_MARKER","detail":"00_64_6401_00_86812001868100260410181131070200.jpg packet=693 bytes data=631 bytes"}
{"ts":"2026-04-10T18:44:19.251Z","level":"INFO","device":"868120018681","event":"SENT_1212","detail":"00_64_6401_00_86812001868100260410181131070200.jpg type=0"}
{"ts":"2026-04-10T18:44:19.340Z","level":"INFO","device":"868120018681","event":"MEDIA_RX","detail":"7E 80 01 00 05 86 81 20 01 86 81 F4 3C 00 00 12 10 00 6F 7E"}
{"ts":"2026-04-10T18:44:19.526Z","level":"INFO","device":"868120018681","event":"MEDIA_RX","detail":"7E 92 12 00 36 86 81 20 01 86 81 25 45 32 30 30 5F 36 34 5F 36 34 30 31 5F 30 30 5F 38 36 38 31 32 30 30 31 38 36 38 31 30 30 32 36 30 34 31 30 31 38 31 31 33 31 30 37 30 32 30 30 2E 6A 70 67 00 00 00 9B 7E"}
{"ts":"2026-04-10T18:44:19.551Z","level":"INFO","device":"868120018681","event":"FILE_START","detail":"[2/2] 02_64_6401_03_86812001868100260410181131070200.mp4 (1570024 bytes)"}
{"ts":"2026-04-10T18:44:19.551Z","level":"INFO","device":"868120018681","event":"SENT_1210","detail":"02_64_6401_03_86812001868100260410181131070200.mp4"}
{"ts":"2026-04-10T18:44:19.613Z","level":"INFO","device":"868120018681","event":"GPS_SENT","detail":""}
{"ts":"2026-04-10T18:44:19.625Z","level":"INFO","device":"868120018681","event":"INCIDENT_SENT","detail":"mediaId=2 alarmId=86812001868100260410184419020200"}
{"ts":"2026-04-10T18:44:19.652Z","level":"INFO","device":"868120018681","event":"SENT_RAW_MARKER","detail":"02_64_6401_03_86812001868100260410181131070200.mp4 packet=1570086 bytes data=1570024 bytes"}
{"ts":"2026-04-10T18:44:19.739Z","level":"INFO","device":"868120018681","event":"MEDIA_RX","detail":"7E 80 01 00 05 86 81 20 01 86 81 5D 35 00 02 12 10 00 CD 7E"}
{"ts":"2026-04-10T18:44:19.819Z","level":"INFO","device":"868120018681","event":"RX_MSG","detail":"0x8001 bodyLen=5"}
{"ts":"2026-04-10T18:44:19.819Z","level":"INFO","device":"868120018681","event":"SERVER_ACK","detail":"0x0200 result=OK"}
{"ts":"2026-04-10T18:44:20.137Z","level":"INFO","device":"868120018681","event":"RX_MSG","detail":"0x8001 bodyLen=5"}
{"ts":"2026-04-10T18:44:20.138Z","level":"INFO","device":"868120018681","event":"SERVER_ACK","detail":"0x0200 result=OK"}
{"ts":"2026-04-10T18:44:20.138Z","level":"INFO","device":"868120018681","event":"RX_MSG","detail":"0x8001 bodyLen=5"}
{"ts":"2026-04-10T18:44:20.138Z","level":"INFO","device":"868120018681","event":"SERVER_ACK","detail":"0x0800 result=OK"}
{"ts":"2026-04-10T18:44:20.597Z","level":"INFO","device":"868120018681","event":"SENT_1212","detail":"02_64_6401_03_86812001868100260410181131070200.mp4 type=2"}
{"ts":"2026-04-10T18:44:20.897Z","level":"INFO","device":"868120018681","event":"BATCH_COMPLETE","detail":"All 2 files sent"}
{"ts":"2026-04-10T18:44:21.274Z","level":"ERROR","device":"868120018681","event":"MEDIA_ERROR","detail":"54.37.225.65:3378 — read ECONNRESET"}
{"ts":"2026-04-10T18:44:21.274Z","level":"INFO","device":"868120018681","event":"MEDIA_CLOSED","detail":""}
{"ts":"2026-04-10T18:44:22.997Z","level":"INFO","device":"868120018681","event":"RX_MSG","detail":"0x9208 bodyLen=81"}
{"ts":"2026-04-10T18:44:22.997Z","level":"INFO","device":"868120018681","event":"9208_RAW","detail":"0C35342E33372E3232352E36350D32000086812001868100260410181121060200383638313230303138363831303032363034313031383131323130363032303000000000000000000000000000000000"}
{"ts":"2026-04-10T18:44:22.997Z","level":"INFO","device":"868120018681","event":"UPLOAD_TRIGGERED","detail":"media: 54.37.225.65:3378 | alarmId: 86812001868100260410181121060200"}
{"ts":"2026-04-10T18:44:22.997Z","level":"INFO","device":"868120018681","event":"MEDIA_CONNECTING","detail":"54.37.225.65:3378 files=2"}
{"ts":"2026-04-10T18:44:23.202Z","level":"INFO","device":"868120018681","event":"MEDIA_CONNECTED","detail":"54.37.225.65:3378"}
{"ts":"2026-04-10T18:44:23.202Z","level":"INFO","device":"868120018681","event":"FILE_START","detail":"[1/2] 00_64_6401_00_86812001868100260410181121060200.jpg (631 bytes)"}
{"ts":"2026-04-10T18:44:23.203Z","level":"INFO","device":"868120018681","event":"SENT_1210","detail":"00_64_6401_00_86812001868100260410181121060200.jpg"}
{"ts":"2026-04-10T18:44:23.303Z","level":"INFO","device":"868120018681","event":"SENT_RAW_MARKER","detail":"00_64_6401_00_86812001868100260410181121060200.jpg packet=693 bytes data=631 bytes"}
{"ts":"2026-04-10T18:44:23.303Z","level":"INFO","device":"868120018681","event":"SENT_1212","detail":"00_64_6401_00_86812001868100260410181121060200.jpg type=0"}
{"ts":"2026-04-10T18:44:23.409Z","level":"INFO","device":"868120018681","event":"MEDIA_RX","detail":"7E 80 01 00 05 86 81 20 01 86 81 AC CA 00 00 12 10 00 C1 7E"}
{"ts":"2026-04-10T18:44:23.603Z","level":"INFO","device":"868120018681","event":"FILE_START","detail":"[2/2] 02_64_6401_03_86812001868100260410181121060200.mp4 (1570024 bytes)"}
{"ts":"2026-04-10T18:44:23.603Z","level":"INFO","device":"868120018681","event":"SENT_1210","detail":"02_64_6401_03_86812001868100260410181121060200.mp4"}
{"ts":"2026-04-10T18:44:23.612Z","level":"INFO","device":"868120018681","event":"MEDIA_RX","detail":"7E 92 12 00 36 86 81 20 01 86 81 E7 AF 32 30 30 5F 36 34 5F 36 34 30 31 5F 30 30 5F 38 36 38 31 32 30 30 31 38 36 38 31 30 30 32 36 30 34 31 30 31 38 31 31 32 31 30 36 30 32 30 30 2E 6A 70 67 00 00 00 B3 7E"}
{"ts":"2026-04-10T18:44:23.704Z","level":"INFO","device":"868120018681","event":"SENT_RAW_MARKER","detail":"02_64_6401_03_86812001868100260410181121060200.mp4 packet=1570086 bytes data=1570024 bytes"}
{"ts":"2026-04-10T18:44:23.909Z","level":"INFO","device":"868120018681","event":"MEDIA_RX","detail":"7E 80 01 00 05 86 81 20 01 86 81 A4 61 00 02 12 10 00 60 7E"}
{"ts":"2026-04-10T18:44:24.869Z","level":"INFO","device":"868120018681","event":"SENT_1212","detail":"02_64_6401_03_86812001868100260410181121060200.mp4 type=2"}
{"ts":"2026-04-10T18:44:25.161Z","level":"INFO","device":"868120018681","event":"MEDIA_RX","detail":"7E 92 12 00 36 86 81 20 01 86 81 09 14 32 30 32 5F 36 34 5F 36 34 30 31 5F 30 33 5F 38 36 38 31 32 30 30 31 38 36 38 31 30 30 32 36 30 34 31 30 31 38 31 31 32 31 30 36 30 32 30 30 2E 6D 70 34 02 00 00 B1 7E"}
{"ts":"2026-04-10T18:44:25.169Z","level":"INFO","device":"868120018681","event":"BATCH_COMPLETE","detail":"All 2 files sent"}
{"ts":"2026-04-10T18:44:25.912Z","level":"INFO","device":"868120018681","event":"MEDIA_CLOSED","detail":""}
{"ts":"2026-04-10T18:44:27.163Z","level":"INFO","device":"868120018681","event":"RX_MSG","detail":"0x9208 bodyLen=81"}
{"ts":"2026-04-10T18:44:27.164Z","level":"INFO","device":"868120018681","event":"9208_RAW","detail":"0C35342E33372E3232352E36350D32000086812001868100260410181111050200383638313230303138363831303032363034313031383131313130353032303000000000000000000000000000000000"}
{"ts":"2026-04-10T18:44:27.164Z","level":"INFO","device":"868120018681","event":"UPLOAD_TRIGGERED","detail":"media: 54.37.225.65:3378 | alarmId: 86812001868100260410181111050200"}
{"ts":"2026-04-10T18:44:27.164Z","level":"INFO","device":"868120018681","event":"MEDIA_CONNECTING","detail":"54.37.225.65:3378 files=2"}
{"ts":"2026-04-10T18:44:27.352Z","level":"INFO","device":"868120018681","event":"MEDIA_CONNECTED","detail":"54.37.225.65:3378"}
{"ts":"2026-04-10T18:44:27.352Z","level":"INFO","device":"868120018681","event":"FILE_START","detail":"[1/2] 00_64_6401_00_86812001868100260410181111050200.jpg (631 bytes)"}
{"ts":"2026-04-10T18:44:27.352Z","level":"INFO","device":"868120018681","event":"SENT_1210","detail":"00_64_6401_00_86812001868100260410181111050200.jpg"}
{"ts":"2026-04-10T18:44:27.453Z","level":"INFO","device":"868120018681","event":"SENT_RAW_MARKER","detail":"00_64_6401_00_86812001868100260410181111050200.jpg packet=693 bytes data=631 bytes"}
{"ts":"2026-04-10T18:44:27.453Z","level":"INFO","device":"868120018681","event":"SENT_1212","detail":"00_64_6401_00_86812001868100260410181111050200.jpg type=0"}
{"ts":"2026-04-10T18:44:27.542Z","level":"INFO","device":"868120018681","event":"MEDIA_RX","detail":"7E 80 01 00 05 86 81 20 01 86 81 B4 47 00 00 12 10 00 54 7E"}
{"ts":"2026-04-10T18:44:27.727Z","level":"INFO","device":"868120018681","event":"MEDIA_RX","detail":"7E 92 12 00 36 86 81 20 01 86 81 63 3E 32 30 30 5F 36 34 5F 36 34 30 31 5F 30 30 5F 38 36 38 31 32 30 30 31 38 36 38 31 30 30 32 36 30 34 31 30 31 38 31 31 31 31 30 35 30 32 30 30 2E 6A 70 67 00 00 00 A6 7E"}
{"ts":"2026-04-10T18:44:27.753Z","level":"INFO","device":"868120018681","event":"FILE_START","detail":"[2/2] 02_64_6401_03_86812001868100260410181111050200.mp4 (1570024 bytes)"}
{"ts":"2026-04-10T18:44:27.754Z","level":"INFO","device":"868120018681","event":"SENT_1210","detail":"02_64_6401_03_86812001868100260410181111050200.mp4"}
{"ts":"2026-04-10T18:44:27.854Z","level":"INFO","device":"868120018681","event":"SENT_RAW_MARKER","detail":"02_64_6401_03_86812001868100260410181111050200.mp4 packet=1570086 bytes data=1570024 bytes"}
{"ts":"2026-04-10T18:44:27.941Z","level":"INFO","device":"868120018681","event":"MEDIA_RX","detail":"7E 80 01 00 05 86 81 20 01 86 81 2E 56 00 02 12 10 00 DD 7E"}
{"ts":"2026-04-10T18:44:28.970Z","level":"INFO","device":"868120018681","event":"SENT_1212","detail":"02_64_6401_03_86812001868100260410181111050200.mp4 type=2"}
{"ts":"2026-04-10T18:44:29.270Z","level":"INFO","device":"868120018681","event":"BATCH_COMPLETE","detail":"All 2 files sent"}
{"ts":"2026-04-10T18:44:29.616Z","level":"INFO","device":"200000000001","event":"HEARTBEAT_SENT","detail":"0x0002"}
{"ts":"2026-04-10T18:44:29.616Z","level":"INFO","device":"200000000001","event":"OBD2_SENT_0x0200","detail":"Lat: 51.737306, Lng: 0.472610 | Speed: 38km/h | RPM: 2336"}
{"ts":"2026-04-10T18:44:29.625Z","level":"INFO","device":"868120018681","event":"INCIDENT_SENT","detail":"mediaId=3 alarmId=86812001868100260410184429030200"}
{"ts":"2026-04-10T18:44:29.648Z","level":"ERROR","device":"868120018681","event":"MEDIA_ERROR","detail":"54.37.225.65:3378 — read ECONNRESET"}
{"ts":"2026-04-10T18:44:29.649Z","level":"INFO","device":"868120018681","event":"MEDIA_CLOSED","detail":""}
{"ts":"2026-04-10T18:44:29.828Z","level":"INFO","device":"200000000001","event":"SERVER_ACK","detail":"0x8001 Universal Reply Received"}
{"ts":"2026-04-10T18:44:29.831Z","level":"INFO","device":"868120018681","event":"RX_MSG","detail":"0x8001 bodyLen=5"}
{"ts":"2026-04-10T18:44:29.831Z","level":"INFO","device":"868120018681","event":"SERVER_ACK","detail":"0x0200 result=OK"}
{"ts":"2026-04-10T18:44:30.157Z","level":"INFO","device":"200000000001","event":"SERVER_ACK","detail":"0x8001 Universal Reply Received"}
{"ts":"2026-04-10T18:44:30.184Z","level":"INFO","device":"868120018681","event":"RX_MSG","detail":"0x9208 bodyLen=81"}
{"ts":"2026-04-10T18:44:30.184Z","level":"INFO","device":"868120018681","event":"9208_RAW","detail":"0C35342E33372E3232352E36350D32000086812001868100260410181101040200383638313230303138363831303032363034313031383131303130343032303000000000000000000000000000000000"}
{"ts":"2026-04-10T18:44:30.185Z","level":"INFO","device":"868120018681","event":"UPLOAD_TRIGGERED","detail":"media: 54.37.225.65:3378 | alarmId: 86812001868100260410181101040200"}
{"ts":"2026-04-10T18:44:30.185Z","level":"INFO","device":"868120018681","event":"MEDIA_CONNECTING","detail":"54.37.225.65:3378 files=2"}
{"ts":"2026-04-10T18:44:30.185Z","level":"INFO","device":"868120018681","event":"RX_MSG","detail":"0x8001 bodyLen=5"}
{"ts":"2026-04-10T18:44:30.185Z","level":"INFO","device":"868120018681","event":"SERVER_ACK","detail":"0x0800 result=OK"}
{"ts":"2026-04-10T18:44:30.374Z","level":"INFO","device":"868120018681","event":"MEDIA_CONNECTED","detail":"54.37.225.65:3378"}
{"ts":"2026-04-10T18:44:30.374Z","level":"INFO","device":"868120018681","event":"FILE_START","detail":"[1/2] 00_64_6401_00_86812001868100260410181101040200.jpg (631 bytes)"}
{"ts":"2026-04-10T18:44:30.374Z","level":"INFO","device":"868120018681","event":"SENT_1210","detail":"00_64_6401_00_86812001868100260410181101040200.jpg"}
{"ts":"2026-04-10T18:44:30.474Z","level":"INFO","device":"868120018681","event":"SENT_RAW_MARKER","detail":"00_64_6401_00_86812001868100260410181101040200.jpg packet=693 bytes data=631 bytes"}
{"ts":"2026-04-10T18:44:30.475Z","level":"INFO","device":"868120018681","event":"SENT_1212","detail":"00_64_6401_00_86812001868100260410181101040200.jpg type=0"}
{"ts":"2026-04-10T18:44:30.565Z","level":"INFO","device":"868120018681","event":"MEDIA_RX","detail":"7E 80 01 00 05 86 81 20 01 86 81 2F 5E 00 00 12 10 00 D6 7E"}
{"ts":"2026-04-10T18:44:30.753Z","level":"INFO","device":"868120018681","event":"MEDIA_RX","detail":"7E 92 12 00 36 86 81 20 01 86 81 A0 B6 32 30 30 5F 36 34 5F 36 34 30 31 5F 30 30 5F 38 36 38 31 32 30 30 31 38 36 38 31 30 30 32 36 30 34 31 30 31 38 31 31 30 31 30 34 30 32 30 30 2E 6A 70 67 00 00 00 ED 7E"}
{"ts":"2026-04-10T18:44:30.775Z","level":"INFO","device":"868120018681","event":"FILE_START","detail":"[2/2] 02_64_6401_03_86812001868100260410181101040200.mp4 (1570024 bytes)"}
{"ts":"2026-04-10T18:44:30.776Z","level":"INFO","device":"868120018681","event":"SENT_1210","detail":"02_64_6401_03_86812001868100260410181101040200.mp4"}
{"ts":"2026-04-10T18:44:30.876Z","level":"INFO","device":"868120018681","event":"SENT_RAW_MARKER","detail":"02_64_6401_03_86812001868100260410181101040200.mp4 packet=1570086 bytes data=1570024 bytes"}
{"ts":"2026-04-10T18:44:30.963Z","level":"INFO","device":"868120018681","event":"MEDIA_RX","detail":"7E 80 01 00 05 86 81 20 01 86 81 EE A1 00 02 12 10 00 EA 7E"}
{"ts":"2026-04-10T18:44:32.065Z","level":"INFO","device":"868120018681","event":"SENT_1212","detail":"02_64_6401_03_86812001868100260410181101040200.mp4 type=2"}
{"ts":"2026-04-10T18:44:32.366Z","level":"INFO","device":"868120018681","event":"BATCH_COMPLETE","detail":"All 2 files sent"}
{"ts":"2026-04-10T18:44:33.680Z","level":"INFO","device":"868120018681","event":"MEDIA_CLOSED","detail":""}
{"ts":"2026-04-10T18:44:35.695Z","level":"INFO","device":"868120018681","event":"RX_MSG","detail":"0x9208 bodyLen=81"}
{"ts":"2026-04-10T18:44:35.696Z","level":"INFO","device":"868120018681","event":"9208_RAW","detail":"0C35342E33372E3232352E36350D32000086812001868100260410181051030200383638313230303138363831303032363034313031383130353130333032303000000000000000000000000000000000"}
{"ts":"2026-04-10T18:44:35.696Z","level":"INFO","device":"868120018681","event":"UPLOAD_TRIGGERED","detail":"media: 54.37.225.65:3378 | alarmId: 86812001868100260410181051030200"}
{"ts":"2026-04-10T18:44:35.696Z","level":"INFO","device":"868120018681","event":"MEDIA_CONNECTING","detail":"54.37.225.65:3378 files=2"}
{"ts":"2026-04-10T18:44:35.901Z","level":"INFO","device":"868120018681","event":"MEDIA_CONNECTED","detail":"54.37.225.65:3378"}
{"ts":"2026-04-10T18:44:35.901Z","level":"INFO","device":"868120018681","event":"FILE_START","detail":"[1/2] 00_64_6401_00_86812001868100260410181051030200.jpg (631 bytes)"}
{"ts":"2026-04-10T18:44:35.901Z","level":"INFO","device":"868120018681","event":"SENT_1210","detail":"00_64_6401_00_86812001868100260410181051030200.jpg"}
{"ts":"2026-04-10T18:44:36.001Z","level":"INFO","device":"868120018681","event":"SENT_RAW_MARKER","detail":"00_64_6401_00_86812001868100260410181051030200.jpg packet=693 bytes data=631 bytes"}
{"ts":"2026-04-10T18:44:36.001Z","level":"INFO","device":"868120018681","event":"SENT_1212","detail":"00_64_6401_00_86812001868100260410181051030200.jpg type=0"}
{"ts":"2026-04-10T18:44:36.107Z","level":"INFO","device":"868120018681","event":"MEDIA_RX","detail":"7E 80 01 00 05 86 81 20 01 86 81 D2 A4 00 00 12 10 00 D1 7E"}
{"ts":"2026-04-10T18:44:36.301Z","level":"INFO","device":"868120018681","event":"FILE_START","detail":"[2/2] 02_64_6401_03_86812001868100260410181051030200.mp4 (1570024 bytes)"}
{"ts":"2026-04-10T18:44:36.302Z","level":"INFO","device":"868120018681","event":"SENT_1210","detail":"02_64_6401_03_86812001868100260410181051030200.mp4"}
{"ts":"2026-04-10T18:44:36.309Z","level":"INFO","device":"868120018681","event":"MEDIA_RX","detail":"7E 92 12 00 36 86 81 20 01 86 81 2D 91 32 30 30 5F 36 34 5F 36 34 30 31 5F 30 30 5F 38 36 38 31 32 30 30 31 38 36 38 31 30 30 32 36 30 34 31 30 31 38 31 30 35 31 30 33 30 32 30 30 2E 6A 70 67 00 00 00 44 7E"}
{"ts":"2026-04-10T18:44:36.403Z","level":"INFO","device":"868120018681","event":"SENT_RAW_MARKER","detail":"02_64_6401_03_86812001868100260410181051030200.mp4 packet=1570086 bytes data=1570024 bytes"}
{"ts":"2026-04-10T18:44:36.608Z","level":"INFO","device":"868120018681","event":"MEDIA_RX","detail":"7E 80 01 00 05 86 81 20 01 86 81 F8 F1 00 02 12 10 00 AC 7E"}
{"ts":"2026-04-10T18:44:37.566Z","level":"INFO","device":"868120018681","event":"SENT_1212","detail":"02_64_6401_03_86812001868100260410181051030200.mp4 type=2"}
{"ts":"2026-04-10T18:44:37.864Z","level":"INFO","device":"868120018681","event":"MEDIA_RX","detail":"7E 92 12 00 36 86 81 20 01 86 81 13 E5 32 30 32 5F 36 34 5F 36 34 30 31 5F 30 33 5F 38 36 38 31 32 30 30 31 38 36 38 31 30 30 32 36 30 34 31 30 31 38 31 30 35 31 30 33 30 32 30 30 2E 6D 70 34 02 00 00 59 7E"}
{"ts":"2026-04-10T18:44:37.866Z","level":"INFO","device":"868120018681","event":"BATCH_COMPLETE","detail":"All 2 files sent"}
{"ts":"2026-04-10T18:44:38.648Z","level":"INFO","device":"868120018681","event":"MEDIA_CLOSED","detail":""}
{"ts":"2026-04-10T18:44:39.614Z","level":"INFO","device":"868120018681","event":"GPS_SENT","detail":""}
{"ts":"2026-04-10T18:44:39.625Z","level":"INFO","device":"868120018681","event":"INCIDENT_SENT","detail":"mediaId=4 alarmId=86812001868100260410184439040200"}
{"ts":"2026-04-10T18:44:39.820Z","level":"INFO","device":"868120018681","event":"RX_MSG","detail":"0x8001 bodyLen=5"}
{"ts":"2026-04-10T18:44:39.820Z","level":"INFO","device":"868120018681","event":"SERVER_ACK","detail":"0x0200 result=OK"}
{"ts":"2026-04-10T18:44:40.137Z","level":"INFO","device":"868120018681","event":"RX_MSG","detail":"0x9208 bodyLen=81"}
{"ts":"2026-04-10T18:44:40.137Z","level":"INFO","device":"868120018681","event":"9208_RAW","detail":"0C35342E33372E3232352E36350D32000086812001868100260410181041020200383638313230303138363831303032363034313031383130343130323032303000000000000000000000000000000000"}
{"ts":"2026-04-10T18:44:40.137Z","level":"INFO","device":"868120018681","event":"UPLOAD_TRIGGERED","detail":"media: 54.37.225.65:3378 | alarmId: 86812001868100260410181041020200"}
{"ts":"2026-04-10T18:44:40.137Z","level":"INFO","device":"868120018681","event":"MEDIA_CONNECTING","detail":"54.37.225.65:3378 files=2"}
{"ts":"2026-04-10T18:44:40.137Z","level":"INFO","device":"868120018681","event":"RX_MSG","detail":"0x8001 bodyLen=5"}
{"ts":"2026-04-10T18:44:40.137Z","level":"INFO","device":"868120018681","event":"SERVER_ACK","detail":"0x0200 result=OK"}
{"ts":"2026-04-10T18:44:40.137Z","level":"INFO","device":"868120018681","event":"RX_MSG","detail":"0x8001 bodyLen=5"}
{"ts":"2026-04-10T18:44:40.137Z","level":"INFO","device":"868120018681","event":"SERVER_ACK","detail":"0x0800 result=OK"}
{"ts":"2026-04-10T18:44:40.325Z","level":"INFO","device":"868120018681","event":"MEDIA_CONNECTED","detail":"54.37.225.65:3378"}
{"ts":"2026-04-10T18:44:40.326Z","level":"INFO","device":"868120018681","event":"FILE_START","detail":"[1/2] 00_64_6401_00_86812001868100260410181041020200.jpg (631 bytes)"}
{"ts":"2026-04-10T18:44:40.326Z","level":"INFO","device":"868120018681","event":"SENT_1210","detail":"00_64_6401_00_86812001868100260410181041020200.jpg"}
{"ts":"2026-04-10T18:44:40.426Z","level":"INFO","device":"868120018681","event":"SENT_RAW_MARKER","detail":"00_64_6401_00_86812001868100260410181041020200.jpg packet=693 bytes data=631 bytes"}
{"ts":"2026-04-10T18:44:40.427Z","level":"INFO","device":"868120018681","event":"SENT_1212","detail":"00_64_6401_00_86812001868100260410181041020200.jpg type=0"}
{"ts":"2026-04-10T18:44:40.515Z","level":"INFO","device":"868120018681","event":"MEDIA_RX","detail":"7E 80 01 00 05 86 81 20 01 86 81 3C 6A 00 00 12 10 00 F1 7E"}
{"ts":"2026-04-10T18:44:40.702Z","level":"INFO","device":"868120018681","event":"MEDIA_RX","detail":"7E 92 12 00 36 86 81 20 01 86 81 D1 84 32 30 30 5F 36 34 5F 36 34 30 31 5F 30 30 5F 38 36 38 31 32 30 30 31 38 36 38 31 30 30 32 36 30 34 31 30 31 38 31 30 34 31 30 32 30 32 30 30 2E 6A 70 67 00 00 00 AD 7E"}
{"ts":"2026-04-10T18:44:40.727Z","level":"INFO","device":"868120018681","event":"FILE_START","detail":"[2/2] 02_64_6401_03_86812001868100260410181041020200.mp4 (1570024 bytes)"}
{"ts":"2026-04-10T18:44:40.727Z","level":"INFO","device":"868120018681","event":"SENT_1210","detail":"02_64_6401_03_86812001868100260410181041020200.mp4"}
{"ts":"2026-04-10T18:44:40.829Z","level":"INFO","device":"868120018681","event":"SENT_RAW_MARKER","detail":"02_64_6401_03_86812001868100260410181041020200.mp4 packet=1570086 bytes data=1570024 bytes"}
{"ts":"2026-04-10T18:44:40.915Z","level":"INFO","device":"868120018681","event":"MEDIA_RX","detail":"7E 80 01 00 05 86 81 20 01 86 81 2B 0A 00 02 12 10 00 84 7E"}
{"ts":"2026-04-10T18:44:42.270Z","level":"INFO","device":"868120018681","event":"SENT_1212","detail":"02_64_6401_03_86812001868100260410181041020200.mp4 type=2"}
{"ts":"2026-04-10T18:44:42.544Z","level":"INFO","device":"868120018681","event":"MEDIA_RX","detail":"7E 92 12 00 36 86 81 20 01 86 81 87 9E 32 30 32 5F 36 34 5F 36 34 30 31 5F 30 33 5F 38 36 38 31 32 30 30 31 38 36 38 31 30 30 32 36 30 34 31 30 31 38 31 30 34 31 30 32 30 32 30 30 2E 6D 70 34 02 00 00 B6 7E"}
{"ts":"2026-04-10T18:44:42.571Z","level":"INFO","device":"868120018681","event":"BATCH_COMPLETE","detail":"All 2 files sent"}
{"ts":"2026-04-10T18:44:43.240Z","level":"INFO","device":"868120018681","event":"MEDIA_CLOSED","detail":""}
{"ts":"2026-04-10T18:44:44.546Z","level":"INFO","device":"868120018681","event":"RX_MSG","detail":"0x9208 bodyLen=81"}
{"ts":"2026-04-10T18:44:44.546Z","level":"INFO","device":"868120018681","event":"9208_RAW","detail":"0C35342E33372E3232352E36350D32000086812001868100260410181031010200383638313230303138363831303032363034313031383130333130313032303000000000000000000000000000000000"}
{"ts":"2026-04-10T18:44:44.546Z","level":"INFO","device":"868120018681","event":"UPLOAD_TRIGGERED","detail":"media: 54.37.225.65:3378 | alarmId: 86812001868100260410181031010200"}
{"ts":"2026-04-10T18:44:44.547Z","level":"INFO","device":"868120018681","event":"MEDIA_CONNECTING","detail":"54.37.225.65:3378 files=2"}
{"ts":"2026-04-10T18:44:44.618Z","level":"INFO","device":"200000000001","event":"OBD2_SENT_0x0200","detail":"Lat: 51.737656, Lng: 0.474648 | Speed: 36km/h | RPM: 2246"}
{"ts":"2026-04-10T18:44:44.736Z","level":"INFO","device":"868120018681","event":"MEDIA_CONNECTED","detail":"54.37.225.65:3378"}
{"ts":"2026-04-10T18:44:44.736Z","level":"INFO","device":"868120018681","event":"FILE_START","detail":"[1/2] 00_64_6401_00_86812001868100260410181031010200.jpg (631 bytes)"}
{"ts":"2026-04-10T18:44:44.736Z","level":"INFO","device":"868120018681","event":"SENT_1210","detail":"00_64_6401_00_86812001868100260410181031010200.jpg"}
{"ts":"2026-04-10T18:44:44.829Z","level":"INFO","device":"200000000001","event":"SERVER_ACK","detail":"0x8001 Universal Reply Received"}
{"ts":"2026-04-10T18:44:44.836Z","level":"INFO","device":"868120018681","event":"SENT_RAW_MARKER","detail":"00_64_6401_00_86812001868100260410181031010200.jpg packet=693 bytes data=631 bytes"}
{"ts":"2026-04-10T18:44:44.836Z","level":"INFO","device":"868120018681","event":"SENT_1212","detail":"00_64_6401_00_86812001868100260410181031010200.jpg type=0"}
{"ts":"2026-04-10T18:44:44.927Z","level":"INFO","device":"868120018681","event":"MEDIA_RX","detail":"7E 80 01 00 05 86 81 20 01 86 81 2D 50 00 00 12 10 00 DA 7E"}
{"ts":"2026-04-10T18:44:45.109Z","level":"INFO","device":"868120018681","event":"MEDIA_RX","detail":"7E 92 12 00 36 86 81 20 01 86 81 0C 39 32 30 30 5F 36 34 5F 36 34 30 31 5F 30 30 5F 38 36 38 31 32 30 30 31 38 36 38 31 30 30 32 36 30 34 31 30 31 38 31 30 33 31 30 31 30 32 30 30 2E 6A 70 67 00 00 00 C9 7E"}
{"ts":"2026-04-10T18:44:45.136Z","level":"INFO","device":"868120018681","event":"FILE_START","detail":"[2/2] 02_64_6401_03_86812001868100260410181031010200.mp4 (1570024 bytes)"}
{"ts":"2026-04-10T18:44:45.136Z","level":"INFO","device":"868120018681","event":"SENT_1210","detail":"02_64_6401_03_86812001868100260410181031010200.mp4"}
{"ts":"2026-04-10T18:44:45.239Z","level":"INFO","device":"868120018681","event":"SENT_RAW_MARKER","detail":"02_64_6401_03_86812001868100260410181031010200.mp4 packet=1570086 bytes data=1570024 bytes"}
{"ts":"2026-04-10T18:44:45.324Z","level":"INFO","device":"868120018681","event":"MEDIA_RX","detail":"7E 80 01 00 05 86 81 20 01 86 81 7D 02 B1 00 02 12 10 00 6A 7E"}
{"ts":"2026-04-10T18:44:46.505Z","level":"INFO","device":"868120018681","event":"SENT_1212","detail":"02_64_6401_03_86812001868100260410181031010200.mp4 type=2"}
{"ts":"2026-04-10T18:44:46.806Z","level":"INFO","device":"868120018681","event":"BATCH_COMPLETE","detail":"All 2 files sent"}
{"ts":"2026-04-10T18:44:47.183Z","level":"ERROR","device":"868120018681","event":"MEDIA_ERROR","detail":"54.37.225.65:3378 — read ECONNRESET"}
{"ts":"2026-04-10T18:44:47.183Z","level":"INFO","device":"868120018681","event":"MEDIA_CLOSED","detail":""}
{"ts":"2026-04-10T18:44:48.905Z","level":"INFO","device":"868120018681","event":"RX_MSG","detail":"0x9208 bodyLen=81"}
{"ts":"2026-04-10T18:44:48.905Z","level":"INFO","device":"868120018681","event":"9208_RAW","detail":"0C35342E33372E3232352E36350D320000868120018681002604101809040B0200383638313230303138363831303032363034313031383039303430623032303000000000000000000000000000000000"}
{"ts":"2026-04-10T18:44:48.905Z","level":"INFO","device":"868120018681","event":"UPLOAD_TRIGGERED","detail":"media: 54.37.225.65:3378 | alarmId: 868120018681002604101809040B0200"}
{"ts":"2026-04-10T18:44:48.905Z","level":"INFO","device":"868120018681","event":"MEDIA_CONNECTING","detail":"54.37.225.65:3378 files=2"}
{"ts":"2026-04-10T18:44:49.110Z","level":"INFO","device":"868120018681","event":"MEDIA_CONNECTED","detail":"54.37.225.65:3378"}
{"ts":"2026-04-10T18:44:49.111Z","level":"INFO","device":"868120018681","event":"FILE_START","detail":"[1/2] 00_64_6401_00_868120018681002604101809040B0200.jpg (631 bytes)"}
{"ts":"2026-04-10T18:44:49.111Z","level":"INFO","device":"868120018681","event":"SENT_1210","detail":"00_64_6401_00_868120018681002604101809040B0200.jpg"}
{"ts":"2026-04-10T18:44:49.211Z","level":"INFO","device":"868120018681","event":"SENT_RAW_MARKER","detail":"00_64_6401_00_868120018681002604101809040B0200.jpg packet=693 bytes data=631 bytes"}
{"ts":"2026-04-10T18:44:49.212Z","level":"INFO","device":"868120018681","event":"SENT_1212","detail":"00_64_6401_00_868120018681002604101809040B0200.jpg type=0"}
{"ts":"2026-04-10T18:44:49.317Z","level":"INFO","device":"868120018681","event":"MEDIA_RX","detail":"7E 80 01 00 05 86 81 20 01 86 81 77 3C 00 00 12 10 00 EC 7E"}
{"ts":"2026-04-10T18:44:49.512Z","level":"INFO","device":"868120018681","event":"FILE_START","detail":"[2/2] 02_64_6401_03_868120018681002604101809040B0200.mp4 (1570024 bytes)"}
{"ts":"2026-04-10T18:44:49.513Z","level":"INFO","device":"868120018681","event":"SENT_1210","detail":"02_64_6401_03_868120018681002604101809040B0200.mp4"}
{"ts":"2026-04-10T18:44:49.520Z","level":"INFO","device":"868120018681","event":"MEDIA_RX","detail":"7E 92 12 00 36 86 81 20 01 86 81 E3 3F 32 30 30 5F 36 34 5F 36 34 30 31 5F 30 30 5F 38 36 38 31 32 30 30 31 38 36 38 31 30 30 32 36 30 34 31 30 31 38 30 39 30 34 30 42 30 32 30 30 2E 6A 70 67 00 00 00 5D 7E"}
{"ts":"2026-04-10T18:44:49.615Z","level":"INFO","device":"868120018681","event":"SENT_RAW_MARKER","detail":"02_64_6401_03_868120018681002604101809040B0200.mp4 packet=1570086 bytes data=1570024 bytes"}
{"ts":"2026-04-10T18:44:49.626Z","level":"INFO","device":"868120018681","event":"INCIDENT_SENT","detail":"mediaId=5 alarmId=86812001868100260410184449050200"}
{"ts":"2026-04-10T18:44:49.820Z","level":"INFO","device":"868120018681","event":"MEDIA_RX","detail":"7E 80 01 00 05 86 81 20 01 86 81 11 65 00 02 12 10 00 D1 7E"}
{"ts":"2026-04-10T18:44:49.832Z","level":"INFO","device":"868120018681","event":"RX_MSG","detail":"0x8001 bodyLen=5"}
{"ts":"2026-04-10T18:44:49.832Z","level":"INFO","device":"868120018681","event":"SERVER_ACK","detail":"0x0200 result=OK"}
{"ts":"2026-04-10T18:44:50.182Z","level":"INFO","device":"868120018681","event":"RX_MSG","detail":"0x8001 bodyLen=5"}
{"ts":"2026-04-10T18:44:50.182Z","level":"INFO","device":"868120018681","event":"SERVER_ACK","detail":"0x0800 result=OK"}
{"ts":"2026-04-10T18:44:50.778Z","level":"INFO","device":"868120018681","event":"SENT_1212","detail":"02_64_6401_03_868120018681002604101809040B0200.mp4 type=2"}
{"ts":"2026-04-10T18:44:51.079Z","level":"INFO","device":"868120018681","event":"BATCH_COMPLETE","detail":"All 2 files sent"}
{"ts":"2026-04-10T18:44:51.490Z","level":"ERROR","device":"868120018681","event":"MEDIA_ERROR","detail":"54.37.225.65:3378 — read ECONNRESET"}
{"ts":"2026-04-10T18:44:51.490Z","level":"INFO","device":"868120018681","event":"MEDIA_CLOSED","detail":""}
{"ts":"2026-04-10T18:44:53.088Z","level":"INFO","device":"868120018681","event":"RX_MSG","detail":"0x9208 bodyLen=81"}
{"ts":"2026-04-10T18:44:53.088Z","level":"INFO","device":"868120018681","event":"9208_RAW","detail":"0C35342E33372E3232352E36350D32000086812001868100260410184419020200383638313230303138363831303032363034313031383434313930323032303000000000000000000000000000000000"}
{"ts":"2026-04-10T18:44:53.088Z","level":"INFO","device":"868120018681","event":"UPLOAD_TRIGGERED","detail":"media: 54.37.225.65:3378 | alarmId: 86812001868100260410184419020200"}
{"ts":"2026-04-10T18:44:53.088Z","level":"INFO","device":"868120018681","event":"MEDIA_CONNECTING","detail":"54.37.225.65:3378 files=2"}
{"ts":"2026-04-10T18:44:53.294Z","level":"INFO","device":"868120018681","event":"MEDIA_CONNECTED","detail":"54.37.225.65:3378"}
{"ts":"2026-04-10T18:44:53.294Z","level":"INFO","device":"868120018681","event":"FILE_START","detail":"[1/2] 00_64_6401_00_86812001868100260410184419020200.jpg (631 bytes)"}
{"ts":"2026-04-10T18:44:53.294Z","level":"INFO","device":"868120018681","event":"SENT_1210","detail":"00_64_6401_00_86812001868100260410184419020200.jpg"}
{"ts":"2026-04-10T18:44:53.395Z","level":"INFO","device":"868120018681","event":"SENT_RAW_MARKER","detail":"00_64_6401_00_86812001868100260410184419020200.jpg packet=693 bytes data=631 bytes"}
{"ts":"2026-04-10T18:44:53.395Z","level":"INFO","device":"868120018681","event":"SENT_1212","detail":"00_64_6401_00_86812001868100260410184419020200.jpg type=0"}
{"ts":"2026-04-10T18:44:53.501Z","level":"INFO","device":"868120018681","event":"MEDIA_RX","detail":"7E 80 01 00 05 86 81 20 01 86 81 C6 54 00 00 12 10 00 35 7E"}
{"ts":"2026-04-10T18:44:53.695Z","level":"INFO","device":"868120018681","event":"FILE_START","detail":"[2/2] 02_64_6401_03_86812001868100260410184419020200.mp4 (1570024 bytes)"}
{"ts":"2026-04-10T18:44:53.696Z","level":"INFO","device":"868120018681","event":"SENT_1210","detail":"02_64_6401_03_86812001868100260410184419020200.mp4"}
{"ts":"2026-04-10T18:44:53.704Z","level":"INFO","device":"868120018681","event":"MEDIA_RX","detail":"7E 92 12 00 36 86 81 20 01 86 81 30 37 32 30 30 5F 36 34 5F 36 34 30 31 5F 30 30 5F 38 36 38 31 32 30 30 31 38 36 38 31 30 30 32 36 30 34 31 30 31 38 34 34 31 39 30 32 30 32 30 30 2E 6A 70 67 00 00 00 F3 7E"}
{"ts":"2026-04-10T18:44:53.798Z","level":"INFO","device":"868120018681","event":"SENT_RAW_MARKER","detail":"02_64_6401_03_86812001868100260410184419020200.mp4 packet=1570086 bytes data=1570024 bytes"}
{"ts":"2026-04-10T18:44:54.002Z","level":"INFO","device":"868120018681","event":"MEDIA_RX","detail":"7E 80 01 00 05 86 81 20 01 86 81 74 03 00 02 12 10 00 D2 7E"}
{"ts":"2026-04-10T18:44:54.945Z","level":"INFO","device":"868120018681","event":"SENT_1212","detail":"02_64_6401_03_86812001868100260410184419020200.mp4 type=2"}
{"ts":"2026-04-10T18:44:55.245Z","level":"INFO","device":"868120018681","event":"BATCH_COMPLETE","detail":"All 2 files sent"}
{"ts":"2026-04-10T18:44:55.656Z","level":"ERROR","device":"868120018681","event":"MEDIA_ERROR","detail":"54.37.225.65:3378 — read ECONNRESET"}
{"ts":"2026-04-10T18:44:55.656Z","level":"INFO","device":"868120018681","event":"MEDIA_CLOSED","detail":""}
{"ts":"2026-04-10T18:44:57.252Z","level":"INFO","device":"868120018681","event":"RX_MSG","detail":"0x9208 bodyLen=81"}
{"ts":"2026-04-10T18:44:57.252Z","level":"INFO","device":"868120018681","event":"9208_RAW","detail":"0C35342E33372E3232352E36350D32000086812001868100260410184429030200383638313230303138363831303032363034313031383434323930333032303000000000000000000000000000000000"}
{"ts":"2026-04-10T18:44:57.252Z","level":"INFO","device":"868120018681","event":"UPLOAD_TRIGGERED","detail":"media: 54.37.225.65:3378 | alarmId: 86812001868100260410184429030200"}
{"ts":"2026-04-10T18:44:57.253Z","level":"INFO","device":"868120018681","event":"MEDIA_CONNECTING","detail":"54.37.225.65:3378 files=2"}
{"ts":"2026-04-10T18:44:57.457Z","level":"INFO","device":"868120018681","event":"MEDIA_CONNECTED","detail":"54.37.225.65:3378"}
{"ts":"2026-04-10T18:44:57.457Z","level":"INFO","device":"868120018681","event":"FILE_START","detail":"[1/2] 00_64_6401_00_86812001868100260410184429030200.jpg (631 bytes)"}
{"ts":"2026-04-10T18:44:57.457Z","level":"INFO","device":"868120018681","event":"SENT_1210","detail":"00_64_6401_00_86812001868100260410184429030200.jpg"}
{"ts":"2026-04-10T18:44:57.557Z","level":"INFO","device":"868120018681","event":"SENT_RAW_MARKER","detail":"00_64_6401_00_86812001868100260410184429030200.jpg packet=693 bytes data=631 bytes"}
{"ts":"2026-04-10T18:44:57.557Z","level":"INFO","device":"868120018681","event":"SENT_1212","detail":"00_64_6401_00_86812001868100260410184429030200.jpg type=0"}
{"ts":"2026-04-10T18:44:57.664Z","level":"INFO","device":"868120018681","event":"MEDIA_RX","detail":"7E 80 01 00 05 86 81 20 01 86 81 BF 0C 00 00 12 10 00 14 7E"}
{"ts":"2026-04-10T18:44:57.857Z","level":"INFO","device":"868120018681","event":"FILE_START","detail":"[2/2] 02_64_6401_03_86812001868100260410184429030200.mp4 (1570024 bytes)"}
{"ts":"2026-04-10T18:44:57.858Z","level":"INFO","device":"868120018681","event":"SENT_1210","detail":"02_64_6401_03_86812001868100260410184429030200.mp4"}
{"ts":"2026-04-10T18:44:57.865Z","level":"INFO","device":"868120018681","event":"MEDIA_RX","detail":"7E 92 12 00 36 86 81 20 01 86 81 F9 D7 32 30 30 5F 36 34 5F 36 34 30 31 5F 30 30 5F 38 36 38 31 32 30 30 31 38 36 38 31 30 30 32 36 30 34 31 30 31 38 34 34 32 39 30 33 30 32 30 30 2E 6A 70 67 00 00 00 D8 7E"}
{"ts":"2026-04-10T18:44:57.960Z","level":"INFO","device":"868120018681","event":"SENT_RAW_MARKER","detail":"02_64_6401_03_86812001868100260410184429030200.mp4 packet=1570086 bytes data=1570024 bytes"}
{"ts":"2026-04-10T18:44:58.163Z","level":"INFO","device":"868120018681","event":"MEDIA_RX","detail":"7E 80 01 00 05 86 81 20 01 86 81 46 3E 00 02 12 10 00 DD 7E"}
{"ts":"2026-04-10T18:44:59.109Z","level":"INFO","device":"868120018681","event":"SENT_1212","detail":"02_64_6401_03_86812001868100260410184429030200.mp4 type=2"}
{"ts":"2026-04-10T18:44:59.410Z","level":"INFO","device":"868120018681","event":"BATCH_COMPLETE","detail":"All 2 files sent"}
{"ts":"2026-04-10T18:44:59.615Z","level":"INFO","device":"868120018681","event":"GPS_SENT","detail":""}
{"ts":"2026-04-10T18:44:59.616Z","level":"INFO","device":"200000000001","event":"HEARTBEAT_SENT","detail":"0x0002"}
{"ts":"2026-04-10T18:44:59.617Z","level":"INFO","device":"200000000001","event":"OBD2_SENT_0x0200","detail":"Lat: 51.737769, Lng: 0.476967 | Speed: 39km/h | RPM: 2364"}
{"ts":"2026-04-10T18:44:59.625Z","level":"INFO","device":"868120018681","event":"INCIDENT_SENT","detail":"mediaId=6 alarmId=86812001868100260410184459060200"}
{"ts":"2026-04-10T18:44:59.820Z","level":"ERROR","device":"868120018681","event":"MEDIA_ERROR","detail":"54.37.225.65:3378 — read ECONNRESET"}
{"ts":"2026-04-10T18:44:59.820Z","level":"INFO","device":"868120018681","event":"MEDIA_CLOSED","detail":""}
{"ts":"2026-04-10T18:44:59.820Z","level":"INFO","device":"868120018681","event":"RX_MSG","detail":"0x8001 bodyLen=5"}
{"ts":"2026-04-10T18:44:59.820Z","level":"INFO","device":"868120018681","event":"SERVER_ACK","detail":"0x0200 result=OK"}
{"ts":"2026-04-10T18:44:59.830Z","level":"INFO","device":"200000000001","event":"SERVER_ACK","detail":"0x8001 Universal Reply Received"}
{"ts":"2026-04-10T18:45:00.135Z","level":"INFO","device":"868120018681","event":"RX_MSG","detail":"0x8001 bodyLen=5"}
{"ts":"2026-04-10T18:45:00.135Z","level":"INFO","device":"868120018681","event":"SERVER_ACK","detail":"0x0200 result=OK"}
{"ts":"2026-04-10T18:45:00.135Z","level":"INFO","device":"868120018681","event":"RX_MSG","detail":"0x8001 bodyLen=5"}
{"ts":"2026-04-10T18:45:00.136Z","level":"INFO","device":"868120018681","event":"SERVER_ACK","detail":"0x0800 result=OK"}
{"ts":"2026-04-10T18:45:00.136Z","level":"INFO","device":"868120018681","event":"RX_MSG","detail":"0x9208 bodyLen=81"}
{"ts":"2026-04-10T18:45:00.136Z","level":"INFO","device":"868120018681","event":"9208_RAW","detail":"0C35342E33372E3232352E36350D32000086812001868100260410184439040200383638313230303138363831303032363034313031383434333930343032303000000000000000000000000000000000"}
{"ts":"2026-04-10T18:45:00.136Z","level":"INFO","device":"868120018681","event":"UPLOAD_TRIGGERED","detail":"media: 54.37.225.65:3378 | alarmId: 86812001868100260410184439040200"}
{"ts":"2026-04-10T18:45:00.136Z","level":"INFO","device":"868120018681","event":"MEDIA_CONNECTING","detail":"54.37.225.65:3378 files=2"}
{"ts":"2026-04-10T18:45:00.170Z","level":"INFO","device":"200000000001","event":"SERVER_ACK","detail":"0x8001 Universal Reply Received"}
{"ts":"2026-04-10T18:45:00.341Z","level":"INFO","device":"868120018681","event":"MEDIA_CONNECTED","detail":"54.37.225.65:3378"}
{"ts":"2026-04-10T18:45:00.341Z","level":"INFO","device":"868120018681","event":"FILE_START","detail":"[1/2] 00_64_6401_00_86812001868100260410184439040200.jpg (631 bytes)"}
{"ts":"2026-04-10T18:45:00.341Z","level":"INFO","device":"868120018681","event":"SENT_1210","detail":"00_64_6401_00_86812001868100260410184439040200.jpg"}
{"ts":"2026-04-10T18:45:00.442Z","level":"INFO","device":"868120018681","event":"SENT_RAW_MARKER","detail":"00_64_6401_00_86812001868100260410184439040200.jpg packet=693 bytes data=631 bytes"}
{"ts":"2026-04-10T18:45:00.442Z","level":"INFO","device":"868120018681","event":"SENT_1212","detail":"00_64_6401_00_86812001868100260410184439040200.jpg type=0"}
{"ts":"2026-04-10T18:45:00.547Z","level":"INFO","device":"868120018681","event":"MEDIA_RX","detail":"7E 80 01 00 05 86 81 20 01 86 81 74 92 00 00 12 10 00 41 7E"}
{"ts":"2026-04-10T18:45:00.742Z","level":"INFO","device":"868120018681","event":"FILE_START","detail":"[2/2] 02_64_6401_03_86812001868100260410184439040200.mp4 (1570024 bytes)"}
{"ts":"2026-04-10T18:45:00.743Z","level":"INFO","device":"868120018681","event":"SENT_1210","detail":"02_64_6401_03_86812001868100260410184439040200.mp4"}
{"ts":"2026-04-10T18:45:00.751Z","level":"INFO","device":"868120018681","event":"MEDIA_RX","detail":"7E 92 12 00 36 86 81 20 01 86 81 63 1A 32 30 30 5F 36 34 5F 36 34 30 31 5F 30 30 5F 38 36 38 31 32 30 30 31 38 36 38 31 30 30 32 36 30 34 31 30 31 38 34 34 33 39 30 34 30 32 30 30 2E 6A 70 67 00 00 00 89 7E"}
{"ts":"2026-04-10T18:45:00.845Z","level":"INFO","device":"868120018681","event":"SENT_RAW_MARKER","detail":"02_64_6401_03_86812001868100260410184439040200.mp4 packet=1570086 bytes data=1570024 bytes"}
{"ts":"2026-04-10T18:45:01.049Z","level":"INFO","device":"868120018681","event":"MEDIA_RX","detail":"7E 80 01 00 05 86 81 20 01 86 81 84 2B 00 02 12 10 00 0A 7E"}
{"ts":"2026-04-10T18:45:01.978Z","level":"INFO","device":"868120018681","event":"SENT_1212","detail":"02_64_6401_03_86812001868100260410184439040200.mp4 type=2"}
{"ts":"2026-04-10T18:45:02.278Z","level":"INFO","device":"868120018681","event":"BATCH_COMPLETE","detail":"All 2 files sent"}
{"ts":"2026-04-10T18:45:02.688Z","level":"ERROR","device":"868120018681","event":"MEDIA_ERROR","detail":"54.37.225.65:3378 — read ECONNRESET"}
{"ts":"2026-04-10T18:45:02.688Z","level":"INFO","device":"868120018681","event":"MEDIA_CLOSED","detail":""}
{"ts":"2026-04-10T18:45:04.408Z","level":"INFO","device":"868120018681","event":"RX_MSG","detail":"0x9208 bodyLen=81"}
{"ts":"2026-04-10T18:45:04.409Z","level":"INFO","device":"868120018681","event":"9208_RAW","detail":"0C35342E33372E3232352E36350D32000086812001868100260410184449050200383638313230303138363831303032363034313031383434343930353032303000000000000000000000000000000000"}
{"ts":"2026-04-10T18:45:04.409Z","level":"INFO","device":"868120018681","event":"UPLOAD_TRIGGERED","detail":"media: 54.37.225.65:3378 | alarmId: 86812001868100260410184449050200"}
{"ts":"2026-04-10T18:45:04.409Z","level":"INFO","device":"868120018681","event":"MEDIA_CONNECTING","detail":"54.37.225.65:3378 files=2"}
{"ts":"2026-04-10T18:45:04.597Z","level":"INFO","device":"868120018681","event":"MEDIA_CONNECTED","detail":"54.37.225.65:3378"}
{"ts":"2026-04-10T18:45:04.597Z","level":"INFO","device":"868120018681","event":"FILE_START","detail":"[1/2] 00_64_6401_00_86812001868100260410184449050200.jpg (631 bytes)"}
{"ts":"2026-04-10T18:45:04.597Z","level":"INFO","device":"868120018681","event":"SENT_1210","detail":"00_64_6401_00_86812001868100260410184449050200.jpg"}
{"ts":"2026-04-10T18:45:04.698Z","level":"INFO","device":"868120018681","event":"SENT_RAW_MARKER","detail":"00_64_6401_00_86812001868100260410184449050200.jpg packet=693 bytes data=631 bytes"}
{"ts":"2026-04-10T18:45:04.698Z","level":"INFO","device":"868120018681","event":"SENT_1212","detail":"00_64_6401_00_86812001868100260410184449050200.jpg type=0"}
{"ts":"2026-04-10T18:45:04.787Z","level":"INFO","device":"868120018681","event":"MEDIA_RX","detail":"7E 80 01 00 05 86 81 20 01 86 81 D2 4C 00 00 12 10 00 39 7E"}
{"ts":"2026-04-10T18:45:04.973Z","level":"INFO","device":"868120018681","event":"MEDIA_RX","detail":"7E 92 12 00 36 86 81 20 01 86 81 7F 1C 32 30 30 5F 36 34 5F 36 34 30 31 5F 30 30 5F 38 36 38 31 32 30 30 31 38 36 38 31 30 30 32 36 30 34 31 30 31 38 34 34 34 39 30 35 30 32 30 30 2E 6A 70 67 00 00 00 95 7E"}
{"ts":"2026-04-10T18:45:05.000Z","level":"INFO","device":"868120018681","event":"FILE_START","detail":"[2/2] 02_64_6401_03_86812001868100260410184449050200.mp4 (1570024 bytes)"}
{"ts":"2026-04-10T18:45:05.001Z","level":"INFO","device":"868120018681","event":"SENT_1210","detail":"02_64_6401_03_86812001868100260410184449050200.mp4"}
{"ts":"2026-04-10T18:45:05.103Z","level":"INFO","device":"868120018681","event":"SENT_RAW_MARKER","detail":"02_64_6401_03_86812001868100260410184449050200.mp4 packet=1570086 bytes data=1570024 bytes"}
{"ts":"2026-04-10T18:45:05.188Z","level":"INFO","device":"868120018681","event":"MEDIA_RX","detail":"7E 80 01 00 05 86 81 20 01 86 81 CD 55 00 02 12 10 00 3D 7E"}
{"ts":"2026-04-10T18:45:06.049Z","level":"INFO","device":"868120018681","event":"SENT_1212","detail":"02_64_6401_03_86812001868100260410184449050200.mp4 type=2"}
{"ts":"2026-04-10T18:45:06.349Z","level":"INFO","device":"868120018681","event":"BATCH_COMPLETE","detail":"All 2 files sent"}
{"ts":"2026-04-10T18:45:06.726Z","level":"ERROR","device":"868120018681","event":"MEDIA_ERROR","detail":"54.37.225.65:3378 — read ECONNRESET"}
{"ts":"2026-04-10T18:45:06.726Z","level":"INFO","device":"868120018681","event":"MEDIA_CLOSED","detail":""}
{"ts":"2026-04-10T18:45:08.439Z","level":"INFO","device":"868120018681","event":"RX_MSG","detail":"0x9208 bodyLen=81"}
{"ts":"2026-04-10T18:45:08.439Z","level":"INFO","device":"868120018681","event":"9208_RAW","detail":"0C35342E33372E3232352E36350D32000086812001868100260410184459060200383638313230303138363831303032363034313031383434353930363032303000000000000000000000000000000000"}
{"ts":"2026-04-10T18:45:08.439Z","level":"INFO","device":"868120018681","event":"UPLOAD_TRIGGERED","detail":"media: 54.37.225.65:3378 | alarmId: 86812001868100260410184459060200"}
{"ts":"2026-04-10T18:45:08.439Z","level":"INFO","device":"868120018681","event":"MEDIA_CONNECTING","detail":"54.37.225.65:3378 files=2"}
{"ts":"2026-04-10T18:45:08.645Z","level":"INFO","device":"868120018681","event":"MEDIA_CONNECTED","detail":"54.37.225.65:3378"}
{"ts":"2026-04-10T18:45:08.645Z","level":"INFO","device":"868120018681","event":"FILE_START","detail":"[1/2] 00_64_6401_00_86812001868100260410184459060200.jpg (631 bytes)"}
{"ts":"2026-04-10T18:45:08.645Z","level":"INFO","device":"868120018681","event":"SENT_1210","detail":"00_64_6401_00_86812001868100260410184459060200.jpg"}
{"ts":"2026-04-10T18:45:08.745Z","level":"INFO","device":"868120018681","event":"SENT_RAW_MARKER","detail":"00_64_6401_00_86812001868100260410184459060200.jpg packet=693 bytes data=631 bytes"}
{"ts":"2026-04-10T18:45:08.746Z","level":"INFO","device":"868120018681","event":"SENT_1212","detail":"00_64_6401_00_86812001868100260410184459060200.jpg type=0"}
{"ts":"2026-04-10T18:45:08.851Z","level":"INFO","device":"868120018681","event":"MEDIA_RX","detail":"7E 80 01 00 05 86 81 20 01 86 81 CA 1E 00 00 12 10 00 73 7E"}
{"ts":"2026-04-10T18:45:09.047Z","level":"INFO","device":"868120018681","event":"FILE_START","detail":"[2/2] 02_64_6401_03_86812001868100260410184459060200.mp4 (1570024 bytes)"}
{"ts":"2026-04-10T18:45:09.047Z","level":"INFO","device":"868120018681","event":"SENT_1210","detail":"02_64_6401_03_86812001868100260410184459060200.mp4"}
{"ts":"2026-04-10T18:45:09.054Z","level":"INFO","device":"868120018681","event":"MEDIA_RX","detail":"7E 92 12 00 36 86 81 20 01 86 81 E6 0C 32 30 30 5F 36 34 5F 36 34 30 31 5F 30 30 5F 38 36 38 31 32 30 30 31 38 36 38 31 30 30 32 36 30 34 31 30 31 38 34 34 35 39 30 36 30 32 30 30 2E 6A 70 67 00 00 00 1E 7E"}
{"ts":"2026-04-10T18:45:09.148Z","level":"INFO","device":"868120018681","event":"SENT_RAW_MARKER","detail":"02_64_6401_03_86812001868100260410184459060200.mp4 packet=1570086 bytes data=1570024 bytes"}
{"ts":"2026-04-10T18:45:09.353Z","level":"INFO","device":"868120018681","event":"MEDIA_RX","detail":"7E 80 01 00 05 86 81 20 01 86 81 9D E3 00 02 12 10 00 DB 7E"}
{"ts":"2026-04-10T18:45:09.626Z","level":"INFO","device":"868120018681","event":"INCIDENT_SENT","detail":"mediaId=7 alarmId=86812001868100260410184509070200"}
{"ts":"2026-04-10T18:45:09.832Z","level":"INFO","device":"868120018681","event":"RX_MSG","detail":"0x8001 bodyLen=5"}
{"ts":"2026-04-10T18:45:09.834Z","level":"INFO","device":"868120018681","event":"SERVER_ACK","detail":"0x0200 result=OK"}
{"ts":"2026-04-10T18:45:10.158Z","level":"INFO","device":"868120018681","event":"RX_MSG","detail":"0x8001 bodyLen=5"}
{"ts":"2026-04-10T18:45:10.158Z","level":"INFO","device":"868120018681","event":"SERVER_ACK","detail":"0x0800 result=OK"}
{"ts":"2026-04-10T18:45:10.579Z","level":"INFO","device":"868120018681","event":"SENT_1212","detail":"02_64_6401_03_86812001868100260410184459060200.mp4 type=2"}
{"ts":"2026-04-10T18:45:10.882Z","level":"INFO","device":"868120018681","event":"BATCH_COMPLETE","detail":"All 2 files sent"}
{"ts":"2026-04-10T18:45:11.294Z","level":"ERROR","device":"868120018681","event":"MEDIA_ERROR","detail":"54.37.225.65:3378 — read ECONNRESET"}
{"ts":"2026-04-10T18:45:11.297Z","level":"INFO","device":"868120018681","event":"MEDIA_CLOSED","detail":""}
{"ts":"2026-04-10T18:45:12.932Z","level":"INFO","device":"868120018681","event":"RX_MSG","detail":"0x9208 bodyLen=81"}
{"ts":"2026-04-10T18:45:12.932Z","level":"INFO","device":"868120018681","event":"9208_RAW","detail":"0C35342E33372E3232352E36350D32000086812001868100260410184509070200383638313230303138363831303032363034313031383435303930373032303000000000000000000000000000000000"}
{"ts":"2026-04-10T18:45:12.932Z","level":"INFO","device":"868120018681","event":"UPLOAD_TRIGGERED","detail":"media: 54.37.225.65:3378 | alarmId: 86812001868100260410184509070200"}
{"ts":"2026-04-10T18:45:12.932Z","level":"INFO","device":"868120018681","event":"MEDIA_CONNECTING","detail":"54.37.225.65:3378 files=2"}
{"ts":"2026-04-10T18:45:13.137Z","level":"INFO","device":"868120018681","event":"MEDIA_CONNECTED","detail":"54.37.225.65:3378"}
{"ts":"2026-04-10T18:45:13.138Z","level":"INFO","device":"868120018681","event":"FILE_START","detail":"[1/2] 00_64_6401_00_86812001868100260410184509070200.jpg (631 bytes)"}
{"ts":"2026-04-10T18:45:13.139Z","level":"INFO","device":"868120018681","event":"SENT_1210","detail":"00_64_6401_00_86812001868100260410184509070200.jpg"}
{"ts":"2026-04-10T18:45:13.240Z","level":"INFO","device":"868120018681","event":"SENT_RAW_MARKER","detail":"00_64_6401_00_86812001868100260410184509070200.jpg packet=693 bytes data=631 bytes"}
{"ts":"2026-04-10T18:45:13.241Z","level":"INFO","device":"868120018681","event":"SENT_1212","detail":"00_64_6401_00_86812001868100260410184509070200.jpg type=0"}
{"ts":"2026-04-10T18:45:13.344Z","level":"INFO","device":"868120018681","event":"MEDIA_RX","detail":"7E 80 01 00 05 86 81 20 01 86 81 86 D2 00 00 12 10 00 F3 7E"}
{"ts":"2026-04-10T18:45:13.542Z","level":"INFO","device":"868120018681","event":"FILE_START","detail":"[2/2] 02_64_6401_03_86812001868100260410184509070200.mp4 (1570024 bytes)"}
{"ts":"2026-04-10T18:45:13.542Z","level":"INFO","device":"868120018681","event":"SENT_1210","detail":"02_64_6401_03_86812001868100260410184509070200.mp4"}
{"ts":"2026-04-10T18:45:13.547Z","level":"INFO","device":"868120018681","event":"MEDIA_RX","detail":"7E 92 12 00 36 86 81 20 01 86 81 C5 F2 32 30 30 5F 36 34 5F 36 34 30 31 5F 30 30 5F 38 36 38 31 32 30 30 31 38 36 38 31 30 30 32 36 30 34 31 30 31 38 34 35 30 39 30 37 30 32 30 30 2E 6A 70 67 00 00 00 C6 7E"}
{"ts":"2026-04-10T18:45:13.643Z","level":"INFO","device":"868120018681","event":"SENT_RAW_MARKER","detail":"02_64_6401_03_86812001868100260410184509070200.mp4 packet=1570086 bytes data=1570024 bytes"}
{"ts":"2026-04-10T18:45:13.849Z","level":"INFO","device":"868120018681","event":"MEDIA_RX","detail":"7E 80 01 00 05 86 81 20 01 86 81 92 73 00 02 12 10 00 44 7E"}
{"ts":"2026-04-10T18:45:14.617Z","level":"INFO","device":"200000000001","event":"OBD2_SENT_0x0200","detail":"Lat: 51.737372, Lng: 0.479070 | Speed: 35km/h | RPM: 2212"}
{"ts":"2026-04-10T18:45:14.791Z","level":"INFO","device":"868120018681","event":"SENT_1212","detail":"02_64_6401_03_86812001868100260410184509070200.mp4 type=2"}
{"ts":"2026-04-10T18:45:14.830Z","level":"INFO","device":"200000000001","event":"SERVER_ACK","detail":"0x8001 Universal Reply Received"}
{"ts":"2026-04-10T18:45:15.094Z","level":"INFO","device":"868120018681","event":"BATCH_COMPLETE","detail":"All 2 files sent"}
{"ts":"2026-04-10T18:45:15.505Z","level":"ERROR","device":"868120018681","event":"MEDIA_ERROR","detail":"54.37.225.65:3378 — read ECONNRESET"}
{"ts":"2026-04-10T18:45:15.506Z","level":"INFO","device":"868120018681","event":"MEDIA_CLOSED","detail":""}
{"ts":"2026-04-10T18:45:19.617Z","level":"INFO","device":"868120018681","event":"GPS_SENT","detail":""}
{"ts":"2026-04-10T18:45:19.625Z","level":"INFO","device":"868120018681","event":"INCIDENT_SENT","detail":"mediaId=8 alarmId=86812001868100260410184519080200"}
{"ts":"2026-04-10T18:45:19.825Z","level":"INFO","device":"868120018681","event":"RX_MSG","detail":"0x8001 bodyLen=5"}
{"ts":"2026-04-10T18:45:19.825Z","level":"INFO","device":"868120018681","event":"SERVER_ACK","detail":"0x0200 result=OK"}
{"ts":"2026-04-10T18:45:20.137Z","level":"INFO","device":"868120018681","event":"RX_MSG","detail":"0x8001 bodyLen=5"}
{"ts":"2026-04-10T18:45:20.137Z","level":"INFO","device":"868120018681","event":"SERVER_ACK","detail":"0x0200 result=OK"}
{"ts":"2026-04-10T18:45:20.137Z","level":"INFO","device":"868120018681","event":"RX_MSG","detail":"0x8001 bodyLen=5"}
{"ts":"2026-04-10T18:45:20.137Z","level":"INFO","device":"868120018681","event":"SERVER_ACK","detail":"0x0800 result=OK"}
{"ts":"2026-04-10T18:45:20.137Z","level":"INFO","device":"868120018681","event":"RX_MSG","detail":"0x9208 bodyLen=81"}
{"ts":"2026-04-10T18:45:20.137Z","level":"INFO","device":"868120018681","event":"9208_RAW","detail":"0C35342E33372E3232352E36350D32000086812001868100260410184519080200383638313230303138363831303032363034313031383435313930383032303000000000000000000000000000000000"}
{"ts":"2026-04-10T18:45:20.137Z","level":"INFO","device":"868120018681","event":"UPLOAD_TRIGGERED","detail":"media: 54.37.225.65:3378 | alarmId: 86812001868100260410184519080200"}
{"ts":"2026-04-10T18:45:20.137Z","level":"INFO","device":"868120018681","event":"MEDIA_CONNECTING","detail":"54.37.225.65:3378 files=2"}
{"ts":"2026-04-10T18:45:20.331Z","level":"INFO","device":"868120018681","event":"MEDIA_CONNECTED","detail":"54.37.225.65:3378"}
{"ts":"2026-04-10T18:45:20.331Z","level":"INFO","device":"868120018681","event":"FILE_START","detail":"[1/2] 00_64_6401_00_86812001868100260410184519080200.jpg (631 bytes)"}
{"ts":"2026-04-10T18:45:20.331Z","level":"INFO","device":"868120018681","event":"SENT_1210","detail":"00_64_6401_00_86812001868100260410184519080200.jpg"}
{"ts":"2026-04-10T18:45:20.432Z","level":"INFO","device":"868120018681","event":"SENT_RAW_MARKER","detail":"00_64_6401_00_86812001868100260410184519080200.jpg packet=693 bytes data=631 bytes"}
{"ts":"2026-04-10T18:45:20.432Z","level":"INFO","device":"868120018681","event":"SENT_1212","detail":"00_64_6401_00_86812001868100260410184519080200.jpg type=0"}
{"ts":"2026-04-10T18:45:20.518Z","level":"INFO","device":"868120018681","event":"MEDIA_RX","detail":"7E 80 01 00 05 86 81 20 01 86 81 4A 5D 00 00 12 10 00 B0 7E"}
{"ts":"2026-04-10T18:45:20.704Z","level":"INFO","device":"868120018681","event":"MEDIA_RX","detail":"7E 92 12 00 36 86 81 20 01 86 81 1F E8 32 30 30 5F 36 34 5F 36 34 30 31 5F 30 30 5F 38 36 38 31 32 30 30 31 38 36 38 31 30 30 32 36 30 34 31 30 31 38 34 35 31 39 30 38 30 32 30 30 2E 6A 70 67 00 00 00 08 7E"}
{"ts":"2026-04-10T18:45:20.732Z","level":"INFO","device":"868120018681","event":"FILE_START","detail":"[2/2] 02_64_6401_03_86812001868100260410184519080200.mp4 (1570024 bytes)"}
{"ts":"2026-04-10T18:45:20.733Z","level":"INFO","device":"868120018681","event":"SENT_1210","detail":"02_64_6401_03_86812001868100260410184519080200.mp4"}
{"ts":"2026-04-10T18:45:20.834Z","level":"INFO","device":"868120018681","event":"SENT_RAW_MARKER","detail":"02_64_6401_03_86812001868100260410184519080200.mp4 packet=1570086 bytes data=1570024 bytes"}
{"ts":"2026-04-10T18:45:20.920Z","level":"INFO","device":"868120018681","event":"MEDIA_RX","detail":"7E 80 01 00 05 86 81 20 01 86 81 28 2A 00 02 12 10 00 A7 7E"}
{"ts":"2026-04-10T18:45:22.086Z","level":"INFO","device":"868120018681","event":"SENT_1212","detail":"02_64_6401_03_86812001868100260410184519080200.mp4 type=2"}
{"ts":"2026-04-10T18:45:22.387Z","level":"INFO","device":"868120018681","event":"MEDIA_RX","detail":"7E 92 12 00 36 86 81 20 01 86 81 E1 7D 01 32 30 32 5F 36 34 5F 36 34 30 31 5F 30 33 5F 38 36 38 31 32 30 30 31 38 36 38 31 30 30 32 36 30 34 31 30 31 38 34 35 31 39 30 38 30 32 30 30 2E 6D 70 34 02 00 00 34 7E"}
{"ts":"2026-04-10T18:45:22.387Z","level":"INFO","device":"868120018681","event":"BATCH_COMPLETE","detail":"All 2 files sent"}
{"ts":"2026-04-10T18:45:23.049Z","level":"INFO","device":"868120018681","event":"MEDIA_CLOSED","detail":""}
{"ts":"2026-04-10T18:45:29.623Z","level":"INFO","device":"200000000001","event":"HEARTBEAT_SENT","detail":"0x0002"}
{"ts":"2026-04-10T18:45:29.623Z","level":"INFO","device":"200000000001","event":"OBD2_SENT_0x0200","detail":"Lat: 51.736354, Lng: 0.480854 | Speed: 39km/h | RPM: 2379"}
{"ts":"2026-04-10T18:45:29.625Z","level":"INFO","device":"868120018681","event":"INCIDENT_SENT","detail":"mediaId=9 alarmId=86812001868100260410184529090200"}
{"ts":"2026-04-10T18:45:29.830Z","level":"INFO","device":"868120018681","event":"RX_MSG","detail":"0x8001 bodyLen=5"}
{"ts":"2026-04-10T18:45:29.830Z","level":"INFO","device":"868120018681","event":"SERVER_ACK","detail":"0x0200 result=OK"}
{"ts":"2026-04-10T18:45:29.830Z","level":"INFO","device":"200000000001","event":"SERVER_ACK","detail":"0x8001 Universal Reply Received"}
{"ts":"2026-04-10T18:45:30.182Z","level":"INFO","device":"200000000001","event":"SERVER_ACK","detail":"0x8001 Universal Reply Received"}
{"ts":"2026-04-10T18:45:30.182Z","level":"INFO","device":"868120018681","event":"RX_MSG","detail":"0x9208 bodyLen=81"}
{"ts":"2026-04-10T18:45:30.182Z","level":"INFO","device":"868120018681","event":"9208_RAW","detail":"0C35342E33372E3232352E36350D32000086812001868100260410184529090200383638313230303138363831303032363034313031383435323930393032303000000000000000000000000000000000"}
{"ts":"2026-04-10T18:45:30.183Z","level":"INFO","device":"868120018681","event":"UPLOAD_TRIGGERED","detail":"media: 54.37.225.65:3378 | alarmId: 86812001868100260410184529090200"}
{"ts":"2026-04-10T18:45:30.183Z","level":"INFO","device":"868120018681","event":"MEDIA_CONNECTING","detail":"54.37.225.65:3378 files=2"}
{"ts":"2026-04-10T18:45:30.183Z","level":"INFO","device":"868120018681","event":"RX_MSG","detail":"0x8001 bodyLen=5"}
{"ts":"2026-04-10T18:45:30.183Z","level":"INFO","device":"868120018681","event":"SERVER_ACK","detail":"0x0800 result=OK"}
{"ts":"2026-04-10T18:45:30.387Z","level":"INFO","device":"868120018681","event":"MEDIA_CONNECTED","detail":"54.37.225.65:3378"}
{"ts":"2026-04-10T18:45:30.388Z","level":"INFO","device":"868120018681","event":"FILE_START","detail":"[1/2] 00_64_6401_00_86812001868100260410184529090200.jpg (631 bytes)"}
{"ts":"2026-04-10T18:45:30.388Z","level":"INFO","device":"868120018681","event":"SENT_1210","detail":"00_64_6401_00_86812001868100260410184529090200.jpg"}
{"ts":"2026-04-10T18:45:30.488Z","level":"INFO","device":"868120018681","event":"SENT_RAW_MARKER","detail":"00_64_6401_00_86812001868100260410184529090200.jpg packet=693 bytes data=631 bytes"}
{"ts":"2026-04-10T18:45:30.489Z","level":"INFO","device":"868120018681","event":"SENT_1212","detail":"00_64_6401_00_86812001868100260410184529090200.jpg type=0"}
{"ts":"2026-04-10T18:45:30.594Z","level":"INFO","device":"868120018681","event":"MEDIA_RX","detail":"7E 80 01 00 05 86 81 20 01 86 81 9A 99 00 00 12 10 00 A4 7E"}
{"ts":"2026-04-10T18:45:30.790Z","level":"INFO","device":"868120018681","event":"FILE_START","detail":"[2/2] 02_64_6401_03_86812001868100260410184529090200.mp4 (1570024 bytes)"}
{"ts":"2026-04-10T18:45:30.790Z","level":"INFO","device":"868120018681","event":"SENT_1210","detail":"02_64_6401_03_86812001868100260410184529090200.mp4"}
{"ts":"2026-04-10T18:45:30.797Z","level":"INFO","device":"868120018681","event":"MEDIA_RX","detail":"7E 92 12 00 36 86 81 20 01 86 81 2C 58 32 30 30 5F 36 34 5F 36 34 30 31 5F 30 30 5F 38 36 38 31 32 30 30 31 38 36 38 31 30 30 32 36 30 34 31 30 31 38 34 35 32 39 30 39 30 32 30 30 2E 6A 70 67 00 00 00 89 7E"}
{"ts":"2026-04-10T18:45:30.891Z","level":"INFO","device":"868120018681","event":"SENT_RAW_MARKER","detail":"02_64_6401_03_86812001868100260410184529090200.mp4 packet=1570086 bytes data=1570024 bytes"}
{"ts":"2026-04-10T18:45:31.096Z","level":"INFO","device":"868120018681","event":"MEDIA_RX","detail":"7E 80 01 00 05 86 81 20 01 86 81 28 13 00 02 12 10 00 9E 7E"}
{"ts":"2026-04-10T18:45:32.464Z","level":"INFO","device":"868120018681","event":"SENT_1212","detail":"02_64_6401_03_86812001868100260410184529090200.mp4 type=2"}
{"ts":"2026-04-10T18:45:32.765Z","level":"INFO","device":"868120018681","event":"BATCH_COMPLETE","detail":"All 2 files sent"}
{"ts":"2026-04-10T18:45:33.177Z","level":"ERROR","device":"868120018681","event":"MEDIA_ERROR","detail":"54.37.225.65:3378 — read ECONNRESET"}
{"ts":"2026-04-10T18:45:33.177Z","level":"INFO","device":"868120018681","event":"MEDIA_CLOSED","detail":""}
{"ts":"2026-04-10T18:45:39.624Z","level":"INFO","device":"868120018681","event":"GPS_SENT","detail":""}
{"ts":"2026-04-10T18:45:39.625Z","level":"INFO","device":"868120018681","event":"INCIDENT_SENT","detail":"mediaId=10 alarmId=868120018681002604101845390A0200"}
{"ts":"2026-04-10T18:45:39.829Z","level":"INFO","device":"868120018681","event":"RX_MSG","detail":"0x8001 bodyLen=5"}
{"ts":"2026-04-10T18:45:39.829Z","level":"INFO","device":"868120018681","event":"SERVER_ACK","detail":"0x0200 result=OK"}
{"ts":"2026-04-10T18:45:40.135Z","level":"INFO","device":"868120018681","event":"RX_MSG","detail":"0x8001 bodyLen=5"}
{"ts":"2026-04-10T18:45:40.135Z","level":"INFO","device":"868120018681","event":"SERVER_ACK","detail":"0x0200 result=OK"}
{"ts":"2026-04-10T18:45:40.135Z","level":"INFO","device":"868120018681","event":"RX_MSG","detail":"0x8001 bodyLen=5"}
{"ts":"2026-04-10T18:45:40.135Z","level":"INFO","device":"868120018681","event":"SERVER_ACK","detail":"0x0800 result=OK"}
{"ts":"2026-04-10T18:45:40.135Z","level":"INFO","device":"868120018681","event":"RX_MSG","detail":"0x9208 bodyLen=81"}
{"ts":"2026-04-10T18:45:40.135Z","level":"INFO","device":"868120018681","event":"9208_RAW","detail":"0C35342E33372E3232352E36350D320000868120018681002604101845390A0200383638313230303138363831303032363034313031383435333930613032303000000000000000000000000000000000"}
{"ts":"2026-04-10T18:45:40.135Z","level":"INFO","device":"868120018681","event":"UPLOAD_TRIGGERED","detail":"media: 54.37.225.65:3378 | alarmId: 868120018681002604101845390A0200"}
{"ts":"2026-04-10T18:45:40.135Z","level":"INFO","device":"868120018681","event":"MEDIA_CONNECTING","detail":"54.37.225.65:3378 files=2"}
{"ts":"2026-04-10T18:45:40.340Z","level":"INFO","device":"868120018681","event":"MEDIA_CONNECTED","detail":"54.37.225.65:3378"}
{"ts":"2026-04-10T18:45:40.340Z","level":"INFO","device":"868120018681","event":"FILE_START","detail":"[1/2] 00_64_6401_00_868120018681002604101845390A0200.jpg (631 bytes)"}
{"ts":"2026-04-10T18:45:40.340Z","level":"INFO","device":"868120018681","event":"SENT_1210","detail":"00_64_6401_00_868120018681002604101845390A0200.jpg"}
{"ts":"2026-04-10T18:45:40.441Z","level":"INFO","device":"868120018681","event":"SENT_RAW_MARKER","detail":"00_64_6401_00_868120018681002604101845390A0200.jpg packet=693 bytes data=631 bytes"}
{"ts":"2026-04-10T18:45:40.441Z","level":"INFO","device":"868120018681","event":"SENT_1212","detail":"00_64_6401_00_868120018681002604101845390A0200.jpg type=0"}
{"ts":"2026-04-10T18:45:40.546Z","level":"INFO","device":"868120018681","event":"MEDIA_RX","detail":"7E 80 01 00 05 86 81 20 01 86 81 1A C1 00 00 12 10 00 7C 7E"}
{"ts":"2026-04-10T18:45:40.672Z","level":"ERROR","device":"300000000001","event":"SOCKET_ERROR","detail":"ECONNREFUSED"}
{"ts":"2026-04-10T18:45:40.742Z","level":"INFO","device":"868120018681","event":"FILE_START","detail":"[2/2] 02_64_6401_03_868120018681002604101845390A0200.mp4 (1570024 bytes)"}
{"ts":"2026-04-10T18:45:40.742Z","level":"INFO","device":"868120018681","event":"SENT_1210","detail":"02_64_6401_03_868120018681002604101845390A0200.mp4"}
{"ts":"2026-04-10T18:45:40.748Z","level":"INFO","device":"868120018681","event":"MEDIA_RX","detail":"7E 92 12 00 36 86 81 20 01 86 81 76 3B 32 30 30 5F 36 34 5F 36 34 30 31 5F 30 30 5F 38 36 38 31 32 30 30 31 38 36 38 31 30 30 32 36 30 34 31 30 31 38 34 35 33 39 30 41 30 32 30 30 2E 6A 70 67 00 00 00 C9 7E"}
{"ts":"2026-04-10T18:45:40.844Z","level":"INFO","device":"868120018681","event":"SENT_RAW_MARKER","detail":"02_64_6401_03_868120018681002604101845390A0200.mp4 packet=1570086 bytes data=1570024 bytes"}
{"ts":"2026-04-10T18:45:41.049Z","level":"INFO","device":"868120018681","event":"MEDIA_RX","detail":"7E 80 01 00 05 86 81 20 01 86 81 23 12 00 02 12 10 00 94 7E"}
{"ts":"2026-04-10T18:45:42.076Z","level":"INFO","device":"868120018681","event":"SENT_1212","detail":"02_64_6401_03_868120018681002604101845390A0200.mp4 type=2"}
{"ts":"2026-04-10T18:45:42.377Z","level":"INFO","device":"868120018681","event":"BATCH_COMPLETE","detail":"All 2 files sent"}
{"ts":"2026-04-10T18:45:42.787Z","level":"ERROR","device":"868120018681","event":"MEDIA_ERROR","detail":"54.37.225.65:3378 — read ECONNRESET"}
{"ts":"2026-04-10T18:45:42.788Z","level":"INFO","device":"868120018681","event":"MEDIA_CLOSED","detail":""}
{"ts":"2026-04-10T18:45:44.625Z","level":"INFO","device":"200000000001","event":"OBD2_SENT_0x0200","detail":"Lat: 51.735207, Lng: 0.482192 | Speed: 38km/h | RPM: 2311"}
{"ts":"2026-04-10T18:45:44.832Z","level":"INFO","device":"200000000001","event":"SERVER_ACK","detail":"0x8001 Universal Reply Received"}
{"ts":"2026-04-10T18:45:49.630Z","level":"INFO","device":"868120018681","event":"INCIDENT_SENT","detail":"mediaId=11 alarmId=868120018681002604101845490B0200"}
{"ts":"2026-04-10T18:45:49.836Z","level":"INFO","device":"868120018681","event":"RX_MSG","detail":"0x8001 bodyLen=5"}
{"ts":"2026-04-10T18:45:49.836Z","level":"INFO","device":"868120018681","event":"SERVER_ACK","detail":"0x0200 result=OK"}
{"ts":"2026-04-10T18:45:50.183Z","level":"INFO","device":"868120018681","event":"RX_MSG","detail":"0x9208 bodyLen=81"}
{"ts":"2026-04-10T18:45:50.184Z","level":"INFO","device":"868120018681","event":"9208_RAW","detail":"0C35342E33372E3232352E36350D320000868120018681002604101845490B0200383638313230303138363831303032363034313031383435343930623032303000000000000000000000000000000000"}
{"ts":"2026-04-10T18:45:50.184Z","level":"INFO","device":"868120018681","event":"UPLOAD_TRIGGERED","detail":"media: 54.37.225.65:3378 | alarmId: 868120018681002604101845490B0200"}
{"ts":"2026-04-10T18:45:50.184Z","level":"INFO","device":"868120018681","event":"MEDIA_CONNECTING","detail":"54.37.225.65:3378 files=2"}
{"ts":"2026-04-10T18:45:50.184Z","level":"INFO","device":"868120018681","event":"RX_MSG","detail":"0x8001 bodyLen=5"}
{"ts":"2026-04-10T18:45:50.184Z","level":"INFO","device":"868120018681","event":"SERVER_ACK","detail":"0x0800 result=OK"}
{"ts":"2026-04-10T18:45:50.389Z","level":"INFO","device":"868120018681","event":"MEDIA_CONNECTED","detail":"54.37.225.65:3378"}
{"ts":"2026-04-10T18:45:50.389Z","level":"INFO","device":"868120018681","event":"FILE_START","detail":"[1/2] 00_64_6401_00_868120018681002604101845490B0200.jpg (631 bytes)"}
{"ts":"2026-04-10T18:45:50.389Z","level":"INFO","device":"868120018681","event":"SENT_1210","detail":"00_64_6401_00_868120018681002604101845490B0200.jpg"}
{"ts":"2026-04-10T18:45:50.490Z","level":"INFO","device":"868120018681","event":"SENT_RAW_MARKER","detail":"00_64_6401_00_868120018681002604101845490B0200.jpg packet=693 bytes data=631 bytes"}
{"ts":"2026-04-10T18:45:50.490Z","level":"INFO","device":"868120018681","event":"SENT_1212","detail":"00_64_6401_00_868120018681002604101845490B0200.jpg type=0"}
{"ts":"2026-04-10T18:45:50.597Z","level":"INFO","device":"868120018681","event":"MEDIA_RX","detail":"7E 80 01 00 05 86 81 20 01 86 81 68 F3 00 00 12 10 00 3C 7E"}
{"ts":"2026-04-10T18:45:50.790Z","level":"INFO","device":"868120018681","event":"FILE_START","detail":"[2/2] 02_64_6401_03_868120018681002604101845490B0200.mp4 (1570024 bytes)"}
{"ts":"2026-04-10T18:45:50.791Z","level":"INFO","device":"868120018681","event":"SENT_1210","detail":"02_64_6401_03_868120018681002604101845490B0200.mp4"}
{"ts":"2026-04-10T18:45:50.798Z","level":"INFO","device":"868120018681","event":"MEDIA_RX","detail":"7E 92 12 00 36 86 81 20 01 86 81 86 79 32 30 30 5F 36 34 5F 36 34 30 31 5F 30 30 5F 38 36 38 31 32 30 30 31 38 36 38 31 30 30 32 36 30 34 31 30 31 38 34 35 34 39 30 42 30 32 30 30 2E 6A 70 67 00 00 00 7F 7E"}
{"ts":"2026-04-10T18:45:50.892Z","level":"INFO","device":"868120018681","event":"SENT_RAW_MARKER","detail":"02_64_6401_03_868120018681002604101845490B0200.mp4 packet=1570086 bytes data=1570024 bytes"}
{"ts":"2026-04-10T18:45:51.097Z","level":"INFO","device":"868120018681","event":"MEDIA_RX","detail":"7E 80 01 00 05 86 81 20 01 86 81 91 09 00 02 12 10 00 3D 7E"}
{"ts":"2026-04-10T18:45:52.466Z","level":"INFO","device":"868120018681","event":"SENT_1212","detail":"02_64_6401_03_868120018681002604101845490B0200.mp4 type=2"}
{"ts":"2026-04-10T18:45:52.767Z","level":"INFO","device":"868120018681","event":"BATCH_COMPLETE","detail":"All 2 files sent"}
{"ts":"2026-04-10T18:45:53.177Z","level":"ERROR","device":"868120018681","event":"MEDIA_ERROR","detail":"54.37.225.65:3378 — read ECONNRESET"}
{"ts":"2026-04-10T18:45:53.177Z","level":"INFO","device":"868120018681","event":"MEDIA_CLOSED","detail":""}
{"ts":"2026-04-10T18:45:59.623Z","level":"INFO","device":"200000000001","event":"HEARTBEAT_SENT","detail":"0x0002"}
{"ts":"2026-04-10T18:45:59.625Z","level":"INFO","device":"868120018681","event":"GPS_SENT","detail":""}
{"ts":"2026-04-10T18:45:59.625Z","level":"INFO","device":"200000000001","event":"OBD2_SENT_0x0200","detail":"Lat: 51.734228, Lng: 0.483495 | Speed: 35km/h | RPM: 2187"}
{"ts":"2026-04-10T18:45:59.631Z","level":"INFO","device":"868120018681","event":"INCIDENT_SENT","detail":"mediaId=12 alarmId=868120018681002604101845590C0200"}
{"ts":"2026-04-10T18:45:59.828Z","level":"INFO","device":"200000000001","event":"SERVER_ACK","detail":"0x8001 Universal Reply Received"}
{"ts":"2026-04-10T18:45:59.830Z","level":"INFO","device":"868120018681","event":"RX_MSG","detail":"0x8001 bodyLen=5"}
{"ts":"2026-04-10T18:45:59.830Z","level":"INFO","device":"868120018681","event":"SERVER_ACK","detail":"0x0200 result=OK"}
{"ts":"2026-04-10T18:46:00.136Z","level":"INFO","device":"200000000001","event":"SERVER_ACK","detail":"0x8001 Universal Reply Received"}
{"ts":"2026-04-10T18:46:00.136Z","level":"INFO","device":"868120018681","event":"RX_MSG","detail":"0x8001 bodyLen=5"}
{"ts":"2026-04-10T18:46:00.136Z","level":"INFO","device":"868120018681","event":"SERVER_ACK","detail":"0x0200 result=OK"}
{"ts":"2026-04-10T18:46:00.136Z","level":"INFO","device":"868120018681","event":"RX_MSG","detail":"0x8001 bodyLen=5"}
{"ts":"2026-04-10T18:46:00.136Z","level":"INFO","device":"868120018681","event":"SERVER_ACK","detail":"0x0800 result=OK"}
{"ts":"2026-04-10T18:46:00.136Z","level":"INFO","device":"868120018681","event":"RX_MSG","detail":"0x9208 bodyLen=81"}
{"ts":"2026-04-10T18:46:00.136Z","level":"INFO","device":"868120018681","event":"9208_RAW","detail":"0C35342E33372E3232352E36350D320000868120018681002604101845590C0200383638313230303138363831303032363034313031383435353930633032303000000000000000000000000000000000"}
{"ts":"2026-04-10T18:46:00.136Z","level":"INFO","device":"868120018681","event":"UPLOAD_TRIGGERED","detail":"media: 54.37.225.65:3378 | alarmId: 868120018681002604101845590C0200"}
{"ts":"2026-04-10T18:46:00.136Z","level":"INFO","device":"868120018681","event":"MEDIA_CONNECTING","detail":"54.37.225.65:3378 files=2"}
{"ts":"2026-04-10T18:46:00.325Z","level":"INFO","device":"868120018681","event":"MEDIA_CONNECTED","detail":"54.37.225.65:3378"}
{"ts":"2026-04-10T18:46:00.325Z","level":"INFO","device":"868120018681","event":"FILE_START","detail":"[1/2] 00_64_6401_00_868120018681002604101845590C0200.jpg (631 bytes)"}
{"ts":"2026-04-10T18:46:00.325Z","level":"INFO","device":"868120018681","event":"SENT_1210","detail":"00_64_6401_00_868120018681002604101845590C0200.jpg"}
{"ts":"2026-04-10T18:46:00.428Z","level":"INFO","device":"868120018681","event":"SENT_RAW_MARKER","detail":"00_64_6401_00_868120018681002604101845590C0200.jpg packet=693 bytes data=631 bytes"}
{"ts":"2026-04-10T18:46:00.429Z","level":"INFO","device":"868120018681","event":"SENT_1212","detail":"00_64_6401_00_868120018681002604101845590C0200.jpg type=0"}
{"ts":"2026-04-10T18:46:00.515Z","level":"INFO","device":"868120018681","event":"MEDIA_RX","detail":"7E 80 01 00 05 86 81 20 01 86 81 F3 4F 00 00 12 10 00 1B 7E"}
{"ts":"2026-04-10T18:46:00.699Z","level":"INFO","device":"868120018681","event":"MEDIA_RX","detail":"7E 92 12 00 36 86 81 20 01 86 81 6B C2 32 30 30 5F 36 34 5F 36 34 30 31 5F 30 30 5F 38 36 38 31 32 30 30 31 38 36 38 31 30 30 32 36 30 34 31 30 31 38 34 35 35 39 30 43 30 32 30 30 2E 6A 70 67 00 00 00 29 7E"}
{"ts":"2026-04-10T18:46:00.729Z","level":"INFO","device":"868120018681","event":"FILE_START","detail":"[2/2] 02_64_6401_03_868120018681002604101845590C0200.mp4 (1570024 bytes)"}
{"ts":"2026-04-10T18:46:00.729Z","level":"INFO","device":"868120018681","event":"SENT_1210","detail":"02_64_6401_03_868120018681002604101845590C0200.mp4"}
{"ts":"2026-04-10T18:46:00.830Z","level":"INFO","device":"868120018681","event":"SENT_RAW_MARKER","detail":"02_64_6401_03_868120018681002604101845590C0200.mp4 packet=1570086 bytes data=1570024 bytes"}
{"ts":"2026-04-10T18:46:00.917Z","level":"INFO","device":"868120018681","event":"MEDIA_RX","detail":"7E 80 01 00 05 86 81 20 01 86 81 26 F5 00 02 12 10 00 76 7E"}
{"ts":"2026-04-10T18:46:02.288Z","level":"INFO","device":"868120018681","event":"SENT_1212","detail":"02_64_6401_03_868120018681002604101845590C0200.mp4 type=2"}
{"ts":"2026-04-10T18:46:02.528Z","level":"INFO","device":"868120018681","event":"MEDIA_RX","detail":"7E 92 12 00 36 86 81 20 01 86 81 77 C1 32 30 32 5F 36 34 5F 36 34 30 31 5F 30 33 5F 38 36 38 31 32 30 30 31 38 36 38 31 30 30 32 36 30 34 31 30 31 38 34 35 35 39 30 43 30 32 30 30 2E 6D 70 34 02 00 00 61 7E"}
{"ts":"2026-04-10T18:46:02.589Z","level":"INFO","device":"868120018681","event":"BATCH_COMPLETE","detail":"All 2 files sent"}
{"ts":"2026-04-10T18:46:03.256Z","level":"INFO","device":"868120018681","event":"MEDIA_CLOSED","detail":""}
{"ts":"2026-04-10T18:46:09.637Z","level":"INFO","device":"868120018681","event":"INCIDENT_SENT","detail":"mediaId=13 alarmId=868120018681002604101846090D0200"}
{"ts":"2026-04-10T18:46:09.842Z","level":"INFO","device":"868120018681","event":"RX_MSG","detail":"0x8001 bodyLen=5"}
{"ts":"2026-04-10T18:46:09.843Z","level":"INFO","device":"868120018681","event":"SERVER_ACK","detail":"0x0200 result=OK"}
{"ts":"2026-04-10T18:46:10.177Z","level":"INFO","device":"868120018681","event":"RX_MSG","detail":"0x9208 bodyLen=81"}
{"ts":"2026-04-10T18:46:10.177Z","level":"INFO","device":"868120018681","event":"9208_RAW","detail":"0C35342E33372E3232352E36350D320000868120018681002604101846090D0200383638313230303138363831303032363034313031383436303930643032303000000000000000000000000000000000"}
{"ts":"2026-04-10T18:46:10.177Z","level":"INFO","device":"868120018681","event":"UPLOAD_TRIGGERED","detail":"media: 54.37.225.65:3378 | alarmId: 868120018681002604101846090D0200"}
{"ts":"2026-04-10T18:46:10.177Z","level":"INFO","device":"868120018681","event":"MEDIA_CONNECTING","detail":"54.37.225.65:3378 files=2"}
{"ts":"2026-04-10T18:46:10.178Z","level":"INFO","device":"868120018681","event":"RX_MSG","detail":"0x8001 bodyLen=5"}
{"ts":"2026-04-10T18:46:10.178Z","level":"INFO","device":"868120018681","event":"SERVER_ACK","detail":"0x0800 result=OK"}
{"ts":"2026-04-10T18:46:10.383Z","level":"INFO","device":"868120018681","event":"MEDIA_CONNECTED","detail":"54.37.225.65:3378"}
{"ts":"2026-04-10T18:46:10.383Z","level":"INFO","device":"868120018681","event":"FILE_START","detail":"[1/2] 00_64_6401_00_868120018681002604101846090D0200.jpg (631 bytes)"}
{"ts":"2026-04-10T18:46:10.383Z","level":"INFO","device":"868120018681","event":"SENT_1210","detail":"00_64_6401_00_868120018681002604101846090D0200.jpg"}
{"ts":"2026-04-10T18:46:10.483Z","level":"INFO","device":"868120018681","event":"SENT_RAW_MARKER","detail":"00_64_6401_00_868120018681002604101846090D0200.jpg packet=693 bytes data=631 bytes"}
{"ts":"2026-04-10T18:46:10.484Z","level":"INFO","device":"868120018681","event":"SENT_1212","detail":"00_64_6401_00_868120018681002604101846090D0200.jpg type=0"}
{"ts":"2026-04-10T18:46:10.590Z","level":"INFO","device":"868120018681","event":"MEDIA_RX","detail":"7E 80 01 00 05 86 81 20 01 86 81 78 25 00 00 12 10 00 FA 7E"}
{"ts":"2026-04-10T18:46:10.784Z","level":"INFO","device":"868120018681","event":"FILE_START","detail":"[2/2] 02_64_6401_03_868120018681002604101846090D0200.mp4 (1570024 bytes)"}
{"ts":"2026-04-10T18:46:10.785Z","level":"INFO","device":"868120018681","event":"SENT_1210","detail":"02_64_6401_03_868120018681002604101846090D0200.mp4"}
{"ts":"2026-04-10T18:46:10.792Z","level":"INFO","device":"868120018681","event":"MEDIA_RX","detail":"7E 92 12 00 36 86 81 20 01 86 81 65 37 32 30 30 5F 36 34 5F 36 34 30 31 5F 30 30 5F 38 36 38 31 32 30 30 31 38 36 38 31 30 30 32 36 30 34 31 30 31 38 34 36 30 39 30 44 30 32 30 30 2E 6A 70 67 00 00 00 D3 7E"}
{"ts":"2026-04-10T18:46:10.887Z","level":"INFO","device":"868120018681","event":"SENT_RAW_MARKER","detail":"02_64_6401_03_868120018681002604101846090D0200.mp4 packet=1570086 bytes data=1570024 bytes"}
{"ts":"2026-04-10T18:46:11.092Z","level":"INFO","device":"868120018681","event":"MEDIA_RX","detail":"7E 80 01 00 05 86 81 20 01 86 81 FE 04 00 02 12 10 00 5F 7E"}
{"ts":"2026-04-10T18:46:12.251Z","level":"INFO","device":"868120018681","event":"SENT_1212","detail":"02_64_6401_03_868120018681002604101846090D0200.mp4 type=2"}
{"ts":"2026-04-10T18:46:12.552Z","level":"INFO","device":"868120018681","event":"BATCH_COMPLETE","detail":"All 2 files sent"}
{"ts":"2026-04-10T18:46:12.963Z","level":"ERROR","device":"868120018681","event":"MEDIA_ERROR","detail":"54.37.225.65:3378 — read ECONNRESET"}
{"ts":"2026-04-10T18:46:12.964Z","level":"INFO","device":"868120018681","event":"MEDIA_CLOSED","detail":""}
{"ts":"2026-04-10T18:46:14.627Z","level":"INFO","device":"200000000001","event":"OBD2_SENT_0x0200","detail":"Lat: 51.733447, Lng: 0.485444 | Speed: 39km/h | RPM: 2378"}
{"ts":"2026-04-10T18:46:14.835Z","level":"INFO","device":"200000000001","event":"SERVER_ACK","detail":"0x8001 Universal Reply Received"}
{"ts":"2026-04-10T18:46:19.629Z","level":"INFO","device":"868120018681","event":"GPS_SENT","detail":""}
{"ts":"2026-04-10T18:46:19.637Z","level":"INFO","device":"868120018681","event":"INCIDENT_SENT","detail":"mediaId=14 alarmId=868120018681002604101846190E0200"}
{"ts":"2026-04-10T18:46:19.835Z","level":"INFO","device":"868120018681","event":"RX_MSG","detail":"0x8001 bodyLen=5"}
{"ts":"2026-04-10T18:46:19.835Z","level":"INFO","device":"868120018681","event":"SERVER_ACK","detail":"0x0200 result=OK"}
{"ts":"2026-04-10T18:46:20.162Z","level":"INFO","device":"868120018681","event":"RX_MSG","detail":"0x8001 bodyLen=5"}
{"ts":"2026-04-10T18:46:20.162Z","level":"INFO","device":"868120018681","event":"SERVER_ACK","detail":"0x0200 result=OK"}
{"ts":"2026-04-10T18:46:20.162Z","level":"INFO","device":"868120018681","event":"RX_MSG","detail":"0x8001 bodyLen=5"}
{"ts":"2026-04-10T18:46:20.162Z","level":"INFO","device":"868120018681","event":"SERVER_ACK","detail":"0x0800 result=OK"}
{"ts":"2026-04-10T18:46:20.162Z","level":"INFO","device":"868120018681","event":"RX_MSG","detail":"0x9208 bodyLen=81"}
{"ts":"2026-04-10T18:46:20.162Z","level":"INFO","device":"868120018681","event":"9208_RAW","detail":"0C35342E33372E3232352E36350D320000868120018681002604101846190E0200383638313230303138363831303032363034313031383436313930653032303000000000000000000000000000000000"}
{"ts":"2026-04-10T18:46:20.162Z","level":"INFO","device":"868120018681","event":"UPLOAD_TRIGGERED","detail":"media: 54.37.225.65:3378 | alarmId: 868120018681002604101846190E0200"}
{"ts":"2026-04-10T18:46:20.162Z","level":"INFO","device":"868120018681","event":"MEDIA_CONNECTING","detail":"54.37.225.65:3378 files=2"}
{"ts":"2026-04-10T18:46:20.367Z","level":"INFO","device":"868120018681","event":"MEDIA_CONNECTED","detail":"54.37.225.65:3378"}
{"ts":"2026-04-10T18:46:20.367Z","level":"INFO","device":"868120018681","event":"FILE_START","detail":"[1/2] 00_64_6401_00_868120018681002604101846190E0200.jpg (631 bytes)"}
{"ts":"2026-04-10T18:46:20.368Z","level":"INFO","device":"868120018681","event":"SENT_1210","detail":"00_64_6401_00_868120018681002604101846190E0200.jpg"}
{"ts":"2026-04-10T18:46:20.468Z","level":"INFO","device":"868120018681","event":"SENT_RAW_MARKER","detail":"00_64_6401_00_868120018681002604101846190E0200.jpg packet=693 bytes data=631 bytes"}
{"ts":"2026-04-10T18:46:20.469Z","level":"INFO","device":"868120018681","event":"SENT_1212","detail":"00_64_6401_00_868120018681002604101846190E0200.jpg type=0"}
{"ts":"2026-04-10T18:46:20.575Z","level":"INFO","device":"868120018681","event":"MEDIA_RX","detail":"7E 80 01 00 05 86 81 20 01 86 81 A6 15 00 00 12 10 00 14 7E"}
{"ts":"2026-04-10T18:46:20.770Z","level":"INFO","device":"868120018681","event":"FILE_START","detail":"[2/2] 02_64_6401_03_868120018681002604101846190E0200.mp4 (1570024 bytes)"}
{"ts":"2026-04-10T18:46:20.770Z","level":"INFO","device":"868120018681","event":"SENT_1210","detail":"02_64_6401_03_868120018681002604101846190E0200.mp4"}
{"ts":"2026-04-10T18:46:20.778Z","level":"INFO","device":"868120018681","event":"MEDIA_RX","detail":"7E 92 12 00 36 86 81 20 01 86 81 7B 73 32 30 30 5F 36 34 5F 36 34 30 31 5F 30 30 5F 38 36 38 31 32 30 30 31 38 36 38 31 30 30 32 36 30 34 31 30 31 38 34 36 31 39 30 45 30 32 30 30 2E 6A 70 67 00 00 00 89 7E"}
{"ts":"2026-04-10T18:46:20.872Z","level":"INFO","device":"868120018681","event":"SENT_RAW_MARKER","detail":"02_64_6401_03_868120018681002604101846190E0200.mp4 packet=1570086 bytes data=1570024 bytes"}
{"ts":"2026-04-10T18:46:21.077Z","level":"INFO","device":"868120018681","event":"MEDIA_RX","detail":"7E 80 01 00 05 86 81 20 01 86 81 50 59 00 02 12 10 00 AC 7E"}
{"ts":"2026-04-10T18:46:27.197Z","level":"INFO","device":"868120018681","event":"SENT_1212","detail":"02_64_6401_03_868120018681002604101846190E0200.mp4 type=2"}
{"ts":"2026-04-10T18:46:27.498Z","level":"INFO","device":"868120018681","event":"BATCH_COMPLETE","detail":"All 2 files sent"}
{"ts":"2026-04-10T18:46:28.418Z","level":"INFO","device":"868120018681","event":"MEDIA_CLOSED","detail":""}
{"ts":"2026-04-10T18:46:29.625Z","level":"INFO","device":"200000000001","event":"HEARTBEAT_SENT","detail":"0x0002"}
{"ts":"2026-04-10T18:46:29.627Z","level":"INFO","device":"200000000001","event":"OBD2_SENT_0x0200","detail":"Lat: 51.732952, Lng: 0.487591 | Speed: 36km/h | RPM: 2256"}
{"ts":"2026-04-10T18:46:29.637Z","level":"INFO","device":"868120018681","event":"INCIDENT_SENT","detail":"mediaId=15 alarmId=868120018681002604101846290F0200"}
{"ts":"2026-04-10T18:46:29.832Z","level":"INFO","device":"200000000001","event":"SERVER_ACK","detail":"0x8001 Universal Reply Received"}
{"ts":"2026-04-10T18:46:29.843Z","level":"INFO","device":"868120018681","event":"RX_MSG","detail":"0x8001 bodyLen=5"}
{"ts":"2026-04-10T18:46:29.843Z","level":"INFO","device":"868120018681","event":"SERVER_ACK","detail":"0x0200 result=OK"}
{"ts":"2026-04-10T18:46:30.174Z","level":"INFO","device":"200000000001","event":"SERVER_ACK","detail":"0x8001 Universal Reply Received"}
{"ts":"2026-04-10T18:46:30.175Z","level":"INFO","device":"868120018681","event":"RX_MSG","detail":"0x9208 bodyLen=81"}
{"ts":"2026-04-10T18:46:30.175Z","level":"INFO","device":"868120018681","event":"9208_RAW","detail":"0C35342E33372E3232352E36350D320000868120018681002604101846290F0200383638313230303138363831303032363034313031383436323930663032303000000000000000000000000000000000"}
{"ts":"2026-04-10T18:46:30.175Z","level":"INFO","device":"868120018681","event":"UPLOAD_TRIGGERED","detail":"media: 54.37.225.65:3378 | alarmId: 868120018681002604101846290F0200"}
{"ts":"2026-04-10T18:46:30.175Z","level":"INFO","device":"868120018681","event":"MEDIA_CONNECTING","detail":"54.37.225.65:3378 files=2"}
{"ts":"2026-04-10T18:46:30.175Z","level":"INFO","device":"868120018681","event":"RX_MSG","detail":"0x8001 bodyLen=5"}
{"ts":"2026-04-10T18:46:30.175Z","level":"INFO","device":"868120018681","event":"SERVER_ACK","detail":"0x0800 result=OK"}
{"ts":"2026-04-10T18:46:30.364Z","level":"INFO","device":"868120018681","event":"MEDIA_CONNECTED","detail":"54.37.225.65:3378"}
{"ts":"2026-04-10T18:46:30.364Z","level":"INFO","device":"868120018681","event":"FILE_START","detail":"[1/2] 00_64_6401_00_868120018681002604101846290F0200.jpg (631 bytes)"}
{"ts":"2026-04-10T18:46:30.364Z","level":"INFO","device":"868120018681","event":"SENT_1210","detail":"00_64_6401_00_868120018681002604101846290F0200.jpg"}
{"ts":"2026-04-10T18:46:30.465Z","level":"INFO","device":"868120018681","event":"SENT_RAW_MARKER","detail":"00_64_6401_00_868120018681002604101846290F0200.jpg packet=693 bytes data=631 bytes"}
{"ts":"2026-04-10T18:46:30.465Z","level":"INFO","device":"868120018681","event":"SENT_1212","detail":"00_64_6401_00_868120018681002604101846290F0200.jpg type=0"}
{"ts":"2026-04-10T18:46:30.553Z","level":"INFO","device":"868120018681","event":"MEDIA_RX","detail":"7E 80 01 00 05 86 81 20 01 86 81 06 98 00 00 12 10 00 39 7E"}
{"ts":"2026-04-10T18:46:30.739Z","level":"INFO","device":"868120018681","event":"MEDIA_RX","detail":"7E 92 12 00 36 86 81 20 01 86 81 A9 F3 32 30 30 5F 36 34 5F 36 34 30 31 5F 30 30 5F 38 36 38 31 32 30 30 31 38 36 38 31 30 30 32 36 30 34 31 30 31 38 34 36 32 39 30 46 30 32 30 30 2E 6A 70 67 00 00 00 DB 7E"}
{"ts":"2026-04-10T18:46:30.765Z","level":"INFO","device":"868120018681","event":"FILE_START","detail":"[2/2] 02_64_6401_03_868120018681002604101846290F0200.mp4 (1570024 bytes)"}
{"ts":"2026-04-10T18:46:30.765Z","level":"INFO","device":"868120018681","event":"SENT_1210","detail":"02_64_6401_03_868120018681002604101846290F0200.mp4"}
{"ts":"2026-04-10T18:46:30.866Z","level":"INFO","device":"868120018681","event":"SENT_RAW_MARKER","detail":"02_64_6401_03_868120018681002604101846290F0200.mp4 packet=1570086 bytes data=1570024 bytes"}
{"ts":"2026-04-10T18:46:30.954Z","level":"INFO","device":"868120018681","event":"MEDIA_RX","detail":"7E 80 01 00 05 86 81 20 01 86 81 E2 DC 00 02 12 10 00 9B 7E"}
{"ts":"2026-04-10T18:46:34.225Z","level":"INFO","device":"868120018681","event":"SENT_1212","detail":"02_64_6401_03_868120018681002604101846290F0200.mp4 type=2"}
{"ts":"2026-04-10T18:46:34.526Z","level":"INFO","device":"868120018681","event":"BATCH_COMPLETE","detail":"All 2 files sent"}
{"ts":"2026-04-10T18:46:35.718Z","level":"INFO","device":"868120018681","event":"MEDIA_CLOSED","detail":""}
{"ts":"2026-04-10T18:46:39.633Z","level":"INFO","device":"868120018681","event":"GPS_SENT","detail":""}
{"ts":"2026-04-10T18:46:39.638Z","level":"INFO","device":"868120018681","event":"INCIDENT_SENT","detail":"mediaId=16 alarmId=86812001868100260410184639100200"}
{"ts":"2026-04-10T18:46:39.838Z","level":"INFO","device":"868120018681","event":"RX_MSG","detail":"0x8001 bodyLen=5"}
{"ts":"2026-04-10T18:46:39.838Z","level":"INFO","device":"868120018681","event":"SERVER_ACK","detail":"0x0200 result=OK"}
{"ts":"2026-04-10T18:46:40.189Z","level":"INFO","device":"868120018681","event":"RX_MSG","detail":"0x8001 bodyLen=5"}
{"ts":"2026-04-10T18:46:40.189Z","level":"INFO","device":"868120018681","event":"SERVER_ACK","detail":"0x0200 result=OK"}
{"ts":"2026-04-10T18:46:40.189Z","level":"INFO","device":"868120018681","event":"RX_MSG","detail":"0x8001 bodyLen=5"}
{"ts":"2026-04-10T18:46:40.189Z","level":"INFO","device":"868120018681","event":"SERVER_ACK","detail":"0x0800 result=OK"}
{"ts":"2026-04-10T18:46:40.189Z","level":"INFO","device":"868120018681","event":"RX_MSG","detail":"0x9208 bodyLen=81"}
{"ts":"2026-04-10T18:46:40.189Z","level":"INFO","device":"868120018681","event":"9208_RAW","detail":"0C35342E33372E3232352E36350D32000086812001868100260410184639100200383638313230303138363831303032363034313031383436333931303032303000000000000000000000000000000000"}
{"ts":"2026-04-10T18:46:40.189Z","level":"INFO","device":"868120018681","event":"UPLOAD_TRIGGERED","detail":"media: 54.37.225.65:3378 | alarmId: 86812001868100260410184639100200"}
{"ts":"2026-04-10T18:46:40.189Z","level":"INFO","device":"868120018681","event":"MEDIA_CONNECTING","detail":"54.37.225.65:3378 files=2"}
{"ts":"2026-04-10T18:46:40.378Z","level":"INFO","device":"868120018681","event":"MEDIA_CONNECTED","detail":"54.37.225.65:3378"}
{"ts":"2026-04-10T18:46:40.379Z","level":"INFO","device":"868120018681","event":"FILE_START","detail":"[1/2] 00_64_6401_00_86812001868100260410184639100200.jpg (631 bytes)"}
{"ts":"2026-04-10T18:46:40.381Z","level":"INFO","device":"868120018681","event":"SENT_1210","detail":"00_64_6401_00_86812001868100260410184639100200.jpg"}
{"ts":"2026-04-10T18:46:40.481Z","level":"INFO","device":"868120018681","event":"SENT_RAW_MARKER","detail":"00_64_6401_00_86812001868100260410184639100200.jpg packet=693 bytes data=631 bytes"}
{"ts":"2026-04-10T18:46:40.482Z","level":"INFO","device":"868120018681","event":"SENT_1212","detail":"00_64_6401_00_86812001868100260410184639100200.jpg type=0"}
{"ts":"2026-04-10T18:46:40.568Z","level":"INFO","device":"868120018681","event":"MEDIA_RX","detail":"7E 80 01 00 05 86 81 20 01 86 81 29 B7 00 00 12 10 00 39 7E"}
{"ts":"2026-04-10T18:46:40.755Z","level":"INFO","device":"868120018681","event":"MEDIA_RX","detail":"7E 92 12 00 36 86 81 20 01 86 81 D9 BC 32 30 30 5F 36 34 5F 36 34 30 31 5F 30 30 5F 38 36 38 31 32 30 30 31 38 36 38 31 30 30 32 36 30 34 31 30 31 38 34 36 33 39 31 30 30 32 30 30 2E 6A 70 67 00 00 00 92 7E"}
{"ts":"2026-04-10T18:46:40.783Z","level":"INFO","device":"868120018681","event":"FILE_START","detail":"[2/2] 02_64_6401_03_86812001868100260410184639100200.mp4 (1570024 bytes)"}
{"ts":"2026-04-10T18:46:40.783Z","level":"INFO","device":"868120018681","event":"SENT_1210","detail":"02_64_6401_03_86812001868100260410184639100200.mp4"}
{"ts":"2026-04-10T18:46:40.885Z","level":"INFO","device":"868120018681","event":"SENT_RAW_MARKER","detail":"02_64_6401_03_86812001868100260410184639100200.mp4 packet=1570086 bytes data=1570024 bytes"}
{"ts":"2026-04-10T18:46:40.970Z","level":"INFO","device":"868120018681","event":"MEDIA_RX","detail":"7E 80 01 00 05 86 81 20 01 86 81 40 D5 00 02 12 10 00 30 7E"}
{"ts":"2026-04-10T18:46:42.002Z","level":"INFO","device":"868120018681","event":"SENT_1212","detail":"02_64_6401_03_86812001868100260410184639100200.mp4 type=2"}
{"ts":"2026-04-10T18:46:42.236Z","level":"INFO","device":"868120018681","event":"MEDIA_RX","detail":"7E 92 12 00 36 86 81 20 01 86 81 6A 52 32 30 32 5F 36 34 5F 36 34 30 31 5F 30 33 5F 38 36 38 31 32 30 30 31 38 36 38 31 30 30 32 36 30 34 31 30 31 38 34 36 33 39 31 30 30 32 30 30 2E 6D 70 34 02 00 00 98 7E"}
{"ts":"2026-04-10T18:46:42.303Z","level":"INFO","device":"868120018681","event":"BATCH_COMPLETE","detail":"All 2 files sent"}
{"ts":"2026-04-10T18:46:42.976Z","level":"INFO","device":"868120018681","event":"MEDIA_CLOSED","detail":""}
{"ts":"2026-04-10T18:46:44.629Z","level":"INFO","device":"200000000001","event":"OBD2_SENT_0x0200","detail":"Lat: 51.732264, Lng: 0.489590 | Speed: 38km/h | RPM: 2309"}
{"ts":"2026-04-10T18:46:44.836Z","level":"INFO","device":"200000000001","event":"SERVER_ACK","detail":"0x8001 Universal Reply Received"}
{"ts":"2026-04-10T18:46:49.643Z","level":"INFO","device":"868120018681","event":"INCIDENT_SENT","detail":"mediaId=17 alarmId=86812001868100260410184649110200"}
{"ts":"2026-04-10T18:46:49.864Z","level":"INFO","device":"868120018681","event":"RX_MSG","detail":"0x8001 bodyLen=5"}
{"ts":"2026-04-10T18:46:49.864Z","level":"INFO","device":"868120018681","event":"SERVER_ACK","detail":"0x0200 result=OK"}
{"ts":"2026-04-10T18:46:50.178Z","level":"INFO","device":"868120018681","event":"RX_MSG","detail":"0x9208 bodyLen=81"}
{"ts":"2026-04-10T18:46:50.178Z","level":"INFO","device":"868120018681","event":"9208_RAW","detail":"0C35342E33372E3232352E36350D32000086812001868100260410184649110200383638313230303138363831303032363034313031383436343931313032303000000000000000000000000000000000"}
{"ts":"2026-04-10T18:46:50.178Z","level":"INFO","device":"868120018681","event":"UPLOAD_TRIGGERED","detail":"media: 54.37.225.65:3378 | alarmId: 86812001868100260410184649110200"}
{"ts":"2026-04-10T18:46:50.178Z","level":"INFO","device":"868120018681","event":"MEDIA_CONNECTING","detail":"54.37.225.65:3378 files=2"}
{"ts":"2026-04-10T18:46:50.179Z","level":"INFO","device":"868120018681","event":"RX_MSG","detail":"0x8001 bodyLen=5"}
{"ts":"2026-04-10T18:46:50.179Z","level":"INFO","device":"868120018681","event":"SERVER_ACK","detail":"0x0800 result=OK"}
{"ts":"2026-04-10T18:46:50.384Z","level":"INFO","device":"868120018681","event":"MEDIA_CONNECTED","detail":"54.37.225.65:3378"}
{"ts":"2026-04-10T18:46:50.384Z","level":"INFO","device":"868120018681","event":"FILE_START","detail":"[1/2] 00_64_6401_00_86812001868100260410184649110200.jpg (631 bytes)"}
{"ts":"2026-04-10T18:46:50.384Z","level":"INFO","device":"868120018681","event":"SENT_1210","detail":"00_64_6401_00_86812001868100260410184649110200.jpg"}
{"ts":"2026-04-10T18:46:50.484Z","level":"INFO","device":"868120018681","event":"SENT_RAW_MARKER","detail":"00_64_6401_00_86812001868100260410184649110200.jpg packet=693 bytes data=631 bytes"}
{"ts":"2026-04-10T18:46:50.485Z","level":"INFO","device":"868120018681","event":"SENT_1212","detail":"00_64_6401_00_86812001868100260410184649110200.jpg type=0"}
{"ts":"2026-04-10T18:46:50.589Z","level":"INFO","device":"868120018681","event":"MEDIA_RX","detail":"7E 80 01 00 05 86 81 20 01 86 81 3E 46 00 00 12 10 00 DF 7E"}
{"ts":"2026-04-10T18:46:50.786Z","level":"INFO","device":"868120018681","event":"FILE_START","detail":"[2/2] 02_64_6401_03_86812001868100260410184649110200.mp4 (1570024 bytes)"}
{"ts":"2026-04-10T18:46:50.786Z","level":"INFO","device":"868120018681","event":"SENT_1210","detail":"02_64_6401_03_86812001868100260410184649110200.mp4"}
{"ts":"2026-04-10T18:46:50.791Z","level":"INFO","device":"868120018681","event":"MEDIA_RX","detail":"7E 92 12 00 36 86 81 20 01 86 81 0D 7F 32 30 30 5F 36 34 5F 36 34 30 31 5F 30 30 5F 38 36 38 31 32 30 30 31 38 36 38 31 30 30 32 36 30 34 31 30 31 38 34 36 34 39 31 31 30 32 30 30 2E 6A 70 67 00 00 00 83 7E"}
{"ts":"2026-04-10T18:46:50.888Z","level":"INFO","device":"868120018681","event":"SENT_RAW_MARKER","detail":"02_64_6401_03_86812001868100260410184649110200.mp4 packet=1570086 bytes data=1570024 bytes"}
{"ts":"2026-04-10T18:46:51.094Z","level":"INFO","device":"868120018681","event":"MEDIA_RX","detail":"7E 80 01 00 05 86 81 20 01 86 81 E2 1A 00 02 12 10 00 5D 7E"}
{"ts":"2026-04-10T18:46:52.032Z","level":"INFO","device":"868120018681","event":"SENT_1212","detail":"02_64_6401_03_86812001868100260410184649110200.mp4 type=2"}
{"ts":"2026-04-10T18:46:52.332Z","level":"INFO","device":"868120018681","event":"BATCH_COMPLETE","detail":"All 2 files sent"}
{"ts":"2026-04-10T18:46:52.740Z","level":"ERROR","device":"868120018681","event":"MEDIA_ERROR","detail":"54.37.225.65:3378 — read ECONNRESET"}
{"ts":"2026-04-10T18:46:52.741Z","level":"INFO","device":"868120018681","event":"MEDIA_CLOSED","detail":""}
{"ts":"2026-04-10T18:46:59.629Z","level":"INFO","device":"200000000001","event":"HEARTBEAT_SENT","detail":"0x0002"}
{"ts":"2026-04-10T18:46:59.630Z","level":"INFO","device":"200000000001","event":"OBD2_SENT_0x0200","detail":"Lat: 51.731364, Lng: 0.491393 | Speed: 35km/h | RPM: 2219"}
{"ts":"2026-04-10T18:46:59.633Z","level":"INFO","device":"868120018681","event":"GPS_SENT","detail":""}
{"ts":"2026-04-10T18:46:59.644Z","level":"INFO","device":"868120018681","event":"INCIDENT_SENT","detail":"mediaId=18 alarmId=86812001868100260410184659120200"}
{"ts":"2026-04-10T18:46:59.835Z","level":"INFO","device":"200000000001","event":"SERVER_ACK","detail":"0x8001 Universal Reply Received"}
{"ts":"2026-04-10T18:46:59.838Z","level":"INFO","device":"868120018681","event":"RX_MSG","detail":"0x8001 bodyLen=5"}
{"ts":"2026-04-10T18:46:59.838Z","level":"INFO","device":"868120018681","event":"SERVER_ACK","detail":"0x0200 result=OK"}
{"ts":"2026-04-10T18:47:00.161Z","level":"INFO","device":"200000000001","event":"SERVER_ACK","detail":"0x8001 Universal Reply Received"}
{"ts":"2026-04-10T18:47:00.161Z","level":"INFO","device":"868120018681","event":"RX_MSG","detail":"0x8001 bodyLen=5"}
{"ts":"2026-04-10T18:47:00.161Z","level":"INFO","device":"868120018681","event":"SERVER_ACK","detail":"0x0200 result=OK"}
{"ts":"2026-04-10T18:47:00.161Z","level":"INFO","device":"868120018681","event":"RX_MSG","detail":"0x8001 bodyLen=5"}
{"ts":"2026-04-10T18:47:00.161Z","level":"INFO","device":"868120018681","event":"SERVER_ACK","detail":"0x0800 result=OK"}
{"ts":"2026-04-10T18:47:00.161Z","level":"INFO","device":"868120018681","event":"RX_MSG","detail":"0x9208 bodyLen=81"}
{"ts":"2026-04-10T18:47:00.161Z","level":"INFO","device":"868120018681","event":"9208_RAW","detail":"0C35342E33372E3232352E36350D32000086812001868100260410184659120200383638313230303138363831303032363034313031383436353931323032303000000000000000000000000000000000"}
{"ts":"2026-04-10T18:47:00.161Z","level":"INFO","device":"868120018681","event":"UPLOAD_TRIGGERED","detail":"media: 54.37.225.65:3378 | alarmId: 86812001868100260410184659120200"}
{"ts":"2026-04-10T18:47:00.161Z","level":"INFO","device":"868120018681","event":"MEDIA_CONNECTING","detail":"54.37.225.65:3378 files=2"}
{"ts":"2026-04-10T18:47:00.366Z","level":"INFO","device":"868120018681","event":"MEDIA_CONNECTED","detail":"54.37.225.65:3378"}
{"ts":"2026-04-10T18:47:00.366Z","level":"INFO","device":"868120018681","event":"FILE_START","detail":"[1/2] 00_64_6401_00_86812001868100260410184659120200.jpg (631 bytes)"}
{"ts":"2026-04-10T18:47:00.366Z","level":"INFO","device":"868120018681","event":"SENT_1210","detail":"00_64_6401_00_86812001868100260410184659120200.jpg"}
{"ts":"2026-04-10T18:47:00.467Z","level":"INFO","device":"868120018681","event":"SENT_RAW_MARKER","detail":"00_64_6401_00_86812001868100260410184659120200.jpg packet=693 bytes data=631 bytes"}
{"ts":"2026-04-10T18:47:00.467Z","level":"INFO","device":"868120018681","event":"SENT_1212","detail":"00_64_6401_00_86812001868100260410184659120200.jpg type=0"}
{"ts":"2026-04-10T18:47:00.572Z","level":"INFO","device":"868120018681","event":"MEDIA_RX","detail":"7E 80 01 00 05 86 81 20 01 86 81 AA 31 00 00 12 10 00 3C 7E"}
{"ts":"2026-04-10T18:47:00.767Z","level":"INFO","device":"868120018681","event":"FILE_START","detail":"[2/2] 02_64_6401_03_86812001868100260410184659120200.mp4 (1570024 bytes)"}
{"ts":"2026-04-10T18:47:00.767Z","level":"INFO","device":"868120018681","event":"SENT_1210","detail":"02_64_6401_03_86812001868100260410184659120200.mp4"}
{"ts":"2026-04-10T18:47:00.775Z","level":"INFO","device":"868120018681","event":"MEDIA_RX","detail":"7E 92 12 00 36 86 81 20 01 86 81 27 CC 32 30 30 5F 36 34 5F 36 34 30 31 5F 30 30 5F 38 36 38 31 32 30 30 31 38 36 38 31 30 30 32 36 30 34 31 30 31 38 34 36 35 39 31 32 30 32 30 30 2E 6A 70 67 00 00 00 18 7E"}
{"ts":"2026-04-10T18:47:00.868Z","level":"INFO","device":"868120018681","event":"SENT_RAW_MARKER","detail":"02_64_6401_03_86812001868100260410184659120200.mp4 packet=1570086 bytes data=1570024 bytes"}
{"ts":"2026-04-10T18:47:01.074Z","level":"INFO","device":"868120018681","event":"MEDIA_RX","detail":"7E 80 01 00 05 86 81 20 01 86 81 65 07 00 02 12 10 00 C7 7E"}
{"ts":"2026-04-10T18:47:02.011Z","level":"INFO","device":"868120018681","event":"SENT_1212","detail":"02_64_6401_03_86812001868100260410184659120200.mp4 type=2"}
{"ts":"2026-04-10T18:47:02.312Z","level":"INFO","device":"868120018681","event":"BATCH_COMPLETE","detail":"All 2 files sent"}
{"ts":"2026-04-10T18:47:02.721Z","level":"ERROR","device":"868120018681","event":"MEDIA_ERROR","detail":"54.37.225.65:3378 — read ECONNRESET"}
{"ts":"2026-04-10T18:47:02.721Z","level":"INFO","device":"868120018681","event":"MEDIA_CLOSED","detail":""}
{"ts":"2026-04-10T18:47:09.651Z","level":"INFO","device":"868120018681","event":"INCIDENT_SENT","detail":"mediaId=19 alarmId=86812001868100260410184709130200"}
{"ts":"2026-04-10T18:47:09.857Z","level":"INFO","device":"868120018681","event":"RX_MSG","detail":"0x8001 bodyLen=5"}
{"ts":"2026-04-10T18:47:09.857Z","level":"INFO","device":"868120018681","event":"SERVER_ACK","detail":"0x0200 result=OK"}
{"ts":"2026-04-10T18:47:10.188Z","level":"INFO","device":"868120018681","event":"RX_MSG","detail":"0x9208 bodyLen=81"}
{"ts":"2026-04-10T18:47:10.188Z","level":"INFO","device":"868120018681","event":"9208_RAW","detail":"0C35342E33372E3232352E36350D32000086812001868100260410184709130200383638313230303138363831303032363034313031383437303931333032303000000000000000000000000000000000"}
{"ts":"2026-04-10T18:47:10.188Z","level":"INFO","device":"868120018681","event":"UPLOAD_TRIGGERED","detail":"media: 54.37.225.65:3378 | alarmId: 86812001868100260410184709130200"}
{"ts":"2026-04-10T18:47:10.188Z","level":"INFO","device":"868120018681","event":"MEDIA_CONNECTING","detail":"54.37.225.65:3378 files=2"}
{"ts":"2026-04-10T18:47:10.188Z","level":"INFO","device":"868120018681","event":"RX_MSG","detail":"0x8001 bodyLen=5"}
{"ts":"2026-04-10T18:47:10.188Z","level":"INFO","device":"868120018681","event":"SERVER_ACK","detail":"0x0800 result=OK"}
{"ts":"2026-04-10T18:47:10.393Z","level":"INFO","device":"868120018681","event":"MEDIA_CONNECTED","detail":"54.37.225.65:3378"}
{"ts":"2026-04-10T18:47:10.393Z","level":"INFO","device":"868120018681","event":"FILE_START","detail":"[1/2] 00_64_6401_00_86812001868100260410184709130200.jpg (631 bytes)"}
{"ts":"2026-04-10T18:47:10.393Z","level":"INFO","device":"868120018681","event":"SENT_1210","detail":"00_64_6401_00_86812001868100260410184709130200.jpg"}
{"ts":"2026-04-10T18:47:10.493Z","level":"INFO","device":"868120018681","event":"SENT_RAW_MARKER","detail":"00_64_6401_00_86812001868100260410184709130200.jpg packet=693 bytes data=631 bytes"}
{"ts":"2026-04-10T18:47:10.493Z","level":"INFO","device":"868120018681","event":"SENT_1212","detail":"00_64_6401_00_86812001868100260410184709130200.jpg type=0"}
{"ts":"2026-04-10T18:47:10.599Z","level":"INFO","device":"868120018681","event":"MEDIA_RX","detail":"7E 80 01 00 05 86 81 20 01 86 81 3C B3 00 00 12 10 00 28 7E"}
{"ts":"2026-04-10T18:47:10.794Z","level":"INFO","device":"868120018681","event":"FILE_START","detail":"[2/2] 02_64_6401_03_86812001868100260410184709130200.mp4 (1570024 bytes)"}
{"ts":"2026-04-10T18:47:10.794Z","level":"INFO","device":"868120018681","event":"SENT_1210","detail":"02_64_6401_03_86812001868100260410184709130200.mp4"}
{"ts":"2026-04-10T18:47:10.802Z","level":"INFO","device":"868120018681","event":"MEDIA_RX","detail":"7E 92 12 00 36 86 81 20 01 86 81 2B E6 32 30 30 5F 36 34 5F 36 34 30 31 5F 30 30 5F 38 36 38 31 32 30 30 31 38 36 38 31 30 30 32 36 30 34 31 30 31 38 34 37 30 39 31 33 30 32 30 30 2E 6A 70 67 00 00 00 3B 7E"}
{"ts":"2026-04-10T18:47:10.895Z","level":"INFO","device":"868120018681","event":"SENT_RAW_MARKER","detail":"02_64_6401_03_86812001868100260410184709130200.mp4 packet=1570086 bytes data=1570024 bytes"}
{"ts":"2026-04-10T18:47:11.101Z","level":"INFO","device":"868120018681","event":"MEDIA_RX","detail":"7E 80 01 00 05 86 81 20 01 86 81 13 53 00 02 12 10 00 E5 7E"}
{"ts":"2026-04-10T18:47:12.125Z","level":"INFO","device":"868120018681","event":"SENT_1212","detail":"02_64_6401_03_86812001868100260410184709130200.mp4 type=2"}
{"ts":"2026-04-10T18:47:12.426Z","level":"INFO","device":"868120018681","event":"BATCH_COMPLETE","detail":"All 2 files sent"}
{"ts":"2026-04-10T18:47:12.836Z","level":"ERROR","device":"868120018681","event":"MEDIA_ERROR","detail":"54.37.225.65:3378 — read ECONNRESET"}
{"ts":"2026-04-10T18:47:12.836Z","level":"INFO","device":"868120018681","event":"MEDIA_CLOSED","detail":""}
{"ts":"2026-04-10T18:47:14.631Z","level":"INFO","device":"200000000001","event":"OBD2_SENT_0x0200","detail":"Lat: 51.730303, Lng: 0.492896 | Speed: 37km/h | RPM: 2276"}
{"ts":"2026-04-10T18:47:14.839Z","level":"INFO","device":"200000000001","event":"SERVER_ACK","detail":"0x8001 Universal Reply Received"}
{"ts":"2026-04-10T18:47:19.638Z","level":"INFO","device":"868120018681","event":"GPS_SENT","detail":""}
{"ts":"2026-04-10T18:47:19.651Z","level":"INFO","device":"868120018681","event":"INCIDENT_SENT","detail":"mediaId=20 alarmId=86812001868100260410184719140200"}
{"ts":"2026-04-10T18:47:19.844Z","level":"INFO","device":"868120018681","event":"RX_MSG","detail":"0x8001 bodyLen=5"}
{"ts":"2026-04-10T18:47:19.844Z","level":"INFO","device":"868120018681","event":"SERVER_ACK","detail":"0x0200 result=OK"}
{"ts":"2026-04-10T18:47:20.171Z","level":"INFO","device":"868120018681","event":"RX_MSG","detail":"0x8001 bodyLen=5"}
{"ts":"2026-04-10T18:47:20.173Z","level":"INFO","device":"868120018681","event":"SERVER_ACK","detail":"0x0200 result=OK"}
{"ts":"2026-04-10T18:47:20.174Z","level":"INFO","device":"868120018681","event":"RX_MSG","detail":"0x8001 bodyLen=5"}
{"ts":"2026-04-10T18:47:20.174Z","level":"INFO","device":"868120018681","event":"SERVER_ACK","detail":"0x0800 result=OK"}
{"ts":"2026-04-10T18:47:20.174Z","level":"INFO","device":"868120018681","event":"RX_MSG","detail":"0x9208 bodyLen=81"}
{"ts":"2026-04-10T18:47:20.174Z","level":"INFO","device":"868120018681","event":"9208_RAW","detail":"0C35342E33372E3232352E36350D32000086812001868100260410184719140200383638313230303138363831303032363034313031383437313931343032303000000000000000000000000000000000"}
{"ts":"2026-04-10T18:47:20.174Z","level":"INFO","device":"868120018681","event":"UPLOAD_TRIGGERED","detail":"media: 54.37.225.65:3378 | alarmId: 86812001868100260410184719140200"}
{"ts":"2026-04-10T18:47:20.175Z","level":"INFO","device":"868120018681","event":"MEDIA_CONNECTING","detail":"54.37.225.65:3378 files=2"}
{"ts":"2026-04-10T18:47:20.363Z","level":"INFO","device":"868120018681","event":"MEDIA_CONNECTED","detail":"54.37.225.65:3378"}
{"ts":"2026-04-10T18:47:20.363Z","level":"INFO","device":"868120018681","event":"FILE_START","detail":"[1/2] 00_64_6401_00_86812001868100260410184719140200.jpg (631 bytes)"}
{"ts":"2026-04-10T18:47:20.363Z","level":"INFO","device":"868120018681","event":"SENT_1210","detail":"00_64_6401_00_86812001868100260410184719140200.jpg"}
{"ts":"2026-04-10T18:47:20.464Z","level":"INFO","device":"868120018681","event":"SENT_RAW_MARKER","detail":"00_64_6401_00_86812001868100260410184719140200.jpg packet=693 bytes data=631 bytes"}
{"ts":"2026-04-10T18:47:20.464Z","level":"INFO","device":"868120018681","event":"SENT_1212","detail":"00_64_6401_00_86812001868100260410184719140200.jpg type=0"}
{"ts":"2026-04-10T18:47:20.552Z","level":"INFO","device":"868120018681","event":"MEDIA_RX","detail":"7E 80 01 00 05 86 81 20 01 86 81 9C FE 00 00 12 10 00 C5 7E"}
{"ts":"2026-04-10T18:47:20.740Z","level":"INFO","device":"868120018681","event":"MEDIA_RX","detail":"7E 92 12 00 36 86 81 20 01 86 81 0D 11 32 30 30 5F 36 34 5F 36 34 30 31 5F 30 30 5F 38 36 38 31 32 30 30 31 38 36 38 31 30 30 32 36 30 34 31 30 31 38 34 37 31 39 31 34 30 32 30 30 2E 6A 70 67 00 00 00 EC 7E"}
{"ts":"2026-04-10T18:47:20.764Z","level":"INFO","device":"868120018681","event":"FILE_START","detail":"[2/2] 02_64_6401_03_86812001868100260410184719140200.mp4 (1570024 bytes)"}
{"ts":"2026-04-10T18:47:20.764Z","level":"INFO","device":"868120018681","event":"SENT_1210","detail":"02_64_6401_03_86812001868100260410184719140200.mp4"}
{"ts":"2026-04-10T18:47:20.868Z","level":"INFO","device":"868120018681","event":"SENT_RAW_MARKER","detail":"02_64_6401_03_86812001868100260410184719140200.mp4 packet=1570086 bytes data=1570024 bytes"}
{"ts":"2026-04-10T18:47:20.953Z","level":"INFO","device":"868120018681","event":"MEDIA_RX","detail":"7E 80 01 00 05 86 81 20 01 86 81 69 F9 00 02 12 10 00 35 7E"}
{"ts":"2026-04-10T18:47:21.997Z","level":"INFO","device":"868120018681","event":"SENT_1212","detail":"02_64_6401_03_86812001868100260410184719140200.mp4 type=2"}
{"ts":"2026-04-10T18:47:22.297Z","level":"INFO","device":"868120018681","event":"BATCH_COMPLETE","detail":"All 2 files sent"}
{"ts":"2026-04-10T18:47:22.674Z","level":"ERROR","device":"868120018681","event":"MEDIA_ERROR","detail":"54.37.225.65:3378 — read ECONNRESET"}
{"ts":"2026-04-10T18:47:22.674Z","level":"INFO","device":"868120018681","event":"MEDIA_CLOSED","detail":""}
{"ts":"2026-04-10T18:47:29.635Z","level":"INFO","device":"200000000001","event":"HEARTBEAT_SENT","detail":"0x0002"}
{"ts":"2026-04-10T18:47:29.635Z","level":"INFO","device":"200000000001","event":"OBD2_SENT_0x0200","detail":"Lat: 51.728968, Lng: 0.494273 | Speed: 38km/h | RPM: 2324"}
{"ts":"2026-04-10T18:47:29.651Z","level":"INFO","device":"868120018681","event":"INCIDENT_SENT","detail":"mediaId=21 alarmId=86812001868100260410184729150200"}
{"ts":"2026-04-10T18:47:29.842Z","level":"INFO","device":"200000000001","event":"SERVER_ACK","detail":"0x8001 Universal Reply Received"}
{"ts":"2026-04-10T18:47:29.857Z","level":"INFO","device":"868120018681","event":"RX_MSG","detail":"0x8001 bodyLen=5"}
{"ts":"2026-04-10T18:47:29.857Z","level":"INFO","device":"868120018681","event":"SERVER_ACK","detail":"0x0200 result=OK"}
{"ts":"2026-04-10T18:47:30.186Z","level":"INFO","device":"868120018681","event":"RX_MSG","detail":"0x9208 bodyLen=81"}
{"ts":"2026-04-10T18:47:30.186Z","level":"INFO","device":"868120018681","event":"9208_RAW","detail":"0C35342E33372E3232352E36350D32000086812001868100260410184729150200383638313230303138363831303032363034313031383437323931353032303000000000000000000000000000000000"}
{"ts":"2026-04-10T18:47:30.186Z","level":"INFO","device":"868120018681","event":"UPLOAD_TRIGGERED","detail":"media: 54.37.225.65:3378 | alarmId: 86812001868100260410184729150200"}
{"ts":"2026-04-10T18:47:30.186Z","level":"INFO","device":"868120018681","event":"MEDIA_CONNECTING","detail":"54.37.225.65:3378 files=2"}
{"ts":"2026-04-10T18:47:30.186Z","level":"INFO","device":"868120018681","event":"RX_MSG","detail":"0x8001 bodyLen=5"}
{"ts":"2026-04-10T18:47:30.186Z","level":"INFO","device":"868120018681","event":"SERVER_ACK","detail":"0x0800 result=OK"}
{"ts":"2026-04-10T18:47:30.186Z","level":"INFO","device":"200000000001","event":"SERVER_ACK","detail":"0x8001 Universal Reply Received"}
{"ts":"2026-04-10T18:47:30.391Z","level":"INFO","device":"868120018681","event":"MEDIA_CONNECTED","detail":"54.37.225.65:3378"}
{"ts":"2026-04-10T18:47:30.391Z","level":"INFO","device":"868120018681","event":"FILE_START","detail":"[1/2] 00_64_6401_00_86812001868100260410184729150200.jpg (631 bytes)"}
{"ts":"2026-04-10T18:47:30.391Z","level":"INFO","device":"868120018681","event":"SENT_1210","detail":"00_64_6401_00_86812001868100260410184729150200.jpg"}
{"ts":"2026-04-10T18:47:30.491Z","level":"INFO","device":"868120018681","event":"SENT_RAW_MARKER","detail":"00_64_6401_00_86812001868100260410184729150200.jpg packet=693 bytes data=631 bytes"}
{"ts":"2026-04-10T18:47:30.492Z","level":"INFO","device":"868120018681","event":"SENT_1212","detail":"00_64_6401_00_86812001868100260410184729150200.jpg type=0"}
{"ts":"2026-04-10T18:47:30.597Z","level":"INFO","device":"868120018681","event":"MEDIA_RX","detail":"7E 80 01 00 05 86 81 20 01 86 81 D0 AF 00 00 12 10 00 D8 7E"}
{"ts":"2026-04-10T18:47:30.792Z","level":"INFO","device":"868120018681","event":"FILE_START","detail":"[2/2] 02_64_6401_03_86812001868100260410184729150200.mp4 (1570024 bytes)"}
{"ts":"2026-04-10T18:47:30.792Z","level":"INFO","device":"868120018681","event":"SENT_1210","detail":"02_64_6401_03_86812001868100260410184729150200.mp4"}
{"ts":"2026-04-10T18:47:30.800Z","level":"INFO","device":"868120018681","event":"MEDIA_RX","detail":"7E 92 12 00 36 86 81 20 01 86 81 0E 74 32 30 30 5F 36 34 5F 36 34 30 31 5F 30 30 5F 38 36 38 31 32 30 30 31 38 36 38 31 30 30 32 36 30 34 31 30 31 38 34 37 32 39 31 35 30 32 30 30 2E 6A 70 67 00 00 00 88 7E"}
{"ts":"2026-04-10T18:47:30.895Z","level":"INFO","device":"868120018681","event":"SENT_RAW_MARKER","detail":"02_64_6401_03_86812001868100260410184729150200.mp4 packet=1570086 bytes data=1570024 bytes"}
{"ts":"2026-04-10T18:47:31.100Z","level":"INFO","device":"868120018681","event":"MEDIA_RX","detail":"7E 80 01 00 05 86 81 20 01 86 81 DE 0A 00 02 12 10 00 71 7E"}
{"ts":"2026-04-10T18:47:32.117Z","level":"INFO","device":"868120018681","event":"SENT_1212","detail":"02_64_6401_03_86812001868100260410184729150200.mp4 type=2"}
{"ts":"2026-04-10T18:47:32.417Z","level":"INFO","device":"868120018681","event":"BATCH_COMPLETE","detail":"All 2 files sent"}
{"ts":"2026-04-10T18:47:32.829Z","level":"ERROR","device":"868120018681","event":"MEDIA_ERROR","detail":"54.37.225.65:3378 — read ECONNRESET"}
{"ts":"2026-04-10T18:47:32.829Z","level":"INFO","device":"868120018681","event":"MEDIA_CLOSED","detail":""}
{"ts":"2026-04-10T18:47:39.645Z","level":"INFO","device":"868120018681","event":"GPS_SENT","detail":""}
{"ts":"2026-04-10T18:47:39.651Z","level":"INFO","device":"868120018681","event":"INCIDENT_SENT","detail":"mediaId=22 alarmId=86812001868100260410184739160200"}
{"ts":"2026-04-10T18:47:39.849Z","level":"INFO","device":"868120018681","event":"RX_MSG","detail":"0x8001 bodyLen=5"}
{"ts":"2026-04-10T18:47:39.850Z","level":"INFO","device":"868120018681","event":"SERVER_ACK","detail":"0x0200 result=OK"}
{"ts":"2026-04-10T18:47:40.173Z","level":"INFO","device":"868120018681","event":"RX_MSG","detail":"0x8001 bodyLen=5"}
{"ts":"2026-04-10T18:47:40.173Z","level":"INFO","device":"868120018681","event":"SERVER_ACK","detail":"0x0200 result=OK"}
{"ts":"2026-04-10T18:47:40.173Z","level":"INFO","device":"868120018681","event":"RX_MSG","detail":"0x8001 bodyLen=5"}
{"ts":"2026-04-10T18:47:40.173Z","level":"INFO","device":"868120018681","event":"SERVER_ACK","detail":"0x0800 result=OK"}
{"ts":"2026-04-10T18:47:40.173Z","level":"INFO","device":"868120018681","event":"RX_MSG","detail":"0x9208 bodyLen=81"}
{"ts":"2026-04-10T18:47:40.173Z","level":"INFO","device":"868120018681","event":"9208_RAW","detail":"0C35342E33372E3232352E36350D32000086812001868100260410184739160200383638313230303138363831303032363034313031383437333931363032303000000000000000000000000000000000"}
{"ts":"2026-04-10T18:47:40.173Z","level":"INFO","device":"868120018681","event":"UPLOAD_TRIGGERED","detail":"media: 54.37.225.65:3378 | alarmId: 86812001868100260410184739160200"}
{"ts":"2026-04-10T18:47:40.173Z","level":"INFO","device":"868120018681","event":"MEDIA_CONNECTING","detail":"54.37.225.65:3378 files=2"}
{"ts":"2026-04-10T18:47:40.378Z","level":"INFO","device":"868120018681","event":"MEDIA_CONNECTED","detail":"54.37.225.65:3378"}
{"ts":"2026-04-10T18:47:40.378Z","level":"INFO","device":"868120018681","event":"FILE_START","detail":"[1/2] 00_64_6401_00_86812001868100260410184739160200.jpg (631 bytes)"}
{"ts":"2026-04-10T18:47:40.378Z","level":"INFO","device":"868120018681","event":"SENT_1210","detail":"00_64_6401_00_86812001868100260410184739160200.jpg"}
{"ts":"2026-04-10T18:47:40.479Z","level":"INFO","device":"868120018681","event":"SENT_RAW_MARKER","detail":"00_64_6401_00_86812001868100260410184739160200.jpg packet=693 bytes data=631 bytes"}
{"ts":"2026-04-10T18:47:40.479Z","level":"INFO","device":"868120018681","event":"SENT_1212","detail":"00_64_6401_00_86812001868100260410184739160200.jpg type=0"}
{"ts":"2026-04-10T18:47:40.584Z","level":"INFO","device":"868120018681","event":"MEDIA_RX","detail":"7E 80 01 00 05 86 81 20 01 86 81 66 36 00 00 12 10 00 F7 7E"}
{"ts":"2026-04-10T18:47:40.780Z","level":"INFO","device":"868120018681","event":"FILE_START","detail":"[2/2] 02_64_6401_03_86812001868100260410184739160200.mp4 (1570024 bytes)"}
{"ts":"2026-04-10T18:47:40.780Z","level":"INFO","device":"868120018681","event":"SENT_1210","detail":"02_64_6401_03_86812001868100260410184739160200.mp4"}
{"ts":"2026-04-10T18:47:40.786Z","level":"INFO","device":"868120018681","event":"MEDIA_RX","detail":"7E 92 12 00 36 86 81 20 01 86 81 9E D7 32 30 30 5F 36 34 5F 36 34 30 31 5F 30 30 5F 38 36 38 31 32 30 30 31 38 36 38 31 30 30 32 36 30 34 31 30 31 38 34 37 33 39 31 36 30 32 30 30 2E 6A 70 67 00 00 00 B9 7E"}
{"ts":"2026-04-10T18:47:40.881Z","level":"INFO","device":"868120018681","event":"SENT_RAW_MARKER","detail":"02_64_6401_03_86812001868100260410184739160200.mp4 packet=1570086 bytes data=1570024 bytes"}
{"ts":"2026-04-10T18:47:41.085Z","level":"INFO","device":"868120018681","event":"MEDIA_RX","detail":"7E 80 01 00 05 86 81 20 01 86 81 37 C9 00 02 12 10 00 5B 7E"}
{"ts":"2026-04-10T18:47:42.102Z","level":"INFO","device":"868120018681","event":"SENT_1212","detail":"02_64_6401_03_86812001868100260410184739160200.mp4 type=2"}
{"ts":"2026-04-10T18:47:42.403Z","level":"INFO","device":"868120018681","event":"BATCH_COMPLETE","detail":"All 2 files sent"}
{"ts":"2026-04-10T18:47:42.813Z","level":"ERROR","device":"868120018681","event":"MEDIA_ERROR","detail":"54.37.225.65:3378 — read ECONNRESET"}
{"ts":"2026-04-10T18:47:42.813Z","level":"INFO","device":"868120018681","event":"MEDIA_CLOSED","detail":""}
{"ts":"2026-04-10T18:47:44.637Z","level":"INFO","device":"200000000001","event":"OBD2_SENT_0x0200","detail":"Lat: 51.727472, Lng: 0.495264 | Speed: 42km/h | RPM: 2485"}
{"ts":"2026-04-10T18:47:44.844Z","level":"INFO","device":"200000000001","event":"SERVER_ACK","detail":"0x8001 Universal Reply Received"}
{"ts":"2026-04-10T18:47:49.656Z","level":"INFO","device":"868120018681","event":"INCIDENT_SENT","detail":"mediaId=23 alarmId=86812001868100260410184749170200"}
{"ts":"2026-04-10T18:47:49.861Z","level":"INFO","device":"868120018681","event":"RX_MSG","detail":"0x8001 bodyLen=5"}
{"ts":"2026-04-10T18:47:49.861Z","level":"INFO","device":"868120018681","event":"SERVER_ACK","detail":"0x0200 result=OK"}
{"ts":"2026-04-10T18:47:50.191Z","level":"INFO","device":"868120018681","event":"RX_MSG","detail":"0x9208 bodyLen=81"}
{"ts":"2026-04-10T18:47:50.193Z","level":"INFO","device":"868120018681","event":"9208_RAW","detail":"0C35342E33372E3232352E36350D32000086812001868100260410184749170200383638313230303138363831303032363034313031383437343931373032303000000000000000000000000000000000"}
{"ts":"2026-04-10T18:47:50.193Z","level":"INFO","device":"868120018681","event":"UPLOAD_TRIGGERED","detail":"media: 54.37.225.65:3378 | alarmId: 86812001868100260410184749170200"}
{"ts":"2026-04-10T18:47:50.193Z","level":"INFO","device":"868120018681","event":"MEDIA_CONNECTING","detail":"54.37.225.65:3378 files=2"}
{"ts":"2026-04-10T18:47:50.193Z","level":"INFO","device":"868120018681","event":"RX_MSG","detail":"0x8001 bodyLen=5"}
{"ts":"2026-04-10T18:47:50.193Z","level":"INFO","device":"868120018681","event":"SERVER_ACK","detail":"0x0800 result=OK"}
{"ts":"2026-04-10T18:47:50.398Z","level":"INFO","device":"868120018681","event":"MEDIA_CONNECTED","detail":"54.37.225.65:3378"}
{"ts":"2026-04-10T18:47:50.398Z","level":"INFO","device":"868120018681","event":"FILE_START","detail":"[1/2] 00_64_6401_00_86812001868100260410184749170200.jpg (631 bytes)"}
{"ts":"2026-04-10T18:47:50.399Z","level":"INFO","device":"868120018681","event":"SENT_1210","detail":"00_64_6401_00_86812001868100260410184749170200.jpg"}
{"ts":"2026-04-10T18:47:50.499Z","level":"INFO","device":"868120018681","event":"SENT_RAW_MARKER","detail":"00_64_6401_00_86812001868100260410184749170200.jpg packet=693 bytes data=631 bytes"}
{"ts":"2026-04-10T18:47:50.499Z","level":"INFO","device":"868120018681","event":"SENT_1212","detail":"00_64_6401_00_86812001868100260410184749170200.jpg type=0"}
{"ts":"2026-04-10T18:47:50.605Z","level":"INFO","device":"868120018681","event":"MEDIA_RX","detail":"7E 80 01 00 05 86 81 20 01 86 81 90 9D 00 00 12 10 00 AA 7E"}
{"ts":"2026-04-10T18:47:50.801Z","level":"INFO","device":"868120018681","event":"FILE_START","detail":"[2/2] 02_64_6401_03_86812001868100260410184749170200.mp4 (1570024 bytes)"}
{"ts":"2026-04-10T18:47:50.801Z","level":"INFO","device":"868120018681","event":"SENT_1210","detail":"02_64_6401_03_86812001868100260410184749170200.mp4"}
{"ts":"2026-04-10T18:47:50.807Z","level":"INFO","device":"868120018681","event":"MEDIA_RX","detail":"7E 92 12 00 36 86 81 20 01 86 81 F0 F1 32 30 30 5F 36 34 5F 36 34 30 31 5F 30 30 5F 38 36 38 31 32 30 30 31 38 36 38 31 30 30 32 36 30 34 31 30 31 38 34 37 34 39 31 37 30 32 30 30 2E 6A 70 67 00 00 00 F7 7E"}
{"ts":"2026-04-10T18:47:50.902Z","level":"INFO","device":"868120018681","event":"SENT_RAW_MARKER","detail":"02_64_6401_03_86812001868100260410184749170200.mp4 packet=1570086 bytes data=1570024 bytes"}
{"ts":"2026-04-10T18:47:51.108Z","level":"INFO","device":"868120018681","event":"MEDIA_RX","detail":"7E 80 01 00 05 86 81 20 01 86 81 CE 1A 00 02 12 10 00 71 7E"}
{"ts":"2026-04-10T18:47:52.120Z","level":"INFO","device":"868120018681","event":"SENT_1212","detail":"02_64_6401_03_86812001868100260410184749170200.mp4 type=2"}
{"ts":"2026-04-10T18:47:52.421Z","level":"INFO","device":"868120018681","event":"BATCH_COMPLETE","detail":"All 2 files sent"}
{"ts":"2026-04-10T18:47:52.831Z","level":"ERROR","device":"868120018681","event":"MEDIA_ERROR","detail":"54.37.225.65:3378 — read ECONNRESET"}
{"ts":"2026-04-10T18:47:52.832Z","level":"INFO","device":"868120018681","event":"MEDIA_CLOSED","detail":""}
{"ts":"2026-04-10T18:47:59.635Z","level":"INFO","device":"200000000001","event":"HEARTBEAT_SENT","detail":"0x0002"}
{"ts":"2026-04-10T18:47:59.637Z","level":"INFO","device":"200000000001","event":"OBD2_SENT_0x0200","detail":"Lat: 51.725894, Lng: 0.495912 | Speed: 44km/h | RPM: 2563"}
{"ts":"2026-04-10T18:47:59.646Z","level":"INFO","device":"868120018681","event":"GPS_SENT","detail":""}
{"ts":"2026-04-10T18:47:59.656Z","level":"INFO","device":"868120018681","event":"INCIDENT_SENT","detail":"mediaId=24 alarmId=86812001868100260410184759180200"}
{"ts":"2026-04-10T18:47:59.840Z","level":"INFO","device":"200000000001","event":"SERVER_ACK","detail":"0x8001 Universal Reply Received"}
{"ts":"2026-04-10T18:47:59.851Z","level":"INFO","device":"868120018681","event":"RX_MSG","detail":"0x8001 bodyLen=5"}
{"ts":"2026-04-10T18:47:59.851Z","level":"INFO","device":"868120018681","event":"SERVER_ACK","detail":"0x0200 result=OK"}
{"ts":"2026-04-10T18:48:00.174Z","level":"INFO","device":"200000000001","event":"SERVER_ACK","detail":"0x8001 Universal Reply Received"}
{"ts":"2026-04-10T18:48:00.174Z","level":"INFO","device":"868120018681","event":"RX_MSG","detail":"0x8001 bodyLen=5"}
{"ts":"2026-04-10T18:48:00.174Z","level":"INFO","device":"868120018681","event":"SERVER_ACK","detail":"0x0200 result=OK"}
{"ts":"2026-04-10T18:48:00.174Z","level":"INFO","device":"868120018681","event":"RX_MSG","detail":"0x8001 bodyLen=5"}
{"ts":"2026-04-10T18:48:00.174Z","level":"INFO","device":"868120018681","event":"SERVER_ACK","detail":"0x0800 result=OK"}
{"ts":"2026-04-10T18:48:00.174Z","level":"INFO","device":"868120018681","event":"RX_MSG","detail":"0x9208 bodyLen=81"}
{"ts":"2026-04-10T18:48:00.174Z","level":"INFO","device":"868120018681","event":"9208_RAW","detail":"0C35342E33372E3232352E36350D32000086812001868100260410184759180200383638313230303138363831303032363034313031383437353931383032303000000000000000000000000000000000"}
{"ts":"2026-04-10T18:48:00.174Z","level":"INFO","device":"868120018681","event":"UPLOAD_TRIGGERED","detail":"media: 54.37.225.65:3378 | alarmId: 86812001868100260410184759180200"}
{"ts":"2026-04-10T18:48:00.174Z","level":"INFO","device":"868120018681","event":"MEDIA_CONNECTING","detail":"54.37.225.65:3378 files=2"}
{"ts":"2026-04-10T18:48:00.379Z","level":"INFO","device":"868120018681","event":"MEDIA_CONNECTED","detail":"54.37.225.65:3378"}
{"ts":"2026-04-10T18:48:00.379Z","level":"INFO","device":"868120018681","event":"FILE_START","detail":"[1/2] 00_64_6401_00_86812001868100260410184759180200.jpg (631 bytes)"}
{"ts":"2026-04-10T18:48:00.379Z","level":"INFO","device":"868120018681","event":"SENT_1210","detail":"00_64_6401_00_86812001868100260410184759180200.jpg"}
{"ts":"2026-04-10T18:48:00.479Z","level":"INFO","device":"868120018681","event":"SENT_RAW_MARKER","detail":"00_64_6401_00_86812001868100260410184759180200.jpg packet=693 bytes data=631 bytes"}
{"ts":"2026-04-10T18:48:00.480Z","level":"INFO","device":"868120018681","event":"SENT_1212","detail":"00_64_6401_00_86812001868100260410184759180200.jpg type=0"}
{"ts":"2026-04-10T18:48:00.585Z","level":"INFO","device":"868120018681","event":"MEDIA_RX","detail":"7E 80 01 00 05 86 81 20 01 86 81 7D 02 B6 00 00 12 10 00 6F 7E"}
{"ts":"2026-04-10T18:48:00.781Z","level":"INFO","device":"868120018681","event":"FILE_START","detail":"[2/2] 02_64_6401_03_86812001868100260410184759180200.mp4 (1570024 bytes)"}
{"ts":"2026-04-10T18:48:00.781Z","level":"INFO","device":"868120018681","event":"SENT_1210","detail":"02_64_6401_03_86812001868100260410184759180200.mp4"}
{"ts":"2026-04-10T18:48:00.788Z","level":"INFO","device":"868120018681","event":"MEDIA_RX","detail":"7E 92 12 00 36 86 81 20 01 86 81 6A 36 32 30 30 5F 36 34 5F 36 34 30 31 5F 30 30 5F 38 36 38 31 32 30 30 31 38 36 38 31 30 30 32 36 30 34 31 30 31 38 34 37 35 39 31 38 30 32 30 30 2E 6A 70 67 00 00 00 A4 7E"}
{"ts":"2026-04-10T18:48:00.882Z","level":"INFO","device":"868120018681","event":"SENT_RAW_MARKER","detail":"02_64_6401_03_86812001868100260410184759180200.mp4 packet=1570086 bytes data=1570024 bytes"}
{"ts":"2026-04-10T18:48:01.088Z","level":"INFO","device":"868120018681","event":"MEDIA_RX","detail":"7E 80 01 00 05 86 81 20 01 86 81 74 74 00 02 12 10 00 A5 7E"}
{"ts":"2026-04-10T18:48:02.105Z","level":"INFO","device":"868120018681","event":"SENT_1212","detail":"02_64_6401_03_86812001868100260410184759180200.mp4 type=2"}
{"ts":"2026-04-10T18:48:02.406Z","level":"INFO","device":"868120018681","event":"BATCH_COMPLETE","detail":"All 2 files sent"}
{"ts":"2026-04-10T18:48:02.815Z","level":"ERROR","device":"868120018681","event":"MEDIA_ERROR","detail":"54.37.225.65:3378 — read ECONNRESET"}
{"ts":"2026-04-10T18:48:02.816Z","level":"INFO","device":"868120018681","event":"MEDIA_CLOSED","detail":""}
{"ts":"2026-04-10T18:48:09.663Z","level":"INFO","device":"868120018681","event":"INCIDENT_SENT","detail":"mediaId=25 alarmId=86812001868100260410184809190200"}
{"ts":"2026-04-10T18:48:09.868Z","level":"INFO","device":"868120018681","event":"RX_MSG","detail":"0x8001 bodyLen=5"}
{"ts":"2026-04-10T18:48:09.868Z","level":"INFO","device":"868120018681","event":"SERVER_ACK","detail":"0x0200 result=OK"}
{"ts":"2026-04-10T18:48:10.211Z","level":"INFO","device":"868120018681","event":"RX_MSG","detail":"0x9208 bodyLen=81"}
{"ts":"2026-04-10T18:48:10.211Z","level":"INFO","device":"868120018681","event":"9208_RAW","detail":"0C35342E33372E3232352E36350D32000086812001868100260410184809190200383638313230303138363831303032363034313031383438303931393032303000000000000000000000000000000000"}
{"ts":"2026-04-10T18:48:10.211Z","level":"INFO","device":"868120018681","event":"UPLOAD_TRIGGERED","detail":"media: 54.37.225.65:3378 | alarmId: 86812001868100260410184809190200"}
{"ts":"2026-04-10T18:48:10.211Z","level":"INFO","device":"868120018681","event":"MEDIA_CONNECTING","detail":"54.37.225.65:3378 files=2"}
{"ts":"2026-04-10T18:48:10.211Z","level":"INFO","device":"868120018681","event":"RX_MSG","detail":"0x8001 bodyLen=5"}
{"ts":"2026-04-10T18:48:10.211Z","level":"INFO","device":"868120018681","event":"SERVER_ACK","detail":"0x0800 result=OK"}
{"ts":"2026-04-10T18:48:11.463Z","level":"INFO","device":"868120018681","event":"MEDIA_CONNECTED","detail":"54.37.225.65:3378"}
{"ts":"2026-04-10T18:48:11.464Z","level":"INFO","device":"868120018681","event":"FILE_START","detail":"[1/2] 00_64_6401_00_86812001868100260410184809190200.jpg (631 bytes)"}
{"ts":"2026-04-10T18:48:11.464Z","level":"INFO","device":"868120018681","event":"SENT_1210","detail":"00_64_6401_00_86812001868100260410184809190200.jpg"}
{"ts":"2026-04-10T18:48:11.564Z","level":"INFO","device":"868120018681","event":"SENT_RAW_MARKER","detail":"00_64_6401_00_86812001868100260410184809190200.jpg packet=693 bytes data=631 bytes"}
{"ts":"2026-04-10T18:48:11.564Z","level":"INFO","device":"868120018681","event":"SENT_1212","detail":"00_64_6401_00_86812001868100260410184809190200.jpg type=0"}
{"ts":"2026-04-10T18:48:11.669Z","level":"INFO","device":"868120018681","event":"MEDIA_RX","detail":"7E 80 01 00 05 86 81 20 01 86 81 0D 1F 00 00 12 10 00 B5 7E"}
{"ts":"2026-04-10T18:48:11.864Z","level":"INFO","device":"868120018681","event":"FILE_START","detail":"[2/2] 02_64_6401_03_86812001868100260410184809190200.mp4 (1570024 bytes)"}
{"ts":"2026-04-10T18:48:11.864Z","level":"INFO","device":"868120018681","event":"SENT_1210","detail":"02_64_6401_03_86812001868100260410184809190200.mp4"}
{"ts":"2026-04-10T18:48:11.872Z","level":"INFO","device":"868120018681","event":"MEDIA_RX","detail":"7E 92 12 00 36 86 81 20 01 86 81 3B E8 32 30 30 5F 36 34 5F 36 34 30 31 5F 30 30 5F 38 36 38 31 32 30 30 31 38 36 38 31 30 30 32 36 30 34 31 30 31 38 34 38 30 39 31 39 30 32 30 30 2E 6A 70 67 00 00 00 20 7E"}
{"ts":"2026-04-10T18:48:11.965Z","level":"INFO","device":"868120018681","event":"SENT_RAW_MARKER","detail":"02_64_6401_03_86812001868100260410184809190200.mp4 packet=1570086 bytes data=1570024 bytes"}
{"ts":"2026-04-10T18:48:12.170Z","level":"INFO","device":"868120018681","event":"MEDIA_RX","detail":"7E 80 01 00 05 86 81 20 01 86 81 D6 84 00 02 12 10 00 F7 7E"}
{"ts":"2026-04-10T18:48:13.197Z","level":"INFO","device":"868120018681","event":"SENT_1212","detail":"02_64_6401_03_86812001868100260410184809190200.mp4 type=2"}
{"ts":"2026-04-10T18:48:13.498Z","level":"INFO","device":"868120018681","event":"BATCH_COMPLETE","detail":"All 2 files sent"}
{"ts":"2026-04-10T18:48:13.907Z","level":"ERROR","device":"868120018681","event":"MEDIA_ERROR","detail":"54.37.225.65:3378 — read ECONNRESET"}
{"ts":"2026-04-10T18:48:13.907Z","level":"INFO","device":"868120018681","event":"MEDIA_CLOSED","detail":""}
{"ts":"2026-04-10T18:48:14.638Z","level":"INFO","device":"200000000001","event":"OBD2_SENT_0x0200","detail":"Lat: 51.724154, Lng: 0.496334 | Speed: 47km/h | RPM: 2689"}
{"ts":"2026-04-10T18:48:14.847Z","level":"INFO","device":"200000000001","event":"SERVER_ACK","detail":"0x8001 Universal Reply Received"}
{"ts":"2026-04-10T18:48:19.651Z","level":"INFO","device":"868120018681","event":"GPS_SENT","detail":""}
{"ts":"2026-04-10T18:48:19.664Z","level":"INFO","device":"868120018681","event":"INCIDENT_SENT","detail":"mediaId=26 alarmId=868120018681002604101848191A0200"}
{"ts":"2026-04-10T18:48:19.856Z","level":"INFO","device":"868120018681","event":"RX_MSG","detail":"0x8001 bodyLen=5"}
{"ts":"2026-04-10T18:48:19.856Z","level":"INFO","device":"868120018681","event":"SERVER_ACK","detail":"0x0200 result=OK"}
{"ts":"2026-04-10T18:48:20.165Z","level":"INFO","device":"868120018681","event":"RX_MSG","detail":"0x8001 bodyLen=5"}
{"ts":"2026-04-10T18:48:20.165Z","level":"INFO","device":"868120018681","event":"SERVER_ACK","detail":"0x0200 result=OK"}
{"ts":"2026-04-10T18:48:20.165Z","level":"INFO","device":"868120018681","event":"RX_MSG","detail":"0x8001 bodyLen=5"}
{"ts":"2026-04-10T18:48:20.165Z","level":"INFO","device":"868120018681","event":"SERVER_ACK","detail":"0x0800 result=OK"}
{"ts":"2026-04-10T18:48:20.165Z","level":"INFO","device":"868120018681","event":"RX_MSG","detail":"0x9208 bodyLen=81"}
{"ts":"2026-04-10T18:48:20.165Z","level":"INFO","device":"868120018681","event":"9208_RAW","detail":"0C35342E33372E3232352E36350D320000868120018681002604101848191A0200383638313230303138363831303032363034313031383438313931613032303000000000000000000000000000000000"}
{"ts":"2026-04-10T18:48:20.165Z","level":"INFO","device":"868120018681","event":"UPLOAD_TRIGGERED","detail":"media: 54.37.225.65:3378 | alarmId: 868120018681002604101848191A0200"}
{"ts":"2026-04-10T18:48:20.165Z","level":"INFO","device":"868120018681","event":"MEDIA_CONNECTING","detail":"54.37.225.65:3378 files=2"}
{"ts":"2026-04-10T18:48:20.370Z","level":"INFO","device":"868120018681","event":"MEDIA_CONNECTED","detail":"54.37.225.65:3378"}
{"ts":"2026-04-10T18:48:20.370Z","level":"INFO","device":"868120018681","event":"FILE_START","detail":"[1/2] 00_64_6401_00_868120018681002604101848191A0200.jpg (631 bytes)"}
{"ts":"2026-04-10T18:48:20.371Z","level":"INFO","device":"868120018681","event":"SENT_1210","detail":"00_64_6401_00_868120018681002604101848191A0200.jpg"}
{"ts":"2026-04-10T18:48:20.471Z","level":"INFO","device":"868120018681","event":"SENT_RAW_MARKER","detail":"00_64_6401_00_868120018681002604101848191A0200.jpg packet=693 bytes data=631 bytes"}
{"ts":"2026-04-10T18:48:20.472Z","level":"INFO","device":"868120018681","event":"SENT_1212","detail":"00_64_6401_00_868120018681002604101848191A0200.jpg type=0"}
{"ts":"2026-04-10T18:48:20.576Z","level":"INFO","device":"868120018681","event":"MEDIA_RX","detail":"7E 80 01 00 05 86 81 20 01 86 81 CB 4D 00 00 12 10 00 21 7E"}
{"ts":"2026-04-10T18:48:20.773Z","level":"INFO","device":"868120018681","event":"FILE_START","detail":"[2/2] 02_64_6401_03_868120018681002604101848191A0200.mp4 (1570024 bytes)"}
{"ts":"2026-04-10T18:48:20.773Z","level":"INFO","device":"868120018681","event":"SENT_1210","detail":"02_64_6401_03_868120018681002604101848191A0200.mp4"}
{"ts":"2026-04-10T18:48:20.779Z","level":"INFO","device":"868120018681","event":"MEDIA_RX","detail":"7E 92 12 00 36 86 81 20 01 86 81 FF 11 32 30 30 5F 36 34 5F 36 34 30 31 5F 30 30 5F 38 36 38 31 32 30 30 31 38 36 38 31 30 30 32 36 30 34 31 30 31 38 34 38 31 39 31 41 30 32 30 30 2E 6A 70 67 00 00 00 64 7E"}
{"ts":"2026-04-10T18:48:20.875Z","level":"INFO","device":"868120018681","event":"SENT_RAW_MARKER","detail":"02_64_6401_03_868120018681002604101848191A0200.mp4 packet=1570086 bytes data=1570024 bytes"}
{"ts":"2026-04-10T18:48:21.080Z","level":"INFO","device":"868120018681","event":"MEDIA_RX","detail":"7E 80 01 00 05 86 81 20 01 86 81 5C A9 00 02 12 10 00 50 7E"}
{"ts":"2026-04-10T18:48:22.101Z","level":"INFO","device":"868120018681","event":"SENT_1212","detail":"02_64_6401_03_868120018681002604101848191A0200.mp4 type=2"}
{"ts":"2026-04-10T18:48:22.401Z","level":"INFO","device":"868120018681","event":"BATCH_COMPLETE","detail":"All 2 files sent"}
{"ts":"2026-04-10T18:48:22.811Z","level":"ERROR","device":"868120018681","event":"MEDIA_ERROR","detail":"54.37.225.65:3378 — read ECONNRESET"}
{"ts":"2026-04-10T18:48:22.811Z","level":"INFO","device":"868120018681","event":"MEDIA_CLOSED","detail":""}
{"ts":"2026-04-10T18:48:29.640Z","level":"INFO","device":"200000000001","event":"HEARTBEAT_SENT","detail":"0x0002"}
{"ts":"2026-04-10T18:48:29.641Z","level":"INFO","device":"200000000001","event":"OBD2_SENT_0x0200","detail":"Lat: 51.722289, Lng: 0.497055 | Speed: 51km/h | RPM: 2825"}
{"ts":"2026-04-10T18:48:29.663Z","level":"INFO","device":"868120018681","event":"INCIDENT_SENT","detail":"mediaId=27 alarmId=868120018681002604101848291B0200"}
{"ts":"2026-04-10T18:48:29.847Z","level":"INFO","device":"200000000001","event":"SERVER_ACK","detail":"0x8001 Universal Reply Received"}
{"ts":"2026-04-10T18:48:29.869Z","level":"INFO","device":"868120018681","event":"RX_MSG","detail":"0x8001 bodyLen=5"}
{"ts":"2026-04-10T18:48:29.869Z","level":"INFO","device":"868120018681","event":"SERVER_ACK","detail":"0x0200 result=OK"}
{"ts":"2026-04-10T18:48:30.180Z","level":"INFO","device":"200000000001","event":"SERVER_ACK","detail":"0x8001 Universal Reply Received"}
{"ts":"2026-04-10T18:48:30.214Z","level":"INFO","device":"868120018681","event":"RX_MSG","detail":"0x9208 bodyLen=81"}
{"ts":"2026-04-10T18:48:30.214Z","level":"INFO","device":"868120018681","event":"9208_RAW","detail":"0C35342E33372E3232352E36350D320000868120018681002604101848291B0200383638313230303138363831303032363034313031383438323931623032303000000000000000000000000000000000"}
{"ts":"2026-04-10T18:48:30.214Z","level":"INFO","device":"868120018681","event":"UPLOAD_TRIGGERED","detail":"media: 54.37.225.65:3378 | alarmId: 868120018681002604101848291B0200"}
{"ts":"2026-04-10T18:48:30.214Z","level":"INFO","device":"868120018681","event":"MEDIA_CONNECTING","detail":"54.37.225.65:3378 files=2"}
{"ts":"2026-04-10T18:48:30.216Z","level":"INFO","device":"868120018681","event":"RX_MSG","detail":"0x8001 bodyLen=5"}
{"ts":"2026-04-10T18:48:30.221Z","level":"INFO","device":"868120018681","event":"SERVER_ACK","detail":"0x0800 result=OK"}
{"ts":"2026-04-10T18:48:30.426Z","level":"INFO","device":"868120018681","event":"MEDIA_CONNECTED","detail":"54.37.225.65:3378"}
{"ts":"2026-04-10T18:48:30.426Z","level":"INFO","device":"868120018681","event":"FILE_START","detail":"[1/2] 00_64_6401_00_868120018681002604101848291B0200.jpg (631 bytes)"}
{"ts":"2026-04-10T18:48:30.427Z","level":"INFO","device":"868120018681","event":"SENT_1210","detail":"00_64_6401_00_868120018681002604101848291B0200.jpg"}
{"ts":"2026-04-10T18:48:30.527Z","level":"INFO","device":"868120018681","event":"SENT_RAW_MARKER","detail":"00_64_6401_00_868120018681002604101848291B0200.jpg packet=693 bytes data=631 bytes"}
{"ts":"2026-04-10T18:48:30.528Z","level":"INFO","device":"868120018681","event":"SENT_1212","detail":"00_64_6401_00_868120018681002604101848291B0200.jpg type=0"}
{"ts":"2026-04-10T18:48:30.632Z","level":"INFO","device":"868120018681","event":"MEDIA_RX","detail":"7E 80 01 00 05 86 81 20 01 86 81 BE BA 00 00 12 10 00 A3 7E"}
{"ts":"2026-04-10T18:48:30.828Z","level":"INFO","device":"868120018681","event":"FILE_START","detail":"[2/2] 02_64_6401_03_868120018681002604101848291B0200.mp4 (1570024 bytes)"}
{"ts":"2026-04-10T18:48:30.829Z","level":"INFO","device":"868120018681","event":"SENT_1210","detail":"02_64_6401_03_868120018681002604101848291B0200.mp4"}
{"ts":"2026-04-10T18:48:30.834Z","level":"INFO","device":"868120018681","event":"MEDIA_RX","detail":"7E 92 12 00 36 86 81 20 01 86 81 B6 A6 32 30 30 5F 36 34 5F 36 34 30 31 5F 30 30 5F 38 36 38 31 32 30 30 31 38 36 38 31 30 30 32 36 30 34 31 30 31 38 34 38 32 39 31 42 30 32 30 30 2E 6A 70 67 00 00 00 9A 7E"}
{"ts":"2026-04-10T18:48:30.930Z","level":"INFO","device":"868120018681","event":"SENT_RAW_MARKER","detail":"02_64_6401_03_868120018681002604101848291B0200.mp4 packet=1570086 bytes data=1570024 bytes"}
{"ts":"2026-04-10T18:48:31.135Z","level":"INFO","device":"868120018681","event":"MEDIA_RX","detail":"7E 80 01 00 05 86 81 20 01 86 81 3C CD 00 02 12 10 00 54 7E"}
{"ts":"2026-04-10T18:48:33.294Z","level":"INFO","device":"868120018681","event":"SENT_1212","detail":"02_64_6401_03_868120018681002604101848291B0200.mp4 type=2"}
{"ts":"2026-04-10T18:48:33.595Z","level":"INFO","device":"868120018681","event":"BATCH_COMPLETE","detail":"All 2 files sent"}
{"ts":"2026-04-10T18:48:34.194Z","level":"INFO","device":"868120018681","event":"MEDIA_CLOSED","detail":""}
{"ts":"2026-04-10T18:48:39.656Z","level":"INFO","device":"868120018681","event":"GPS_SENT","detail":""}
{"ts":"2026-04-10T18:48:39.663Z","level":"INFO","device":"868120018681","event":"INCIDENT_SENT","detail":"mediaId=28 alarmId=868120018681002604101848391C0200"}
{"ts":"2026-04-10T18:48:39.861Z","level":"INFO","device":"868120018681","event":"RX_MSG","detail":"0x8001 bodyLen=5"}
{"ts":"2026-04-10T18:48:39.861Z","level":"INFO","device":"868120018681","event":"SERVER_ACK","detail":"0x0200 result=OK"}
{"ts":"2026-04-10T18:48:40.163Z","level":"INFO","device":"868120018681","event":"RX_MSG","detail":"0x8001 bodyLen=5"}
{"ts":"2026-04-10T18:48:40.163Z","level":"INFO","device":"868120018681","event":"SERVER_ACK","detail":"0x0200 result=OK"}
{"ts":"2026-04-10T18:48:40.163Z","level":"INFO","device":"868120018681","event":"RX_MSG","detail":"0x8001 bodyLen=5"}
{"ts":"2026-04-10T18:48:40.163Z","level":"INFO","device":"868120018681","event":"SERVER_ACK","detail":"0x0800 result=OK"}
{"ts":"2026-04-10T18:48:40.163Z","level":"INFO","device":"868120018681","event":"RX_MSG","detail":"0x9208 bodyLen=81"}
{"ts":"2026-04-10T18:48:40.163Z","level":"INFO","device":"868120018681","event":"9208_RAW","detail":"0C35342E33372E3232352E36350D320000868120018681002604101848391C0200383638313230303138363831303032363034313031383438333931633032303000000000000000000000000000000000"}
{"ts":"2026-04-10T18:48:40.163Z","level":"INFO","device":"868120018681","event":"UPLOAD_TRIGGERED","detail":"media: 54.37.225.65:3378 | alarmId: 868120018681002604101848391C0200"}
{"ts":"2026-04-10T18:48:40.163Z","level":"INFO","device":"868120018681","event":"MEDIA_CONNECTING","detail":"54.37.225.65:3378 files=2"}
{"ts":"2026-04-10T18:48:40.375Z","level":"INFO","device":"868120018681","event":"MEDIA_CONNECTED","detail":"54.37.225.65:3378"}
{"ts":"2026-04-10T18:48:40.376Z","level":"INFO","device":"868120018681","event":"FILE_START","detail":"[1/2] 00_64_6401_00_868120018681002604101848391C0200.jpg (631 bytes)"}
{"ts":"2026-04-10T18:48:40.376Z","level":"INFO","device":"868120018681","event":"SENT_1210","detail":"00_64_6401_00_868120018681002604101848391C0200.jpg"}
{"ts":"2026-04-10T18:48:40.476Z","level":"INFO","device":"868120018681","event":"SENT_RAW_MARKER","detail":"00_64_6401_00_868120018681002604101848391C0200.jpg packet=693 bytes data=631 bytes"}
{"ts":"2026-04-10T18:48:40.477Z","level":"INFO","device":"868120018681","event":"SENT_1212","detail":"00_64_6401_00_868120018681002604101848391C0200.jpg type=0"}
{"ts":"2026-04-10T18:48:40.589Z","level":"INFO","device":"868120018681","event":"MEDIA_RX","detail":"7E 80 01 00 05 86 81 20 01 86 81 5D 35 00 00 12 10 00 CF 7E"}
{"ts":"2026-04-10T18:48:40.777Z","level":"INFO","device":"868120018681","event":"FILE_START","detail":"[2/2] 02_64_6401_03_868120018681002604101848391C0200.mp4 (1570024 bytes)"}
{"ts":"2026-04-10T18:48:40.778Z","level":"INFO","device":"868120018681","event":"SENT_1210","detail":"02_64_6401_03_868120018681002604101848391C0200.mp4"}
{"ts":"2026-04-10T18:48:40.797Z","level":"INFO","device":"868120018681","event":"MEDIA_RX","detail":"7E 92 12 00 36 86 81 20 01 86 81 75 D8 32 30 30 5F 36 34 5F 36 34 30 31 5F 30 30 5F 38 36 38 31 32 30 30 31 38 36 38 31 30 30 32 36 30 34 31 30 31 38 34 38 33 39 31 43 30 32 30 30 2E 6A 70 67 00 00 00 27 7E"}
{"ts":"2026-04-10T18:48:40.879Z","level":"INFO","device":"868120018681","event":"SENT_RAW_MARKER","detail":"02_64_6401_03_868120018681002604101848391C0200.mp4 packet=1570086 bytes data=1570024 bytes"}
{"ts":"2026-04-10T18:48:41.090Z","level":"INFO","device":"868120018681","event":"MEDIA_RX","detail":"7E 80 01 00 05 86 81 20 01 86 81 75 52 00 02 12 10 00 82 7E"}
{"ts":"2026-04-10T18:48:42.073Z","level":"INFO","device":"868120018681","event":"SENT_1212","detail":"02_64_6401_03_868120018681002604101848391C0200.mp4 type=2"}
{"ts":"2026-04-10T18:48:42.375Z","level":"INFO","device":"868120018681","event":"BATCH_COMPLETE","detail":"All 2 files sent"}
{"ts":"2026-04-10T18:48:42.799Z","level":"ERROR","device":"868120018681","event":"MEDIA_ERROR","detail":"54.37.225.65:3378 — read ECONNRESET"}
{"ts":"2026-04-10T18:48:42.799Z","level":"INFO","device":"868120018681","event":"MEDIA_CLOSED","detail":""}
{"ts":"2026-04-10T18:48:44.642Z","level":"INFO","device":"200000000001","event":"OBD2_SENT_0x0200","detail":"Lat: 51.720392, Lng: 0.498167 | Speed: 53km/h | RPM: 2921"}
{"ts":"2026-04-10T18:48:44.849Z","level":"INFO","device":"200000000001","event":"SERVER_ACK","detail":"0x8001 Universal Reply Received"}
{"ts":"2026-04-10T18:48:49.668Z","level":"INFO","device":"868120018681","event":"INCIDENT_SENT","detail":"mediaId=29 alarmId=868120018681002604101848491D0200"}
{"ts":"2026-04-10T18:48:49.872Z","level":"INFO","device":"868120018681","event":"RX_MSG","detail":"0x8001 bodyLen=5"}
{"ts":"2026-04-10T18:48:49.872Z","level":"INFO","device":"868120018681","event":"SERVER_ACK","detail":"0x0200 result=OK"}
{"ts":"2026-04-10T18:48:50.209Z","level":"INFO","device":"868120018681","event":"RX_MSG","detail":"0x9208 bodyLen=81"}
{"ts":"2026-04-10T18:48:50.209Z","level":"INFO","device":"868120018681","event":"9208_RAW","detail":"0C35342E33372E3232352E36350D320000868120018681002604101848491D0200383638313230303138363831303032363034313031383438343931643032303000000000000000000000000000000000"}
{"ts":"2026-04-10T18:48:50.209Z","level":"INFO","device":"868120018681","event":"UPLOAD_TRIGGERED","detail":"media: 54.37.225.65:3378 | alarmId: 868120018681002604101848491D0200"}
{"ts":"2026-04-10T18:48:50.209Z","level":"INFO","device":"868120018681","event":"MEDIA_CONNECTING","detail":"54.37.225.65:3378 files=2"}
{"ts":"2026-04-10T18:48:50.209Z","level":"INFO","device":"868120018681","event":"RX_MSG","detail":"0x8001 bodyLen=5"}
{"ts":"2026-04-10T18:48:50.209Z","level":"INFO","device":"868120018681","event":"SERVER_ACK","detail":"0x0800 result=OK"}
{"ts":"2026-04-10T18:48:50.415Z","level":"INFO","device":"868120018681","event":"MEDIA_CONNECTED","detail":"54.37.225.65:3378"}
{"ts":"2026-04-10T18:48:50.415Z","level":"INFO","device":"868120018681","event":"FILE_START","detail":"[1/2] 00_64_6401_00_868120018681002604101848491D0200.jpg (631 bytes)"}
{"ts":"2026-04-10T18:48:50.415Z","level":"INFO","device":"868120018681","event":"SENT_1210","detail":"00_64_6401_00_868120018681002604101848491D0200.jpg"}
{"ts":"2026-04-10T18:48:50.515Z","level":"INFO","device":"868120018681","event":"SENT_RAW_MARKER","detail":"00_64_6401_00_868120018681002604101848491D0200.jpg packet=693 bytes data=631 bytes"}
{"ts":"2026-04-10T18:48:50.516Z","level":"INFO","device":"868120018681","event":"SENT_1212","detail":"00_64_6401_00_868120018681002604101848491D0200.jpg type=0"}
{"ts":"2026-04-10T18:48:50.621Z","level":"INFO","device":"868120018681","event":"MEDIA_RX","detail":"7E 80 01 00 05 86 81 20 01 86 81 9A 78 00 00 12 10 00 45 7E"}
{"ts":"2026-04-10T18:48:50.817Z","level":"INFO","device":"868120018681","event":"FILE_START","detail":"[2/2] 02_64_6401_03_868120018681002604101848491D0200.mp4 (1570024 bytes)"}
{"ts":"2026-04-10T18:48:50.817Z","level":"INFO","device":"868120018681","event":"SENT_1210","detail":"02_64_6401_03_868120018681002604101848491D0200.mp4"}
{"ts":"2026-04-10T18:48:50.824Z","level":"INFO","device":"868120018681","event":"MEDIA_RX","detail":"7E 92 12 00 36 86 81 20 01 86 81 F0 24 32 30 30 5F 36 34 5F 36 34 30 31 5F 30 30 5F 38 36 38 31 32 30 30 31 38 36 38 31 30 30 32 36 30 34 31 30 31 38 34 38 34 39 31 44 30 32 30 30 2E 6A 70 67 00 00 00 5E 7E"}
{"ts":"2026-04-10T18:48:50.919Z","level":"INFO","device":"868120018681","event":"SENT_RAW_MARKER","detail":"02_64_6401_03_868120018681002604101848491D0200.mp4 packet=1570086 bytes data=1570024 bytes"}
{"ts":"2026-04-10T18:48:51.124Z","level":"INFO","device":"868120018681","event":"MEDIA_RX","detail":"7E 80 01 00 05 86 81 20 01 86 81 C0 DB 00 02 12 10 00 BE 7E"}
{"ts":"2026-04-10T18:48:52.063Z","level":"INFO","device":"868120018681","event":"SENT_1212","detail":"02_64_6401_03_868120018681002604101848491D0200.mp4 type=2"}
{"ts":"2026-04-10T18:48:52.363Z","level":"INFO","device":"868120018681","event":"BATCH_COMPLETE","detail":"All 2 files sent"}
{"ts":"2026-04-10T18:48:52.364Z","level":"INFO","device":"868120018681","event":"MEDIA_RX","detail":"7E 92 12 00 36 86 81 20 01 86 81 52 13 32 30 32 5F 36 34 5F 36 34 30 31 5F 30 33 5F 38 36 38 31 32 30 30 31 38 36 38 31 30 30 32 36 30 34 31 30 31 38 34 38 34 39 31 44 30 32 30 30 2E 6D 70 34 02 00 00 9C 7E"}
{"ts":"2026-04-10T18:48:53.112Z","level":"INFO","device":"868120018681","event":"MEDIA_CLOSED","detail":""}
{"ts":"2026-04-10T18:48:59.641Z","level":"INFO","device":"200000000001","event":"HEARTBEAT_SENT","detail":"0x0002"}
{"ts":"2026-04-10T18:48:59.642Z","level":"INFO","device":"200000000001","event":"OBD2_SENT_0x0200","detail":"Lat: 51.718678, Lng: 0.499832 | Speed: 54km/h | RPM: 2967"}
{"ts":"2026-04-10T18:48:59.656Z","level":"INFO","device":"868120018681","event":"GPS_SENT","detail":""}
{"ts":"2026-04-10T18:48:59.668Z","level":"INFO","device":"868120018681","event":"INCIDENT_SENT","detail":"mediaId=30 alarmId=868120018681002604101848591E0200"}
{"ts":"2026-04-10T18:48:59.825Z","level":"ERROR","device":"300000000001","event":"SOCKET_ERROR","detail":"ECONNREFUSED"}
{"ts":"2026-04-10T18:48:59.848Z","level":"INFO","device":"200000000001","event":"SERVER_ACK","detail":"0x8001 Universal Reply Received"}
{"ts":"2026-04-10T18:48:59.863Z","level":"INFO","device":"868120018681","event":"RX_MSG","detail":"0x8001 bodyLen=5"}
{"ts":"2026-04-10T18:48:59.863Z","level":"INFO","device":"868120018681","event":"SERVER_ACK","detail":"0x0200 result=OK"}
{"ts":"2026-04-10T18:49:00.166Z","level":"INFO","device":"200000000001","event":"SERVER_ACK","detail":"0x8001 Universal Reply Received"}
{"ts":"2026-04-10T18:49:00.167Z","level":"INFO","device":"868120018681","event":"RX_MSG","detail":"0x8001 bodyLen=5"}
{"ts":"2026-04-10T18:49:00.167Z","level":"INFO","device":"868120018681","event":"SERVER_ACK","detail":"0x0200 result=OK"}
{"ts":"2026-04-10T18:49:00.167Z","level":"INFO","device":"868120018681","event":"RX_MSG","detail":"0x8001 bodyLen=5"}
{"ts":"2026-04-10T18:49:00.167Z","level":"INFO","device":"868120018681","event":"SERVER_ACK","detail":"0x0800 result=OK"}
{"ts":"2026-04-10T18:49:00.167Z","level":"INFO","device":"868120018681","event":"RX_MSG","detail":"0x9208 bodyLen=81"}
{"ts":"2026-04-10T18:49:00.167Z","level":"INFO","device":"868120018681","event":"9208_RAW","detail":"0C35342E33372E3232352E36350D320000868120018681002604101848591E0200383638313230303138363831303032363034313031383438353931653032303000000000000000000000000000000000"}
{"ts":"2026-04-10T18:49:00.167Z","level":"INFO","device":"868120018681","event":"UPLOAD_TRIGGERED","detail":"media: 54.37.225.65:3378 | alarmId: 868120018681002604101848591E0200"}
{"ts":"2026-04-10T18:49:00.167Z","level":"INFO","device":"868120018681","event":"MEDIA_CONNECTING","detail":"54.37.225.65:3378 files=2"}
{"ts":"2026-04-10T18:49:00.374Z","level":"INFO","device":"868120018681","event":"MEDIA_CONNECTED","detail":"54.37.225.65:3378"}
{"ts":"2026-04-10T18:49:00.374Z","level":"INFO","device":"868120018681","event":"FILE_START","detail":"[1/2] 00_64_6401_00_868120018681002604101848591E0200.jpg (631 bytes)"}
{"ts":"2026-04-10T18:49:00.374Z","level":"INFO","device":"868120018681","event":"SENT_1210","detail":"00_64_6401_00_868120018681002604101848591E0200.jpg"}
{"ts":"2026-04-10T18:49:00.474Z","level":"INFO","device":"868120018681","event":"SENT_RAW_MARKER","detail":"00_64_6401_00_868120018681002604101848591E0200.jpg packet=693 bytes data=631 bytes"}
{"ts":"2026-04-10T18:49:00.475Z","level":"INFO","device":"868120018681","event":"SENT_1212","detail":"00_64_6401_00_868120018681002604101848591E0200.jpg type=0"}
{"ts":"2026-04-10T18:49:00.579Z","level":"INFO","device":"868120018681","event":"MEDIA_RX","detail":"7E 80 01 00 05 86 81 20 01 86 81 68 14 00 00 12 10 00 DB 7E"}
{"ts":"2026-04-10T18:49:00.775Z","level":"INFO","device":"868120018681","event":"FILE_START","detail":"[2/2] 02_64_6401_03_868120018681002604101848591E0200.mp4 (1570024 bytes)"}
{"ts":"2026-04-10T18:49:00.776Z","level":"INFO","device":"868120018681","event":"SENT_1210","detail":"02_64_6401_03_868120018681002604101848591E0200.mp4"}
{"ts":"2026-04-10T18:49:00.781Z","level":"INFO","device":"868120018681","event":"MEDIA_RX","detail":"7E 92 12 00 36 86 81 20 01 86 81 9D 84 32 30 30 5F 36 34 5F 36 34 30 31 5F 30 30 5F 38 36 38 31 32 30 30 31 38 36 38 31 30 30 32 36 30 34 31 30 31 38 34 38 35 39 31 45 30 32 30 30 2E 6A 70 67 00 00 00 93 7E"}
{"ts":"2026-04-10T18:49:00.877Z","level":"INFO","device":"868120018681","event":"SENT_RAW_MARKER","detail":"02_64_6401_03_868120018681002604101848591E0200.mp4 packet=1570086 bytes data=1570024 bytes"}
{"ts":"2026-04-10T18:49:01.082Z","level":"INFO","device":"868120018681","event":"MEDIA_RX","detail":"7E 80 01 00 05 86 81 20 01 86 81 89 3B 00 02 12 10 00 17 7E"}
{"ts":"2026-04-10T18:49:02.031Z","level":"INFO","device":"868120018681","event":"SENT_1212","detail":"02_64_6401_03_868120018681002604101848591E0200.mp4 type=2"}
{"ts":"2026-04-10T18:49:02.328Z","level":"INFO","device":"868120018681","event":"MEDIA_RX","detail":"7E 92 12 00 36 86 81 20 01 86 81 7B D4 32 30 32 5F 36 34 5F 36 34 30 31 5F 30 33 5F 38 36 38 31 32 30 30 31 38 36 38 31 30 30 32 36 30 34 31 30 31 38 34 38 35 39 31 45 30 32 30 30 2E 6D 70 34 02 00 00 72 7E"}
{"ts":"2026-04-10T18:49:02.331Z","level":"INFO","device":"868120018681","event":"BATCH_COMPLETE","detail":"All 2 files sent"}
{"ts":"2026-04-10T18:49:03.096Z","level":"INFO","device":"868120018681","event":"MEDIA_CLOSED","detail":""}
{"ts":"2026-04-10T18:49:09.674Z","level":"INFO","device":"868120018681","event":"INCIDENT_SENT","detail":"mediaId=31 alarmId=868120018681002604101849091F0200"}
{"ts":"2026-04-10T18:49:09.879Z","level":"INFO","device":"868120018681","event":"RX_MSG","detail":"0x8001 bodyLen=5"}
{"ts":"2026-04-10T18:49:09.879Z","level":"INFO","device":"868120018681","event":"SERVER_ACK","detail":"0x0200 result=OK"}
{"ts":"2026-04-10T18:49:10.200Z","level":"INFO","device":"868120018681","event":"RX_MSG","detail":"0x9208 bodyLen=81"}
{"ts":"2026-04-10T18:49:10.200Z","level":"INFO","device":"868120018681","event":"9208_RAW","detail":"0C35342E33372E3232352E36350D320000868120018681002604101849091F0200383638313230303138363831303032363034313031383439303931663032303000000000000000000000000000000000"}
{"ts":"2026-04-10T18:49:10.200Z","level":"INFO","device":"868120018681","event":"UPLOAD_TRIGGERED","detail":"media: 54.37.225.65:3378 | alarmId: 868120018681002604101849091F0200"}
{"ts":"2026-04-10T18:49:10.200Z","level":"INFO","device":"868120018681","event":"MEDIA_CONNECTING","detail":"54.37.225.65:3378 files=2"}
{"ts":"2026-04-10T18:49:10.200Z","level":"INFO","device":"868120018681","event":"RX_MSG","detail":"0x8001 bodyLen=5"}
{"ts":"2026-04-10T18:49:10.200Z","level":"INFO","device":"868120018681","event":"SERVER_ACK","detail":"0x0800 result=OK"}
{"ts":"2026-04-10T18:49:10.405Z","level":"INFO","device":"868120018681","event":"MEDIA_CONNECTED","detail":"54.37.225.65:3378"}
{"ts":"2026-04-10T18:49:10.405Z","level":"INFO","device":"868120018681","event":"FILE_START","detail":"[1/2] 00_64_6401_00_868120018681002604101849091F0200.jpg (631 bytes)"}
{"ts":"2026-04-10T18:49:10.405Z","level":"INFO","device":"868120018681","event":"SENT_1210","detail":"00_64_6401_00_868120018681002604101849091F0200.jpg"}
{"ts":"2026-04-10T18:49:10.505Z","level":"INFO","device":"868120018681","event":"SENT_RAW_MARKER","detail":"00_64_6401_00_868120018681002604101849091F0200.jpg packet=693 bytes data=631 bytes"}
{"ts":"2026-04-10T18:49:10.506Z","level":"INFO","device":"868120018681","event":"SENT_1212","detail":"00_64_6401_00_868120018681002604101849091F0200.jpg type=0"}
{"ts":"2026-04-10T18:49:10.611Z","level":"INFO","device":"868120018681","event":"MEDIA_RX","detail":"7E 80 01 00 05 86 81 20 01 86 81 5D BD 00 00 12 10 00 47 7E"}
{"ts":"2026-04-10T18:49:10.806Z","level":"INFO","device":"868120018681","event":"FILE_START","detail":"[2/2] 02_64_6401_03_868120018681002604101849091F0200.mp4 (1570024 bytes)"}
{"ts":"2026-04-10T18:49:10.807Z","level":"INFO","device":"868120018681","event":"SENT_1210","detail":"02_64_6401_03_868120018681002604101849091F0200.mp4"}
{"ts":"2026-04-10T18:49:10.813Z","level":"INFO","device":"868120018681","event":"MEDIA_RX","detail":"7E 92 12 00 36 86 81 20 01 86 81 6B 40 32 30 30 5F 36 34 5F 36 34 30 31 5F 30 30 5F 38 36 38 31 32 30 30 31 38 36 38 31 30 30 32 36 30 34 31 30 31 38 34 39 30 39 31 46 30 32 30 30 2E 6A 70 67 00 00 00 A6 7E"}
{"ts":"2026-04-10T18:49:10.907Z","level":"INFO","device":"868120018681","event":"SENT_RAW_MARKER","detail":"02_64_6401_03_868120018681002604101849091F0200.mp4 packet=1570086 bytes data=1570024 bytes"}
{"ts":"2026-04-10T18:49:11.112Z","level":"INFO","device":"868120018681","event":"MEDIA_RX","detail":"7E 80 01 00 05 86 81 20 01 86 81 0F 83 00 02 12 10 00 29 7E"}
{"ts":"2026-04-10T18:49:12.079Z","level":"INFO","device":"868120018681","event":"SENT_1212","detail":"02_64_6401_03_868120018681002604101849091F0200.mp4 type=2"}
{"ts":"2026-04-10T18:49:12.379Z","level":"INFO","device":"868120018681","event":"BATCH_COMPLETE","detail":"All 2 files sent"}
{"ts":"2026-04-10T18:49:12.789Z","level":"ERROR","device":"868120018681","event":"MEDIA_ERROR","detail":"54.37.225.65:3378 — read ECONNRESET"}
{"ts":"2026-04-10T18:49:12.789Z","level":"INFO","device":"868120018681","event":"MEDIA_CLOSED","detail":""}
{"ts":"2026-04-10T18:49:14.644Z","level":"INFO","device":"200000000001","event":"OBD2_SENT_0x0200","detail":"Lat: 51.717189, Lng: 0.502425 | Speed: 58km/h | RPM: 3121"}
{"ts":"2026-04-10T18:49:14.852Z","level":"INFO","device":"200000000001","event":"SERVER_ACK","detail":"0x8001 Universal Reply Received"}
{"ts":"2026-04-10T18:49:19.661Z","level":"INFO","device":"868120018681","event":"GPS_SENT","detail":""}
{"ts":"2026-04-10T18:49:19.676Z","level":"INFO","device":"868120018681","event":"INCIDENT_SENT","detail":"mediaId=32 alarmId=86812001868100260410184919200200"}
{"ts":"2026-04-10T18:49:19.867Z","level":"INFO","device":"868120018681","event":"RX_MSG","detail":"0x8001 bodyLen=5"}
{"ts":"2026-04-10T18:49:19.867Z","level":"INFO","device":"868120018681","event":"SERVER_ACK","detail":"0x0200 result=OK"}
{"ts":"2026-04-10T18:49:20.215Z","level":"INFO","device":"868120018681","event":"RX_MSG","detail":"0x8001 bodyLen=5"}
{"ts":"2026-04-10T18:49:20.215Z","level":"INFO","device":"868120018681","event":"SERVER_ACK","detail":"0x0200 result=OK"}
{"ts":"2026-04-10T18:49:20.215Z","level":"INFO","device":"868120018681","event":"RX_MSG","detail":"0x8001 bodyLen=5"}
{"ts":"2026-04-10T18:49:20.215Z","level":"INFO","device":"868120018681","event":"SERVER_ACK","detail":"0x0800 result=OK"}
{"ts":"2026-04-10T18:49:20.215Z","level":"INFO","device":"868120018681","event":"RX_MSG","detail":"0x9208 bodyLen=81"}
{"ts":"2026-04-10T18:49:20.215Z","level":"INFO","device":"868120018681","event":"9208_RAW","detail":"0C35342E33372E3232352E36350D32000086812001868100260410184919200200383638313230303138363831303032363034313031383439313932303032303000000000000000000000000000000000"}
{"ts":"2026-04-10T18:49:20.215Z","level":"INFO","device":"868120018681","event":"UPLOAD_TRIGGERED","detail":"media: 54.37.225.65:3378 | alarmId: 86812001868100260410184919200200"}
{"ts":"2026-04-10T18:49:20.215Z","level":"INFO","device":"868120018681","event":"MEDIA_CONNECTING","detail":"54.37.225.65:3378 files=2"}
{"ts":"2026-04-10T18:49:21.462Z","level":"INFO","device":"868120018681","event":"MEDIA_CONNECTED","detail":"54.37.225.65:3378"}
{"ts":"2026-04-10T18:49:21.462Z","level":"INFO","device":"868120018681","event":"FILE_START","detail":"[1/2] 00_64_6401_00_86812001868100260410184919200200.jpg (631 bytes)"}
{"ts":"2026-04-10T18:49:21.463Z","level":"INFO","device":"868120018681","event":"SENT_1210","detail":"00_64_6401_00_86812001868100260410184919200200.jpg"}
{"ts":"2026-04-10T18:49:21.563Z","level":"INFO","device":"868120018681","event":"SENT_RAW_MARKER","detail":"00_64_6401_00_86812001868100260410184919200200.jpg packet=693 bytes data=631 bytes"}
{"ts":"2026-04-10T18:49:21.563Z","level":"INFO","device":"868120018681","event":"SENT_1212","detail":"00_64_6401_00_86812001868100260410184919200200.jpg type=0"}
{"ts":"2026-04-10T18:49:21.652Z","level":"INFO","device":"868120018681","event":"MEDIA_RX","detail":"7E 80 01 00 05 86 81 20 01 86 81 3C F5 00 00 12 10 00 6E 7E"}
{"ts":"2026-04-10T18:49:21.838Z","level":"INFO","device":"868120018681","event":"MEDIA_RX","detail":"7E 92 12 00 36 86 81 20 01 86 81 3E 01 32 30 30 5F 36 34 5F 36 34 30 31 5F 30 30 5F 38 36 38 31 32 30 30 31 38 36 38 31 30 30 32 36 30 34 31 30 31 38 34 39 31 39 32 30 30 32 30 30 2E 6A 70 67 00 00 00 C6 7E"}
{"ts":"2026-04-10T18:49:21.863Z","level":"INFO","device":"868120018681","event":"FILE_START","detail":"[2/2] 02_64_6401_03_86812001868100260410184919200200.mp4 (1570024 bytes)"}
{"ts":"2026-04-10T18:49:21.863Z","level":"INFO","device":"868120018681","event":"SENT_1210","detail":"02_64_6401_03_86812001868100260410184919200200.mp4"}
{"ts":"2026-04-10T18:49:21.963Z","level":"INFO","device":"868120018681","event":"SENT_RAW_MARKER","detail":"02_64_6401_03_86812001868100260410184919200200.mp4 packet=1570086 bytes data=1570024 bytes"}
{"ts":"2026-04-10T18:49:22.051Z","level":"INFO","device":"868120018681","event":"MEDIA_RX","detail":"7E 80 01 00 05 86 81 20 01 86 81 F5 74 00 02 12 10 00 24 7E"}
{"ts":"2026-04-10T18:49:23.277Z","level":"INFO","device":"868120018681","event":"SENT_1212","detail":"02_64_6401_03_86812001868100260410184919200200.mp4 type=2"}
{"ts":"2026-04-10T18:49:23.578Z","level":"INFO","device":"868120018681","event":"BATCH_COMPLETE","detail":"All 2 files sent"}
{"ts":"2026-04-10T18:49:23.954Z","level":"ERROR","device":"868120018681","event":"MEDIA_ERROR","detail":"54.37.225.65:3378 — read ECONNRESET"}
{"ts":"2026-04-10T18:49:23.955Z","level":"INFO","device":"868120018681","event":"MEDIA_CLOSED","detail":""}
{"ts":"2026-04-10T18:49:29.645Z","level":"INFO","device":"200000000001","event":"HEARTBEAT_SENT","detail":"0x0002"}
{"ts":"2026-04-10T18:49:29.645Z","level":"INFO","device":"200000000001","event":"OBD2_SENT_0x0200","detail":"Lat: 51.716132, Lng: 0.505110 | Speed: 54km/h | RPM: 2959"}
{"ts":"2026-04-10T18:49:29.675Z","level":"INFO","device":"868120018681","event":"INCIDENT_SENT","detail":"mediaId=33 alarmId=86812001868100260410184929210200"}
{"ts":"2026-04-10T18:49:29.853Z","level":"INFO","device":"200000000001","event":"SERVER_ACK","detail":"0x8001 Universal Reply Received"}
{"ts":"2026-04-10T18:49:29.882Z","level":"INFO","device":"868120018681","event":"RX_MSG","detail":"0x8001 bodyLen=5"}
{"ts":"2026-04-10T18:49:29.882Z","level":"INFO","device":"868120018681","event":"SERVER_ACK","detail":"0x0200 result=OK"}
{"ts":"2026-04-10T18:49:30.172Z","level":"INFO","device":"200000000001","event":"SERVER_ACK","detail":"0x8001 Universal Reply Received"}
{"ts":"2026-04-10T18:49:30.203Z","level":"INFO","device":"868120018681","event":"RX_MSG","detail":"0x9208 bodyLen=81"}
{"ts":"2026-04-10T18:49:30.203Z","level":"INFO","device":"868120018681","event":"9208_RAW","detail":"0C35342E33372E3232352E36350D32000086812001868100260410184929210200383638313230303138363831303032363034313031383439323932313032303000000000000000000000000000000000"}
{"ts":"2026-04-10T18:49:30.203Z","level":"INFO","device":"868120018681","event":"UPLOAD_TRIGGERED","detail":"media: 54.37.225.65:3378 | alarmId: 86812001868100260410184929210200"}
{"ts":"2026-04-10T18:49:30.203Z","level":"INFO","device":"868120018681","event":"MEDIA_CONNECTING","detail":"54.37.225.65:3378 files=2"}
{"ts":"2026-04-10T18:49:30.204Z","level":"INFO","device":"868120018681","event":"RX_MSG","detail":"0x8001 bodyLen=5"}
{"ts":"2026-04-10T18:49:30.204Z","level":"INFO","device":"868120018681","event":"SERVER_ACK","detail":"0x0800 result=OK"}
{"ts":"2026-04-10T18:49:30.392Z","level":"INFO","device":"868120018681","event":"MEDIA_CONNECTED","detail":"54.37.225.65:3378"}
{"ts":"2026-04-10T18:49:30.392Z","level":"INFO","device":"868120018681","event":"FILE_START","detail":"[1/2] 00_64_6401_00_86812001868100260410184929210200.jpg (631 bytes)"}
{"ts":"2026-04-10T18:49:30.392Z","level":"INFO","device":"868120018681","event":"SENT_1210","detail":"00_64_6401_00_86812001868100260410184929210200.jpg"}
{"ts":"2026-04-10T18:49:30.493Z","level":"INFO","device":"868120018681","event":"SENT_RAW_MARKER","detail":"00_64_6401_00_86812001868100260410184929210200.jpg packet=693 bytes data=631 bytes"}
{"ts":"2026-04-10T18:49:30.493Z","level":"INFO","device":"868120018681","event":"SENT_1212","detail":"00_64_6401_00_86812001868100260410184929210200.jpg type=0"}
{"ts":"2026-04-10T18:49:30.580Z","level":"INFO","device":"868120018681","event":"MEDIA_RX","detail":"7E 80 01 00 05 86 81 20 01 86 81 EC 23 00 00 12 10 00 68 7E"}
{"ts":"2026-04-10T18:49:30.766Z","level":"INFO","device":"868120018681","event":"MEDIA_RX","detail":"7E 92 12 00 36 86 81 20 01 86 81 82 3E 32 30 30 5F 36 34 5F 36 34 30 31 5F 30 30 5F 38 36 38 31 32 30 30 31 38 36 38 31 30 30 32 36 30 34 31 30 31 38 34 39 32 39 32 31 30 32 30 30 2E 6A 70 67 00 00 00 47 7E"}
{"ts":"2026-04-10T18:49:30.794Z","level":"INFO","device":"868120018681","event":"FILE_START","detail":"[2/2] 02_64_6401_03_86812001868100260410184929210200.mp4 (1570024 bytes)"}
{"ts":"2026-04-10T18:49:30.794Z","level":"INFO","device":"868120018681","event":"SENT_1210","detail":"02_64_6401_03_86812001868100260410184929210200.mp4"}
{"ts":"2026-04-10T18:49:30.894Z","level":"INFO","device":"868120018681","event":"SENT_RAW_MARKER","detail":"02_64_6401_03_86812001868100260410184929210200.mp4 packet=1570086 bytes data=1570024 bytes"}
{"ts":"2026-04-10T18:49:30.981Z","level":"INFO","device":"868120018681","event":"MEDIA_RX","detail":"7E 80 01 00 05 86 81 20 01 86 81 A2 1C 00 02 12 10 00 1B 7E"}
{"ts":"2026-04-10T18:49:31.829Z","level":"INFO","device":"868120018681","event":"SENT_1212","detail":"02_64_6401_03_86812001868100260410184929210200.mp4 type=2"}
{"ts":"2026-04-10T18:49:32.130Z","level":"INFO","device":"868120018681","event":"BATCH_COMPLETE","detail":"All 2 files sent"}
{"ts":"2026-04-10T18:49:32.506Z","level":"ERROR","device":"868120018681","event":"MEDIA_ERROR","detail":"54.37.225.65:3378 — read ECONNRESET"}
{"ts":"2026-04-10T18:49:32.506Z","level":"INFO","device":"868120018681","event":"MEDIA_CLOSED","detail":""}
{"ts":"2026-04-10T18:49:39.668Z","level":"INFO","device":"868120018681","event":"GPS_SENT","detail":""}
{"ts":"2026-04-10T18:49:39.675Z","level":"INFO","device":"868120018681","event":"INCIDENT_SENT","detail":"mediaId=34 alarmId=86812001868100260410184939220200"}
{"ts":"2026-04-10T18:49:39.872Z","level":"INFO","device":"868120018681","event":"RX_MSG","detail":"0x8001 bodyLen=5"}
{"ts":"2026-04-10T18:49:39.873Z","level":"INFO","device":"868120018681","event":"SERVER_ACK","detail":"0x0200 result=OK"}
{"ts":"2026-04-10T18:49:40.217Z","level":"INFO","device":"868120018681","event":"RX_MSG","detail":"0x8001 bodyLen=5"}
{"ts":"2026-04-10T18:49:40.217Z","level":"INFO","device":"868120018681","event":"SERVER_ACK","detail":"0x0200 result=OK"}
{"ts":"2026-04-10T18:49:40.219Z","level":"INFO","device":"868120018681","event":"RX_MSG","detail":"0x8001 bodyLen=5"}
{"ts":"2026-04-10T18:49:40.219Z","level":"INFO","device":"868120018681","event":"SERVER_ACK","detail":"0x0800 result=OK"}
{"ts":"2026-04-10T18:49:40.219Z","level":"INFO","device":"868120018681","event":"RX_MSG","detail":"0x9208 bodyLen=81"}
{"ts":"2026-04-10T18:49:40.219Z","level":"INFO","device":"868120018681","event":"9208_RAW","detail":"0C35342E33372E3232352E36350D32000086812001868100260410184939220200383638313230303138363831303032363034313031383439333932323032303000000000000000000000000000000000"}
{"ts":"2026-04-10T18:49:40.219Z","level":"INFO","device":"868120018681","event":"UPLOAD_TRIGGERED","detail":"media: 54.37.225.65:3378 | alarmId: 86812001868100260410184939220200"}
{"ts":"2026-04-10T18:49:40.219Z","level":"INFO","device":"868120018681","event":"MEDIA_CONNECTING","detail":"54.37.225.65:3378 files=2"}
{"ts":"2026-04-10T18:49:40.410Z","level":"INFO","device":"868120018681","event":"MEDIA_CONNECTED","detail":"54.37.225.65:3378"}
{"ts":"2026-04-10T18:49:40.410Z","level":"INFO","device":"868120018681","event":"FILE_START","detail":"[1/2] 00_64_6401_00_86812001868100260410184939220200.jpg (631 bytes)"}
{"ts":"2026-04-10T18:49:40.410Z","level":"INFO","device":"868120018681","event":"SENT_1210","detail":"00_64_6401_00_86812001868100260410184939220200.jpg"}
{"ts":"2026-04-10T18:49:40.512Z","level":"INFO","device":"868120018681","event":"SENT_RAW_MARKER","detail":"00_64_6401_00_86812001868100260410184939220200.jpg packet=693 bytes data=631 bytes"}
{"ts":"2026-04-10T18:49:40.512Z","level":"INFO","device":"868120018681","event":"SENT_1212","detail":"00_64_6401_00_86812001868100260410184939220200.jpg type=0"}
{"ts":"2026-04-10T18:49:40.599Z","level":"INFO","device":"868120018681","event":"MEDIA_RX","detail":"7E 80 01 00 05 86 81 20 01 86 81 B4 03 00 00 12 10 00 10 7E"}
{"ts":"2026-04-10T18:49:40.785Z","level":"INFO","device":"868120018681","event":"MEDIA_RX","detail":"7E 92 12 00 36 86 81 20 01 86 81 D6 B9 32 30 30 5F 36 34 5F 36 34 30 31 5F 30 30 5F 38 36 38 31 32 30 30 31 38 36 38 31 30 30 32 36 30 34 31 30 31 38 34 39 33 39 32 32 30 32 30 30 2E 6A 70 67 00 00 00 96 7E"}
{"ts":"2026-04-10T18:49:40.813Z","level":"INFO","device":"868120018681","event":"FILE_START","detail":"[2/2] 02_64_6401_03_86812001868100260410184939220200.mp4 (1570024 bytes)"}
{"ts":"2026-04-10T18:49:40.813Z","level":"INFO","device":"868120018681","event":"SENT_1210","detail":"02_64_6401_03_86812001868100260410184939220200.mp4"}
{"ts":"2026-04-10T18:49:40.915Z","level":"INFO","device":"868120018681","event":"SENT_RAW_MARKER","detail":"02_64_6401_03_86812001868100260410184939220200.mp4 packet=1570086 bytes data=1570024 bytes"}
{"ts":"2026-04-10T18:49:41.002Z","level":"INFO","device":"868120018681","event":"MEDIA_RX","detail":"7E 80 01 00 05 86 81 20 01 86 81 0F 3F 00 02 12 10 00 95 7E"}
{"ts":"2026-04-10T18:49:42.037Z","level":"INFO","device":"868120018681","event":"SENT_1212","detail":"02_64_6401_03_86812001868100260410184939220200.mp4 type=2"}
{"ts":"2026-04-10T18:49:42.337Z","level":"INFO","device":"868120018681","event":"BATCH_COMPLETE","detail":"All 2 files sent"}
{"ts":"2026-04-10T18:49:42.715Z","level":"ERROR","device":"868120018681","event":"MEDIA_ERROR","detail":"54.37.225.65:3378 — read ECONNRESET"}
{"ts":"2026-04-10T18:49:42.715Z","level":"INFO","device":"868120018681","event":"MEDIA_CLOSED","detail":""}
{"ts":"2026-04-10T18:49:44.646Z","level":"INFO","device":"200000000001","event":"OBD2_SENT_0x0200","detail":"Lat: 51.715375, Lng: 0.507738 | Speed: 50km/h | RPM: 2807"}
{"ts":"2026-04-10T18:49:44.855Z","level":"INFO","device":"200000000001","event":"SERVER_ACK","detail":"0x8001 Universal Reply Received"}
{"ts":"2026-04-10T18:49:49.680Z","level":"INFO","device":"868120018681","event":"INCIDENT_SENT","detail":"mediaId=35 alarmId=86812001868100260410184949230200"}
{"ts":"2026-04-10T18:49:49.884Z","level":"INFO","device":"868120018681","event":"RX_MSG","detail":"0x8001 bodyLen=5"}
{"ts":"2026-04-10T18:49:49.884Z","level":"INFO","device":"868120018681","event":"SERVER_ACK","detail":"0x0200 result=OK"}
{"ts":"2026-04-10T18:49:50.201Z","level":"INFO","device":"868120018681","event":"RX_MSG","detail":"0x9208 bodyLen=81"}
{"ts":"2026-04-10T18:49:50.201Z","level":"INFO","device":"868120018681","event":"9208_RAW","detail":"0C35342E33372E3232352E36350D32000086812001868100260410184949230200383638313230303138363831303032363034313031383439343932333032303000000000000000000000000000000000"}
{"ts":"2026-04-10T18:49:50.201Z","level":"INFO","device":"868120018681","event":"UPLOAD_TRIGGERED","detail":"media: 54.37.225.65:3378 | alarmId: 86812001868100260410184949230200"}
{"ts":"2026-04-10T18:49:50.201Z","level":"INFO","device":"868120018681","event":"MEDIA_CONNECTING","detail":"54.37.225.65:3378 files=2"}
{"ts":"2026-04-10T18:49:50.201Z","level":"INFO","device":"868120018681","event":"RX_MSG","detail":"0x8001 bodyLen=5"}
{"ts":"2026-04-10T18:49:50.201Z","level":"INFO","device":"868120018681","event":"SERVER_ACK","detail":"0x0800 result=OK"}
{"ts":"2026-04-10T18:49:50.388Z","level":"INFO","device":"868120018681","event":"MEDIA_CONNECTED","detail":"54.37.225.65:3378"}
{"ts":"2026-04-10T18:49:50.388Z","level":"INFO","device":"868120018681","event":"FILE_START","detail":"[1/2] 00_64_6401_00_86812001868100260410184949230200.jpg (631 bytes)"}
{"ts":"2026-04-10T18:49:50.389Z","level":"INFO","device":"868120018681","event":"SENT_1210","detail":"00_64_6401_00_86812001868100260410184949230200.jpg"}
{"ts":"2026-04-10T18:49:50.489Z","level":"INFO","device":"868120018681","event":"SENT_RAW_MARKER","detail":"00_64_6401_00_86812001868100260410184949230200.jpg packet=693 bytes data=631 bytes"}
{"ts":"2026-04-10T18:49:50.489Z","level":"INFO","device":"868120018681","event":"SENT_1212","detail":"00_64_6401_00_86812001868100260410184949230200.jpg type=0"}
{"ts":"2026-04-10T18:49:50.579Z","level":"INFO","device":"868120018681","event":"MEDIA_RX","detail":"7E 80 01 00 05 86 81 20 01 86 81 4E C8 00 00 12 10 00 21 7E"}
{"ts":"2026-04-10T18:49:50.765Z","level":"INFO","device":"868120018681","event":"MEDIA_RX","detail":"7E 92 12 00 36 86 81 20 01 86 81 04 27 32 30 30 5F 36 34 5F 36 34 30 31 5F 30 30 5F 38 36 38 31 32 30 30 31 38 36 38 31 30 30 32 36 30 34 31 30 31 38 34 39 34 39 32 33 30 32 30 30 2E 6A 70 67 00 00 00 DC 7E"}
{"ts":"2026-04-10T18:49:50.789Z","level":"INFO","device":"868120018681","event":"FILE_START","detail":"[2/2] 02_64_6401_03_86812001868100260410184949230200.mp4 (1570024 bytes)"}
{"ts":"2026-04-10T18:49:50.789Z","level":"INFO","device":"868120018681","event":"SENT_1210","detail":"02_64_6401_03_86812001868100260410184949230200.mp4"}
{"ts":"2026-04-10T18:49:50.890Z","level":"INFO","device":"868120018681","event":"SENT_RAW_MARKER","detail":"02_64_6401_03_86812001868100260410184949230200.mp4 packet=1570086 bytes data=1570024 bytes"}
{"ts":"2026-04-10T18:49:50.977Z","level":"INFO","device":"868120018681","event":"MEDIA_RX","detail":"7E 80 01 00 05 86 81 20 01 86 81 B9 3F 00 02 12 10 00 23 7E"}
{"ts":"2026-04-10T18:49:52.009Z","level":"INFO","device":"868120018681","event":"SENT_1212","detail":"02_64_6401_03_86812001868100260410184949230200.mp4 type=2"}
{"ts":"2026-04-10T18:49:52.247Z","level":"INFO","device":"868120018681","event":"MEDIA_RX","detail":"7E 92 12 00 36 86 81 20 01 86 81 78 7A 32 30 32 5F 36 34 5F 36 34 30 31 5F 30 33 5F 38 36 38 31 32 30 30 31 38 36 38 31 30 30 32 36 30 34 31 30 31 38 34 39 34 39 32 33 30 32 30 30 2E 6D 70 34 02 00 00 AA 7E"}
{"ts":"2026-04-10T18:49:52.309Z","level":"INFO","device":"868120018681","event":"BATCH_COMPLETE","detail":"All 2 files sent"}
{"ts":"2026-04-10T18:49:52.976Z","level":"INFO","device":"868120018681","event":"MEDIA_CLOSED","detail":""}
{"ts":"2026-04-10T18:49:59.645Z","level":"INFO","device":"200000000001","event":"HEARTBEAT_SENT","detail":"0x0002"}
{"ts":"2026-04-10T18:49:59.647Z","level":"INFO","device":"200000000001","event":"OBD2_SENT_0x0200","detail":"Lat: 51.714818, Lng: 0.510249 | Speed: 46km/h | RPM: 2628"}
{"ts":"2026-04-10T18:49:59.668Z","level":"INFO","device":"868120018681","event":"GPS_SENT","detail":""}
{"ts":"2026-04-10T18:49:59.681Z","level":"INFO","device":"868120018681","event":"INCIDENT_SENT","detail":"mediaId=36 alarmId=86812001868100260410184959240200"}
{"ts":"2026-04-10T18:49:59.850Z","level":"INFO","device":"200000000001","event":"SERVER_ACK","detail":"0x8001 Universal Reply Received"}
{"ts":"2026-04-10T18:49:59.874Z","level":"INFO","device":"868120018681","event":"RX_MSG","detail":"0x8001 bodyLen=5"}
{"ts":"2026-04-10T18:49:59.874Z","level":"INFO","device":"868120018681","event":"SERVER_ACK","detail":"0x0200 result=OK"}
{"ts":"2026-04-10T18:50:00.187Z","level":"INFO","device":"200000000001","event":"SERVER_ACK","detail":"0x8001 Universal Reply Received"}
{"ts":"2026-04-10T18:50:00.218Z","level":"INFO","device":"868120018681","event":"RX_MSG","detail":"0x8001 bodyLen=5"}
{"ts":"2026-04-10T18:50:00.218Z","level":"INFO","device":"868120018681","event":"SERVER_ACK","detail":"0x0200 result=OK"}
{"ts":"2026-04-10T18:50:00.218Z","level":"INFO","device":"868120018681","event":"RX_MSG","detail":"0x8001 bodyLen=5"}
{"ts":"2026-04-10T18:50:00.218Z","level":"INFO","device":"868120018681","event":"SERVER_ACK","detail":"0x0800 result=OK"}
{"ts":"2026-04-10T18:50:00.218Z","level":"INFO","device":"868120018681","event":"RX_MSG","detail":"0x9208 bodyLen=81"}
{"ts":"2026-04-10T18:50:00.218Z","level":"INFO","device":"868120018681","event":"9208_RAW","detail":"0C35342E33372E3232352E36350D32000086812001868100260410184959240200383638313230303138363831303032363034313031383439353932343032303000000000000000000000000000000000"}
{"ts":"2026-04-10T18:50:00.218Z","level":"INFO","device":"868120018681","event":"UPLOAD_TRIGGERED","detail":"media: 54.37.225.65:3378 | alarmId: 86812001868100260410184959240200"}
{"ts":"2026-04-10T18:50:00.218Z","level":"INFO","device":"868120018681","event":"MEDIA_CONNECTING","detail":"54.37.225.65:3378 files=2"}
{"ts":"2026-04-10T18:50:00.424Z","level":"INFO","device":"868120018681","event":"MEDIA_CONNECTED","detail":"54.37.225.65:3378"}
{"ts":"2026-04-10T18:50:00.424Z","level":"INFO","device":"868120018681","event":"FILE_START","detail":"[1/2] 00_64_6401_00_86812001868100260410184959240200.jpg (631 bytes)"}
{"ts":"2026-04-10T18:50:00.424Z","level":"INFO","device":"868120018681","event":"SENT_1210","detail":"00_64_6401_00_86812001868100260410184959240200.jpg"}
{"ts":"2026-04-10T18:50:00.525Z","level":"INFO","device":"868120018681","event":"SENT_RAW_MARKER","detail":"00_64_6401_00_86812001868100260410184959240200.jpg packet=693 bytes data=631 bytes"}
{"ts":"2026-04-10T18:50:00.525Z","level":"INFO","device":"868120018681","event":"SENT_1212","detail":"00_64_6401_00_86812001868100260410184959240200.jpg type=0"}
{"ts":"2026-04-10T18:50:00.630Z","level":"INFO","device":"868120018681","event":"MEDIA_RX","detail":"7E 80 01 00 05 86 81 20 01 86 81 F6 82 00 00 12 10 00 D3 7E"}
{"ts":"2026-04-10T18:50:00.825Z","level":"INFO","device":"868120018681","event":"FILE_START","detail":"[2/2] 02_64_6401_03_86812001868100260410184959240200.mp4 (1570024 bytes)"}
{"ts":"2026-04-10T18:50:00.826Z","level":"INFO","device":"868120018681","event":"SENT_1210","detail":"02_64_6401_03_86812001868100260410184959240200.mp4"}
{"ts":"2026-04-10T18:50:00.832Z","level":"INFO","device":"868120018681","event":"MEDIA_RX","detail":"7E 92 12 00 36 86 81 20 01 86 81 72 B8 32 30 30 5F 36 34 5F 36 34 30 31 5F 30 30 5F 38 36 38 31 32 30 30 31 38 36 38 31 30 30 32 36 30 34 31 30 31 38 34 39 35 39 32 34 30 32 30 30 2E 6A 70 67 00 00 00 33 7E"}
{"ts":"2026-04-10T18:50:00.927Z","level":"INFO","device":"868120018681","event":"SENT_RAW_MARKER","detail":"02_64_6401_03_86812001868100260410184959240200.mp4 packet=1570086 bytes data=1570024 bytes"}
{"ts":"2026-04-10T18:50:01.133Z","level":"INFO","device":"868120018681","event":"MEDIA_RX","detail":"7E 80 01 00 05 86 81 20 01 86 81 C5 9D 00 02 12 10 00 FD 7E"}
{"ts":"2026-04-10T18:50:01.950Z","level":"INFO","device":"868120018681","event":"SENT_1212","detail":"02_64_6401_03_86812001868100260410184959240200.mp4 type=2"}
{"ts":"2026-04-10T18:50:02.250Z","level":"INFO","device":"868120018681","event":"BATCH_COMPLETE","detail":"All 2 files sent"}
{"ts":"2026-04-10T18:50:02.660Z","level":"ERROR","device":"868120018681","event":"MEDIA_ERROR","detail":"54.37.225.65:3378 — read ECONNRESET"}
{"ts":"2026-04-10T18:50:02.660Z","level":"INFO","device":"868120018681","event":"MEDIA_CLOSED","detail":""}
{"ts":"2026-04-10T18:50:09.687Z","level":"INFO","device":"868120018681","event":"INCIDENT_SENT","detail":"mediaId=37 alarmId=86812001868100260410185009250200"}
{"ts":"2026-04-10T18:50:09.893Z","level":"INFO","device":"868120018681","event":"RX_MSG","detail":"0x8001 bodyLen=5"}
{"ts":"2026-04-10T18:50:09.893Z","level":"INFO","device":"868120018681","event":"SERVER_ACK","detail":"0x0200 result=OK"}
{"ts":"2026-04-10T18:50:10.217Z","level":"INFO","device":"868120018681","event":"RX_MSG","detail":"0x9208 bodyLen=81"}
{"ts":"2026-04-10T18:50:10.217Z","level":"INFO","device":"868120018681","event":"9208_RAW","detail":"0C35342E33372E3232352E36350D32000086812001868100260410185009250200383638313230303138363831303032363034313031383530303932353032303000000000000000000000000000000000"}
{"ts":"2026-04-10T18:50:10.217Z","level":"INFO","device":"868120018681","event":"UPLOAD_TRIGGERED","detail":"media: 54.37.225.65:3378 | alarmId: 86812001868100260410185009250200"}
{"ts":"2026-04-10T18:50:10.217Z","level":"INFO","device":"868120018681","event":"MEDIA_CONNECTING","detail":"54.37.225.65:3378 files=2"}
{"ts":"2026-04-10T18:50:10.217Z","level":"INFO","device":"868120018681","event":"RX_MSG","detail":"0x8001 bodyLen=5"}
{"ts":"2026-04-10T18:50:10.217Z","level":"INFO","device":"868120018681","event":"SERVER_ACK","detail":"0x0800 result=OK"}
{"ts":"2026-04-10T18:50:10.423Z","level":"INFO","device":"868120018681","event":"MEDIA_CONNECTED","detail":"54.37.225.65:3378"}
{"ts":"2026-04-10T18:50:10.424Z","level":"INFO","device":"868120018681","event":"FILE_START","detail":"[1/2] 00_64_6401_00_86812001868100260410185009250200.jpg (631 bytes)"}
{"ts":"2026-04-10T18:50:10.424Z","level":"INFO","device":"868120018681","event":"SENT_1210","detail":"00_64_6401_00_86812001868100260410185009250200.jpg"}
{"ts":"2026-04-10T18:50:10.524Z","level":"INFO","device":"868120018681","event":"SENT_RAW_MARKER","detail":"00_64_6401_00_86812001868100260410185009250200.jpg packet=693 bytes data=631 bytes"}
{"ts":"2026-04-10T18:50:10.524Z","level":"INFO","device":"868120018681","event":"SENT_1212","detail":"00_64_6401_00_86812001868100260410185009250200.jpg type=0"}
{"ts":"2026-04-10T18:50:10.630Z","level":"INFO","device":"868120018681","event":"MEDIA_RX","detail":"7E 80 01 00 05 86 81 20 01 86 81 85 4B 00 00 12 10 00 69 7E"}
{"ts":"2026-04-10T18:50:10.824Z","level":"INFO","device":"868120018681","event":"FILE_START","detail":"[2/2] 02_64_6401_03_86812001868100260410185009250200.mp4 (1570024 bytes)"}
{"ts":"2026-04-10T18:50:10.825Z","level":"INFO","device":"868120018681","event":"SENT_1210","detail":"02_64_6401_03_86812001868100260410185009250200.mp4"}
{"ts":"2026-04-10T18:50:10.833Z","level":"INFO","device":"868120018681","event":"MEDIA_RX","detail":"7E 92 12 00 36 86 81 20 01 86 81 CC 6A 32 30 30 5F 36 34 5F 36 34 30 31 5F 30 30 5F 38 36 38 31 32 30 30 31 38 36 38 31 30 30 32 36 30 34 31 30 31 38 35 30 30 39 32 35 30 32 30 30 2E 6A 70 67 00 00 00 53 7E"}
{"ts":"2026-04-10T18:50:10.928Z","level":"INFO","device":"868120018681","event":"SENT_RAW_MARKER","detail":"02_64_6401_03_86812001868100260410185009250200.mp4 packet=1570086 bytes data=1570024 bytes"}
{"ts":"2026-04-10T18:50:11.132Z","level":"INFO","device":"868120018681","event":"MEDIA_RX","detail":"7E 80 01 00 05 86 81 20 01 86 81 72 63 00 02 12 10 00 B4 7E"}
{"ts":"2026-04-10T18:50:12.147Z","level":"INFO","device":"868120018681","event":"SENT_1212","detail":"02_64_6401_03_86812001868100260410185009250200.mp4 type=2"}
{"ts":"2026-04-10T18:50:12.447Z","level":"INFO","device":"868120018681","event":"BATCH_COMPLETE","detail":"All 2 files sent"}
{"ts":"2026-04-10T18:50:12.857Z","level":"ERROR","device":"868120018681","event":"MEDIA_ERROR","detail":"54.37.225.65:3378 — read ECONNRESET"}
{"ts":"2026-04-10T18:50:12.857Z","level":"INFO","device":"868120018681","event":"MEDIA_CLOSED","detail":""}
{"ts":"2026-04-10T18:50:14.649Z","level":"INFO","device":"200000000001","event":"OBD2_SENT_0x0200","detail":"Lat: 51.714288, Lng: 0.512987 | Speed: 48km/h | RPM: 2716"}
{"ts":"2026-04-10T18:50:14.856Z","level":"INFO","device":"200000000001","event":"SERVER_ACK","detail":"0x8001 Universal Reply Received"}
{"ts":"2026-04-10T18:50:19.672Z","level":"INFO","device":"868120018681","event":"GPS_SENT","detail":""}
{"ts":"2026-04-10T18:50:19.687Z","level":"INFO","device":"868120018681","event":"INCIDENT_SENT","detail":"mediaId=38 alarmId=86812001868100260410185019260200"}
{"ts":"2026-04-10T18:50:19.878Z","level":"INFO","device":"868120018681","event":"RX_MSG","detail":"0x8001 bodyLen=5"}
{"ts":"2026-04-10T18:50:19.878Z","level":"INFO","device":"868120018681","event":"SERVER_ACK","detail":"0x0200 result=OK"}
{"ts":"2026-04-10T18:50:20.201Z","level":"INFO","device":"868120018681","event":"RX_MSG","detail":"0x8001 bodyLen=5"}
{"ts":"2026-04-10T18:50:20.201Z","level":"INFO","device":"868120018681","event":"SERVER_ACK","detail":"0x0200 result=OK"}
{"ts":"2026-04-10T18:50:20.201Z","level":"INFO","device":"868120018681","event":"RX_MSG","detail":"0x8001 bodyLen=5"}
{"ts":"2026-04-10T18:50:20.201Z","level":"INFO","device":"868120018681","event":"SERVER_ACK","detail":"0x0800 result=OK"}
{"ts":"2026-04-10T18:50:20.201Z","level":"INFO","device":"868120018681","event":"RX_MSG","detail":"0x9208 bodyLen=81"}
{"ts":"2026-04-10T18:50:20.201Z","level":"INFO","device":"868120018681","event":"9208_RAW","detail":"0C35342E33372E3232352E36350D32000086812001868100260410185019260200383638313230303138363831303032363034313031383530313932363032303000000000000000000000000000000000"}
{"ts":"2026-04-10T18:50:20.201Z","level":"INFO","device":"868120018681","event":"UPLOAD_TRIGGERED","detail":"media: 54.37.225.65:3378 | alarmId: 86812001868100260410185019260200"}
{"ts":"2026-04-10T18:50:20.201Z","level":"INFO","device":"868120018681","event":"MEDIA_CONNECTING","detail":"54.37.225.65:3378 files=2"}
{"ts":"2026-04-10T18:50:20.388Z","level":"INFO","device":"868120018681","event":"MEDIA_CONNECTED","detail":"54.37.225.65:3378"}
{"ts":"2026-04-10T18:50:20.388Z","level":"INFO","device":"868120018681","event":"FILE_START","detail":"[1/2] 00_64_6401_00_86812001868100260410185019260200.jpg (631 bytes)"}
{"ts":"2026-04-10T18:50:20.389Z","level":"INFO","device":"868120018681","event":"SENT_1210","detail":"00_64_6401_00_86812001868100260410185019260200.jpg"}
{"ts":"2026-04-10T18:50:20.489Z","level":"INFO","device":"868120018681","event":"SENT_RAW_MARKER","detail":"00_64_6401_00_86812001868100260410185019260200.jpg packet=693 bytes data=631 bytes"}
{"ts":"2026-04-10T18:50:20.489Z","level":"INFO","device":"868120018681","event":"SENT_1212","detail":"00_64_6401_00_86812001868100260410185019260200.jpg type=0"}
{"ts":"2026-04-10T18:50:20.577Z","level":"INFO","device":"868120018681","event":"MEDIA_RX","detail":"7E 80 01 00 05 86 81 20 01 86 81 29 F0 00 00 12 10 00 7D 02 7E"}
{"ts":"2026-04-10T18:50:20.762Z","level":"INFO","device":"868120018681","event":"MEDIA_RX","detail":"7E 92 12 00 36 86 81 20 01 86 81 06 62 32 30 30 5F 36 34 5F 36 34 30 31 5F 30 30 5F 38 36 38 31 32 30 30 31 38 36 38 31 30 30 32 36 30 34 31 30 31 38 35 30 31 39 32 36 30 32 30 30 2E 6A 70 67 00 00 00 93 7E"}
{"ts":"2026-04-10T18:50:20.791Z","level":"INFO","device":"868120018681","event":"FILE_START","detail":"[2/2] 02_64_6401_03_86812001868100260410185019260200.mp4 (1570024 bytes)"}
{"ts":"2026-04-10T18:50:20.792Z","level":"INFO","device":"868120018681","event":"SENT_1210","detail":"02_64_6401_03_86812001868100260410185019260200.mp4"}
{"ts":"2026-04-10T18:50:20.893Z","level":"INFO","device":"868120018681","event":"SENT_RAW_MARKER","detail":"02_64_6401_03_86812001868100260410185019260200.mp4 packet=1570086 bytes data=1570024 bytes"}
{"ts":"2026-04-10T18:50:20.979Z","level":"INFO","device":"868120018681","event":"MEDIA_RX","detail":"7E 80 01 00 05 86 81 20 01 86 81 73 0F 00 02 12 10 00 D9 7E"}
{"ts":"2026-04-10T18:50:21.969Z","level":"INFO","device":"868120018681","event":"SENT_1212","detail":"02_64_6401_03_86812001868100260410185019260200.mp4 type=2"}
{"ts":"2026-04-10T18:50:22.269Z","level":"INFO","device":"868120018681","event":"BATCH_COMPLETE","detail":"All 2 files sent"}
{"ts":"2026-04-10T18:50:22.644Z","level":"ERROR","device":"868120018681","event":"MEDIA_ERROR","detail":"54.37.225.65:3378 — read ECONNRESET"}
{"ts":"2026-04-10T18:50:22.645Z","level":"INFO","device":"868120018681","event":"MEDIA_CLOSED","detail":""}
{"ts":"2026-04-10T18:50:29.651Z","level":"INFO","device":"200000000001","event":"HEARTBEAT_SENT","detail":"0x0002"}
{"ts":"2026-04-10T18:50:29.652Z","level":"INFO","device":"200000000001","event":"OBD2_SENT_0x0200","detail":"Lat: 51.713860, Lng: 0.515977 | Speed: 51km/h | RPM: 2829"}
{"ts":"2026-04-10T18:50:29.687Z","level":"INFO","device":"868120018681","event":"INCIDENT_SENT","detail":"mediaId=39 alarmId=86812001868100260410185029270200"}
{"ts":"2026-04-10T18:50:29.858Z","level":"INFO","device":"200000000001","event":"SERVER_ACK","detail":"0x8001 Universal Reply Received"}
{"ts":"2026-04-10T18:50:29.892Z","level":"INFO","device":"868120018681","event":"RX_MSG","detail":"0x8001 bodyLen=5"}
{"ts":"2026-04-10T18:50:29.892Z","level":"INFO","device":"868120018681","event":"SERVER_ACK","detail":"0x0200 result=OK"}
{"ts":"2026-04-10T18:50:30.183Z","level":"INFO","device":"200000000001","event":"SERVER_ACK","detail":"0x8001 Universal Reply Received"}
{"ts":"2026-04-10T18:50:30.215Z","level":"INFO","device":"868120018681","event":"RX_MSG","detail":"0x9208 bodyLen=81"}
{"ts":"2026-04-10T18:50:30.215Z","level":"INFO","device":"868120018681","event":"9208_RAW","detail":"0C35342E33372E3232352E36350D32000086812001868100260410185029270200383638313230303138363831303032363034313031383530323932373032303000000000000000000000000000000000"}
{"ts":"2026-04-10T18:50:30.215Z","level":"INFO","device":"868120018681","event":"UPLOAD_TRIGGERED","detail":"media: 54.37.225.65:3378 | alarmId: 86812001868100260410185029270200"}
{"ts":"2026-04-10T18:50:30.215Z","level":"INFO","device":"868120018681","event":"MEDIA_CONNECTING","detail":"54.37.225.65:3378 files=2"}
{"ts":"2026-04-10T18:50:30.215Z","level":"INFO","device":"868120018681","event":"RX_MSG","detail":"0x8001 bodyLen=5"}
{"ts":"2026-04-10T18:50:30.215Z","level":"INFO","device":"868120018681","event":"SERVER_ACK","detail":"0x0800 result=OK"}
{"ts":"2026-04-10T18:50:30.420Z","level":"INFO","device":"868120018681","event":"MEDIA_CONNECTED","detail":"54.37.225.65:3378"}
{"ts":"2026-04-10T18:50:30.420Z","level":"INFO","device":"868120018681","event":"FILE_START","detail":"[1/2] 00_64_6401_00_86812001868100260410185029270200.jpg (631 bytes)"}
{"ts":"2026-04-10T18:50:30.420Z","level":"INFO","device":"868120018681","event":"SENT_1210","detail":"00_64_6401_00_86812001868100260410185029270200.jpg"}
{"ts":"2026-04-10T18:50:30.520Z","level":"INFO","device":"868120018681","event":"SENT_RAW_MARKER","detail":"00_64_6401_00_86812001868100260410185029270200.jpg packet=693 bytes data=631 bytes"}
{"ts":"2026-04-10T18:50:30.520Z","level":"INFO","device":"868120018681","event":"SENT_1212","detail":"00_64_6401_00_86812001868100260410185029270200.jpg type=0"}
{"ts":"2026-04-10T18:50:30.626Z","level":"INFO","device":"868120018681","event":"MEDIA_RX","detail":"7E 80 01 00 05 86 81 20 01 86 81 6C 01 00 00 12 10 00 CA 7E"}
{"ts":"2026-04-10T18:50:30.821Z","level":"INFO","device":"868120018681","event":"FILE_START","detail":"[2/2] 02_64_6401_03_86812001868100260410185029270200.mp4 (1570024 bytes)"}
{"ts":"2026-04-10T18:50:30.821Z","level":"INFO","device":"868120018681","event":"SENT_1210","detail":"02_64_6401_03_86812001868100260410185029270200.mp4"}
{"ts":"2026-04-10T18:50:30.831Z","level":"INFO","device":"868120018681","event":"MEDIA_RX","detail":"7E 92 12 00 36 86 81 20 01 86 81 01 76 32 30 30 5F 36 34 5F 36 34 30 31 5F 30 30 5F 38 36 38 31 32 30 30 31 38 36 38 31 30 30 32 36 30 34 31 30 31 38 35 30 32 39 32 37 30 32 30 30 2E 6A 70 67 00 00 00 82 7E"}
{"ts":"2026-04-10T18:50:30.923Z","level":"INFO","device":"868120018681","event":"SENT_RAW_MARKER","detail":"02_64_6401_03_86812001868100260410185029270200.mp4 packet=1570086 bytes data=1570024 bytes"}
{"ts":"2026-04-10T18:50:31.128Z","level":"INFO","device":"868120018681","event":"MEDIA_RX","detail":"7E 80 01 00 05 86 81 20 01 86 81 CF 65 00 02 12 10 00 0F 7E"}
{"ts":"2026-04-10T18:50:32.086Z","level":"INFO","device":"868120018681","event":"SENT_1212","detail":"02_64_6401_03_86812001868100260410185029270200.mp4 type=2"}
{"ts":"2026-04-10T18:50:32.389Z","level":"INFO","device":"868120018681","event":"BATCH_COMPLETE","detail":"All 2 files sent"}
{"ts":"2026-04-10T18:50:32.799Z","level":"ERROR","device":"868120018681","event":"MEDIA_ERROR","detail":"54.37.225.65:3378 — read ECONNRESET"}
{"ts":"2026-04-10T18:50:32.799Z","level":"INFO","device":"868120018681","event":"MEDIA_CLOSED","detail":""}
{"ts":"2026-04-10T18:50:39.672Z","level":"INFO","device":"868120018681","event":"GPS_SENT","detail":""}
{"ts":"2026-04-10T18:50:39.687Z","level":"INFO","device":"868120018681","event":"INCIDENT_SENT","detail":"mediaId=40 alarmId=86812001868100260410185039280200"}
{"ts":"2026-04-10T18:50:39.877Z","level":"INFO","device":"868120018681","event":"RX_MSG","detail":"0x8001 bodyLen=5"}
{"ts":"2026-04-10T18:50:39.877Z","level":"INFO","device":"868120018681","event":"SERVER_ACK","detail":"0x0200 result=OK"}
{"ts":"2026-04-10T18:50:40.199Z","level":"INFO","device":"868120018681","event":"RX_MSG","detail":"0x8001 bodyLen=5"}
{"ts":"2026-04-10T18:50:40.199Z","level":"INFO","device":"868120018681","event":"SERVER_ACK","detail":"0x0200 result=OK"}
{"ts":"2026-04-10T18:50:40.199Z","level":"INFO","device":"868120018681","event":"RX_MSG","detail":"0x8001 bodyLen=5"}
{"ts":"2026-04-10T18:50:40.199Z","level":"INFO","device":"868120018681","event":"SERVER_ACK","detail":"0x0800 result=OK"}
{"ts":"2026-04-10T18:50:40.199Z","level":"INFO","device":"868120018681","event":"RX_MSG","detail":"0x9208 bodyLen=81"}
{"ts":"2026-04-10T18:50:40.199Z","level":"INFO","device":"868120018681","event":"9208_RAW","detail":"0C35342E33372E3232352E36350D32000086812001868100260410185039280200383638313230303138363831303032363034313031383530333932383032303000000000000000000000000000000000"}
{"ts":"2026-04-10T18:50:40.199Z","level":"INFO","device":"868120018681","event":"UPLOAD_TRIGGERED","detail":"media: 54.37.225.65:3378 | alarmId: 86812001868100260410185039280200"}
{"ts":"2026-04-10T18:50:40.199Z","level":"INFO","device":"868120018681","event":"MEDIA_CONNECTING","detail":"54.37.225.65:3378 files=2"}
{"ts":"2026-04-10T18:50:40.405Z","level":"INFO","device":"868120018681","event":"MEDIA_CONNECTED","detail":"54.37.225.65:3378"}
{"ts":"2026-04-10T18:50:40.405Z","level":"INFO","device":"868120018681","event":"FILE_START","detail":"[1/2] 00_64_6401_00_86812001868100260410185039280200.jpg (631 bytes)"}
{"ts":"2026-04-10T18:50:40.405Z","level":"INFO","device":"868120018681","event":"SENT_1210","detail":"00_64_6401_00_86812001868100260410185039280200.jpg"}
{"ts":"2026-04-10T18:50:40.506Z","level":"INFO","device":"868120018681","event":"SENT_RAW_MARKER","detail":"00_64_6401_00_86812001868100260410185039280200.jpg packet=693 bytes data=631 bytes"}
{"ts":"2026-04-10T18:50:40.506Z","level":"INFO","device":"868120018681","event":"SENT_1212","detail":"00_64_6401_00_86812001868100260410185039280200.jpg type=0"}
{"ts":"2026-04-10T18:50:40.612Z","level":"INFO","device":"868120018681","event":"MEDIA_RX","detail":"7E 80 01 00 05 86 81 20 01 86 81 D6 97 00 00 12 10 00 E6 7E"}
{"ts":"2026-04-10T18:50:40.806Z","level":"INFO","device":"868120018681","event":"FILE_START","detail":"[2/2] 02_64_6401_03_86812001868100260410185039280200.mp4 (1570024 bytes)"}
{"ts":"2026-04-10T18:50:40.807Z","level":"INFO","device":"868120018681","event":"SENT_1210","detail":"02_64_6401_03_86812001868100260410185039280200.mp4"}
{"ts":"2026-04-10T18:50:40.815Z","level":"INFO","device":"868120018681","event":"MEDIA_RX","detail":"7E 92 12 00 36 86 81 20 01 86 81 B8 C6 32 30 30 5F 36 34 5F 36 34 30 31 5F 30 30 5F 38 36 38 31 32 30 30 31 38 36 38 31 30 30 32 36 30 34 31 30 31 38 35 30 33 39 32 38 30 32 30 30 2E 6A 70 67 00 00 00 85 7E"}
{"ts":"2026-04-10T18:50:40.908Z","level":"INFO","device":"868120018681","event":"SENT_RAW_MARKER","detail":"02_64_6401_03_86812001868100260410185039280200.mp4 packet=1570086 bytes data=1570024 bytes"}
{"ts":"2026-04-10T18:50:41.113Z","level":"INFO","device":"868120018681","event":"MEDIA_RX","detail":"7E 80 01 00 05 86 81 20 01 86 81 30 62 00 02 12 10 00 F7 7E"}
{"ts":"2026-04-10T18:50:42.069Z","level":"INFO","device":"868120018681","event":"SENT_1212","detail":"02_64_6401_03_86812001868100260410185039280200.mp4 type=2"}
{"ts":"2026-04-10T18:50:42.369Z","level":"INFO","device":"868120018681","event":"MEDIA_RX","detail":"7E 92 12 00 36 86 81 20 01 86 81 03 A5 32 30 32 5F 36 34 5F 36 34 30 31 5F 30 33 5F 38 36 38 31 32 30 30 31 38 36 38 31 30 30 32 36 30 34 31 30 31 38 35 30 33 39 32 38 30 32 30 30 2E 6D 70 34 02 00 00 0A 7E"}
{"ts":"2026-04-10T18:50:42.369Z","level":"INFO","device":"868120018681","event":"BATCH_COMPLETE","detail":"All 2 files sent"}
{"ts":"2026-04-10T18:50:43.129Z","level":"INFO","device":"868120018681","event":"MEDIA_CLOSED","detail":""}
{"ts":"2026-04-10T18:50:44.653Z","level":"INFO","device":"200000000001","event":"OBD2_SENT_0x0200","detail":"Lat: 51.736734, Lng: 0.470447 | Speed: 51km/h | RPM: 2856"}
{"ts":"2026-04-10T18:50:44.863Z","level":"INFO","device":"200000000001","event":"SERVER_ACK","detail":"0x8001 Universal Reply Received"}
{"ts":"2026-04-10T18:50:49.692Z","level":"INFO","device":"868120018681","event":"INCIDENT_SENT","detail":"mediaId=41 alarmId=86812001868100260410185049290200"}
{"ts":"2026-04-10T18:50:49.896Z","level":"INFO","device":"868120018681","event":"RX_MSG","detail":"0x8001 bodyLen=5"}
{"ts":"2026-04-10T18:50:49.896Z","level":"INFO","device":"868120018681","event":"SERVER_ACK","detail":"0x0200 result=OK"}
{"ts":"2026-04-10T18:50:50.213Z","level":"INFO","device":"868120018681","event":"RX_MSG","detail":"0x9208 bodyLen=81"}
{"ts":"2026-04-10T18:50:50.213Z","level":"INFO","device":"868120018681","event":"9208_RAW","detail":"0C35342E33372E3232352E36350D32000086812001868100260410185049290200383638313230303138363831303032363034313031383530343932393032303000000000000000000000000000000000"}
{"ts":"2026-04-10T18:50:50.213Z","level":"INFO","device":"868120018681","event":"UPLOAD_TRIGGERED","detail":"media: 54.37.225.65:3378 | alarmId: 86812001868100260410185049290200"}
{"ts":"2026-04-10T18:50:50.213Z","level":"INFO","device":"868120018681","event":"MEDIA_CONNECTING","detail":"54.37.225.65:3378 files=2"}
{"ts":"2026-04-10T18:50:50.213Z","level":"INFO","device":"868120018681","event":"RX_MSG","detail":"0x8001 bodyLen=5"}
{"ts":"2026-04-10T18:50:50.213Z","level":"INFO","device":"868120018681","event":"SERVER_ACK","detail":"0x0800 result=OK"}
{"ts":"2026-04-10T18:50:50.424Z","level":"INFO","device":"868120018681","event":"MEDIA_CONNECTED","detail":"54.37.225.65:3378"}
{"ts":"2026-04-10T18:50:50.425Z","level":"INFO","device":"868120018681","event":"FILE_START","detail":"[1/2] 00_64_6401_00_86812001868100260410185049290200.jpg (631 bytes)"}
{"ts":"2026-04-10T18:50:50.425Z","level":"INFO","device":"868120018681","event":"SENT_1210","detail":"00_64_6401_00_86812001868100260410185049290200.jpg"}
{"ts":"2026-04-10T18:50:50.525Z","level":"INFO","device":"868120018681","event":"SENT_RAW_MARKER","detail":"00_64_6401_00_86812001868100260410185049290200.jpg packet=693 bytes data=631 bytes"}
{"ts":"2026-04-10T18:50:50.525Z","level":"INFO","device":"868120018681","event":"SENT_1212","detail":"00_64_6401_00_86812001868100260410185049290200.jpg type=0"}
{"ts":"2026-04-10T18:50:50.637Z","level":"INFO","device":"868120018681","event":"MEDIA_RX","detail":"7E 80 01 00 05 86 81 20 01 86 81 93 CE 00 00 12 10 00 FA 7E"}
{"ts":"2026-04-10T18:50:50.825Z","level":"INFO","device":"868120018681","event":"FILE_START","detail":"[2/2] 02_64_6401_03_86812001868100260410185049290200.mp4 (1570024 bytes)"}
{"ts":"2026-04-10T18:50:50.825Z","level":"INFO","device":"868120018681","event":"SENT_1210","detail":"02_64_6401_03_86812001868100260410185049290200.mp4"}
{"ts":"2026-04-10T18:50:50.846Z","level":"INFO","device":"868120018681","event":"MEDIA_RX","detail":"7E 92 12 00 36 86 81 20 01 86 81 86 14 32 30 30 5F 36 34 5F 36 34 30 31 5F 30 30 5F 38 36 38 31 32 30 30 31 38 36 38 31 30 30 32 36 30 34 31 30 31 38 35 30 34 39 32 39 30 32 30 30 2E 6A 70 67 00 00 00 6F 7E"}
{"ts":"2026-04-10T18:50:50.926Z","level":"INFO","device":"868120018681","event":"SENT_RAW_MARKER","detail":"02_64_6401_03_86812001868100260410185049290200.mp4 packet=1570086 bytes data=1570024 bytes"}
{"ts":"2026-04-10T18:50:51.137Z","level":"INFO","device":"868120018681","event":"MEDIA_RX","detail":"7E 80 01 00 05 86 81 20 01 86 81 AC 07 00 02 12 10 00 0E 7E"}
{"ts":"2026-04-10T18:50:52.193Z","level":"INFO","device":"868120018681","event":"SENT_1212","detail":"02_64_6401_03_86812001868100260410185049290200.mp4 type=2"}
{"ts":"2026-04-10T18:50:52.493Z","level":"INFO","device":"868120018681","event":"BATCH_COMPLETE","detail":"All 2 files sent"}
{"ts":"2026-04-10T18:50:52.916Z","level":"ERROR","device":"868120018681","event":"MEDIA_ERROR","detail":"54.37.225.65:3378 — read ECONNRESET"}
{"ts":"2026-04-10T18:50:52.916Z","level":"INFO","device":"868120018681","event":"MEDIA_CLOSED","detail":""}
{"ts":"2026-04-10T18:50:59.651Z","level":"INFO","device":"200000000001","event":"HEARTBEAT_SENT","detail":"0x0002"}
{"ts":"2026-04-10T18:50:59.653Z","level":"INFO","device":"200000000001","event":"OBD2_SENT_0x0200","detail":"Lat: 51.737500, Lng: 0.473601 | Speed: 53km/h | RPM: 2933"}
{"ts":"2026-04-10T18:50:59.673Z","level":"INFO","device":"868120018681","event":"GPS_SENT","detail":""}
{"ts":"2026-04-10T18:50:59.691Z","level":"INFO","device":"868120018681","event":"INCIDENT_SENT","detail":"mediaId=42 alarmId=868120018681002604101850592A0200"}
{"ts":"2026-04-10T18:50:59.858Z","level":"INFO","device":"200000000001","event":"SERVER_ACK","detail":"0x8001 Universal Reply Received"}
{"ts":"2026-04-10T18:50:59.878Z","level":"INFO","device":"868120018681","event":"RX_MSG","detail":"0x8001 bodyLen=5"}
{"ts":"2026-04-10T18:50:59.878Z","level":"INFO","device":"868120018681","event":"SERVER_ACK","detail":"0x0200 result=OK"}
{"ts":"2026-04-10T18:51:00.196Z","level":"INFO","device":"200000000001","event":"SERVER_ACK","detail":"0x8001 Universal Reply Received"}
{"ts":"2026-04-10T18:51:00.227Z","level":"INFO","device":"868120018681","event":"RX_MSG","detail":"0x8001 bodyLen=5"}
{"ts":"2026-04-10T18:51:00.227Z","level":"INFO","device":"868120018681","event":"SERVER_ACK","detail":"0x0200 result=OK"}
{"ts":"2026-04-10T18:51:00.227Z","level":"INFO","device":"868120018681","event":"RX_MSG","detail":"0x8001 bodyLen=5"}
{"ts":"2026-04-10T18:51:00.227Z","level":"INFO","device":"868120018681","event":"SERVER_ACK","detail":"0x0800 result=OK"}
{"ts":"2026-04-10T18:51:00.227Z","level":"INFO","device":"868120018681","event":"RX_MSG","detail":"0x9208 bodyLen=81"}
{"ts":"2026-04-10T18:51:00.227Z","level":"INFO","device":"868120018681","event":"9208_RAW","detail":"0C35342E33372E3232352E36350D320000868120018681002604101850592A0200383638313230303138363831303032363034313031383530353932613032303000000000000000000000000000000000"}
{"ts":"2026-04-10T18:51:00.227Z","level":"INFO","device":"868120018681","event":"UPLOAD_TRIGGERED","detail":"media: 54.37.225.65:3378 | alarmId: 868120018681002604101850592A0200"}
{"ts":"2026-04-10T18:51:00.227Z","level":"INFO","device":"868120018681","event":"MEDIA_CONNECTING","detail":"54.37.225.65:3378 files=2"}
{"ts":"2026-04-10T18:51:00.432Z","level":"INFO","device":"868120018681","event":"MEDIA_CONNECTED","detail":"54.37.225.65:3378"}
{"ts":"2026-04-10T18:51:00.432Z","level":"INFO","device":"868120018681","event":"FILE_START","detail":"[1/2] 00_64_6401_00_868120018681002604101850592A0200.jpg (631 bytes)"}
{"ts":"2026-04-10T18:51:00.432Z","level":"INFO","device":"868120018681","event":"SENT_1210","detail":"00_64_6401_00_868120018681002604101850592A0200.jpg"}
{"ts":"2026-04-10T18:51:00.532Z","level":"INFO","device":"868120018681","event":"SENT_RAW_MARKER","detail":"00_64_6401_00_868120018681002604101850592A0200.jpg packet=693 bytes data=631 bytes"}
{"ts":"2026-04-10T18:51:00.533Z","level":"INFO","device":"868120018681","event":"SENT_1212","detail":"00_64_6401_00_868120018681002604101850592A0200.jpg type=0"}
{"ts":"2026-04-10T18:51:00.639Z","level":"INFO","device":"868120018681","event":"MEDIA_RX","detail":"7E 80 01 00 05 86 81 20 01 86 81 E5 A7 00 00 12 10 00 E5 7E"}
{"ts":"2026-04-10T18:51:00.834Z","level":"INFO","device":"868120018681","event":"FILE_START","detail":"[2/2] 02_64_6401_03_868120018681002604101850592A0200.mp4 (1570024 bytes)"}
{"ts":"2026-04-10T18:51:00.834Z","level":"INFO","device":"868120018681","event":"SENT_1210","detail":"02_64_6401_03_868120018681002604101850592A0200.mp4"}
{"ts":"2026-04-10T18:51:00.841Z","level":"INFO","device":"868120018681","event":"MEDIA_RX","detail":"7E 92 12 00 36 86 81 20 01 86 81 ED 6E 32 30 30 5F 36 34 5F 36 34 30 31 5F 30 30 5F 38 36 38 31 32 30 30 31 38 36 38 31 30 30 32 36 30 34 31 30 31 38 35 30 35 39 32 41 30 32 30 30 2E 6A 70 67 00 00 00 07 7E"}
{"ts":"2026-04-10T18:51:00.936Z","level":"INFO","device":"868120018681","event":"SENT_RAW_MARKER","detail":"02_64_6401_03_868120018681002604101850592A0200.mp4 packet=1570086 bytes data=1570024 bytes"}
{"ts":"2026-04-10T18:51:01.140Z","level":"INFO","device":"868120018681","event":"MEDIA_RX","detail":"7E 80 01 00 05 86 81 20 01 86 81 40 24 00 02 12 10 00 C1 7E"}
{"ts":"2026-04-10T18:51:02.174Z","level":"INFO","device":"868120018681","event":"SENT_1212","detail":"02_64_6401_03_868120018681002604101850592A0200.mp4 type=2"}
{"ts":"2026-04-10T18:51:02.475Z","level":"INFO","device":"868120018681","event":"BATCH_COMPLETE","detail":"All 2 files sent"}
{"ts":"2026-04-10T18:51:02.701Z","level":"INFO","device":"868120018681","event":"MEDIA_CLOSED","detail":""}
{"ts":"2026-04-10T18:51:09.698Z","level":"INFO","device":"868120018681","event":"INCIDENT_SENT","detail":"mediaId=43 alarmId=868120018681002604101851092B0200"}
{"ts":"2026-04-10T18:51:09.904Z","level":"INFO","device":"868120018681","event":"RX_MSG","detail":"0x8001 bodyLen=5"}
{"ts":"2026-04-10T18:51:09.904Z","level":"INFO","device":"868120018681","event":"SERVER_ACK","detail":"0x0200 result=OK"}
{"ts":"2026-04-10T18:51:10.254Z","level":"INFO","device":"868120018681","event":"RX_MSG","detail":"0x9208 bodyLen=81"}
{"ts":"2026-04-10T18:51:10.254Z","level":"INFO","device":"868120018681","event":"9208_RAW","detail":"0C35342E33372E3232352E36350D320000868120018681002604101851092B0200383638313230303138363831303032363034313031383531303932623032303000000000000000000000000000000000"}
{"ts":"2026-04-10T18:51:10.255Z","level":"INFO","device":"868120018681","event":"UPLOAD_TRIGGERED","detail":"media: 54.37.225.65:3378 | alarmId: 868120018681002604101851092B0200"}
{"ts":"2026-04-10T18:51:10.255Z","level":"INFO","device":"868120018681","event":"MEDIA_CONNECTING","detail":"54.37.225.65:3378 files=2"}
{"ts":"2026-04-10T18:51:10.255Z","level":"INFO","device":"868120018681","event":"RX_MSG","detail":"0x8001 bodyLen=5"}
{"ts":"2026-04-10T18:51:10.255Z","level":"INFO","device":"868120018681","event":"SERVER_ACK","detail":"0x0800 result=OK"}
{"ts":"2026-04-10T18:51:10.443Z","level":"INFO","device":"868120018681","event":"MEDIA_CONNECTED","detail":"54.37.225.65:3378"}
{"ts":"2026-04-10T18:51:10.443Z","level":"INFO","device":"868120018681","event":"FILE_START","detail":"[1/2] 00_64_6401_00_868120018681002604101851092B0200.jpg (631 bytes)"}
{"ts":"2026-04-10T18:51:10.444Z","level":"INFO","device":"868120018681","event":"SENT_1210","detail":"00_64_6401_00_868120018681002604101851092B0200.jpg"}
{"ts":"2026-04-10T18:51:10.545Z","level":"INFO","device":"868120018681","event":"SENT_RAW_MARKER","detail":"00_64_6401_00_868120018681002604101851092B0200.jpg packet=693 bytes data=631 bytes"}
{"ts":"2026-04-10T18:51:10.545Z","level":"INFO","device":"868120018681","event":"SENT_1212","detail":"00_64_6401_00_868120018681002604101851092B0200.jpg type=0"}
{"ts":"2026-04-10T18:51:10.634Z","level":"INFO","device":"868120018681","event":"MEDIA_RX","detail":"7E 80 01 00 05 86 81 20 01 86 81 95 66 00 00 12 10 00 54 7E"}
{"ts":"2026-04-10T18:51:10.819Z","level":"INFO","device":"868120018681","event":"MEDIA_RX","detail":"7E 92 12 00 36 86 81 20 01 86 81 70 79 32 30 30 5F 36 34 5F 36 34 30 31 5F 30 30 5F 38 36 38 31 32 30 30 31 38 36 38 31 30 30 32 36 30 34 31 30 31 38 35 31 30 39 32 42 30 32 30 30 2E 6A 70 67 00 00 00 8A 7E"}
{"ts":"2026-04-10T18:51:10.846Z","level":"INFO","device":"868120018681","event":"FILE_START","detail":"[2/2] 02_64_6401_03_868120018681002604101851092B0200.mp4 (1570024 bytes)"}
{"ts":"2026-04-10T18:51:10.846Z","level":"INFO","device":"868120018681","event":"SENT_1210","detail":"02_64_6401_03_868120018681002604101851092B0200.mp4"}
{"ts":"2026-04-10T18:51:10.950Z","level":"INFO","device":"868120018681","event":"SENT_RAW_MARKER","detail":"02_64_6401_03_868120018681002604101851092B0200.mp4 packet=1570086 bytes data=1570024 bytes"}
{"ts":"2026-04-10T18:51:11.034Z","level":"INFO","device":"868120018681","event":"MEDIA_RX","detail":"7E 80 01 00 05 86 81 20 01 86 81 4B C2 00 02 12 10 00 2C 7E"}
{"ts":"2026-04-10T18:51:12.011Z","level":"INFO","device":"868120018681","event":"SENT_1212","detail":"02_64_6401_03_868120018681002604101851092B0200.mp4 type=2"}
{"ts":"2026-04-10T18:51:12.312Z","level":"INFO","device":"868120018681","event":"BATCH_COMPLETE","detail":"All 2 files sent"}
{"ts":"2026-04-10T18:51:12.687Z","level":"ERROR","device":"868120018681","event":"MEDIA_ERROR","detail":"54.37.225.65:3378 — read ECONNRESET"}
{"ts":"2026-04-10T18:51:12.687Z","level":"INFO","device":"868120018681","event":"MEDIA_CLOSED","detail":""}
{"ts":"2026-04-10T18:51:14.655Z","level":"INFO","device":"200000000001","event":"OBD2_SENT_0x0200","detail":"Lat: 51.737797, Lng: 0.476635 | Speed: 52km/h | RPM: 2877"}
{"ts":"2026-04-10T18:51:14.862Z","level":"INFO","device":"200000000001","event":"SERVER_ACK","detail":"0x8001 Universal Reply Received"}
{"ts":"2026-04-10T18:51:19.677Z","level":"INFO","device":"868120018681","event":"GPS_SENT","detail":""}
{"ts":"2026-04-10T18:51:19.699Z","level":"INFO","device":"868120018681","event":"INCIDENT_SENT","detail":"mediaId=44 alarmId=868120018681002604101851192C0200"}
{"ts":"2026-04-10T18:51:19.882Z","level":"INFO","device":"868120018681","event":"RX_MSG","detail":"0x8001 bodyLen=5"}
{"ts":"2026-04-10T18:51:19.882Z","level":"INFO","device":"868120018681","event":"SERVER_ACK","detail":"0x0200 result=OK"}
{"ts":"2026-04-10T18:51:20.207Z","level":"INFO","device":"868120018681","event":"RX_MSG","detail":"0x8001 bodyLen=5"}
{"ts":"2026-04-10T18:51:20.207Z","level":"INFO","device":"868120018681","event":"SERVER_ACK","detail":"0x0200 result=OK"}
{"ts":"2026-04-10T18:51:20.207Z","level":"INFO","device":"868120018681","event":"RX_MSG","detail":"0x8001 bodyLen=5"}
{"ts":"2026-04-10T18:51:20.207Z","level":"INFO","device":"868120018681","event":"SERVER_ACK","detail":"0x0800 result=OK"}
{"ts":"2026-04-10T18:51:20.207Z","level":"INFO","device":"868120018681","event":"RX_MSG","detail":"0x9208 bodyLen=81"}
{"ts":"2026-04-10T18:51:20.207Z","level":"INFO","device":"868120018681","event":"9208_RAW","detail":"0C35342E33372E3232352E36350D320000868120018681002604101851192C0200383638313230303138363831303032363034313031383531313932633032303000000000000000000000000000000000"}
{"ts":"2026-04-10T18:51:20.207Z","level":"INFO","device":"868120018681","event":"UPLOAD_TRIGGERED","detail":"media: 54.37.225.65:3378 | alarmId: 868120018681002604101851192C0200"}
{"ts":"2026-04-10T18:51:20.207Z","level":"INFO","device":"868120018681","event":"MEDIA_CONNECTING","detail":"54.37.225.65:3378 files=2"}
{"ts":"2026-04-10T18:51:20.395Z","level":"INFO","device":"868120018681","event":"MEDIA_CONNECTED","detail":"54.37.225.65:3378"}
{"ts":"2026-04-10T18:51:20.395Z","level":"INFO","device":"868120018681","event":"FILE_START","detail":"[1/2] 00_64_6401_00_868120018681002604101851192C0200.jpg (631 bytes)"}
{"ts":"2026-04-10T18:51:20.397Z","level":"INFO","device":"868120018681","event":"SENT_1210","detail":"00_64_6401_00_868120018681002604101851192C0200.jpg"}
{"ts":"2026-04-10T18:51:20.497Z","level":"INFO","device":"868120018681","event":"SENT_RAW_MARKER","detail":"00_64_6401_00_868120018681002604101851192C0200.jpg packet=693 bytes data=631 bytes"}
{"ts":"2026-04-10T18:51:20.497Z","level":"INFO","device":"868120018681","event":"SENT_1212","detail":"00_64_6401_00_868120018681002604101851192C0200.jpg type=0"}
{"ts":"2026-04-10T18:51:20.584Z","level":"INFO","device":"868120018681","event":"MEDIA_RX","detail":"7E 80 01 00 05 86 81 20 01 86 81 F9 93 00 00 12 10 00 CD 7E"}
{"ts":"2026-04-10T18:51:20.769Z","level":"INFO","device":"868120018681","event":"MEDIA_RX","detail":"7E 92 12 00 36 86 81 20 01 86 81 C0 2B 32 30 30 5F 36 34 5F 36 34 30 31 5F 30 30 5F 38 36 38 31 32 30 30 31 38 36 38 31 30 30 32 36 30 34 31 30 31 38 35 31 31 39 32 43 30 32 30 30 2E 6A 70 67 00 00 00 68 7E"}
{"ts":"2026-04-10T18:51:20.798Z","level":"INFO","device":"868120018681","event":"FILE_START","detail":"[2/2] 02_64_6401_03_868120018681002604101851192C0200.mp4 (1570024 bytes)"}
{"ts":"2026-04-10T18:51:20.798Z","level":"INFO","device":"868120018681","event":"SENT_1210","detail":"02_64_6401_03_868120018681002604101851192C0200.mp4"}
{"ts":"2026-04-10T18:51:20.900Z","level":"INFO","device":"868120018681","event":"SENT_RAW_MARKER","detail":"02_64_6401_03_868120018681002604101851192C0200.mp4 packet=1570086 bytes data=1570024 bytes"}
{"ts":"2026-04-10T18:51:20.985Z","level":"INFO","device":"868120018681","event":"MEDIA_RX","detail":"7E 80 01 00 05 86 81 20 01 86 81 6D B6 00 02 12 10 00 7D 02 7E"}
{"ts":"2026-04-10T18:51:21.967Z","level":"INFO","device":"868120018681","event":"SENT_1212","detail":"02_64_6401_03_868120018681002604101851192C0200.mp4 type=2"}
{"ts":"2026-04-10T18:51:22.253Z","level":"INFO","device":"868120018681","event":"MEDIA_RX","detail":"7E 92 12 00 36 86 81 20 01 86 81 DF A1 32 30 32 5F 36 34 5F 36 34 30 31 5F 30 33 5F 38 36 38 31 32 30 30 31 38 36 38 31 30 30 32 36 30 34 31 30 31 38 35 31 31 39 32 43 30 32 30 30 2E 6D 70 34 02 00 00 AA 7E"}
{"ts":"2026-04-10T18:51:22.268Z","level":"INFO","device":"868120018681","event":"BATCH_COMPLETE","detail":"All 2 files sent"}
{"ts":"2026-04-10T18:51:22.936Z","level":"INFO","device":"868120018681","event":"MEDIA_CLOSED","detail":""}
{"ts":"2026-04-10T18:51:29.658Z","level":"INFO","device":"200000000001","event":"HEARTBEAT_SENT","detail":"0x0002"}
{"ts":"2026-04-10T18:51:29.658Z","level":"INFO","device":"200000000001","event":"OBD2_SENT_0x0200","detail":"Lat: 51.737141, Lng: 0.479648 | Speed: 52km/h | RPM: 2896"}
{"ts":"2026-04-10T18:51:29.699Z","level":"INFO","device":"868120018681","event":"INCIDENT_SENT","detail":"mediaId=45 alarmId=868120018681002604101851292D0200"}
{"ts":"2026-04-10T18:51:29.863Z","level":"INFO","device":"200000000001","event":"SERVER_ACK","detail":"0x8001 Universal Reply Received"}
{"ts":"2026-04-10T18:51:29.905Z","level":"INFO","device":"868120018681","event":"RX_MSG","detail":"0x8001 bodyLen=5"}
{"ts":"2026-04-10T18:51:29.905Z","level":"INFO","device":"868120018681","event":"SERVER_ACK","detail":"0x0200 result=OK"}
{"ts":"2026-04-10T18:51:30.190Z","level":"INFO","device":"200000000001","event":"SERVER_ACK","detail":"0x8001 Universal Reply Received"}
{"ts":"2026-04-10T18:51:30.252Z","level":"INFO","device":"868120018681","event":"RX_MSG","detail":"0x9208 bodyLen=81"}
{"ts":"2026-04-10T18:51:30.254Z","level":"INFO","device":"868120018681","event":"9208_RAW","detail":"0C35342E33372E3232352E36350D320000868120018681002604101851292D0200383638313230303138363831303032363034313031383531323932643032303000000000000000000000000000000000"}
{"ts":"2026-04-10T18:51:30.254Z","level":"INFO","device":"868120018681","event":"UPLOAD_TRIGGERED","detail":"media: 54.37.225.65:3378 | alarmId: 868120018681002604101851292D0200"}
{"ts":"2026-04-10T18:51:30.255Z","level":"INFO","device":"868120018681","event":"MEDIA_CONNECTING","detail":"54.37.225.65:3378 files=2"}
{"ts":"2026-04-10T18:51:30.255Z","level":"INFO","device":"868120018681","event":"RX_MSG","detail":"0x8001 bodyLen=5"}
{"ts":"2026-04-10T18:51:30.256Z","level":"INFO","device":"868120018681","event":"SERVER_ACK","detail":"0x0800 result=OK"}
{"ts":"2026-04-10T18:51:30.462Z","level":"INFO","device":"868120018681","event":"MEDIA_CONNECTED","detail":"54.37.225.65:3378"}
{"ts":"2026-04-10T18:51:30.462Z","level":"INFO","device":"868120018681","event":"FILE_START","detail":"[1/2] 00_64_6401_00_868120018681002604101851292D0200.jpg (631 bytes)"}
{"ts":"2026-04-10T18:51:30.462Z","level":"INFO","device":"868120018681","event":"SENT_1210","detail":"00_64_6401_00_868120018681002604101851292D0200.jpg"}
{"ts":"2026-04-10T18:51:30.562Z","level":"INFO","device":"868120018681","event":"SENT_RAW_MARKER","detail":"00_64_6401_00_868120018681002604101851292D0200.jpg packet=693 bytes data=631 bytes"}
{"ts":"2026-04-10T18:51:30.563Z","level":"INFO","device":"868120018681","event":"SENT_1212","detail":"00_64_6401_00_868120018681002604101851292D0200.jpg type=0"}
{"ts":"2026-04-10T18:51:30.668Z","level":"INFO","device":"868120018681","event":"MEDIA_RX","detail":"7E 80 01 00 05 86 81 20 01 86 81 A8 40 00 00 12 10 00 4F 7E"}
{"ts":"2026-04-10T18:51:30.863Z","level":"INFO","device":"868120018681","event":"FILE_START","detail":"[2/2] 02_64_6401_03_868120018681002604101851292D0200.mp4 (1570024 bytes)"}
{"ts":"2026-04-10T18:51:30.864Z","level":"INFO","device":"868120018681","event":"SENT_1210","detail":"02_64_6401_03_868120018681002604101851292D0200.mp4"}
{"ts":"2026-04-10T18:51:30.872Z","level":"INFO","device":"868120018681","event":"MEDIA_RX","detail":"7E 92 12 00 36 86 81 20 01 86 81 0A 54 32 30 30 5F 36 34 5F 36 34 30 31 5F 30 30 5F 38 36 38 31 32 30 30 31 38 36 38 31 30 30 32 36 30 34 31 30 31 38 35 31 32 39 32 44 30 32 30 30 2E 6A 70 67 00 00 00 D9 7E"}
{"ts":"2026-04-10T18:51:30.966Z","level":"INFO","device":"868120018681","event":"SENT_RAW_MARKER","detail":"02_64_6401_03_868120018681002604101851292D0200.mp4 packet=1570086 bytes data=1570024 bytes"}
{"ts":"2026-04-10T18:51:31.171Z","level":"INFO","device":"868120018681","event":"MEDIA_RX","detail":"7E 80 01 00 05 86 81 20 01 86 81 84 4E 00 02 12 10 00 6F 7E"}
{"ts":"2026-04-10T18:51:32.123Z","level":"INFO","device":"868120018681","event":"SENT_1212","detail":"02_64_6401_03_868120018681002604101851292D0200.mp4 type=2"}
{"ts":"2026-04-10T18:51:32.416Z","level":"INFO","device":"868120018681","event":"MEDIA_RX","detail":"7E 92 12 00 36 86 81 20 01 86 81 17 A2 32 30 32 5F 36 34 5F 36 34 30 31 5F 30 33 5F 38 36 38 31 32 30 30 31 38 36 38 31 30 30 32 36 30 34 31 30 31 38 35 31 32 39 32 44 30 32 30 30 2E 6D 70 34 02 00 00 65 7E"}
{"ts":"2026-04-10T18:51:32.423Z","level":"INFO","device":"868120018681","event":"BATCH_COMPLETE","detail":"All 2 files sent"}
{"ts":"2026-04-10T18:51:33.177Z","level":"INFO","device":"868120018681","event":"MEDIA_CLOSED","detail":""}
{"ts":"2026-04-10T18:51:39.684Z","level":"INFO","device":"868120018681","event":"GPS_SENT","detail":""}
{"ts":"2026-04-10T18:51:39.698Z","level":"INFO","device":"868120018681","event":"INCIDENT_SENT","detail":"mediaId=46 alarmId=868120018681002604101851392E0200"}
{"ts":"2026-04-10T18:51:39.890Z","level":"INFO","device":"868120018681","event":"RX_MSG","detail":"0x8001 bodyLen=5"}
{"ts":"2026-04-10T18:51:39.890Z","level":"INFO","device":"868120018681","event":"SERVER_ACK","detail":"0x0200 result=OK"}
{"ts":"2026-04-10T18:51:40.204Z","level":"INFO","device":"868120018681","event":"RX_MSG","detail":"0x8001 bodyLen=5"}
{"ts":"2026-04-10T18:51:40.204Z","level":"INFO","device":"868120018681","event":"SERVER_ACK","detail":"0x0200 result=OK"}
{"ts":"2026-04-10T18:51:40.204Z","level":"INFO","device":"868120018681","event":"RX_MSG","detail":"0x8001 bodyLen=5"}
{"ts":"2026-04-10T18:51:40.204Z","level":"INFO","device":"868120018681","event":"SERVER_ACK","detail":"0x0800 result=OK"}
{"ts":"2026-04-10T18:51:40.204Z","level":"INFO","device":"868120018681","event":"RX_MSG","detail":"0x9208 bodyLen=81"}
{"ts":"2026-04-10T18:51:40.204Z","level":"INFO","device":"868120018681","event":"9208_RAW","detail":"0C35342E33372E3232352E36350D320000868120018681002604101851392E0200383638313230303138363831303032363034313031383531333932653032303000000000000000000000000000000000"}
{"ts":"2026-04-10T18:51:40.204Z","level":"INFO","device":"868120018681","event":"UPLOAD_TRIGGERED","detail":"media: 54.37.225.65:3378 | alarmId: 868120018681002604101851392E0200"}
{"ts":"2026-04-10T18:51:40.204Z","level":"INFO","device":"868120018681","event":"MEDIA_CONNECTING","detail":"54.37.225.65:3378 files=2"}
{"ts":"2026-04-10T18:51:40.393Z","level":"INFO","device":"868120018681","event":"MEDIA_CONNECTED","detail":"54.37.225.65:3378"}
{"ts":"2026-04-10T18:51:40.393Z","level":"INFO","device":"868120018681","event":"FILE_START","detail":"[1/2] 00_64_6401_00_868120018681002604101851392E0200.jpg (631 bytes)"}
{"ts":"2026-04-10T18:51:40.393Z","level":"INFO","device":"868120018681","event":"SENT_1210","detail":"00_64_6401_00_868120018681002604101851392E0200.jpg"}
{"ts":"2026-04-10T18:51:40.494Z","level":"INFO","device":"868120018681","event":"SENT_RAW_MARKER","detail":"00_64_6401_00_868120018681002604101851392E0200.jpg packet=693 bytes data=631 bytes"}
{"ts":"2026-04-10T18:51:40.494Z","level":"INFO","device":"868120018681","event":"SENT_1212","detail":"00_64_6401_00_868120018681002604101851392E0200.jpg type=0"}
{"ts":"2026-04-10T18:51:40.587Z","level":"INFO","device":"868120018681","event":"MEDIA_RX","detail":"7E 80 01 00 05 86 81 20 01 86 81 23 F3 00 00 12 10 00 77 7E"}
{"ts":"2026-04-10T18:51:40.773Z","level":"INFO","device":"868120018681","event":"MEDIA_RX","detail":"7E 92 12 00 36 86 81 20 01 86 81 98 58 32 30 30 5F 36 34 5F 36 34 30 31 5F 30 30 5F 38 36 38 31 32 30 30 31 38 36 38 31 30 30 32 36 30 34 31 30 31 38 35 31 33 39 32 45 30 32 30 30 2E 6A 70 67 00 00 00 47 7E"}
{"ts":"2026-04-10T18:51:40.794Z","level":"INFO","device":"868120018681","event":"FILE_START","detail":"[2/2] 02_64_6401_03_868120018681002604101851392E0200.mp4 (1570024 bytes)"}
{"ts":"2026-04-10T18:51:40.794Z","level":"INFO","device":"868120018681","event":"SENT_1210","detail":"02_64_6401_03_868120018681002604101851392E0200.mp4"}
{"ts":"2026-04-10T18:51:40.895Z","level":"INFO","device":"868120018681","event":"SENT_RAW_MARKER","detail":"02_64_6401_03_868120018681002604101851392E0200.mp4 packet=1570086 bytes data=1570024 bytes"}
{"ts":"2026-04-10T18:51:40.982Z","level":"INFO","device":"868120018681","event":"MEDIA_RX","detail":"7E 80 01 00 05 86 81 20 01 86 81 A1 DF 00 02 12 10 00 DB 7E"}
{"ts":"2026-04-10T18:51:41.999Z","level":"INFO","device":"868120018681","event":"SENT_1212","detail":"02_64_6401_03_868120018681002604101851392E0200.mp4 type=2"}
{"ts":"2026-04-10T18:51:42.301Z","level":"INFO","device":"868120018681","event":"BATCH_COMPLETE","detail":"All 2 files sent"}
{"ts":"2026-04-10T18:51:42.678Z","level":"ERROR","device":"868120018681","event":"MEDIA_ERROR","detail":"54.37.225.65:3378 — read ECONNRESET"}
{"ts":"2026-04-10T18:51:42.678Z","level":"INFO","device":"868120018681","event":"MEDIA_CLOSED","detail":""}
{"ts":"2026-04-10T18:51:44.661Z","level":"INFO","device":"200000000001","event":"OBD2_SENT_0x0200","detail":"Lat: 51.735624, Lng: 0.481705 | Speed: 52km/h | RPM: 2881"}
{"ts":"2026-04-10T18:51:44.906Z","level":"INFO","device":"200000000001","event":"SERVER_ACK","detail":"0x8001 Universal Reply Received"}
{"ts":"2026-04-10T18:51:49.703Z","level":"INFO","device":"868120018681","event":"INCIDENT_SENT","detail":"mediaId=47 alarmId=868120018681002604101851492F0200"}
{"ts":"2026-04-10T18:51:49.908Z","level":"INFO","device":"868120018681","event":"RX_MSG","detail":"0x8001 bodyLen=5"}
{"ts":"2026-04-10T18:51:49.908Z","level":"INFO","device":"868120018681","event":"SERVER_ACK","detail":"0x0200 result=OK"}
{"ts":"2026-04-10T18:51:50.250Z","level":"INFO","device":"868120018681","event":"RX_MSG","detail":"0x9208 bodyLen=81"}
{"ts":"2026-04-10T18:51:50.250Z","level":"INFO","device":"868120018681","event":"9208_RAW","detail":"0C35342E33372E3232352E36350D320000868120018681002604101851492F0200383638313230303138363831303032363034313031383531343932663032303000000000000000000000000000000000"}
{"ts":"2026-04-10T18:51:50.250Z","level":"INFO","device":"868120018681","event":"UPLOAD_TRIGGERED","detail":"media: 54.37.225.65:3378 | alarmId: 868120018681002604101851492F0200"}
{"ts":"2026-04-10T18:51:50.250Z","level":"INFO","device":"868120018681","event":"MEDIA_CONNECTING","detail":"54.37.225.65:3378 files=2"}
{"ts":"2026-04-10T18:51:50.250Z","level":"INFO","device":"868120018681","event":"RX_MSG","detail":"0x8001 bodyLen=5"}
{"ts":"2026-04-10T18:51:50.250Z","level":"INFO","device":"868120018681","event":"SERVER_ACK","detail":"0x0800 result=OK"}
{"ts":"2026-04-10T18:51:50.454Z","level":"INFO","device":"868120018681","event":"MEDIA_CONNECTED","detail":"54.37.225.65:3378"}
{"ts":"2026-04-10T18:51:50.454Z","level":"INFO","device":"868120018681","event":"FILE_START","detail":"[1/2] 00_64_6401_00_868120018681002604101851492F0200.jpg (631 bytes)"}
{"ts":"2026-04-10T18:51:50.455Z","level":"INFO","device":"868120018681","event":"SENT_1210","detail":"00_64_6401_00_868120018681002604101851492F0200.jpg"}
{"ts":"2026-04-10T18:51:50.555Z","level":"INFO","device":"868120018681","event":"SENT_RAW_MARKER","detail":"00_64_6401_00_868120018681002604101851492F0200.jpg packet=693 bytes data=631 bytes"}
{"ts":"2026-04-10T18:51:50.555Z","level":"INFO","device":"868120018681","event":"SENT_1212","detail":"00_64_6401_00_868120018681002604101851492F0200.jpg type=0"}
{"ts":"2026-04-10T18:51:50.660Z","level":"INFO","device":"868120018681","event":"MEDIA_RX","detail":"7E 80 01 00 05 86 81 20 01 86 81 85 AC 00 00 12 10 00 8E 7E"}
{"ts":"2026-04-10T18:51:50.855Z","level":"INFO","device":"868120018681","event":"FILE_START","detail":"[2/2] 02_64_6401_03_868120018681002604101851492F0200.mp4 (1570024 bytes)"}
{"ts":"2026-04-10T18:51:50.856Z","level":"INFO","device":"868120018681","event":"SENT_1210","detail":"02_64_6401_03_868120018681002604101851492F0200.mp4"}
{"ts":"2026-04-10T18:51:50.861Z","level":"INFO","device":"868120018681","event":"MEDIA_RX","detail":"7E 92 12 00 36 86 81 20 01 86 81 69 53 32 30 30 5F 36 34 5F 36 34 30 31 5F 30 30 5F 38 36 38 31 32 30 30 31 38 36 38 31 30 30 32 36 30 34 31 30 31 38 35 31 34 39 32 46 30 32 30 30 2E 6A 70 67 00 00 00 B9 7E"}
{"ts":"2026-04-10T18:51:50.957Z","level":"INFO","device":"868120018681","event":"SENT_RAW_MARKER","detail":"02_64_6401_03_868120018681002604101851492F0200.mp4 packet=1570086 bytes data=1570024 bytes"}
{"ts":"2026-04-10T18:51:51.161Z","level":"INFO","device":"868120018681","event":"MEDIA_RX","detail":"7E 80 01 00 05 86 81 20 01 86 81 EB 73 00 02 12 10 00 3D 7E"}
{"ts":"2026-04-10T18:51:52.099Z","level":"INFO","device":"868120018681","event":"SENT_1212","detail":"02_64_6401_03_868120018681002604101851492F0200.mp4 type=2"}
{"ts":"2026-04-10T18:51:52.396Z","level":"INFO","device":"868120018681","event":"MEDIA_RX","detail":"7E 92 12 00 36 86 81 20 01 86 81 FA 7C 32 30 32 5F 36 34 5F 36 34 30 31 5F 30 33 5F 38 36 38 31 32 30 30 31 38 36 38 31 30 30 32 36 30 34 31 30 31 38 35 31 34 39 32 46 30 32 30 30 2E 6D 70 34 02 00 00 52 7E"}
{"ts":"2026-04-10T18:51:52.399Z","level":"INFO","device":"868120018681","event":"BATCH_COMPLETE","detail":"All 2 files sent"}
{"ts":"2026-04-10T18:51:53.144Z","level":"INFO","device":"868120018681","event":"MEDIA_CLOSED","detail":""}
{"ts":"2026-04-10T18:51:59.658Z","level":"INFO","device":"200000000001","event":"HEARTBEAT_SENT","detail":"0x0002"}
{"ts":"2026-04-10T18:51:59.660Z","level":"INFO","device":"200000000001","event":"OBD2_SENT_0x0200","detail":"Lat: 51.734161, Lng: 0.483602 | Speed: 51km/h | RPM: 2842"}
{"ts":"2026-04-10T18:51:59.684Z","level":"INFO","device":"868120018681","event":"GPS_SENT","detail":""}
{"ts":"2026-04-10T18:51:59.704Z","level":"INFO","device":"868120018681","event":"INCIDENT_SENT","detail":"mediaId=48 alarmId=86812001868100260410185159300200"}
{"ts":"2026-04-10T18:51:59.865Z","level":"INFO","device":"200000000001","event":"SERVER_ACK","detail":"0x8001 Universal Reply Received"}
{"ts":"2026-04-10T18:51:59.889Z","level":"INFO","device":"868120018681","event":"RX_MSG","detail":"0x8001 bodyLen=5"}
{"ts":"2026-04-10T18:51:59.889Z","level":"INFO","device":"868120018681","event":"SERVER_ACK","detail":"0x0200 result=OK"}
{"ts":"2026-04-10T18:52:00.171Z","level":"INFO","device":"200000000001","event":"SERVER_ACK","detail":"0x8001 Universal Reply Received"}
{"ts":"2026-04-10T18:52:00.202Z","level":"INFO","device":"868120018681","event":"RX_MSG","detail":"0x8001 bodyLen=5"}
{"ts":"2026-04-10T18:52:00.202Z","level":"INFO","device":"868120018681","event":"SERVER_ACK","detail":"0x0200 result=OK"}
{"ts":"2026-04-10T18:52:00.202Z","level":"INFO","device":"868120018681","event":"RX_MSG","detail":"0x8001 bodyLen=5"}
{"ts":"2026-04-10T18:52:00.202Z","level":"INFO","device":"868120018681","event":"SERVER_ACK","detail":"0x0800 result=OK"}
{"ts":"2026-04-10T18:52:00.203Z","level":"INFO","device":"868120018681","event":"RX_MSG","detail":"0x9208 bodyLen=81"}
{"ts":"2026-04-10T18:52:00.203Z","level":"INFO","device":"868120018681","event":"9208_RAW","detail":"0C35342E33372E3232352E36350D32000086812001868100260410185159300200383638313230303138363831303032363034313031383531353933303032303000000000000000000000000000000000"}
{"ts":"2026-04-10T18:52:00.203Z","level":"INFO","device":"868120018681","event":"UPLOAD_TRIGGERED","detail":"media: 54.37.225.65:3378 | alarmId: 86812001868100260410185159300200"}
{"ts":"2026-04-10T18:52:00.203Z","level":"INFO","device":"868120018681","event":"MEDIA_CONNECTING","detail":"54.37.225.65:3378 files=2"}
{"ts":"2026-04-10T18:52:00.408Z","level":"INFO","device":"868120018681","event":"MEDIA_CONNECTED","detail":"54.37.225.65:3378"}
{"ts":"2026-04-10T18:52:00.408Z","level":"INFO","device":"868120018681","event":"FILE_START","detail":"[1/2] 00_64_6401_00_86812001868100260410185159300200.jpg (631 bytes)"}
{"ts":"2026-04-10T18:52:00.408Z","level":"INFO","device":"868120018681","event":"SENT_1210","detail":"00_64_6401_00_86812001868100260410185159300200.jpg"}
{"ts":"2026-04-10T18:52:00.508Z","level":"INFO","device":"868120018681","event":"SENT_RAW_MARKER","detail":"00_64_6401_00_86812001868100260410185159300200.jpg packet=693 bytes data=631 bytes"}
{"ts":"2026-04-10T18:52:00.508Z","level":"INFO","device":"868120018681","event":"SENT_1212","detail":"00_64_6401_00_86812001868100260410185159300200.jpg type=0"}
{"ts":"2026-04-10T18:52:00.614Z","level":"INFO","device":"868120018681","event":"MEDIA_RX","detail":"7E 80 01 00 05 86 81 20 01 86 81 C4 19 00 00 12 10 00 7A 7E"}
{"ts":"2026-04-10T18:52:00.809Z","level":"INFO","device":"868120018681","event":"FILE_START","detail":"[2/2] 02_64_6401_03_86812001868100260410185159300200.mp4 (1570024 bytes)"}
{"ts":"2026-04-10T18:52:00.809Z","level":"INFO","device":"868120018681","event":"SENT_1210","detail":"02_64_6401_03_86812001868100260410185159300200.mp4"}
{"ts":"2026-04-10T18:52:00.816Z","level":"INFO","device":"868120018681","event":"MEDIA_RX","detail":"7E 92 12 00 36 86 81 20 01 86 81 B9 99 32 30 30 5F 36 34 5F 36 34 30 31 5F 30 30 5F 38 36 38 31 32 30 30 31 38 36 38 31 30 30 32 36 30 34 31 30 31 38 35 31 35 39 33 30 30 32 30 30 2E 6A 70 67 00 00 00 D5 7E"}
{"ts":"2026-04-10T18:52:00.911Z","level":"INFO","device":"868120018681","event":"SENT_RAW_MARKER","detail":"02_64_6401_03_86812001868100260410185159300200.mp4 packet=1570086 bytes data=1570024 bytes"}
{"ts":"2026-04-10T18:52:01.116Z","level":"INFO","device":"868120018681","event":"MEDIA_RX","detail":"7E 80 01 00 05 86 81 20 01 86 81 04 D3 00 02 12 10 00 72 7E"}
{"ts":"2026-04-10T18:52:02.083Z","level":"INFO","device":"868120018681","event":"SENT_1212","detail":"02_64_6401_03_86812001868100260410185159300200.mp4 type=2"}
{"ts":"2026-04-10T18:52:02.365Z","level":"INFO","device":"868120018681","event":"MEDIA_RX","detail":"7E 92 12 00 36 86 81 20 01 86 81 09 E8 32 30 32 5F 36 34 5F 36 34 30 31 5F 30 33 5F 38 36 38 31 32 30 30 31 38 36 38 31 30 30 32 36 30 34 31 30 31 38 35 31 35 39 33 30 30 32 30 30 2E 6D 70 34 02 00 00 43 7E"}
{"ts":"2026-04-10T18:52:02.383Z","level":"INFO","device":"868120018681","event":"BATCH_COMPLETE","detail":"All 2 files sent"}
{"ts":"2026-04-10T18:52:03.128Z","level":"INFO","device":"868120018681","event":"MEDIA_CLOSED","detail":""}
{"ts":"2026-04-10T18:52:09.709Z","level":"INFO","device":"868120018681","event":"INCIDENT_SENT","detail":"mediaId=49 alarmId=86812001868100260410185209310200"}
{"ts":"2026-04-10T18:52:09.918Z","level":"INFO","device":"868120018681","event":"RX_MSG","detail":"0x8001 bodyLen=5"}
{"ts":"2026-04-10T18:52:09.918Z","level":"INFO","device":"868120018681","event":"SERVER_ACK","detail":"0x0200 result=OK"}
{"ts":"2026-04-10T18:52:10.250Z","level":"INFO","device":"868120018681","event":"RX_MSG","detail":"0x9208 bodyLen=81"}
{"ts":"2026-04-10T18:52:10.250Z","level":"INFO","device":"868120018681","event":"9208_RAW","detail":"0C35342E33372E3232352E36350D32000086812001868100260410185209310200383638313230303138363831303032363034313031383532303933313032303000000000000000000000000000000000"}
{"ts":"2026-04-10T18:52:10.250Z","level":"INFO","device":"868120018681","event":"UPLOAD_TRIGGERED","detail":"media: 54.37.225.65:3378 | alarmId: 86812001868100260410185209310200"}
{"ts":"2026-04-10T18:52:10.250Z","level":"INFO","device":"868120018681","event":"MEDIA_CONNECTING","detail":"54.37.225.65:3378 files=2"}
{"ts":"2026-04-10T18:52:10.250Z","level":"INFO","device":"868120018681","event":"RX_MSG","detail":"0x8001 bodyLen=5"}
{"ts":"2026-04-10T18:52:10.251Z","level":"INFO","device":"868120018681","event":"SERVER_ACK","detail":"0x0800 result=OK"}
{"ts":"2026-04-10T18:52:10.455Z","level":"INFO","device":"868120018681","event":"MEDIA_CONNECTED","detail":"54.37.225.65:3378"}
{"ts":"2026-04-10T18:52:10.455Z","level":"INFO","device":"868120018681","event":"FILE_START","detail":"[1/2] 00_64_6401_00_86812001868100260410185209310200.jpg (631 bytes)"}
{"ts":"2026-04-10T18:52:10.455Z","level":"INFO","device":"868120018681","event":"SENT_1210","detail":"00_64_6401_00_86812001868100260410185209310200.jpg"}
{"ts":"2026-04-10T18:52:10.555Z","level":"INFO","device":"868120018681","event":"SENT_RAW_MARKER","detail":"00_64_6401_00_86812001868100260410185209310200.jpg packet=693 bytes data=631 bytes"}
{"ts":"2026-04-10T18:52:10.555Z","level":"INFO","device":"868120018681","event":"SENT_1212","detail":"00_64_6401_00_86812001868100260410185209310200.jpg type=0"}
{"ts":"2026-04-10T18:52:10.662Z","level":"INFO","device":"868120018681","event":"MEDIA_RX","detail":"7E 80 01 00 05 86 81 20 01 86 81 08 8F 00 00 12 10 00 20 7E"}
{"ts":"2026-04-10T18:52:10.855Z","level":"INFO","device":"868120018681","event":"FILE_START","detail":"[2/2] 02_64_6401_03_86812001868100260410185209310200.mp4 (1570024 bytes)"}
{"ts":"2026-04-10T18:52:10.856Z","level":"INFO","device":"868120018681","event":"SENT_1210","detail":"02_64_6401_03_86812001868100260410185209310200.mp4"}
{"ts":"2026-04-10T18:52:10.864Z","level":"INFO","device":"868120018681","event":"MEDIA_RX","detail":"7E 92 12 00 36 86 81 20 01 86 81 C1 22 32 30 30 5F 36 34 5F 36 34 30 31 5F 30 30 5F 38 36 38 31 32 30 30 31 38 36 38 31 30 30 32 36 30 34 31 30 31 38 35 32 30 39 33 31 30 32 30 30 2E 6A 70 67 00 00 00 11 7E"}
{"ts":"2026-04-10T18:52:10.957Z","level":"INFO","device":"868120018681","event":"SENT_RAW_MARKER","detail":"02_64_6401_03_86812001868100260410185209310200.mp4 packet=1570086 bytes data=1570024 bytes"}
{"ts":"2026-04-10T18:52:11.162Z","level":"INFO","device":"868120018681","event":"MEDIA_RX","detail":"7E 80 01 00 05 86 81 20 01 86 81 9F CA 00 02 12 10 00 F0 7E"}
{"ts":"2026-04-10T18:52:11.988Z","level":"INFO","device":"868120018681","event":"SENT_1212","detail":"02_64_6401_03_86812001868100260410185209310200.mp4 type=2"}
{"ts":"2026-04-10T18:52:12.288Z","level":"INFO","device":"868120018681","event":"BATCH_COMPLETE","detail":"All 2 files sent"}
{"ts":"2026-04-10T18:52:12.701Z","level":"ERROR","device":"868120018681","event":"MEDIA_ERROR","detail":"54.37.225.65:3378 — read ECONNRESET"}
{"ts":"2026-04-10T18:52:12.701Z","level":"INFO","device":"868120018681","event":"MEDIA_CLOSED","detail":""}
{"ts":"2026-04-10T18:52:14.662Z","level":"INFO","device":"200000000001","event":"OBD2_SENT_0x0200","detail":"Lat: 51.733264, Lng: 0.486282 | Speed: 53km/h | RPM: 2907"}
{"ts":"2026-04-10T18:52:14.872Z","level":"INFO","device":"200000000001","event":"SERVER_ACK","detail":"0x8001 Universal Reply Received"}
{"ts":"2026-04-10T18:52:19.688Z","level":"INFO","device":"868120018681","event":"GPS_SENT","detail":""}
{"ts":"2026-04-10T18:52:19.709Z","level":"INFO","device":"868120018681","event":"INCIDENT_SENT","detail":"mediaId=50 alarmId=86812001868100260410185219320200"}
{"ts":"2026-04-10T18:52:19.893Z","level":"INFO","device":"868120018681","event":"RX_MSG","detail":"0x8001 bodyLen=5"}
{"ts":"2026-04-10T18:52:19.893Z","level":"INFO","device":"868120018681","event":"SERVER_ACK","detail":"0x0200 result=OK"}
{"ts":"2026-04-10T18:52:20.203Z","level":"INFO","device":"868120018681","event":"RX_MSG","detail":"0x8001 bodyLen=5"}
{"ts":"2026-04-10T18:52:20.203Z","level":"INFO","device":"868120018681","event":"SERVER_ACK","detail":"0x0200 result=OK"}
{"ts":"2026-04-10T18:52:20.204Z","level":"INFO","device":"868120018681","event":"RX_MSG","detail":"0x8001 bodyLen=5"}
{"ts":"2026-04-10T18:52:20.204Z","level":"INFO","device":"868120018681","event":"SERVER_ACK","detail":"0x0800 result=OK"}
{"ts":"2026-04-10T18:52:20.204Z","level":"INFO","device":"868120018681","event":"RX_MSG","detail":"0x9208 bodyLen=81"}
{"ts":"2026-04-10T18:52:20.204Z","level":"INFO","device":"868120018681","event":"9208_RAW","detail":"0C35342E33372E3232352E36350D32000086812001868100260410185219320200383638313230303138363831303032363034313031383532313933323032303000000000000000000000000000000000"}
{"ts":"2026-04-10T18:52:20.204Z","level":"INFO","device":"868120018681","event":"UPLOAD_TRIGGERED","detail":"media: 54.37.225.65:3378 | alarmId: 86812001868100260410185219320200"}
{"ts":"2026-04-10T18:52:20.204Z","level":"INFO","device":"868120018681","event":"MEDIA_CONNECTING","detail":"54.37.225.65:3378 files=2"}
{"ts":"2026-04-10T18:52:20.409Z","level":"INFO","device":"868120018681","event":"MEDIA_CONNECTED","detail":"54.37.225.65:3378"}
{"ts":"2026-04-10T18:52:20.409Z","level":"INFO","device":"868120018681","event":"FILE_START","detail":"[1/2] 00_64_6401_00_86812001868100260410185219320200.jpg (631 bytes)"}
{"ts":"2026-04-10T18:52:20.409Z","level":"INFO","device":"868120018681","event":"SENT_1210","detail":"00_64_6401_00_86812001868100260410185219320200.jpg"}
{"ts":"2026-04-10T18:52:20.509Z","level":"INFO","device":"868120018681","event":"SENT_RAW_MARKER","detail":"00_64_6401_00_86812001868100260410185219320200.jpg packet=693 bytes data=631 bytes"}
{"ts":"2026-04-10T18:52:20.510Z","level":"INFO","device":"868120018681","event":"SENT_1212","detail":"00_64_6401_00_86812001868100260410185219320200.jpg type=0"}
{"ts":"2026-04-10T18:52:20.615Z","level":"INFO","device":"868120018681","event":"MEDIA_RX","detail":"7E 80 01 00 05 86 81 20 01 86 81 9C 75 00 00 12 10 00 4E 7E"}
{"ts":"2026-04-10T18:52:20.810Z","level":"INFO","device":"868120018681","event":"FILE_START","detail":"[2/2] 02_64_6401_03_86812001868100260410185219320200.mp4 (1570024 bytes)"}
{"ts":"2026-04-10T18:52:20.810Z","level":"INFO","device":"868120018681","event":"SENT_1210","detail":"02_64_6401_03_86812001868100260410185219320200.mp4"}
{"ts":"2026-04-10T18:52:20.818Z","level":"INFO","device":"868120018681","event":"MEDIA_RX","detail":"7E 92 12 00 36 86 81 20 01 86 81 32 75 32 30 30 5F 36 34 5F 36 34 30 31 5F 30 30 5F 38 36 38 31 32 30 30 31 38 36 38 31 30 30 32 36 30 34 31 30 31 38 35 32 31 39 33 32 30 32 30 30 2E 6A 70 67 00 00 00 B7 7E"}
{"ts":"2026-04-10T18:52:20.911Z","level":"INFO","device":"868120018681","event":"SENT_RAW_MARKER","detail":"02_64_6401_03_86812001868100260410185219320200.mp4 packet=1570086 bytes data=1570024 bytes"}
{"ts":"2026-04-10T18:52:21.115Z","level":"INFO","device":"868120018681","event":"MEDIA_RX","detail":"7E 80 01 00 05 86 81 20 01 86 81 73 59 00 02 12 10 00 8F 7E"}
{"ts":"2026-04-10T18:52:22.079Z","level":"INFO","device":"868120018681","event":"SENT_1212","detail":"02_64_6401_03_86812001868100260410185219320200.mp4 type=2"}
{"ts":"2026-04-10T18:52:22.367Z","level":"INFO","device":"868120018681","event":"MEDIA_RX","detail":"7E 92 12 00 36 86 81 20 01 86 81 4C A4 32 30 32 5F 36 34 5F 36 34 30 31 5F 30 33 5F 38 36 38 31 32 30 30 31 38 36 38 31 30 30 32 36 30 34 31 30 31 38 35 32 31 39 33 32 30 32 30 30 2E 6D 70 34 02 00 00 4F 7E"}
{"ts":"2026-04-10T18:52:22.379Z","level":"INFO","device":"868120018681","event":"BATCH_COMPLETE","detail":"All 2 files sent"}
{"ts":"2026-04-10T18:52:23.161Z","level":"INFO","device":"868120018681","event":"MEDIA_CLOSED","detail":""}
{"ts":"2026-04-10T18:52:29.664Z","level":"INFO","device":"200000000001","event":"HEARTBEAT_SENT","detail":"0x0002"}
{"ts":"2026-04-10T18:52:29.664Z","level":"INFO","device":"200000000001","event":"OBD2_SENT_0x0200","detail":"Lat: 51.732240, Lng: 0.489649 | Speed: 52km/h | RPM: 2861"}
{"ts":"2026-04-10T18:52:29.710Z","level":"INFO","device":"868120018681","event":"INCIDENT_SENT","detail":"mediaId=51 alarmId=86812001868100260410185229330200"}
{"ts":"2026-04-10T18:52:29.869Z","level":"INFO","device":"200000000001","event":"SERVER_ACK","detail":"0x8001 Universal Reply Received"}
{"ts":"2026-04-10T18:52:29.915Z","level":"INFO","device":"868120018681","event":"RX_MSG","detail":"0x8001 bodyLen=5"}
{"ts":"2026-04-10T18:52:29.915Z","level":"INFO","device":"868120018681","event":"SERVER_ACK","detail":"0x0200 result=OK"}
{"ts":"2026-04-10T18:52:30.186Z","level":"INFO","device":"200000000001","event":"SERVER_ACK","detail":"0x8001 Universal Reply Received"}
{"ts":"2026-04-10T18:52:30.248Z","level":"INFO","device":"868120018681","event":"RX_MSG","detail":"0x9208 bodyLen=81"}
{"ts":"2026-04-10T18:52:30.248Z","level":"INFO","device":"868120018681","event":"9208_RAW","detail":"0C35342E33372E3232352E36350D32000086812001868100260410185229330200383638313230303138363831303032363034313031383532323933333032303000000000000000000000000000000000"}
{"ts":"2026-04-10T18:52:30.248Z","level":"INFO","device":"868120018681","event":"UPLOAD_TRIGGERED","detail":"media: 54.37.225.65:3378 | alarmId: 86812001868100260410185229330200"}
{"ts":"2026-04-10T18:52:30.248Z","level":"INFO","device":"868120018681","event":"MEDIA_CONNECTING","detail":"54.37.225.65:3378 files=2"}
{"ts":"2026-04-10T18:52:30.249Z","level":"INFO","device":"868120018681","event":"RX_MSG","detail":"0x8001 bodyLen=5"}
{"ts":"2026-04-10T18:52:30.249Z","level":"INFO","device":"868120018681","event":"SERVER_ACK","detail":"0x0800 result=OK"}
{"ts":"2026-04-10T18:52:30.453Z","level":"INFO","device":"868120018681","event":"MEDIA_CONNECTED","detail":"54.37.225.65:3378"}
{"ts":"2026-04-10T18:52:30.453Z","level":"INFO","device":"868120018681","event":"FILE_START","detail":"[1/2] 00_64_6401_00_86812001868100260410185229330200.jpg (631 bytes)"}
{"ts":"2026-04-10T18:52:30.453Z","level":"INFO","device":"868120018681","event":"SENT_1210","detail":"00_64_6401_00_86812001868100260410185229330200.jpg"}
{"ts":"2026-04-10T18:52:30.553Z","level":"INFO","device":"868120018681","event":"SENT_RAW_MARKER","detail":"00_64_6401_00_86812001868100260410185229330200.jpg packet=693 bytes data=631 bytes"}
{"ts":"2026-04-10T18:52:30.554Z","level":"INFO","device":"868120018681","event":"SENT_1212","detail":"00_64_6401_00_86812001868100260410185229330200.jpg type=0"}
{"ts":"2026-04-10T18:52:30.659Z","level":"INFO","device":"868120018681","event":"MEDIA_RX","detail":"7E 80 01 00 05 86 81 20 01 86 81 55 AC 00 00 12 10 00 5E 7E"}
{"ts":"2026-04-10T18:52:30.855Z","level":"INFO","device":"868120018681","event":"FILE_START","detail":"[2/2] 02_64_6401_03_86812001868100260410185229330200.mp4 (1570024 bytes)"}
{"ts":"2026-04-10T18:52:30.855Z","level":"INFO","device":"868120018681","event":"SENT_1210","detail":"02_64_6401_03_86812001868100260410185229330200.mp4"}
{"ts":"2026-04-10T18:52:30.861Z","level":"INFO","device":"868120018681","event":"MEDIA_RX","detail":"7E 92 12 00 36 86 81 20 01 86 81 F9 AA 32 30 30 5F 36 34 5F 36 34 30 31 5F 30 30 5F 38 36 38 31 32 30 30 31 38 36 38 31 30 30 32 36 30 34 31 30 31 38 35 32 32 39 33 33 30 32 30 30 2E 6A 70 67 00 00 00 A1 7E"}
{"ts":"2026-04-10T18:52:30.956Z","level":"INFO","device":"868120018681","event":"SENT_RAW_MARKER","detail":"02_64_6401_03_86812001868100260410185229330200.mp4 packet=1570086 bytes data=1570024 bytes"}
{"ts":"2026-04-10T18:52:31.161Z","level":"INFO","device":"868120018681","event":"MEDIA_RX","detail":"7E 80 01 00 05 86 81 20 01 86 81 23 DE 00 02 12 10 00 58 7E"}
{"ts":"2026-04-10T18:52:32.098Z","level":"INFO","device":"868120018681","event":"SENT_1212","detail":"02_64_6401_03_86812001868100260410185229330200.mp4 type=2"}
{"ts":"2026-04-10T18:52:32.399Z","level":"INFO","device":"868120018681","event":"BATCH_COMPLETE","detail":"All 2 files sent"}
{"ts":"2026-04-10T18:52:32.808Z","level":"ERROR","device":"868120018681","event":"MEDIA_ERROR","detail":"54.37.225.65:3378 — read ECONNRESET"}
{"ts":"2026-04-10T18:52:32.808Z","level":"INFO","device":"868120018681","event":"MEDIA_CLOSED","detail":""}
{"ts":"2026-04-10T18:52:39.691Z","level":"INFO","device":"868120018681","event":"GPS_SENT","detail":""}
{"ts":"2026-04-10T18:52:39.709Z","level":"INFO","device":"868120018681","event":"INCIDENT_SENT","detail":"mediaId=52 alarmId=86812001868100260410185239340200"}
{"ts":"2026-04-10T18:52:39.896Z","level":"INFO","device":"868120018681","event":"RX_MSG","detail":"0x8001 bodyLen=5"}
{"ts":"2026-04-10T18:52:39.896Z","level":"INFO","device":"868120018681","event":"SERVER_ACK","detail":"0x0200 result=OK"}
{"ts":"2026-04-10T18:52:40.201Z","level":"INFO","device":"868120018681","event":"RX_MSG","detail":"0x8001 bodyLen=5"}
{"ts":"2026-04-10T18:52:40.201Z","level":"INFO","device":"868120018681","event":"SERVER_ACK","detail":"0x0200 result=OK"}
{"ts":"2026-04-10T18:52:40.201Z","level":"INFO","device":"868120018681","event":"RX_MSG","detail":"0x8001 bodyLen=5"}
{"ts":"2026-04-10T18:52:40.201Z","level":"INFO","device":"868120018681","event":"SERVER_ACK","detail":"0x0800 result=OK"}
{"ts":"2026-04-10T18:52:40.201Z","level":"INFO","device":"868120018681","event":"RX_MSG","detail":"0x9208 bodyLen=81"}
{"ts":"2026-04-10T18:52:40.201Z","level":"INFO","device":"868120018681","event":"9208_RAW","detail":"0C35342E33372E3232352E36350D32000086812001868100260410185239340200383638313230303138363831303032363034313031383532333933343032303000000000000000000000000000000000"}
{"ts":"2026-04-10T18:52:40.201Z","level":"INFO","device":"868120018681","event":"UPLOAD_TRIGGERED","detail":"media: 54.37.225.65:3378 | alarmId: 86812001868100260410185239340200"}
{"ts":"2026-04-10T18:52:40.201Z","level":"INFO","device":"868120018681","event":"MEDIA_CONNECTING","detail":"54.37.225.65:3378 files=2"}
{"ts":"2026-04-10T18:52:40.406Z","level":"INFO","device":"868120018681","event":"MEDIA_CONNECTED","detail":"54.37.225.65:3378"}
{"ts":"2026-04-10T18:52:40.406Z","level":"INFO","device":"868120018681","event":"FILE_START","detail":"[1/2] 00_64_6401_00_86812001868100260410185239340200.jpg (631 bytes)"}
{"ts":"2026-04-10T18:52:40.406Z","level":"INFO","device":"868120018681","event":"SENT_1210","detail":"00_64_6401_00_86812001868100260410185239340200.jpg"}
{"ts":"2026-04-10T18:52:40.507Z","level":"INFO","device":"868120018681","event":"SENT_RAW_MARKER","detail":"00_64_6401_00_86812001868100260410185239340200.jpg packet=693 bytes data=631 bytes"}
{"ts":"2026-04-10T18:52:40.507Z","level":"INFO","device":"868120018681","event":"SENT_1212","detail":"00_64_6401_00_86812001868100260410185239340200.jpg type=0"}
{"ts":"2026-04-10T18:52:40.614Z","level":"INFO","device":"868120018681","event":"MEDIA_RX","detail":"7E 80 01 00 05 86 81 20 01 86 81 23 7A 00 00 12 10 00 FE 7E"}
{"ts":"2026-04-10T18:52:40.807Z","level":"INFO","device":"868120018681","event":"FILE_START","detail":"[2/2] 02_64_6401_03_86812001868100260410185239340200.mp4 (1570024 bytes)"}
{"ts":"2026-04-10T18:52:40.808Z","level":"INFO","device":"868120018681","event":"SENT_1210","detail":"02_64_6401_03_86812001868100260410185239340200.mp4"}
{"ts":"2026-04-10T18:52:40.817Z","level":"INFO","device":"868120018681","event":"MEDIA_RX","detail":"7E 92 12 00 36 86 81 20 01 86 81 FC C8 32 30 30 5F 36 34 5F 36 34 30 31 5F 30 30 5F 38 36 38 31 32 30 30 31 38 36 38 31 30 30 32 36 30 34 31 30 31 38 35 32 33 39 33 34 30 32 30 30 2E 6A 70 67 00 00 00 C0 7E"}
{"ts":"2026-04-10T18:52:40.909Z","level":"INFO","device":"868120018681","event":"SENT_RAW_MARKER","detail":"02_64_6401_03_86812001868100260410185239340200.mp4 packet=1570086 bytes data=1570024 bytes"}
{"ts":"2026-04-10T18:52:41.115Z","level":"INFO","device":"868120018681","event":"MEDIA_RX","detail":"7E 80 01 00 05 86 81 20 01 86 81 F8 73 00 02 12 10 00 2E 7E"}
{"ts":"2026-04-10T18:52:42.131Z","level":"INFO","device":"868120018681","event":"SENT_1212","detail":"02_64_6401_03_86812001868100260410185239340200.mp4 type=2"}
{"ts":"2026-04-10T18:52:42.434Z","level":"INFO","device":"868120018681","event":"BATCH_COMPLETE","detail":"All 2 files sent"}
{"ts":"2026-04-10T18:52:42.845Z","level":"ERROR","device":"868120018681","event":"MEDIA_ERROR","detail":"54.37.225.65:3378 — read ECONNRESET"}
{"ts":"2026-04-10T18:52:42.845Z","level":"INFO","device":"868120018681","event":"MEDIA_CLOSED","detail":""}
{"ts":"2026-04-10T18:52:44.667Z","level":"INFO","device":"200000000001","event":"OBD2_SENT_0x0200","detail":"Lat: 51.730685, Lng: 0.492405 | Speed: 55km/h | RPM: 3005"}
{"ts":"2026-04-10T18:52:44.875Z","level":"INFO","device":"200000000001","event":"SERVER_ACK","detail":"0x8001 Universal Reply Received"}
{"ts":"2026-04-10T18:52:49.714Z","level":"INFO","device":"868120018681","event":"INCIDENT_SENT","detail":"mediaId=53 alarmId=86812001868100260410185249350200"}
{"ts":"2026-04-10T18:52:49.919Z","level":"INFO","device":"868120018681","event":"RX_MSG","detail":"0x8001 bodyLen=5"}
{"ts":"2026-04-10T18:52:49.920Z","level":"INFO","device":"868120018681","event":"SERVER_ACK","detail":"0x0200 result=OK"}
{"ts":"2026-04-10T18:52:50.246Z","level":"INFO","device":"868120018681","event":"RX_MSG","detail":"0x9208 bodyLen=81"}
{"ts":"2026-04-10T18:52:50.246Z","level":"INFO","device":"868120018681","event":"9208_RAW","detail":"0C35342E33372E3232352E36350D32000086812001868100260410185249350200383638313230303138363831303032363034313031383532343933353032303000000000000000000000000000000000"}
{"ts":"2026-04-10T18:52:50.246Z","level":"INFO","device":"868120018681","event":"UPLOAD_TRIGGERED","detail":"media: 54.37.225.65:3378 | alarmId: 86812001868100260410185249350200"}
{"ts":"2026-04-10T18:52:50.246Z","level":"INFO","device":"868120018681","event":"MEDIA_CONNECTING","detail":"54.37.225.65:3378 files=2"}
{"ts":"2026-04-10T18:52:50.246Z","level":"INFO","device":"868120018681","event":"RX_MSG","detail":"0x8001 bodyLen=5"}
{"ts":"2026-04-10T18:52:50.246Z","level":"INFO","device":"868120018681","event":"SERVER_ACK","detail":"0x0800 result=OK"}
{"ts":"2026-04-10T18:52:50.433Z","level":"INFO","device":"868120018681","event":"MEDIA_CONNECTED","detail":"54.37.225.65:3378"}
{"ts":"2026-04-10T18:52:50.434Z","level":"INFO","device":"868120018681","event":"FILE_START","detail":"[1/2] 00_64_6401_00_86812001868100260410185249350200.jpg (631 bytes)"}
{"ts":"2026-04-10T18:52:50.434Z","level":"INFO","device":"868120018681","event":"SENT_1210","detail":"00_64_6401_00_86812001868100260410185249350200.jpg"}
{"ts":"2026-04-10T18:52:50.534Z","level":"INFO","device":"868120018681","event":"SENT_RAW_MARKER","detail":"00_64_6401_00_86812001868100260410185249350200.jpg packet=693 bytes data=631 bytes"}
{"ts":"2026-04-10T18:52:50.534Z","level":"INFO","device":"868120018681","event":"SENT_1212","detail":"00_64_6401_00_86812001868100260410185249350200.jpg type=0"}
{"ts":"2026-04-10T18:52:50.622Z","level":"INFO","device":"868120018681","event":"MEDIA_RX","detail":"7E 80 01 00 05 86 81 20 01 86 81 0F D5 00 00 12 10 00 7D 01 7E"}
{"ts":"2026-04-10T18:52:50.807Z","level":"INFO","device":"868120018681","event":"MEDIA_RX","detail":"7E 92 12 00 36 86 81 20 01 86 81 7D 01 19 32 30 30 5F 36 34 5F 36 34 30 31 5F 30 30 5F 38 36 38 31 32 30 30 31 38 36 38 31 30 30 32 36 30 34 31 30 31 38 35 32 34 39 33 35 30 32 30 30 2E 6A 70 67 00 00 00 96 7E"}
{"ts":"2026-04-10T18:52:50.835Z","level":"INFO","device":"868120018681","event":"FILE_START","detail":"[2/2] 02_64_6401_03_86812001868100260410185249350200.mp4 (1570024 bytes)"}
{"ts":"2026-04-10T18:52:50.836Z","level":"INFO","device":"868120018681","event":"SENT_1210","detail":"02_64_6401_03_86812001868100260410185249350200.mp4"}
{"ts":"2026-04-10T18:52:50.938Z","level":"INFO","device":"868120018681","event":"SENT_RAW_MARKER","detail":"02_64_6401_03_86812001868100260410185249350200.mp4 packet=1570086 bytes data=1570024 bytes"}
{"ts":"2026-04-10T18:52:51.023Z","level":"INFO","device":"868120018681","event":"MEDIA_RX","detail":"7E 80 01 00 05 86 81 20 01 86 81 25 79 00 02 12 10 00 F9 7E"}
{"ts":"2026-04-10T18:52:52.007Z","level":"INFO","device":"868120018681","event":"SENT_1212","detail":"02_64_6401_03_86812001868100260410185249350200.mp4 type=2"}
{"ts":"2026-04-10T18:52:52.281Z","level":"INFO","device":"868120018681","event":"MEDIA_RX","detail":"7E 92 12 00 36 86 81 20 01 86 81 3C 4B 32 30 32 5F 36 34 5F 36 34 30 31 5F 30 33 5F 38 36 38 31 32 30 30 31 38 36 38 31 30 30 32 36 30 34 31 30 31 38 35 32 34 39 33 35 30 32 30 30 2E 6D 70 34 02 00 00 D2 7E"}
{"ts":"2026-04-10T18:52:52.307Z","level":"INFO","device":"868120018681","event":"BATCH_COMPLETE","detail":"All 2 files sent"}
{"ts":"2026-04-10T18:52:52.976Z","level":"INFO","device":"868120018681","event":"MEDIA_CLOSED","detail":""}
{"ts":"2026-04-10T18:52:59.665Z","level":"INFO","device":"200000000001","event":"HEARTBEAT_SENT","detail":"0x0002"}
{"ts":"2026-04-10T18:52:59.667Z","level":"INFO","device":"200000000001","event":"OBD2_SENT_0x0200","detail":"Lat: 51.728927, Lng: 0.494309 | Speed: 52km/h | RPM: 2888"}
{"ts":"2026-04-10T18:52:59.691Z","level":"INFO","device":"868120018681","event":"GPS_SENT","detail":""}
{"ts":"2026-04-10T18:52:59.715Z","level":"INFO","device":"868120018681","event":"INCIDENT_SENT","detail":"mediaId=54 alarmId=86812001868100260410185259360200"}
{"ts":"2026-04-10T18:52:59.871Z","level":"INFO","device":"200000000001","event":"SERVER_ACK","detail":"0x8001 Universal Reply Received"}
{"ts":"2026-04-10T18:52:59.895Z","level":"INFO","device":"868120018681","event":"RX_MSG","detail":"0x8001 bodyLen=5"}
{"ts":"2026-04-10T18:52:59.896Z","level":"INFO","device":"868120018681","event":"SERVER_ACK","detail":"0x0200 result=OK"}
{"ts":"2026-04-10T18:53:00.198Z","level":"INFO","device":"200000000001","event":"SERVER_ACK","detail":"0x8001 Universal Reply Received"}
{"ts":"2026-04-10T18:53:00.230Z","level":"INFO","device":"868120018681","event":"RX_MSG","detail":"0x8001 bodyLen=5"}
{"ts":"2026-04-10T18:53:00.230Z","level":"INFO","device":"868120018681","event":"SERVER_ACK","detail":"0x0200 result=OK"}
{"ts":"2026-04-10T18:53:00.230Z","level":"INFO","device":"868120018681","event":"RX_MSG","detail":"0x8001 bodyLen=5"}
{"ts":"2026-04-10T18:53:00.230Z","level":"INFO","device":"868120018681","event":"SERVER_ACK","detail":"0x0800 result=OK"}
{"ts":"2026-04-10T18:53:00.230Z","level":"INFO","device":"868120018681","event":"RX_MSG","detail":"0x9208 bodyLen=81"}
{"ts":"2026-04-10T18:53:00.230Z","level":"INFO","device":"868120018681","event":"9208_RAW","detail":"0C35342E33372E3232352E36350D32000086812001868100260410185259360200383638313230303138363831303032363034313031383532353933363032303000000000000000000000000000000000"}
{"ts":"2026-04-10T18:53:00.230Z","level":"INFO","device":"868120018681","event":"UPLOAD_TRIGGERED","detail":"media: 54.37.225.65:3378 | alarmId: 86812001868100260410185259360200"}
{"ts":"2026-04-10T18:53:00.230Z","level":"INFO","device":"868120018681","event":"MEDIA_CONNECTING","detail":"54.37.225.65:3378 files=2"}
{"ts":"2026-04-10T18:53:00.434Z","level":"INFO","device":"868120018681","event":"MEDIA_CONNECTED","detail":"54.37.225.65:3378"}
{"ts":"2026-04-10T18:53:00.434Z","level":"INFO","device":"868120018681","event":"FILE_START","detail":"[1/2] 00_64_6401_00_86812001868100260410185259360200.jpg (631 bytes)"}
{"ts":"2026-04-10T18:53:00.434Z","level":"INFO","device":"868120018681","event":"SENT_1210","detail":"00_64_6401_00_86812001868100260410185259360200.jpg"}
{"ts":"2026-04-10T18:53:00.535Z","level":"INFO","device":"868120018681","event":"SENT_RAW_MARKER","detail":"00_64_6401_00_86812001868100260410185259360200.jpg packet=693 bytes data=631 bytes"}
{"ts":"2026-04-10T18:53:00.535Z","level":"INFO","device":"868120018681","event":"SENT_1212","detail":"00_64_6401_00_86812001868100260410185259360200.jpg type=0"}
{"ts":"2026-04-10T18:53:00.639Z","level":"INFO","device":"868120018681","event":"MEDIA_RX","detail":"7E 80 01 00 05 86 81 20 01 86 81 C8 B3 00 00 12 10 00 DC 7E"}
{"ts":"2026-04-10T18:53:00.835Z","level":"INFO","device":"868120018681","event":"FILE_START","detail":"[2/2] 02_64_6401_03_86812001868100260410185259360200.mp4 (1570024 bytes)"}
{"ts":"2026-04-10T18:53:00.836Z","level":"INFO","device":"868120018681","event":"SENT_1210","detail":"02_64_6401_03_86812001868100260410185259360200.mp4"}
{"ts":"2026-04-10T18:53:00.841Z","level":"INFO","device":"868120018681","event":"MEDIA_RX","detail":"7E 92 12 00 36 86 81 20 01 86 81 52 D0 32 30 30 5F 36 34 5F 36 34 30 31 5F 30 30 5F 38 36 38 31 32 30 30 31 38 36 38 31 30 30 32 36 30 34 31 30 31 38 35 32 35 39 33 36 30 32 30 30 2E 6A 70 67 00 00 00 72 7E"}
{"ts":"2026-04-10T18:53:00.937Z","level":"INFO","device":"868120018681","event":"SENT_RAW_MARKER","detail":"02_64_6401_03_86812001868100260410185259360200.mp4 packet=1570086 bytes data=1570024 bytes"}
{"ts":"2026-04-10T18:53:01.142Z","level":"INFO","device":"868120018681","event":"MEDIA_RX","detail":"7E 80 01 00 05 86 81 20 01 86 81 A2 5B 00 02 12 10 00 5C 7E"}
{"ts":"2026-04-10T18:53:02.063Z","level":"INFO","device":"868120018681","event":"SENT_1212","detail":"02_64_6401_03_86812001868100260410185259360200.mp4 type=2"}
{"ts":"2026-04-10T18:53:02.364Z","level":"INFO","device":"868120018681","event":"BATCH_COMPLETE","detail":"All 2 files sent"}
{"ts":"2026-04-10T18:53:02.774Z","level":"ERROR","device":"868120018681","event":"MEDIA_ERROR","detail":"54.37.225.65:3378 — read ECONNRESET"}
{"ts":"2026-04-10T18:53:02.775Z","level":"INFO","device":"868120018681","event":"MEDIA_CLOSED","detail":""}
{"ts":"2026-04-10T18:53:09.721Z","level":"INFO","device":"868120018681","event":"INCIDENT_SENT","detail":"mediaId=55 alarmId=86812001868100260410185309370200"}
{"ts":"2026-04-10T18:53:09.927Z","level":"INFO","device":"868120018681","event":"RX_MSG","detail":"0x8001 bodyLen=5"}
{"ts":"2026-04-10T18:53:09.927Z","level":"INFO","device":"868120018681","event":"SERVER_ACK","detail":"0x0200 result=OK"}
{"ts":"2026-04-10T18:53:10.258Z","level":"INFO","device":"868120018681","event":"RX_MSG","detail":"0x9208 bodyLen=81"}
{"ts":"2026-04-10T18:53:10.258Z","level":"INFO","device":"868120018681","event":"9208_RAW","detail":"0C35342E33372E3232352E36350D32000086812001868100260410185309370200383638313230303138363831303032363034313031383533303933373032303000000000000000000000000000000000"}
{"ts":"2026-04-10T18:53:10.259Z","level":"INFO","device":"868120018681","event":"UPLOAD_TRIGGERED","detail":"media: 54.37.225.65:3378 | alarmId: 86812001868100260410185309370200"}
{"ts":"2026-04-10T18:53:10.259Z","level":"INFO","device":"868120018681","event":"MEDIA_CONNECTING","detail":"54.37.225.65:3378 files=2"}
{"ts":"2026-04-10T18:53:10.259Z","level":"INFO","device":"868120018681","event":"RX_MSG","detail":"0x8001 bodyLen=5"}
{"ts":"2026-04-10T18:53:10.259Z","level":"INFO","device":"868120018681","event":"SERVER_ACK","detail":"0x0800 result=OK"}
{"ts":"2026-04-10T18:53:10.463Z","level":"INFO","device":"868120018681","event":"MEDIA_CONNECTED","detail":"54.37.225.65:3378"}
{"ts":"2026-04-10T18:53:10.463Z","level":"INFO","device":"868120018681","event":"FILE_START","detail":"[1/2] 00_64_6401_00_86812001868100260410185309370200.jpg (631 bytes)"}
{"ts":"2026-04-10T18:53:10.463Z","level":"INFO","device":"868120018681","event":"SENT_1210","detail":"00_64_6401_00_86812001868100260410185309370200.jpg"}
{"ts":"2026-04-10T18:53:10.564Z","level":"INFO","device":"868120018681","event":"SENT_RAW_MARKER","detail":"00_64_6401_00_86812001868100260410185309370200.jpg packet=693 bytes data=631 bytes"}
{"ts":"2026-04-10T18:53:10.564Z","level":"INFO","device":"868120018681","event":"SENT_1212","detail":"00_64_6401_00_86812001868100260410185309370200.jpg type=0"}
{"ts":"2026-04-10T18:53:10.669Z","level":"INFO","device":"868120018681","event":"MEDIA_RX","detail":"7E 80 01 00 05 86 81 20 01 86 81 8C D3 00 00 12 10 00 F8 7E"}
{"ts":"2026-04-10T18:53:10.865Z","level":"INFO","device":"868120018681","event":"FILE_START","detail":"[2/2] 02_64_6401_03_86812001868100260410185309370200.mp4 (1570024 bytes)"}
{"ts":"2026-04-10T18:53:10.865Z","level":"INFO","device":"868120018681","event":"SENT_1210","detail":"02_64_6401_03_86812001868100260410185309370200.mp4"}
{"ts":"2026-04-10T18:53:10.872Z","level":"INFO","device":"868120018681","event":"MEDIA_RX","detail":"7E 92 12 00 36 86 81 20 01 86 81 7B 39 32 30 30 5F 36 34 5F 36 34 30 31 5F 30 30 5F 38 36 38 31 32 30 30 31 38 36 38 31 30 30 32 36 30 34 31 30 31 38 35 33 30 39 33 37 30 32 30 30 2E 6A 70 67 00 00 00 B7 7E"}
{"ts":"2026-04-10T18:53:10.966Z","level":"INFO","device":"868120018681","event":"SENT_RAW_MARKER","detail":"02_64_6401_03_86812001868100260410185309370200.mp4 packet=1570086 bytes data=1570024 bytes"}
{"ts":"2026-04-10T18:53:11.170Z","level":"INFO","device":"868120018681","event":"MEDIA_RX","detail":"7E 80 01 00 05 86 81 20 01 86 81 D4 9A 00 02 12 10 00 EB 7E"}
{"ts":"2026-04-10T18:53:12.333Z","level":"INFO","device":"868120018681","event":"SENT_1212","detail":"02_64_6401_03_86812001868100260410185309370200.mp4 type=2"}
{"ts":"2026-04-10T18:53:12.624Z","level":"INFO","device":"868120018681","event":"MEDIA_RX","detail":"7E 92 12 00 36 86 81 20 01 86 81 F1 97 32 30 32 5F 36 34 5F 36 34 30 31 5F 30 33 5F 38 36 38 31 32 30 30 31 38 36 38 31 30 30 32 36 30 34 31 30 31 38 35 33 30 39 33 37 30 32 30 30 2E 6D 70 34 02 00 00 C4 7E"}
{"ts":"2026-04-10T18:53:12.633Z","level":"INFO","device":"868120018681","event":"BATCH_COMPLETE","detail":"All 2 files sent"}
{"ts":"2026-04-10T18:53:13.401Z","level":"INFO","device":"868120018681","event":"MEDIA_CLOSED","detail":""}
{"ts":"2026-04-10T18:53:14.668Z","level":"INFO","device":"200000000001","event":"OBD2_SENT_0x0200","detail":"Lat: 51.727086, Lng: 0.495457 | Speed: 51km/h | RPM: 2860"}
{"ts":"2026-04-10T18:53:14.876Z","level":"INFO","device":"200000000001","event":"SERVER_ACK","detail":"0x8001 Universal Reply Received"}
{"ts":"2026-04-10T18:53:19.695Z","level":"INFO","device":"868120018681","event":"GPS_SENT","detail":""}
{"ts":"2026-04-10T18:53:19.721Z","level":"INFO","device":"868120018681","event":"INCIDENT_SENT","detail":"mediaId=56 alarmId=86812001868100260410185319380200"}
{"ts":"2026-04-10T18:53:19.900Z","level":"INFO","device":"868120018681","event":"RX_MSG","detail":"0x8001 bodyLen=5"}
{"ts":"2026-04-10T18:53:19.900Z","level":"INFO","device":"868120018681","event":"SERVER_ACK","detail":"0x0200 result=OK"}
{"ts":"2026-04-10T18:53:20.214Z","level":"INFO","device":"868120018681","event":"RX_MSG","detail":"0x8001 bodyLen=5"}
{"ts":"2026-04-10T18:53:20.214Z","level":"INFO","device":"868120018681","event":"SERVER_ACK","detail":"0x0200 result=OK"}
{"ts":"2026-04-10T18:53:20.214Z","level":"INFO","device":"868120018681","event":"RX_MSG","detail":"0x8001 bodyLen=5"}
{"ts":"2026-04-10T18:53:20.214Z","level":"INFO","device":"868120018681","event":"SERVER_ACK","detail":"0x0800 result=OK"}
{"ts":"2026-04-10T18:53:20.214Z","level":"INFO","device":"868120018681","event":"RX_MSG","detail":"0x9208 bodyLen=81"}
{"ts":"2026-04-10T18:53:20.214Z","level":"INFO","device":"868120018681","event":"9208_RAW","detail":"0C35342E33372E3232352E36350D32000086812001868100260410185319380200383638313230303138363831303032363034313031383533313933383032303000000000000000000000000000000000"}
{"ts":"2026-04-10T18:53:20.214Z","level":"INFO","device":"868120018681","event":"UPLOAD_TRIGGERED","detail":"media: 54.37.225.65:3378 | alarmId: 86812001868100260410185319380200"}
{"ts":"2026-04-10T18:53:20.214Z","level":"INFO","device":"868120018681","event":"MEDIA_CONNECTING","detail":"54.37.225.65:3378 files=2"}
{"ts":"2026-04-10T18:53:20.420Z","level":"INFO","device":"868120018681","event":"MEDIA_CONNECTED","detail":"54.37.225.65:3378"}
{"ts":"2026-04-10T18:53:20.420Z","level":"INFO","device":"868120018681","event":"FILE_START","detail":"[1/2] 00_64_6401_00_86812001868100260410185319380200.jpg (631 bytes)"}
{"ts":"2026-04-10T18:53:20.420Z","level":"INFO","device":"868120018681","event":"SENT_1210","detail":"00_64_6401_00_86812001868100260410185319380200.jpg"}
{"ts":"2026-04-10T18:53:20.521Z","level":"INFO","device":"868120018681","event":"SENT_RAW_MARKER","detail":"00_64_6401_00_86812001868100260410185319380200.jpg packet=693 bytes data=631 bytes"}
{"ts":"2026-04-10T18:53:20.523Z","level":"INFO","device":"868120018681","event":"SENT_1212","detail":"00_64_6401_00_86812001868100260410185319380200.jpg type=0"}
{"ts":"2026-04-10T18:53:20.626Z","level":"INFO","device":"868120018681","event":"MEDIA_RX","detail":"7E 80 01 00 05 86 81 20 01 86 81 6A BD 00 00 12 10 00 70 7E"}
{"ts":"2026-04-10T18:53:20.824Z","level":"INFO","device":"868120018681","event":"FILE_START","detail":"[2/2] 02_64_6401_03_86812001868100260410185319380200.mp4 (1570024 bytes)"}
{"ts":"2026-04-10T18:53:20.824Z","level":"INFO","device":"868120018681","event":"SENT_1210","detail":"02_64_6401_03_86812001868100260410185319380200.mp4"}
{"ts":"2026-04-10T18:53:20.828Z","level":"INFO","device":"868120018681","event":"MEDIA_RX","detail":"7E 92 12 00 36 86 81 20 01 86 81 C9 2F 32 30 30 5F 36 34 5F 36 34 30 31 5F 30 30 5F 38 36 38 31 32 30 30 31 38 36 38 31 30 30 32 36 30 34 31 30 31 38 35 33 31 39 33 38 30 32 30 30 2E 6A 70 67 00 00 00 1D 7E"}
{"ts":"2026-04-10T18:53:20.926Z","level":"INFO","device":"868120018681","event":"SENT_RAW_MARKER","detail":"02_64_6401_03_86812001868100260410185319380200.mp4 packet=1570086 bytes data=1570024 bytes"}
{"ts":"2026-04-10T18:53:21.131Z","level":"INFO","device":"868120018681","event":"MEDIA_RX","detail":"7E 80 01 00 05 86 81 20 01 86 81 03 E6 00 02 12 10 00 40 7E"}
{"ts":"2026-04-10T18:53:22.066Z","level":"INFO","device":"868120018681","event":"SENT_1212","detail":"02_64_6401_03_86812001868100260410185319380200.mp4 type=2"}
{"ts":"2026-04-10T18:53:22.366Z","level":"INFO","device":"868120018681","event":"BATCH_COMPLETE","detail":"All 2 files sent"}
{"ts":"2026-04-10T18:53:22.778Z","level":"ERROR","device":"868120018681","event":"MEDIA_ERROR","detail":"54.37.225.65:3378 — read ECONNRESET"}
{"ts":"2026-04-10T18:53:22.778Z","level":"INFO","device":"868120018681","event":"MEDIA_CLOSED","detail":""}
{"ts":"2026-04-10T18:53:29.672Z","level":"INFO","device":"200000000001","event":"HEARTBEAT_SENT","detail":"0x0002"}
{"ts":"2026-04-10T18:53:29.672Z","level":"INFO","device":"200000000001","event":"OBD2_SENT_0x0200","detail":"Lat: 51.725123, Lng: 0.496095 | Speed: 55km/h | RPM: 2993"}
{"ts":"2026-04-10T18:53:29.721Z","level":"INFO","device":"868120018681","event":"INCIDENT_SENT","detail":"mediaId=57 alarmId=86812001868100260410185329390200"}
{"ts":"2026-04-10T18:53:29.879Z","level":"INFO","device":"200000000001","event":"SERVER_ACK","detail":"0x8001 Universal Reply Received"}
{"ts":"2026-04-10T18:53:29.928Z","level":"INFO","device":"868120018681","event":"RX_MSG","detail":"0x8001 bodyLen=5"}
{"ts":"2026-04-10T18:53:29.928Z","level":"INFO","device":"868120018681","event":"SERVER_ACK","detail":"0x0200 result=OK"}
{"ts":"2026-04-10T18:53:30.228Z","level":"INFO","device":"200000000001","event":"SERVER_ACK","detail":"0x8001 Universal Reply Received"}
{"ts":"2026-04-10T18:53:30.259Z","level":"INFO","device":"868120018681","event":"RX_MSG","detail":"0x9208 bodyLen=81"}
{"ts":"2026-04-10T18:53:30.259Z","level":"INFO","device":"868120018681","event":"9208_RAW","detail":"0C35342E33372E3232352E36350D32000086812001868100260410185329390200383638313230303138363831303032363034313031383533323933393032303000000000000000000000000000000000"}
{"ts":"2026-04-10T18:53:30.260Z","level":"INFO","device":"868120018681","event":"UPLOAD_TRIGGERED","detail":"media: 54.37.225.65:3378 | alarmId: 86812001868100260410185329390200"}
{"ts":"2026-04-10T18:53:30.260Z","level":"INFO","device":"868120018681","event":"MEDIA_CONNECTING","detail":"54.37.225.65:3378 files=2"}
{"ts":"2026-04-10T18:53:30.260Z","level":"INFO","device":"868120018681","event":"RX_MSG","detail":"0x8001 bodyLen=5"}
{"ts":"2026-04-10T18:53:30.260Z","level":"INFO","device":"868120018681","event":"SERVER_ACK","detail":"0x0800 result=OK"}
{"ts":"2026-04-10T18:53:30.465Z","level":"INFO","device":"868120018681","event":"MEDIA_CONNECTED","detail":"54.37.225.65:3378"}
{"ts":"2026-04-10T18:53:30.465Z","level":"INFO","device":"868120018681","event":"FILE_START","detail":"[1/2] 00_64_6401_00_86812001868100260410185329390200.jpg (631 bytes)"}
{"ts":"2026-04-10T18:53:30.466Z","level":"INFO","device":"868120018681","event":"SENT_1210","detail":"00_64_6401_00_86812001868100260410185329390200.jpg"}
{"ts":"2026-04-10T18:53:30.566Z","level":"INFO","device":"868120018681","event":"SENT_RAW_MARKER","detail":"00_64_6401_00_86812001868100260410185329390200.jpg packet=693 bytes data=631 bytes"}
{"ts":"2026-04-10T18:53:30.566Z","level":"INFO","device":"868120018681","event":"SENT_1212","detail":"00_64_6401_00_86812001868100260410185329390200.jpg type=0"}
{"ts":"2026-04-10T18:53:30.672Z","level":"INFO","device":"868120018681","event":"MEDIA_RX","detail":"7E 80 01 00 05 86 81 20 01 86 81 66 89 00 00 12 10 00 48 7E"}
{"ts":"2026-04-10T18:53:30.867Z","level":"INFO","device":"868120018681","event":"FILE_START","detail":"[2/2] 02_64_6401_03_86812001868100260410185329390200.mp4 (1570024 bytes)"}
{"ts":"2026-04-10T18:53:30.867Z","level":"INFO","device":"868120018681","event":"SENT_1210","detail":"02_64_6401_03_86812001868100260410185329390200.mp4"}
{"ts":"2026-04-10T18:53:30.875Z","level":"INFO","device":"868120018681","event":"MEDIA_RX","detail":"7E 92 12 00 36 86 81 20 01 86 81 CA 76 32 30 30 5F 36 34 5F 36 34 30 31 5F 30 30 5F 38 36 38 31 32 30 30 31 38 36 38 31 30 30 32 36 30 34 31 30 31 38 35 33 32 39 33 39 30 32 30 30 2E 6A 70 67 00 00 00 45 7E"}
{"ts":"2026-04-10T18:53:30.968Z","level":"INFO","device":"868120018681","event":"SENT_RAW_MARKER","detail":"02_64_6401_03_86812001868100260410185329390200.mp4 packet=1570086 bytes data=1570024 bytes"}
{"ts":"2026-04-10T18:53:31.173Z","level":"INFO","device":"868120018681","event":"MEDIA_RX","detail":"7E 80 01 00 05 86 81 20 01 86 81 FE 88 00 02 12 10 00 D3 7E"}
{"ts":"2026-04-10T18:53:37.277Z","level":"INFO","device":"868120018681","event":"SENT_1212","detail":"02_64_6401_03_86812001868100260410185329390200.mp4 type=2"}
{"ts":"2026-04-10T18:53:37.577Z","level":"INFO","device":"868120018681","event":"BATCH_COMPLETE","detail":"All 2 files sent"}
{"ts":"2026-04-10T18:53:38.507Z","level":"INFO","device":"868120018681","event":"MEDIA_CLOSED","detail":""}
{"ts":"2026-04-10T18:53:39.696Z","level":"INFO","device":"868120018681","event":"GPS_SENT","detail":""}
{"ts":"2026-04-10T18:53:39.722Z","level":"INFO","device":"868120018681","event":"INCIDENT_SENT","detail":"mediaId=58 alarmId=868120018681002604101853393A0200"}
{"ts":"2026-04-10T18:53:39.902Z","level":"INFO","device":"868120018681","event":"RX_MSG","detail":"0x8001 bodyLen=5"}
{"ts":"2026-04-10T18:53:39.902Z","level":"INFO","device":"868120018681","event":"SERVER_ACK","detail":"0x0200 result=OK"}
{"ts":"2026-04-10T18:53:40.211Z","level":"INFO","device":"868120018681","event":"RX_MSG","detail":"0x8001 bodyLen=5"}
{"ts":"2026-04-10T18:53:40.211Z","level":"INFO","device":"868120018681","event":"SERVER_ACK","detail":"0x0200 result=OK"}
{"ts":"2026-04-10T18:53:40.211Z","level":"INFO","device":"868120018681","event":"RX_MSG","detail":"0x8001 bodyLen=5"}
{"ts":"2026-04-10T18:53:40.211Z","level":"INFO","device":"868120018681","event":"SERVER_ACK","detail":"0x0800 result=OK"}
{"ts":"2026-04-10T18:53:40.211Z","level":"INFO","device":"868120018681","event":"RX_MSG","detail":"0x9208 bodyLen=81"}
{"ts":"2026-04-10T18:53:40.211Z","level":"INFO","device":"868120018681","event":"9208_RAW","detail":"0C35342E33372E3232352E36350D320000868120018681002604101853393A0200383638313230303138363831303032363034313031383533333933613032303000000000000000000000000000000000"}
{"ts":"2026-04-10T18:53:40.212Z","level":"INFO","device":"868120018681","event":"UPLOAD_TRIGGERED","detail":"media: 54.37.225.65:3378 | alarmId: 868120018681002604101853393A0200"}
{"ts":"2026-04-10T18:53:40.212Z","level":"INFO","device":"868120018681","event":"MEDIA_CONNECTING","detail":"54.37.225.65:3378 files=2"}
{"ts":"2026-04-10T18:53:40.416Z","level":"INFO","device":"868120018681","event":"MEDIA_CONNECTED","detail":"54.37.225.65:3378"}
{"ts":"2026-04-10T18:53:40.416Z","level":"INFO","device":"868120018681","event":"FILE_START","detail":"[1/2] 00_64_6401_00_868120018681002604101853393A0200.jpg (631 bytes)"}
{"ts":"2026-04-10T18:53:40.417Z","level":"INFO","device":"868120018681","event":"SENT_1210","detail":"00_64_6401_00_868120018681002604101853393A0200.jpg"}
{"ts":"2026-04-10T18:53:40.517Z","level":"INFO","device":"868120018681","event":"SENT_RAW_MARKER","detail":"00_64_6401_00_868120018681002604101853393A0200.jpg packet=693 bytes data=631 bytes"}
{"ts":"2026-04-10T18:53:40.517Z","level":"INFO","device":"868120018681","event":"SENT_1212","detail":"00_64_6401_00_868120018681002604101853393A0200.jpg type=0"}
{"ts":"2026-04-10T18:53:40.623Z","level":"INFO","device":"868120018681","event":"MEDIA_RX","detail":"7E 80 01 00 05 86 81 20 01 86 81 90 5F 00 00 12 10 00 68 7E"}
{"ts":"2026-04-10T18:53:40.818Z","level":"INFO","device":"868120018681","event":"FILE_START","detail":"[2/2] 02_64_6401_03_868120018681002604101853393A0200.mp4 (1570024 bytes)"}
{"ts":"2026-04-10T18:53:40.818Z","level":"INFO","device":"868120018681","event":"SENT_1210","detail":"02_64_6401_03_868120018681002604101853393A0200.mp4"}
{"ts":"2026-04-10T18:53:40.826Z","level":"INFO","device":"868120018681","event":"MEDIA_RX","detail":"7E 92 12 00 36 86 81 20 01 86 81 D5 F5 32 30 30 5F 36 34 5F 36 34 30 31 5F 30 30 5F 38 36 38 31 32 30 30 31 38 36 38 31 30 30 32 36 30 34 31 30 31 38 35 33 33 39 33 41 30 32 30 30 2E 6A 70 67 00 00 00 A0 7E"}
{"ts":"2026-04-10T18:53:40.919Z","level":"INFO","device":"868120018681","event":"SENT_RAW_MARKER","detail":"02_64_6401_03_868120018681002604101853393A0200.mp4 packet=1570086 bytes data=1570024 bytes"}
{"ts":"2026-04-10T18:53:41.124Z","level":"INFO","device":"868120018681","event":"MEDIA_RX","detail":"7E 80 01 00 05 86 81 20 01 86 81 AF A8 00 02 12 10 00 A2 7E"}
{"ts":"2026-04-10T18:53:42.268Z","level":"INFO","device":"868120018681","event":"SENT_1212","detail":"02_64_6401_03_868120018681002604101853393A0200.mp4 type=2"}
{"ts":"2026-04-10T18:53:42.569Z","level":"INFO","device":"868120018681","event":"BATCH_COMPLETE","detail":"All 2 files sent"}
{"ts":"2026-04-10T18:53:42.980Z","level":"ERROR","device":"868120018681","event":"MEDIA_ERROR","detail":"54.37.225.65:3378 — read ECONNRESET"}
{"ts":"2026-04-10T18:53:42.980Z","level":"INFO","device":"868120018681","event":"MEDIA_CLOSED","detail":""}
{"ts":"2026-04-10T18:53:44.674Z","level":"INFO","device":"200000000001","event":"OBD2_SENT_0x0200","detail":"Lat: 51.722934, Lng: 0.496766 | Speed: 59km/h | RPM: 3155"}
{"ts":"2026-04-10T18:53:44.882Z","level":"INFO","device":"200000000001","event":"SERVER_ACK","detail":"0x8001 Universal Reply Received"}
{"ts":"2026-04-10T18:53:49.723Z","level":"INFO","device":"868120018681","event":"INCIDENT_SENT","detail":"mediaId=59 alarmId=868120018681002604101853493B0200"}
{"ts":"2026-04-10T18:53:50.233Z","level":"INFO","device":"868120018681","event":"RX_MSG","detail":"0x8001 bodyLen=5"}
{"ts":"2026-04-10T18:53:50.233Z","level":"INFO","device":"868120018681","event":"SERVER_ACK","detail":"0x0200 result=OK"}
{"ts":"2026-04-10T18:53:50.568Z","level":"INFO","device":"868120018681","event":"RX_MSG","detail":"0x8001 bodyLen=5"}
{"ts":"2026-04-10T18:53:50.568Z","level":"INFO","device":"868120018681","event":"SERVER_ACK","detail":"0x0800 result=OK"}
{"ts":"2026-04-10T18:53:50.570Z","level":"INFO","device":"868120018681","event":"RX_MSG","detail":"0x9208 bodyLen=81"}
{"ts":"2026-04-10T18:53:50.570Z","level":"INFO","device":"868120018681","event":"9208_RAW","detail":"0C35342E33372E3232352E36350D320000868120018681002604101853493B0200383638313230303138363831303032363034313031383533343933623032303000000000000000000000000000000000"}
{"ts":"2026-04-10T18:53:50.570Z","level":"INFO","device":"868120018681","event":"UPLOAD_TRIGGERED","detail":"media: 54.37.225.65:3378 | alarmId: 868120018681002604101853493B0200"}
{"ts":"2026-04-10T18:53:50.570Z","level":"INFO","device":"868120018681","event":"MEDIA_CONNECTING","detail":"54.37.225.65:3378 files=2"}
{"ts":"2026-04-10T18:53:50.758Z","level":"INFO","device":"868120018681","event":"MEDIA_CONNECTED","detail":"54.37.225.65:3378"}
{"ts":"2026-04-10T18:53:50.758Z","level":"INFO","device":"868120018681","event":"FILE_START","detail":"[1/2] 00_64_6401_00_868120018681002604101853493B0200.jpg (631 bytes)"}
{"ts":"2026-04-10T18:53:50.758Z","level":"INFO","device":"868120018681","event":"SENT_1210","detail":"00_64_6401_00_868120018681002604101853493B0200.jpg"}
{"ts":"2026-04-10T18:53:50.858Z","level":"INFO","device":"868120018681","event":"SENT_RAW_MARKER","detail":"00_64_6401_00_868120018681002604101853493B0200.jpg packet=693 bytes data=631 bytes"}
{"ts":"2026-04-10T18:53:50.858Z","level":"INFO","device":"868120018681","event":"SENT_1212","detail":"00_64_6401_00_868120018681002604101853493B0200.jpg type=0"}
{"ts":"2026-04-10T18:53:50.947Z","level":"INFO","device":"868120018681","event":"MEDIA_RX","detail":"7E 80 01 00 05 86 81 20 01 86 81 5C 02 00 00 12 10 00 F9 7E"}
{"ts":"2026-04-10T18:53:51.134Z","level":"INFO","device":"868120018681","event":"MEDIA_RX","detail":"7E 92 12 00 36 86 81 20 01 86 81 4E 9D 32 30 30 5F 36 34 5F 36 34 30 31 5F 30 30 5F 38 36 38 31 32 30 30 31 38 36 38 31 30 30 32 36 30 34 31 30 31 38 35 33 34 39 33 42 30 32 30 30 2E 6A 70 67 00 00 00 57 7E"}
{"ts":"2026-04-10T18:53:51.158Z","level":"INFO","device":"868120018681","event":"FILE_START","detail":"[2/2] 02_64_6401_03_868120018681002604101853493B0200.mp4 (1570024 bytes)"}
{"ts":"2026-04-10T18:53:51.158Z","level":"INFO","device":"868120018681","event":"SENT_1210","detail":"02_64_6401_03_868120018681002604101853493B0200.mp4"}
{"ts":"2026-04-10T18:53:51.260Z","level":"INFO","device":"868120018681","event":"SENT_RAW_MARKER","detail":"02_64_6401_03_868120018681002604101853493B0200.mp4 packet=1570086 bytes data=1570024 bytes"}
{"ts":"2026-04-10T18:53:51.346Z","level":"INFO","device":"868120018681","event":"MEDIA_RX","detail":"7E 80 01 00 05 86 81 20 01 86 81 2A B0 00 02 12 10 00 3F 7E"}
{"ts":"2026-04-10T18:53:52.330Z","level":"INFO","device":"868120018681","event":"SENT_1212","detail":"02_64_6401_03_868120018681002604101853493B0200.mp4 type=2"}
{"ts":"2026-04-10T18:53:52.606Z","level":"INFO","device":"868120018681","event":"MEDIA_RX","detail":"7E 92 12 00 36 86 81 20 01 86 81 9B E2 32 30 32 5F 36 34 5F 36 34 30 31 5F 30 33 5F 38 36 38 31 32 30 30 31 38 36 38 31 30 30 32 36 30 34 31 30 31 38 35 33 34 39 33 42 30 32 30 30 2E 6D 70 34 02 00 00 AA 7E"}
{"ts":"2026-04-10T18:53:52.630Z","level":"INFO","device":"868120018681","event":"BATCH_COMPLETE","detail":"All 2 files sent"}
{"ts":"2026-04-10T18:53:53.297Z","level":"INFO","device":"868120018681","event":"MEDIA_CLOSED","detail":""}
{"ts":"2026-04-10T18:53:59.672Z","level":"INFO","device":"200000000001","event":"HEARTBEAT_SENT","detail":"0x0002"}
{"ts":"2026-04-10T18:53:59.675Z","level":"INFO","device":"200000000001","event":"OBD2_SENT_0x0200","detail":"Lat: 51.720967, Lng: 0.497780 | Speed: 54km/h | RPM: 2963"}
{"ts":"2026-04-10T18:53:59.696Z","level":"INFO","device":"868120018681","event":"GPS_SENT","detail":""}
{"ts":"2026-04-10T18:53:59.723Z","level":"INFO","device":"868120018681","event":"INCIDENT_SENT","detail":"mediaId=60 alarmId=868120018681002604101853593C0200"}
{"ts":"2026-04-10T18:53:59.814Z","level":"ERROR","device":"300000000001","event":"SOCKET_ERROR","detail":"ECONNREFUSED"}
{"ts":"2026-04-10T18:53:59.878Z","level":"INFO","device":"200000000001","event":"SERVER_ACK","detail":"0x8001 Universal Reply Received"}
{"ts":"2026-04-10T18:53:59.902Z","level":"INFO","device":"868120018681","event":"RX_MSG","detail":"0x8001 bodyLen=5"}
{"ts":"2026-04-10T18:53:59.902Z","level":"INFO","device":"868120018681","event":"SERVER_ACK","detail":"0x0200 result=OK"}
{"ts":"2026-04-10T18:54:00.210Z","level":"INFO","device":"200000000001","event":"SERVER_ACK","detail":"0x8001 Universal Reply Received"}
{"ts":"2026-04-10T18:54:00.210Z","level":"INFO","device":"868120018681","event":"RX_MSG","detail":"0x8001 bodyLen=5"}
{"ts":"2026-04-10T18:54:00.210Z","level":"INFO","device":"868120018681","event":"SERVER_ACK","detail":"0x0200 result=OK"}
{"ts":"2026-04-10T18:54:00.210Z","level":"INFO","device":"868120018681","event":"RX_MSG","detail":"0x8001 bodyLen=5"}
{"ts":"2026-04-10T18:54:00.210Z","level":"INFO","device":"868120018681","event":"SERVER_ACK","detail":"0x0800 result=OK"}
{"ts":"2026-04-10T18:54:00.210Z","level":"INFO","device":"868120018681","event":"RX_MSG","detail":"0x9208 bodyLen=81"}
{"ts":"2026-04-10T18:54:00.210Z","level":"INFO","device":"868120018681","event":"9208_RAW","detail":"0C35342E33372E3232352E36350D320000868120018681002604101853593C0200383638313230303138363831303032363034313031383533353933633032303000000000000000000000000000000000"}
{"ts":"2026-04-10T18:54:00.210Z","level":"INFO","device":"868120018681","event":"UPLOAD_TRIGGERED","detail":"media: 54.37.225.65:3378 | alarmId: 868120018681002604101853593C0200"}
{"ts":"2026-04-10T18:54:00.210Z","level":"INFO","device":"868120018681","event":"MEDIA_CONNECTING","detail":"54.37.225.65:3378 files=2"}
{"ts":"2026-04-10T18:54:00.415Z","level":"INFO","device":"868120018681","event":"MEDIA_CONNECTED","detail":"54.37.225.65:3378"}
{"ts":"2026-04-10T18:54:00.415Z","level":"INFO","device":"868120018681","event":"FILE_START","detail":"[1/2] 00_64_6401_00_868120018681002604101853593C0200.jpg (631 bytes)"}
{"ts":"2026-04-10T18:54:00.415Z","level":"INFO","device":"868120018681","event":"SENT_1210","detail":"00_64_6401_00_868120018681002604101853593C0200.jpg"}
{"ts":"2026-04-10T18:54:00.515Z","level":"INFO","device":"868120018681","event":"SENT_RAW_MARKER","detail":"00_64_6401_00_868120018681002604101853593C0200.jpg packet=693 bytes data=631 bytes"}
{"ts":"2026-04-10T18:54:00.515Z","level":"INFO","device":"868120018681","event":"SENT_1212","detail":"00_64_6401_00_868120018681002604101853593C0200.jpg type=0"}
{"ts":"2026-04-10T18:54:00.621Z","level":"INFO","device":"868120018681","event":"MEDIA_RX","detail":"7E 80 01 00 05 86 81 20 01 86 81 02 25 00 00 12 10 00 80 7E"}
{"ts":"2026-04-10T18:54:00.816Z","level":"INFO","device":"868120018681","event":"FILE_START","detail":"[2/2] 02_64_6401_03_868120018681002604101853593C0200.mp4 (1570024 bytes)"}
{"ts":"2026-04-10T18:54:00.816Z","level":"INFO","device":"868120018681","event":"SENT_1210","detail":"02_64_6401_03_868120018681002604101853593C0200.mp4"}
{"ts":"2026-04-10T18:54:00.823Z","level":"INFO","device":"868120018681","event":"MEDIA_RX","detail":"7E 92 12 00 36 86 81 20 01 86 81 87 F4 32 30 30 5F 36 34 5F 36 34 30 31 5F 30 30 5F 38 36 38 31 32 30 30 31 38 36 38 31 30 30 32 36 30 34 31 30 31 38 35 33 35 39 33 43 30 32 30 30 2E 6A 70 67 00 00 00 F7 7E"}
{"ts":"2026-04-10T18:54:00.917Z","level":"INFO","device":"868120018681","event":"SENT_RAW_MARKER","detail":"02_64_6401_03_868120018681002604101853593C0200.mp4 packet=1570086 bytes data=1570024 bytes"}
{"ts":"2026-04-10T18:54:01.121Z","level":"INFO","device":"868120018681","event":"MEDIA_RX","detail":"7E 80 01 00 05 86 81 20 01 86 81 00 36 00 02 12 10 00 93 7E"}
{"ts":"2026-04-10T18:54:02.078Z","level":"INFO","device":"868120018681","event":"SENT_1212","detail":"02_64_6401_03_868120018681002604101853593C0200.mp4 type=2"}
{"ts":"2026-04-10T18:54:02.367Z","level":"INFO","device":"868120018681","event":"MEDIA_RX","detail":"7E 92 12 00 36 86 81 20 01 86 81 BA 2D 32 30 32 5F 36 34 5F 36 34 30 31 5F 30 33 5F 38 36 38 31 32 30 30 31 38 36 38 31 30 30 32 36 30 34 31 30 31 38 35 33 35 39 33 43 30 32 30 30 2E 6D 70 34 02 00 00 44 7E"}
{"ts":"2026-04-10T18:54:02.379Z","level":"INFO","device":"868120018681","event":"BATCH_COMPLETE","detail":"All 2 files sent"}
{"ts":"2026-04-10T18:54:03.131Z","level":"INFO","device":"868120018681","event":"MEDIA_CLOSED","detail":""}
{"ts":"2026-04-10T18:54:09.729Z","level":"INFO","device":"868120018681","event":"INCIDENT_SENT","detail":"mediaId=61 alarmId=868120018681002604101854093D0200"}
{"ts":"2026-04-10T18:54:09.933Z","level":"INFO","device":"868120018681","event":"RX_MSG","detail":"0x8001 bodyLen=5"}
{"ts":"2026-04-10T18:54:09.933Z","level":"INFO","device":"868120018681","event":"SERVER_ACK","detail":"0x0200 result=OK"}
{"ts":"2026-04-10T18:54:10.243Z","level":"INFO","device":"868120018681","event":"RX_MSG","detail":"0x9208 bodyLen=81"}
{"ts":"2026-04-10T18:54:10.243Z","level":"INFO","device":"868120018681","event":"9208_RAW","detail":"0C35342E33372E3232352E36350D320000868120018681002604101854093D0200383638313230303138363831303032363034313031383534303933643032303000000000000000000000000000000000"}
{"ts":"2026-04-10T18:54:10.243Z","level":"INFO","device":"868120018681","event":"UPLOAD_TRIGGERED","detail":"media: 54.37.225.65:3378 | alarmId: 868120018681002604101854093D0200"}
{"ts":"2026-04-10T18:54:10.243Z","level":"INFO","device":"868120018681","event":"MEDIA_CONNECTING","detail":"54.37.225.65:3378 files=2"}
{"ts":"2026-04-10T18:54:10.243Z","level":"INFO","device":"868120018681","event":"RX_MSG","detail":"0x8001 bodyLen=5"}
{"ts":"2026-04-10T18:54:10.243Z","level":"INFO","device":"868120018681","event":"SERVER_ACK","detail":"0x0800 result=OK"}
{"ts":"2026-04-10T18:54:10.447Z","level":"INFO","device":"868120018681","event":"MEDIA_CONNECTED","detail":"54.37.225.65:3378"}
{"ts":"2026-04-10T18:54:10.448Z","level":"INFO","device":"868120018681","event":"FILE_START","detail":"[1/2] 00_64_6401_00_868120018681002604101854093D0200.jpg (631 bytes)"}
{"ts":"2026-04-10T18:54:10.448Z","level":"INFO","device":"868120018681","event":"SENT_1210","detail":"00_64_6401_00_868120018681002604101854093D0200.jpg"}
{"ts":"2026-04-10T18:54:10.548Z","level":"INFO","device":"868120018681","event":"SENT_RAW_MARKER","detail":"00_64_6401_00_868120018681002604101854093D0200.jpg packet=693 bytes data=631 bytes"}
{"ts":"2026-04-10T18:54:10.551Z","level":"INFO","device":"868120018681","event":"SENT_1212","detail":"00_64_6401_00_868120018681002604101854093D0200.jpg type=0"}
{"ts":"2026-04-10T18:54:10.653Z","level":"INFO","device":"868120018681","event":"MEDIA_RX","detail":"7E 80 01 00 05 86 81 20 01 86 81 76 DF 00 00 12 10 00 0E 7E"}
{"ts":"2026-04-10T18:54:10.851Z","level":"INFO","device":"868120018681","event":"FILE_START","detail":"[2/2] 02_64_6401_03_868120018681002604101854093D0200.mp4 (1570024 bytes)"}
{"ts":"2026-04-10T18:54:10.851Z","level":"INFO","device":"868120018681","event":"SENT_1210","detail":"02_64_6401_03_868120018681002604101854093D0200.mp4"}
{"ts":"2026-04-10T18:54:10.856Z","level":"INFO","device":"868120018681","event":"MEDIA_RX","detail":"7E 92 12 00 36 86 81 20 01 86 81 4D 5D 32 30 30 5F 36 34 5F 36 34 30 31 5F 30 30 5F 38 36 38 31 32 30 30 31 38 36 38 31 30 30 32 36 30 34 31 30 31 38 35 34 30 39 33 44 30 32 30 30 2E 6A 70 67 00 00 00 91 7E"}
{"ts":"2026-04-10T18:54:10.956Z","level":"INFO","device":"868120018681","event":"SENT_RAW_MARKER","detail":"02_64_6401_03_868120018681002604101854093D0200.mp4 packet=1570086 bytes data=1570024 bytes"}
{"ts":"2026-04-10T18:54:11.162Z","level":"INFO","device":"868120018681","event":"MEDIA_RX","detail":"7E 80 01 00 05 86 81 20 01 86 81 24 CE 00 02 12 10 00 4F 7E"}
{"ts":"2026-04-10T18:54:12.287Z","level":"INFO","device":"868120018681","event":"SENT_1212","detail":"02_64_6401_03_868120018681002604101854093D0200.mp4 type=2"}
{"ts":"2026-04-10T18:54:12.588Z","level":"INFO","device":"868120018681","event":"BATCH_COMPLETE","detail":"All 2 files sent"}
{"ts":"2026-04-10T18:54:12.997Z","level":"ERROR","device":"868120018681","event":"MEDIA_ERROR","detail":"54.37.225.65:3378 — read ECONNRESET"}
{"ts":"2026-04-10T18:54:12.998Z","level":"INFO","device":"868120018681","event":"MEDIA_CLOSED","detail":""}
{"ts":"2026-04-10T18:54:14.676Z","level":"INFO","device":"200000000001","event":"OBD2_SENT_0x0200","detail":"Lat: 51.718971, Lng: 0.499499 | Speed: 59km/h | RPM: 3153"}
{"ts":"2026-04-10T18:54:14.884Z","level":"INFO","device":"200000000001","event":"SERVER_ACK","detail":"0x8001 Universal Reply Received"}
{"ts":"2026-04-10T18:54:19.701Z","level":"INFO","device":"868120018681","event":"GPS_SENT","detail":""}
{"ts":"2026-04-10T18:54:19.729Z","level":"INFO","device":"868120018681","event":"INCIDENT_SENT","detail":"mediaId=62 alarmId=868120018681002604101854193E0200"}
{"ts":"2026-04-10T18:54:19.905Z","level":"INFO","device":"868120018681","event":"RX_MSG","detail":"0x8001 bodyLen=5"}
{"ts":"2026-04-10T18:54:19.905Z","level":"INFO","device":"868120018681","event":"SERVER_ACK","detail":"0x0200 result=OK"}
{"ts":"2026-04-10T18:54:20.257Z","level":"INFO","device":"868120018681","event":"RX_MSG","detail":"0x8001 bodyLen=5"}
{"ts":"2026-04-10T18:54:20.257Z","level":"INFO","device":"868120018681","event":"SERVER_ACK","detail":"0x0200 result=OK"}
{"ts":"2026-04-10T18:54:20.257Z","level":"INFO","device":"868120018681","event":"RX_MSG","detail":"0x8001 bodyLen=5"}
{"ts":"2026-04-10T18:54:20.257Z","level":"INFO","device":"868120018681","event":"SERVER_ACK","detail":"0x0800 result=OK"}
{"ts":"2026-04-10T18:54:20.257Z","level":"INFO","device":"868120018681","event":"RX_MSG","detail":"0x9208 bodyLen=81"}
{"ts":"2026-04-10T18:54:20.257Z","level":"INFO","device":"868120018681","event":"9208_RAW","detail":"0C35342E33372E3232352E36350D320000868120018681002604101854193E0200383638313230303138363831303032363034313031383534313933653032303000000000000000000000000000000000"}
{"ts":"2026-04-10T18:54:20.257Z","level":"INFO","device":"868120018681","event":"UPLOAD_TRIGGERED","detail":"media: 54.37.225.65:3378 | alarmId: 868120018681002604101854193E0200"}
{"ts":"2026-04-10T18:54:20.257Z","level":"INFO","device":"868120018681","event":"MEDIA_CONNECTING","detail":"54.37.225.65:3378 files=2"}
{"ts":"2026-04-10T18:54:20.463Z","level":"INFO","device":"868120018681","event":"MEDIA_CONNECTED","detail":"54.37.225.65:3378"}
{"ts":"2026-04-10T18:54:20.463Z","level":"INFO","device":"868120018681","event":"FILE_START","detail":"[1/2] 00_64_6401_00_868120018681002604101854193E0200.jpg (631 bytes)"}
{"ts":"2026-04-10T18:54:20.463Z","level":"INFO","device":"868120018681","event":"SENT_1210","detail":"00_64_6401_00_868120018681002604101854193E0200.jpg"}
{"ts":"2026-04-10T18:54:20.564Z","level":"INFO","device":"868120018681","event":"SENT_RAW_MARKER","detail":"00_64_6401_00_868120018681002604101854193E0200.jpg packet=693 bytes data=631 bytes"}
{"ts":"2026-04-10T18:54:20.564Z","level":"INFO","device":"868120018681","event":"SENT_1212","detail":"00_64_6401_00_868120018681002604101854193E0200.jpg type=0"}
{"ts":"2026-04-10T18:54:20.673Z","level":"INFO","device":"868120018681","event":"MEDIA_RX","detail":"7E 80 01 00 05 86 81 20 01 86 81 C7 F9 00 00 12 10 00 99 7E"}
{"ts":"2026-04-10T18:54:20.865Z","level":"INFO","device":"868120018681","event":"FILE_START","detail":"[2/2] 02_64_6401_03_868120018681002604101854193E0200.mp4 (1570024 bytes)"}
{"ts":"2026-04-10T18:54:20.865Z","level":"INFO","device":"868120018681","event":"SENT_1210","detail":"02_64_6401_03_868120018681002604101854193E0200.mp4"}
{"ts":"2026-04-10T18:54:20.874Z","level":"INFO","device":"868120018681","event":"MEDIA_RX","detail":"7E 92 12 00 36 86 81 20 01 86 81 0D 7C 32 30 30 5F 36 34 5F 36 34 30 31 5F 30 30 5F 38 36 38 31 32 30 30 31 38 36 38 31 30 30 32 36 30 34 31 30 31 38 35 34 31 39 33 45 30 32 30 30 2E 6A 70 67 00 00 00 F0 7E"}
{"ts":"2026-04-10T18:54:20.966Z","level":"INFO","device":"868120018681","event":"SENT_RAW_MARKER","detail":"02_64_6401_03_868120018681002604101854193E0200.mp4 packet=1570086 bytes data=1570024 bytes"}
{"ts":"2026-04-10T18:54:21.171Z","level":"INFO","device":"868120018681","event":"MEDIA_RX","detail":"7E 80 01 00 05 86 81 20 01 86 81 B6 04 00 02 12 10 00 17 7E"}
{"ts":"2026-04-10T18:54:22.107Z","level":"INFO","device":"868120018681","event":"SENT_1212","detail":"02_64_6401_03_868120018681002604101854193E0200.mp4 type=2"}
{"ts":"2026-04-10T18:54:22.408Z","level":"INFO","device":"868120018681","event":"BATCH_COMPLETE","detail":"All 2 files sent"}
{"ts":"2026-04-10T18:54:22.818Z","level":"ERROR","device":"868120018681","event":"MEDIA_ERROR","detail":"54.37.225.65:3378 — read ECONNRESET"}
{"ts":"2026-04-10T18:54:22.818Z","level":"INFO","device":"868120018681","event":"MEDIA_CLOSED","detail":""}
{"ts":"2026-04-10T18:54:29.679Z","level":"INFO","device":"200000000001","event":"HEARTBEAT_SENT","detail":"0x0002"}
{"ts":"2026-04-10T18:54:29.679Z","level":"INFO","device":"200000000001","event":"OBD2_SENT_0x0200","detail":"Lat: 51.717375, Lng: 0.502050 | Speed: 60km/h | RPM: 3192"}
{"ts":"2026-04-10T18:54:29.729Z","level":"INFO","device":"868120018681","event":"INCIDENT_SENT","detail":"mediaId=63 alarmId=868120018681002604101854293F0200"}
{"ts":"2026-04-10T18:54:29.885Z","level":"INFO","device":"200000000001","event":"SERVER_ACK","detail":"0x8001 Universal Reply Received"}
{"ts":"2026-04-10T18:54:29.934Z","level":"INFO","device":"868120018681","event":"RX_MSG","detail":"0x8001 bodyLen=5"}
{"ts":"2026-04-10T18:54:29.934Z","level":"INFO","device":"868120018681","event":"SERVER_ACK","detail":"0x0200 result=OK"}
{"ts":"2026-04-10T18:54:30.210Z","level":"INFO","device":"200000000001","event":"SERVER_ACK","detail":"0x8001 Universal Reply Received"}
{"ts":"2026-04-10T18:54:30.240Z","level":"INFO","device":"868120018681","event":"RX_MSG","detail":"0x9208 bodyLen=81"}
{"ts":"2026-04-10T18:54:30.240Z","level":"INFO","device":"868120018681","event":"9208_RAW","detail":"0C35342E33372E3232352E36350D320000868120018681002604101854293F0200383638313230303138363831303032363034313031383534323933663032303000000000000000000000000000000000"}
{"ts":"2026-04-10T18:54:30.240Z","level":"INFO","device":"868120018681","event":"UPLOAD_TRIGGERED","detail":"media: 54.37.225.65:3378 | alarmId: 868120018681002604101854293F0200"}
{"ts":"2026-04-10T18:54:30.240Z","level":"INFO","device":"868120018681","event":"MEDIA_CONNECTING","detail":"54.37.225.65:3378 files=2"}
{"ts":"2026-04-10T18:54:30.240Z","level":"INFO","device":"868120018681","event":"RX_MSG","detail":"0x8001 bodyLen=5"}
{"ts":"2026-04-10T18:54:30.240Z","level":"INFO","device":"868120018681","event":"SERVER_ACK","detail":"0x0800 result=OK"}
{"ts":"2026-04-10T18:54:30.428Z","level":"INFO","device":"868120018681","event":"MEDIA_CONNECTED","detail":"54.37.225.65:3378"}
{"ts":"2026-04-10T18:54:30.428Z","level":"INFO","device":"868120018681","event":"FILE_START","detail":"[1/2] 00_64_6401_00_868120018681002604101854293F0200.jpg (631 bytes)"}
{"ts":"2026-04-10T18:54:30.428Z","level":"INFO","device":"868120018681","event":"SENT_1210","detail":"00_64_6401_00_868120018681002604101854293F0200.jpg"}
{"ts":"2026-04-10T18:54:30.528Z","level":"INFO","device":"868120018681","event":"SENT_RAW_MARKER","detail":"00_64_6401_00_868120018681002604101854293F0200.jpg packet=693 bytes data=631 bytes"}
{"ts":"2026-04-10T18:54:30.529Z","level":"INFO","device":"868120018681","event":"SENT_1212","detail":"00_64_6401_00_868120018681002604101854293F0200.jpg type=0"}
{"ts":"2026-04-10T18:54:30.619Z","level":"INFO","device":"868120018681","event":"MEDIA_RX","detail":"7E 80 01 00 05 86 81 20 01 86 81 53 FE 00 00 12 10 00 0A 7E"}
{"ts":"2026-04-10T18:54:30.804Z","level":"INFO","device":"868120018681","event":"MEDIA_RX","detail":"7E 92 12 00 36 86 81 20 01 86 81 31 63 32 30 30 5F 36 34 5F 36 34 30 31 5F 30 30 5F 38 36 38 31 32 30 30 31 38 36 38 31 30 30 32 36 30 34 31 30 31 38 35 34 32 39 33 46 30 32 30 30 2E 6A 70 67 00 00 00 D3 7E"}
{"ts":"2026-04-10T18:54:30.829Z","level":"INFO","device":"868120018681","event":"FILE_START","detail":"[2/2] 02_64_6401_03_868120018681002604101854293F0200.mp4 (1570024 bytes)"}
{"ts":"2026-04-10T18:54:30.829Z","level":"INFO","device":"868120018681","event":"SENT_1210","detail":"02_64_6401_03_868120018681002604101854293F0200.mp4"}
{"ts":"2026-04-10T18:54:30.930Z","level":"INFO","device":"868120018681","event":"SENT_RAW_MARKER","detail":"02_64_6401_03_868120018681002604101854293F0200.mp4 packet=1570086 bytes data=1570024 bytes"}
{"ts":"2026-04-10T18:54:31.017Z","level":"INFO","device":"868120018681","event":"MEDIA_RX","detail":"7E 80 01 00 05 86 81 20 01 86 81 B0 E3 00 02 12 10 00 F6 7E"}
{"ts":"2026-04-10T18:54:31.874Z","level":"INFO","device":"868120018681","event":"SENT_1212","detail":"02_64_6401_03_868120018681002604101854293F0200.mp4 type=2"}
{"ts":"2026-04-10T18:54:32.175Z","level":"INFO","device":"868120018681","event":"BATCH_COMPLETE","detail":"All 2 files sent"}
{"ts":"2026-04-10T18:54:32.550Z","level":"ERROR","device":"868120018681","event":"MEDIA_ERROR","detail":"54.37.225.65:3378 — read ECONNRESET"}
{"ts":"2026-04-10T18:54:32.551Z","level":"INFO","device":"868120018681","event":"MEDIA_CLOSED","detail":""}
{"ts":"2026-04-10T18:54:39.708Z","level":"INFO","device":"868120018681","event":"GPS_SENT","detail":""}
{"ts":"2026-04-10T18:54:39.729Z","level":"INFO","device":"868120018681","event":"INCIDENT_SENT","detail":"mediaId=64 alarmId=86812001868100260410185439400200"}
{"ts":"2026-04-10T18:54:39.913Z","level":"INFO","device":"868120018681","event":"RX_MSG","detail":"0x8001 bodyLen=5"}
{"ts":"2026-04-10T18:54:39.914Z","level":"INFO","device":"868120018681","event":"SERVER_ACK","detail":"0x0200 result=OK"}
{"ts":"2026-04-10T18:54:40.255Z","level":"INFO","device":"868120018681","event":"RX_MSG","detail":"0x8001 bodyLen=5"}
{"ts":"2026-04-10T18:54:40.255Z","level":"INFO","device":"868120018681","event":"SERVER_ACK","detail":"0x0200 result=OK"}
{"ts":"2026-04-10T18:54:40.255Z","level":"INFO","device":"868120018681","event":"RX_MSG","detail":"0x8001 bodyLen=5"}
{"ts":"2026-04-10T18:54:40.255Z","level":"INFO","device":"868120018681","event":"SERVER_ACK","detail":"0x0800 result=OK"}
{"ts":"2026-04-10T18:54:40.255Z","level":"INFO","device":"868120018681","event":"RX_MSG","detail":"0x9208 bodyLen=81"}
{"ts":"2026-04-10T18:54:40.255Z","level":"INFO","device":"868120018681","event":"9208_RAW","detail":"0C35342E33372E3232352E36350D32000086812001868100260410185439400200383638313230303138363831303032363034313031383534333934303032303000000000000000000000000000000000"}
{"ts":"2026-04-10T18:54:40.255Z","level":"INFO","device":"868120018681","event":"UPLOAD_TRIGGERED","detail":"media: 54.37.225.65:3378 | alarmId: 86812001868100260410185439400200"}
{"ts":"2026-04-10T18:54:40.255Z","level":"INFO","device":"868120018681","event":"MEDIA_CONNECTING","detail":"54.37.225.65:3378 files=2"}
{"ts":"2026-04-10T18:54:40.443Z","level":"INFO","device":"868120018681","event":"MEDIA_CONNECTED","detail":"54.37.225.65:3378"}
{"ts":"2026-04-10T18:54:40.444Z","level":"INFO","device":"868120018681","event":"FILE_START","detail":"[1/2] 00_64_6401_00_86812001868100260410185439400200.jpg (631 bytes)"}
{"ts":"2026-04-10T18:54:40.444Z","level":"INFO","device":"868120018681","event":"SENT_1210","detail":"00_64_6401_00_86812001868100260410185439400200.jpg"}
{"ts":"2026-04-10T18:54:40.544Z","level":"INFO","device":"868120018681","event":"SENT_RAW_MARKER","detail":"00_64_6401_00_86812001868100260410185439400200.jpg packet=693 bytes data=631 bytes"}
{"ts":"2026-04-10T18:54:40.544Z","level":"INFO","device":"868120018681","event":"SENT_1212","detail":"00_64_6401_00_86812001868100260410185439400200.jpg type=0"}
{"ts":"2026-04-10T18:54:40.633Z","level":"INFO","device":"868120018681","event":"MEDIA_RX","detail":"7E 80 01 00 05 86 81 20 01 86 81 37 C6 00 00 12 10 00 56 7E"}
{"ts":"2026-04-10T18:54:40.819Z","level":"INFO","device":"868120018681","event":"MEDIA_RX","detail":"7E 92 12 00 36 86 81 20 01 86 81 25 46 32 30 30 5F 36 34 5F 36 34 30 31 5F 30 30 5F 38 36 38 31 32 30 30 31 38 36 38 31 30 30 32 36 30 34 31 30 31 38 35 34 33 39 34 30 30 32 30 30 2E 6A 70 67 00 00 00 92 7E"}
{"ts":"2026-04-10T18:54:40.844Z","level":"INFO","device":"868120018681","event":"FILE_START","detail":"[2/2] 02_64_6401_03_86812001868100260410185439400200.mp4 (1570024 bytes)"}
{"ts":"2026-04-10T18:54:40.844Z","level":"INFO","device":"868120018681","event":"SENT_1210","detail":"02_64_6401_03_86812001868100260410185439400200.mp4"}
{"ts":"2026-04-10T18:54:40.947Z","level":"INFO","device":"868120018681","event":"SENT_RAW_MARKER","detail":"02_64_6401_03_86812001868100260410185439400200.mp4 packet=1570086 bytes data=1570024 bytes"}
{"ts":"2026-04-10T18:54:41.032Z","level":"INFO","device":"868120018681","event":"MEDIA_RX","detail":"7E 80 01 00 05 86 81 20 01 86 81 53 C1 00 02 12 10 00 37 7E"}
{"ts":"2026-04-10T18:54:42.012Z","level":"INFO","device":"868120018681","event":"SENT_1212","detail":"02_64_6401_03_86812001868100260410185439400200.mp4 type=2"}
{"ts":"2026-04-10T18:54:42.284Z","level":"INFO","device":"868120018681","event":"MEDIA_RX","detail":"7E 92 12 00 36 86 81 20 01 86 81 FF 1F 32 30 32 5F 36 34 5F 36 34 30 31 5F 30 33 5F 38 36 38 31 32 30 30 31 38 36 38 31 30 30 32 36 30 34 31 30 31 38 35 34 33 39 34 30 30 32 30 30 2E 6D 70 34 02 00 00 46 7E"}
{"ts":"2026-04-10T18:54:42.312Z","level":"INFO","device":"868120018681","event":"BATCH_COMPLETE","detail":"All 2 files sent"}
{"ts":"2026-04-10T18:54:42.977Z","level":"INFO","device":"868120018681","event":"MEDIA_CLOSED","detail":""}
{"ts":"2026-04-10T18:54:44.681Z","level":"INFO","device":"200000000001","event":"OBD2_SENT_0x0200","detail":"Lat: 51.716191, Lng: 0.504945 | Speed: 62km/h | RPM: 3260"}
{"ts":"2026-04-10T18:54:44.889Z","level":"INFO","device":"200000000001","event":"SERVER_ACK","detail":"0x8001 Universal Reply Received"}
{"ts":"2026-04-10T18:54:49.731Z","level":"INFO","device":"868120018681","event":"INCIDENT_SENT","detail":"mediaId=65 alarmId=86812001868100260410185449410200"}
{"ts":"2026-04-10T18:54:49.936Z","level":"INFO","device":"868120018681","event":"RX_MSG","detail":"0x8001 bodyLen=5"}
{"ts":"2026-04-10T18:54:49.936Z","level":"INFO","device":"868120018681","event":"SERVER_ACK","detail":"0x0200 result=OK"}
{"ts":"2026-04-10T18:54:50.238Z","level":"INFO","device":"868120018681","event":"RX_MSG","detail":"0x9208 bodyLen=81"}
{"ts":"2026-04-10T18:54:50.238Z","level":"INFO","device":"868120018681","event":"9208_RAW","detail":"0C35342E33372E3232352E36350D32000086812001868100260410185449410200383638313230303138363831303032363034313031383534343934313032303000000000000000000000000000000000"}
{"ts":"2026-04-10T18:54:50.238Z","level":"INFO","device":"868120018681","event":"UPLOAD_TRIGGERED","detail":"media: 54.37.225.65:3378 | alarmId: 86812001868100260410185449410200"}
{"ts":"2026-04-10T18:54:50.238Z","level":"INFO","device":"868120018681","event":"MEDIA_CONNECTING","detail":"54.37.225.65:3378 files=2"}
{"ts":"2026-04-10T18:54:50.238Z","level":"INFO","device":"868120018681","event":"RX_MSG","detail":"0x8001 bodyLen=5"}
{"ts":"2026-04-10T18:54:50.238Z","level":"INFO","device":"868120018681","event":"SERVER_ACK","detail":"0x0800 result=OK"}
{"ts":"2026-04-10T18:54:50.443Z","level":"INFO","device":"868120018681","event":"MEDIA_CONNECTED","detail":"54.37.225.65:3378"}
{"ts":"2026-04-10T18:54:50.443Z","level":"INFO","device":"868120018681","event":"FILE_START","detail":"[1/2] 00_64_6401_00_86812001868100260410185449410200.jpg (631 bytes)"}
{"ts":"2026-04-10T18:54:50.443Z","level":"INFO","device":"868120018681","event":"SENT_1210","detail":"00_64_6401_00_86812001868100260410185449410200.jpg"}
{"ts":"2026-04-10T18:54:50.543Z","level":"INFO","device":"868120018681","event":"SENT_RAW_MARKER","detail":"00_64_6401_00_86812001868100260410185449410200.jpg packet=693 bytes data=631 bytes"}
{"ts":"2026-04-10T18:54:50.543Z","level":"INFO","device":"868120018681","event":"SENT_1212","detail":"00_64_6401_00_86812001868100260410185449410200.jpg type=0"}
{"ts":"2026-04-10T18:54:50.649Z","level":"INFO","device":"868120018681","event":"MEDIA_RX","detail":"7E 80 01 00 05 86 81 20 01 86 81 AB 6C 00 00 12 10 00 60 7E"}
{"ts":"2026-04-10T18:54:50.844Z","level":"INFO","device":"868120018681","event":"FILE_START","detail":"[2/2] 02_64_6401_03_86812001868100260410185449410200.mp4 (1570024 bytes)"}
{"ts":"2026-04-10T18:54:50.844Z","level":"INFO","device":"868120018681","event":"SENT_1210","detail":"02_64_6401_03_86812001868100260410185449410200.mp4"}
{"ts":"2026-04-10T18:54:50.852Z","level":"INFO","device":"868120018681","event":"MEDIA_RX","detail":"7E 92 12 00 36 86 81 20 01 86 81 8E B8 32 30 30 5F 36 34 5F 36 34 30 31 5F 30 30 5F 38 36 38 31 32 30 30 31 38 36 38 31 30 30 32 36 30 34 31 30 31 38 35 34 34 39 34 31 30 32 30 30 2E 6A 70 67 00 00 00 C1 7E"}
{"ts":"2026-04-10T18:54:50.945Z","level":"INFO","device":"868120018681","event":"SENT_RAW_MARKER","detail":"02_64_6401_03_86812001868100260410185449410200.mp4 packet=1570086 bytes data=1570024 bytes"}
{"ts":"2026-04-10T18:54:51.150Z","level":"INFO","device":"868120018681","event":"MEDIA_RX","detail":"7E 80 01 00 05 86 81 20 01 86 81 98 4F 00 02 12 10 00 72 7E"}
{"ts":"2026-04-10T18:54:52.177Z","level":"INFO","device":"868120018681","event":"SENT_1212","detail":"02_64_6401_03_86812001868100260410185449410200.mp4 type=2"}
{"ts":"2026-04-10T18:54:52.478Z","level":"INFO","device":"868120018681","event":"BATCH_COMPLETE","detail":"All 2 files sent"}
{"ts":"2026-04-10T18:54:52.888Z","level":"ERROR","device":"868120018681","event":"MEDIA_ERROR","detail":"54.37.225.65:3378 — read ECONNRESET"}
{"ts":"2026-04-10T18:54:52.888Z","level":"INFO","device":"868120018681","event":"MEDIA_CLOSED","detail":""}
{"ts":"2026-04-10T18:54:59.679Z","level":"INFO","device":"200000000001","event":"HEARTBEAT_SENT","detail":"0x0002"}
{"ts":"2026-04-10T18:54:59.681Z","level":"INFO","device":"200000000001","event":"OBD2_SENT_0x0200","detail":"Lat: 51.715274, Lng: 0.508123 | Speed: 61km/h | RPM: 3226"}
{"ts":"2026-04-10T18:54:59.708Z","level":"INFO","device":"868120018681","event":"GPS_SENT","detail":""}
{"ts":"2026-04-10T18:54:59.731Z","level":"INFO","device":"868120018681","event":"INCIDENT_SENT","detail":"mediaId=66 alarmId=86812001868100260410185459420200"}
{"ts":"2026-04-10T18:54:59.885Z","level":"INFO","device":"200000000001","event":"SERVER_ACK","detail":"0x8001 Universal Reply Received"}
{"ts":"2026-04-10T18:54:59.914Z","level":"INFO","device":"868120018681","event":"RX_MSG","detail":"0x8001 bodyLen=5"}
{"ts":"2026-04-10T18:54:59.914Z","level":"INFO","device":"868120018681","event":"SERVER_ACK","detail":"0x0200 result=OK"}
{"ts":"2026-04-10T18:55:00.224Z","level":"INFO","device":"200000000001","event":"SERVER_ACK","detail":"0x8001 Universal Reply Received"}
{"ts":"2026-04-10T18:55:00.255Z","level":"INFO","device":"868120018681","event":"RX_MSG","detail":"0x8001 bodyLen=5"}
{"ts":"2026-04-10T18:55:00.256Z","level":"INFO","device":"868120018681","event":"SERVER_ACK","detail":"0x0200 result=OK"}
{"ts":"2026-04-10T18:55:00.256Z","level":"INFO","device":"868120018681","event":"RX_MSG","detail":"0x8001 bodyLen=5"}
{"ts":"2026-04-10T18:55:00.256Z","level":"INFO","device":"868120018681","event":"SERVER_ACK","detail":"0x0800 result=OK"}
{"ts":"2026-04-10T18:55:00.256Z","level":"INFO","device":"868120018681","event":"RX_MSG","detail":"0x9208 bodyLen=81"}
{"ts":"2026-04-10T18:55:00.256Z","level":"INFO","device":"868120018681","event":"9208_RAW","detail":"0C35342E33372E3232352E36350D32000086812001868100260410185459420200383638313230303138363831303032363034313031383534353934323032303000000000000000000000000000000000"}
{"ts":"2026-04-10T18:55:00.256Z","level":"INFO","device":"868120018681","event":"UPLOAD_TRIGGERED","detail":"media: 54.37.225.65:3378 | alarmId: 86812001868100260410185459420200"}
{"ts":"2026-04-10T18:55:00.256Z","level":"INFO","device":"868120018681","event":"MEDIA_CONNECTING","detail":"54.37.225.65:3378 files=2"}
{"ts":"2026-04-10T18:55:00.443Z","level":"INFO","device":"868120018681","event":"MEDIA_CONNECTED","detail":"54.37.225.65:3378"}
{"ts":"2026-04-10T18:55:00.444Z","level":"INFO","device":"868120018681","event":"FILE_START","detail":"[1/2] 00_64_6401_00_86812001868100260410185459420200.jpg (631 bytes)"}
{"ts":"2026-04-10T18:55:00.444Z","level":"INFO","device":"868120018681","event":"SENT_1210","detail":"00_64_6401_00_86812001868100260410185459420200.jpg"}
{"ts":"2026-04-10T18:55:00.544Z","level":"INFO","device":"868120018681","event":"SENT_RAW_MARKER","detail":"00_64_6401_00_86812001868100260410185459420200.jpg packet=693 bytes data=631 bytes"}
{"ts":"2026-04-10T18:55:00.544Z","level":"INFO","device":"868120018681","event":"SENT_1212","detail":"00_64_6401_00_86812001868100260410185459420200.jpg type=0"}
{"ts":"2026-04-10T18:55:00.633Z","level":"INFO","device":"868120018681","event":"MEDIA_RX","detail":"7E 80 01 00 05 86 81 20 01 86 81 78 FF 00 00 12 10 00 20 7E"}
{"ts":"2026-04-10T18:55:00.818Z","level":"INFO","device":"868120018681","event":"MEDIA_RX","detail":"7E 92 12 00 36 86 81 20 01 86 81 47 2F 32 30 30 5F 36 34 5F 36 34 30 31 5F 30 30 5F 38 36 38 31 32 30 30 31 38 36 38 31 30 30 32 36 30 34 31 30 31 38 35 34 35 39 34 32 30 32 30 30 2E 6A 70 67 00 00 00 9D 7E"}
{"ts":"2026-04-10T18:55:00.844Z","level":"INFO","device":"868120018681","event":"FILE_START","detail":"[2/2] 02_64_6401_03_86812001868100260410185459420200.mp4 (1570024 bytes)"}
{"ts":"2026-04-10T18:55:00.844Z","level":"INFO","device":"868120018681","event":"SENT_1210","detail":"02_64_6401_03_86812001868100260410185459420200.mp4"}
{"ts":"2026-04-10T18:55:00.945Z","level":"INFO","device":"868120018681","event":"SENT_RAW_MARKER","detail":"02_64_6401_03_86812001868100260410185459420200.mp4 packet=1570086 bytes data=1570024 bytes"}
{"ts":"2026-04-10T18:55:01.031Z","level":"INFO","device":"868120018681","event":"MEDIA_RX","detail":"7E 80 01 00 05 86 81 20 01 86 81 73 FF 00 02 12 10 00 29 7E"}
{"ts":"2026-04-10T18:55:02.008Z","level":"INFO","device":"868120018681","event":"SENT_1212","detail":"02_64_6401_03_86812001868100260410185459420200.mp4 type=2"}
{"ts":"2026-04-10T18:55:02.274Z","level":"INFO","device":"868120018681","event":"MEDIA_RX","detail":"7E 92 12 00 36 86 81 20 01 86 81 59 FC 32 30 32 5F 36 34 5F 36 34 30 31 5F 30 33 5F 38 36 38 31 32 30 30 31 38 36 38 31 30 30 32 36 30 34 31 30 31 38 35 34 35 39 34 32 30 32 30 30 2E 6D 70 34 02 00 00 07 7E"}
{"ts":"2026-04-10T18:55:02.310Z","level":"INFO","device":"868120018681","event":"BATCH_COMPLETE","detail":"All 2 files sent"}
{"ts":"2026-04-10T18:55:02.976Z","level":"INFO","device":"868120018681","event":"MEDIA_CLOSED","detail":""}
{"ts":"2026-04-10T18:55:09.735Z","level":"INFO","device":"868120018681","event":"INCIDENT_SENT","detail":"mediaId=67 alarmId=86812001868100260410185509430200"}
{"ts":"2026-04-10T18:55:09.942Z","level":"INFO","device":"868120018681","event":"RX_MSG","detail":"0x8001 bodyLen=5"}
{"ts":"2026-04-10T18:55:09.942Z","level":"INFO","device":"868120018681","event":"SERVER_ACK","detail":"0x0200 result=OK"}
{"ts":"2026-04-10T18:55:10.290Z","level":"INFO","device":"868120018681","event":"RX_MSG","detail":"0x9208 bodyLen=81"}
{"ts":"2026-04-10T18:55:10.290Z","level":"INFO","device":"868120018681","event":"9208_RAW","detail":"0C35342E33372E3232352E36350D32000086812001868100260410185509430200383638313230303138363831303032363034313031383535303934333032303000000000000000000000000000000000"}
{"ts":"2026-04-10T18:55:10.290Z","level":"INFO","device":"868120018681","event":"UPLOAD_TRIGGERED","detail":"media: 54.37.225.65:3378 | alarmId: 86812001868100260410185509430200"}
{"ts":"2026-04-10T18:55:10.290Z","level":"INFO","device":"868120018681","event":"MEDIA_CONNECTING","detail":"54.37.225.65:3378 files=2"}
{"ts":"2026-04-10T18:55:10.290Z","level":"INFO","device":"868120018681","event":"RX_MSG","detail":"0x8001 bodyLen=5"}
{"ts":"2026-04-10T18:55:10.290Z","level":"INFO","device":"868120018681","event":"SERVER_ACK","detail":"0x0800 result=OK"}
{"ts":"2026-04-10T18:55:10.501Z","level":"INFO","device":"868120018681","event":"MEDIA_CONNECTED","detail":"54.37.225.65:3378"}
{"ts":"2026-04-10T18:55:10.502Z","level":"INFO","device":"868120018681","event":"FILE_START","detail":"[1/2] 00_64_6401_00_86812001868100260410185509430200.jpg (631 bytes)"}
{"ts":"2026-04-10T18:55:10.502Z","level":"INFO","device":"868120018681","event":"SENT_1210","detail":"00_64_6401_00_86812001868100260410185509430200.jpg"}
{"ts":"2026-04-10T18:55:10.603Z","level":"INFO","device":"868120018681","event":"SENT_RAW_MARKER","detail":"00_64_6401_00_86812001868100260410185509430200.jpg packet=693 bytes data=631 bytes"}
{"ts":"2026-04-10T18:55:10.603Z","level":"INFO","device":"868120018681","event":"SENT_1212","detail":"00_64_6401_00_86812001868100260410185509430200.jpg type=0"}
{"ts":"2026-04-10T18:55:10.714Z","level":"INFO","device":"868120018681","event":"MEDIA_RX","detail":"7E 80 01 00 05 86 81 20 01 86 81 C9 48 00 00 12 10 00 26 7E"}
{"ts":"2026-04-10T18:55:10.903Z","level":"INFO","device":"868120018681","event":"FILE_START","detail":"[2/2] 02_64_6401_03_86812001868100260410185509430200.mp4 (1570024 bytes)"}
{"ts":"2026-04-10T18:55:10.903Z","level":"INFO","device":"868120018681","event":"SENT_1210","detail":"02_64_6401_03_86812001868100260410185509430200.mp4"}
{"ts":"2026-04-10T18:55:10.924Z","level":"INFO","device":"868120018681","event":"MEDIA_RX","detail":"7E 92 12 00 36 86 81 20 01 86 81 7D 02 8C 32 30 30 5F 36 34 5F 36 34 30 31 5F 30 30 5F 38 36 38 31 32 30 30 31 38 36 38 31 30 30 32 36 30 34 31 30 31 38 35 35 30 39 34 33 30 32 30 30 2E 6A 70 67 00 00 00 02 7E"}
{"ts":"2026-04-10T18:55:11.006Z","level":"INFO","device":"868120018681","event":"SENT_RAW_MARKER","detail":"02_64_6401_03_86812001868100260410185509430200.mp4 packet=1570086 bytes data=1570024 bytes"}
{"ts":"2026-04-10T18:55:11.218Z","level":"INFO","device":"868120018681","event":"MEDIA_RX","detail":"7E 80 01 00 05 86 81 20 01 86 81 DB 1D 00 02 12 10 00 63 7E"}
{"ts":"2026-04-10T18:55:12.211Z","level":"INFO","device":"868120018681","event":"SENT_1212","detail":"02_64_6401_03_86812001868100260410185509430200.mp4 type=2"}
{"ts":"2026-04-10T18:55:12.512Z","level":"INFO","device":"868120018681","event":"BATCH_COMPLETE","detail":"All 2 files sent"}
{"ts":"2026-04-10T18:55:14.683Z","level":"INFO","device":"200000000001","event":"OBD2_SENT_0x0200","detail":"Lat: 51.714562, Lng: 0.511444 | Speed: 58km/h | RPM: 3124"}
{"ts":"2026-04-10T18:55:14.890Z","level":"INFO","device":"200000000001","event":"SERVER_ACK","detail":"0x8001 Universal Reply Received"}
{"ts":"2026-04-10T18:55:19.712Z","level":"INFO","device":"868120018681","event":"GPS_SENT","detail":""}
{"ts":"2026-04-10T18:55:19.735Z","level":"INFO","device":"868120018681","event":"INCIDENT_SENT","detail":"mediaId=68 alarmId=86812001868100260410185519440200"}
{"ts":"2026-04-10T18:55:19.917Z","level":"INFO","device":"868120018681","event":"RX_MSG","detail":"0x8001 bodyLen=5"}
{"ts":"2026-04-10T18:55:19.917Z","level":"INFO","device":"868120018681","event":"SERVER_ACK","detail":"0x0200 result=OK"}
{"ts":"2026-04-10T18:55:20.245Z","level":"INFO","device":"868120018681","event":"RX_MSG","detail":"0x8001 bodyLen=5"}
{"ts":"2026-04-10T18:55:20.245Z","level":"INFO","device":"868120018681","event":"SERVER_ACK","detail":"0x0200 result=OK"}
{"ts":"2026-04-10T18:55:20.245Z","level":"INFO","device":"868120018681","event":"RX_MSG","detail":"0x8001 bodyLen=5"}
{"ts":"2026-04-10T18:55:20.245Z","level":"INFO","device":"868120018681","event":"SERVER_ACK","detail":"0x0800 result=OK"}
{"ts":"2026-04-10T18:55:20.245Z","level":"INFO","device":"868120018681","event":"RX_MSG","detail":"0x9208 bodyLen=81"}
{"ts":"2026-04-10T18:55:20.245Z","level":"INFO","device":"868120018681","event":"9208_RAW","detail":"0C35342E33372E3232352E36350D32000086812001868100260410185519440200383638313230303138363831303032363034313031383535313934343032303000000000000000000000000000000000"}
{"ts":"2026-04-10T18:55:20.245Z","level":"INFO","device":"868120018681","event":"UPLOAD_TRIGGERED","detail":"media: 54.37.225.65:3378 | alarmId: 86812001868100260410185519440200"}
{"ts":"2026-04-10T18:55:20.245Z","level":"INFO","device":"868120018681","event":"MEDIA_CONNECTING","detail":"54.37.225.65:3378 files=2"}
{"ts":"2026-04-10T18:55:20.450Z","level":"INFO","device":"868120018681","event":"MEDIA_CONNECTED","detail":"54.37.225.65:3378"}
{"ts":"2026-04-10T18:55:20.451Z","level":"INFO","device":"868120018681","event":"FILE_START","detail":"[1/2] 00_64_6401_00_86812001868100260410185519440200.jpg (631 bytes)"}
{"ts":"2026-04-10T18:55:20.451Z","level":"INFO","device":"868120018681","event":"SENT_1210","detail":"00_64_6401_00_86812001868100260410185519440200.jpg"}
{"ts":"2026-04-10T18:55:20.552Z","level":"INFO","device":"868120018681","event":"SENT_RAW_MARKER","detail":"00_64_6401_00_86812001868100260410185519440200.jpg packet=693 bytes data=631 bytes"}
{"ts":"2026-04-10T18:55:20.552Z","level":"INFO","device":"868120018681","event":"SENT_1212","detail":"00_64_6401_00_86812001868100260410185519440200.jpg type=0"}
{"ts":"2026-04-10T18:55:20.656Z","level":"INFO","device":"868120018681","event":"MEDIA_RX","detail":"7E 80 01 00 05 86 81 20 01 86 81 86 16 00 00 12 10 00 37 7E"}
{"ts":"2026-04-10T18:55:20.852Z","level":"INFO","device":"868120018681","event":"FILE_START","detail":"[2/2] 02_64_6401_03_86812001868100260410185519440200.mp4 (1570024 bytes)"}
{"ts":"2026-04-10T18:55:20.852Z","level":"INFO","device":"868120018681","event":"SENT_1210","detail":"02_64_6401_03_86812001868100260410185519440200.mp4"}
{"ts":"2026-04-10T18:55:20.859Z","level":"INFO","device":"868120018681","event":"MEDIA_RX","detail":"7E 92 12 00 36 86 81 20 01 86 81 51 19 32 30 30 5F 36 34 5F 36 34 30 31 5F 30 30 5F 38 36 38 31 32 30 30 31 38 36 38 31 30 30 32 36 30 34 31 30 31 38 35 35 31 39 34 34 30 32 30 30 2E 6A 70 67 00 00 00 BE 7E"}
{"ts":"2026-04-10T18:55:20.953Z","level":"INFO","device":"868120018681","event":"SENT_RAW_MARKER","detail":"02_64_6401_03_86812001868100260410185519440200.mp4 packet=1570086 bytes data=1570024 bytes"}
{"ts":"2026-04-10T18:55:21.158Z","level":"INFO","device":"868120018681","event":"MEDIA_RX","detail":"7E 80 01 00 05 86 81 20 01 86 81 65 88 00 02 12 10 00 48 7E"}
{"ts":"2026-04-10T18:55:21.979Z","level":"INFO","device":"868120018681","event":"SENT_1212","detail":"02_64_6401_03_86812001868100260410185519440200.mp4 type=2"}
{"ts":"2026-04-10T18:55:22.279Z","level":"INFO","device":"868120018681","event":"BATCH_COMPLETE","detail":"All 2 files sent"}
{"ts":"2026-04-10T18:55:22.690Z","level":"ERROR","device":"868120018681","event":"MEDIA_ERROR","detail":"54.37.225.65:3378 — read ECONNRESET"}
{"ts":"2026-04-10T18:55:22.690Z","level":"INFO","device":"868120018681","event":"MEDIA_CLOSED","detail":""}
{"ts":"2026-04-10T18:55:29.681Z","level":"INFO","device":"200000000001","event":"HEARTBEAT_SENT","detail":"0x0002"}
{"ts":"2026-04-10T18:55:29.683Z","level":"INFO","device":"200000000001","event":"OBD2_SENT_0x0200","detail":"Lat: 51.714030, Lng: 0.514787 | Speed: 58km/h | RPM: 3139"}
{"ts":"2026-04-10T18:55:29.735Z","level":"INFO","device":"868120018681","event":"INCIDENT_SENT","detail":"mediaId=69 alarmId=86812001868100260410185529450200"}
{"ts":"2026-04-10T18:55:29.888Z","level":"INFO","device":"200000000001","event":"SERVER_ACK","detail":"0x8001 Universal Reply Received"}
{"ts":"2026-04-10T18:55:29.941Z","level":"INFO","device":"868120018681","event":"RX_MSG","detail":"0x8001 bodyLen=5"}
{"ts":"2026-04-10T18:55:29.941Z","level":"INFO","device":"868120018681","event":"SERVER_ACK","detail":"0x0200 result=OK"}
{"ts":"2026-04-10T18:55:30.230Z","level":"INFO","device":"200000000001","event":"SERVER_ACK","detail":"0x8001 Universal Reply Received"}
{"ts":"2026-04-10T18:55:30.293Z","level":"INFO","device":"868120018681","event":"RX_MSG","detail":"0x9208 bodyLen=81"}
{"ts":"2026-04-10T18:55:30.293Z","level":"INFO","device":"868120018681","event":"9208_RAW","detail":"0C35342E33372E3232352E36350D32000086812001868100260410185529450200383638313230303138363831303032363034313031383535323934353032303000000000000000000000000000000000"}
{"ts":"2026-04-10T18:55:30.293Z","level":"INFO","device":"868120018681","event":"UPLOAD_TRIGGERED","detail":"media: 54.37.225.65:3378 | alarmId: 86812001868100260410185529450200"}
{"ts":"2026-04-10T18:55:30.293Z","level":"INFO","device":"868120018681","event":"MEDIA_CONNECTING","detail":"54.37.225.65:3378 files=2"}
{"ts":"2026-04-10T18:55:30.293Z","level":"INFO","device":"868120018681","event":"RX_MSG","detail":"0x8001 bodyLen=5"}
{"ts":"2026-04-10T18:55:30.293Z","level":"INFO","device":"868120018681","event":"SERVER_ACK","detail":"0x0800 result=OK"}
{"ts":"2026-04-10T18:55:30.481Z","level":"INFO","device":"868120018681","event":"MEDIA_CONNECTED","detail":"54.37.225.65:3378"}
{"ts":"2026-04-10T18:55:30.481Z","level":"INFO","device":"868120018681","event":"FILE_START","detail":"[1/2] 00_64_6401_00_86812001868100260410185529450200.jpg (631 bytes)"}
{"ts":"2026-04-10T18:55:30.481Z","level":"INFO","device":"868120018681","event":"SENT_1210","detail":"00_64_6401_00_86812001868100260410185529450200.jpg"}
{"ts":"2026-04-10T18:55:30.581Z","level":"INFO","device":"868120018681","event":"SENT_RAW_MARKER","detail":"00_64_6401_00_86812001868100260410185529450200.jpg packet=693 bytes data=631 bytes"}
{"ts":"2026-04-10T18:55:30.581Z","level":"INFO","device":"868120018681","event":"SENT_1212","detail":"00_64_6401_00_86812001868100260410185529450200.jpg type=0"}
{"ts":"2026-04-10T18:55:30.670Z","level":"INFO","device":"868120018681","event":"MEDIA_RX","detail":"7E 80 01 00 05 86 81 20 01 86 81 83 25 00 00 12 10 00 01 7E"}
{"ts":"2026-04-10T18:55:30.856Z","level":"INFO","device":"868120018681","event":"MEDIA_RX","detail":"7E 92 12 00 36 86 81 20 01 86 81 31 42 32 30 30 5F 36 34 5F 36 34 30 31 5F 30 30 5F 38 36 38 31 32 30 30 31 38 36 38 31 30 30 32 36 30 34 31 30 31 38 35 35 32 39 34 35 30 32 30 30 2E 6A 70 67 00 00 00 87 7E"}
{"ts":"2026-04-10T18:55:30.881Z","level":"INFO","device":"868120018681","event":"FILE_START","detail":"[2/2] 02_64_6401_03_86812001868100260410185529450200.mp4 (1570024 bytes)"}
{"ts":"2026-04-10T18:55:30.882Z","level":"INFO","device":"868120018681","event":"SENT_1210","detail":"02_64_6401_03_86812001868100260410185529450200.mp4"}
{"ts":"2026-04-10T18:55:30.983Z","level":"INFO","device":"868120018681","event":"SENT_RAW_MARKER","detail":"02_64_6401_03_86812001868100260410185529450200.mp4 packet=1570086 bytes data=1570024 bytes"}
{"ts":"2026-04-10T18:55:31.069Z","level":"INFO","device":"868120018681","event":"MEDIA_RX","detail":"7E 80 01 00 05 86 81 20 01 86 81 2E E9 00 02 12 10 00 62 7E"}
{"ts":"2026-04-10T18:55:32.074Z","level":"INFO","device":"868120018681","event":"SENT_1212","detail":"02_64_6401_03_86812001868100260410185529450200.mp4 type=2"}
{"ts":"2026-04-10T18:55:32.375Z","level":"INFO","device":"868120018681","event":"BATCH_COMPLETE","detail":"All 2 files sent"}
{"ts":"2026-04-10T18:55:32.750Z","level":"ERROR","device":"868120018681","event":"MEDIA_ERROR","detail":"54.37.225.65:3378 — read ECONNRESET"}
{"ts":"2026-04-10T18:55:32.750Z","level":"INFO","device":"868120018681","event":"MEDIA_CLOSED","detail":""}
{"ts":"2026-04-10T18:55:39.719Z","level":"INFO","device":"868120018681","event":"GPS_SENT","detail":""}
{"ts":"2026-04-10T18:55:39.735Z","level":"INFO","device":"868120018681","event":"INCIDENT_SENT","detail":"mediaId=70 alarmId=86812001868100260410185539460200"}
{"ts":"2026-04-10T18:55:39.923Z","level":"INFO","device":"868120018681","event":"RX_MSG","detail":"0x8001 bodyLen=5"}
{"ts":"2026-04-10T18:55:39.924Z","level":"INFO","device":"868120018681","event":"SERVER_ACK","detail":"0x0200 result=OK"}
{"ts":"2026-04-10T18:55:40.245Z","level":"INFO","device":"868120018681","event":"RX_MSG","detail":"0x8001 bodyLen=5"}
{"ts":"2026-04-10T18:55:40.245Z","level":"INFO","device":"868120018681","event":"SERVER_ACK","detail":"0x0200 result=OK"}
{"ts":"2026-04-10T18:55:40.245Z","level":"INFO","device":"868120018681","event":"RX_MSG","detail":"0x8001 bodyLen=5"}
{"ts":"2026-04-10T18:55:40.245Z","level":"INFO","device":"868120018681","event":"SERVER_ACK","detail":"0x0800 result=OK"}
{"ts":"2026-04-10T18:55:40.245Z","level":"INFO","device":"868120018681","event":"RX_MSG","detail":"0x9208 bodyLen=81"}
{"ts":"2026-04-10T18:55:40.245Z","level":"INFO","device":"868120018681","event":"9208_RAW","detail":"0C35342E33372E3232352E36350D32000086812001868100260410185539460200383638313230303138363831303032363034313031383535333934363032303000000000000000000000000000000000"}
{"ts":"2026-04-10T18:55:40.245Z","level":"INFO","device":"868120018681","event":"UPLOAD_TRIGGERED","detail":"media: 54.37.225.65:3378 | alarmId: 86812001868100260410185539460200"}
{"ts":"2026-04-10T18:55:40.245Z","level":"INFO","device":"868120018681","event":"MEDIA_CONNECTING","detail":"54.37.225.65:3378 files=2"}
{"ts":"2026-04-10T18:55:40.433Z","level":"INFO","device":"868120018681","event":"MEDIA_CONNECTED","detail":"54.37.225.65:3378"}
{"ts":"2026-04-10T18:55:40.433Z","level":"INFO","device":"868120018681","event":"FILE_START","detail":"[1/2] 00_64_6401_00_86812001868100260410185539460200.jpg (631 bytes)"}
{"ts":"2026-04-10T18:55:40.433Z","level":"INFO","device":"868120018681","event":"SENT_1210","detail":"00_64_6401_00_86812001868100260410185539460200.jpg"}
{"ts":"2026-04-10T18:55:40.534Z","level":"INFO","device":"868120018681","event":"SENT_RAW_MARKER","detail":"00_64_6401_00_86812001868100260410185539460200.jpg packet=693 bytes data=631 bytes"}
{"ts":"2026-04-10T18:55:40.534Z","level":"INFO","device":"868120018681","event":"SENT_1212","detail":"00_64_6401_00_86812001868100260410185539460200.jpg type=0"}
{"ts":"2026-04-10T18:55:40.623Z","level":"INFO","device":"868120018681","event":"MEDIA_RX","detail":"7E 80 01 00 05 86 81 20 01 86 81 2A 26 00 00 12 10 00 AB 7E"}
{"ts":"2026-04-10T18:55:40.808Z","level":"INFO","device":"868120018681","event":"MEDIA_RX","detail":"7E 92 12 00 36 86 81 20 01 86 81 99 62 32 30 30 5F 36 34 5F 36 34 30 31 5F 30 30 5F 38 36 38 31 32 30 30 31 38 36 38 31 30 30 32 36 30 34 31 30 31 38 35 35 33 39 34 36 30 32 30 30 2E 6A 70 67 00 00 00 0D 7E"}
{"ts":"2026-04-10T18:55:40.834Z","level":"INFO","device":"868120018681","event":"FILE_START","detail":"[2/2] 02_64_6401_03_86812001868100260410185539460200.mp4 (1570024 bytes)"}
{"ts":"2026-04-10T18:55:40.834Z","level":"INFO","device":"868120018681","event":"SENT_1210","detail":"02_64_6401_03_86812001868100260410185539460200.mp4"}
{"ts":"2026-04-10T18:55:40.936Z","level":"INFO","device":"868120018681","event":"SENT_RAW_MARKER","detail":"02_64_6401_03_86812001868100260410185539460200.mp4 packet=1570086 bytes data=1570024 bytes"}
{"ts":"2026-04-10T18:55:41.022Z","level":"INFO","device":"868120018681","event":"MEDIA_RX","detail":"7E 80 01 00 05 86 81 20 01 86 81 7C C8 00 02 12 10 00 11 7E"}
{"ts":"2026-04-10T18:55:41.868Z","level":"INFO","device":"868120018681","event":"SENT_1212","detail":"02_64_6401_03_86812001868100260410185539460200.mp4 type=2"}
{"ts":"2026-04-10T18:55:42.168Z","level":"INFO","device":"868120018681","event":"BATCH_COMPLETE","detail":"All 2 files sent"}
{"ts":"2026-04-10T18:55:42.544Z","level":"ERROR","device":"868120018681","event":"MEDIA_ERROR","detail":"54.37.225.65:3378 — read ECONNRESET"}
{"ts":"2026-04-10T18:55:42.544Z","level":"INFO","device":"868120018681","event":"MEDIA_CLOSED","detail":""}
{"ts":"2026-04-10T18:55:44.685Z","level":"INFO","device":"200000000001","event":"OBD2_SENT_0x0200","detail":"Lat: 51.736518, Lng: 0.469727 | Speed: 56km/h | RPM: 3041"}
{"ts":"2026-04-10T18:55:44.892Z","level":"INFO","device":"200000000001","event":"SERVER_ACK","detail":"0x8001 Universal Reply Received"}
{"ts":"2026-04-10T18:55:49.740Z","level":"INFO","device":"868120018681","event":"INCIDENT_SENT","detail":"mediaId=71 alarmId=86812001868100260410185549470200"}
{"ts":"2026-04-10T18:55:49.945Z","level":"INFO","device":"868120018681","event":"RX_MSG","detail":"0x8001 bodyLen=5"}
{"ts":"2026-04-10T18:55:49.945Z","level":"INFO","device":"868120018681","event":"SERVER_ACK","detail":"0x0200 result=OK"}
{"ts":"2026-04-10T18:55:50.290Z","level":"INFO","device":"868120018681","event":"RX_MSG","detail":"0x9208 bodyLen=81"}
{"ts":"2026-04-10T18:55:50.290Z","level":"INFO","device":"868120018681","event":"9208_RAW","detail":"0C35342E33372E3232352E36350D32000086812001868100260410185549470200383638313230303138363831303032363034313031383535343934373032303000000000000000000000000000000000"}
{"ts":"2026-04-10T18:55:50.290Z","level":"INFO","device":"868120018681","event":"UPLOAD_TRIGGERED","detail":"media: 54.37.225.65:3378 | alarmId: 86812001868100260410185549470200"}
{"ts":"2026-04-10T18:55:50.290Z","level":"INFO","device":"868120018681","event":"MEDIA_CONNECTING","detail":"54.37.225.65:3378 files=2"}
{"ts":"2026-04-10T18:55:50.290Z","level":"INFO","device":"868120018681","event":"RX_MSG","detail":"0x8001 bodyLen=5"}
{"ts":"2026-04-10T18:55:50.290Z","level":"INFO","device":"868120018681","event":"SERVER_ACK","detail":"0x0800 result=OK"}
{"ts":"2026-04-10T18:55:50.495Z","level":"INFO","device":"868120018681","event":"MEDIA_CONNECTED","detail":"54.37.225.65:3378"}
{"ts":"2026-04-10T18:55:50.495Z","level":"INFO","device":"868120018681","event":"FILE_START","detail":"[1/2] 00_64_6401_00_86812001868100260410185549470200.jpg (631 bytes)"}
{"ts":"2026-04-10T18:55:50.495Z","level":"INFO","device":"868120018681","event":"SENT_1210","detail":"00_64_6401_00_86812001868100260410185549470200.jpg"}
{"ts":"2026-04-10T18:55:50.595Z","level":"INFO","device":"868120018681","event":"SENT_RAW_MARKER","detail":"00_64_6401_00_86812001868100260410185549470200.jpg packet=693 bytes data=631 bytes"}
{"ts":"2026-04-10T18:55:50.596Z","level":"INFO","device":"868120018681","event":"SENT_1212","detail":"00_64_6401_00_86812001868100260410185549470200.jpg type=0"}
{"ts":"2026-04-10T18:55:50.701Z","level":"INFO","device":"868120018681","event":"MEDIA_RX","detail":"7E 80 01 00 05 86 81 20 01 86 81 3D 47 00 00 12 10 00 DD 7E"}
{"ts":"2026-04-10T18:55:50.897Z","level":"INFO","device":"868120018681","event":"FILE_START","detail":"[2/2] 02_64_6401_03_86812001868100260410185549470200.mp4 (1570024 bytes)"}
{"ts":"2026-04-10T18:55:50.897Z","level":"INFO","device":"868120018681","event":"SENT_1210","detail":"02_64_6401_03_86812001868100260410185549470200.mp4"}
{"ts":"2026-04-10T18:55:50.904Z","level":"INFO","device":"868120018681","event":"MEDIA_RX","detail":"7E 92 12 00 36 86 81 20 01 86 81 D4 5C 32 30 30 5F 36 34 5F 36 34 30 31 5F 30 30 5F 38 36 38 31 32 30 30 31 38 36 38 31 30 30 32 36 30 34 31 30 31 38 35 35 34 39 34 37 30 32 30 30 2E 6A 70 67 00 00 00 78 7E"}
{"ts":"2026-04-10T18:55:50.998Z","level":"INFO","device":"868120018681","event":"SENT_RAW_MARKER","detail":"02_64_6401_03_86812001868100260410185549470200.mp4 packet=1570086 bytes data=1570024 bytes"}
{"ts":"2026-04-10T18:55:51.202Z","level":"INFO","device":"868120018681","event":"MEDIA_RX","detail":"7E 80 01 00 05 86 81 20 01 86 81 65 D7 00 02 12 10 00 17 7E"}
{"ts":"2026-04-10T18:55:52.160Z","level":"INFO","device":"868120018681","event":"SENT_1212","detail":"02_64_6401_03_86812001868100260410185549470200.mp4 type=2"}
{"ts":"2026-04-10T18:55:52.460Z","level":"INFO","device":"868120018681","event":"BATCH_COMPLETE","detail":"All 2 files sent"}
{"ts":"2026-04-10T18:55:52.870Z","level":"ERROR","device":"868120018681","event":"MEDIA_ERROR","detail":"54.37.225.65:3378 — read ECONNRESET"}
{"ts":"2026-04-10T18:55:52.870Z","level":"INFO","device":"868120018681","event":"MEDIA_CLOSED","detail":""}
{"ts":"2026-04-10T18:55:59.681Z","level":"INFO","device":"200000000001","event":"HEARTBEAT_SENT","detail":"0x0002"}
{"ts":"2026-04-10T18:55:59.685Z","level":"INFO","device":"200000000001","event":"OBD2_SENT_0x0200","detail":"Lat: 51.737403, Lng: 0.473016 | Speed: 57km/h | RPM: 3068"}
{"ts":"2026-04-10T18:55:59.719Z","level":"INFO","device":"868120018681","event":"GPS_SENT","detail":""}
{"ts":"2026-04-10T18:55:59.740Z","level":"INFO","device":"868120018681","event":"INCIDENT_SENT","detail":"mediaId=72 alarmId=86812001868100260410185559480200"}
{"ts":"2026-04-10T18:55:59.888Z","level":"INFO","device":"200000000001","event":"SERVER_ACK","detail":"0x8001 Universal Reply Received"}
{"ts":"2026-04-10T18:55:59.924Z","level":"INFO","device":"868120018681","event":"RX_MSG","detail":"0x8001 bodyLen=5"}
{"ts":"2026-04-10T18:55:59.925Z","level":"INFO","device":"868120018681","event":"SERVER_ACK","detail":"0x0200 result=OK"}
{"ts":"2026-04-10T18:56:00.212Z","level":"INFO","device":"200000000001","event":"SERVER_ACK","detail":"0x8001 Universal Reply Received"}
{"ts":"2026-04-10T18:56:00.244Z","level":"INFO","device":"868120018681","event":"RX_MSG","detail":"0x8001 bodyLen=5"}
{"ts":"2026-04-10T18:56:00.244Z","level":"INFO","device":"868120018681","event":"SERVER_ACK","detail":"0x0200 result=OK"}
{"ts":"2026-04-10T18:56:00.244Z","level":"INFO","device":"868120018681","event":"RX_MSG","detail":"0x8001 bodyLen=5"}
{"ts":"2026-04-10T18:56:00.244Z","level":"INFO","device":"868120018681","event":"SERVER_ACK","detail":"0x0800 result=OK"}
{"ts":"2026-04-10T18:56:00.244Z","level":"INFO","device":"868120018681","event":"RX_MSG","detail":"0x9208 bodyLen=81"}
{"ts":"2026-04-10T18:56:00.244Z","level":"INFO","device":"868120018681","event":"9208_RAW","detail":"0C35342E33372E3232352E36350D32000086812001868100260410185559480200383638313230303138363831303032363034313031383535353934383032303000000000000000000000000000000000"}
{"ts":"2026-04-10T18:56:00.244Z","level":"INFO","device":"868120018681","event":"UPLOAD_TRIGGERED","detail":"media: 54.37.225.65:3378 | alarmId: 86812001868100260410185559480200"}
{"ts":"2026-04-10T18:56:00.244Z","level":"INFO","device":"868120018681","event":"MEDIA_CONNECTING","detail":"54.37.225.65:3378 files=2"}
{"ts":"2026-04-10T18:56:00.432Z","level":"INFO","device":"868120018681","event":"MEDIA_CONNECTED","detail":"54.37.225.65:3378"}
{"ts":"2026-04-10T18:56:00.432Z","level":"INFO","device":"868120018681","event":"FILE_START","detail":"[1/2] 00_64_6401_00_86812001868100260410185559480200.jpg (631 bytes)"}
{"ts":"2026-04-10T18:56:00.432Z","level":"INFO","device":"868120018681","event":"SENT_1210","detail":"00_64_6401_00_86812001868100260410185559480200.jpg"}
{"ts":"2026-04-10T18:56:00.533Z","level":"INFO","device":"868120018681","event":"SENT_RAW_MARKER","detail":"00_64_6401_00_86812001868100260410185559480200.jpg packet=693 bytes data=631 bytes"}
{"ts":"2026-04-10T18:56:00.533Z","level":"INFO","device":"868120018681","event":"SENT_1212","detail":"00_64_6401_00_86812001868100260410185559480200.jpg type=0"}
{"ts":"2026-04-10T18:56:00.623Z","level":"INFO","device":"868120018681","event":"MEDIA_RX","detail":"7E 80 01 00 05 86 81 20 01 86 81 02 BE 00 00 12 10 00 1B 7E"}
{"ts":"2026-04-10T18:56:00.809Z","level":"INFO","device":"868120018681","event":"MEDIA_RX","detail":"7E 92 12 00 36 86 81 20 01 86 81 62 54 32 30 30 5F 36 34 5F 36 34 30 31 5F 30 30 5F 38 36 38 31 32 30 30 31 38 36 38 31 30 30 32 36 30 34 31 30 31 38 35 35 35 39 34 38 30 32 30 30 2E 6A 70 67 00 00 00 C8 7E"}
{"ts":"2026-04-10T18:56:00.833Z","level":"INFO","device":"868120018681","event":"FILE_START","detail":"[2/2] 02_64_6401_03_86812001868100260410185559480200.mp4 (1570024 bytes)"}
{"ts":"2026-04-10T18:56:00.833Z","level":"INFO","device":"868120018681","event":"SENT_1210","detail":"02_64_6401_03_86812001868100260410185559480200.mp4"}
{"ts":"2026-04-10T18:56:00.934Z","level":"INFO","device":"868120018681","event":"SENT_RAW_MARKER","detail":"02_64_6401_03_86812001868100260410185559480200.mp4 packet=1570086 bytes data=1570024 bytes"}
{"ts":"2026-04-10T18:56:01.021Z","level":"INFO","device":"868120018681","event":"MEDIA_RX","detail":"7E 80 01 00 05 86 81 20 01 86 81 16 81 00 02 12 10 00 32 7E"}
{"ts":"2026-04-10T18:56:01.385Z","level":"INFO","device":"868120018681","event":"DISCONNECTED","detail":"clean stop"}
{"ts":"2026-04-10T18:56:01.385Z","level":"INFO","device":"200000000001","event":"DISCONNECTED","detail":"clean stop"}
{"ts":"2026-04-10T18:56:01.385Z","level":"INFO","device":"300000000001","event":"DISCONNECTED","detail":"clean stop"}
{"ts":"2026-04-10T18:56:01.996Z","level":"INFO","device":"868120018681","event":"SENT_1212","detail":"02_64_6401_03_86812001868100260410185559480200.mp4 type=2"}
{"ts":"2026-04-10T18:56:02.276Z","level":"INFO","device":"868120018681","event":"MEDIA_RX","detail":"7E 92 12 00 36 86 81 20 01 86 81 12 DD 32 30 32 5F 36 34 5F 36 34 30 31 5F 30 33 5F 38 36 38 31 32 30 30 31 38 36 38 31 30 30 32 36 30 34 31 30 31 38 35 35 35 39 34 38 30 32 30 30 2E 6D 70 34 02 00 00 66 7E"}
{"ts":"2026-04-10T18:56:02.297Z","level":"INFO","device":"868120018681","event":"BATCH_COMPLETE","detail":"All 2 files sent"}
{"ts":"2026-04-10T18:56:02.961Z","level":"INFO","device":"868120018681","event":"MEDIA_CLOSED","detail":""}

[SUMMARY] Run duration: 724s
[SUMMARY] GPS packets sent: 84
[SUMMARY] OBD2 packets sent: 48
[SUMMARY] DTC faults sent: 0
[SUMMARY] Incidents fired: 72
[SUMMARY] Videos uploaded OK: 81
[SUMMARY] Videos failed: 52
[SUMMARY] Tracker pings sent: 0
[SUMMARY] Reconnections: 0
[SUMMARY] Log file: logs/sim-2026-04-10T18-43-59.log
